o disk_01
v 0.141934872 0.0273838043 0.356774628
v 0.0788967609 0.034365654 0.378901005
v 0.185657501 0.0719203949 0.504144669
v 0.267063141 0.0601415634 0.477746487
v 0.29241848 0.109474182 0.629388332
v 0.203063965 0.0202531815 0.32892257
v 0.392191887 0.0928993225 0.598718405
v 0.399178505 0.147027969 0.754631996
v 0.345377922 0.0495824814 0.444360018
v 0.260876656 0.0131368637 0.292876661
v 0.517320633 0.125658035 0.719690323
v 0.505939484 0.184581757 0.87987566
v 0.418640137 0.0408306122 0.400848985
v 0.311923981 0.00681781769 0.247995645
v 0.487692833 0.078912735 0.559797525
v 0.642450333 0.158414841 0.840662003
v 0.612699509 0.222137451 1.00511932
v 0.482637405 0.0345687866 0.346063614
v 0.353660583 0.00297927856 0.196701735
v 0.576404572 0.0685253143 0.508821249
v 0.63000679 0.108242035 0.675234795
v 0.767578125 0.191173553 0.961634159
v 0.719461441 0.259689331 1.13036299
v 0.534894943 0.0312995911 0.282488167
v 0.382427216 0.0047621727 0.139374435
v 0.65335083 0.0623207092 0.444131494
v 0.734169006 0.0962200165 0.616793633
v 0.772321701 0.137571335 0.790672302
v 0.892705917 0.223930359 1.08260584
v 0.826221466 0.297245026 1.25560665
v 1.01783562 0.256687164 1.203578
v 0.914634705 0.166902542 0.90610981
v 1.05694962 0.196231842 1.02154732
v 1.19926453 0.225563049 1.13698483
v 0.891931534 0.123912811 0.724766016
v 0.824064255 0.0900726318 0.542199612
v 1.2074585 0.179302216 0.940710545
v 1.36522293 0.206996918 1.04868317
v 1.04969406 0.151607513 0.8327384
v 1.33620453 0.173326492 0.83640337
v 1.50691605 0.201078415 0.93447113
v 0.994777679 0.117822647 0.640267611
v 1.1654892 0.14557457 0.738335371
v 0.716129303 0.0596208572 0.36827457
v 1.44106674 0.172904968 0.711420536
v 1.62230301 0.201225281 0.797206879
v 1.25983429 0.144582748 0.625633717
v 0.89736557 0.0879421234 0.454061031
v 1.07859802 0.116262436 0.539847374
v 0.57097435 0.034178257 0.210657239
v 1.51371002 0.181259155 0.567071438
v 1.70225906 0.210674286 0.638354301
v 1.74252319 0.232613564 0.466268063
v 1.32516479 0.151842117 0.495788574
v 1.55029297 0.201421738 0.410743713
v 1.74124146 0.262257576 0.289420128
v 1.13661575 0.122426033 0.424505711
v 0.759521484 0.0635938644 0.281939983
v 0.948068619 0.0930099487 0.353222847
v 1.54924774 0.228949547 0.249937057
v 1.70469284 0.295628309 0.114186287
v 1.35806656 0.170230865 0.355219364
v 1.16584015 0.139039993 0.299695015
v 0.973609924 0.107848644 0.244170904
v 0.781383514 0.0766577721 0.188646555
v 1.51634216 0.259948015 0.0904159546
v 1.63223267 0.338604927 -0.054889679
v 1.35725021 0.195641994 0.210453987
v 1.1652565 0.162333965 0.170971394
v 1.4510994 0.299140573 -0.0634737015
v 1.53329468 0.391269684 -0.215382576
v 1.32799149 0.224267721 0.0666451454
v 0.97326088 0.129025936 0.131488085
v 0.589155197 0.045466423 0.133122325
v 0.39692688 0.0142755508 0.0775980353
v 1.36205673 0.346473217 -0.209425926
v 1.41668701 0.451408386 -0.369827271
v 1.2571373 0.400072098 -0.349756241
v 1.26996994 0.259676218 -0.072057724
v 1.13964081 0.188587308 0.0428748131
v 1.1908226 0.30167675 -0.203469276
v 1.09758759 0.348735809 -0.329684258
v 0.589271545 0.062409997 0.0525221825
v 0.397274971 0.0291019976 0.0130391717
v 1.08884048 0.220211744 -0.0806417465
v 1.01958275 0.25688076 -0.197512627
v 0.93803978 0.297399521 -0.309613228
v 0.951288223 0.152907014 0.0191040039
v 0.84834671 0.212084293 -0.191556454
v 0.778491974 0.246062279 -0.289541245
v 0.907709122 0.180747509 -0.0892252922
v 0.781265259 0.095717907 0.0920052528
v 0.762937546 0.11722672 -0.00466632843
v 0.677108765 0.167288303 -0.185600281
v 0.618942261 0.19472599 -0.269469738
v 0.726579666 0.141283035 -0.0978093147
v 0.574584961 0.0815463662 -0.0284366608
v 0.386234283 0.0458660126 -0.0522071123
v 0.545448303 0.1018188 -0.106393099
v 0.364317894 0.0623543262 -0.114976883
v 0.505870819 0.122491837 -0.179643631
v 0.459394455 0.143389702 -0.249398232
v 0.334633827 0.0776953697 -0.17368722
v 0.299845695 0.0920529366 -0.229326725
v -0.307094574 0.0726480484 0.220451593
v -0.344504356 0.0719251633 0.164665937
v -0.436771393 0.133278847 0.292010784
v -0.390645027 0.131638527 0.365032673
v -0.529037476 0.19463253 0.419355392
v -0.264651299 0.0725450516 0.273006201
v -0.474196434 0.190629959 0.509613991
v -0.621305466 0.255987167 0.546700478
v -0.33853054 0.130263329 0.433161736
v -0.215150356 0.0714006424 0.320340872
v -0.557748795 0.249620438 0.654195309
v -0.713571548 0.317340851 0.674045563
v -0.277886391 0.129227638 0.493645906
v -0.158837795 0.0694408417 0.358877778
v -0.412409782 0.187980652 0.593317032
v -0.641300201 0.308610916 0.798776627
v -0.805839539 0.378692627 0.801389694
v -0.208668232 0.128511429 0.542066097
v -0.0986573696 0.0681257248 0.386525512
v -0.340622902 0.18705368 0.66695118
v -0.486289978 0.245698929 0.753472328
v -0.724849701 0.367601395 0.943357468
v -0.898105621 0.44004631 0.928734779
v -0.133896828 0.128429413 0.576601982
v -0.0358240604 0.0700511932 0.399384022
v -0.56016922 0.303417206 0.913627625
v -0.258498192 0.187583923 0.725254536
v -0.403359413 0.244880676 0.840256214
v -0.808401108 0.426593781 1.08793831
v -0.990371704 0.501399994 1.05607986
v -0.891952515 0.485584259 1.2325201
v -0.634048462 0.36113739 1.07378387
v -0.707927704 0.41885376 1.23393917
v -0.781808853 0.476573944 1.39409447
v -0.466094971 0.302707672 1.01356125
v -0.308328629 0.246656418 0.908442497
v -0.591567993 0.418361664 1.36017132
v -0.654304504 0.47618866 1.53347588
v -0.528831482 0.360534668 1.18686581
v -0.457819939 0.423870087 1.45800781
v -0.507651329 0.482944489 1.64119625
v -0.358159065 0.305728912 1.09163094
v -0.407989502 0.3647995 1.27481937
v -0.169136524 0.188732147 0.76667881
v -0.310094833 0.429943085 1.52698517
v -0.345334053 0.490245819 1.717062
v -0.274855614 0.36964035 1.33690834
v -0.204376221 0.249034882 0.956755161
v -0.23961544 0.309337616 1.14683151
v -0.0551382303 0.131481171 0.592645168
v -0.151709557 0.438632965 1.55895042
v -0.171023846 0.50006485 1.75221157
v 0.00621257722 0.515514374 1.74416256
v -0.132395267 0.377204895 1.36568928
v 0.00930550694 0.452899933 1.55160809
v 0.177568913 0.532196045 1.69401932
v -0.113080978 0.31577301 1.17242813
v -0.0744524002 0.192913055 0.785906315
v -0.0937666893 0.254343033 0.979167461
v 0.165165901 0.468650818 1.5060339
v 0.338385582 0.547542572 1.61000252
v 0.0123984516 0.390289307 1.35905266
v 0.0154913664 0.327674866 1.16649818
v 0.018584311 0.265060425 0.97394371
v 0.0216772556 0.202447891 0.78138876
v 0.311676979 0.483287811 1.42980289
v 0.484287262 0.567581177 1.49169922
v 0.152763367 0.405105591 1.31804752
v 0.140360832 0.341560364 1.1300621
v 0.444659233 0.501701355 1.32279205
v 0.615367889 0.593929291 1.34872055
v 0.284967422 0.419029236 1.24960232
v 0.127958059 0.278017044 0.942076206
v 0.0247702003 0.13983345 0.588833809
v 0.0278630853 0.0772199631 0.396279097
v 0.564086914 0.525249481 1.19374466
v 0.736280441 0.625514984 1.189188
v 0.674182892 0.553066254 1.04994392
v 0.405031204 0.435825348 1.1538868
v 0.25825882 0.354774475 1.06940174
v 0.512805939 0.456565857 1.03876877
v 0.612085342 0.480615616 0.910697937
v 0.103152514 0.15092659 0.566104412
v 0.090749979 0.0873813629 0.378118515
v 0.365403175 0.369947433 0.984980583
v 0.461524963 0.387882233 0.883793831
v 0.549987793 0.408164978 0.771453857
v 0.23154974 0.290517807 0.889201164
v 0.410243988 0.319200516 0.72881794
v 0.487890244 0.335716248 0.632208824
v 0.325775146 0.304071426 0.816075325
v 0.115555286 0.214471817 0.754090309
v 0.20484066 0.226263046 0.709001064
v 0.358963013 0.250516891 0.573842525
v 0.425793648 0.263267517 0.492963791
v 0.286147118 0.238193512 0.647169113
v 0.17813158 0.162006378 0.528800488
v 0.151422501 0.0977497101 0.348600149
v 0.246519089 0.172316551 0.478263378
v 0.20689106 0.10643959 0.309357405
v 0.307682037 0.181835175 0.418867111
v 0.363696098 0.190816879 0.353719234
v 0.256400585 0.113152504 0.263891697
v 0.301598549 0.118367672 0.214474201
v -0.270961761 0.0518026352 -0.268476367
v -0.222200394 0.0508317947 -0.314666152
v -0.365218163 0.104178429 -0.386737108
v -0.429429054 0.102730751 -0.328966379
v -0.508235931 0.157525063 -0.458807945
v -0.315671921 0.0522770882 -0.217838407
v -0.587896347 0.153658867 -0.389456749
v -0.651252747 0.210870743 -0.530879021
v -0.487829208 0.101967812 -0.266131639
v -0.354025841 0.0521931648 -0.161082625
v -0.746362686 0.204586983 -0.44994688
v -0.794271469 0.264217377 -0.602950096
v -0.537286758 0.102161884 -0.196195841
v -0.382546425 0.0518627167 -0.099062562
v -0.659986496 0.151658058 -0.314424992
v -0.904829025 0.255516052 -0.510437012
v -0.937288284 0.317564011 -0.675021172
v -0.573438644 0.103417873 -0.119856834
v -0.39971447 0.0526614189 -0.0350906849
v -0.72054863 0.152130127 -0.231308937
v -0.832141876 0.201348305 -0.362718105
v -1.06329727 0.306444168 -0.570926666
v -1.08030701 0.370910645 -0.747091293
v -0.595006943 0.105952501 -0.040409565
v -0.401982307 0.0572293997 0.028870821
v -1.00429916 0.251037598 -0.411010742
v -0.764331818 0.15497303 -0.140651226
v -0.903808594 0.202097893 -0.266421795
v -1.22176361 0.357372284 -0.631417274
v -1.22332382 0.424257278 -0.819162369
v -1.38022995 0.4083004 -0.691906929
v -1.17645645 0.300727844 -0.459303856
v -1.34861374 0.350418091 -0.50759697
v -1.52077103 0.400108337 -0.555890083
v -1.08707047 0.252066612 -0.301534653
v -0.955224991 0.206528187 -0.161445618
v -1.45359421 0.352003098 -0.371761322
v -1.63685226 0.401970863 -0.406874657
v -1.27033234 0.302034378 -0.336647987
v -1.52790451 0.361194134 -0.223829269
v -1.71879578 0.41274929 -0.244623184
v -1.14611816 0.25808382 -0.182240486
v -1.33701324 0.309638977 -0.203034401
v -0.790300369 0.159243584 -0.0457286835
v -1.57146835 0.372407794 -0.0670042038
v -1.76676178 0.425698876 -0.0723228455
v -1.37617874 0.319116831 -0.0616855621
v -0.985591888 0.212534666 -0.0510473251
v -1.18088531 0.265825748 -0.0563659668
v -0.597797394 0.112318993 0.0397233963
v -1.57687759 0.387766838 0.0939865112
v -1.77269363 0.44285655 0.104839325
v -1.73577118 0.466965675 0.277383804
v -1.38106155 0.332677364 0.0831336975
v -1.54331207 0.409901619 0.250723839
v -1.65839005 0.493185043 0.437009811
v -1.18524551 0.277587891 0.0722818375
v -0.793613434 0.167408586 0.05057621
v -0.989429474 0.222498178 0.0614290237
v -1.47298431 0.434324265 0.395896912
v -1.54933929 0.518499374 0.580619812
v -1.35085297 0.352836609 0.224064827
v -1.15839386 0.295772076 0.197404861
v -0.965936661 0.238707066 0.17074585
v -0.773477554 0.181642532 0.144086361
v -1.37396622 0.458032608 0.526755333
v -1.4091568 0.54873085 0.703577042
v -1.28757858 0.375463486 0.354784012
v -1.10216904 0.316603661 0.313670158
v -1.24700546 0.485717773 0.638957024
v -1.24734879 0.585241318 0.807523727
v -1.19858932 0.397563934 0.472890854
v -0.916763306 0.257742882 0.272557735
v -0.581020355 0.124577999 0.117426872
v -0.388561249 0.0675132275 0.090767622
v -1.10076904 0.518484116 0.733887672
v -1.07110596 0.626943588 0.898450851
v -0.941698074 0.555477142 0.81696701
v -1.08485413 0.422702789 0.574336052
v -1.02321243 0.337096214 0.419027328
v -0.954187393 0.451728821 0.660250664
v -0.812288284 0.484010696 0.735481262
v -0.545949936 0.140021801 0.190331459
v -0.360543251 0.0811610222 0.149218559
v -0.922702789 0.359687805 0.509716034
v -0.807607651 0.384973526 0.586614609
v -0.682878494 0.412542343 0.653996468
v -0.847837448 0.276628494 0.365162849
v -0.661026001 0.318216324 0.512978554
v -0.553470612 0.341075897 0.572510719
v -0.76055336 0.296673775 0.445096016
v -0.731355667 0.198882103 0.231444836
v -0.672460556 0.216159821 0.311299324
v -0.514446259 0.251461029 0.439341545
v -0.424060822 0.269609451 0.491025925
v -0.598402023 0.233658791 0.380475521
v -0.497085571 0.155692101 0.257435322
v -0.321709633 0.0952243805 0.20357132
v -0.436252594 0.17064476 0.315855503
v -0.274102211 0.107629776 0.251235247
v -0.367865562 0.184704781 0.365705013
v -0.294651031 0.198143005 0.409540176
v -0.22128582 0.117949486 0.292068481
v -0.165241718 0.126675606 0.328054905
v 0.263878822 0.0251493454 -0.279139519
v 0.311083794 0.025929451 -0.231356978
v 0.381573677 0.0673646927 -0.379033804
v 0.322380066 0.0635213852 -0.44183445
v 0.452062607 0.108800888 -0.52671051
v 0.212303162 0.0242853165 -0.322758317
v 0.38088131 0.101894379 -0.604529142
v 0.52255249 0.15023613 -0.674387455
v 0.258275986 0.0609073639 -0.498782873
v 0.154736996 0.0234794617 -0.359876394
v 0.439382553 0.140266418 -0.767223835
v 0.593042374 0.191673279 -0.8220644
v 0.187302113 0.0600662231 -0.546732903
v 0.0921206474 0.0232477188 -0.387063265
v 0.304247856 0.097530365 -0.674807549
v 0.497883797 0.178640366 -0.929918766
v 0.66353035 0.233108521 -0.969741344
v 0.110256672 0.0613708496 -0.581352472
v 0.0278391838 0.0249547958 -0.402962327
v 0.219866753 0.0966529846 -0.733589411
v 0.35022068 0.134153366 -0.850832462
v 0.55638504 0.217014313 -1.09261322
v 0.734020233 0.274543762 -1.11741829
v 0.0304666162 0.0650119781 -0.601446152
v -0.0359871387 0.0314064026 -0.404248357
v 0.128392696 0.0994930267 -0.775641441
v 0.252431393 0.133239746 -0.920445919
v 0.396192551 0.170776367 -1.0268569
v 0.614887238 0.255386353 -1.25530815
v 0.804510117 0.315979004 -1.26509476
v 0.673387527 0.293758392 -1.41800308
v 0.442165375 0.207397461 -1.20288181
v 0.488137245 0.244018555 -1.37890625
v 0.534109116 0.280643463 -1.55493069
v 0.284996033 0.169826508 -1.10730219
v 0.146528721 0.137615204 -0.969930649
v 0.350125313 0.243000031 -1.48101521
v 0.38269043 0.279586792 -1.66787148
v 0.31756115 0.206413269 -1.29415894
v 0.200936794 0.251983643 -1.55279827
v 0.219072819 0.290107727 -1.74708652
v 0.164664745 0.175739288 -1.16421986
v 0.18280077 0.213859558 -1.35850906
v 0.0330940485 0.105070114 -0.799930096
v 0.0436038971 0.265300751 -1.59386539
v 0.0462312698 0.305358887 -1.79234982
v 0.0409764051 0.225242615 -1.39538193
v 0.0357215405 0.14512825 -0.99841404
v 0.0383489132 0.185184479 -1.19689751
v -0.0494763851 0.0737400055 -0.603050947
v -0.116922379 0.285411835 -1.59706402
v -0.130411625 0.327747345 -1.79586601
v -0.301279068 0.359752655 -1.75718784
v -0.103433132 0.243076324 -1.39826107
v -0.272129059 0.314720154 -1.56191826
v -0.458278656 0.396125793 -1.67855072
v -0.0899438858 0.200744629 -1.1994586
v -0.0629655123 0.116075516 -0.801853657
v -0.0764546394 0.158409119 -1.00065613
v -0.414896011 0.348373413 -1.49048615
v -0.598600388 0.433181763 -1.56858253
v -0.24297905 0.269687653 -1.36665058
v -0.213828564 0.224658966 -1.17138195
v -0.184678555 0.179626465 -0.976113319
v -0.155528545 0.134593964 -0.780844688
v -0.542747498 0.38275528 -1.39067173
v -0.717447281 0.476535797 -1.42829609
v -0.371513367 0.300621033 -1.30242157
v -0.328130722 0.252872467 -1.11435699
v -0.6512146 0.422351837 -1.26362324
v -0.816625595 0.526977539 -1.26723862
v -0.486893654 0.332328796 -1.21276188
v -0.284748077 0.205120087 -0.926292896
v -0.126378536 0.0895614624 -0.585576296
v -0.0972285271 0.0445308685 -0.390307665
v -0.74184227 0.46774292 -1.11803055
v -0.902317047 0.583133698 -1.09239388
v -0.820213318 0.517814636 -0.960157394
v -0.584983826 0.368167877 -1.09895229
v -0.43103981 0.281902313 -1.03485203
v -0.667058945 0.408508301 -0.968822479
v -0.738111496 0.452495575 -0.827919006
v -0.197983742 0.109615326 -0.550163984
v -0.154601097 0.0618648529 -0.362099409
v -0.518751144 0.313983917 -0.934280396
v -0.592277527 0.349273682 -0.819613457
v -0.656009674 0.387174606 -0.695681572
v -0.37518692 0.23147583 -0.856942177
v -0.517494202 0.290039062 -0.670404434
v -0.573907852 0.321855545 -0.563445091
v -0.452519417 0.25979805 -0.769608498
v -0.24136591 0.157367706 -0.738228321
v -0.319333076 0.181049347 -0.679031849
v -0.442710876 0.230804443 -0.521195889
v -0.491805077 0.256536484 -0.431207657
v -0.386287689 0.20561409 -0.604937553
v -0.263479233 0.130623817 -0.501121521
v -0.207626343 0.0801973343 -0.323211432
v -0.320055962 0.151428223 -0.440265656
v -0.253824234 0.097243309 -0.275594234
v -0.367928505 0.171569824 -0.371986866
v -0.409702301 0.191216469 -0.298970222
v -0.29314518 0.112335205 -0.22277832
v -0.327599525 0.125896931 -0.166733265
v 0.363574028 0.122981548 0.029541254
v 0.360963821 0.107975721 0.0949640274
v 0.500200272 0.19851017 0.0647826195
v 0.506260872 0.215624869 -0.0196738243
v 0.639436722 0.289044857 0.0346012115
v 0.360397339 0.136420608 -0.036585331
v 0.648948669 0.308268309 -0.0688886642
v 0.778671265 0.379579425 0.00442028046
v 0.504642487 0.23181963 -0.10390234
v 0.348684311 0.147603273 -0.103143215
v 0.791635513 0.40091157 -0.118103981
v 0.917907715 0.470114052 -0.0257616043
v 0.491697311 0.246499538 -0.187294006
v 0.326508522 0.155848503 -0.167176723
v 0.648887634 0.327218533 -0.171219826
v 0.934322357 0.493555069 -0.167318344
v 1.05714417 0.560648561 -0.0559425354
v 0.464809418 0.258538246 -0.266466141
v 0.294788361 0.16202116 -0.224999905
v 0.634710312 0.345395088 -0.271444321
v 0.793134689 0.422617435 -0.238537788
v 1.07700729 0.58619833 -0.216533661
v 1.19638062 0.651183367 -0.0861244202
v 0.425283432 0.267753601 -0.338133812
v 0.251842022 0.167644501 -0.272339821
v 0.937379837 0.518015862 -0.305854797
v 0.60310936 0.361227036 -0.365756035
v 0.777723312 0.444291115 -0.355594635
v 1.21969604 0.678842068 -0.265748978
v 1.33561707 0.741717815 -0.116306305
v 1.36238098 0.771485329 -0.314964294
v 1.08162308 0.613415718 -0.37317276
v 1.22587204 0.708813667 -0.440490723
v 1.37011719 0.80421257 -0.507806778
v 0.920736313 0.543187141 -0.439744949
v 0.741409302 0.463916779 -0.465044975
v 1.20676041 0.740980148 -0.608045578
v 1.34977341 0.839876175 -0.692195892
v 1.06374741 0.642084122 -0.523895264
v 1.15631104 0.7719841 -0.76291275
v 1.29461288 0.874673843 -0.862203598
v 0.879711151 0.566606522 -0.564334869
v 1.01801109 0.669296265 -0.66362381
v 0.555778503 0.373486519 -0.451267242
v 1.07775497 0.796415329 -0.903802872
v 1.20824814 0.9021492 -1.01693535
v 0.947259903 0.690683365 -0.790668488
v 0.686271667 0.479219437 -0.564400673
v 0.816766739 0.584951401 -0.677534103
v 0.371315956 0.275403023 -0.3972826
v 0.968683243 0.814195633 -1.02199936
v 1.08815765 0.921955109 -1.14694214
v 0.939676285 0.936401367 -1.24420929
v 0.849208832 0.706436157 -0.89705658
v 0.833740234 0.827537537 -1.11029243
v 0.771120071 0.941440582 -1.30519485
v 0.729736328 0.598678589 -0.772111893
v 0.490789413 0.383161545 -0.522226334
v 0.610261917 0.490921021 -0.647169113
v 0.680364609 0.832687378 -1.1656723
v 0.591384888 0.936599731 -1.3339653
v 0.727806091 0.718671799 -0.976377487
v 0.621870041 0.609807968 -0.842460632
v 0.515935898 0.50094223 -0.708543777
v 0.410000801 0.3920784 -0.574627876
v 0.516704559 0.828987122 -1.1919899
v 0.402850151 0.927574158 -1.32633209
v 0.589609146 0.723934174 -1.02614975
v 0.49885273 0.615179062 -0.88662529
v 0.345321655 0.821117401 -1.18563271
v 0.21082592 0.91835022 -1.28944206
v 0.442026138 0.721378326 -1.05001259
v 0.408097267 0.506425858 -0.747102737
v 0.304065704 0.283213615 -0.440711021
v 0.198130131 0.174348831 -0.30679512
v 0.171147346 0.812572479 -1.1530571
v 0.0164964795 0.909954071 -1.23258018
v -0.00480918586 0.80437851 -1.10260201
v 0.287793159 0.71465683 -1.04493332
v 0.367347717 0.613765717 -0.908037186
v 0.13146925 0.706790924 -1.01667404
v -0.0261148214 0.698804855 -0.972625732
v 0.226585388 0.288920403 -0.468056679
v 0.135829926 0.180167198 -0.328534126
v 0.230264664 0.608200073 -0.904233932
v 0.091791153 0.601009369 -0.880290985
v -0.0474206209 0.593229294 -0.842647552
v 0.292668343 0.506155014 -0.766059875
v 0.052112937 0.495227814 -0.743906975
v -0.0687263012 0.487653732 -0.71267128
v 0.172736168 0.501741409 -0.763534546
v 0.317341805 0.397672653 -0.607580185
v 0.217989445 0.398542404 -0.624083519
v 0.0124347508 0.389448166 -0.607522964
v -0.0900318623 0.382080078 -0.582694054
v 0.115207911 0.395282745 -0.622834206
v 0.143310547 0.290931702 -0.482107162
v 0.068631649 0.183320045 -0.340131283
v 0.0576792955 0.288824081 -0.482134819
v 0.000150813721 0.182365417 -0.341435432
v -0.027243495 0.283666611 -0.471139908
v -0.111337662 0.276504517 -0.452716827
v -0.066921711 0.177886009 -0.334755898
v -0.132643223 0.170928955 -0.322739124
v -0.276677132 0.171231747 0.205701351
v -0.321134567 0.148087502 0.160980225
v -0.397041321 0.261377335 0.260467529
v -0.341607094 0.289442062 0.320483208
v -0.472948074 0.374666214 0.359954834
v -0.227643013 0.192063332 0.247236252
v -0.406537056 0.407651901 0.435265541
v -0.548854828 0.487956047 0.459441185
v -0.280894279 0.315431595 0.375235558
v -0.17228508 0.209461212 0.283637047
v -0.471467972 0.52586174 0.550046921
v -0.624763489 0.60124588 0.558929443
v -0.212751389 0.338143349 0.42190361
v -0.111326456 0.222106934 0.311640263
v -0.334145546 0.438798904 0.503235817
v -0.536397934 0.644071579 0.664829254
v -0.700670242 0.71453476 0.658416748
v -0.137721062 0.355668068 0.4565382
v -0.0479950905 0.230534554 0.329130173
v -0.253217697 0.466825485 0.560170174
v -0.387395859 0.562168121 0.631235123
v -0.601327896 0.762281418 0.779611588
v -0.776576996 0.827825546 0.757904053
v -0.0590449572 0.367617607 0.477768898
v 0.0159296095 0.235463142 0.331664562
v -0.440647125 0.685537338 0.759235382
v -0.164115429 0.489229202 0.601435661
v -0.293684006 0.595508575 0.698436737
v -0.666257858 0.880491257 0.894393921
v -0.852483749 0.941114426 0.85738945
v -0.73118782 0.998703003 1.00917625
v -0.493898392 0.808904648 0.887235641
v -0.547149658 0.932273865 1.01523399
v -0.600400925 1.05564117 1.14323425
v -0.334150314 0.724191666 0.836704254
v -0.190509796 0.622789383 0.746334076
v -0.415083885 0.981555939 1.11323738
v -0.455550194 1.11023712 1.25150299
v -0.374617577 0.852872849 0.974969864
v -0.269693375 1.02347183 1.18102646
v -0.296087265 1.15703201 1.32592392
v -0.216904163 0.756349564 0.891231537
v -0.243298531 0.889911652 1.036129
v -0.0700948238 0.504699707 0.626408577
v -0.114294529 1.05303192 1.22096634
v -0.125344276 1.19011307 1.3696022
v -0.103244543 0.91594696 1.07232475
v -0.0811448097 0.641782761 0.775047302
v -0.0921945572 0.778865814 0.923686981
v 0.0210573673 0.374341011 0.480605125
v 0.0466961861 1.0687294 1.22530746
v 0.0518239737 1.20760727 1.3742485
v 0.226031303 1.21159363 1.33747864
v 0.0415683985 0.929851532 1.07636833
v 0.204950333 1.07254791 1.19177628
v 0.38879776 1.19889832 1.26330566
v 0.0364406109 0.790973663 0.927427292
v 0.0261851549 0.513217926 0.629546165
v 0.0313128829 0.652095795 0.778486252
v 0.35299015 1.06153488 1.12409592
v 0.536655426 1.17089081 1.16078949
v 0.183869362 0.933498383 1.04607582
v 0.162787914 0.794452667 0.900373459
v 0.141706944 0.655406952 0.754673004
v 0.120625973 0.516359329 0.608970642
v 0.48772049 1.03674316 1.03069687
v 0.665077209 1.13299942 1.02753448
v 0.317181587 0.924171448 0.984886169
v 0.281373024 0.786809921 0.845674515
v 0.604877472 1.00269699 0.909906387
v 0.775398254 1.09079933 0.871433258
v 0.438785553 0.902597427 0.900602341
v 0.245564461 0.649446487 0.706464767
v 0.0995447636 0.37731266 0.463269234
v 0.0784637928 0.238265038 0.317567825
v 0.705560684 0.964351654 0.76897049
v 0.873327255 1.04661369 0.699604034
v 0.794944763 0.923892975 0.614221573
v 0.544675827 0.872392654 0.792280197
v 0.389850616 0.768449783 0.77050972
v 0.635725021 0.837902069 0.666509628
v 0.716564178 0.801170349 0.528841019
v 0.173947811 0.374720573 0.428042412
v 0.138139248 0.23735714 0.288831711
v 0.484474182 0.742088318 0.674654007
v 0.565889359 0.711454391 0.564048767
v 0.638181686 0.678449631 0.443460464
v 0.340914726 0.634302139 0.640417099
v 0.496052742 0.58500576 0.461589813
v 0.559799194 0.555727959 0.35807991
v 0.424272537 0.611785889 0.557025909
v 0.209756374 0.512083054 0.567253113
v 0.29197979 0.500154495 0.510324478
v 0.426216125 0.458558083 0.359127998
v 0.481417656 0.43300724 0.272698402
v 0.364071846 0.481481552 0.439398766
v 0.243044376 0.366005898 0.380230904
v 0.194108963 0.231858253 0.250138283
v 0.303870201 0.351178169 0.321771622
v 0.243669033 0.22087431 0.204144955
v 0.356379509 0.332109451 0.256668091
v 0.403036118 0.310285568 0.187317848
v 0.286542892 0.205661774 0.15420723
v 0.324653625 0.187564373 0.101936817
v -0.101129532 0.158428192 -0.335941315
v -0.0502634048 0.125060081 -0.364424706
v -0.109703302 0.238817215 -0.474061966
v -0.177307129 0.280127525 -0.439627647
v -0.169142723 0.352575302 -0.583698273
v -0.150455475 0.189712524 -0.302005768
v -0.253484726 0.401826859 -0.543313026
v -0.228582859 0.466333389 -0.693335533
v -0.241531849 0.319437027 -0.398526192
v -0.196988583 0.21780014 -0.260315895
v -0.329662323 0.523525238 -0.646999359
v -0.288022041 0.580089569 -0.802972794
v -0.332608223 0.44916153 -0.495045662
v -0.300404549 0.355501175 -0.347826004
v -0.40583992 0.645225525 -0.750684738
v -0.347462654 0.693847656 -0.9126091
v -0.42368412 0.578886032 -0.591566086
v -0.482016563 0.766923904 -0.854372025
v -0.406902313 0.807605743 -1.02224731
v -0.350283623 0.385920525 -0.286809921
v -0.23761034 0.240929604 -0.210567474
v -0.403820038 0.493203163 -0.435335159
v -0.514760017 0.708608627 -0.688085556
v -0.558195114 0.888622284 -0.958057404
v -0.466341972 0.921363831 -1.13188362
v -0.634372711 1.01032257 -1.06174469
v -0.605836868 0.83833313 -0.784606934
v -0.696912766 0.968057632 -0.881126404
v -0.787988663 1.09778214 -0.977645874
v -0.507236481 0.630903244 -0.522844315
v -0.462957382 0.530911446 -0.363052368
v -0.610652924 0.768604279 -0.610355377
v -0.817483902 1.04400826 -0.785373688
v -0.920900345 1.18170929 -0.872882843
v -1.02632332 1.2558651 -0.744262695
v -0.714067459 0.90630722 -0.697864532
v -0.913650513 1.11087418 -0.668022156
v -1.10721588 1.31437492 -0.595306396
v -0.575630188 0.675902367 -0.439294815
v -0.800977707 0.965883255 -0.591779709
v -0.987527847 1.16360569 -0.53245163
v -1.15467072 1.35384464 -0.428253174
v -0.688302994 0.820893288 -0.515537262
v -0.867837906 1.01283646 -0.469596863
v -1.03079414 1.19929028 -0.38066864
v -1.16370392 1.37490654 -0.251644135
v -0.748149872 0.862067223 -0.406744003
v -0.62845993 0.711297989 -0.343889236
v -1.03884888 1.21860218 -0.220214844
v -1.13642502 1.3738507 -0.0744132996
v -0.906917572 1.04473686 -0.333084106
v -1.01375389 1.21814418 -0.059009552
v -1.08040619 1.35263586 0.0975418091
v -0.783041 0.890182495 -0.28550148
v -0.913995743 1.06229782 -0.188785553
v -0.508771896 0.560528755 -0.281036377
v -0.962619781 1.19953346 0.0976104736
v -0.991426468 1.31578541 0.260047913
v -0.659164429 0.735628605 -0.237916946
v -0.891080856 1.06243765 -0.0436019897
v -0.789140701 0.905993462 -0.15735817
v -0.389082909 0.409759998 -0.218182564
v -0.269394875 0.258990765 -0.155328751
v -0.882112503 1.1665163 0.245609283
v -0.876571655 1.26986027 0.411769867
v -0.535287857 0.581074238 -0.190332413
v -0.411411285 0.426520348 -0.142748833
v -0.287534714 0.271965981 -0.0951652527
v -0.844831467 1.04643106 0.0976829529
v -0.778728485 1.12494564 0.383647919
v -0.743783951 1.21866798 0.556041718
v -0.659540176 1.07833099 0.514774323
v -0.66428566 0.749688864 -0.125930786
v -0.768407822 0.906731188 -0.0281982422
v -0.414578438 0.437079906 -0.0630741119
v -0.28972435 0.280775547 -0.0316457748
v -0.539432526 0.593384504 -0.0945014954
v -0.680887222 0.98003006 0.355524063
v -0.575296402 0.93799305 0.473510742
v -0.645734787 0.751024663 -0.0127925873
v -0.727043152 0.89332819 0.0977516174
v -0.400387764 0.439611673 0.0180168152
v -0.277714729 0.283905149 0.0334215164
v -0.523061752 0.595318198 0.00261116028
v -0.373678207 0.434021235 0.0979642868
v -0.255890369 0.280918837 0.0980348587
v -0.609254837 0.74022603 0.0978221893
v -0.491466522 0.587123632 0.0978927612
v -0.772798538 1.01724815 0.23116684
v -0.663482666 0.867979527 0.216724396
v -0.335538864 0.420174122 0.173400879
v -0.226223946 0.270905495 0.158959389
v -0.444853783 0.569442749 0.187843323
v -0.554168701 0.718710899 0.202283859
v -0.583044052 0.835115433 0.327402115
v -0.491053581 0.797657013 0.432245255
v -0.485200882 0.690199852 0.299280167
v -0.40681076 0.657320023 0.390981674
v -0.387358665 0.545284271 0.271158218
v -0.322566986 0.516983032 0.349716187
v -0.289515495 0.400369167 0.24303627
v -0.238324165 0.376646042 0.308451653
v -0.191673279 0.255454063 0.214913845
v -0.154080868 0.236310005 0.267186642
v -0.0190364718 0.262828827 0.280611038
v -0.0696787834 0.227560043 0.307136536
v -0.0606569052 0.377435684 0.384273529
v 0.00621804595 0.422402382 0.35315609
v -0.0516350269 0.527311325 0.461410522
v 0.0319335461 0.294308662 0.249394417
v 0.0314725637 0.581975937 0.425701141
v -0.0426131487 0.677186966 0.538547516
v 0.0719847679 0.462900162 0.31581974
v 0.0828335285 0.320045471 0.211460114
v 0.0567270517 0.741549492 0.498247147
v -0.0335912704 0.827062607 0.615684509
v 0.135751247 0.496511459 0.269545555
v 0.131062508 0.337584496 0.166444778
v 0.11203599 0.631491661 0.38224411
v 0.0819816589 0.901123047 0.570793152
v -0.0245693326 0.976938248 0.692819595
v 0.152087212 0.80008316 0.448669434
v 0.188668728 0.672977448 0.327630997
v 0.1946311 0.519950867 0.213689804
v 0.107236147 1.06069756 0.64333725
v -0.0155473948 1.12681389 0.769958496
v 0.192138195 0.968673706 0.51509285
v 0.241586208 0.849443436 0.385717392
v 0.132490635 1.22027206 0.715885162
v -0.00652553141 1.27668953 0.84709549
v 0.157744884 1.37984467 0.78842926
v 0.232189655 1.13726616 0.581520081
v 0.272240639 1.3058567 0.647941589
v 0.312292099 1.47444725 0.714366913
v 0.294504166 1.02590942 0.44380188
v 0.258199692 0.702317238 0.260932922
v 0.400339127 1.3788414 0.55997467
v 0.453256607 1.55530739 0.618061066
v 0.347421646 1.20237541 0.501888275
v 0.321767807 0.884683609 0.308177948
v 0.512473106 1.43178368 0.44990921
v 0.576042175 1.61414909 0.497154236
v 0.448904991 1.2494173 0.402667999
v 0.385335922 1.06704998 0.355422974
v 0.391861916 0.904108524 0.219547272
v 0.318964958 0.718351364 0.185083389
v 0.610553741 1.46137905 0.322937012
v 0.683450699 1.64713669 0.357402802
v 0.766958237 1.6496315 0.200122833
v 0.537656784 1.27562237 0.288475037
v 0.464758873 1.08986568 0.254009247
v 0.686599731 1.46351624 0.18012619
v 0.819446564 1.62338591 0.0319824219
v 0.606239319 1.27740097 0.160125732
v 0.734113693 1.43980086 0.0272750854
v 0.841119766 1.56785703 -0.137142181
v 0.525878906 1.09128571 0.140125275
v 0.753477097 1.38969517 -0.126777649
v 0.837282181 1.4882412 -0.300857544
v 0.648780823 1.25621569 0.022567749
v 0.445520401 0.905169964 0.120124817
v 0.749761581 1.31781816 -0.276145935
v 0.802083969 1.38891125 -0.457633972
v 0.665834427 1.21153307 -0.116413116
v 0.563447952 1.07263064 0.0178604126
v 0.718122482 1.22798824 -0.418987274
v 0.740856171 1.27801132 -0.606872559
v 0.662242889 1.14739513 -0.251434326
v 0.57818985 1.03337097 -0.106048584
v 0.478114128 0.889045477 0.0131549835
v 0.365159988 0.719054699 0.100126266
v 0.663442612 1.12754631 -0.554607391
v 0.661434174 1.16003799 -0.751239777
v 0.592697144 1.02058983 -0.68548584
v 0.634160995 1.06706619 -0.380340576
v 0.586027145 0.977082253 -0.502340317
v 0.523958206 0.88114357 -0.619729996
v 0.57472229 0.976972103 -0.22672081
v 0.49054718 0.855208874 -0.0956859589
v 0.508611679 0.826617241 -0.450073242
v 0.455220222 0.741697311 -0.553974152
v 0.550197601 0.906143188 -0.341693878
v 0.431197166 0.676153183 -0.397806168
v 0.386482239 0.602250099 -0.488218307
v 0.487202644 0.806549072 -0.202007294
v 0.466236115 0.745220184 -0.303045273
v 0.392781258 0.70546031 0.00844955444
v 0.353782654 0.525688171 -0.345541
v 0.317744255 0.462803841 -0.422462463
v 0.382274628 0.584297657 -0.264398575
v 0.399682999 0.636126518 -0.177295685
v 0.402903557 0.677046776 -0.0853214264
v 0.276368141 0.375224113 -0.293273926
v 0.249006271 0.323356628 -0.356706619
v 0.298313141 0.423374653 -0.225751877
v 0.198953152 0.224759102 -0.241007328
v 0.180267811 0.18391037 -0.290950775
v 0.2143507 0.262452126 -0.187104225
v 0.22464323 0.295280457 -0.12787056
v 0.312163353 0.465703487 -0.152583122
v 0.22761631 0.32072258 -0.0645942688
v 0.315259933 0.498884678 -0.0749578476
v 0.222115517 0.338290185 -0.00096321106
v 0.307448387 0.521875262 0.00374221802
v 0.204441071 0.346824169 0.060125351
v 0.284800529 0.532939434 0.0801258087
v 0.173170567 0.346837997 0.116154671
v 0.246067524 0.532594681 0.150617599
vt -0.143798828 -0.255859375
vt -0.186889648 -0.255859375
vt -0.186889648 -0.181640625
vt -0.143798828 -0.181640625
vt -0.186889648 -0.107421875
vt -0.100708008 -0.255859375
vt -0.143798828 -0.107421875
vt -0.186889648 -0.033203125
vt -0.100708008 -0.181640625
vt -0.0576782227 -0.255859375
vt -0.143798828 -0.033203125
vt -0.186889648 0.041015625
vt -0.0576782227 -0.181640625
vt -0.0146255493 -0.255859375
vt -0.100708008 -0.107421875
vt -0.143798828 0.041015625
vt -0.186889648 0.115234375
vt -0.0146255493 -0.181640625
vt 0.028427124 -0.255859375
vt -0.0576782227 -0.107421875
vt -0.100708008 -0.033203125
vt -0.143798828 0.115234375
vt -0.186889648 0.189941406
vt 0.028427124 -0.181640625
vt 0.071472168 -0.255859375
vt -0.0146255493 -0.107421875
vt -0.0576782227 -0.033203125
vt -0.100708008 0.041015625
vt -0.143798828 0.189941406
vt -0.186889648 0.264160156
vt -0.143798828 0.264160156
vt -0.100708008 0.115234375
vt -0.100708008 0.189941406
vt -0.100708008 0.264160156
vt -0.0576782227 0.041015625
vt -0.0146255493 -0.033203125
vt -0.0576782227 0.189941406
vt -0.0576782227 0.264160156
vt -0.0576782227 0.115234375
vt -0.0146255493 0.189941406
vt -0.0146255493 0.264160156
vt -0.0146255493 0.041015625
vt -0.0146255493 0.115234375
vt 0.028427124 -0.107421875
vt 0.028427124 0.189941406
vt 0.028427124 0.264160156
vt 0.028427124 0.115234375
vt 0.028427124 -0.033203125
vt 0.028427124 0.041015625
vt 0.071472168 -0.181640625
vt 0.071472168 0.189941406
vt 0.071472168 0.264160156
vt 0.114562988 0.264160156
vt 0.071472168 0.115234375
vt 0.114562988 0.189941406
vt 0.157592773 0.264160156
vt 0.071472168 0.041015625
vt 0.071472168 -0.107421875
vt 0.071472168 -0.033203125
vt 0.157592773 0.189941406
vt 0.200683594 0.264160156
vt 0.114562988 0.115234375
vt 0.114562988 0.041015625
vt 0.114562988 -0.033203125
vt 0.114562988 -0.107421875
vt 0.200683594 0.189941406
vt 0.243774414 0.264160156
vt 0.157592773 0.115234375
vt 0.157592773 0.041015625
vt 0.243774414 0.189941406
vt 0.286621094 0.264160156
vt 0.200683594 0.115234375
vt 0.157592773 -0.033203125
vt 0.114562988 -0.181640625
vt 0.114562988 -0.255859375
vt 0.286621094 0.189941406
vt 0.329833984 0.264160156
vt 0.329833984 0.189941406
vt 0.243774414 0.115234375
vt 0.200683594 0.041015625
vt 0.286621094 0.115234375
vt 0.329833984 0.115234375
vt 0.157592773 -0.181640625
vt 0.157592773 -0.255859375
vt 0.243774414 0.041015625
vt 0.286621094 0.041015625
vt 0.329833984 0.041015625
vt 0.200683594 -0.033203125
vt 0.286621094 -0.033203125
vt 0.329833984 -0.033203125
vt 0.243774414 -0.033203125
vt 0.157592773 -0.107421875
vt 0.200683594 -0.107421875
vt 0.286621094 -0.107421875
vt 0.329833984 -0.107421875
vt 0.243774414 -0.107421875
vt 0.200683594 -0.181640625
vt 0.200683594 -0.255859375
vt 0.243774414 -0.181640625
vt 0.243774414 -0.255859375
vt 0.286621094 -0.181640625
vt 0.329833984 -0.181640625
vt 0.286621094 -0.255859375
vt 0.329833984 -0.255859375
vt 0.202026367 -0.0224609375
vt 0.158935547 -0.0224609375
vt 0.158935547 0.0517578125
vt 0.202026367 0.0517578125
vt 0.158935547 0.125976562
vt 0.245117188 -0.0224609375
vt 0.202026367 0.125976562
vt 0.158935547 0.200195312
vt 0.245117188 0.0517578125
vt 0.288085938 -0.0224609375
vt 0.202026367 0.200195312
vt 0.158935547 0.274414062
vt 0.288085938 0.0517578125
vt 0.331054688 -0.0224609375
vt 0.245117188 0.125976562
vt 0.202026367 0.274414062
vt 0.158935547 0.348632812
vt 0.331054688 0.0517578125
vt 0.374267578 -0.0224609375
vt 0.288085938 0.125976562
vt 0.245117188 0.200195312
vt 0.202026367 0.348632812
vt 0.158935547 0.422851562
vt 0.374267578 0.0517578125
vt 0.417236328 -0.0224609375
vt 0.245117188 0.274414062
vt 0.331054688 0.125976562
vt 0.288085938 0.200195312
vt 0.202026367 0.422851562
vt 0.158935547 0.497070312
vt 0.202026367 0.497070312
vt 0.245117188 0.348632812
vt 0.245117188 0.422851562
vt 0.245117188 0.497070312
vt 0.288085938 0.274414062
vt 0.331054688 0.200195312
vt 0.288085938 0.422851562
vt 0.288085938 0.497070312
vt 0.288085938 0.348632812
vt 0.331054688 0.422851562
vt 0.331054688 0.497070312
vt 0.331054688 0.274414062
vt 0.331054688 0.348632812
vt 0.374267578 0.125976562
vt 0.374267578 0.422851562
vt 0.374267578 0.497070312
vt 0.374267578 0.348632812
vt 0.374267578 0.200195312
vt 0.374267578 0.274414062
vt 0.417236328 0.0517578125
vt 0.417236328 0.422851562
vt 0.417236328 0.497070312
vt 0.460449219 0.497070312
vt 0.417236328 0.348632812
vt 0.460449219 0.422851562
vt 0.503417969 0.497070312
vt 0.417236328 0.274414062
vt 0.417236328 0.125976562
vt 0.417236328 0.200195312
vt 0.503417969 0.422851562
vt 0.546386719 0.497070312
vt 0.460449219 0.348632812
vt 0.460449219 0.274414062
vt 0.460449219 0.200195312
vt 0.460449219 0.125976562
vt 0.546386719 0.422851562
vt 0.589355469 0.497070312
vt 0.503417969 0.348632812
vt 0.503417969 0.274414062
vt 0.589355469 0.422851562
vt 0.632324219 0.497070312
vt 0.546386719 0.348632812
vt 0.503417969 0.200195312
vt 0.460449219 0.0517578125
vt 0.460449219 -0.0224609375
vt 0.632324219 0.422851562
vt 0.67578125 0.497070312
vt 0.67578125 0.422851562
vt 0.589355469 0.348632812
vt 0.546386719 0.274414062
vt 0.632324219 0.348632812
vt 0.67578125 0.348632812
vt 0.503417969 0.0517578125
vt 0.503417969 -0.0224609375
vt 0.589355469 0.274414062
vt 0.632324219 0.274414062
vt 0.67578125 0.274414062
vt 0.546386719 0.200195312
vt 0.632324219 0.200195312
vt 0.67578125 0.200195312
vt 0.589355469 0.200195312
vt 0.503417969 0.125976562
vt 0.546386719 0.125976562
vt 0.632324219 0.125976562
vt 0.67578125 0.125976562
vt 0.589355469 0.125976562
vt 0.546386719 0.0517578125
vt 0.546386719 -0.0224609375
vt 0.589355469 0.0517578125
vt 0.589355469 -0.0224609375
vt 0.632324219 0.0517578125
vt 0.67578125 0.0517578125
vt 0.632324219 -0.0224609375
vt 0.67578125 -0.0224609375
vt -0.170043945 0.353515625
vt -0.213134766 0.353515625
vt -0.213134766 0.427734375
vt -0.170043945 0.427734375
vt -0.213134766 0.501708984
vt -0.127075195 0.353515625
vt -0.170043945 0.501708984
vt -0.213134766 0.575927734
vt -0.127075195 0.427734375
vt -0.083984375 0.353515625
vt -0.170043945 0.575927734
vt -0.213134766 0.650146484
vt -0.083984375 0.427734375
vt -0.0409240723 0.353515625
vt -0.127075195 0.501708984
vt -0.170043945 0.650146484
vt -0.213134766 0.724365234
vt -0.0409240723 0.427734375
vt 0.00212097168 0.353515625
vt -0.083984375 0.501708984
vt -0.127075195 0.575927734
vt -0.170043945 0.724365234
vt -0.213134766 0.798706055
vt 0.00212097168 0.427734375
vt 0.0451660156 0.353515625
vt -0.127075195 0.650146484
vt -0.0409240723 0.501708984
vt -0.083984375 0.575927734
vt -0.170043945 0.798706055
vt -0.213134766 0.872924805
vt -0.170043945 0.872924805
vt -0.127075195 0.724365234
vt -0.127075195 0.798706055
vt -0.127075195 0.872924805
vt -0.083984375 0.650146484
vt -0.0409240723 0.575927734
vt -0.083984375 0.798706055
vt -0.083984375 0.872924805
vt -0.083984375 0.724365234
vt -0.0409240723 0.798706055
vt -0.0409240723 0.872924805
vt -0.0409240723 0.650146484
vt -0.0409240723 0.724365234
vt 0.00212097168 0.501708984
vt 0.00212097168 0.798706055
vt 0.00212097168 0.872924805
vt 0.00212097168 0.724365234
vt 0.00212097168 0.575927734
vt 0.00212097168 0.650146484
vt 0.0451660156 0.427734375
vt 0.0451660156 0.798706055
vt 0.0451660156 0.872924805
vt 0.0882568359 0.872924805
vt 0.0451660156 0.724365234
vt 0.0882568359 0.798706055
vt 0.131225586 0.872924805
vt 0.0451660156 0.650146484
vt 0.0451660156 0.501708984
vt 0.0451660156 0.575927734
vt 0.131225586 0.798706055
vt 0.174316406 0.872924805
vt 0.0882568359 0.724365234
vt 0.0882568359 0.650146484
vt 0.0882568359 0.575927734
vt 0.0882568359 0.501708984
vt 0.174316406 0.798706055
vt 0.217407227 0.872924805
vt 0.131225586 0.724365234
vt 0.131225586 0.650146484
vt 0.217407227 0.798706055
vt 0.260498047 0.872924805
vt 0.174316406 0.724365234
vt 0.131225586 0.575927734
vt 0.0882568359 0.427734375
vt 0.0882568359 0.353515625
vt 0.260498047 0.798706055
vt 0.303466797 0.872924805
vt 0.303466797 0.798706055
vt 0.217407227 0.724365234
vt 0.174316406 0.650146484
vt 0.260498047 0.724365234
vt 0.303466797 0.724365234
vt 0.131225586 0.427734375
vt 0.131225586 0.353515625
vt 0.217407227 0.650146484
vt 0.260498047 0.650146484
vt 0.303466797 0.650146484
vt 0.174316406 0.575927734
vt 0.260498047 0.575927734
vt 0.303466797 0.575927734
vt 0.217407227 0.575927734
vt 0.131225586 0.501708984
vt 0.174316406 0.501708984
vt 0.260498047 0.501708984
vt 0.303466797 0.501708984
vt 0.217407227 0.501708984
vt 0.174316406 0.427734375
vt 0.174316406 0.353515625
vt 0.217407227 0.427734375
vt 0.217407227 0.353515625
vt 0.260498047 0.427734375
vt 0.303466797 0.427734375
vt 0.260498047 0.353515625
vt 0.303466797 0.353515625
vt 0.115600586 0.627685547
vt 0.0725097656 0.627685547
vt 0.0725097656 0.701904297
vt 0.115600586 0.701904297
vt 0.0725097656 0.776123047
vt 0.158569336 0.627685547
vt 0.115600586 0.776123047
vt 0.0725097656 0.850341797
vt 0.158569336 0.701904297
vt 0.201660156 0.627685547
vt 0.115600586 0.850341797
vt 0.0725097656 0.924560547
vt 0.201660156 0.701904297
vt 0.244750977 0.627685547
vt 0.158569336 0.776123047
vt 0.115600586 0.924560547
vt 0.0725097656 0.998809814
vt 0.244750977 0.701904297
vt 0.287841797 0.627685547
vt 0.201660156 0.776123047
vt 0.158569336 0.850341797
vt 0.115600586 0.998809814
vt 0.0725097656 1.07305908
vt 0.287841797 0.701904297
vt 0.330810547 0.627685547
vt 0.244750977 0.776123047
vt 0.201660156 0.850341797
vt 0.158569336 0.924560547
vt 0.115600586 1.07305908
vt 0.0725097656 1.1472168
vt 0.115600586 1.1472168
vt 0.158569336 0.998809814
vt 0.158569336 1.07305908
vt 0.158569336 1.1472168
vt 0.201660156 0.924560547
vt 0.244750977 0.850341797
vt 0.201660156 1.07305908
vt 0.201660156 1.1472168
vt 0.201660156 0.998809814
vt 0.244750977 1.07305908
vt 0.244750977 1.1472168
vt 0.244750977 0.924560547
vt 0.244750977 0.998809814
vt 0.287841797 0.776123047
vt 0.287841797 1.07305908
vt 0.287841797 1.1472168
vt 0.287841797 0.998809814
vt 0.287841797 0.850341797
vt 0.287841797 0.924560547
vt 0.330810547 0.701904297
vt 0.330810547 1.07305908
vt 0.330810547 1.1472168
vt 0.373779297 1.1472168
vt 0.330810547 0.998809814
vt 0.373779297 1.07305908
vt 0.416992188 1.1472168
vt 0.330810547 0.924560547
vt 0.330810547 0.776123047
vt 0.330810547 0.850341797
vt 0.416992188 1.07305908
vt 0.459960938 1.1472168
vt 0.373779297 0.998809814
vt 0.373779297 0.924560547
vt 0.373779297 0.850341797
vt 0.373779297 0.776123047
vt 0.459960938 1.07305908
vt 0.502929688 1.1472168
vt 0.416992188 0.998809814
vt 0.416992188 0.924560547
vt 0.502929688 1.07305908
vt 0.545898438 1.1472168
vt 0.459960938 0.998809814
vt 0.416992188 0.850341797
vt 0.373779297 0.701904297
vt 0.373779297 0.627685547
vt 0.545898438 1.07305908
vt 0.589355469 1.1472168
vt 0.589355469 1.07305908
vt 0.502929688 0.998809814
vt 0.459960938 0.924560547
vt 0.545898438 0.998809814
vt 0.589355469 0.998809814
vt 0.416992188 0.701904297
vt 0.416992188 0.627685547
vt 0.502929688 0.924560547
vt 0.545898438 0.924560547
vt 0.589355469 0.924560547
vt 0.459960938 0.850341797
vt 0.545898438 0.850341797
vt 0.589355469 0.850341797
vt 0.502929688 0.850341797
vt 0.416992188 0.776123047
vt 0.459960938 0.776123047
vt 0.545898438 0.776123047
vt 0.589355469 0.776123047
vt 0.502929688 0.776123047
vt 0.459960938 0.701904297
vt 0.459960938 0.627685547
vt 0.502929688 0.701904297
vt 0.502929688 0.627685547
vt 0.545898438 0.701904297
vt 0.589355469 0.701904297
vt 0.545898438 0.627685547
vt 0.589355469 0.627685547
vt 0.389892578 0.424804688
vt 0.346923828 0.424804688
vt 0.346923828 0.499023438
vt 0.389892578 0.499023438
vt 0.346923828 0.572998047
vt 0.433105469 0.424804688
vt 0.389892578 0.572998047
vt 0.346923828 0.647460938
vt 0.433105469 0.499023438
vt 0.476074219 0.424804688
vt 0.389892578 0.647460938
vt 0.346923828 0.721679688
vt 0.476074219 0.499023438
vt 0.519042969 0.424804688
vt 0.433105469 0.572998047
vt 0.389892578 0.721679688
vt 0.346923828 0.795776367
vt 0.519042969 0.499023438
vt 0.562011719 0.424804688
vt 0.476074219 0.572998047
vt 0.433105469 0.647460938
vt 0.389892578 0.795776367
vt 0.346923828 0.870117188
vt 0.562011719 0.499023438
vt 0.604980469 0.424804688
vt 0.433105469 0.721679688
vt 0.519042969 0.572998047
vt 0.476074219 0.647460938
vt 0.389892578 0.870117188
vt 0.346923828 0.94430542
vt 0.389892578 0.94430542
vt 0.433105469 0.795776367
vt 0.433105469 0.870117188
vt 0.433105469 0.94430542
vt 0.476074219 0.721679688
vt 0.519042969 0.647460938
vt 0.476074219 0.870117188
vt 0.476074219 0.94430542
vt 0.476074219 0.795776367
vt 0.519042969 0.870117188
vt 0.519042969 0.94430542
vt 0.519042969 0.721679688
vt 0.519042969 0.795776367
vt 0.562011719 0.572998047
vt 0.562011719 0.870117188
vt 0.562011719 0.94430542
vt 0.562011719 0.795776367
vt 0.562011719 0.647460938
vt 0.562011719 0.721679688
vt 0.604980469 0.499023438
vt 0.604980469 0.870117188
vt 0.604980469 0.94430542
vt 0.6484375 0.94430542
vt 0.604980469 0.795776367
vt 0.6484375 0.870117188
vt 0.69140625 0.94430542
vt 0.604980469 0.721679688
vt 0.604980469 0.572998047
vt 0.604980469 0.647460938
vt 0.69140625 0.870117188
vt 0.734375 0.94430542
vt 0.6484375 0.795776367
vt 0.6484375 0.721679688
vt 0.6484375 0.647460938
vt 0.6484375 0.572998047
vt 0.734375 0.870117188
vt 0.77734375 0.94430542
vt 0.69140625 0.795776367
vt 0.69140625 0.721679688
vt 0.77734375 0.870117188
vt 0.8203125 0.94430542
vt 0.734375 0.795776367
vt 0.69140625 0.647460938
vt 0.6484375 0.499023438
vt 0.6484375 0.424804688
vt 0.8203125 0.870117188
vt 0.863769531 0.94430542
vt 0.863769531 0.870117188
vt 0.77734375 0.795776367
vt 0.734375 0.721679688
vt 0.8203125 0.795776367
vt 0.863769531 0.795776367
vt 0.69140625 0.499023438
vt 0.69140625 0.424804688
vt 0.77734375 0.721679688
vt 0.8203125 0.721679688
vt 0.863769531 0.721679688
vt 0.734375 0.647460938
vt 0.8203125 0.647460938
vt 0.863769531 0.647460938
vt 0.77734375 0.647460938
vt 0.69140625 0.572998047
vt 0.734375 0.572998047
vt 0.8203125 0.572998047
vt 0.863769531 0.572998047
vt 0.77734375 0.572998047
vt 0.734375 0.499023438
vt 0.734375 0.424804688
vt 0.77734375 0.499023438
vt 0.77734375 0.424804688
vt 0.8203125 0.499023438
vt 0.863769531 0.499023438
vt 0.8203125 0.424804688
vt 0.863769531 0.424804688
vt 0.435058594 -0.30859375
vt 0.392089844 -0.30859375
vt 0.392089844 -0.234375
vt 0.435058594 -0.234375
vt 0.392089844 -0.16015625
vt 0.478027344 -0.30859375
vt 0.435058594 -0.16015625
vt 0.392089844 -0.0859375
vt 0.478027344 -0.234375
vt 0.520996094 -0.30859375
vt 0.435058594 -0.0859375
vt 0.392089844 -0.0107421875
vt 0.520996094 -0.234375
vt 0.563964844 -0.30859375
vt 0.478027344 -0.16015625
vt 0.435058594 -0.0107421875
vt 0.392089844 0.0629882812
vt 0.563964844 -0.234375
vt 0.607421875 -0.30859375
vt 0.520996094 -0.16015625
vt 0.478027344 -0.0859375
vt 0.435058594 0.0629882812
vt 0.392089844 0.137207031
vt 0.607421875 -0.234375
vt 0.650390625 -0.30859375
vt 0.478027344 -0.0107421875
vt 0.563964844 -0.16015625
vt 0.520996094 -0.0859375
vt 0.435058594 0.137207031
vt 0.392089844 0.211425781
vt 0.435058594 0.211425781
vt 0.478027344 0.0629882812
vt 0.478027344 0.137207031
vt 0.478027344 0.211425781
vt 0.520996094 -0.0107421875
vt 0.563964844 -0.0859375
vt 0.520996094 0.137207031
vt 0.520996094 0.211425781
vt 0.520996094 0.0629882812
vt 0.563964844 0.137207031
vt 0.563964844 0.211425781
vt 0.563964844 -0.0107421875
vt 0.563964844 0.0629882812
vt 0.607421875 -0.16015625
vt 0.607421875 0.137207031
vt 0.607421875 0.211425781
vt 0.607421875 0.0629882812
vt 0.607421875 -0.0859375
vt 0.607421875 -0.0107421875
vt 0.650390625 -0.234375
vt 0.650390625 0.137207031
vt 0.650390625 0.211425781
vt 0.693359375 0.211425781
vt 0.650390625 0.0629882812
vt 0.693359375 0.137207031
vt 0.736328125 0.211425781
vt 0.650390625 -0.0107421875
vt 0.650390625 -0.16015625
vt 0.650390625 -0.0859375
vt 0.736328125 0.137207031
vt 0.779296875 0.211425781
vt 0.693359375 0.0629882812
vt 0.693359375 -0.0107421875
vt 0.693359375 -0.0859375
vt 0.693359375 -0.16015625
vt 0.779296875 0.137207031
vt 0.822753906 0.211425781
vt 0.736328125 0.0629882812
vt 0.736328125 -0.0107421875
vt 0.822753906 0.137207031
vt 0.865722656 0.211425781
vt 0.779296875 0.0629882812
vt 0.736328125 -0.0859375
vt 0.693359375 -0.234375
vt 0.693359375 -0.30859375
vt 0.865722656 0.137207031
vt 0.908691406 0.211425781
vt 0.908691406 0.137207031
vt 0.822753906 0.0629882812
vt 0.779296875 -0.0107421875
vt 0.865722656 0.0629882812
vt 0.908691406 0.0629882812
vt 0.736328125 -0.234375
vt 0.736328125 -0.30859375
vt 0.822753906 -0.0107421875
vt 0.865722656 -0.0107421875
vt 0.908691406 -0.0107421875
vt 0.779296875 -0.0859375
vt 0.865722656 -0.0859375
vt 0.908691406 -0.0859375
vt 0.822753906 -0.0859375
vt 0.736328125 -0.16015625
vt 0.779296875 -0.16015625
vt 0.865722656 -0.16015625
vt 0.908691406 -0.16015625
vt 0.822753906 -0.16015625
vt 0.779296875 -0.234375
vt 0.779296875 -0.30859375
vt 0.822753906 -0.234375
vt 0.822753906 -0.30859375
vt 0.865722656 -0.234375
vt 0.908691406 -0.234375
vt 0.865722656 -0.30859375
vt 0.908691406 -0.30859375
vt 0.791992188 0.0639648438
vt 0.749023438 0.0639648438
vt 0.749023438 0.138183594
vt 0.791992188 0.138183594
vt 0.749023438 0.212402344
vt 0.835449219 0.0639648438
vt 0.791992188 0.212402344
vt 0.749023438 0.286621094
vt 0.835449219 0.138183594
vt 0.878417969 0.0639648438
vt 0.791992188 0.286621094
vt 0.749023438 0.360839844
vt 0.835449219 0.212402344
vt 0.878417969 0.138183594
vt 0.791992188 0.360839844
vt 0.749023438 0.435058594
vt 0.835449219 0.286621094
vt 0.791992188 0.435058594
vt 0.749023438 0.509277344
vt 0.921386719 0.138183594
vt 0.921386719 0.0639648438
vt 0.878417969 0.212402344
vt 0.835449219 0.360839844
vt 0.791992188 0.509277344
vt 0.749023438 0.583496094
vt 0.791992188 0.583496094
vt 0.835449219 0.435058594
vt 0.835449219 0.509277344
vt 0.835449219 0.583496094
vt 0.878417969 0.286621094
vt 0.921386719 0.212402344
vt 0.878417969 0.360839844
vt 0.878417969 0.509277344
vt 0.878417969 0.583496094
vt 0.921386719 0.583496094
vt 0.878417969 0.435058594
vt 0.921386719 0.509277344
vt 0.964355469 0.583496094
vt 0.921386719 0.286621094
vt 0.921386719 0.435058594
vt 0.964355469 0.509277344
vt 1.00683594 0.583496094
vt 0.921386719 0.360839844
vt 0.964355469 0.435058594
vt 1.00683594 0.509277344
vt 1.05078125 0.583496094
vt 0.964355469 0.360839844
vt 0.964355469 0.286621094
vt 1.05078125 0.509277344
vt 1.09375 0.583496094
vt 1.00683594 0.435058594
vt 1.09375 0.509277344
vt 1.13671875 0.583496094
vt 1.00683594 0.360839844
vt 1.05078125 0.435058594
vt 0.964355469 0.212402344
vt 1.13671875 0.509277344
vt 1.1796875 0.583496094
vt 1.00683594 0.286621094
vt 1.09375 0.435058594
vt 1.05078125 0.360839844
vt 0.964355469 0.138183594
vt 0.964355469 0.0639648438
vt 1.1796875 0.509277344
vt 1.22265625 0.583496094
vt 1.00683594 0.212402344
vt 1.00683594 0.138183594
vt 1.00683594 0.0639648438
vt 1.13671875 0.435058594
vt 1.22265625 0.509277344
vt 1.265625 0.583496094
vt 1.265625 0.509277344
vt 1.05078125 0.286621094
vt 1.09375 0.360839844
vt 1.05078125 0.138183594
vt 1.05078125 0.0639648438
vt 1.05078125 0.212402344
vt 1.22265625 0.435058594
vt 1.265625 0.435058594
vt 1.09375 0.286621094
vt 1.13671875 0.360839844
vt 1.09375 0.138183594
vt 1.09375 0.0639648438
vt 1.09375 0.212402344
vt 1.13671875 0.138183594
vt 1.13671875 0.0639648438
vt 1.13671875 0.286621094
vt 1.13671875 0.212402344
vt 1.1796875 0.435058594
vt 1.1796875 0.360839844
vt 1.1796875 0.138183594
vt 1.1796875 0.0639648438
vt 1.1796875 0.212402344
vt 1.1796875 0.286621094
vt 1.22265625 0.360839844
vt 1.265625 0.360839844
vt 1.22265625 0.286621094
vt 1.265625 0.286621094
vt 1.22265625 0.212402344
vt 1.265625 0.212402344
vt 1.22265625 0.138183594
vt 1.265625 0.138183594
vt 1.22265625 0.0639648438
vt 1.265625 0.0639648438
vt 0.799804688 0.665283203
vt 0.756835938 0.665283203
vt 0.756835938 0.739501953
vt 0.799804688 0.739501953
vt 0.756835938 0.813720703
vt 0.842773438 0.665283203
vt 0.799804688 0.813720703
vt 0.756835938 0.887939453
vt 0.842773438 0.739501953
vt 0.885742188 0.665283203
vt 0.799804688 0.887939453
vt 0.756835938 0.962158203
vt 0.885742188 0.739501953
vt 0.928710938 0.665283203
vt 0.842773438 0.813720703
vt 0.799804688 0.962158203
vt 0.756835938 1.03640747
vt 0.842773438 0.887939453
vt 0.885742188 0.813720703
vt 0.928710938 0.739501953
vt 0.799804688 1.03640747
vt 0.756835938 1.11065674
vt 0.842773438 0.962158203
vt 0.885742188 0.887939453
vt 0.799804688 1.11065674
vt 0.756835938 1.18481445
vt 0.799804688 1.18481445
vt 0.842773438 1.03640747
vt 0.842773438 1.11065674
vt 0.842773438 1.18481445
vt 0.885742188 0.962158203
vt 0.928710938 0.813720703
vt 0.885742188 1.11065674
vt 0.885742188 1.18481445
vt 0.885742188 1.03640747
vt 0.928710938 0.887939453
vt 0.928710938 1.11065674
vt 0.928710938 1.18481445
vt 0.928710938 1.03640747
vt 0.928710938 0.962158203
vt 0.972167969 0.887939453
vt 0.972167969 0.813720703
vt 0.972167969 1.11065674
vt 0.972167969 1.18481445
vt 1.01464844 1.18481445
vt 0.972167969 1.03640747
vt 0.972167969 0.962158203
vt 1.01464844 1.11065674
vt 1.05761719 1.18481445
vt 1.01464844 1.03640747
vt 1.05761719 1.11065674
vt 1.10058594 1.18481445
vt 1.01464844 0.962158203
vt 1.10058594 1.11065674
vt 1.14355469 1.18481445
vt 1.05761719 1.03640747
vt 1.01464844 0.887939453
vt 1.14355469 1.11065674
vt 1.1875 1.18481445
vt 1.10058594 1.03640747
vt 1.05761719 0.962158203
vt 1.1875 1.11065674
vt 1.23046875 1.18481445
vt 1.14355469 1.03640747
vt 1.10058594 0.962158203
vt 1.05761719 0.887939453
vt 1.01464844 0.813720703
vt 1.23046875 1.11065674
vt 1.2734375 1.18481445
vt 1.2734375 1.11065674
vt 1.1875 1.03640747
vt 1.23046875 1.03640747
vt 1.2734375 1.03640747
vt 1.14355469 0.962158203
vt 1.10058594 0.887939453
vt 1.23046875 0.962158203
vt 1.2734375 0.962158203
vt 1.1875 0.962158203
vt 1.23046875 0.887939453
vt 1.2734375 0.887939453
vt 1.14355469 0.887939453
vt 1.1875 0.887939453
vt 1.05761719 0.813720703
vt 1.23046875 0.813720703
vt 1.2734375 0.813720703
vt 1.1875 0.813720703
vt 1.14355469 0.813720703
vt 1.10058594 0.813720703
vt 1.23046875 0.739501953
vt 1.2734375 0.739501953
vt 1.1875 0.739501953
vt 1.23046875 0.665283203
vt 1.2734375 0.665283203
vt 1.1875 0.665283203
vt 1.14355469 0.665283203
vt 1.14355469 0.739501953
vt 1.10058594 0.665283203
vt 1.10058594 0.739501953
vt 1.05761719 0.665283203
vt 1.05761719 0.739501953
vt 1.01464844 0.665283203
vt 1.01464844 0.739501953
vt 0.972167969 0.665283203
vt 0.972167969 0.739501953
vn 0.0197022352 0.95753181 -0.287653536
vn 0.0274504945 0.952926576 -0.301956087
vn 0.0354640782 0.949651003 -0.311296344
vn 0.0275148861 0.95516187 -0.294803023
vn 0.0591840819 0.943000793 -0.327485561
vn 0.00392289553 0.968970239 -0.247146145
vn 0.0433315411 0.949356198 -0.311199695
vn 0.0744948387 0.937067628 -0.341108233
vn 0.00391519116 0.967067122 -0.254491299
vn -0.0274861418 0.977719426 -0.208108857
vn 0.0588950552 0.946248353 -0.318033636
vn 0.0826674849 0.932962477 -0.350352943
vn -0.0353305973 0.977478266 -0.208057553
vn -0.066608347 0.983452022 -0.168479711
vn 0.0118345562 0.966493845 -0.256416708
vn 0.0665469617 0.943402112 -0.324906051
vn 0.090478912 0.932326972 -0.350114286
vn -0.0667766854 0.985937417 -0.153193384
vn -0.106511608 0.990163088 -0.0907320008
vn -0.0353873521 0.97904861 -0.200527921
vn 0.0118103204 0.964514554 -0.263765186
vn 0.0748872831 0.942004144 -0.327139437
vn 0.0980014652 0.929054618 -0.356725544
vn -0.114379995 0.989978194 -0.0828267932
vn -0.161149055 0.986546516 0.0275133029
vn -0.0746788681 0.986546516 -0.145427093
vn -0.0353873521 0.97904861 -0.200527921
vn 0.0196814686 0.964395046 -0.263732463
vn 0.074692592 0.939555168 -0.334151357
vn 0.0987201184 0.927969873 -0.359341443
vn 0.0670419037 0.942531347 -0.327322543
vn 0.0196401235 0.962369263 -0.271034539
vn 0.0196401235 0.962369263 -0.271034539
vn 0.0118103204 0.964514554 -0.263765186
vn -0.0354421921 0.980565786 -0.192962646
vn -0.082580626 0.987034619 -0.137634233
vn -0.0433047861 0.980261803 -0.192902833
vn -0.0512355901 0.981357574 -0.185236067
vn -0.0354421921 0.980565786 -0.192962646
vn -0.0905687734 0.988380551 -0.122070827
vn -0.0905687734 0.988380551 -0.122070827
vn -0.0826676041 0.988074124 -0.129906073
vn -0.0826676041 0.988074124 -0.129906073
vn -0.114451237 0.990594864 -0.0749851912
vn -0.122359671 0.990718305 -0.0592062026
vn -0.130180836 0.990163088 -0.0512832776
vn -0.122359671 0.990718305 -0.0592062026
vn -0.122298717 0.990224779 -0.0670669377
vn -0.122298717 0.990224779 -0.0670669377
vn -0.161149055 0.986546516 0.0275133029
vn -0.161149055 0.986546516 0.0275133029
vn -0.161149055 0.986546516 0.0275133029
vn -0.193310827 0.97444427 0.114408478
vn -0.161149055 0.986546516 0.0275133029
vn -0.193130568 0.973535538 0.122184664
vn -0.201817662 0.961601675 0.185988829
vn -0.161149055 0.986546516 0.0275133029
vn -0.161149055 0.986546516 0.0275133029
vn -0.161149055 0.986546516 0.0275133029
vn -0.201514944 0.960159361 0.193612397
vn -0.208818495 0.941653073 0.263978064
vn -0.193130568 0.973535538 0.122184664
vn -0.192938834 0.972569108 0.129938409
vn -0.192938834 0.972569108 0.129938409
vn -0.192735747 0.971545339 0.137668401
vn -0.209929407 0.938740849 0.273304313
vn -0.208766624 0.909907281 0.358448327
vn -0.201201066 0.958663762 0.201201066
vn -0.208753675 0.957115829 0.200876176
vn -0.209666431 0.905917168 0.3679052
vn -0.209548399 0.873777211 0.438865453
vn -0.209469825 0.936685741 0.280610502
vn -0.208417669 0.955575228 0.208417669
vn -0.194000483 0.970002294 0.146490172
vn -0.201364115 0.967337191 0.153984323
vn -0.20881848 0.870733559 0.445216686
vn -0.20923464 0.848781943 0.485582203
vn -0.208624244 0.854178429 0.476293027
vn -0.209666431 0.905917168 0.3679052
vn -0.209469825 0.936685741 0.280610502
vn -0.20881848 0.870733559 0.445216686
vn -0.209404424 0.857372761 0.470172107
vn -0.2092738 0.951603353 0.225068033
vn -0.20850797 0.948121011 0.239980847
vn -0.217211559 0.904389799 0.367284924
vn -0.209548399 0.873777211 0.438865453
vn -0.208753705 0.862585902 0.460833549
vn -0.209469825 0.936685741 0.280610502
vn -0.217062637 0.880090237 0.422285438
vn -0.217049122 0.864250064 0.453829914
vn -0.216282487 0.908386409 0.357849151
vn -0.20964016 0.953269303 0.217551112
vn -0.20900023 0.934585869 0.287868232
vn -0.216269106 0.884737194 0.412877321
vn -0.217837602 0.875311017 0.431714475
vn -0.216887042 0.910925508 0.350962639
vn -0.20900023 0.934585869 0.287868232
vn -0.208520904 0.932442427 0.295076728
vn -0.217483073 0.913428843 0.344018638
vn -0.217483073 0.913428843 0.344018638
vn -0.216806129 0.894817948 0.390250981
vn -0.224466875 0.886053443 0.405615538
vn -0.224983841 0.895988226 0.382867217
vn -0.225180402 0.888869941 0.399003804
vn 0.311606109 0.926929772 -0.20905216
vn 0.325745732 0.922292292 -0.208006248
vn 0.333266705 0.921384513 -0.199959949
vn 0.319216877 0.926123261 -0.200988352
vn 0.357539624 0.915458798 -0.184663266
vn 0.27036792 0.936491966 -0.223347351
vn 0.33378014 0.922804117 -0.192414373
vn 0.372154236 0.912757456 -0.168448716
vn 0.27036792 0.936491966 -0.223347351
vn 0.22348465 0.944909215 -0.239167765
vn 0.348137289 0.919239044 -0.18384771
vn 0.382082224 0.909907341 -0.161498621
vn 0.215603292 0.944734871 -0.246963784
vn 0.169418648 0.949532926 -0.263977975
vn 0.278085142 0.936089635 -0.215418041
vn 0.358048469 0.916761696 -0.177056879
vn 0.389260262 0.908274114 -0.153344899
vn 0.161408469 0.948767424 -0.271638721
vn 0.0902779624 0.953807056 -0.286534607
vn 0.215603292 0.944734871 -0.246963784
vn 0.287385941 0.933020294 -0.216523588
vn 0.365375102 0.915402353 -0.168936819
vn 0.395901859 0.905478656 -0.152872935
vn 0.0822959319 0.952282369 -0.293914258
vn -0.0433316566 0.949356198 -0.311199665
vn 0.295076668 0.932442427 -0.20852077
vn 0.153725609 0.949945986 -0.271976173
vn 0.208108857 0.946306765 -0.247374669
vn 0.372154236 0.912757456 -0.168448716
vn 0.40294975 0.903703034 -0.144748867
vn 0.365375102 0.915402353 -0.168936819
vn 0.295076668 0.932442427 -0.20852077
vn 0.295076668 0.932442427 -0.20852077
vn 0.287385941 0.933020294 -0.216523588
vn 0.208108857 0.946306765 -0.247374669
vn 0.144926444 0.951814771 -0.270268351
vn 0.208108857 0.946306765 -0.247374669
vn 0.192628354 0.947417498 -0.255527467
vn 0.208108857 0.946306765 -0.247374669
vn 0.129258707 0.951814771 -0.278102219
vn 0.121544257 0.952750802 -0.278375685
vn 0.136949778 0.950823307 -0.277812511
vn 0.129258707 0.951814771 -0.278102219
vn 0.0745040029 0.952867925 -0.29409498
vn 0.0510518178 0.954277635 -0.294530064
vn 0.0509325713 0.95204854 -0.301677853
vn 0.058880534 0.953865826 -0.294402957
vn 0.0666984022 0.953395844 -0.294257909
vn 0.058880534 0.953865826 -0.294402957
vn -0.0433316566 0.949356198 -0.311199665
vn -0.0433316566 0.949356198 -0.311199665
vn -0.0433316566 0.949356198 -0.311199665
vn -0.129986808 0.941419303 -0.311180353
vn -0.0433316566 0.949356198 -0.311199665
vn -0.137719557 0.940427542 -0.310852528
vn -0.20050326 0.931750357 -0.302720517
vn -0.0433316566 0.949356198 -0.311199665
vn -0.0433316566 0.949356198 -0.311199665
vn -0.0433316566 0.949356198 -0.311199665
vn -0.208031997 0.930256248 -0.302235097
vn -0.279218286 0.916307867 -0.287083536
vn -0.137719557 0.940427542 -0.310852528
vn -0.145427212 0.939380944 -0.310506612
vn -0.145427212 0.939380944 -0.310506612
vn -0.153108478 0.938279986 -0.310142696
vn -0.295736641 0.910868883 -0.287850231
vn -0.375113338 0.888426363 -0.264553577
vn -0.217103228 0.927622795 -0.303944409
vn -0.217103228 0.927622795 -0.303944409
vn -0.381869048 0.885778725 -0.263765156
vn -0.452226996 0.861197531 -0.232012033
vn -0.295736641 0.910868883 -0.287850231
vn -0.224606261 0.926008165 -0.303415388
vn -0.161951661 0.936159432 -0.312053084
vn -0.169629559 0.934934914 -0.311644912
vn -0.461550146 0.856037438 -0.232747391
vn -0.494032562 0.841831565 -0.21737425
vn -0.490762442 0.844111443 -0.215935394
vn -0.381869048 0.885778725 -0.263765156
vn -0.295736641 0.910868883 -0.287850231
vn -0.452226996 0.861197531 -0.232012033
vn -0.48392576 0.845886588 -0.224258199
vn -0.246872872 0.920874953 -0.301733434
vn -0.256656498 0.920014858 -0.296142071
vn -0.381869048 0.885778725 -0.263765156
vn -0.445106149 0.862639427 -0.240278438
vn -0.477003038 0.847567499 -0.232588172
vn -0.295736641 0.910868883 -0.287850231
vn -0.438755691 0.865653276 -0.24111791
vn -0.461550146 0.856037438 -0.232747391
vn -0.375113338 0.888426363 -0.264553577
vn -0.232069567 0.924344778 -0.302870363
vn -0.302907944 0.908723772 -0.287172407
vn -0.428553015 0.868901134 -0.247695684
vn -0.444252282 0.860984504 -0.247680381
vn -0.365713984 0.892656744 -0.263471305
vn -0.302907944 0.908723772 -0.287172407
vn -0.310028106 0.906537831 -0.286481589
vn -0.358115107 0.893320084 -0.271537781
vn -0.358115107 0.893320084 -0.271537781
vn -0.405364156 0.877633154 -0.255812347
vn -0.421263129 0.870085537 -0.255907476
vn -0.39793703 0.878613472 -0.263977975
vn -0.413902581 0.871166468 -0.264109224
vn 0.224299863 0.948355973 0.224299982
vn 0.22515218 0.944059551 0.240952447
vn 0.216779068 0.942004025 0.256193548
vn 0.216416284 0.948297262 0.23215577
vn 0.207929403 0.937644362 0.278547078
vn 0.23188296 0.955043793 0.184720427
vn 0.209247559 0.943588555 0.25662452
vn 0.200975865 0.933947086 0.29555288
vn 0.23188296 0.955043793 0.184720427
vn 0.239314958 0.961183488 0.137311965
vn 0.208818361 0.941653073 0.263978064
vn 0.1929387 0.933193803 0.303189546
vn 0.239565849 0.962191105 0.129601285
vn 0.255717307 0.963857591 0.0747481957
vn 0.224091768 0.955338955 0.192640394
vn 0.200404048 0.939148843 0.278994024
vn 0.184435636 0.930026948 0.317857295
vn 0.255859852 0.964395046 0.0669172555
vn 0.263781488 0.964574337 -0.00393697759
vn 0.247191817 0.961301923 0.121634156
vn 0.223746195 0.953865826 0.200194076
vn 0.199959964 0.937067628 0.286217302
vn 0.185791001 0.928955376 0.320193112
vn 0.271034539 0.962369263 -0.0196401235
vn 0.263275981 0.954866827 -0.137532175
vn 0.223746195 0.953865826 0.200194076
vn 0.256098062 0.965292811 0.0512196682
vn 0.247191817 0.961301923 0.121634156
vn 0.193842441 0.937564909 0.288785845
vn 0.177685156 0.927911937 0.327730566
vn 0.200404048 0.939148843 0.278994024
vn 0.223388508 0.952340901 0.207712233
vn 0.225067914 0.951603353 0.209273785
vn 0.223746195 0.953865826 0.200194076
vn 0.247420475 0.962191105 0.113892049
vn 0.263536513 0.963678539 0.0432672501
vn 0.247420475 0.962191105 0.113892049
vn 0.247833654 0.963797927 0.0983467698
vn 0.247420475 0.962191105 0.113892049
vn 0.263683438 0.964215815 0.0275490768
vn 0.263732463 0.964395046 0.0196815878
vn 0.263536513 0.963678539 0.0432672501
vn 0.263618141 0.96397692 0.035411451
vn 0.270984381 0.962191105 -0.0274911094
vn 0.270834029 0.961657345 -0.0431763865
vn 0.270733953 0.961301923 -0.0510077849
vn 0.270834029 0.961657345 -0.0431763865
vn 0.270917535 0.961953759 -0.0353370085
vn 0.270917535 0.961953759 -0.0353370085
vn 0.263275981 0.954866827 -0.137532175
vn 0.263275981 0.954866827 -0.137532175
vn 0.263275981 0.954866827 -0.137532175
vn 0.255290896 0.938685179 -0.231725529
vn 0.263275981 0.954866827 -0.137532175
vn 0.247925743 0.940544128 -0.232184425
vn 0.232617095 0.926526189 -0.295699775
vn 0.263275981 0.954866827 -0.137532175
vn 0.263275981 0.954866827 -0.137532175
vn 0.263275981 0.954866827 -0.137532175
vn 0.232069463 0.924344838 -0.302870393
vn 0.208173066 0.907320797 -0.36528492
vn 0.247466266 0.93880105 -0.239610195
vn 0.247466266 0.93880105 -0.239610195
vn 0.246994197 0.93701005 -0.246994197
vn 0.246994197 0.93701005 -0.246994197
vn 0.200888529 0.902029395 -0.382082224
vn 0.168915972 0.876006544 -0.451752186
vn 0.231511369 0.922121882 -0.30998984
vn 0.231511369 0.922121882 -0.30998984
vn 0.161208734 0.868954897 -0.467898667
vn 0.122010291 0.838329375 -0.531335413
vn 0.200888529 0.902029395 -0.382082224
vn 0.223512113 0.921497762 -0.317622572
vn 0.247818306 0.932269216 -0.263552874
vn 0.247298419 0.930313587 -0.270850748
vn 0.121499419 0.834819257 -0.536949337
vn 0.0982433259 0.821314871 -0.561952114
vn 0.106017686 0.820656121 -0.561501443
vn 0.161208734 0.868954897 -0.467898667
vn 0.200888529 0.902029395 -0.382082224
vn 0.122010291 0.838329375 -0.531335413
vn 0.105796076 0.826777458 -0.55249095
vn 0.223388508 0.913149953 -0.340961516
vn 0.215338737 0.912253618 -0.348457336
vn 0.160692826 0.874012649 -0.458562583
vn 0.129433602 0.843280017 -0.521656871
vn 0.114025667 0.82963568 -0.546537101
vn 0.200280413 0.899298728 -0.38877973
vn 0.137693852 0.845834255 -0.51536864
vn 0.121499419 0.834819257 -0.536949337
vn 0.168314457 0.872887075 -0.457972109
vn 0.224564314 0.917956233 -0.326997221
vn 0.200280413 0.899298728 -0.38877973
vn 0.145015463 0.85049659 -0.505594671
vn 0.137134671 0.84239924 -0.521111965
vn 0.168915972 0.876006544 -0.451752186
vn 0.199665502 0.896537662 -0.395416111
vn 0.192130178 0.897914946 -0.396023542
vn 0.177155659 0.87790519 -0.444857657
vn 0.177155659 0.87790519 -0.444857657
vn 0.152844772 0.858282626 -0.489887208
vn 0.152676001 0.849505424 -0.505005419
vn 0.161099181 0.860505879 -0.483297735
vn 0.16156882 0.855133057 -0.492588073
vn -0.193527818 0.967639029 0.161931455
vn -0.208663031 0.964574337 0.161418587
vn -0.216443241 0.964156091 0.153477952
vn -0.201364115 0.967337191 0.153984323
vn -0.241133124 0.960579395 0.138355106
vn -0.146188006 0.975903511 0.161992103
vn -0.224188924 0.963618994 0.145526156
vn -0.263552904 0.955870986 0.129809678
vn -0.153907567 0.974747777 0.161800265
vn -0.0984565318 0.980626643 0.1693452
vn -0.231897414 0.9629637 0.137566313
vn -0.272893608 0.953150094 0.130514368
vn -0.0905238688 0.980018795 0.177111849
vn -0.0433693677 0.981723547 0.185305282
vn -0.161599025 0.973535538 0.161599025
vn -0.241133124 0.960579395 0.138355106
vn -0.280470341 0.952019036 0.122458912
vn -0.0276141632 0.982273281 0.185409039
vn 0.0433046706 0.980261803 0.192902952
vn -0.0905238688 0.980018795 0.177111849
vn -0.169471398 0.973475099 0.153706625
vn -0.248821467 0.959739864 0.130335078
vn -0.287725091 0.949886918 0.122184657
vn 0.0511592291 0.97989732 0.192831218
vn 0.177254573 0.965053201 0.193010673
vn -0.0197281037 0.982456803 0.18544367
vn -0.082708627 0.980687439 0.177232683
vn -0.169471398 0.973475099 0.153706625
vn -0.256209493 0.957829356 0.130075619
vn -0.295204639 0.948591053 0.11414586
vn -0.248821467 0.959739864 0.130335078
vn -0.177111834 0.972147107 0.153496921
vn -0.177111834 0.972147107 0.153496921
vn -0.161800265 0.974747777 0.153907567
vn -0.082708627 0.980687439 0.177232683
vn -0.0118383607 0.982579231 0.185466781
vn -0.0748780891 0.98129648 0.177342772
vn -0.0670336857 0.981845617 0.177441999
vn -0.082708627 0.980687439 0.177232683
vn 0.00394039974 0.981174588 0.193082586
vn 0.0118205845 0.981113672 0.19307059
vn -0.0039464063 0.982640445 0.185478345
vn 0.00394039974 0.981174588 0.193082586
vn 0.0590043105 0.979472756 0.192747667
vn 0.0824683607 0.977840006 0.192426369
vn 0.0824683607 0.977840006 0.192426369
vn 0.0746602938 0.978443742 0.192545176
vn 0.0668384731 0.978988171 0.1926523
vn 0.0746602938 0.978443742 0.192545176
vn 0.177254573 0.965053201 0.193010673
vn 0.177254573 0.965053201 0.193010673
vn 0.177254573 0.965053201 0.193010673
vn 0.263618112 0.948238492 0.177056998
vn 0.177254573 0.965053201 0.193010673
vn 0.270917535 0.946248353 0.176685408
vn 0.333205163 0.929054618 0.160722554
vn 0.177254573 0.965053201 0.193010673
vn 0.177254573 0.965053201 0.193010673
vn 0.177254573 0.965053201 0.193010673
vn 0.343054444 0.926641464 0.153783083
vn 0.39722237 0.908498883 0.129785582
vn 0.270917535 0.946248353 0.176685408
vn 0.270917535 0.946248353 0.176685408
vn 0.278546989 0.945490658 0.168697521
vn 0.287886083 0.942531347 0.169576794
vn 0.413671166 0.902197301 0.122131549
vn 0.484315723 0.870193422 0.0905631557
vn 0.343054444 0.926641464 0.153783083
vn 0.349984318 0.924116075 0.153363973
vn 0.499941796 0.862104535 0.0826676041
vn 0.554881573 0.83035481 0.0511593483
vn 0.413671166 0.902197301 0.122131549
vn 0.349984318 0.924116075 0.153363973
vn 0.295094907 0.940369368 0.169187844
vn 0.302253723 0.938164294 0.1687911
vn 0.560499847 0.827031434 0.0431154333
vn 0.59284097 0.804850459 0.0274827499
vn 0.587712824 0.80859834 0.0276107304
vn 0.490641356 0.867454171 0.0824278146
vn 0.413671166 0.902197301 0.122131549
vn 0.560293317 0.826726675 0.0509358123
vn 0.583837986 0.81110394 0.0352654383
vn 0.373532534 0.916137874 0.145481139
vn 0.380690813 0.914443016 0.137362733
vn 0.490309119 0.866866767 0.0902169347
vn 0.554881573 0.83035481 0.0511593483
vn 0.574767053 0.817185998 0.0430098325
vn 0.420170307 0.899243176 0.121731639
vn 0.545559525 0.836001575 0.0588733889
vn 0.569284379 0.820554852 0.0510393456
vn 0.490309119 0.866866767 0.0902169347
vn 0.357275009 0.92263341 0.145265713
vn 0.420170307 0.899243176 0.121731639
vn 0.530579805 0.844997585 0.0668138117
vn 0.554641068 0.829994977 0.059004426
vn 0.484315723 0.870193422 0.0905631557
vn 0.426605433 0.896262944 0.121328212
vn 0.429616839 0.894706786 0.122184657
vn 0.47461924 0.874711633 0.098061882
vn 0.47461924 0.874711633 0.098061882
vn 0.515049934 0.853174448 0.0825653076
vn 0.530285001 0.844528079 0.0746327639
vn 0.508888483 0.856037438 0.0907321125
vn 0.524276555 0.847514868 0.0827805698
vn -0.501874387 0.849629879 0.162022457
vn -0.508983731 0.848306119 0.145987585
vn -0.509555161 0.849258542 0.138251424
vn -0.499138057 0.852858067 0.153278664
vn -0.517358422 0.849099576 0.106631152
vn -0.477062434 0.855558276 0.201075926
vn -0.506685615 0.852331579 0.129617274
vn -0.523918629 0.846935987 0.0906024873
vn -0.477805734 0.856891334 0.193491623
vn -0.45445314 0.857533336 0.241057768
vn -0.51108861 0.85181427 0.11489591
vn -0.524602771 0.84804213 0.0749432966
vn -0.447276622 0.858929515 0.249366656
vn -0.422417015 0.856677532 0.296086699
vn -0.478522509 0.858176887 0.185872406
vn -0.517358422 0.849099576 0.106631152
vn -0.530579865 0.844997525 0.0668138042
vn -0.414909542 0.857479751 0.304266989
vn -0.373301834 0.852699935 0.365442842
vn -0.447276622 0.858929515 0.249366656
vn -0.485279769 0.856144011 0.177541405
vn -0.517778516 0.849789083 0.0988127217
vn -0.530842364 0.845415533 0.058982525
vn -0.366508394 0.855186105 0.366508394
vn -0.279581726 0.846620739 0.452843606
vn -0.485279769 0.856144011 0.177541405
vn -0.407337397 0.858176887 0.312423855
vn -0.446382344 0.857212186 0.256768614
vn -0.518167198 0.850427032 0.0909759551
vn -0.531072378 0.845781744 0.0511403382
vn -0.517778516 0.849789083 0.0988127217
vn -0.485945851 0.857319236 0.169883564
vn -0.485945851 0.857319236 0.169883564
vn -0.478522509 0.858176887 0.185872406
vn -0.440022528 0.860224307 0.257670879
vn -0.406321883 0.856037438 0.319534719
vn -0.440022528 0.860224307 0.257670879
vn -0.431768656 0.859576225 0.27332145
vn -0.440022528 0.860224307 0.257670879
vn -0.398680359 0.856570721 0.327628404
vn -0.390980721 0.856998205 0.335690498
vn -0.398680359 0.856570721 0.327628404
vn -0.398680359 0.856570721 0.327628404
vn -0.358604163 0.855133057 0.374366969
vn -0.349595308 0.85238421 0.388875753
vn -0.344990999 0.852563977 0.392575949
vn -0.349595308 0.85238421 0.388875753
vn -0.350657433 0.854973733 0.382177204
vn -0.350657433 0.854973733 0.382177204
vn -0.279581726 0.846620739 0.452843606
vn -0.279581726 0.846620739 0.452843606
vn -0.279581726 0.846620739 0.452843606
vn -0.209548384 0.834239721 0.510032892
vn -0.279581726 0.846620739 0.452843606
vn -0.201150984 0.832212746 0.51668191
vn -0.145833284 0.823760867 0.547860146
vn -0.279581726 0.846620739 0.452843606
vn -0.279581726 0.846620739 0.452843606
vn -0.279581726 0.846620739 0.452843606
vn -0.13810496 0.824683726 0.548473954
vn -0.074628152 0.813053608 0.577385902
vn -0.201150984 0.832212746 0.51668191
vn -0.193564042 0.833510399 0.517487586
vn -0.193564042 0.833510399 0.517487586
vn -0.185178608 0.831333816 0.524016082
vn -0.0593581796 0.811227798 0.581709743
vn 0.0196948964 0.791737437 0.610543907
vn -0.129785568 0.821975052 0.55453825
vn -0.129785568 0.821975052 0.55453825
vn 0.0354354754 0.791393697 0.610278785
vn 0.106697612 0.770594478 0.628330946
vn -0.0593581796 0.811227798 0.581709743
vn -0.122040652 0.822789967 0.555088043
vn -0.177552462 0.832523644 0.524766147
vn -0.169187799 0.830200493 0.531171024
vn 0.114501044 0.769921422 0.627782166
vn 0.153335392 0.758814096 0.633000374
vn 0.153335392 0.758814096 0.633000374
vn 0.0354354754 0.791393697 0.610278785
vn -0.0514663346 0.811583638 0.58196491
vn 0.114501044 0.769921422 0.627782166
vn 0.145643234 0.759707093 0.633745313
vn -0.106704399 0.818066776 0.565137982
vn -0.0906306207 0.815675259 0.571366787
vn 0.0275677498 0.791590154 0.610430241
vn 0.106697612 0.770594478 0.628330946
vn 0.130180717 0.761360466 0.635124564
vn -0.0512292162 0.807844579 0.587165117
vn 0.090478912 0.7749722 0.625485241
vn 0.121679001 0.765400708 0.631946206
vn 0.0275677498 0.791590154 0.610430241
vn -0.114508316 0.817352176 0.564644337
vn -0.0512292162 0.807844579 0.587165117
vn 0.0748407841 0.775981545 0.626299858
vn 0.0983831957 0.767389536 0.633588254
vn 0.0196948964 0.791737437 0.610543907
vn -0.0433639698 0.808145761 0.587384045
vn -0.0354906544 0.808397055 0.587566674
vn 0.0118752811 0.795648098 0.605642617
vn 0.0118752811 0.795648098 0.605642617
vn 0.059073817 0.783713639 0.618306756
vn 0.0748407841 0.775981545 0.626299858
vn 0.043355763 0.784346461 0.618806064
vn 0.0591472536 0.776801527 0.626961708
vn 0.263324767 0.734951437 -0.62490505
vn 0.277863592 0.731838048 -0.622257888
vn 0.286446333 0.733773649 -0.616055787
vn 0.269065648 0.737006068 -0.620020866
vn 0.310775608 0.735633552 -0.601881862
vn 0.215206802 0.739529312 -0.637794971
vn 0.286164433 0.740891695 -0.60760951
vn 0.324528337 0.738986433 -0.590407014
vn 0.223760024 0.741941452 -0.632024109
vn 0.168926373 0.742490768 -0.648206115
vn 0.30188182 0.740982831 -0.599843144
vn 0.339960486 0.738534987 -0.582231104
vn 0.160456374 0.73966521 -0.65356648
vn 0.114301659 0.737049282 -0.666103244
vn 0.231198311 0.740618646 -0.630897284
vn 0.308982939 0.739212453 -0.598409951
vn 0.3484146 0.739891887 -0.575471342
vn 0.10595236 0.733818829 -0.671032071
vn 0.0274673961 0.733773649 -0.67883867
vn 0.160456374 0.73966521 -0.65356648
vn 0.231198311 0.740618646 -0.630897284
vn 0.317505419 0.740846157 -0.591892838
vn 0.355265468 0.737859249 -0.573890388
vn 0.0196231771 0.733909249 -0.678964019
vn -0.105998188 0.726283729 -0.679173291
vn 0.239773065 0.742903709 -0.624982357
vn 0.0903950185 0.734951437 -0.672067821
vn 0.152816594 0.740573168 -0.654368758
vn 0.324528337 0.738986433 -0.590407014
vn 0.355265468 0.737859249 -0.573890388
vn 0.317505419 0.740846157 -0.591892838
vn 0.239773065 0.742903709 -0.624982357
vn 0.247161388 0.741484523 -0.623788416
vn 0.231198311 0.740618646 -0.630897284
vn 0.152816594 0.740573168 -0.654368758
vn 0.082590729 0.73545146 -0.672525048
vn 0.152816594 0.740573168 -0.654368758
vn 0.136748925 0.738444686 -0.660302341
vn 0.152816594 0.740573168 -0.654368758
vn 0.0669378787 0.736317515 -0.673316956
vn 0.05877918 0.73278141 -0.67792064
vn 0.0747712031 0.735906899 -0.672941446
vn 0.0747712031 0.735906899 -0.672941446
vn 0.0117753334 0.73399967 -0.679047704
vn -0.00392543292 0.734044909 -0.679089546
vn -0.0117754526 0.73399967 -0.679047704
vn -0.00392543292 0.734044909 -0.679089546
vn 0.00392531324 0.734044909 -0.679089606
vn 0.00392531324 0.734044909 -0.679089606
vn -0.105998188 0.726283729 -0.679173291
vn -0.105998188 0.726283729 -0.679173291
vn -0.105998188 0.726283729 -0.679173291
vn -0.193010673 0.720835686 -0.665689707
vn -0.105998188 0.726283729 -0.679173291
vn -0.200577676 0.719719887 -0.664659262
vn -0.262386233 0.716666877 -0.646174967
vn -0.105998188 0.726283729 -0.679173291
vn -0.105998188 0.726283729 -0.679173291
vn -0.105998188 0.726283729 -0.679173291
vn -0.271017879 0.718786597 -0.640230536
vn -0.334337473 0.711942196 -0.617540896
vn -0.200577676 0.719719887 -0.664659262
vn -0.200577676 0.719719887 -0.664659262
vn -0.208108962 0.718564868 -0.663592637
vn -0.215603441 0.717371404 -0.662490427
vn -0.349876195 0.711546004 -0.609334826
vn -0.421263099 0.704729915 -0.570870459
vn -0.271017879 0.718786597 -0.640230536
vn -0.278273076 0.717239082 -0.638852239
vn -0.436012208 0.703118801 -0.561709285
vn -0.497572631 0.693467498 -0.521079957
vn -0.349876195 0.711546004 -0.609334826
vn -0.287083596 0.711810052 -0.641022205
vn -0.224216655 0.71985352 -0.656915367
vn -0.231668457 0.718564928 -0.655739486
vn -0.508224785 0.689452112 -0.516104043
vn -0.537279725 0.686306179 -0.49021858
vn -0.531665027 0.689195454 -0.492282361
vn -0.436012208 0.703118801 -0.561709285
vn -0.349876195 0.711546004 -0.609334826
vn -0.500283122 0.689366579 -0.52391845
vn -0.523918629 0.689366519 -0.500283003
vn -0.302926689 0.712074459 -0.633392096
vn -0.311586767 0.713888705 -0.627117574
vn -0.427707583 0.702382267 -0.568968713
vn -0.491642296 0.696165621 -0.52310735
vn -0.516104221 0.689452112 -0.508224547
vn -0.349876195 0.711546004 -0.609334826
vn -0.483626455 0.695950329 -0.530809402
vn -0.508224785 0.689452112 -0.516104043
vn -0.427707583 0.702382267 -0.568968713
vn -0.294276059 0.710186303 -0.639559925
vn -0.356747538 0.709574878 -0.607646823
vn -0.475556761 0.695649266 -0.538440228
vn -0.49228245 0.689195454 -0.531664968
vn -0.421263099 0.704729915 -0.570870459
vn -0.356747538 0.709574878 -0.607646823
vn -0.365285009 0.710931063 -0.600952625
vn -0.412877411 0.70385766 -0.578028202
vn -0.412877411 0.70385766 -0.578028202
vn -0.459268719 0.694791257 -0.553477645
vn -0.476116002 0.68859762 -0.546943069
vn -0.451056659 0.694235206 -0.560879111
vn -0.461780071 0.690696836 -0.55650413
vn 0.64050734 0.68766135 0.341865927
vn 0.632335901 0.687321723 0.357407272
vn 0.625795066 0.688768327 0.36603114
vn 0.634099066 0.689238191 0.35052681
vn 0.602254748 0.696726263 0.389694363
vn 0.660705864 0.684162974 0.308850706
vn 0.617579103 0.69625175 0.365827173
vn 0.590226591 0.699672759 0.402604967
vn 0.656265855 0.687703848 0.310449153
vn 0.686179399 0.678337514 0.262708724
vn 0.609071314 0.695520341 0.381160855
vn 0.578028202 0.70385766 0.412877411
vn 0.654650271 0.686010838 0.317524999
vn 0.686179399 0.678337514 0.262708724
vn 0.598959982 0.700744212 0.387562394
vn 0.570870459 0.704729915 0.421263099
vn 0.650135517 0.689537764 0.319157451
vn 0.59390384 0.704031944 0.389380813
vn 0.570870459 0.704729915 0.421263099
vn 0.718564808 0.663592756 0.208108976
vn 0.717371225 0.662490487 0.215603426
vn 0.691685915 0.676054716 0.254009008
vn 0.648486376 0.687788785 0.326208353
vn 0.592074811 0.701863706 0.396023661
vn 0.560499907 0.709444106 0.427234232
vn 0.59390384 0.704031944 0.389380813
vn 0.643896639 0.691300154 0.327873766
vn 0.63873446 0.693595231 0.333082438
vn 0.650135517 0.689537764 0.319157451
vn 0.695348382 0.671777368 0.255353957
vn 0.724588096 0.661921144 0.191917971
vn 0.696726143 0.673108459 0.247987315
vn 0.696726143 0.673108459 0.247987315
vn 0.703379214 0.671943367 0.231840104
vn 0.735133052 0.65650928 0.169041336
vn 0.696726143 0.673108459 0.247987315
vn 0.73413527 0.65561825 0.176663622
vn 0.763567626 0.638264358 0.0978933349
vn 0.725657523 0.662898123 0.184356287
vn 0.73413527 0.65561825 0.176663622
vn 0.759659946 0.641578257 0.106273718
vn 0.781197488 0.624172926 0.0117769055
vn 0.73309654 0.654690683 0.184254274
vn 0.759659946 0.641578257 0.106273718
vn 0.781197488 0.624172926 0.0117769055
vn 0.789681792 0.608958662 -0.0746464729
vn 0.759001732 0.641022325 0.114046946
vn 0.755180597 0.645620883 0.113472782
vn 0.789194643 0.608583033 -0.0824531019
vn 0.787303507 0.599290848 -0.144926444
vn 0.781197488 0.624172926 0.0117769055
vn 0.786387086 0.598593235 -0.152582482
vn 0.776662529 0.589327037 -0.222461045
vn 0.781197488 0.624172926 0.0117769055
vn 0.789194643 0.608583033 -0.0824531019
vn 0.754487813 0.645028532 0.12118721
vn 0.77430141 0.585639238 -0.239758238
vn 0.754580081 0.574732125 -0.316689014
vn 0.781197488 0.624172926 0.0117769055
vn 0.785425901 0.597861648 -0.160211176
vn 0.788659871 0.608170688 -0.0902445912
vn 0.750347733 0.648206294 0.12964128
vn 0.749561489 0.647527039 0.13735424
vn 0.747354865 0.575189412 -0.332592428
vn 0.724055111 0.559675157 -0.403122574
vn 0.781197488 0.624172926 0.0117769055
vn 0.781197488 0.624172926 0.0117769055
vn 0.781197488 0.624172926 0.0117769055
vn 0.77430141 0.585639238 -0.239758238
vn 0.717989385 0.561051965 -0.411961049
vn 0.705252469 0.54939568 -0.448088527
vn 0.707706451 0.55130738 -0.441827774
vn 0.788659871 0.608170688 -0.0902445912
vn 0.785425901 0.597861648 -0.160211176
vn 0.787448466 0.607236445 -0.105776593
vn 0.790511906 0.601733088 -0.114053883
vn 0.788077712 0.607721746 -0.0980195552
vn 0.724055111 0.559675157 -0.403122574
vn 0.710142493 0.553205073 -0.435501724
vn 0.788077712 0.592038631 -0.16859366
vn 0.77430141 0.585639238 -0.239758238
vn 0.78475517 0.589542568 -0.191308394
vn 0.780524194 0.592257202 -0.200033769
vn 0.787013769 0.591239333 -0.176197037
vn 0.771304488 0.583372593 -0.254491299
vn 0.769748569 0.582195759 -0.26179266
vn 0.77282238 0.584520638 -0.247146174
vn 0.77282238 0.584520638 -0.247146174
vn 0.747354865 0.575189412 -0.332592428
vn 0.749284625 0.5766747 -0.325605333
vn 0.756432414 0.576142967 -0.309627742
vn 0.756432414 0.576142967 -0.309627742
vn 0.754580081 0.574732125 -0.316689014
vn 0.752695501 0.573296666 -0.323698044
vn 0.724055111 0.559675157 -0.403122574
vn 0.716403127 0.55198288 -0.426710039
vn 0.732241809 0.559949756 -0.387657374
vn 0.722551465 0.550701499 -0.417908132
vn 0.738039136 0.558410704 -0.378781945
vn 0.733186722 0.552830756 -0.395999193
vn 0.747950613 0.559984088 -0.356353402
vn 0.74020946 0.560052812 -0.372062892
vn 0.750023723 0.561536193 -0.349487454
vn 0.745849073 0.558410645 -0.363162071
vn -0.61685431 0.396829754 -0.679718256
vn -0.608658135 0.396609455 -0.687194467
vn -0.595342457 0.398209125 -0.697851598
vn -0.606752455 0.403196722 -0.685042977
vn -0.571402311 0.405892611 -0.713267565
vn -0.646889806 0.403815985 -0.646889687
vn -0.59346348 0.404812813 -0.695649087
vn -0.554264069 0.404887855 -0.727225721
vn -0.642295063 0.405867428 -0.650175869
vn -0.679718375 0.396829754 -0.616854072
vn -0.5766747 0.404064506 -0.710055053
vn -0.543886602 0.410849541 -0.731703401
vn -0.687194586 0.396609396 -0.608657897
vn -0.719363928 0.397025943 -0.569987655
vn -0.639009416 0.403791189 -0.654690504
vn -0.569565475 0.412443906 -0.710974693
vn -0.538340628 0.412596762 -0.734815121
vn -0.631052434 0.403716743 -0.662408948
vn -0.690481782 0.398506582 -0.603678226
vn -0.726328492 0.396536052 -0.561432183
vn -0.561051965 0.411961138 -0.717989385
vn -0.529631793 0.411935806 -0.741484404
vn -0.631052434 0.403716743 -0.662408948
vn -0.690481782 0.398506582 -0.603678226
vn -0.555639505 0.413774014 -0.721148968
vn -0.523951173 0.413645566 -0.74456197
vn -0.561051965 0.411961138 -0.717989385
vn -0.626299918 0.40571624 -0.665689707
vn -0.623021901 0.403592736 -0.670042276
vn -0.634335339 0.405816913 -0.657975018
vn -0.694577217 0.396340609 -0.60039705
vn -0.733186841 0.395999253 -0.552830577
vn -0.697851777 0.398209184 -0.595342338
vn -0.705123544 0.397862941 -0.586946249
vn -0.694577217 0.396340609 -0.60039705
vn -0.739937186 0.39541617 -0.544186473
vn -0.749700189 0.39643833 -0.529892743
vn -0.752815008 0.398085386 -0.524211407
vn -0.743087411 0.397099555 -0.538639963
vn -0.743087411 0.397099555 -0.538639963
vn -0.783908188 0.397862941 -0.476647556
vn -0.780956924 0.396365017 -0.482701868
vn -0.789828122 0.396878779 -0.467609555
vn -0.789828122 0.396878779 -0.467609555
vn -0.833198488 0.398829579 -0.383034289
vn -0.786917329 0.395416111 -0.473716289
vn -0.786917329 0.395416111 -0.473716289
vn -0.833198488 0.398829579 -0.383034289
vn -0.864357769 0.40652439 -0.296012849
vn -0.833198488 0.398829579 -0.383034289
vn -0.864357769 0.40652439 -0.296012849
vn -0.878558993 0.421550691 -0.224564299
vn -0.833198488 0.398829579 -0.383034289
vn -0.880090296 0.422285467 -0.217062533
vn -0.889203012 0.430769444 -0.154128447
vn -0.866357446 0.407464921 -0.288785785
vn -0.833198488 0.398829579 -0.383034289
vn -0.888204813 0.438180983 -0.138165087
vn -0.890895128 0.451334506 -0.051020354
vn -0.880090296 0.422285467 -0.217062533
vn -0.86831075 0.404687792 -0.286817521
vn -0.889870405 0.454822689 -0.0355947539
vn -0.883426845 0.467234641 0.035337124
vn -0.888204813 0.438180983 -0.138165087
vn -0.883318007 0.420066744 -0.208070353
vn -0.870247424 0.405590415 -0.279581696
vn -0.833198488 0.398829579 -0.383034289
vn -0.881409168 0.470348388 0.0434776321
vn -0.875952363 0.475292504 0.0824888274
vn -0.875952363 0.475292504 0.0824888274
vn -0.889592171 0.454680413 -0.0434911028
vn -0.883154631 0.467090607 0.0431764983
vn -0.879761457 0.46946907 0.0749572963
vn -0.888204813 0.438180983 -0.138165087
vn -0.884737253 0.420741677 -0.200540349
vn -0.886658609 0.461062402 0.0354663953
vn -0.880694032 0.469966769 0.0592395514
vn -0.891224623 0.451501429 -0.0431870297
vn -0.88704443 0.46126309 0.0197121538
vn -0.886053443 0.460747778 0.0511942469
vn -0.890785396 0.43558228 -0.129497349
vn -0.890895128 0.451334506 -0.051020354
vn -0.867454052 0.41213882 -0.278684258
vn -0.887209952 0.461349159 0.00394321419
vn -0.886879027 0.461177081 0.0275918469
vn -0.89365232 0.444857746 -0.0590518415
vn -0.890785396 0.43558228 -0.129497349
vn -0.886108339 0.421393752 -0.192974642
vn -0.891994953 0.45189169 -0.0117884167
vn -0.892049968 0.451919556 0.0039297943
vn -0.893209457 0.444637269 -0.0668922663
vn -0.895040512 0.445548773 -0.019714484
vn -0.895151913 0.445604235 -0.011830139
vn -0.893209457 0.444637269 -0.0668922663
vn -0.892491221 0.436416388 -0.114018619
vn -0.891664565 0.436012149 -0.121769078
vn -0.886934161 0.429670304 -0.169502884
vn -0.887430787 0.422022611 -0.185374334
vn -0.872958839 0.414754182 -0.256752551
vn -0.871166468 0.413902581 -0.264109224
vn -0.833198488 0.398829579 -0.383034289
vn -0.833198488 0.398829579 -0.383034289
vn -0.771872759 0.395731717 -0.497603178
vn -0.774876297 0.397271574 -0.491672665
g submesh_0
usemtl submesh_0
f 1/1/1 2/2/2 3/3/3
f 3/3/3 4/4/4 1/1/1
f 5/5/5 4/4/4 3/3/3
f 6/6/6 1/1/1 4/4/4
f 4/4/4 5/5/5 7/7/7
f 7/7/7 5/5/5 8/8/8
f 4/4/4 9/9/9 6/6/6
f 9/9/9 4/4/4 7/7/7
f 10/10/10 6/6/6 9/9/9
f 8/8/8 11/11/11 7/7/7
f 12/12/12 11/11/11 8/8/8
f 9/9/9 13/13/13 10/10/10
f 14/14/14 10/10/10 13/13/13
f 7/7/7 15/15/15 9/9/9
f 15/15/15 7/7/7 11/11/11
f 13/13/13 9/9/9 15/15/15
f 16/16/16 11/11/11 12/12/12
f 17/17/17 16/16/16 12/12/12
f 13/13/13 18/18/18 14/14/14
f 19/19/19 14/14/14 18/18/18
f 15/15/15 20/20/20 13/13/13
f 20/20/20 18/18/18 13/13/13
f 11/11/11 21/21/21 15/15/15
f 21/21/21 11/11/11 16/16/16
f 20/20/20 15/15/15 21/21/21
f 22/22/22 16/16/16 17/17/17
f 23/23/23 22/22/22 17/17/17
f 18/18/18 24/24/24 19/19/19
f 25/25/25 19/19/19 24/24/24
f 18/18/18 20/20/20 26/26/26
f 24/24/24 18/18/18 26/26/26
f 21/21/21 27/27/27 20/20/20
f 26/26/26 20/20/20 27/27/27
f 16/16/16 28/28/28 21/21/21
f 28/28/28 16/16/16 22/22/22
f 27/27/27 21/21/21 28/28/28
f 29/29/29 22/22/22 23/23/23
f 29/29/29 23/23/23 30/30/30
f 30/30/30 31/31/31 29/29/29
f 22/22/22 32/32/32 28/28/28
f 29/29/29 32/32/32 22/22/22
f 33/33/33 29/29/29 31/31/31
f 33/33/33 32/32/32 29/29/29
f 31/31/31 34/34/34 33/33/33
f 28/28/28 35/35/35 27/27/27
f 35/35/35 28/28/28 32/32/32
f 27/27/27 36/36/36 26/26/26
f 35/35/35 36/36/36 27/27/27
f 37/37/37 33/33/33 34/34/34
f 34/34/34 38/38/38 37/37/37
f 39/39/39 32/32/32 33/33/33
f 32/32/32 39/39/39 35/35/35
f 33/33/33 37/37/37 39/39/39
f 40/40/40 37/37/37 38/38/38
f 38/38/38 41/41/41 40/40/40
f 42/42/42 35/35/35 39/39/39
f 36/36/36 35/35/35 42/42/42
f 37/37/37 43/43/43 39/39/39
f 43/43/43 37/37/37 40/40/40
f 39/39/39 43/43/43 42/42/42
f 44/44/44 26/26/26 36/36/36
f 26/26/26 44/44/44 24/24/24
f 45/45/45 40/40/40 41/41/41
f 41/41/41 46/46/46 45/45/45
f 47/47/47 43/43/43 40/40/40
f 40/40/40 45/45/45 47/47/47
f 48/48/48 36/36/36 42/42/42
f 36/36/36 48/48/48 44/44/44
f 49/49/49 42/42/42 43/43/43
f 43/43/43 47/47/47 49/49/49
f 42/42/42 49/49/49 48/48/48
f 50/50/50 24/24/24 44/44/44
f 24/24/24 50/50/50 25/25/25
f 51/51/51 45/45/45 46/46/46
f 52/52/52 51/51/51 46/46/46
f 53/53/53 51/51/51 52/52/52
f 54/54/54 47/47/47 45/45/45
f 51/51/51 54/54/54 45/45/45
f 55/55/55 51/51/51 53/53/53
f 54/54/54 51/51/51 55/55/55
f 56/56/56 55/55/55 53/53/53
f 57/57/57 49/49/49 47/47/47
f 57/57/57 47/47/47 54/54/54
f 58/58/58 44/44/44 48/48/48
f 50/50/50 44/44/44 58/58/58
f 59/59/59 48/48/48 49/49/49
f 59/59/59 49/49/49 57/57/57
f 58/58/58 48/48/48 59/59/59
f 55/55/55 56/56/56 60/60/60
f 61/61/61 60/60/60 56/56/56
f 55/55/55 62/62/62 54/54/54
f 57/57/57 54/54/54 62/62/62
f 62/62/62 55/55/55 60/60/60
f 59/59/59 57/57/57 63/63/63
f 62/62/62 63/63/63 57/57/57
f 64/64/64 58/58/58 59/59/59
f 63/63/63 64/64/64 59/59/59
f 50/50/50 58/58/58 65/65/65
f 65/65/65 58/58/58 64/64/64
f 60/60/60 61/61/61 66/66/66
f 67/67/67 66/66/66 61/61/61
f 60/60/60 68/68/68 62/62/62
f 68/68/68 63/63/63 62/62/62
f 68/68/68 60/60/60 66/66/66
f 64/64/64 63/63/63 69/69/69
f 69/69/69 63/63/63 68/68/68
f 66/66/66 67/67/67 70/70/70
f 70/70/70 67/67/67 71/71/71
f 72/72/72 68/68/68 66/66/66
f 69/69/69 68/68/68 72/72/72
f 72/72/72 66/66/66 70/70/70
f 73/73/73 64/64/64 69/69/69
f 73/73/73 65/65/65 64/64/64
f 65/65/65 74/74/74 50/50/50
f 25/25/25 50/50/50 74/74/74
f 74/74/74 75/75/75 25/25/25
f 70/70/70 71/71/71 76/76/76
f 76/76/76 71/71/71 77/77/77
f 77/77/77 78/78/78 76/76/76
f 70/70/70 79/79/79 72/72/72
f 79/79/79 70/70/70 76/76/76
f 72/72/72 80/80/80 69/69/69
f 73/73/73 69/69/69 80/80/80
f 79/79/79 80/80/80 72/72/72
f 81/81/81 76/76/76 78/78/78
f 79/79/79 76/76/76 81/81/81
f 78/78/78 82/82/82 81/81/81
f 75/75/75 74/74/74 83/83/83
f 84/84/84 75/75/75 83/83/83
f 80/80/80 79/79/79 85/85/85
f 85/85/85 79/79/79 81/81/81
f 86/86/86 81/81/81 82/82/82
f 85/85/85 81/81/81 86/86/86
f 82/82/82 87/87/87 86/86/86
f 88/88/88 73/73/73 80/80/80
f 88/88/88 80/80/80 85/85/85
f 89/89/89 86/86/86 87/87/87
f 87/87/87 90/90/90 89/89/89
f 91/91/91 85/85/85 86/86/86
f 85/85/85 91/91/91 88/88/88
f 91/91/91 86/86/86 89/89/89
f 92/92/92 73/73/73 88/88/88
f 92/92/92 65/65/65 73/73/73
f 92/92/92 74/74/74 65/65/65
f 83/83/83 74/74/74 92/92/92
f 88/88/88 93/93/93 92/92/92
f 91/91/91 93/93/93 88/88/88
f 83/83/83 92/92/92 93/93/93
f 94/94/94 89/89/89 90/90/90
f 90/90/90 95/95/95 94/94/94
f 96/96/96 91/91/91 89/89/89
f 93/93/93 91/91/91 96/96/96
f 96/96/96 89/89/89 94/94/94
f 93/93/93 97/97/97 83/83/83
f 97/97/97 93/93/93 96/96/96
f 84/84/84 83/83/83 97/97/97
f 98/98/98 84/84/84 97/97/97
f 96/96/96 99/99/99 97/97/97
f 97/97/97 99/99/99 98/98/98
f 99/99/99 96/96/96 94/94/94
f 100/100/100 98/98/98 99/99/99
f 101/101/101 94/94/94 95/95/95
f 99/99/99 94/94/94 101/101/101
f 99/99/99 101/101/101 100/100/100
f 95/95/95 102/102/102 101/101/101
f 103/103/103 100/100/100 101/101/101
f 101/101/101 102/102/102 103/103/103
f 104/104/104 103/103/103 102/102/102
f 105/105/105 106/106/106 107/107/107
f 107/107/107 108/108/108 105/105/105
f 108/108/108 107/107/107 109/109/109
f 110/110/110 105/105/105 108/108/108
f 108/108/108 109/109/109 111/111/111
f 111/111/111 109/109/109 112/112/112
f 108/108/108 113/113/113 110/110/110
f 113/113/113 108/108/108 111/111/111
f 114/114/114 110/110/110 113/113/113
f 112/112/112 115/115/115 111/111/111
f 115/115/115 112/112/112 116/116/116
f 113/113/113 117/117/117 114/114/114
f 118/118/118 114/114/114 117/117/117
f 111/111/111 119/119/119 113/113/113
f 119/119/119 111/111/111 115/115/115
f 119/119/119 117/117/117 113/113/113
f 115/115/115 116/116/116 120/120/120
f 120/120/120 116/116/116 121/121/121
f 117/117/117 122/122/122 118/118/118
f 123/123/123 118/118/118 122/122/122
f 117/117/117 119/119/119 124/124/124
f 122/122/122 117/117/117 124/124/124
f 115/115/115 125/125/125 119/119/119
f 125/125/125 115/115/115 120/120/120
f 125/125/125 124/124/124 119/119/119
f 120/120/120 121/121/121 126/126/126
f 126/126/126 121/121/121 127/127/127
f 122/122/122 128/128/128 123/123/123
f 129/129/129 123/123/123 128/128/128
f 120/120/120 130/130/130 125/125/125
f 130/130/130 120/120/120 126/126/126
f 124/124/124 131/131/131 122/122/122
f 128/128/128 122/122/122 131/131/131
f 124/124/124 125/125/125 132/132/132
f 132/132/132 125/125/125 130/130/130
f 131/131/131 124/124/124 132/132/132
f 126/126/126 127/127/127 133/133/133
f 133/133/133 127/127/127 134/134/134
f 134/134/134 135/135/135 133/133/133
f 126/126/126 136/136/136 130/130/130
f 136/136/136 126/126/126 133/133/133
f 137/137/137 133/133/133 135/135/135
f 136/136/136 133/133/133 137/137/137
f 135/135/135 138/138/138 137/137/137
f 130/130/130 139/139/139 132/132/132
f 130/130/130 136/136/136 139/139/139
f 132/132/132 140/140/140 131/131/131
f 140/140/140 132/132/132 139/139/139
f 141/141/141 137/137/137 138/138/138
f 138/138/138 142/142/142 141/141/141
f 143/143/143 136/136/136 137/137/137
f 139/139/139 136/136/136 143/143/143
f 137/137/137 141/141/141 143/143/143
f 144/144/144 141/141/141 142/142/142
f 142/142/142 145/145/145 144/144/144
f 146/146/146 139/139/139 143/143/143
f 139/139/139 146/146/146 140/140/140
f 147/147/147 143/143/143 141/141/141
f 141/141/141 144/144/144 147/147/147
f 143/143/143 147/147/147 146/146/146
f 148/148/148 131/131/131 140/140/140
f 131/131/131 148/148/148 128/128/128
f 149/149/149 144/144/144 145/145/145
f 145/145/145 150/150/150 149/149/149
f 151/151/151 147/147/147 144/144/144
f 144/144/144 149/149/149 151/151/151
f 152/152/152 140/140/140 146/146/146
f 140/140/140 152/152/152 148/148/148
f 153/153/153 146/146/146 147/147/147
f 147/147/147 151/151/151 153/153/153
f 146/146/146 153/153/153 152/152/152
f 148/148/148 154/154/154 128/128/128
f 128/128/128 154/154/154 129/129/129
f 150/150/150 155/155/155 149/149/149
f 155/155/155 150/150/150 156/156/156
f 155/155/155 156/156/156 157/157/157
f 149/149/149 158/158/158 151/151/151
f 158/158/158 149/149/149 155/155/155
f 157/157/157 159/159/159 155/155/155
f 158/158/158 155/155/155 159/159/159
f 159/159/159 157/157/157 160/160/160
f 151/151/151 161/161/161 153/153/153
f 161/161/161 151/151/151 158/158/158
f 152/152/152 162/162/162 148/148/148
f 148/148/148 162/162/162 154/154/154
f 153/153/153 163/163/163 152/152/152
f 163/163/163 153/153/153 161/161/161
f 162/162/162 152/152/152 163/163/163
f 160/160/160 164/164/164 159/159/159
f 160/160/160 165/165/165 164/164/164
f 159/159/159 166/166/166 158/158/158
f 161/161/161 158/158/158 166/166/166
f 166/166/166 159/159/159 164/164/164
f 163/163/163 161/161/161 167/167/167
f 166/166/166 167/167/167 161/161/161
f 162/162/162 163/163/163 168/168/168
f 167/167/167 168/168/168 163/163/163
f 154/154/154 162/162/162 169/169/169
f 168/168/168 169/169/169 162/162/162
f 165/165/165 170/170/170 164/164/164
f 165/165/165 171/171/171 170/170/170
f 164/164/164 172/172/172 166/166/166
f 167/167/167 166/166/166 172/172/172
f 164/164/164 170/170/170 172/172/172
f 167/167/167 173/173/173 168/168/168
f 172/172/172 173/173/173 167/167/167
f 171/171/171 174/174/174 170/170/170
f 171/171/171 175/175/175 174/174/174
f 172/172/172 170/170/170 176/176/176
f 173/173/173 172/172/172 176/176/176
f 176/176/176 170/170/170 174/174/174
f 168/168/168 173/173/173 177/177/177
f 169/169/169 168/168/168 177/177/177
f 169/169/169 178/178/178 154/154/154
f 154/154/154 178/178/178 129/129/129
f 179/179/179 129/129/129 178/178/178
f 175/175/175 180/180/180 174/174/174
f 180/180/180 175/175/175 181/181/181
f 181/181/181 182/182/182 180/180/180
f 174/174/174 183/183/183 176/176/176
f 174/174/174 180/180/180 183/183/183
f 176/176/176 184/184/184 173/173/173
f 173/173/173 184/184/184 177/177/177
f 176/176/176 183/183/183 184/184/184
f 185/185/185 180/180/180 182/182/182
f 180/180/180 185/185/185 183/183/183
f 182/182/182 186/186/186 185/185/185
f 178/178/178 187/187/187 179/179/179
f 188/188/188 179/179/179 187/187/187
f 183/183/183 189/189/189 184/184/184
f 183/183/183 185/185/185 189/189/189
f 190/190/190 185/185/185 186/186/186
f 185/185/185 190/190/190 189/189/189
f 186/186/186 191/191/191 190/190/190
f 177/177/177 184/184/184 192/192/192
f 192/192/192 184/184/184 189/189/189
f 193/193/193 190/190/190 191/191/191
f 191/191/191 194/194/194 193/193/193
f 189/189/189 190/190/190 195/195/195
f 189/189/189 195/195/195 192/192/192
f 190/190/190 193/193/193 195/195/195
f 196/196/196 177/177/177 192/192/192
f 177/177/177 196/196/196 169/169/169
f 178/178/178 169/169/169 196/196/196
f 196/196/196 187/187/187 178/178/178
f 192/192/192 197/197/197 196/196/196
f 192/192/192 195/195/195 197/197/197
f 187/187/187 196/196/196 197/197/197
f 198/198/198 193/193/193 194/194/194
f 194/194/194 199/199/199 198/198/198
f 195/195/195 193/193/193 200/200/200
f 195/195/195 200/200/200 197/197/197
f 193/193/193 198/198/198 200/200/200
f 197/197/197 201/201/201 187/187/187
f 201/201/201 197/197/197 200/200/200
f 187/187/187 201/201/201 188/188/188
f 188/188/188 201/201/201 202/202/202
f 200/200/200 203/203/203 201/201/201
f 201/201/201 203/203/203 202/202/202
f 200/200/200 198/198/198 203/203/203
f 202/202/202 203/203/203 204/204/204
f 205/205/205 198/198/198 199/199/199
f 198/198/198 205/205/205 203/203/203
f 203/203/203 205/205/205 204/204/204
f 199/199/199 206/206/206 205/205/205
f 204/204/204 205/205/205 207/207/207
f 205/205/205 206/206/206 207/207/207
f 207/207/207 206/206/206 208/208/208
f 209/209/209 210/210/210 211/211/211
f 211/211/211 212/212/212 209/209/209
f 213/213/213 212/212/212 211/211/211
f 214/214/214 209/209/209 212/212/212
f 213/213/213 215/215/215 212/212/212
f 215/215/215 213/213/213 216/216/216
f 212/212/212 217/217/217 214/214/214
f 217/217/217 212/212/212 215/215/215
f 218/218/218 214/214/214 217/217/217
f 216/216/216 219/219/219 215/215/215
f 216/216/216 220/220/220 219/219/219
f 217/217/217 221/221/221 218/218/218
f 222/222/222 218/218/218 221/221/221
f 215/215/215 223/223/223 217/217/217
f 223/223/223 215/215/215 219/219/219
f 223/223/223 221/221/221 217/217/217
f 220/220/220 224/224/224 219/219/219
f 220/220/220 225/225/225 224/224/224
f 221/221/221 226/226/226 222/222/222
f 227/227/227 222/222/222 226/226/226
f 223/223/223 228/228/228 221/221/221
f 228/228/228 226/226/226 221/221/221
f 219/219/219 229/229/229 223/223/223
f 229/229/229 219/219/219 224/224/224
f 229/229/229 228/228/228 223/223/223
f 225/225/225 230/230/230 224/224/224
f 225/225/225 231/231/231 230/230/230
f 226/226/226 232/232/232 227/227/227
f 233/233/233 227/227/227 232/232/232
f 224/224/224 234/234/234 229/229/229
f 234/234/234 224/224/224 230/230/230
f 228/228/228 235/235/235 226/226/226
f 232/232/232 226/226/226 235/235/235
f 229/229/229 236/236/236 228/228/228
f 236/236/236 229/229/229 234/234/234
f 235/235/235 228/228/228 236/236/236
f 231/231/231 237/237/237 230/230/230
f 237/237/237 231/231/231 238/238/238
f 238/238/238 239/239/239 237/237/237
f 230/230/230 240/240/240 234/234/234
f 230/230/230 237/237/237 240/240/240
f 241/241/241 237/237/237 239/239/239
f 237/237/237 241/241/241 240/240/240
f 239/239/239 242/242/242 241/241/241
f 234/234/234 243/243/243 236/236/236
f 240/240/240 243/243/243 234/234/234
f 236/236/236 244/244/244 235/235/235
f 243/243/243 244/244/244 236/236/236
f 245/245/245 241/241/241 242/242/242
f 242/242/242 246/246/246 245/245/245
f 247/247/247 240/240/240 241/241/241
f 243/243/243 240/240/240 247/247/247
f 241/241/241 245/245/245 247/247/247
f 248/248/248 245/245/245 246/246/246
f 246/246/246 249/249/249 248/248/248
f 250/250/250 243/243/243 247/247/247
f 250/250/250 244/244/244 243/243/243
f 245/245/245 251/251/251 247/247/247
f 248/248/248 251/251/251 245/245/245
f 247/247/247 251/251/251 250/250/250
f 252/252/252 235/235/235 244/244/244
f 235/235/235 252/252/252 232/232/232
f 253/253/253 248/248/248 249/249/249
f 249/249/249 254/254/254 253/253/253
f 255/255/255 251/251/251 248/248/248
f 248/248/248 253/253/253 255/255/255
f 256/256/256 244/244/244 250/250/250
f 244/244/244 256/256/256 252/252/252
f 257/257/257 250/250/250 251/251/251
f 251/251/251 255/255/255 257/257/257
f 250/250/250 257/257/257 256/256/256
f 258/258/258 232/232/232 252/252/252
f 232/232/232 258/258/258 233/233/233
f 259/259/259 253/253/253 254/254/254
f 254/254/254 260/260/260 259/259/259
f 260/260/260 261/261/261 259/259/259
f 262/262/262 255/255/255 253/253/253
f 253/253/253 259/259/259 262/262/262
f 261/261/261 263/263/263 259/259/259
f 262/262/262 259/259/259 263/263/263
f 261/261/261 264/264/264 263/263/263
f 265/265/265 257/257/257 255/255/255
f 255/255/255 262/262/262 265/265/265
f 266/266/266 252/252/252 256/256/256
f 252/252/252 266/266/266 258/258/258
f 267/267/267 256/256/256 257/257/257
f 257/257/257 265/265/265 267/267/267
f 256/256/256 267/267/267 266/266/266
f 268/268/268 263/263/263 264/264/264
f 269/269/269 268/268/268 264/264/264
f 263/263/263 270/270/270 262/262/262
f 265/265/265 262/262/262 270/270/270
f 270/270/270 263/263/263 268/268/268
f 267/267/267 265/265/265 271/271/271
f 270/270/270 271/271/271 265/265/265
f 267/267/267 272/272/272 266/266/266
f 271/271/271 272/272/272 267/267/267
f 258/258/258 266/266/266 273/273/273
f 272/272/272 273/273/273 266/266/266
f 274/274/274 268/268/268 269/269/269
f 275/275/275 274/274/274 269/269/269
f 268/268/268 276/276/276 270/270/270
f 270/270/270 276/276/276 271/271/271
f 276/276/276 268/268/268 274/274/274
f 272/272/272 271/271/271 277/277/277
f 277/277/277 271/271/271 276/276/276
f 278/278/278 274/274/274 275/275/275
f 279/279/279 278/278/278 275/275/275
f 274/274/274 280/280/280 276/276/276
f 277/277/277 276/276/276 280/280/280
f 280/280/280 274/274/274 278/278/278
f 277/277/277 281/281/281 272/272/272
f 272/272/272 281/281/281 273/273/273
f 273/273/273 282/282/282 258/258/258
f 258/258/258 282/282/282 233/233/233
f 282/282/282 283/283/283 233/233/233
f 284/284/284 278/278/278 279/279/279
f 284/284/284 279/279/279 285/285/285
f 285/285/285 286/286/286 284/284/284
f 278/278/278 287/287/287 280/280/280
f 284/284/284 287/287/287 278/278/278
f 280/280/280 288/288/288 277/277/277
f 281/281/281 277/277/277 288/288/288
f 287/287/287 288/288/288 280/280/280
f 289/289/289 284/284/284 286/286/286
f 289/289/289 287/287/287 284/284/284
f 286/286/286 290/290/290 289/289/289
f 283/283/283 282/282/282 291/291/291
f 291/291/291 292/292/292 283/283/283
f 293/293/293 288/288/288 287/287/287
f 289/289/289 293/293/293 287/287/287
f 294/294/294 289/289/289 290/290/290
f 294/294/294 293/293/293 289/289/289
f 290/290/290 295/295/295 294/294/294
f 288/288/288 296/296/296 281/281/281
f 296/296/296 288/288/288 293/293/293
f 297/297/297 294/294/294 295/295/295
f 295/295/295 298/298/298 297/297/297
f 294/294/294 299/299/299 293/293/293
f 293/293/293 299/299/299 296/296/296
f 297/297/297 299/299/299 294/294/294
f 300/300/300 281/281/281 296/296/296
f 300/300/300 273/273/273 281/281/281
f 273/273/273 300/300/300 282/282/282
f 291/291/291 282/282/282 300/300/300
f 296/296/296 301/301/301 300/300/300
f 296/296/296 299/299/299 301/301/301
f 291/291/291 300/300/300 301/301/301
f 302/302/302 297/297/297 298/298/298
f 298/298/298 303/303/303 302/302/302
f 297/297/297 304/304/304 299/299/299
f 304/304/304 301/301/301 299/299/299
f 302/302/302 304/304/304 297/297/297
f 301/301/301 305/305/305 291/291/291
f 305/305/305 301/301/301 304/304/304
f 292/292/292 291/291/291 305/305/305
f 305/305/305 306/306/306 292/292/292
f 304/304/304 307/307/307 305/305/305
f 306/306/306 305/305/305 307/307/307
f 304/304/304 302/302/302 307/307/307
f 307/307/307 308/308/308 306/306/306
f 309/309/309 302/302/302 303/303/303
f 309/309/309 307/307/307 302/302/302
f 308/308/308 307/307/307 309/309/309
f 303/303/303 310/310/310 309/309/309
f 309/309/309 311/311/311 308/308/308
f 311/311/311 309/309/309 310/310/310
f 312/312/312 311/311/311 310/310/310
f 313/313/313 314/314/314 315/315/315
f 315/315/315 316/316/316 313/313/313
f 317/317/317 316/316/316 315/315/315
f 318/318/318 313/313/313 316/316/316
f 316/316/316 317/317/317 319/319/319
f 319/319/319 317/317/317 320/320/320
f 316/316/316 321/321/321 318/318/318
f 321/321/321 316/316/316 319/319/319
f 322/322/322 318/318/318 321/321/321
f 320/320/320 323/323/323 319/319/319
f 324/324/324 323/323/323 320/320/320
f 321/321/321 325/325/325 322/322/322
f 326/326/326 322/322/322 325/325/325
f 319/319/319 327/327/327 321/321/321
f 327/327/327 319/319/319 323/323/323
f 325/325/325 321/321/321 327/327/327
f 328/328/328 323/323/323 324/324/324
f 329/329/329 328/328/328 324/324/324
f 325/325/325 330/330/330 326/326/326
f 331/331/331 326/326/326 330/330/330
f 327/327/327 332/332/332 325/325/325
f 332/332/332 330/330/330 325/325/325
f 323/323/323 333/333/333 327/327/327
f 333/333/333 323/323/323 328/328/328
f 332/332/332 327/327/327 333/333/333
f 334/334/334 328/328/328 329/329/329
f 335/335/335 334/334/334 329/329/329
f 330/330/330 336/336/336 331/331/331
f 337/337/337 331/331/331 336/336/336
f 330/330/330 332/332/332 338/338/338
f 336/336/336 330/330/330 338/338/338
f 333/333/333 339/339/339 332/332/332
f 338/338/338 332/332/332 339/339/339
f 328/328/328 340/340/340 333/333/333
f 340/340/340 328/328/328 334/334/334
f 339/339/339 333/333/333 340/340/340
f 341/341/341 334/334/334 335/335/335
f 341/341/341 335/335/335 342/342/342
f 342/342/342 343/343/343 341/341/341
f 334/334/334 344/344/344 340/340/340
f 341/341/341 344/344/344 334/334/334
f 345/345/345 341/341/341 343/343/343
f 345/345/345 344/344/344 341/341/341
f 343/343/343 346/346/346 345/345/345
f 340/340/340 347/347/347 339/339/339
f 347/347/347 340/340/340 344/344/344
f 339/339/339 348/348/348 338/338/338
f 347/347/347 348/348/348 339/339/339
f 349/349/349 345/345/345 346/346/346
f 346/346/346 350/350/350 349/349/349
f 351/351/351 344/344/344 345/345/345
f 344/344/344 351/351/351 347/347/347
f 345/345/345 349/349/349 351/351/351
f 352/352/352 349/349/349 350/350/350
f 350/350/350 353/353/353 352/352/352
f 354/354/354 347/347/347 351/351/351
f 348/348/348 347/347/347 354/354/354
f 349/349/349 355/355/355 351/351/351
f 355/355/355 349/349/349 352/352/352
f 351/351/351 355/355/355 354/354/354
f 356/356/356 338/338/338 348/348/348
f 338/338/338 356/356/356 336/336/336
f 357/357/357 352/352/352 353/353/353
f 353/353/353 358/358/358 357/357/357
f 359/359/359 355/355/355 352/352/352
f 352/352/352 357/357/357 359/359/359
f 360/360/360 348/348/348 354/354/354
f 348/348/348 360/360/360 356/356/356
f 361/361/361 354/354/354 355/355/355
f 355/355/355 359/359/359 361/361/361
f 354/354/354 361/361/361 360/360/360
f 362/362/362 336/336/336 356/356/356
f 336/336/336 362/362/362 337/337/337
f 363/363/363 357/357/357 358/358/358
f 364/364/364 363/363/363 358/358/358
f 365/365/365 363/363/363 364/364/364
f 366/366/366 359/359/359 357/357/357
f 363/363/363 366/366/366 357/357/357
f 367/367/367 363/363/363 365/365/365
f 366/366/366 363/363/363 367/367/367
f 368/368/368 367/367/367 365/365/365
f 369/369/369 361/361/361 359/359/359
f 366/366/366 369/369/369 359/359/359
f 370/370/370 356/356/356 360/360/360
f 362/362/362 356/356/356 370/370/370
f 371/371/371 360/360/360 361/361/361
f 369/369/369 371/371/371 361/361/361
f 370/370/370 360/360/360 371/371/371
f 372/372/372 367/367/367 368/368/368
f 373/373/373 372/372/372 368/368/368
f 367/367/367 374/374/374 366/366/366
f 369/369/369 366/366/366 374/374/374
f 374/374/374 367/367/367 372/372/372
f 371/371/371 369/369/369 375/375/375
f 374/374/374 375/375/375 369/369/369
f 376/376/376 370/370/370 371/371/371
f 375/375/375 376/376/376 371/371/371
f 362/362/362 370/370/370 377/377/377
f 377/377/377 370/370/370 376/376/376
f 372/372/372 373/373/373 378/378/378
f 379/379/379 378/378/378 373/373/373
f 372/372/372 380/380/380 374/374/374
f 380/380/380 375/375/375 374/374/374
f 380/380/380 372/372/372 378/378/378
f 376/376/376 375/375/375 381/381/381
f 381/381/381 375/375/375 380/380/380
f 378/378/378 379/379/379 382/382/382
f 383/383/383 382/382/382 379/379/379
f 384/384/384 380/380/380 378/378/378
f 381/381/381 380/380/380 384/384/384
f 384/384/384 378/378/378 382/382/382
f 381/381/381 385/385/385 376/376/376
f 385/385/385 377/377/377 376/376/376
f 377/377/377 386/386/386 362/362/362
f 337/337/337 362/362/362 386/386/386
f 386/386/386 387/387/387 337/337/337
f 382/382/382 383/383/383 388/388/388
f 388/388/388 383/383/383 389/389/389
f 389/389/389 390/390/390 388/388/388
f 382/382/382 391/391/391 384/384/384
f 388/388/388 391/391/391 382/382/382
f 384/384/384 392/392/392 381/381/381
f 385/385/385 381/381/381 392/392/392
f 391/391/391 392/392/392 384/384/384
f 393/393/393 388/388/388 390/390/390
f 391/391/391 388/388/388 393/393/393
f 390/390/390 394/394/394 393/393/393
f 387/387/387 386/386/386 395/395/395
f 396/396/396 387/387/387 395/395/395
f 392/392/392 391/391/391 397/397/397
f 393/393/393 397/397/397 391/391/391
f 398/398/398 393/393/393 394/394/394
f 397/397/397 393/393/393 398/398/398
f 394/394/394 399/399/399 398/398/398
f 400/400/400 385/385/385 392/392/392
f 400/400/400 392/392/392 397/397/397
f 401/401/401 398/398/398 399/399/399
f 399/399/399 402/402/402 401/401/401
f 398/398/398 403/403/403 397/397/397
f 397/397/397 403/403/403 400/400/400
f 403/403/403 398/398/398 401/401/401
f 404/404/404 385/385/385 400/400/400
f 404/404/404 377/377/377 385/385/385
f 404/404/404 386/386/386 377/377/377
f 395/395/395 386/386/386 404/404/404
f 400/400/400 405/405/405 404/404/404
f 403/403/403 405/405/405 400/400/400
f 395/395/395 404/404/404 405/405/405
f 406/406/406 401/401/401 402/402/402
f 402/402/402 407/407/407 406/406/406
f 401/401/401 408/408/408 403/403/403
f 408/408/408 405/405/405 403/403/403
f 408/408/408 401/401/401 406/406/406
f 405/405/405 409/409/409 395/395/395
f 409/409/409 405/405/405 408/408/408
f 396/396/396 395/395/395 409/409/409
f 410/410/410 396/396/396 409/409/409
f 408/408/408 411/411/411 409/409/409
f 410/410/410 409/409/409 411/411/411
f 406/406/406 411/411/411 408/408/408
f 412/412/412 410/410/410 411/411/411
f 413/413/413 406/406/406 407/407/407
f 413/413/413 411/411/411 406/406/406
f 411/411/411 413/413/413 412/412/412
f 407/407/407 414/414/414 413/413/413
f 415/415/415 412/412/412 413/413/413
f 413/413/413 414/414/414 415/415/415
f 416/416/416 415/415/415 414/414/414
f 417/417/417 418/418/418 419/419/419
f 419/419/419 420/420/420 417/417/417
f 420/420/420 419/419/419 421/421/421
f 422/422/422 417/417/417 420/420/420
f 421/421/421 423/423/423 420/420/420
f 423/423/423 421/421/421 424/424/424
f 420/420/420 425/425/425 422/422/422
f 425/425/425 420/420/420 423/423/423
f 426/426/426 422/422/422 425/425/425
f 424/424/424 427/427/427 423/423/423
f 427/427/427 424/424/424 428/428/428
f 425/425/425 429/429/429 426/426/426
f 430/430/430 426/426/426 429/429/429
f 423/423/423 431/431/431 425/425/425
f 431/431/431 423/423/423 427/427/427
f 431/431/431 429/429/429 425/425/425
f 428/428/428 432/432/432 427/427/427
f 432/432/432 428/428/428 433/433/433
f 429/429/429 434/434/434 430/430/430
f 435/435/435 430/430/430 434/434/434
f 429/429/429 431/431/431 436/436/436
f 436/436/436 434/434/434 429/429/429
f 427/427/427 437/437/437 431/431/431
f 437/437/437 427/427/427 432/432/432
f 437/437/437 436/436/436 431/431/431
f 433/433/433 438/438/438 432/432/432
f 438/438/438 433/433/433 439/439/439
f 434/434/434 440/440/440 435/435/435
f 441/441/441 435/435/435 440/440/440
f 432/432/432 442/442/442 437/437/437
f 442/442/442 432/432/432 438/438/438
f 436/436/436 443/443/443 434/434/434
f 440/440/440 434/434/434 443/443/443
f 436/436/436 437/437/437 444/444/444
f 444/444/444 437/437/437 442/442/442
f 443/443/443 436/436/436 444/444/444
f 439/439/439 445/445/445 438/438/438
f 445/445/445 439/439/439 446/446/446
f 446/446/446 447/447/447 445/445/445
f 438/438/438 448/448/448 442/442/442
f 448/448/448 438/438/438 445/445/445
f 449/449/449 445/445/445 447/447/447
f 445/445/445 449/449/449 448/448/448
f 447/447/447 450/450/450 449/449/449
f 442/442/442 451/451/451 444/444/444
f 448/448/448 451/451/451 442/442/442
f 444/444/444 452/452/452 443/443/443
f 444/444/444 451/451/451 452/452/452
f 453/453/453 449/449/449 450/450/450
f 450/450/450 454/454/454 453/453/453
f 455/455/455 448/448/448 449/449/449
f 451/451/451 448/448/448 455/455/455
f 449/449/449 453/453/453 455/455/455
f 456/456/456 453/453/453 454/454/454
f 454/454/454 457/457/457 456/456/456
f 458/458/458 451/451/451 455/455/455
f 451/451/451 458/458/458 452/452/452
f 455/455/455 453/453/453 459/459/459
f 453/453/453 456/456/456 459/459/459
f 455/455/455 459/459/459 458/458/458
f 460/460/460 443/443/443 452/452/452
f 443/443/443 460/460/460 440/440/440
f 461/461/461 456/456/456 457/457/457
f 457/457/457 462/462/462 461/461/461
f 463/463/463 459/459/459 456/456/456
f 456/456/456 461/461/461 463/463/463
f 464/464/464 452/452/452 458/458/458
f 452/452/452 464/464/464 460/460/460
f 465/465/465 458/458/458 459/459/459
f 459/459/459 463/463/463 465/465/465
f 458/458/458 465/465/465 464/464/464
f 466/466/466 440/440/440 460/460/460
f 440/440/440 466/466/466 441/441/441
f 467/467/467 461/461/461 462/462/462
f 462/462/462 468/468/468 467/467/467
f 467/467/467 468/468/468 469/469/469
f 470/470/470 463/463/463 461/461/461
f 461/461/461 467/467/467 470/470/470
f 469/469/469 471/471/471 467/467/467
f 470/470/470 467/467/467 471/471/471
f 469/469/469 472/472/472 471/471/471
f 473/473/473 465/465/465 463/463/463
f 463/463/463 470/470/470 473/473/473
f 474/474/474 460/460/460 464/464/464
f 460/460/460 474/474/474 466/466/466
f 475/475/475 464/464/464 465/465/465
f 465/465/465 473/473/473 475/475/475
f 464/464/464 475/475/475 474/474/474
f 472/472/472 476/476/476 471/471/471
f 472/472/472 477/477/477 476/476/476
f 471/471/471 478/478/478 470/470/470
f 473/473/473 470/470/470 478/478/478
f 478/478/478 471/471/471 476/476/476
f 475/475/475 473/473/473 479/479/479
f 478/478/478 479/479/479 473/473/473
f 474/474/474 475/475/475 480/480/480
f 479/479/479 480/480/480 475/475/475
f 466/466/466 474/474/474 481/481/481
f 480/480/480 481/481/481 474/474/474
f 477/477/477 482/482/482 476/476/476
f 483/483/483 482/482/482 477/477/477
f 476/476/476 484/484/484 478/478/478
f 478/478/478 484/484/484 479/479/479
f 482/482/482 484/484/484 476/476/476
f 485/485/485 480/480/480 479/479/479
f 484/484/484 485/485/485 479/479/479
f 486/486/486 482/482/482 483/483/483
f 487/487/487 486/486/486 483/483/483
f 482/482/482 488/488/488 484/484/484
f 485/485/485 484/484/484 488/488/488
f 488/488/488 482/482/482 486/486/486
f 485/485/485 489/489/489 480/480/480
f 480/480/480 489/489/489 481/481/481
f 481/481/481 490/490/490 466/466/466
f 466/466/466 490/490/490 441/441/441
f 441/441/441 490/490/490 491/491/491
f 492/492/492 486/486/486 487/487/487
f 492/492/492 487/487/487 493/493/493
f 493/493/493 494/494/494 492/492/492
f 486/486/486 495/495/495 488/488/488
f 492/492/492 495/495/495 486/486/486
f 488/488/488 496/496/496 485/485/485
f 496/496/496 489/489/489 485/485/485
f 488/488/488 495/495/495 496/496/496
f 497/497/497 492/492/492 494/494/494
f 497/497/497 495/495/495 492/492/492
f 494/494/494 498/498/498 497/497/497
f 490/490/490 499/499/499 491/491/491
f 499/499/499 500/500/500 491/491/491
f 501/501/501 496/496/496 495/495/495
f 497/497/497 501/501/501 495/495/495
f 502/502/502 497/497/497 498/498/498
f 502/502/502 501/501/501 497/497/497
f 498/498/498 503/503/503 502/502/502
f 496/496/496 504/504/504 489/489/489
f 504/504/504 496/496/496 501/501/501
f 505/505/505 502/502/502 503/503/503
f 503/503/503 506/506/506 505/505/505
f 502/502/502 507/507/507 501/501/501
f 501/501/501 507/507/507 504/504/504
f 505/505/505 507/507/507 502/502/502
f 508/508/508 489/489/489 504/504/504
f 489/489/489 508/508/508 481/481/481
f 481/481/481 508/508/508 490/490/490
f 508/508/508 499/499/499 490/490/490
f 504/504/504 509/509/509 508/508/508
f 504/504/504 507/507/507 509/509/509
f 499/499/499 508/508/508 509/509/509
f 510/510/510 505/505/505 506/506/506
f 506/506/506 511/511/511 510/510/510
f 507/507/507 505/505/505 512/512/512
f 512/512/512 509/509/509 507/507/507
f 510/510/510 512/512/512 505/505/505
f 509/509/509 513/513/513 499/499/499
f 513/513/513 509/509/509 512/512/512
f 499/499/499 513/513/513 500/500/500
f 513/513/513 514/514/514 500/500/500
f 512/512/512 515/515/515 513/513/513
f 515/515/515 514/514/514 513/513/513
f 512/512/512 510/510/510 515/515/515
f 515/515/515 516/516/516 514/514/514
f 517/517/517 510/510/510 511/511/511
f 517/517/517 515/515/515 510/510/510
f 516/516/516 515/515/515 517/517/517
f 511/511/511 518/518/518 517/517/517
f 517/517/517 519/519/519 516/516/516
f 519/519/519 517/517/517 518/518/518
f 518/518/518 520/520/520 519/519/519
f 521/521/521 522/522/522 523/523/523
f 523/523/523 524/524/524 521/521/521
f 524/524/524 523/523/523 525/525/525
f 526/526/526 521/521/521 524/524/524
f 525/525/525 527/527/527 524/524/524
f 527/527/527 525/525/525 528/528/528
f 524/524/524 529/529/529 526/526/526
f 529/529/529 524/524/524 527/527/527
f 530/530/530 526/526/526 529/529/529
f 528/528/528 531/531/531 527/527/527
f 531/531/531 528/528/528 532/532/532
f 529/529/529 533/533/533 530/530/530
f 534/534/534 530/530/530 533/533/533
f 527/527/527 535/535/535 529/529/529
f 535/535/535 527/527/527 531/531/531
f 535/535/535 533/533/533 529/529/529
f 532/532/532 536/536/536 531/531/531
f 536/536/536 532/532/532 537/537/537
f 533/533/533 538/538/538 534/534/534
f 539/539/539 534/534/534 538/538/538
f 533/533/533 535/535/535 540/540/540
f 538/538/538 533/533/533 540/540/540
f 531/531/531 541/541/541 535/535/535
f 541/541/541 531/531/531 536/536/536
f 535/535/535 541/541/541 540/540/540
f 537/537/537 542/542/542 536/536/536
f 542/542/542 537/537/537 543/543/543
f 538/538/538 544/544/544 539/539/539
f 545/545/545 539/539/539 544/544/544
f 536/536/536 546/546/546 541/541/541
f 546/546/546 536/536/536 542/542/542
f 540/540/540 547/547/547 538/538/538
f 544/544/544 538/538/538 547/547/547
f 540/540/540 541/541/541 548/548/548
f 548/548/548 541/541/541 546/546/546
f 547/547/547 540/540/540 548/548/548
f 543/543/543 549/549/549 542/542/542
f 549/549/549 543/543/543 550/550/550
f 550/550/550 551/551/551 549/549/549
f 542/542/542 552/552/552 546/546/546
f 552/552/552 542/542/542 549/549/549
f 553/553/553 549/549/549 551/551/551
f 549/549/549 553/553/553 552/552/552
f 551/551/551 554/554/554 553/553/553
f 546/546/546 555/555/555 548/548/548
f 546/546/546 552/552/552 555/555/555
f 548/548/548 556/556/556 547/547/547
f 556/556/556 548/548/548 555/555/555
f 557/557/557 553/553/553 554/554/554
f 554/554/554 558/558/558 557/557/557
f 559/559/559 552/552/552 553/553/553
f 555/555/555 552/552/552 559/559/559
f 553/553/553 557/557/557 559/559/559
f 560/560/560 557/557/557 558/558/558
f 558/558/558 561/561/561 560/560/560
f 562/562/562 555/555/555 559/559/559
f 555/555/555 562/562/562 556/556/556
f 563/563/563 559/559/559 557/557/557
f 557/557/557 560/560/560 563/563/563
f 559/559/559 563/563/563 562/562/562
f 564/564/564 547/547/547 556/556/556
f 547/547/547 564/564/564 544/544/544
f 565/565/565 560/560/560 561/561/561
f 561/561/561 566/566/566 565/565/565
f 567/567/567 563/563/563 560/560/560
f 560/560/560 565/565/565 567/567/567
f 568/568/568 556/556/556 562/562/562
f 556/556/556 568/568/568 564/564/564
f 569/569/569 562/562/562 563/563/563
f 563/563/563 567/567/567 569/569/569
f 562/562/562 569/569/569 568/568/568
f 564/564/564 570/570/570 544/544/544
f 544/544/544 570/570/570 545/545/545
f 566/566/566 571/571/571 565/565/565
f 566/566/566 572/572/572 571/571/571
f 571/571/571 572/572/572 573/573/573
f 565/565/565 574/574/574 567/567/567
f 565/565/565 571/571/571 574/574/574
f 573/573/573 575/575/575 571/571/571
f 574/574/574 571/571/571 575/575/575
f 575/575/575 573/573/573 576/576/576
f 567/567/567 577/577/577 569/569/569
f 567/567/567 574/574/574 577/577/577
f 568/568/568 578/578/578 564/564/564
f 564/564/564 578/578/578 570/570/570
f 569/569/569 579/579/579 568/568/568
f 569/569/569 577/577/577 579/579/579
f 568/568/568 579/579/579 578/578/578
f 576/576/576 580/580/580 575/575/575
f 576/576/576 581/581/581 580/580/580
f 575/575/575 582/582/582 574/574/574
f 577/577/577 574/574/574 582/582/582
f 582/582/582 575/575/575 580/580/580
f 579/579/579 577/577/577 583/583/583
f 582/582/582 583/583/583 577/577/577
f 578/578/578 579/579/579 584/584/584
f 583/583/583 584/584/584 579/579/579
f 570/570/570 578/578/578 585/585/585
f 584/584/584 585/585/585 578/578/578
f 581/581/581 586/586/586 580/580/580
f 587/587/587 586/586/586 581/581/581
f 580/580/580 588/588/588 582/582/582
f 583/583/583 582/582/582 588/588/588
f 586/586/586 588/588/588 580/580/580
f 583/583/583 589/589/589 584/584/584
f 588/588/588 589/589/589 583/583/583
f 587/587/587 590/590/590 586/586/586
f 591/591/591 590/590/590 587/587/587
f 588/588/588 586/586/586 592/592/592
f 589/589/589 588/588/588 592/592/592
f 592/592/592 586/586/586 590/590/590
f 584/584/584 589/589/589 593/593/593
f 585/585/585 584/584/584 593/593/593
f 585/585/585 594/594/594 570/570/570
f 570/570/570 594/594/594 545/545/545
f 545/545/545 594/594/594 595/595/595
f 596/596/596 590/590/590 591/591/591
f 596/596/596 591/591/591 597/597/597
f 597/597/597 598/598/598 596/596/596
f 590/590/590 599/599/599 592/592/592
f 596/596/596 599/599/599 590/590/590
f 592/592/592 600/600/600 589/589/589
f 600/600/600 593/593/593 589/589/589
f 592/592/592 599/599/599 600/600/600
f 601/601/601 596/596/596 598/598/598
f 601/601/601 599/599/599 596/596/596
f 598/598/598 602/602/602 601/601/601
f 594/594/594 603/603/603 595/595/595
f 595/595/595 603/603/603 604/604/604
f 599/599/599 605/605/605 600/600/600
f 601/601/601 605/605/605 599/599/599
f 606/606/606 601/601/601 602/602/602
f 606/606/606 605/605/605 601/601/601
f 602/602/602 607/607/607 606/606/606
f 593/593/593 600/600/600 608/608/608
f 608/608/608 600/600/600 605/605/605
f 609/609/609 606/606/606 607/607/607
f 607/607/607 610/610/610 609/609/609
f 605/605/605 606/606/606 611/611/611
f 605/605/605 611/611/611 608/608/608
f 609/609/609 611/611/611 606/606/606
f 612/612/612 593/593/593 608/608/608
f 593/593/593 612/612/612 585/585/585
f 594/594/594 585/585/585 612/612/612
f 612/612/612 603/603/603 594/594/594
f 608/608/608 613/613/613 612/612/612
f 608/608/608 611/611/611 613/613/613
f 603/603/603 612/612/612 613/613/613
f 614/614/614 609/609/609 610/610/610
f 610/610/610 615/615/615 614/614/614
f 611/611/611 609/609/609 616/616/616
f 611/611/611 616/616/616 613/613/613
f 609/609/609 614/614/614 616/616/616
f 613/613/613 617/617/617 603/603/603
f 617/617/617 613/613/613 616/616/616
f 603/603/603 617/617/617 604/604/604
f 604/604/604 617/617/617 618/618/618
f 616/616/616 619/619/619 617/617/617
f 617/617/617 619/619/619 618/618/618
f 616/616/616 614/614/614 619/619/619
f 619/619/619 620/620/620 618/618/618
f 621/621/621 614/614/614 615/615/615
f 614/614/614 621/621/621 619/619/619
f 621/621/621 620/620/620 619/619/619
f 615/615/615 622/622/622 621/621/621
f 621/621/621 623/623/623 620/620/620
f 622/622/622 623/623/623 621/621/621
f 622/622/622 624/624/624 623/623/623
f 625/625/625 626/626/626 627/627/627
f 627/627/627 628/628/628 625/625/625
f 628/628/628 627/627/627 629/629/629
f 630/630/630 625/625/625 628/628/628
f 629/629/629 631/631/631 628/628/628
f 631/631/631 629/629/629 632/632/632
f 628/628/628 633/633/633 630/630/630
f 633/633/633 628/628/628 631/631/631
f 634/634/634 630/630/630 633/633/633
f 632/632/632 635/635/635 631/631/631
f 635/635/635 632/632/632 636/636/636
f 631/631/631 637/637/637 633/633/633
f 637/637/637 631/631/631 635/635/635
f 633/633/633 638/638/638 634/634/634
f 637/637/637 638/638/638 633/633/633
f 636/636/636 639/639/639 635/635/635
f 639/639/639 636/636/636 640/640/640
f 635/635/635 641/641/641 637/637/637
f 641/641/641 635/635/635 639/639/639
f 640/640/640 642/642/642 639/639/639
f 642/642/642 640/640/640 643/643/643
f 634/634/634 638/638/638 644/644/644
f 644/644/644 645/645/645 634/634/634
f 638/638/638 637/637/637 646/646/646
f 641/641/641 646/646/646 637/637/637
f 639/639/639 647/647/647 641/641/641
f 647/647/647 639/639/639 642/642/642
f 643/643/643 648/648/648 642/642/642
f 648/648/648 643/643/643 649/649/649
f 649/649/649 650/650/650 648/648/648
f 651/651/651 642/642/642 648/648/648
f 642/642/642 651/651/651 647/647/647
f 652/652/652 648/648/648 650/650/650
f 648/648/648 652/652/652 651/651/651
f 650/650/650 653/653/653 652/652/652
f 654/654/654 641/641/641 647/647/647
f 646/646/646 641/641/641 654/654/654
f 638/638/638 646/646/646 655/655/655
f 655/655/655 644/644/644 638/638/638
f 647/647/647 651/651/651 656/656/656
f 647/647/647 656/656/656 654/654/654
f 657/657/657 652/652/652 653/653/653
f 653/653/653 658/658/658 657/657/657
f 659/659/659 657/657/657 658/658/658
f 660/660/660 651/651/651 652/652/652
f 652/652/652 657/657/657 660/660/660
f 656/656/656 651/651/651 660/660/660
f 661/661/661 657/657/657 659/659/659
f 660/660/660 657/657/657 661/661/661
f 662/662/662 661/661/661 659/659/659
f 654/654/654 663/663/663 646/646/646
f 655/655/655 646/646/646 663/663/663
f 664/664/664 656/656/656 660/660/660
f 661/661/661 664/664/664 660/660/660
f 665/665/665 661/661/661 662/662/662
f 665/665/665 664/664/664 661/661/661
f 665/665/665 662/662/662 666/666/666
f 654/654/654 656/656/656 667/667/667
f 667/667/667 656/656/656 664/664/664
f 667/667/667 663/663/663 654/654/654
f 668/668/668 664/664/664 665/665/665
f 668/668/668 667/667/667 664/664/664
f 666/666/666 669/669/669 665/665/665
f 668/668/668 665/665/665 669/669/669
f 670/670/670 669/669/669 666/666/666
f 671/671/671 663/663/663 667/667/667
f 671/671/671 667/667/667 668/668/668
f 672/672/672 655/655/655 663/663/663
f 672/672/672 663/663/663 671/671/671
f 669/669/669 670/670/670 673/673/673
f 674/674/674 673/673/673 670/670/670
f 669/669/669 675/675/675 668/668/668
f 671/671/671 668/668/668 675/675/675
f 675/675/675 669/669/669 673/673/673
f 673/673/673 674/674/674 676/676/676
f 676/676/676 674/674/674 677/677/677
f 675/675/675 678/678/678 671/671/671
f 672/672/672 671/671/671 678/678/678
f 673/673/673 679/679/679 675/675/675
f 679/679/679 673/673/673 676/676/676
f 678/678/678 675/675/675 679/679/679
f 680/680/680 655/655/655 672/672/672
f 680/680/680 644/644/644 655/655/655
f 676/676/676 677/677/677 681/681/681
f 681/681/681 677/677/677 682/682/682
f 678/678/678 683/683/683 672/672/672
f 680/680/680 672/672/672 683/683/683
f 676/676/676 684/684/684 679/679/679
f 684/684/684 676/676/676 681/681/681
f 679/679/679 685/685/685 678/678/678
f 683/683/683 678/678/678 685/685/685
f 684/684/684 685/685/685 679/679/679
f 686/686/686 644/644/644 680/680/680
f 645/645/645 644/644/644 686/686/686
f 686/686/686 687/687/687 645/645/645
f 681/681/681 682/682/682 688/688/688
f 688/688/688 682/682/682 689/689/689
f 683/683/683 690/690/690 680/680/680
f 686/686/686 680/680/680 690/690/690
f 687/687/687 686/686/686 691/691/691
f 690/690/690 691/691/691 686/686/686
f 691/691/691 692/692/692 687/687/687
f 693/693/693 684/684/684 681/681/681
f 693/693/693 681/681/681 688/688/688
f 689/689/689 694/694/694 688/688/688
f 694/694/694 689/689/689 695/695/695
f 695/695/695 696/696/696 694/694/694
f 697/697/697 690/690/690 683/683/683
f 685/685/685 697/697/697 683/683/683
f 685/685/685 684/684/684 698/698/698
f 698/698/698 684/684/684 693/693/693
f 697/697/697 685/685/685 698/698/698
f 692/692/692 691/691/691 699/699/699
f 699/699/699 700/700/700 692/692/692
f 691/691/691 690/690/690 701/701/701
f 701/701/701 690/690/690 697/697/697
f 701/701/701 699/699/699 691/691/691
f 702/702/702 694/694/694 696/696/696
f 696/696/696 703/703/703 702/702/702
f 704/704/704 697/697/697 698/698/698
f 704/704/704 701/701/701 697/697/697
f 693/693/693 705/705/705 698/698/698
f 704/704/704 698/698/698 705/705/705
f 700/700/700 699/699/699 706/706/706
f 707/707/707 700/700/700 706/706/706
f 708/708/708 699/699/699 701/701/701
f 708/708/708 701/701/701 704/704/704
f 706/706/706 699/699/699 708/708/708
f 707/707/707 706/706/706 709/709/709
f 710/710/710 707/707/707 709/709/709
f 708/708/708 704/704/704 711/711/711
f 711/711/711 704/704/704 705/705/705
f 706/706/706 708/708/708 712/712/712
f 712/712/712 709/709/709 706/706/706
f 711/711/711 712/712/712 708/708/708
f 705/705/705 693/693/693 713/713/713
f 688/688/688 713/713/713 693/693/693
f 713/713/713 688/688/688 694/694/694
f 694/694/694 702/702/702 713/713/713
f 705/705/705 713/713/713 714/714/714
f 711/711/711 705/705/705 714/714/714
f 714/714/714 713/713/713 702/702/702
f 710/710/710 709/709/709 715/715/715
f 716/716/716 710/710/710 715/715/715
f 709/709/709 712/712/712 717/717/717
f 717/717/717 715/715/715 709/709/709
f 712/712/712 711/711/711 718/718/718
f 714/714/714 718/718/718 711/711/711
f 712/712/712 718/718/718 717/717/717
f 702/702/702 719/719/719 714/714/714
f 718/718/718 714/714/714 719/719/719
f 719/719/719 702/702/702 703/703/703
f 703/703/703 720/720/720 719/719/719
f 719/719/719 721/721/721 718/718/718
f 721/721/721 719/719/719 720/720/720
f 717/717/717 718/718/718 721/721/721
f 720/720/720 722/722/722 721/721/721
f 721/721/721 723/723/723 717/717/717
f 723/723/723 721/721/721 722/722/722
f 715/715/715 717/717/717 723/723/723
f 722/722/722 724/724/724 723/723/723
f 723/723/723 725/725/725 715/715/715
f 725/725/725 723/723/723 724/724/724
f 716/716/716 715/715/715 725/725/725
f 724/724/724 726/726/726 725/725/725
f 727/727/727 716/716/716 725/725/725
f 725/725/725 726/726/726 727/727/727
f 728/728/728 727/727/727 726/726/726
f 729/729/729 730/730/730 731/731/731
f 731/731/731 732/732/732 729/729/729
f 733/733/733 732/732/732 731/731/731
f 734/734/734 729/729/729 732/732/732
f 733/733/733 735/735/735 732/732/732
f 735/735/735 733/733/733 736/736/736
f 732/732/732 737/737/737 734/734/734
f 737/737/737 732/732/732 735/735/735
f 738/738/738 734/734/734 737/737/737
f 736/736/736 739/739/739 735/735/735
f 736/736/736 740/740/740 739/739/739
f 737/737/737 741/741/741 738/738/738
f 742/742/742 738/738/738 741/741/741
f 735/735/735 743/743/743 737/737/737
f 743/743/743 735/735/735 739/739/739
f 743/743/743 741/741/741 737/737/737
f 740/740/740 744/744/744 739/739/739
f 740/740/740 745/745/745 744/744/744
f 739/739/739 746/746/746 743/743/743
f 746/746/746 739/739/739 744/744/744
f 743/743/743 747/747/747 741/741/741
f 746/746/746 747/747/747 743/743/743
f 741/741/741 748/748/748 742/742/742
f 747/747/747 748/748/748 741/741/741
f 745/745/745 749/749/749 744/744/744
f 745/745/745 750/750/750 749/749/749
f 744/744/744 751/751/751 746/746/746
f 751/751/751 744/744/744 749/749/749
f 746/746/746 752/752/752 747/747/747
f 752/752/752 746/746/746 751/751/751
f 750/750/750 753/753/753 749/749/749
f 753/753/753 750/750/750 754/754/754
f 754/754/754 755/755/755 753/753/753
f 749/749/749 756/756/756 751/751/751
f 749/749/749 753/753/753 756/756/756
f 757/757/757 753/753/753 755/755/755
f 753/753/753 757/757/757 756/756/756
f 755/755/755 758/758/758 757/757/757
f 756/756/756 759/759/759 751/751/751
f 751/751/751 759/759/759 752/752/752
f 760/760/760 747/747/747 752/752/752
f 747/747/747 760/760/760 748/748/748
f 761/761/761 757/757/757 758/758/758
f 758/758/758 762/762/762 761/761/761
f 763/763/763 756/756/756 757/757/757
f 759/759/759 756/756/756 763/763/763
f 757/757/757 761/761/761 763/763/763
f 759/759/759 764/764/764 752/752/752
f 752/752/752 764/764/764 760/760/760
f 765/765/765 761/761/761 762/762/762
f 762/762/762 766/766/766 765/765/765
f 761/761/761 767/767/767 763/763/763
f 761/761/761 765/765/765 767/767/767
f 768/768/768 759/759/759 763/763/763
f 759/759/759 768/768/768 764/764/764
f 763/763/763 767/767/767 768/768/768
f 760/760/760 764/764/764 769/769/769
f 769/769/769 764/764/764 768/768/768
f 748/748/748 760/760/760 770/770/770
f 769/769/769 770/770/770 760/760/760
f 771/771/771 765/765/765 766/766/766
f 766/766/766 772/772/772 771/771/771
f 771/771/771 772/772/772 773/773/773
f 774/774/774 767/767/767 765/765/765
f 765/765/765 771/771/771 774/774/774
f 775/775/775 768/768/768 767/767/767
f 768/768/768 775/775/775 769/769/769
f 767/767/767 774/774/774 775/775/775
f 773/773/773 776/776/776 771/771/771
f 774/774/774 771/771/771 776/776/776
f 773/773/773 777/777/777 776/776/776
f 775/775/775 774/774/774 778/778/778
f 776/776/776 778/778/778 774/774/774
f 777/777/777 779/779/779 776/776/776
f 778/778/778 776/776/776 779/779/779
f 777/777/777 780/780/780 779/779/779
f 769/769/769 775/775/775 781/781/781
f 778/778/778 781/781/781 775/775/775
f 780/780/780 782/782/782 779/779/779
f 783/783/783 782/782/782 780/780/780
f 779/779/779 784/784/784 778/778/778
f 781/781/781 778/778/778 784/784/784
f 784/784/784 779/779/779 782/782/782
f 781/781/781 785/785/785 769/769/769
f 770/770/770 769/769/769 785/785/785
f 786/786/786 782/782/782 783/783/783
f 787/787/787 786/786/786 783/783/783
f 782/782/782 788/788/788 784/784/784
f 786/786/786 788/788/788 782/782/782
f 784/784/784 789/789/789 781/781/781
f 785/785/785 781/781/781 789/789/789
f 784/784/784 788/788/788 789/789/789
f 790/790/790 786/786/786 787/787/787
f 791/791/791 790/790/790 787/787/787
f 786/786/786 792/792/792 788/788/788
f 792/792/792 786/786/786 790/790/790
f 788/788/788 793/793/793 789/789/789
f 793/793/793 788/788/788 792/792/792
f 789/789/789 794/794/794 785/785/785
f 793/793/793 794/794/794 789/789/789
f 785/785/785 795/795/795 770/770/770
f 785/785/785 794/794/794 795/795/795
f 796/796/796 790/790/790 791/791/791
f 796/796/796 791/791/791 797/797/797
f 797/797/797 798/798/798 796/796/796
f 790/790/790 799/799/799 792/792/792
f 796/796/796 799/799/799 790/790/790
f 800/800/800 796/796/796 798/798/798
f 800/800/800 799/799/799 796/796/796
f 798/798/798 801/801/801 800/800/800
f 792/792/792 802/802/802 793/793/793
f 792/792/792 799/799/799 802/802/802
f 793/793/793 803/803/803 794/794/794
f 802/802/802 803/803/803 793/793/793
f 804/804/804 800/800/800 801/801/801
f 801/801/801 805/805/805 804/804/804
f 800/800/800 806/806/806 799/799/799
f 806/806/806 802/802/802 799/799/799
f 804/804/804 806/806/806 800/800/800
f 807/807/807 804/804/804 805/805/805
f 805/805/805 808/808/808 807/807/807
f 809/809/809 802/802/802 806/806/806
f 802/802/802 809/809/809 803/803/803
f 804/804/804 810/810/810 806/806/806
f 807/807/807 810/810/810 804/804/804
f 806/806/806 810/810/810 809/809/809
f 794/794/794 803/803/803 811/811/811
f 794/794/794 811/811/811 795/795/795
f 812/812/812 807/807/807 808/808/808
f 808/808/808 813/813/813 812/812/812
f 810/810/810 807/807/807 814/814/814
f 812/812/812 814/814/814 807/807/807
f 809/809/809 810/810/810 815/815/815
f 814/814/814 815/815/815 810/810/810
f 816/816/816 803/803/803 809/809/809
f 803/803/803 816/816/816 811/811/811
f 809/809/809 815/815/815 816/816/816
f 817/817/817 812/812/812 813/813/813
f 813/813/813 818/818/818 817/817/817
f 814/814/814 812/812/812 819/819/819
f 817/817/817 819/819/819 812/812/812
f 820/820/820 817/817/817 818/818/818
f 818/818/818 821/821/821 820/820/820
f 817/817/817 820/820/820 822/822/822
f 822/822/822 819/819/819 817/817/817
f 819/819/819 822/822/822 823/823/823
f 814/814/814 819/819/819 824/824/824
f 823/823/823 824/824/824 819/819/819
f 824/824/824 815/815/815 814/814/814
f 824/824/824 823/823/823 825/825/825
f 815/815/815 824/824/824 826/826/826
f 824/824/824 825/825/825 826/826/826
f 826/826/826 816/816/816 815/815/815
f 826/826/826 825/825/825 827/827/827
f 816/816/816 826/826/826 828/828/828
f 828/828/828 826/826/826 827/827/827
f 811/811/811 816/816/816 828/828/828
f 828/828/828 827/827/827 829/829/829
f 811/811/811 828/828/828 830/830/830
f 830/830/830 828/828/828 829/829/829
f 830/830/830 795/795/795 811/811/811
f 831/831/831 830/830/830 829/829/829
f 795/795/795 830/830/830 832/832/832
f 832/832/832 830/830/830 831/831/831
f 832/832/832 770/770/770 795/795/795
f 742/742/742 832/832/832 831/831/831
f 770/770/770 832/832/832 748/748/748
f 748/748/748 832/832/832 742/742/742
