o other_01
v -1.36320949 0.201794907 1.42279077
v -1.38094103 0.200263351 1.43284774
v -1.3575207 0.203076333 1.41437447
v -0.240583926 -0.109158784 0.718778014
v -0.332554489 -0.00687509775 0.932669938
v -0.448781818 0.122385144 1.20297396
v -0.378528446 0.500224888 0.939813316
v -0.262301087 0.370964706 0.669509351
v -0.170330524 0.26868099 0.455617458
v 2.49334812 0.030895628 0.696290433
v 2.46495056 -0.209722281 0.696290433
v 2.08917236 -0.108187079 0.391975611
v 2.11756992 0.132431209 0.391975611
v 1.66685057 -0.0583448038 0.401192576
v 1.69524825 0.182273448 0.401192576
v 1.48070037 -0.0363754407 0.310749799
v 1.50909805 0.204242826 0.310749799
v 1.2183938 -0.00541811436 0.330012143
v 1.24679148 0.235200137 0.330012143
v 1.24679148 0.235200137 0.330012143
v 1.2183938 -0.00541811436 0.330012143
v 0.959506154 0.0251357257 0.858596385
v 0.987903833 0.265753984 0.858596385
v 0.987903833 0.265753984 0.858596385
v 0.959506154 0.0251357257 0.858596385
v 1.14118385 0.00369483978 1.12740302
v 1.16958141 0.244312435 1.12740302
v 1.61137319 -0.0517971143 1.53253305
v 1.63977087 0.188820869 1.53253305
v 1.85366654 -0.112152785 1.68649137
v 1.88206422 0.128465235 1.68649137
v 1.88206422 0.128465235 1.68649137
v 1.85366654 -0.112152785 1.68649137
v 2.4112649 -0.20972234 1.38692141
v 2.43966246 0.0308956578 1.38692141
v 2.43966246 0.0308956578 1.38692141
v 2.4112649 -0.20972234 1.38692141
v 2.46495056 -0.209722281 0.696290433
v 2.49334812 0.030895628 0.696290433
v -2.06864786 0.250806332 0.409835458
v -2.0382452 -0.0364989489 0.409835458
v -2.34796906 -0.158385426 0.513432026
v -2.37837172 0.12891984 0.513432026
v -2.62180758 -0.248822391 0.927800417
v -2.65221024 0.0384829268 0.927800417
v -2.65221024 0.0384829268 0.927800417
v -2.62180758 -0.248822391 0.927800417
v -2.66938925 -0.248822331 1.55850613
v -2.69979191 0.0384829268 1.55850613
v -2.69979191 0.0384829268 1.55850613
v -2.66938925 -0.248822331 1.55850613
v -1.93467832 -0.044391565 1.91219008
v -1.96508098 0.242913723 1.91219008
v -1.96508098 0.242913723 1.91219008
v -1.93467832 -0.044391565 1.91219008
v -1.82378113 0.00934529305 1.58784056
v -1.85418379 0.296650559 1.58784056
v -1.85418379 0.296650559 1.58784056
v -1.82378113 0.00934529305 1.58784056
v -1.39611804 0.100763313 1.33762777
v -1.42652071 0.388068557 1.33762777
v -1.42652071 0.388068557 1.33762777
v -1.39611804 0.100763313 1.33762777
v -1.9629612 -0.0204060823 0.931529701
v -1.99336386 0.266899198 0.931529701
v -1.99336386 0.266899198 0.931529701
v -1.9629612 -0.0204060823 0.931529701
v -2.0382452 -0.0364989489 0.409835458
v -2.06864786 0.250806332 0.409835458
v 1.13275111 0.292139769 0.225309849
v 1.23110116 0.0481620729 0.309664696
v 0.867075443 -0.150544852 0.0468206182
v 0.768725395 0.0934328437 -0.0375342146
v 0.768725395 0.0934328437 -0.0375342146
v 0.867075443 -0.150544852 0.0468206182
v 0.647046804 -0.169686794 0.398637146
v 0.548696756 0.0742909312 0.314282328
v 0.548696756 0.0742909312 0.314282328
v 0.647046804 -0.169686794 0.398637146
v 1.0059005 0.0639671087 0.848794341
v 0.907550454 0.307944834 0.764439464
v 0.907550454 0.307944834 0.764439464
v 1.0059005 0.0639671087 0.848794341
v 1.23110116 0.0481620729 0.309664696
v 1.13275111 0.292139769 0.225309849
v 2.0619297 0.321416795 -1.96553671
v 2.08408928 0.0123662055 -1.99645913
v 1.47167766 -0.112799242 -2.03552055
v 1.44951832 0.196251154 -2.00459814
v 1.44951832 0.196251154 -2.00459814
v 1.47167766 -0.112799242 -2.03552055
v 1.06475198 -0.176652551 -1.5638001
v 1.04259241 0.132400215 -1.53287756
v 1.04259241 0.132400215 -1.53287756
v 1.06475198 -0.176652551 -1.5638001
v 1.52379704 -0.191208005 -0.734082103
v 1.5016377 0.117842168 -0.70315975
v 1.5016377 0.117842168 -0.70315975
v 1.52379704 -0.191208005 -0.734082103
v 1.55835783 -0.18859151 -0.736502886
v 1.5361985 0.120458752 -0.705580533
v 1.57184958 -0.187569559 -0.737447858
v 1.54969025 0.121480197 -0.706525564
v 2.42786932 -0.0987644792 -1.11290836
v 2.40570974 0.210285723 -1.08198619
v 2.40570974 0.210285723 -1.08198619
v 2.42786932 -0.0987644792 -1.11290836
v 2.21934891 -0.0250591636 -1.3678087
v 2.19718933 0.283991039 -1.33688641
v 2.19718933 0.283991039 -1.33688641
v 2.21934891 -0.0250591636 -1.3678087
v 2.08408928 0.0123662055 -1.99645913
v 2.0619297 0.321416795 -1.96553671
v 0.0654854774 -0.00489115715 0.0392227471
v -0.261720538 -0.509197593 -0.0915082321
v -0.577860832 -0.227576673 -0.60759896
v -0.250655621 0.276728451 -0.476868272
v -0.250655621 0.276728451 -0.476868272
v -0.577860832 -0.227576673 -0.60759896
v -0.818737745 -0.0948880911 -0.448397309
v -0.491532058 0.409417748 -0.317666411
v -0.491532058 0.409417748 -0.317666411
v -0.818737745 -0.0948880911 -0.448397309
v -0.940238953 -0.0547728539 -0.187201262
v -0.613033235 0.449532986 -0.0564703718
v -0.613033235 0.449532986 -0.0564703718
v -0.940238953 -0.0547728539 -0.187201262
v -0.491202325 -0.341394842 -0.219070807
v -0.163996622 0.162910938 -0.0883399099
v -0.261720538 -0.509197593 -0.0915082321
v 0.0654854774 -0.00489115715 0.0392227471
v 2.86587715 0.116786659 -0.225959167
v 2.7740798 -0.23596698 -0.322589695
v 2.41331005 -0.179929435 -0.999351919
v 2.5051074 0.172824144 -0.902721524
v 1.63158286 0.0244323313 -0.847375095
v 1.72338068 0.377185851 -0.750744939
v 1.62354171 0.0265975893 -0.847838759
v 1.71533954 0.379351109 -0.751208723
v 1.71533954 0.379351109 -0.751208723
v 1.62354171 0.0265975893 -0.847838759
v 1.44464481 -0.0789994001 0.123540267
v 1.53644264 0.27375412 0.220170498
v 1.53644264 0.27375412 0.220170498
v 1.44464481 -0.0789994001 0.123540267
v 1.60783172 -0.138236642 0.230613112
v 1.69962943 0.214516401 0.32724306
v 2.01570892 -0.251222134 0.274298906
v 2.10750628 0.10153091 0.370928973
v 2.61670923 -0.52153784 0.207468703
v 2.66761446 0.0402821004 0.269245028
v 2.66761446 0.0402821004 0.269245028
v 2.61670923 -0.52153784 0.207468703
v 2.7740798 -0.23596698 -0.322589695
v 2.86587715 0.116786659 -0.225959167
v -1.10266209 0.0696457922 -1.48765671
v -1.13270068 -0.254980952 -1.51147676
v -1.2947278 -0.210019618 -2.16276598
v -1.26468921 0.114606649 -2.13894653
v -1.26468921 0.114606649 -2.13894653
v -1.2947278 -0.210019618 -2.16276598
v -2.03481412 -0.0480060279 -2.29179144
v -2.00477552 0.276620179 -2.26797152
v -2.00477552 0.276620179 -2.26797152
v -2.03481412 -0.0480060279 -2.29179144
v -2.36449528 -0.062972039 -1.86752808
v -2.33445644 0.261654288 -1.84370816
v -2.33445644 0.261654288 -1.84370816
v -2.36449528 -0.062972039 -1.86752808
v -2.13633442 -0.167584479 -1.02525473
v -2.10629606 0.157041818 -1.00143504
v -2.10629606 0.157041818 -1.00143504
v -2.13633442 -0.167584479 -1.02525473
v -1.48993027 -0.251008272 -0.818317473
v -1.45989168 0.0736180246 -0.79449749
v -1.45989168 0.0736180246 -0.79449749
v -1.48993027 -0.251008272 -0.818317473
v -1.13270068 -0.254980952 -1.51147676
v -1.10266209 0.0696457922 -1.48765671
v 1.16772687 0.23976934 1.20996284
v 1.13353562 0.0214858055 1.15813613
v 0.834045708 0.00121161342 1.65300953
v 0.868236899 0.219495133 1.70483637
v 0.378090471 0.0375477076 1.91142535
v 0.412281662 0.255831242 1.96325219
v 0.412281662 0.255831242 1.96325219
v 0.378090471 0.0375477076 1.91142535
v 0.784638703 -0.0607759655 2.37317419
v 0.818830073 0.157508746 2.42500114
v 0.818830073 0.157508746 2.42500114
v 0.784638703 -0.0607759655 2.37317419
v 1.54816139 -0.19107908 2.08765554
v 1.58235264 0.0272044539 2.1394825
v 1.58235264 0.0272044539 2.1394825
v 1.54816139 -0.19107908 2.08765554
v 1.74390721 -0.0853703022 1.66230488
v 1.77809846 0.132913277 1.71413183
v 1.13353562 0.0214858055 1.15813613
v 1.16772687 0.23976934 1.20996284
v 1.47301304 0.308246464 0.0941059142
v 1.47301304 -0.0442647561 0.265064836
v 1.54687488 -0.304721296 -0.67416054
v 1.54687488 0.047789976 -0.845119476
v 1.54687488 0.047789976 -0.845119476
v 1.54687488 -0.304721296 -0.67416054
v 1.51966059 -0.304224968 -0.672370732
v 1.51966059 0.0482887477 -0.84333086
v 0.984284997 -0.188310504 -0.254376769
v 0.984284997 0.164200217 -0.425335437
v 0.817813158 -0.126407385 -0.0311515182
v 0.817813158 0.226102859 -0.202109963
v 0.817813158 0.226102859 -0.202109963
v 0.817813158 -0.126407385 -0.0311515182
v 1.21285832 -0.0393247455 0.282877237
v 1.21285832 0.313186079 0.111918494
v 1.21285832 0.313186079 0.111918494
v 1.21285832 -0.0393247455 0.282877237
v 1.47301304 -0.0442647561 0.265064836
v 1.47301304 0.308246464 0.0941059142
v 0.175471932 0.096200645 1.13840711
v 0.198806182 -0.2305246 1.22234368
v -0.239475876 -0.251859933 1.29018474
v -0.262810081 0.0748648047 1.20624793
v -0.262810081 0.0748648047 1.20624793
v -0.239475876 -0.251859933 1.29018474
v -0.430544823 -0.29774344 1.070732
v -0.453879058 0.0289818645 0.986795306
v -0.453879058 0.0289818645 0.986795306
v -0.430544823 -0.29774344 1.070732
v -0.585856438 -0.263154656 1.38170207
v -0.609190643 0.0635706484 1.29776549
v -0.61358124 -0.198807597 2.04043531
v -0.636915505 0.127917707 1.9564985
v -0.368485838 -0.150521576 2.73389578
v -0.391820073 0.176203668 2.64995909
v -0.391820073 0.176203668 2.64995909
v -0.368485838 -0.150521576 2.73389578
v 0.182348445 -0.0699999928 2.2016263
v 0.15901421 0.256725311 2.11769009
v 0.15901421 0.256725311 2.11769009
v 0.182348445 -0.0699999928 2.2016263
v 0.349662602 -0.124450028 1.87109435
v 0.326328397 0.202274859 1.78715742
v 0.198806182 -0.2305246 1.22234368
v 0.175471932 0.096200645 1.13840711
v -0.776906371 0.333878785 0.555384278
v -0.776906371 0.0247205347 0.473053932
v -1.3575207 -0.106081381 1.33204436
v -1.3575207 0.203076333 1.41437447
v -1.36320949 -0.107362926 1.3404603
v -1.36320949 0.201794907 1.42279077
v -1.38094103 -0.108893946 1.35051763
v -1.38094103 0.200263351 1.43284774
v -1.80798662 -0.145776868 1.5927285
v -1.80798662 0.16338101 1.67505884
v -1.80798662 0.16338101 1.67505884
v -1.80798662 -0.145776868 1.5927285
v -1.55266154 -0.238084614 2.03174639
v -1.55266154 0.0710726976 2.11407661
v -1.55266154 0.0710726976 2.11407661
v -1.55266154 -0.238084614 2.03174639
v -0.757659197 -0.238085032 2.40614462
v -0.757659197 0.071072787 2.48847485
v -0.757659197 0.071072787 2.48847485
v -0.757659197 -0.238085032 2.40614462
v -0.631445765 -0.178451151 2.01452255
v -0.631445765 0.130707085 2.09685278
v -0.603727639 -0.110049099 1.35810077
v -0.603727639 0.199108735 1.440431
v -0.610646427 -0.019917354 0.766195774
v -0.610646427 0.28924042 0.848526001
v -0.610646427 0.28924042 0.848526001
v -0.610646427 -0.019917354 0.766195774
v -0.776906371 0.0247205347 0.473053932
v -0.776906371 0.333878785 0.555384278
v 0.406073064 0.134605691 0.29436034
v 0.38413462 -0.189998716 0.376927942
v 0.137177199 -0.108337313 0.823622704
v 0.159115613 0.216266379 0.74105531
v 0.159115613 0.216266379 0.74105531
v 0.137177199 -0.108337313 0.823622704
v 0.205199182 -0.0535384119 1.23200011
v 0.227137625 0.27106595 1.14943242
v 0.355321646 0.0309724957 1.88280463
v 0.377260089 0.355576813 1.80023718
v 0.377260089 0.355576813 1.80023718
v 0.355321646 0.0309724957 1.88280463
v 0.810333908 -0.033392176 1.65170455
v 0.83227241 0.291212857 1.5691371
v 1.1101563 -0.122588739 1.17776251
v 1.13209474 0.202015594 1.09519494
v 1.13209474 0.202015594 1.09519494
v 1.1101563 -0.122588739 1.17776251
v 0.927465975 -0.149107456 0.910543978
v 0.949404418 0.175496876 0.827976346
v 0.534037113 -0.200555265 0.374003023
v 0.555975556 0.124049082 0.291435391
v 0.555975556 0.124049082 0.291435391
v 0.534037113 -0.200555265 0.374003023
v 0.38413462 -0.189998716 0.376927942
v 0.406073064 0.134605691 0.29436034
v 0.842891574 0.378435284 -0.32174325
v 0.965554714 0.0632062554 -0.246670946
v 0.892673254 -0.01177001 -0.58899945
v 0.770009518 0.303460687 -0.664072156
v 0.662381172 -0.143282473 -0.896692395
v 0.53971827 0.171946019 -0.971764624
v 0.53971827 0.171946019 -0.971764624
v 0.662381172 -0.143282473 -0.896692395
v 0.338388532 -0.187338024 -0.29439649
v 0.215725422 0.127890915 -0.369468808
v 0.178494722 -0.232642531 -0.170192987
v 0.0558318049 0.0825860202 -0.245265245
v 0.0386299863 -0.26185286 0.0149709731
v -0.0840331092 0.0533761382 -0.0601013452
v -0.0840331092 0.0533761382 -0.0601013452
v 0.0386299863 -0.26185286 0.0149709731
v 0.318936884 -0.152999967 0.0133391619
v 0.196274146 0.162228167 -0.0617329553
v 0.614378452 -0.0284236073 0.0839392543
v 0.491715312 0.286805421 0.00886692852
v 0.801190972 0.0324560404 -0.00282092392
v 0.67852819 0.347684175 -0.0778930411
v 0.67852819 0.347684175 -0.0778930411
v 0.801190972 0.0324560404 -0.00282092392
v 0.965554714 0.0632062554 -0.246670946
v 0.842891574 0.378435284 -0.32174325
v 0.37644285 0.294687331 0.305171221
v 0.639478683 -0.113284379 0.305171221
v 0.833660424 0.0119124055 -0.000369139016
v 0.57062459 0.419884086 -0.000369139016
v 0.57062459 0.419884086 -0.000369139016
v 0.833660424 0.0119124055 -0.000369139016
v 0.689735293 -0.0808819532 0.0699099749
v 0.42669946 0.327089787 0.0699099749
v 0.419304609 -0.255239487 -0.0133419391
v 0.15626882 0.152732253 -0.0133419391
v 0.176360443 -0.411875367 -0.0216500033
v -0.0866753608 -0.003903687 -0.0216500033
v -0.0866753608 -0.003903687 -0.0216500033
v 0.176360443 -0.411875367 -0.0216500033
v 0.511529386 -0.195778459 0.310753852
v 0.248493552 0.212193251 0.310753852
v 0.248493552 0.212193251 0.310753852
v 0.511529386 -0.195778459 0.310753852
v 0.639478683 -0.113284379 0.305171221
v 0.37644285 0.294687331 0.305171221
v 0.0237208828 -0.0605553091 -0.280484855
v -0.046532508 -0.438395083 -0.0173242167
v -0.293403149 -0.337792873 0.120026559
v -0.223149657 0.040047437 -0.143134385
v -0.704153895 -0.137970328 0.430004537
v -0.633900523 0.239869416 0.166843951
v -0.633900523 0.239869416 0.166843951
v -0.704153895 -0.137970328 0.430004537
v -0.509111881 -0.0694386661 0.693145037
v -0.438858479 0.308401525 0.429984063
v -0.438858479 0.308401525 0.429984063
v -0.509111881 -0.0694386661 0.693145037
v -0.448781818 0.122385144 1.20297396
v -0.378528446 0.500224888 0.939813316
v -0.378528446 0.500224888 0.939813316
v -0.448781818 0.122385144 1.20297396
v -0.332554489 -0.00687509775 0.932669938
v -0.262301087 0.370964706 0.669509351
v -0.240583926 -0.109158784 0.718778014
v -0.170330524 0.26868099 0.455617458
v -0.0307286792 -0.318429708 0.291282713
v 0.0395247042 0.0594100952 0.0281220675
v 0.0395247042 0.0594100952 0.0281220675
v -0.0307286792 -0.318429708 0.291282713
v -0.046532508 -0.438395083 -0.0173242167
v 0.0237208828 -0.0605553091 -0.280484855
v 0.479079247 0.412232578 -0.649690449
v 0.598834693 -0.108279794 -1.05463338
v 0.099995479 -0.115505338 -1.29638791
v -0.0197600126 0.405007064 -0.891444921
v -0.0197600126 0.405007064 -0.891444921
v 0.099995479 -0.115505338 -1.29638791
v -0.0246547759 -0.557322919 -0.367664099
v -0.144410282 -0.0368105769 0.03727898
v -0.144410282 -0.0368105769 0.03727898
v -0.0246547759 -0.557322919 -0.367664099
v 0.115607247 -0.463997304 -0.504914284
v -0.00414824486 0.056515038 -0.0999712124
v 0.278898567 -0.390364856 -0.585982144
v 0.159143224 0.130146801 -0.181039587
v 0.598834693 -0.108279794 -1.05463338
v 0.479079247 0.412232578 -0.649690449
v 0.671627879 0.318160594 -1.13570774
v 0.617314637 -0.0798760504 -0.974148393
v 0.845155656 -0.228770673 -1.48172498
v 0.899467945 0.169263855 -1.64328289
v 0.899467945 0.169263855 -1.64328289
v 0.845155656 -0.228770673 -1.48172498
v 1.04302967 -0.265346944 -1.5229857
v 1.09734166 0.132686451 -1.68454349
v 1.09734166 0.132686451 -1.68454349
v 1.04302967 -0.265346944 -1.5229857
v 1.23353159 -0.348082066 -2.17394686
v 1.28784454 0.0499515086 -2.33550549
v 1.28784454 0.0499515086 -2.33550549
v 1.23353159 -0.348082066 -2.17394686
v 0.278074503 -0.324968398 -2.57233667
v 0.332388163 0.0730657727 -2.73389578
v 0.332388163 0.0730657727 -2.73389578
v 0.278074503 -0.324968398 -2.57233667
v 0.104875535 -0.198402584 -1.78612626
v 0.159189135 0.19963102 -1.94768453
v 0.10487546 -0.0618590266 -1.19780314
v 0.159189135 0.336175203 -1.35936177
v 0.159189135 0.336175203 -1.35936177
v 0.10487546 -0.0618590266 -1.19780314
v 0.617314637 -0.0798760504 -0.974148393
v 0.671627879 0.318160594 -1.13570774
v -0.598434269 0.356582582 -0.5517295
v -0.543208957 0.142118543 -0.551729381
v -0.678636253 0.107245713 -0.935857415
v -0.733861566 0.321709752 -0.935857654
v -1.10753596 -0.00319691002 -1.48136318
v -1.16276121 0.211267412 -1.48136318
v -1.16276121 0.211267412 -1.48136318
v -1.10753596 -0.00319691002 -1.48136318
v -1.46510065 -0.09527044 -0.803187609
v -1.52032578 0.119193405 -0.803187609
v -1.5377903 -0.113987908 -0.0361599363
v -1.59301519 0.100475729 -0.0361599997
v -1.59301519 0.100475729 -0.0361599997
v -1.5377903 -0.113987908 -0.0361599363
v -0.911522329 0.0472775102 -0.0631648153
v -0.966747344 0.261741102 -0.0631648898
v -0.966747344 0.261741102 -0.0631648898
v -0.911522329 0.0472775102 -0.0631648153
v -0.800713897 0.0758109391 -0.359532177
v -0.855938792 0.29027456 -0.359532207
v -0.855938792 0.29027456 -0.359532207
v -0.800713897 0.0758109391 -0.359532177
v -0.543208957 0.142118543 -0.551729381
v -0.598434269 0.356582582 -0.5517295
v -0.0571047962 0.201174736 0.376284987
v -0.0571047962 0.035596326 0.352677226
v -0.30967176 -0.00136189163 0.806007266
v -0.30967176 0.164216518 0.829614937
v -0.421860039 -0.0197008848 1.03095424
v -0.421860039 0.145877495 1.05456185
v -0.421860039 0.145877495 1.05456185
v -0.421860039 -0.0197008848 1.03095424
v -0.234017462 -0.037745446 1.25228858
v -0.234017462 0.127832949 1.27589631
v -0.234017462 0.127832949 1.27589631
v -0.234017462 -0.037745446 1.25228858
v 0.195425421 -0.0328952596 1.19279933
v 0.195425421 0.13268289 1.21640706
v 0.195425421 0.13268289 1.21640706
v 0.195425421 -0.0328952596 1.19279933
v 0.128663868 2.44379044e-05 0.789002955
v 0.128663868 0.165602818 0.812610626
v -0.0571047962 0.035596326 0.352677226
v -0.0571047962 0.201174736 0.376284987
v -0.0426038317 0.0727208257 -0.211743101
v -0.0331074335 -0.240489036 0.124165684
v -0.0157276466 -0.0652652681 0.409038156
v -0.02522403 0.247944117 0.0731298253
v -0.02522403 0.247944117 0.0731298253
v -0.0157276466 -0.0652652681 0.409038156
v 0.147918805 0.149497896 0.751156092
v 0.13842243 0.462707281 0.415247798
v 0.13842243 0.462707281 0.415247798
v 0.147918805 0.149497896 0.751156092
v 0.274670005 -0.0824205577 0.366706938
v 0.265173614 0.230789244 0.0307981744
v 0.265173614 0.230789244 0.0307981744
v 0.274670005 -0.0824205577 0.366706938
v -0.0331074335 -0.240489036 0.124165684
v -0.0426038317 0.0727208257 -0.211743101
v 1.5048219 0.223498046 -0.723887384
v 1.5048219 -0.140292153 -0.723887384
v 1.05041969 -0.140292093 -1.55154467
v 1.05041969 0.223495543 -1.55154467
v 1.05041969 0.223495543 -1.55154467
v 1.05041969 -0.140292093 -1.55154467
v 0.860319495 -0.140292153 -1.50044763
v 0.860319495 0.223495275 -1.50044763
v 0.860319495 0.223495275 -1.50044763
v 0.860319495 -0.140292153 -1.50044763
v 0.634240508 -0.140292093 -0.966163039
v 0.634240508 0.223497033 -0.966163039
v 0.634240508 0.223497033 -0.966163039
v 0.634240508 -0.140292093 -0.966163039
v 0.89565593 -0.140292153 -0.638647258
v 0.89565593 0.223495275 -0.638647258
v 0.983452559 -0.140291587 -0.290319294
v 0.983452559 0.223495543 -0.290319294
v 0.983452559 0.223495543 -0.290319294
v 0.983452559 -0.140291587 -0.290319294
v 1.5048219 -0.140292153 -0.723887384
v 1.5048219 0.223498046 -0.723887384
v 0.0376112312 0.35755372 -1.33615029
v 0.0812867358 0.064687103 -1.20900798
v 0.0812867954 -0.0822884738 -1.80108178
v 0.0376112536 0.210578471 -1.92822397
v -0.311976194 -0.103580147 -2.58149529
v -0.355652452 0.189286768 -2.70863771
v -0.355652452 0.189286768 -2.70863771
v -0.311976194 -0.103580147 -2.58149529
v -0.842338085 -0.231152505 -2.18451786
v -0.886014402 0.0617144406 -2.31166029
v -0.886014402 0.0617144406 -2.31166029
v -0.842338085 -0.231152505 -2.18451786
v -1.10257041 -0.17073074 -1.44616103
v -1.14624667 0.122136638 -1.57330358
v -1.14624667 0.122136638 -1.57330358
v -1.10257041 -0.17073074 -1.44616103
v -0.659859121 0.0187593997 -0.94877857
v -0.703535438 0.311626375 -1.0759207
v -0.703535438 0.311626375 -1.0759207
v -0.659859121 0.0187593997 -0.94877857
v -0.229683369 0.0931223035 -0.90764308
v -0.273360431 0.385990053 -1.03478515
v -0.273360431 0.385990053 -1.03478515
v -0.229683369 0.0931223035 -0.90764308
v 0.0812867358 0.064687103 -1.20900798
v 0.0376112312 0.35755372 -1.33615029
v -0.216007575 0.428307712 -0.0313834175
v -0.116538525 0.0593913347 -0.0313834175
v -0.40675506 -0.0188576803 -0.13287355
v -0.506223917 0.350058049 -0.13287355
v -0.919691622 -0.157158703 -0.0428029336
v -1.01916063 0.2117576 -0.0428029336
v -1.01916063 0.2117576 -0.0428029336
v -0.919691622 -0.157158703 -0.0428029336
v -0.79847455 -0.124475628 0.429048806
v -0.897943735 0.244441241 0.429048806
v -0.897943735 0.244441241 0.429048806
v -0.79847455 -0.124475628 0.429048806
v -0.362663299 -0.00696997344 0.103458121
v -0.462132454 0.361946821 0.103458121
v -0.116538525 0.0593913347 -0.0313834175
v -0.216007575 0.428307712 -0.0313834175
v -0.0302068219 0.170669138 -0.111519836
v 0.0487115681 -0.439318717 -0.545319021
v -0.0254194289 -0.0526642799 -1.51974726
v -0.104337201 0.557322919 -1.08594906
v -0.104337201 0.557322919 -1.08594906
v -0.0254194289 -0.0526642799 -1.51974726
v -0.218091562 -0.198300153 -1.22290397
v -0.297009766 0.411686718 -0.789105475
v -0.297009766 0.411686718 -0.789105475
v -0.218091562 -0.198300153 -1.22290397
v -0.562094748 -0.242844999 -1.22280908
v -0.641013145 0.367142737 -0.789010108
v -0.641013145 0.367142737 -0.789010108
v -0.562094748 -0.242844999 -1.22280908
v -0.396809578 -0.346654534 -0.914938688
v -0.475727975 0.263333261 -0.48113969
v 0.0487115681 -0.439318717 -0.545319021
v -0.0302068219 0.170669138 -0.111519836
v -0.903202236 0.128124386 -0.0406945348
v -0.9155038 1.93566084e-05 -0.0406945348
v -1.56545293 0.0624320656 -0.0134290047
v -1.55315149 0.190537095 -0.0134290047
v -1.55315149 0.190537095 -0.0134290047
v -1.56545293 0.0624320656 -0.0134290047
v -2.01647425 0.105742306 0.404190123
v -2.0041728 0.23384735 0.404190123
v -2.0041728 0.23384735 0.404190123
v -2.01647425 0.105742306 0.404190123
v -1.94201231 0.0985919535 0.916797698
v -1.92971087 0.226696998 0.916797698
v -1.92971087 0.226696998 0.916797698
v -1.94201231 0.0985919535 0.916797698
v -1.3690927 0.043576166 1.32455146
v -1.35679126 0.171681195 1.32455146
v -1.35679126 0.171681195 1.32455146
v -1.3690927 0.043576166 1.32455146
v -0.787463367 -0.0122759938 0.442746967
v -0.775161803 0.115829036 0.442746967
v -0.775161803 0.115829036 0.442746967
v -0.787463367 -0.0122759938 0.442746967
v -0.9155038 1.93566084e-05 -0.0406945348
v -0.903202236 0.128124386 -0.0406945348
v -1.53682232 0.330222309 -0.798714399
v -1.5074321 0.126485303 -0.79871434
v -2.30862379 0.0109088719 -0.944292188
v -2.3380146 0.214646146 -0.944292188
v -2.50310183 -0.0931648314 -0.882946074
v -2.53249168 0.110571668 -0.882946074
v -2.53249168 0.110571668 -0.882946074
v -2.50310183 -0.0931648314 -0.882946074
v -2.83648682 -0.0931648612 -0.307647824
v -2.86587715 0.110571668 -0.307647824
v -2.86587715 0.110571668 -0.307647824
v -2.83648682 -0.0931648612 -0.307647824
v -2.38312769 -0.0324683189 -0.00230121613
v -2.41251755 0.171268463 -0.00230121613
v -2.03133583 0.0509094 0.387730062
v -2.06072617 0.25464648 0.387730062
v -2.06072617 0.25464648 0.387730062
v -2.03133583 0.0509094 0.387730062
v -1.58179998 0.115757287 -0.0308968388
v -1.61119008 0.319494367 -0.0308968388
v -1.61119008 0.319494367 -0.0308968388
v -1.58179998 0.115757287 -0.0308968388
v -1.5074321 0.126485303 -0.79871434
v -1.53682232 0.330222309 -0.798714399
v 1.44464481 -0.0789994001 0.123540267
v 1.62354171 0.0265975893 -0.847838759
v 1.63158286 0.0244323313 -0.847375095
v 2.7740798 -0.23596698 -0.322589695
v 2.41331005 -0.179929435 -0.999351919
v 2.61670923 -0.52153784 0.207468703
v 1.60783172 -0.138236642 0.230613112
v 2.01570892 -0.251222134 0.274298906
v 2.86587715 0.116786659 -0.225959167
v 2.5051074 0.172824144 -0.902721524
v 1.72338068 0.377185851 -0.750744939
v 1.53644264 0.27375412 0.220170498
v 1.71533954 0.379351109 -0.751208723
v 2.66761446 0.0402821004 0.269245028
v 1.69962943 0.214516401 0.32724306
v 2.10750628 0.10153091 0.370928973
v -2.36449528 -0.062972039 -1.86752808
v -2.03481412 -0.0480060279 -2.29179144
v -1.2947278 -0.210019618 -2.16276598
v -1.13270068 -0.254980952 -1.51147676
v -2.13633442 -0.167584479 -1.02525473
v -1.48993027 -0.251008272 -0.818317473
v -1.26468921 0.114606649 -2.13894653
v -2.00477552 0.276620179 -2.26797152
v -2.33445644 0.261654288 -1.84370816
v -1.10266209 0.0696457922 -1.48765671
v -2.10629606 0.157041818 -1.00143504
v -1.45989168 0.0736180246 -0.79449749
v 1.06475198 -0.176652551 -1.5638001
v 1.47167766 -0.112799242 -2.03552055
v 2.08408928 0.0123662055 -1.99645913
v 2.21934891 -0.0250591636 -1.3678087
v 1.52379704 -0.191208005 -0.734082103
v 2.42786932 -0.0987644792 -1.11290836
v 1.55835783 -0.18859151 -0.736502886
v 1.57184958 -0.187569559 -0.737447858
v 2.0619297 0.321416795 -1.96553671
v 1.44951832 0.196251154 -2.00459814
v 1.04259241 0.132400215 -1.53287756
v 2.19718933 0.283991039 -1.33688641
v 1.5016377 0.117842168 -0.70315975
v 2.40570974 0.210285723 -1.08198619
v 1.54969025 0.121480197 -0.706525564
v 1.5361985 0.120458752 -0.705580533
v 1.23110116 0.0481620729 0.309664696
v 1.0059005 0.0639671087 0.848794341
v 0.647046804 -0.169686794 0.398637146
v 0.867075443 -0.150544852 0.0468206182
v 0.548696756 0.0742909312 0.314282328
v 0.907550454 0.307944834 0.764439464
v 1.13275111 0.292139769 0.225309849
v 0.768725395 0.0934328437 -0.0375342146
v -0.940238953 -0.0547728539 -0.187201262
v -0.818737745 -0.0948880911 -0.448397309
v -0.491202325 -0.341394842 -0.219070807
v -0.261720538 -0.509197593 -0.0915082321
v -0.577860832 -0.227576673 -0.60759896
v 0.0654854774 -0.00489115715 0.0392227471
v -0.250655621 0.276728451 -0.476868272
v -0.491532058 0.409417748 -0.317666411
v -0.163996622 0.162910938 -0.0883399099
v -0.613033235 0.449532986 -0.0564703718
v -2.34796906 -0.158385426 0.513432026
v -2.0382452 -0.0364989489 0.409835458
v -1.9629612 -0.0204060823 0.931529701
v -2.62180758 -0.248822391 0.927800417
v -2.66938925 -0.248822331 1.55850613
v -1.39611804 0.100763313 1.33762777
v -1.82378113 0.00934529305 1.58784056
v -1.93467832 -0.044391565 1.91219008
v -1.99336386 0.266899198 0.931529701
v -2.06864786 0.250806332 0.409835458
v -2.37837172 0.12891984 0.513432026
v -2.65221024 0.0384829268 0.927800417
v -2.69979191 0.0384829268 1.55850613
v -1.42652071 0.388068557 1.33762777
v -1.85418379 0.296650559 1.58784056
v -1.96508098 0.242913723 1.91219008
v 1.2183938 -0.00541811436 0.330012143
v 1.48070037 -0.0363754407 0.310749799
v 1.66685057 -0.0583448038 0.401192576
v 0.959506154 0.0251357257 0.858596385
v 2.46495056 -0.209722281 0.696290433
v 2.08917236 -0.108187079 0.391975611
v 2.4112649 -0.20972234 1.38692141
v 1.14118385 0.00369483978 1.12740302
v 1.61137319 -0.0517971143 1.53253305
v 1.85366654 -0.112152785 1.68649137
v 2.49334812 0.030895628 0.696290433
v 2.11756992 0.132431209 0.391975611
v 1.69524825 0.182273448 0.401192576
v 0.987903833 0.265753984 0.858596385
v 2.43966246 0.0308956578 1.38692141
v 1.24679148 0.235200137 0.330012143
v 1.50909805 0.204242826 0.310749799
v 1.16958141 0.244312435 1.12740302
v 1.63977087 0.188820869 1.53253305
v 1.88206422 0.128465235 1.68649137
v -1.3575207 -0.106081381 1.33204436
v -0.776906371 0.0247205347 0.473053932
v -0.610646427 -0.019917354 0.766195774
v -0.603727639 -0.110049099 1.35810077
v -1.36320949 -0.107362926 1.3404603
v -1.38094103 -0.108893946 1.35051763
v -1.80798662 -0.145776868 1.5927285
v -0.631445765 -0.178451151 2.01452255
v -1.55266154 -0.238084614 2.03174639
v -0.757659197 -0.238085032 2.40614462
v -0.610646427 0.28924042 0.848526001
v -0.776906371 0.333878785 0.555384278
v -1.3575207 0.203076333 1.41437447
v -0.603727639 0.199108735 1.440431
v -1.38094103 0.200263351 1.43284774
v -1.80798662 0.16338101 1.67505884
v -0.631445765 0.130707085 2.09685278
v -1.55266154 0.0710726976 2.11407661
v -0.757659197 0.071072787 2.48847485
v -0.585856438 -0.263154656 1.38170207
v -0.430544823 -0.29774344 1.070732
v -0.239475876 -0.251859933 1.29018474
v 0.349662602 -0.124450028 1.87109435
v 0.198806182 -0.2305246 1.22234368
v -0.61358124 -0.198807597 2.04043531
v 0.182348445 -0.0699999928 2.2016263
v -0.368485838 -0.150521576 2.73389578
v 0.326328397 0.202274859 1.78715742
v 0.175471932 0.096200645 1.13840711
v -0.262810081 0.0748648047 1.20624793
v -0.609190643 0.0635706484 1.29776549
v -0.453879058 0.0289818645 0.986795306
v -0.636915505 0.127917707 1.9564985
v 0.15901421 0.256725311 2.11769009
v -0.391820073 0.176203668 2.64995909
v 1.51966059 -0.304224968 -0.672370732
v 1.54687488 -0.304721296 -0.67416054
v 1.47301304 -0.0442647561 0.265064836
v 0.984284997 -0.188310504 -0.254376769
v 0.817813158 -0.126407385 -0.0311515182
v 1.21285832 -0.0393247455 0.282877237
v 1.47301304 0.308246464 0.0941059142
v 1.54687488 0.047789976 -0.845119476
v 1.51966059 0.0482887477 -0.84333086
v 0.984284997 0.164200217 -0.425335437
v 0.817813158 0.226102859 -0.202109963
v 1.21285832 0.313186079 0.111918494
v 0.834045708 0.00121161342 1.65300953
v 1.13353562 0.0214858055 1.15813613
v 1.74390721 -0.0853703022 1.66230488
v 0.378090471 0.0375477076 1.91142535
v 1.54816139 -0.19107908 2.08765554
v 0.784638703 -0.0607759655 2.37317419
v 1.77809846 0.132913277 1.71413183
v 1.16772687 0.23976934 1.20996284
v 0.868236899 0.219495133 1.70483637
v 0.412281662 0.255831242 1.96325219
v 1.58235264 0.0272044539 2.1394825
v 0.818830073 0.157508746 2.42500114
v -2.50310183 -0.0931648314 -0.882946074
v -2.30862379 0.0109088719 -0.944292188
v -1.5074321 0.126485303 -0.79871434
v -2.83648682 -0.0931648612 -0.307647824
v -1.58179998 0.115757287 -0.0308968388
v -2.38312769 -0.0324683189 -0.00230121613
v -2.03133583 0.0509094 0.387730062
v -1.53682232 0.330222309 -0.798714399
v -2.3380146 0.214646146 -0.944292188
v -2.53249168 0.110571668 -0.882946074
v -2.86587715 0.110571668 -0.307647824
v -1.61119008 0.319494367 -0.0308968388
v -2.41251755 0.171268463 -0.00230121613
v -2.06072617 0.25464648 0.387730062
v -1.56545293 0.0624320656 -0.0134290047
v -0.9155038 1.93566084e-05 -0.0406945348
v -0.787463367 -0.0122759938 0.442746967
v -2.01647425 0.105742306 0.404190123
v -1.94201231 0.0985919535 0.916797698
v -1.3690927 0.043576166 1.32455146
v -0.775161803 0.115829036 0.442746967
v -0.903202236 0.128124386 -0.0406945348
v -1.55315149 0.190537095 -0.0134290047
v -2.0041728 0.23384735 0.404190123
v -1.92971087 0.226696998 0.916797698
v -1.35679126 0.171681195 1.32455146
v -0.218091562 -0.198300153 -1.22290397
v -0.0254194289 -0.0526642799 -1.51974726
v 0.0487115681 -0.439318717 -0.545319021
v -0.562094748 -0.242844999 -1.22280908
v -0.396809578 -0.346654534 -0.914938688
v -0.0302068219 0.170669138 -0.111519836
v -0.104337201 0.557322919 -1.08594906
v -0.297009766 0.411686718 -0.789105475
v -0.641013145 0.367142737 -0.789010108
v -0.475727975 0.263333261 -0.48113969
v -0.919691622 -0.157158703 -0.0428029336
v -0.40675506 -0.0188576803 -0.13287355
v -0.116538525 0.0593913347 -0.0313834175
v -0.362663299 -0.00696997344 0.103458121
v -0.79847455 -0.124475628 0.429048806
v -0.216007575 0.428307712 -0.0313834175
v -0.506223917 0.350058049 -0.13287355
v -1.01916063 0.2117576 -0.0428029336
v -0.462132454 0.361946821 0.103458121
v -0.897943735 0.244441241 0.429048806
v 0.104875535 -0.198402584 -1.78612626
v 0.278074503 -0.324968398 -2.57233667
v 1.23353159 -0.348082066 -2.17394686
v 1.04302967 -0.265346944 -1.5229857
v 0.845155656 -0.228770673 -1.48172498
v 0.10487546 -0.0618590266 -1.19780314
v 0.617314637 -0.0798760504 -0.974148393
v 1.28784454 0.0499515086 -2.33550549
v 0.332388163 0.0730657727 -2.73389578
v 0.159189135 0.19963102 -1.94768453
v 1.09734166 0.132686451 -1.68454349
v 0.899467945 0.169263855 -1.64328289
v 0.159189135 0.336175203 -1.35936177
v 0.671627879 0.318160594 -1.13570774
v -0.0246547759 -0.557322919 -0.367664099
v 0.099995479 -0.115505338 -1.29638791
v 0.598834693 -0.108279794 -1.05463338
v 0.115607247 -0.463997304 -0.504914284
v 0.278898567 -0.390364856 -0.585982144
v 0.479079247 0.412232578 -0.649690449
v -0.0197600126 0.405007064 -0.891444921
v -0.144410282 -0.0368105769 0.03727898
v -0.00414824486 0.056515038 -0.0999712124
v 0.159143224 0.130146801 -0.181039587
v 0.338388532 -0.187338024 -0.29439649
v 0.662381172 -0.143282473 -0.896692395
v 0.892673254 -0.01177001 -0.58899945
v 0.965554714 0.0632062554 -0.246670946
v 0.178494722 -0.232642531 -0.170192987
v 0.801190972 0.0324560404 -0.00282092392
v 0.0386299863 -0.26185286 0.0149709731
v 0.318936884 -0.152999967 0.0133391619
v 0.614378452 -0.0284236073 0.0839392543
v 0.491715312 0.286805421 0.00886692852
v 0.67852819 0.347684175 -0.0778930411
v 0.196274146 0.162228167 -0.0617329553
v -0.0840331092 0.0533761382 -0.0601013452
v 0.0558318049 0.0825860202 -0.245265245
v 0.842891574 0.378435284 -0.32174325
v 0.215725422 0.127890915 -0.369468808
v 0.770009518 0.303460687 -0.664072156
v 0.53971827 0.171946019 -0.971764624
v 0.511529386 -0.195778459 0.310753852
v 0.176360443 -0.411875367 -0.0216500033
v 0.419304609 -0.255239487 -0.0133419391
v 0.689735293 -0.0808819532 0.0699099749
v 0.639478683 -0.113284379 0.305171221
v 0.833660424 0.0119124055 -0.000369139016
v 0.37644285 0.294687331 0.305171221
v 0.57062459 0.419884086 -0.000369139016
v 0.42669946 0.327089787 0.0699099749
v 0.248493552 0.212193251 0.310753852
v 0.15626882 0.152732253 -0.0133419391
v -0.0866753608 -0.003903687 -0.0216500033
v 0.38413462 -0.189998716 0.376927942
v 0.534037113 -0.200555265 0.374003023
v 0.927465975 -0.149107456 0.910543978
v 0.137177199 -0.108337313 0.823622704
v 0.205199182 -0.0535384119 1.23200011
v 1.1101563 -0.122588739 1.17776251
v 0.810333908 -0.033392176 1.65170455
v 0.355321646 0.0309724957 1.88280463
v 0.949404418 0.175496876 0.827976346
v 0.555975556 0.124049082 0.291435391
v 0.406073064 0.134605691 0.29436034
v 0.159115613 0.216266379 0.74105531
v 0.227137625 0.27106595 1.14943242
v 1.13209474 0.202015594 1.09519494
v 0.83227241 0.291212857 1.5691371
v 0.377260089 0.355576813 1.80023718
v -0.293403149 -0.337792873 0.120026559
v -0.046532508 -0.438395083 -0.0173242167
v -0.0307286792 -0.318429708 0.291282713
v -0.704153895 -0.137970328 0.430004537
v -0.240583926 -0.109158784 0.718778014
v -0.509111881 -0.0694386661 0.693145037
v -0.448781818 0.122385144 1.20297396
v 0.0395247042 0.0594100952 0.0281220675
v 0.0237208828 -0.0605553091 -0.280484855
v -0.223149657 0.040047437 -0.143134385
v -0.633900523 0.239869416 0.166843951
v -0.170330524 0.26868099 0.455617458
v -0.438858479 0.308401525 0.429984063
v -0.378528446 0.500224888 0.939813316
v -0.842338085 -0.231152505 -2.18451786
v -0.311976194 -0.103580147 -2.58149529
v 0.0812867954 -0.0822884738 -1.80108178
v -1.10257041 -0.17073074 -1.44616103
v 0.0812867358 0.064687103 -1.20900798
v -0.659859121 0.0187593997 -0.94877857
v -0.229683369 0.0931223035 -0.90764308
v 0.0376112536 0.210578471 -1.92822397
v -0.355652452 0.189286768 -2.70863771
v -0.886014402 0.0617144406 -2.31166029
v -1.14624667 0.122136638 -1.57330358
v 0.0376112312 0.35755372 -1.33615029
v -0.703535438 0.311626375 -1.0759207
v -0.273360431 0.385990053 -1.03478515
v -0.30967176 -0.00136189163 0.806007266
v -0.0571047962 0.035596326 0.352677226
v 0.128663868 2.44379044e-05 0.789002955
v 0.195425421 -0.0328952596 1.19279933
v -0.421860039 -0.0197008848 1.03095424
v -0.234017462 -0.037745446 1.25228858
v 0.128663868 0.165602818 0.812610626
v -0.0571047962 0.201174736 0.376284987
v -0.30967176 0.164216518 0.829614937
v 0.195425421 0.13268289 1.21640706
v -0.421860039 0.145877495 1.05456185
v -0.234017462 0.127832949 1.27589631
v -1.46510065 -0.09527044 -0.803187609
v -1.10753596 -0.00319691002 -1.48136318
v -0.678636253 0.107245713 -0.935857415
v -0.543208957 0.142118543 -0.551729381
v -1.5377903 -0.113987908 -0.0361599363
v -0.800713897 0.0758109391 -0.359532177
v -0.911522329 0.0472775102 -0.0631648153
v -0.733861566 0.321709752 -0.935857654
v -1.16276121 0.211267412 -1.48136318
v -1.52032578 0.119193405 -0.803187609
v -0.598434269 0.356582582 -0.5517295
v -1.59301519 0.100475729 -0.0361599997
v -0.855938792 0.29027456 -0.359532207
v -0.966747344 0.261741102 -0.0631648898
v 0.860319495 -0.140292153 -1.50044763
v 1.05041969 -0.140292093 -1.55154467
v 1.5048219 -0.140292153 -0.723887384
v 0.634240508 -0.140292093 -0.966163039
v 0.89565593 -0.140292153 -0.638647258
v 0.983452559 -0.140291587 -0.290319294
v 1.5048219 0.223498046 -0.723887384
v 1.05041969 0.223495543 -1.55154467
v 0.860319495 0.223495275 -1.50044763
v 0.634240508 0.223497033 -0.966163039
v 0.89565593 0.223495275 -0.638647258
v 0.983452559 0.223495543 -0.290319294
v -0.0331074335 -0.240489036 0.124165684
v 0.274670005 -0.0824205577 0.366706938
v 0.147918805 0.149497896 0.751156092
v -0.0157276466 -0.0652652681 0.409038156
v 0.13842243 0.462707281 0.415247798
v 0.265173614 0.230789244 0.0307981744
v -0.0426038317 0.0727208257 -0.211743101
v -0.02522403 0.247944117 0.0731298253
vt -1.32656944 0.607577562
vt -1.32508636 0.604187608
vt -1.32781053 0.608665168
vt 0.541973948 0.368543267
vt 0.558019757 0.329424739
vt 0.578297496 0.279989064
vt 0.566040635 0.328118324
vt 0.545762897 0.377553999
vt 0.529717088 0.416672528
vt -1.15523338 0.641272664
vt -1.14048243 0.641272664
vt -1.14048243 0.364586622
vt -1.15523338 0.364586622
vt -1.14048243 0.228765726
vt -1.15523338 0.228765726
vt -1.14048243 0.168898866
vt -1.15523338 0.168898866
vt -1.14048243 0.0845396742
vt -1.15523338 0.0845396742
vt -1.15523338 0.0845396742
vt -1.14048243 0.0845396742
vt -1.14048243 0.00127998879
vt -1.15523338 0.00127998879
vt -1.11889899 0.00128001382
vt -1.13364995 0.00128001382
vt -1.13364995 0.0597085953
vt -1.11889899 0.0597085953
vt -1.13364995 0.21092388
vt -1.11889899 0.21092388
vt -1.13364995 0.375394017
vt -1.11889899 0.375394017
vt -1.11889899 0.375394017
vt -1.13364995 0.375394017
vt -1.13364995 0.641272664
vt -1.11889899 0.641272664
vt -0.64311552 0.37015152
vt -0.628364563 0.37015152
vt -0.628364563 0.0012799853
vt -0.64311552 0.0012799853
vt -0.666161835 0.916989028
vt -0.650330842 0.916989028
vt -0.650330842 0.719343305
vt -0.666161835 0.719343305
vt -0.650330842 0.572694659
vt -0.666161835 0.572694659
vt -0.644195616 0.426241249
vt -0.628364623 0.426241249
vt -0.628364623 0.00183031755
vt -0.644195616 0.00183031755
vt -0.67229712 0.57269454
vt -0.688127995 0.57269454
vt -0.688127995 0.90419054
vt -0.67229712 0.90419054
vt -0.732060611 0.737485647
vt -0.716229677 0.737485647
vt -0.716229677 0.57269454
vt -0.732060611 0.57269454
vt -0.738195837 0.57269454
vt -0.754026711 0.57269454
vt -0.754026711 0.720934033
vt -0.738195837 0.720934033
vt -0.710094273 0.769177616
vt -0.69426322 0.769177616
vt -0.69426322 0.572694659
vt -0.710094273 0.572694659
vt -0.77599293 0.707915664
vt -0.760161996 0.707915664
vt -0.760161996 0.572694659
vt -0.77599293 0.572694659
vt -0.96650815 -0.145289406
vt -0.945349157 -0.145289406
vt -0.945349157 -0.26054582
vt -0.96650815 -0.26054582
vt -0.96650815 -0.26054582
vt -0.945349157 -0.26054582
vt -0.945349157 -0.147395253
vt -0.96650815 -0.147395253
vt -1.03516066 0.218813956
vt -1.01400161 0.218813956
vt -1.01400161 0.03680408
vt -1.03516066 0.03680408
vt -0.96650815 0.0346146226
vt -0.945349157 0.0346146226
vt -0.945349157 -0.145289406
vt -0.96650815 -0.145289406
vt -1.16148162 0.742059529
vt -1.14342391 0.742059529
vt -1.14342391 0.135372505
vt -1.16148162 0.135372505
vt -1.16148162 0.135372505
vt -1.14342391 0.135372505
vt -1.14342391 0.00148117472
vt -1.16148174 0.00148117472
vt -0.654553711 0.0014811568
vt -0.672611654 0.0014811568
vt -0.672611654 0.180094853
vt -0.65455389 0.180094853
vt -0.65455389 0.180094853
vt -0.672611654 0.180094853
vt -0.672611654 0.193646058
vt -0.65455389 0.193646058
vt -0.672611475 0.198936209
vt -0.65455389 0.198936209
vt -0.672611654 0.562809587
vt -0.65455389 0.562809587
vt -0.646422267 0.344557762
vt -0.628364503 0.344557762
vt -0.628364503 0.187921405
vt -0.646422267 0.187921405
vt -0.646422267 0.187921405
vt -0.628364503 0.187921405
vt -0.628364503 0.00148117892
vt -0.646422267 0.00148117892
vt -1.17067742 1.18482375
vt -1.14760709 1.18482399
vt -1.14760733 0.960355639
vt -1.17067742 0.960355401
vt -1.17067742 0.960355401
vt -1.14760733 0.960355639
vt -1.14760733 0.828772306
vt -1.17067742 0.828772187
vt -1.14462399 0.933468401
vt -1.12155366 0.933468282
vt -1.12155366 0.828772128
vt -1.14462399 0.828772247
vt -1.35690355 0.828772187
vt -1.37997377 0.828772306
vt -1.37997377 1.09298217
vt -1.35690355 1.09298205
vt -1.37997389 1.23827934
vt -1.35690355 1.23827922
vt -0.643048644 0.91611433
vt -0.628364563 0.91611445
vt -0.628364563 0.772998929
vt -0.643048644 0.772998691
vt -0.628364563 0.475405991
vt -0.643048644 0.475405991
vt -0.628364563 0.472759664
vt -0.643048644 0.472759664
vt -0.66386807 0.796815574
vt -0.649183929 0.796815574
vt -0.649183929 0.555266738
vt -0.66386807 0.555266738
vt -0.64087218 0.00182860449
vt -0.655556321 0.00182860449
vt -0.655556142 0.059043169
vt -0.64087218 0.059043169
vt -0.655556142 0.19399789
vt -0.64087218 0.19399789
vt -0.655556321 0.468768179
vt -0.64087218 0.468768179
vt -1.15059018 0.551275373
vt -1.1359061 0.551275373
vt -1.1359061 0.00182857271
vt -1.15059018 0.00182863825
vt -0.747328401 0.225120559
vt -0.729673982 0.225120559
vt -0.729673982 0.00199204311
vt -0.747328401 0.00199204311
vt -0.772034347 0.685812056
vt -0.754380047 0.685812056
vt -0.754380047 0.00199204031
vt -0.772034347 0.00199204031
vt -0.740361452 0.776836872
vt -0.722707152 0.776836872
vt -0.722707152 0.677326024
vt -0.740361452 0.677326024
vt -0.740361452 0.677326024
vt -0.722707152 0.677326024
vt -0.722707152 0.425508589
vt -0.740361452 0.425508589
vt -0.745916784 0.689426184
vt -0.763571203 0.689426184
vt -0.763571203 0.998008072
vt -0.745916784 0.998008072
vt -0.747328401 0.421894461
vt -0.729673982 0.421894461
vt -0.729673982 0.225120559
vt -0.747328401 0.225120559
vt -1.62669802 0.948124409
vt -1.6126132 0.948124409
vt -1.6126132 0.855711937
vt -1.62669802 0.855711937
vt -1.6126132 0.715019524
vt -1.62669802 0.715019524
vt -1.33947301 0.792283833
vt -1.32538843 0.792283833
vt -1.32538843 0.715019464
vt -1.33947325 0.715019464
vt -1.34341025 0.715019464
vt -1.35749507 0.715019464
vt -1.35749507 1.21843851
vt -1.34341037 1.21843851
vt -1.62669802 1.24344134
vt -1.6126132 1.24344134
vt -1.6126132 1.09037566
vt -1.62669802 1.09037566
vt -1.6126132 0.948124409
vt -1.62669802 0.948124409
vt -0.760976851 1.20522106
vt -0.74408567 1.20522106
vt -0.74408567 0.928558111
vt -0.760976851 0.928558111
vt -0.781073809 1.19519627
vt -0.764182568 1.19519627
vt -0.764182568 1.18524325
vt -0.781073928 1.18524325
vt -0.764182687 0.989441395
vt -0.781073809 0.989441395
vt -0.764182687 0.928558111
vt -0.781073809 0.928558111
vt -0.784279644 0.928557992
vt -0.801170707 0.928557992
vt -0.801170707 1.07303703
vt -0.784279644 1.07303703
vt -0.784279644 1.07303703
vt -0.801170707 1.07303703
vt -0.801170826 1.16818285
vt -0.784279644 1.16818285
vt -0.474813461 0.705117941
vt -0.463535547 0.705117941
vt -0.463535547 0.597832441
vt -0.474813461 0.597832441
vt -0.474813461 0.597832441
vt -0.463535547 0.597832441
vt -0.463535547 0.551061392
vt -0.474813461 0.551061392
vt -0.446623325 0.766652465
vt -0.43534565 0.766652465
vt -0.43534565 0.708675385
vt -0.446623325 0.708675385
vt -0.43534565 0.623837352
vt -0.446623325 0.623837352
vt -0.43534565 0.551061392
vt -0.446623325 0.551061392
vt -0.662967324 0.262824714
vt -0.674245119 0.262824714
vt -0.674245119 0.549228609
vt -0.662967324 0.549228609
vt -0.460718393 0.736041188
vt -0.449440718 0.736041188
vt -0.449440718 0.673593342
vt -0.460718393 0.673593342
vt -0.449440718 0.551061392
vt -0.460718393 0.551061392
vt -1.30999875 0.801310122
vt -1.30116916 0.801310122
vt -1.30116916 0.690307915
vt -1.30999875 0.690307915
vt -1.30116916 0.689220369
vt -1.30999875 0.689220369
vt -1.30116916 0.685830355
vt -1.30999875 0.685830355
vt -1.30116916 0.604187608
vt -1.30999875 0.604187608
vt -1.32195735 0.693582654
vt -1.31312776 0.693582654
vt -1.31312776 0.604187608
vt -1.32195735 0.604187608
vt -1.28921044 0.604187608
vt -1.29804015 0.604187608
vt -1.29804015 0.852259755
vt -1.28921044 0.852259755
vt -1.28608155 0.858699143
vt -1.27725184 0.858699143
vt -1.27725184 0.800947309
vt -1.28608155 0.800947309
vt -1.27725184 0.734703958
vt -1.28608155 0.734703958
vt -1.27725184 0.647416711
vt -1.28608155 0.647416711
vt -1.28608155 0.647416711
vt -1.27725184 0.647416711
vt -1.27725184 0.604187608
vt -1.28608155 0.604187608
vt -1.35480475 0.284753144
vt -1.34057593 0.284753144
vt -1.34057593 0.177810326
vt -1.35480475 0.177810326
vt -1.35480475 0.177810326
vt -1.34057593 0.177810326
vt -1.34057593 0.0811966509
vt -1.35480475 0.0811966509
vt -1.34057593 -0.0726064593
vt -1.35480475 -0.0726064593
vt -1.33643174 0.287269711
vt -1.35066056 0.287269711
vt -1.35066056 0.427759171
vt -1.33643174 0.427759171
vt -1.35066056 0.520332217
vt -1.33643174 0.520332217
vt -1.36875761 0.512719393
vt -1.3545289 0.512719393
vt -1.3545289 0.456311941
vt -1.36875761 0.456311941
vt -1.3545289 0.33483696
vt -1.36875761 0.33483696
vt -1.36875761 0.33483696
vt -1.3545289 0.33483696
vt -1.3545289 0.288553119
vt -1.36875761 0.288553119
vt -0.963915467 0.624865115
vt -0.952690005 0.624865115
vt -0.952690065 0.560491145
vt -0.963915586 0.560491145
vt -0.952690065 0.501517713
vt -0.963915467 0.501517713
vt -0.977501333 0.698704362
vt -0.966275871 0.698704362
vt -0.966275871 0.618554235
vt -0.977501333 0.618554235
vt -0.966275871 0.577757955
vt -0.977501333 0.577757955
vt -0.966275871 0.542620897
vt -0.977501333 0.542620897
vt -0.954174876 0.301295668
vt -0.965400338 0.301295668
vt -0.965400279 0.37436536
vt -0.954174876 0.37436536
vt -0.965400338 0.451898962
vt -0.954174876 0.451898962
vt -0.965400279 0.499982178
vt -0.954174876 0.499982178
vt -0.963915467 0.669260263
vt -0.952690065 0.669260263
vt -0.952690005 0.624865115
vt -0.963915467 0.624865115
vt -0.745784998 0.805704832
vt -0.767682672 0.805704832
vt -0.767682672 0.91524893
vt -0.745784998 0.91524893
vt -0.74328959 0.91524893
vt -0.721391916 0.91524893
vt -0.721391916 0.834056139
vt -0.74328959 0.834056139
vt -0.721391916 0.681497514
vt -0.74328959 0.681497514
vt -0.721391916 0.544444978
vt -0.74328959 0.544444978
vt -0.745784998 0.544444978
vt -0.767682672 0.544444978
vt -0.767682672 0.733524442
vt -0.745784998 0.733524442
vt -0.745784998 0.733524442
vt -0.767682672 0.733524442
vt -0.767682672 0.805704832
vt -0.745784998 0.805704832
vt -0.680892706 0.44821322
vt -0.652107 0.44821322
vt -0.652107 0.282649726
vt -0.680892706 0.282649726
vt -0.652107 0.00173106103
vt -0.680892706 0.00173106103
vt -0.657150388 0.8672598
vt -0.628364503 0.8672598
vt -0.628364503 0.723178804
vt -0.657150388 0.723178804
vt -0.657150388 0.723178804
vt -0.628364503 0.723178804
vt -0.628364503 0.452204674
vt -0.657150388 0.452204674
vt -1.17007971 0.636238754
vt -1.141294 0.636238754
vt -1.141294 0.496389866
vt -1.17007971 0.496389866
vt -1.141294 0.385727286
vt -1.17007971 0.385727286
vt -1.141294 0.165222034
vt -1.17007971 0.165222034
vt -1.17007971 0.165222034
vt -1.141294 0.165222034
vt -1.141294 0.00173105742
vt -1.17007971 0.00173105742
vt -1.22563541 0.911923051
vt -1.19434857 0.911923051
vt -1.19434857 0.567418098
vt -1.22563541 0.567418098
vt -1.18784714 0.563798487
vt -1.1565603 0.563798487
vt -1.1565603 0.00199203216
vt -1.18784714 0.00199203216
vt -1.15749812 0.567417979
vt -1.18878484 0.567417979
vt -1.18878484 0.664284825
vt -1.15749812 0.664284825
vt -1.18878484 0.777056158
vt -1.15749812 0.777056158
vt -1.18878484 0.998008072
vt -1.15749812 0.998008072
vt -0.736522496 0.829108775
vt -0.714084446 0.829108536
vt -0.714084387 0.62962234
vt -0.736522377 0.629622698
vt -0.656937778 0.62962234
vt -0.679375648 0.629623413
vt -0.679375648 0.726570368
vt -0.656937778 0.726569295
vt -0.656937778 0.726569295
vt -0.679375648 0.726570368
vt -0.679375648 0.890674174
vt -0.656937778 0.890673399
vt -0.657505214 0.540773273
vt -0.635067344 0.540773928
vt -0.635067344 0.0018858948
vt -0.657505214 0.00188552297
vt -0.650802433 0.944646955
vt -0.628364563 0.944646955
vt -0.628364563 0.770849288
vt -0.650802433 0.770849168
vt -0.628364563 0.544765472
vt -0.650802433 0.544765413
vt -0.685511112 0.62962234
vt -0.707949042 0.629622638
vt -0.707949042 0.880688548
vt -0.685510933 0.880687773
vt -0.880540788 0.461372972
vt -0.870306909 0.461373031
vt -0.870306909 0.39700985
vt -0.880540788 0.39700979
vt -0.870306909 0.305606574
vt -0.880540788 0.305606574
vt -0.854257107 0.303822428
vt -0.844023168 0.303822428
vt -0.844023168 0.19018954
vt -0.854257107 0.19018954
vt -0.844023168 0.0616689175
vt -0.854257107 0.0616689175
vt -0.883283257 0.305606574
vt -0.893517196 0.305606574
vt -0.893517196 0.448904514
vt -0.883283257 0.448904514
vt -0.919469833 0.355264962
vt -0.909235954 0.355264962
vt -0.909235954 0.305606574
vt -0.919469833 0.305606574
vt -0.896259665 0.305606574
vt -0.906493545 0.305606574
vt -0.906493545 0.364526868
vt -0.896259665 0.364526868
vt -0.952699602 0.728700817
vt -0.933175802 0.728700817
vt -0.933175802 0.582950473
vt -0.952699602 0.582950473
vt -0.933175802 0.510627806
vt -0.952699602 0.510627806
vt -0.910379291 0.510627806
vt -0.92990303 0.510627806
vt -0.92990303 0.590034366
vt -0.910379291 0.590034366
vt -0.910379291 0.590034366
vt -0.92990303 0.590034366
vt -0.92990303 0.771572411
vt -0.910379291 0.771572411
vt -0.907106519 0.780735731
vt -0.887582779 0.780735731
vt -0.887582779 0.650910974
vt -0.907106519 0.650910974
vt -0.887582779 0.510627806
vt -0.907106519 0.510627806
vt -1.26295042 0.498403698
vt -1.22422743 0.498403698
vt -1.22422743 0.279179484
vt -1.26295042 0.279179484
vt -1.26295042 0.279179484
vt -1.22422743 0.279179484
vt -1.22422743 0.00199203193
vt -1.26295042 0.00199203193
vt -1.21930027 0.498403639
vt -1.18057728 0.498403639
vt -1.18057716 0.21718435
vt -1.21930027 0.21718435
vt -1.21930027 0.21718435
vt -1.18057716 0.21718435
vt -1.18057716 0.00199203193
vt -1.21930027 0.00199203193
vt -1.75901914 0.415828347
vt -1.74568748 0.415828347
vt -1.74568748 0.28466332
vt -1.75901914 0.28466332
vt -1.75901914 0.28466332
vt -1.74568748 0.28466332
vt -1.74568748 0.229790092
vt -1.75901902 0.229790092
vt -1.74258411 0.493929088
vt -1.72925258 0.493929088
vt -1.72925258 0.377308905
vt -1.74258411 0.377308905
vt -1.74258411 0.377308905
vt -1.72925258 0.377308905
vt -1.72925258 0.305820882
vt -1.74258411 0.305820882
vt -1.72925258 0.229790092
vt -1.74258411 0.229790092
vt -1.77545404 0.324426532
vt -1.76212251 0.324426532
vt -1.76212251 0.229790151
vt -1.77545404 0.229790151
vt -0.90395236 0.45115459
vt -0.889776587 0.451076925
vt -0.890568495 0.306442827
vt -0.904744208 0.306520462
vt -0.891162992 0.197844088
vt -0.905338824 0.197921842
vt -1.25060225 0.658330381
vt -1.23642647 0.658253193
vt -1.23893678 0.199748546
vt -1.25311267 0.199825764
vt -0.884029865 0.50403583
vt -0.869853973 0.503958285
vt -0.870830774 0.325559795
vt -0.885006547 0.325637221
vt -0.885006547 0.325637221
vt -0.870830774 0.325559795
vt -0.871530652 0.19773671
vt -0.885706425 0.197814167
vt -0.861644447 0.506785333
vt -0.875820279 0.506863475
vt -0.875090122 0.640218377
vt -0.86091435 0.640140176
vt -0.903573692 0.520333767
vt -0.8893978 0.520255923
vt -0.889776587 0.451076925
vt -0.90395236 0.45115459
vt -0.651620507 0.453541964
vt -0.634612799 0.453541964
vt -0.634612799 0.342852503
vt -0.651620507 0.342852503
vt -0.634612799 0.147216856
vt -0.651620507 0.147216856
vt -0.456443429 0.540191412
vt -0.439435601 0.540191412
vt -0.439435601 0.408797771
vt -0.456443548 0.408797771
vt -0.455824852 0.147216856
vt -0.47283268 0.147216856
vt -0.47283268 0.313436627
vt -0.455824852 0.313436627
vt -0.47283268 0.407309324
vt -0.455824852 0.407309324
vt -0.880663276 0.498990536
vt -0.865329981 0.498990327
vt -0.86533004 0.223698437
vt -0.880663276 0.223698556
vt -0.886835098 0.745022714
vt -0.871501863 0.745023191
vt -0.871501863 0.643202722
vt -0.886835098 0.643202007
vt -0.886835098 0.643202007
vt -0.871501863 0.643202722
vt -0.871501923 0.501010299
vt -0.886835098 0.501009583
vt -0.905271769 0.720520616
vt -0.889938593 0.720520794
vt -0.889938593 0.626412213
vt -0.905271769 0.626412034
vt -0.889938593 0.501009643
vt -0.905271769 0.501009464
vt -0.995506406 0.986520052
vt -0.984139562 0.986520052
vt -0.984139562 0.825822175
vt -0.995506406 0.825822175
vt -0.980844855 0.949154735
vt -0.96947813 0.949154735
vt -0.96947813 0.871433258
vt -0.980844855 0.871433258
vt -0.980844855 0.871433258
vt -0.96947813 0.871433258
vt -0.96947813 0.776033878
vt -0.980844855 0.776033878
vt -0.998801112 0.825822175
vt -1.01016796 0.825822175
vt -1.01016796 0.967474699
vt -0.998801112 0.967474699
vt -0.989313245 0.773890376
vt -0.977946401 0.773890376
vt -0.977946401 0.609781206
vt -0.989313245 0.609781206
vt -0.989313245 0.609781206
vt -0.977946401 0.609781206
vt -0.977946401 0.519809723
vt -0.989313245 0.519809723
vt -1.1995393 0.0878303051
vt -1.21186054 0.0879087746
vt -1.21048498 0.303862303
vt -1.19816375 0.303783953
vt -1.20924616 0.498325139
vt -1.19439149 0.498230517
vt -1.21586037 0.501663804
vt -1.23149395 0.501763403
vt -1.22833228 0.998113096
vt -1.2126987 0.998013496
vt -1.19439149 0.498230517
vt -1.17700338 0.498119742
vt -1.18025923 0.38472414
vt -1.19258046 0.38480261
vt -1.18125165 0.228932768
vt -1.19357276 0.229011267
vt -1.16367328 0.258681446
vt -1.1759944 0.258759916
vt -1.17545652 0.34321025
vt -1.16313529 0.343131781
vt -1.16313529 0.343131781
vt -1.17545652 0.34321025
vt -1.17700338 0.498119742
vt -1.16214871 0.498025119
vt 0.247957706 0.477405846
vt 0.216746151 0.65506053
vt 0.215343237 0.654975772
vt 0.0160156488 0.558998227
vt 0.0789579153 0.682770729
vt 0.0434715152 0.46205622
vt 0.219487011 0.457823396
vt 0.148326039 0.449833751
vt 5.96046448e-08 0.541325569
vt 0.0629423857 0.665098071
vt 0.199327588 0.637303114
vt 0.231942058 0.459733248
vt 0.200730503 0.637387991
vt 0.0345903039 0.45075804
vt 0.203471422 0.440150797
vt 0.13231045 0.432161093
vt 0.912525654 0.841550708
vt 0.855007291 0.919143915
vt 0.725886822 0.895546556
vt 0.697618484 0.776432753
vt 0.872719169 0.687508106
vt 0.759943247 0.649661422
vt 0.720646143 0.891190171
vt 0.849766493 0.914787531
vt 0.907284856 0.837194324
vt 0.692377806 0.772076368
vt 0.86747849 0.683151722
vt 0.754702449 0.645305037
vt 0.314236343 0.786002159
vt 0.24324137 0.872274756
vt 0.136395991 0.865130782
vt 0.112797678 0.750157475
vt 0.234148264 0.634255648
vt 0.0764178038 0.703538895
vt 0.228118539 0.634698391
vt 0.225764751 0.634871244
vt 0.140262127 0.859475374
vt 0.247107446 0.866619349
vt 0.318102419 0.780346751
vt 0.116663754 0.744502068
vt 0.23801434 0.628600359
vt 0.0802838802 0.697883606
vt 0.229630768 0.629215956
vt 0.231984615 0.629043102
vt 0.285213947 0.443365693
vt 0.324503958 0.344764709
vt 0.387111962 0.427093625
vt 0.348724306 0.491437018
vt 0.404270768 0.442521214
vt 0.341662765 0.360192299
vt 0.302372754 0.458793283
vt 0.365883112 0.506864667
vt 0.664040327 0.534237146
vt 0.642842531 0.582007051
vt 0.585698485 0.540065765
vt 0.545661569 0.516735911
vt 0.600817442 0.611123323
vt 0.488575041 0.492826581
vt 0.543731093 0.587214112
vt 0.585755944 0.55809772
vt 0.528612018 0.516156435
vt 0.606953859 0.510327816
vt 0.909642339 0.406098843
vt 0.855605841 0.42504555
vt 0.842471361 0.329633296
vt 0.957417965 0.330315351
vt 0.965719461 0.214966059
vt 0.74357605 0.255362391
vt 0.818189025 0.209601164
vt 0.837536931 0.150281131
vt 0.847775578 0.329633296
vt 0.860910177 0.42504555
vt 0.914946556 0.406098843
vt 0.962722301 0.330315351
vt 0.971023679 0.214966059
vt 0.748880386 0.255362391
vt 0.823493242 0.209601164
vt 0.842841148 0.150281131
vt 0.287430942 0.439644337
vt 0.241667211 0.44316721
vt 0.20919019 0.426626205
vt 0.332598209 0.34297204
vt 0.0699483156 0.372656047
vt 0.135509133 0.428311944
vt 0.0793147087 0.24634707
vt 0.300901532 0.293810189
vt 0.21886915 0.219716311
vt 0.176597059 0.191558957
vt 0.0649939179 0.372656047
vt 0.130554736 0.428311944
vt 0.204235792 0.426626205
vt 0.327643752 0.34297204
vt 0.0743602514 0.24634707
vt 0.282476544 0.439644337
vt 0.236712754 0.44316721
vt 0.295947075 0.293810189
vt 0.213914752 0.219716311
vt 0.171642601 0.191558957
vt 0.736842155 0.256383538
vt 0.6355443 0.41348356
vt 0.606537461 0.359871089
vt 0.605330348 0.251618028
vt 0.737834692 0.254844308
vt 0.740928173 0.253004909
vt 0.815433383 0.208707213
vt 0.610166311 0.131565571
vt 0.770887733 0.128415585
vt 0.632186294 0.0599421859
vt 0.606537461 0.344813824
vt 0.6355443 0.398426235
vt 0.736842155 0.241326213
vt 0.605330348 0.236560762
vt 0.740928173 0.237947643
vt 0.815433383 0.193649888
vt 0.610166311 0.116508245
vt 0.770887733 0.113358259
vt 0.632186294 0.0448848009
vt 0.602212429 0.247301638
vt 0.5751158 0.304174721
vt 0.541780591 0.264039159
vt 0.4389956 0.157797098
vt 0.465314984 0.276446581
vt 0.607049465 0.126826465
vt 0.468186319 0.0973463058
vt 0.564288497 0
vt 0.443066597 0.173148274
vt 0.469386041 0.291797638
vt 0.545851588 0.279390335
vt 0.606283545 0.262652755
vt 0.579186797 0.319525838
vt 0.611120582 0.142177582
vt 0.472257376 0.112697423
vt 0.568359613 0.0153511763
vt 0.234869957 0.622969389
vt 0.23012197 0.623296738
vt 0.243008375 0.451522529
vt 0.328275144 0.546522737
vt 0.357318938 0.50569725
vt 0.288396716 0.448264837
vt 0.243008375 0.48278904
vt 0.23012197 0.654563189
vt 0.234869957 0.654236078
vt 0.328275144 0.577789307
vt 0.357318938 0.536963701
vt 0.288396716 0.479531348
vt 0.354486883 0.19768244
vt 0.302235842 0.288189411
vt 0.195746422 0.195982456
vt 0.434035897 0.150421023
vt 0.229897499 0.118190348
vt 0.363106728 0.0659720898
vt 0.189781189 0.186503828
vt 0.296270609 0.278710902
vt 0.34852165 0.188203871
vt 0.428070664 0.140942454
vt 0.223932266 0.108711779
vt 0.357141495 0.0564935207
vt 0.936707854 0.66148138
vt 0.90277791 0.672700882
vt 0.762996674 0.646076202
vt 0.994872451 0.556265473
vt 0.775971413 0.505650759
vt 0.915776372 0.500420928
vt 0.854400396 0.429088354
vt 0.768124342 0.646076202
vt 0.907905579 0.672700882
vt 0.941835403 0.66148138
vt 1 0.556265473
vt 0.781098962 0.505650759
vt 0.920903921 0.500420928
vt 0.859528065 0.429088354
vt 0.77311945 0.502456069
vt 0.659724951 0.507442594
vt 0.637386084 0.419026375
vt 0.851807594 0.426078022
vt 0.838816404 0.332327604
vt 0.738861084 0.257753849
vt 0.635239959 0.419026375
vt 0.657578707 0.507442594
vt 0.770973206 0.502456069
vt 0.84966135 0.426078022
vt 0.83667028 0.332327604
vt 0.73671484 0.257753849
vt 0.538049698 0.723655939
vt 0.504434943 0.777945399
vt 0.49150151 0.599732995
vt 0.598066807 0.723638535
vt 0.56923008 0.667332411
vt 0.505270123 0.520395756
vt 0.518203378 0.698608398
vt 0.551818371 0.644318938
vt 0.61183548 0.644301414
vt 0.582998753 0.587995291
vt 0.660455585 0.507828236
vt 0.57096529 0.524301171
vt 0.520332098 0.505739689
vt 0.563272715 0.481078625
vt 0.639307261 0.421531618
vt 0.53768611 0.505739689
vt 0.588319302 0.524301171
vt 0.677809596 0.507828236
vt 0.580626726 0.481078625
vt 0.656661272 0.421531618
vt 0.481702745 0.826663256
vt 0.451485336 0.970452547
vt 0.28478992 0.897591472
vt 0.318026185 0.778537631
vt 0.352548599 0.770991564
vt 0.481702805 0.719065309
vt 0.392299235 0.678161263
vt 0.275314093 0.927138686
vt 0.442009389 1
vt 0.472226858 0.85621047
vt 0.308550537 0.808084846
vt 0.343072891 0.800538778
vt 0.472226858 0.748612642
vt 0.382823348 0.707708716
vt 0.504301429 0.567241788
vt 0.482554197 0.737095356
vt 0.395523369 0.692881107
vt 0.479830444 0.59234345
vt 0.451341569 0.607169867
vt 0.416416705 0.618821383
vt 0.503447533 0.663035631
vt 0.525194883 0.493182123
vt 0.50072372 0.518283725
vt 0.472234845 0.533110261
vt 0.440962553 0.553841949
vt 0.384436607 0.663995385
vt 0.344258308 0.607721686
vt 0.331542969 0.545113444
vt 0.468858659 0.531126499
vt 0.360218942 0.500515938
vt 0.493260384 0.497262001
vt 0.444356203 0.497560441
vt 0.392811477 0.484648466
vt 0.414212108 0.498378336
vt 0.381619513 0.514245868
vt 0.465756774 0.511290312
vt 0.514661074 0.510991931
vt 0.49025923 0.544856429
vt 0.35294354 0.558843374
vt 0.462363124 0.567571878
vt 0.365659058 0.621451616
vt 0.405837178 0.677725315
vt 0.410755217 0.443166494
vt 0.469231009 0.503959537
vt 0.426845372 0.502440095
vt 0.379664242 0.487214267
vt 0.388432324 0.444187522
vt 0.354554117 0.500067592
vt 0.434323311 0.444187522
vt 0.400445104 0.500067472
vt 0.425555229 0.487214267
vt 0.456646204 0.443166494
vt 0.472736359 0.502440095
vt 0.515122056 0.503959537
vt 0.432981372 0.43106395
vt 0.406828403 0.431598902
vt 0.338188171 0.333471358
vt 0.476067185 0.349368334
vt 0.464199662 0.274680495
vt 0.306314826 0.284600019
vt 0.358623803 0.197921097
vt 0.438008249 0.155655384
vt 0.3343606 0.348572075
vt 0.403000832 0.446699619
vt 0.42915386 0.446164727
vt 0.472239673 0.364469051
vt 0.46037209 0.289781272
vt 0.302487254 0.299700737
vt 0.35479629 0.213021815
vt 0.434180737 0.170756102
vt 0.551189065 0.478048444
vt 0.508118391 0.503168464
vt 0.505361199 0.446727574
vt 0.622851372 0.421356857
vt 0.541973948 0.368543267
vt 0.58882308 0.373231292
vt 0.578297496 0.279989064
vt 0.493104279 0.494856775
vt 0.49586153 0.551297665
vt 0.538932204 0.526177764
vt 0.610594511 0.469486058
vt 0.529717088 0.416672528
vt 0.576566219 0.421360612
vt 0.566040635 0.328118324
vt 0.64696002 0.899524689
vt 0.554429531 0.972127557
vt 0.485818207 0.829398394
vt 0.692361832 0.764487267
vt 0.485818207 0.721114516
vt 0.61512351 0.673521399
vt 0.540072083 0.665998101
vt 0.493438125 0.852651358
vt 0.562049508 0.99538064
vt 0.654579997 0.922777653
vt 0.699981928 0.787740231
vt 0.493438125 0.74436748
vt 0.622743487 0.696774244
vt 0.547692299 0.689251065
vt 0.554027438 0.352590024
vt 0.509962916 0.435499191
vt 0.477552474 0.355699897
vt 0.465904832 0.281849921
vt 0.573600531 0.311449647
vt 0.540828347 0.270969987
vt 0.477552474 0.351382315
vt 0.509962916 0.43118155
vt 0.554027438 0.348272443
vt 0.465904832 0.277532339
vt 0.573600531 0.307132065
vt 0.540828347 0.266652346
vt 0.7556113 0.646894336
vt 0.693228126 0.770925283
vt 0.618399382 0.671158195
vt 0.594771862 0.600905418
vt 0.768293142 0.506613255
vt 0.639697909 0.565754533
vt 0.659030318 0.511552215
vt 0.628034472 0.671158314
vt 0.702863097 0.770925283
vt 0.765246153 0.646894336
vt 0.604406834 0.600905418
vt 0.777928114 0.506613255
vt 0.649332762 0.565754533
vt 0.668665171 0.511552215
vt 0.349902987 0.774415731
vt 0.316736817 0.783760786
vt 0.237458825 0.632391214
vt 0.389346242 0.67670083
vt 0.34373796 0.616801739
vt 0.328420401 0.553096294
vt 0.237458825 0.632391214
vt 0.316736817 0.783760786
vt 0.349902987 0.774415731
vt 0.389346242 0.67670083
vt 0.34373796 0.616801739
vt 0.328420401 0.553096294
vt 0.505776167 0.477291465
vt 0.452079296 0.432933271
vt 0.474193156 0.362621665
vt 0.502743959 0.425191343
vt 0.475849926 0.424055696
vt 0.453736067 0.494367361
vt 0.507432938 0.538725495
vt 0.504400849 0.486625373
vn 3.00154734e-05 -0.988609672 -0.150502592
vn 3.00154734e-05 -0.988609672 -0.150502577
vn 3.00154752e-05 -0.988609672 -0.150502592
vn -0.170218617 -0.915477097 0.364592046
vn -0.170218617 -0.915477097 0.364592075
vn -0.170218587 -0.915477097 0.364592016
vn 0.1702196 0.915477097 -0.364591688
vn 0.170219585 0.915477097 -0.364591718
vn 0.17021957 0.915477097 -0.364591688
vn 0.615743935 -0.0726699457 -0.784588099
vn 0.615743876 -0.0726699457 -0.784588099
vn 0.351563036 -0.0414913893 -0.935244262
vn 0.327053338 -0.038598761 -0.944217324
vn 0.130515724 -0.0154035138 -0.99132663
vn 0.13051571 -0.0154035147 -0.99132663
vn 0.154633343 -0.0182498749 -0.9878034
vn 0.154633373 -0.0182498749 -0.9878034
vn -0.0722338483 0.00852505397 -0.997351289
vn -0.0722338483 0.00852505397 -0.997351289
vn -0.89068079 0.105117604 -0.442309856
vn -0.89068079 0.105117604 -0.442309856
vn -0.89068079 0.105117604 -0.442309856
vn -0.89068079 0.105117604 -0.442309856
vn -0.821013987 0.0968954191 0.562625289
vn -0.821013987 0.0968954116 0.562625289
vn -0.711433053 0.0839628503 0.697720051
vn -0.711432993 0.0839628503 0.69772011
vn -0.606744826 0.0716077313 0.79166466
vn -0.610296547 0.0720269084 0.788891792
vn -0.524256766 0.0618726611 0.849309504
vn -0.524256706 0.0618726611 0.849309504
vn 0.465088993 -0.0548899099 0.883560598
vn 0.465088993 -0.0548899099 0.883560598
vn 0.465088993 -0.0548899136 0.883560598
vn 0.465088993 -0.0548899136 0.883560598
vn 0.990161419 -0.116859324 0.0769696012
vn 0.990161419 -0.116859332 0.0769696087
vn 0.990161419 -0.116859324 0.0769696012
vn 0.990161419 -0.116859317 0.0769696012
vn -0.305573046 -0.0323357917 -0.951619446
vn -0.305573076 -0.0323357917 -0.951619446
vn -0.677996159 -0.0717451051 -0.73155576
vn -0.618366718 -0.0654352009 -0.783160746
vn -0.822275639 -0.0870125219 -0.562397957
vn -0.822275639 -0.0870125368 -0.562397957
vn -0.991660774 -0.104937799 -0.0748128071
vn -0.991660774 -0.104937799 -0.0748128146
vn -0.991660774 -0.104937799 -0.0748128071
vn -0.991660774 -0.104937799 -0.0748128071
vn -0.423172057 -0.0447800159 0.904942095
vn -0.423172086 -0.0447800197 0.904942095
vn -0.423172057 -0.0447800159 0.904942095
vn -0.423172086 -0.0447800122 0.904942095
vn 0.936424136 0.0990926847 0.336586654
vn 0.936424136 0.0990926847 0.336586624
vn 0.936424136 0.0990926847 0.336586654
vn 0.936424136 0.0990926847 0.336586624
vn 0.495912343 0.0524774753 0.866785407
vn 0.495912313 0.0524774641 0.866785407
vn 0.495912343 0.0524774753 0.866785407
vn 0.495912313 0.0524774641 0.866785407
vn 0.572722554 0.0606054887 -0.817505896
vn 0.572722554 0.0606054813 -0.817505836
vn 0.572722554 0.0606054924 -0.817505896
vn 0.572722554 0.0606054813 -0.817505836
vn 0.983909309 0.104117461 -0.145196661
vn 0.983909309 0.104117461 -0.145196691
vn 0.983909309 0.104117461 -0.145196661
vn 0.983909309 0.104117461 -0.145196691
vn 0.59782505 -0.0358929522 -0.800822616
vn 0.59782511 -0.0358929522 -0.800822616
vn 0.59782505 -0.0358929522 -0.800822616
vn 0.59782505 -0.0358929485 -0.800822616
vn -0.738473237 -0.466138184 -0.487208664
vn -0.738473356 -0.466138214 -0.487208724
vn -0.738473237 -0.466138184 -0.487208664
vn -0.738473356 -0.466138273 -0.487208724
vn -0.758148491 -0.0819491521 0.646912158
vn -0.758148491 -0.0819491521 0.646912158
vn -0.758148372 -0.0819491297 0.646912098
vn -0.758148372 -0.0819491372 0.646912158
vn 0.828950584 0.449323863 0.333089888
vn 0.828950703 0.449323893 0.333089918
vn 0.828950584 0.449323863 0.333089888
vn 0.828950584 0.449323833 0.333089888
vn 0.0424436741 0.102482408 -0.993828952
vn 0.0424436741 0.102482408 -0.993828952
vn 0.0424436778 0.102482416 -0.993828952
vn 0.0424436741 0.102482401 -0.993828952
vn -0.757881105 0.010925726 -0.652301192
vn -0.757881105 0.0109257251 -0.652301133
vn -0.757881045 0.0109257251 -0.652301192
vn -0.757881105 0.010925726 -0.652301192
vn -0.870480478 -0.110407263 0.479660332
vn -0.870480478 -0.110407263 0.479660332
vn -0.870480478 -0.110407278 0.479660332
vn -0.870480478 -0.110407263 0.479660332
vn 0.0766305029 -0.093824707 0.99263519
vn 0.0766305029 -0.0938247144 0.99263519
vn 0.0766314566 -0.0938248932 0.99263519
vn 0.0766314492 -0.0938248932 0.99263519
vn 0.401963919 -0.0625808612 0.913514495
vn 0.401888847 -0.062589474 0.913546801
vn 0.67061621 -0.0260914695 0.741345465
vn 0.727859616 -0.0164023507 0.685529947
vn 0.727859616 -0.0164023507 0.685529947
vn 0.67061621 -0.0260914695 0.741345465
vn 0.785011947 0.117150962 -0.608302414
vn 0.785012007 0.117150962 -0.608302355
vn 0.974722505 0.0903345868 -0.204342246
vn 0.974722505 0.0903346092 -0.204342276
vn 0.974722505 0.0903345942 -0.204342276
vn 0.974722505 0.0903345942 -0.204342261
vn 0.72520566 -0.31133157 -0.614125013
vn 0.725205541 -0.31133154 -0.614125013
vn 0.72520566 -0.31133157 -0.614125013
vn 0.725205541 -0.311331511 -0.614124954
vn -0.322295219 0.42799598 -0.844360769
vn -0.322295219 0.42799598 -0.844360769
vn -0.322295219 0.427996039 -0.844360888
vn -0.322295219 0.42799592 -0.844360888
vn -0.709214628 0.568302989 -0.417188734
vn -0.709214628 0.568302989 -0.417188734
vn -0.709214628 0.568302989 -0.417188734
vn -0.709214628 0.568302989 -0.417188734
vn -0.0651770681 -0.210565075 0.97540468
vn -0.0651770607 -0.21056509 0.97540468
vn -0.210940391 -0.114780262 0.970736623
vn -0.2147374 -0.112179637 0.970208049
vn -0.450336277 0.0612794571 0.890753627
vn -0.450336277 0.0612794571 0.890753686
vn 0.874843299 -0.0976938605 -0.474452376
vn 0.874843299 -0.0976938531 -0.474452376
vn 0.388492465 0.148038194 -0.909482479
vn 0.477934629 0.114204474 -0.870939672
vn -0.107148245 0.288518339 -0.951460123
vn -0.107027344 0.288492739 -0.951481581
vn 0.118533596 0.233527943 -0.965098143
vn 0.118533581 0.233527929 -0.965098143
vn -0.947480321 0.285852224 -0.143420994
vn -0.947480321 0.285852253 -0.143420994
vn -0.947480321 0.285852253 -0.143420994
vn -0.947480321 0.285852253 -0.143420994
vn -0.566423118 -0.0773524269 0.820476294
vn -0.566423118 -0.0773524269 0.820476294
vn -0.305101246 -0.176930949 0.935739577
vn -0.296981871 -0.179618523 0.937837362
vn 0.00403938023 -0.197535723 0.980287373
vn 0.00166454073 -0.19790265 0.980220199
vn 0.089660503 -0.183540568 0.978914618
vn 0.0896604955 -0.183540553 0.978914618
vn 0.946148753 -0.192686677 0.260142773
vn 0.946148753 -0.192686707 0.260142803
vn 0.946148753 -0.192686692 0.260142803
vn 0.946148753 -0.192686677 0.260142773
vn 0.966773868 -0.0714485645 -0.245445177
vn 0.966773868 -0.0714485645 -0.245445207
vn 0.966773868 -0.071448572 -0.245445177
vn 0.966773868 -0.0714485645 -0.245445207
vn 0.183174834 0.0550716445 -0.981536567
vn 0.183174863 0.0550716482 -0.981536567
vn 0.183174849 0.0550716445 -0.981536567
vn 0.183174834 0.0550716482 -0.981536567
vn -0.786175847 0.11726974 -0.606774509
vn -0.786175847 0.117269747 -0.606774509
vn -0.786175847 0.117269747 -0.606774509
vn -0.786175907 0.117269747 -0.606774509
vn -0.960700154 0.0691696629 0.268832088
vn -0.960700154 0.0691696554 0.268832058
vn -0.761860251 0.0229977649 0.647332966
vn -0.769726694 0.0244173426 0.637906373
vn -0.769726694 0.0244173426 0.637906373
vn -0.761860251 0.0229977649 0.647332966
vn -0.309440523 -0.0410762839 0.950031161
vn -0.309440553 -0.0410762802 0.950031161
vn 0.882720053 -0.115109548 0.455582112
vn 0.882720053 -0.115109541 0.455582112
vn 0.882720053 -0.115109548 0.455582112
vn 0.882720053 -0.115109548 0.455582172
vn -0.833300352 0.247849941 -0.494146645
vn -0.833300352 0.247849971 -0.494146645
vn -0.685146749 0.268120855 -0.677263021
vn -0.669066131 0.269269198 -0.692708135
vn -0.457858503 0.272627771 -0.846191287
vn -0.457858503 0.272627741 -0.846191287
vn -0.753972471 -0.037612576 0.655828238
vn -0.753972471 -0.0376125798 0.655828357
vn -0.753972471 -0.0376125723 0.655828297
vn -0.753972471 -0.037612576 0.655828297
vn 0.297874182 -0.264438838 0.917247474
vn 0.297874182 -0.264438838 0.917247474
vn 0.297874182 -0.264438838 0.917247474
vn 0.297874212 -0.264438838 0.917247593
vn 0.904880106 -0.227202237 0.359959781
vn 0.904880106 -0.227202237 0.359959841
vn 0.903881252 -0.0404681712 -0.425865203
vn 0.913946509 -0.0474617854 -0.403049797
vn 0.643094659 0.0800906494 -0.761587083
vn 0.643094599 0.0800906494 -0.761587083
vn 0.997045577 0.0335186832 0.0691138953
vn 0.997045577 0.0335186794 0.0691138878
vn 0.997045577 0.0335186869 0.0691138953
vn 0.997045577 0.0335186794 0.0691138878
vn -0.0669838265 -0.435386449 -0.897748113
vn -0.066983819 -0.435386479 -0.897748113
vn -0.607189715 -0.34671706 -0.714918077
vn -0.604466975 -0.347621799 -0.716783583
vn -0.688875616 -0.316312343 -0.6522246
vn -0.675457716 -0.321775168 -0.663488925
vn -0.807465255 -0.257418603 -0.530787647
vn -0.807465196 -0.257418573 -0.530787706
vn -0.630094171 0.33884576 0.698687971
vn -0.630094171 0.33884567 0.698687911
vn -0.630094171 0.33884573 0.698687911
vn -0.630094171 0.3388457 0.698687851
vn 0.0697217137 0.43530345 0.897579968
vn 0.0697217211 0.435303509 0.897579968
vn 0.0697217211 0.43530345 0.897579968
vn 0.0697217137 0.435303509 0.897579968
vn -0.13572152 -0.255602747 -0.957207859
vn -0.13572152 -0.255602777 -0.957207859
vn -0.135721534 -0.255602777 -0.957207859
vn -0.135721505 -0.255602777 -0.957207859
vn 0.760894001 -0.109946169 -0.639493763
vn 0.760894001 -0.109946154 -0.639493823
vn 0.760894001 -0.109946154 -0.639493763
vn 0.760894001 -0.109946154 -0.639493763
vn -0.888743222 -0.172574311 -0.424680769
vn -0.888743222 -0.172574341 -0.424680799
vn -0.980974376 -0.110981144 -0.159287825
vn -0.975090504 -0.117905028 -0.187874913
vn -0.983199716 -0.0237229466 0.180985227
vn -0.989521384 -0.0346613452 0.140164644
vn -0.943083405 0.0179565642 0.332071304
vn -0.943083405 0.0179565642 0.332071304
vn 0.65840584 0.231047869 0.716323018
vn 0.65840584 0.231047869 0.716323018
vn 0.65840584 0.231047899 0.716323018
vn 0.65840584 0.231047869 0.716323018
vn 0.890033722 0.172027335 0.422192544
vn 0.890033722 0.172027379 0.422192544
vn 0.996861815 0.0764609799 0.0205004159
vn 0.997586966 0.068739593 -0.00975683052
vn 0.973560154 0.0109126531 -0.228169993
vn 0.973560154 0.0109126549 -0.228169993
vn -0.829915404 0.143565089 -0.539100587
vn -0.829915404 0.143565103 -0.539100647
vn -0.829915404 0.143565118 -0.539100707
vn -0.829915404 0.143565118 -0.539100647
vn -0.628891468 0.200077415 -0.75130862
vn -0.613919139 0.203133494 -0.762784421
vn -0.495401204 0.22353901 -0.839409351
vn -0.495401144 0.22353898 -0.839409351
vn -0.495400935 0.223539054 -0.839409411
vn -0.495400935 0.223539054 -0.839409411
vn -0.868800163 -0.127423123 0.478486776
vn -0.868800163 -0.127423137 0.478486776
vn -0.868800163 -0.127423123 0.478486776
vn -0.868800163 -0.127423123 0.478486776
vn -0.414205641 -0.234223649 0.879529893
vn -0.41420567 -0.234223679 0.879529893
vn -0.4142057 -0.234223649 0.879529893
vn -0.41420567 -0.234223649 0.879529893
vn 0.952280641 -0.0785452574 0.294944257
vn 0.952280641 -0.0785452574 0.294944227
vn 0.990775168 -0.0348731577 0.130951911
vn 0.987680554 -0.0402690321 0.151213884
vn 0.999897003 -0.00369289378 0.0138671938
vn 0.999821126 -0.00486760074 0.0182783548
vn 0.999932408 0.00299129705 -0.0112327244
vn 0.999932408 0.00299129752 -0.0112327244
vn 0.870994866 0.126427084 -0.474746525
vn 0.870994747 0.126427084 -0.474746555
vn 0.870994747 0.126427084 -0.474746555
vn 0.870994747 0.126427084 -0.474746555
vn -0.87821573 -0.0612955429 -0.474320382
vn -0.878215849 -0.0612955503 -0.474320322
vn -0.878215849 -0.0612955503 -0.474320322
vn -0.87821573 -0.0612955503 -0.474320322
vn -0.98318392 0.1045366 0.149738058
vn -0.98318392 0.104536608 0.149738058
vn -0.975583315 0.113727674 0.187891275
vn -0.97637558 0.112858906 0.184265241
vn -0.970792472 0.118652835 0.20852688
vn -0.970792472 0.118652835 0.20852688
vn 0.465785414 0.188442245 0.864600182
vn 0.465785474 0.18844226 0.864600182
vn 0.682249427 0.136585996 0.71824795
vn 0.699117601 0.131518304 0.70280689
vn 0.849042714 0.0756200477 0.522884429
vn 0.849042714 0.0756200477 0.522884429
vn 0.818826973 -0.192867741 -0.540670335
vn 0.818826914 -0.192867756 -0.540670395
vn 0.806328535 -0.19640696 -0.557905614
vn 0.805385649 -0.196666062 -0.559174716
vn 0.799387157 -0.198289752 -0.567152083
vn 0.799387157 -0.198289752 -0.567152083
vn -0.0360966101 -0.244061306 -0.96908778
vn -0.0360966101 -0.244061306 -0.96908778
vn -0.0360966064 -0.244061306 -0.96908778
vn -0.0360966027 -0.244061306 -0.96908778
vn 0.919119179 0.295629829 -0.260428041
vn 0.919119298 0.295629859 -0.260428071
vn 0.859229267 0.224916533 -0.459497154
vn 0.850800276 0.217100069 -0.478546083
vn 0.761176586 0.145687252 -0.631969571
vn 0.761176586 0.145687267 -0.631969571
vn -0.788263381 -0.414943755 -0.454381436
vn -0.788263381 -0.414943755 -0.454381436
vn -0.729221106 -0.413584799 -0.545146167
vn -0.737229586 -0.414028108 -0.533922493
vn -0.612208247 -0.400577039 -0.681717694
vn -0.604121208 -0.399313897 -0.68962729
vn -0.695096731 -0.410958678 -0.589875937
vn -0.695096731 -0.410958588 -0.589875877
vn -0.0734952688 0.203892246 0.976230741
vn -0.0734952688 0.203892246 0.976230741
vn -0.181933001 0.160251915 0.970164716
vn -0.180663332 0.160781637 0.970314443
vn -0.050950326 0.212566584 0.975817323
vn -0.0476869121 0.213810995 0.975710452
vn 0.565647066 0.392788917 0.725093305
vn 0.580720305 0.395443171 0.711610019
vn 0.580720305 0.395443171 0.711610019
vn 0.565647066 0.392788917 0.725093305
vn 0.729932725 0.413627028 0.544160783
vn 0.729932725 0.413627058 0.544160783
vn 0.670373201 0.432216555 0.603148937
vn 0.670373142 0.432216525 0.603148937
vn 0.670373201 0.432216555 0.603148937
vn 0.670373142 0.432216495 0.603148937
vn -0.319095492 -0.205733776 -0.925122559
vn -0.319095522 -0.205733761 -0.925122559
vn 0.0221076142 0.0142536564 -0.999654055
vn 0.0221076142 0.0142536713 -0.999654055
vn 0.124588497 0.0803272352 -0.988951623
vn 0.124588497 0.0803272352 -0.988951623
vn 0.0241460335 0.0155679202 -0.999587238
vn 0.0241460335 0.0155679202 -0.999587238
vn -0.538120687 -0.346948117 0.768149197
vn -0.538120687 -0.346948117 0.768149197
vn -0.538120687 -0.346948117 0.768149137
vn -0.538120687 -0.346948117 0.768149137
vn 0.030799279 0.0198575631 0.999328375
vn 0.0307992827 0.0198575649 0.999328375
vn 0.030799279 0.0198575631 0.999328375
vn 0.0307992827 0.0198575649 0.999328375
vn -0.564549327 -0.398479909 -0.72284013
vn -0.564549327 -0.398479909 -0.72284013
vn -0.63508141 -0.358473003 -0.68422848
vn -0.627867639 -0.362838864 -0.688571155
vn -0.666200936 -0.338842392 -0.664351046
vn -0.666200936 -0.338842392 -0.664351046
vn -0.767608762 0.456239015 0.450136364
vn -0.767608762 0.456239015 0.450136423
vn -0.767608762 0.456239015 0.450136364
vn -0.767608762 0.456239015 0.450136364
vn -0.9774459 0.207835793 0.0374666341
vn -0.9774459 0.207835764 0.0374666303
vn -0.9774459 0.207835793 0.0374666341
vn -0.9774459 0.207835764 0.0374666303
vn 0.928967297 0.0791268945 0.361605734
vn 0.928967297 0.0791268945 0.361605763
vn 0.928967476 0.0791265965 0.361605406
vn 0.928967476 0.0791264921 0.361605257
vn 0.91891706 0.09566883 0.382673323
vn 0.916964412 0.0987376124 0.386558145
vn 0.912169218 0.10609556 0.395842314
vn 0.912169099 0.106095567 0.395842344
vn 0.985001445 -0.171771333 0.0163308736
vn 0.985001445 -0.171771333 0.0163308755
vn 0.985001445 -0.171771333 0.0163308755
vn 0.985001445 -0.171771333 0.0163308755
vn 0.332901657 0.625533879 -0.705608904
vn 0.332901657 0.625533879 -0.705608904
vn 0.332901657 0.625533879 -0.705608964
vn 0.332901657 0.625533879 -0.705608904
vn -0.980561435 -0.0899300501 -0.174389735
vn -0.980561435 -0.0899300501 -0.17438972
vn -0.980561435 -0.0899300575 -0.17438975
vn -0.980561435 -0.0899300575 -0.17438972
vn 0.760175765 -0.280888051 0.585862398
vn 0.760175705 -0.280888051 0.585862398
vn 0.657363236 -0.362661302 0.660568178
vn 0.675581932 -0.349579334 0.649140537
vn 0.809550762 -0.232954368 0.538850427
vn 0.790756464 -0.2520459 0.557832479
vn 0.859131753 -0.176141471 0.480486125
vn 0.859131753 -0.176141471 0.480486125
vn 0.915720642 0.0374316908 0.400068164
vn 0.915720642 0.0374316908 0.400068164
vn 0.915720642 0.0374316871 0.400068134
vn 0.915720642 0.0374316908 0.400068164
vn 0.251219839 0.334402382 0.908330142
vn 0.251219839 0.334402353 0.908330083
vn 0.251219839 0.334402353 0.908330083
vn 0.251219809 0.334402382 0.908330083
vn 0.959068 -0.0161144529 0.282717139
vn 0.959068 -0.016114451 0.282717079
vn 0.959068 -0.0161144547 0.282717109
vn 0.959068 -0.0161144547 0.282717109
vn 0.345763534 -0.393019825 -0.852046311
vn 0.345763534 -0.393019885 -0.852046311
vn 0.345763594 -0.393019885 -0.852046311
vn 0.345763534 -0.393019885 -0.852046311
vn -0.974202693 0.0430143736 -0.221537471
vn -0.974202693 0.0430143774 -0.221537456
vn -0.988435507 0.0834976584 -0.126583278
vn -0.985824466 0.0732537359 -0.150943503
vn -0.991904616 0.1236974 -0.0287089907
vn -0.991904616 0.123697393 -0.0287089907
vn -0.356236398 0.392744005 0.847848833
vn -0.356236458 0.392744005 0.847848833
vn -0.356236428 0.392744005 0.847848833
vn -0.356236428 0.392743975 0.847848833
vn 0.909980536 0.234323502 -0.342093527
vn 0.909980536 0.234323502 -0.342093498
vn 0.820527911 0.21128872 -0.531122506
vn 0.820527673 0.211288661 -0.531122744
vn 0.75181973 0.193595901 -0.630307734
vn 0.751819611 0.193595901 -0.630307674
vn -0.850522578 -0.219012454 -0.478168309
vn -0.850522578 -0.219012454 -0.478168309
vn -0.925654411 -0.238359228 -0.293851554
vn -0.925654531 -0.238359228 -0.293851435
vn -0.963804662 -0.248183146 -0.0973939821
vn -0.963804662 -0.248183116 -0.097393997
vn 0.040403638 0.0104043419 0.999129236
vn 0.040403638 0.0104043419 0.999129236
vn 0.040403638 0.0104043419 0.999129236
vn 0.0404036418 0.0104043428 0.999129236
vn 0.903414249 0.232631698 0.360173821
vn 0.903414249 0.232631668 0.360173821
vn 0.903414249 0.232631698 0.360173851
vn 0.903414249 0.232631668 0.360173821
vn 0.567294419 0.146080494 0.810455084
vn 0.567294478 0.146080479 0.810455084
vn 0.567294419 0.146080479 0.810455143
vn 0.567294419 0.146080494 0.810455143
vn -0.873879075 0.0686190948 -0.481276214
vn -0.873879075 0.0686190873 -0.481276244
vn -0.880702257 0.0668584034 -0.468927979
vn -0.881346941 0.066688925 -0.467739344
vn -0.895146728 0.0629203022 -0.441308767
vn -0.895146728 0.0629203096 -0.441308796
vn -0.762911677 -0.0912536681 0.640030205
vn -0.762911677 -0.0912536532 0.640030086
vn -0.762911677 -0.0912536606 0.640030086
vn -0.762911677 -0.0912536457 0.640030086
vn 0.13741751 -0.13981095 0.980596423
vn 0.13741751 -0.13981095 0.980596423
vn 0.13741751 -0.13981095 0.980596423
vn 0.137417525 -0.139810935 0.980596423
vn 0.986645401 0.0229909271 -0.16125235
vn 0.986645401 0.0229909271 -0.161252365
vn 0.956529737 0.0411642082 -0.288715035
vn 0.959035218 0.0399859399 -0.28045094
vn 0.920290828 0.0552227721 -0.387318075
vn 0.920290828 0.0552227758 -0.387318075
vn -0.998627186 0.0211262554 0.0479306057
vn -0.998627186 0.0211262535 0.0479306057
vn -0.998627186 0.0211262535 0.047930602
vn -0.998627186 0.0211262535 0.0479306094
vn -0.923880219 0.266511828 0.274621159
vn -0.923880219 0.266511798 0.274621159
vn -0.923880219 0.266511828 0.274621159
vn -0.923880219 0.266511798 0.274621159
vn 0.957788348 0.223260939 0.181096748
vn 0.957788348 0.223260939 0.181096733
vn 0.957788348 0.223260909 0.181096718
vn 0.957788348 0.223260954 0.181096733
vn 0.675924122 -0.529382885 -0.512718797
vn 0.675924003 -0.529382825 -0.512718737
vn 0.675924122 -0.529382885 -0.512718737
vn 0.675924122 -0.529382885 -0.512718797
vn 0.876577556 0 -0.481260538
vn 0.876577556 0 -0.481260478
vn 0.876577556 0 -0.481260538
vn 0.876577556 0 -0.481260598
vn -0.259576827 0 -0.965722442
vn -0.259576797 0 -0.965722442
vn -0.259576797 0 -0.965722442
vn -0.259576827 0 -0.965722442
vn -0.920945227 0 -0.389691979
vn -0.920945227 0 -0.389691979
vn -0.920945227 0 -0.389691979
vn -0.920945227 0 -0.389692008
vn -0.78156358 0 0.62382555
vn -0.78156358 0 0.62382555
vn -0.88841176 0 0.459047467
vn -0.888411701 0 0.459047556
vn -0.969672561 0 0.244407564
vn -0.969672561 0 0.244407564
vn 0.639395297 0 0.768878222
vn 0.639395297 0 0.768878222
vn 0.639395237 0 0.768878222
vn 0.639395237 0 0.768878222
vn 0.990516484 0.133346289 -0.0331015997
vn 0.990516484 0.133346289 -0.0331015997
vn 0.970793903 0.0422493257 -0.236165628
vn 0.950237811 0.00649728253 -0.311457962
vn 0.892011583 -0.0613866001 -0.447824657
vn 0.892011583 -0.0613865964 -0.447824627
vn -0.481983066 -0.408406824 -0.775174975
vn -0.481983125 -0.408406794 -0.775174916
vn -0.481983125 -0.408406794 -0.775174916
vn -0.481983125 -0.408406794 -0.775174916
vn -0.91550982 -0.267123818 -0.30080995
vn -0.91550982 -0.267123789 -0.30080989
vn -0.91550982 -0.267123759 -0.30080989
vn -0.91550982 -0.267123789 -0.30080989
vn -0.766596794 0.156081468 0.622870803
vn -0.766596794 0.156081483 0.622870803
vn -0.766596735 0.156081483 0.622870803
vn -0.766596794 0.156081498 0.622870743
vn -0.152188808 0.374398023 0.914693773
vn -0.152188793 0.374397993 0.914693773
vn -0.152188808 0.374397993 0.914693773
vn -0.152188793 0.374398023 0.914693773
vn 0.661538303 0.37946102 0.646820128
vn 0.661538422 0.37946105 0.646820188
vn 0.661538303 0.37946102 0.646820128
vn 0.661538422 0.37946105 0.646820188
vn 0.308873624 0.0832800418 -0.947450042
vn 0.308873624 0.0832800344 -0.947450042
vn 0.0132535947 0.00357349194 -0.999905825
vn 0.013253537 0.00357347401 -0.999905825
vn -0.161394313 -0.0435159467 -0.985930145
vn -0.161394298 -0.0435159467 -0.985930145
vn -0.933057606 -0.251575679 0.257124752
vn -0.933057606 -0.251575679 0.257124722
vn -0.933057606 -0.251575679 0.257124752
vn -0.933057606 -0.251575679 0.257124782
vn 0.564844429 0.152296185 0.811021984
vn 0.56484437 0.152296171 0.811021984
vn 0.527279139 0.142167658 0.837714136
vn 0.527279317 0.142167658 0.837714136
vn 0.451459438 0.121724702 0.883949816
vn 0.451459497 0.12172471 0.883949935
vn 0.989735603 0.141629294 -0.0190965608
vn 0.989735603 0.141629294 -0.0190965608
vn 0.989735603 0.141629279 -0.0190965626
vn 0.989735603 0.141629279 -0.0190965608
vn -0.863967419 0.21278289 -0.456381083
vn -0.863967419 0.21278289 -0.456381083
vn -0.863967419 0.21278289 -0.456381083
vn -0.863967419 0.212782875 -0.456381083
vn -0.074235931 0.571554899 -0.817198873
vn -0.0742359385 0.571554959 -0.817198813
vn -0.0742359385 0.571554959 -0.817198813
vn -0.074235931 0.571554959 -0.817198873
vn -0.867672741 -0.357747227 0.345196933
vn -0.867672741 -0.357747227 0.345196903
vn -0.736705601 -0.452605098 0.50240761
vn -0.706227422 -0.468717873 0.530609429
vn -0.609488726 -0.51032114 0.606709003
vn -0.609488726 -0.51032114 0.606709003
vn -0.0415307619 0.00398805598 -0.999129236
vn -0.0415307581 0.00398805551 -0.999129236
vn -0.0415307581 0.00398805598 -0.999129236
vn -0.0415307619 0.00398805598 -0.999129236
vn -0.674630523 0.0647822917 -0.735307395
vn -0.674630463 0.0647822917 -0.735307395
vn -0.674630523 0.0647822917 -0.735307395
vn -0.674630463 0.0647822917 -0.735307395
vn -0.98498857 0.0945847109 0.144399837
vn -0.98498857 0.0945847183 0.144399837
vn -0.98498857 0.0945847109 0.144399837
vn -0.98498857 0.0945847183 0.144399837
vn -0.57543546 0.0552569889 0.815978408
vn -0.57543546 0.0552570038 0.815978408
vn -0.57543546 0.0552569889 0.815978408
vn -0.57543546 0.0552570038 0.815978408
vn 0.829785347 -0.0796818882 0.552365005
vn 0.829785347 -0.0796818957 0.552365005
vn 0.829785347 -0.0796819031 0.552365005
vn 0.829785347 -0.0796819031 0.552365005
vn 0.961953282 -0.0923735872 -0.257124543
vn 0.961953282 -0.0923735872 -0.257124543
vn 0.961953282 -0.0923735872 -0.257124543
vn 0.961953282 -0.0923735872 -0.257124543
vn 0.175187021 0.0252715554 -0.98421073
vn 0.175187036 0.0252715573 -0.98421073
vn 0.066225484 0.00955326483 -0.997758985
vn 0.0985310599 0.0142135192 -0.99503243
vn -0.280802757 -0.0405074321 -0.958910346
vn -0.280802727 -0.0405074283 -0.958910346
vn -0.858557403 -0.123850517 -0.497534096
vn -0.858557403 -0.123850547 -0.497534096
vn -0.858557403 -0.123850532 -0.497534096
vn -0.858557403 -0.123850547 -0.497534096
vn -0.54954803 -0.0792749524 0.831692517
vn -0.54954797 -0.0792749524 0.831692517
vn -0.639768958 -0.0922892839 0.763006151
vn -0.642753422 -0.0927197933 0.760441363
vn -0.727216661 -0.104903542 0.678344369
vn -0.727216661 -0.104903542 0.678344369
vn 0.670790374 0.0967652351 0.735307276
vn 0.670790374 0.0967652351 0.735307276
vn 0.670790374 0.0967652351 0.735307276
vn 0.670790374 0.0967652351 0.735307276
vn 0.985049546 0.142098159 0.0973934606
vn 0.985049546 0.142098159 0.097393468
vn 0.985049546 0.142098159 0.0973934606
vn 0.985049546 0.142098173 0.0973934531
vn -0.228058994 -0.95629245 -0.183013275
vn -0.228058994 -0.95629245 -0.183013275
vn -0.228059009 -0.95629245 -0.183013275
vn -0.228058979 -0.95629245 -0.18301326
vn -0.228058979 -0.95629245 -0.18301326
vn -0.228059009 -0.95629245 -0.18301329
vn -0.228058994 -0.95629245 -0.18301326
vn -0.228058994 -0.95629245 -0.183013275
vn 0.189299136 0.97338289 0.129195794
vn 0.189299151 0.97338289 0.129195794
vn 0.189299151 0.97338289 0.129195809
vn 0.189299151 0.97338289 0.129195809
vn 0.189299136 0.97338289 0.129195794
vn 0.189299151 0.97338289 0.129195794
vn 0.189299151 0.97338289 0.129195794
vn 0.189299151 0.97338289 0.129195794
vn -0.137435153 -0.987515569 -0.0769717842
vn -0.137435153 -0.987515569 -0.0769717842
vn -0.137435153 -0.987515569 -0.0769717842
vn -0.137435153 -0.987515569 -0.0769717842
vn -0.137435138 -0.987515569 -0.0769717842
vn -0.137435153 -0.987515569 -0.0769717768
vn 0.137434915 0.987515569 0.0769716874
vn 0.137434915 0.987515569 0.0769716874
vn 0.1374349 0.987515569 0.0769716799
vn 0.1374349 0.987515569 0.0769716874
vn 0.137434915 0.987515569 0.0769716948
vn 0.137434915 0.987515569 0.0769716874
vn 0.129992351 -0.986338973 -0.101180501
vn 0.129992381 -0.986338973 -0.101180509
vn 0.129992381 -0.986338973 -0.101180501
vn 0.129992366 -0.986338973 -0.101180494
vn 0.129992366 -0.986338973 -0.101180509
vn 0.129992366 -0.986338973 -0.101180501
vn 0.129992366 -0.986338973 -0.101180501
vn 0.129992366 -0.986338973 -0.101180494
vn -0.129990891 0.986339092 0.101180904
vn -0.129990876 0.986339092 0.101180881
vn -0.12999092 0.986339092 0.101180904
vn -0.129990906 0.986339092 0.101180896
vn -0.129990861 0.986339092 0.101180889
vn -0.129990891 0.986339092 0.101180889
vn -0.129990891 0.986339092 0.101180904
vn -0.129990876 0.986339092 0.101180896
vn 0.367745638 -0.912269175 0.180355415
vn 0.367745697 -0.912269175 0.18035543
vn 0.367745668 -0.912269175 0.18035543
vn 0.367745697 -0.912269175 0.18035543
vn -0.367745548 0.912269175 -0.180355459
vn -0.367745519 0.912269175 -0.18035543
vn -0.367745519 0.912269175 -0.18035543
vn -0.367745519 0.912269175 -0.18035543
vn -0.540135741 -0.832481742 -0.123399951
vn -0.540135741 -0.832481742 -0.123399921
vn -0.540135741 -0.832481742 -0.123399936
vn -0.540135801 -0.832481682 -0.123399936
vn -0.540135801 -0.832481742 -0.123399951
vn 0.54013592 0.832481802 0.123398602
vn 0.54013592 0.832481802 0.123398617
vn 0.54013592 0.832481802 0.123398617
vn 0.54013592 0.832481802 0.123398602
vn 0.54013586 0.832481802 0.123398617
vn 0.298121512 -0.954489589 -0.00854979642
vn 0.298121482 -0.954489589 -0.00854979642
vn 0.298121482 -0.954489589 -0.00854979549
vn 0.298121482 -0.954489589 -0.00854979642
vn 0.298121482 -0.954489708 -0.00854979642
vn 0.298121482 -0.954489708 -0.00854979642
vn 0.298121512 -0.954489589 -0.00854979642
vn 0.298121482 -0.954489589 -0.00854979642
vn -0.298121512 0.954489589 0.00854981039
vn -0.298121512 0.954489589 0.00854981039
vn -0.298121512 0.954489589 0.00854981039
vn -0.298121512 0.954489589 0.00854981039
vn -0.298121542 0.954489589 0.00854981039
vn -0.298121482 0.954489589 0.00854981039
vn -0.298121542 0.954489589 0.00854981039
vn -0.298121512 0.954489589 0.00854981039
vn -0.159367606 -0.987093031 -0.0157860927
vn -0.159367606 -0.987093031 -0.0157860946
vn -0.159367606 -0.987093031 -0.0157860927
vn -0.159367606 -0.987093031 -0.0157860927
vn -0.159367621 -0.987093031 -0.0157860927
vn -0.159367606 -0.987093031 -0.0157860909
vn -0.159367591 -0.987093031 -0.0157860909
vn -0.159367621 -0.987093031 -0.0157860946
vn -0.159367591 -0.987093031 -0.0157860909
vn -0.159367606 -0.987093031 -0.0157860927
vn 0.159367561 0.987093031 0.0157864019
vn 0.159367546 0.987093031 0.0157864001
vn 0.159367546 0.987093031 0.0157864001
vn 0.159367576 0.987093031 0.0157864019
vn 0.159367546 0.987093031 0.0157864001
vn 0.159367561 0.987093031 0.0157864001
vn 0.159367576 0.987093031 0.0157864038
vn 0.159367576 0.987093031 0.0157864038
vn 0.159367561 0.987093031 0.0157864019
vn 0.159367561 0.987093031 0.0157864038
vn 0.0213449262 -0.98879528 -0.147743776
vn 0.0213449281 -0.98879528 -0.147743776
vn 0.0213449262 -0.98879528 -0.147743776
vn 0.0213449262 -0.98879528 -0.147743762
vn 0.0213449262 -0.98879528 -0.147743776
vn 0.0213449262 -0.98879528 -0.147743776
vn 0.0213449243 -0.98879528 -0.147743776
vn 0.0213449262 -0.98879528 -0.147743776
vn 0.0213449243 -0.98879528 -0.147743762
vn 0.0213449281 -0.98879528 -0.147743791
vn -0.0213444829 0.98879528 0.14774403
vn -0.021344481 0.98879528 0.14774403
vn -0.0213444829 0.98879528 0.147744045
vn -0.021344481 0.98879528 0.14774403
vn -0.0213444792 0.98879528 0.147744015
vn -0.0213444829 0.98879528 0.14774403
vn -0.021344481 0.98879528 0.147744045
vn -0.0213444829 0.98879528 0.14774403
vn -0.021344481 0.98879528 0.14774403
vn 0.105314448 -0.988373995 0.109661087
vn 0.105314426 -0.988373995 0.10966108
vn 0.105314441 -0.988373995 0.109661072
vn 0.105314441 -0.988373995 0.109661072
vn 0.105314441 -0.988373995 0.109661087
vn 0.105314441 -0.988373995 0.109661087
vn 0.105314448 -0.988373995 0.10966108
vn 0.105314463 -0.988373995 0.109661095
vn -0.105314255 0.988373995 -0.109661229
vn -0.10531424 0.988373995 -0.109661214
vn -0.10531424 0.988373995 -0.109661199
vn -0.105314255 0.988373995 -0.109661207
vn -0.105314247 0.988373995 -0.109661207
vn -0.105314247 0.988373995 -0.109661214
vn -0.105314255 0.988373995 -0.109661229
vn -0.10531424 0.988373995 -0.109661207
vn 0 -0.963633955 0.267225474
vn 0 -0.963633955 0.267225474
vn 0 -0.963633955 0.267225474
vn 0 -0.963634074 0.267225474
vn 0 -0.963633955 0.267225474
vn 0 -0.963633955 0.267225474
vn 0 0.96363461 -0.267223537
vn 0 0.96363461 -0.267223507
vn 0 0.96363461 -0.267223537
vn 0 0.96363461 -0.267223537
vn 0 0.96363461 -0.267223537
vn 0 0.96363461 -0.267223507
vn -0.134544462 -0.980993748 -0.139818132
vn -0.134544462 -0.980993748 -0.139818132
vn -0.134544477 -0.980993748 -0.139818147
vn -0.134544477 -0.980993748 -0.139818132
vn -0.134544477 -0.980993748 -0.139818147
vn -0.134544462 -0.980993748 -0.139818132
vn 0.134544536 0.980993867 0.139817312
vn 0.134544551 0.980993748 0.139817312
vn 0.134544551 0.980993867 0.139817312
vn 0.134544551 0.980993867 0.139817327
vn 0.134544566 0.980993867 0.139817312
vn 0.134544551 0.980993867 0.139817312
vn 0.183737248 -0.982964575 0.00460486533
vn 0.183737233 -0.982964575 0.0046048658
vn 0.183737203 -0.982964575 0.0046048644
vn 0.183737233 -0.982964575 0.00460486626
vn 0.183737248 -0.982964575 0.00460486533
vn 0.183737218 -0.982964575 0.00460486533
vn 0.183737248 -0.982964575 0.00460486533
vn -0.183737665 0.982964456 -0.00460476521
vn -0.183737665 0.982964456 -0.00460476521
vn -0.183737651 0.982964456 -0.00460476521
vn -0.183737651 0.982964456 -0.00460476475
vn -0.183737665 0.982964456 -0.00460476521
vn -0.183737651 0.982964456 -0.00460476475
vn -0.18373768 0.982964456 -0.00460476568
vn -0.0955873355 -0.995420992 0
vn -0.095587343 -0.995420992 0
vn -0.095587343 -0.995420992 0
vn -0.095587343 -0.995420992 0
vn -0.095587343 -0.995420992 0
vn -0.095587343 -0.995420992 0
vn 0.0955873504 0.995420992 0
vn 0.0955873579 0.995420992 0
vn 0.0955873504 0.995420992 0
vn 0.0955873504 0.995420992 0
vn 0.095587343 0.995420992 0
vn 0.0955873579 0.995420992 0
vn 0.118993588 -0.919757545 -0.374014109
vn 0.118993573 -0.919757545 -0.37401408
vn 0.118993588 -0.919757545 -0.37401408
vn 0.118993603 -0.919757545 -0.37401408
vn 0.118993588 -0.919757545 -0.374014109
vn -0.11899323 0.919758201 0.374012619
vn -0.11899323 0.919758201 0.374012649
vn -0.11899323 0.919758201 0.374012649
vn -0.11899323 0.919758201 0.374012649
vn -0.118993223 0.919758201 0.374012649
vn 0.260328352 -0.965520144 0
vn 0.260328382 -0.965520144 0
vn 0.260328352 -0.965520144 0
vn 0.260328352 -0.965520144 0
vn 0.260328352 -0.965520144 0
vn -0.260328621 0.965520024 0
vn -0.260328561 0.965520024 0
vn -0.260328621 0.965520024 0
vn -0.260328621 0.965520024 0
vn -0.260328621 0.965520024 0
vn -0.105093449 -0.981627285 0.15925847
vn -0.105093442 -0.981627285 0.15925847
vn -0.105093434 -0.981627285 0.15925847
vn -0.105093434 -0.981627285 0.15925847
vn -0.105093449 -0.981627285 0.159258485
vn -0.105093442 -0.981627285 0.15925847
vn -0.105093442 -0.981627285 0.15925847
vn 0.105093352 0.981627166 -0.159259319
vn 0.105093352 0.981627166 -0.159259319
vn 0.105093352 0.981627166 -0.159259304
vn 0.10509336 0.981627166 -0.159259319
vn 0.10509336 0.981627166 -0.159259319
vn 0.105093352 0.981627166 -0.159259304
vn 0.10509336 0.981627166 -0.159259319
vn 0.205716118 -0.894133627 -0.397750974
vn 0.205716133 -0.894133747 -0.397751004
vn 0.205716148 -0.894133747 -0.397751004
vn 0.205716133 -0.894133747 -0.397750944
vn 0.205716133 -0.894133747 -0.397750974
vn -0.205715209 0.894133568 0.397751689
vn -0.205715239 0.894133568 0.397751659
vn -0.205715224 0.894133568 0.397751689
vn -0.205715224 0.894133568 0.397751689
vn -0.205715224 0.894133568 0.397751689
vn 0.359751254 -0.924515486 0.125897095
vn 0.359751284 -0.924515605 0.12589711
vn 0.359751284 -0.924515605 0.12589711
vn 0.359751254 -0.924515486 0.125897095
vn 0.359751225 -0.924515486 0.125897095
vn 0.359751284 -0.924515605 0.12589711
vn 0.359751254 -0.924515486 0.125897095
vn 0.359751254 -0.924515486 0.125897095
vn 0.359751284 -0.924515486 0.125897095
vn -0.359752625 0.924515069 -0.125895977
vn -0.359752566 0.924515069 -0.125895977
vn -0.359752595 0.924515069 -0.125895977
vn -0.359752625 0.924515069 -0.125895992
vn -0.359752566 0.924515069 -0.125895992
vn -0.359752625 0.924515069 -0.125895992
vn -0.359752595 0.924515069 -0.125895992
vn -0.359752595 0.924515069 -0.125896007
vn -0.359752566 0.924515069 -0.125895992
vn 0.541877091 -0.840457737 0
vn 0.541877151 -0.840457737 0
vn 0.541877151 -0.840457737 0
vn 0.541877151 -0.840457678 0
vn 0.541877151 -0.840457737 0
vn 0.541877091 -0.840457737 0
vn -0.541877031 0.840457737 0
vn -0.541877031 0.840457737 0
vn -0.541876972 0.840457857 0
vn -0.541877031 0.840457737 0
vn -0.541876972 0.840457737 0
vn -0.541877031 0.840457737 0
vn -0.0667326748 -0.987381637 0.143610701
vn -0.0667326674 -0.987381637 0.143610716
vn -0.0667326674 -0.987381637 0.143610701
vn -0.0667326674 -0.987381637 0.143610701
vn -0.0667326674 -0.987381637 0.143610701
vn -0.0667326748 -0.987381637 0.143610716
vn -0.0667326748 -0.987381637 0.143610716
vn -0.0667326674 -0.987381637 0.143610701
vn 0.0667321086 0.987381637 -0.143611044
vn 0.066732116 0.987381637 -0.143611029
vn 0.0667321086 0.987381637 -0.143611029
vn 0.0667321011 0.987381637 -0.143611029
vn 0.0667321086 0.987381637 -0.143611014
vn 0.0667321086 0.987381637 -0.143611029
vn 0.0667321086 0.987381637 -0.143611029
vn 0.0667321011 0.987381637 -0.143611029
vn -0.170218602 -0.915477097 0.364592046
vn -0.170218617 -0.915477097 0.364592016
vn -0.170218632 -0.915477097 0.364592105
vn -0.170218632 -0.915477097 0.364592105
vn -0.170218617 -0.915477097 0.364592046
vn -0.170218602 -0.915477097 0.364592046
vn -0.170218587 -0.915477097 0.364592016
vn 0.17021957 0.915477097 -0.364591688
vn 0.170219585 0.915477097 -0.364591718
vn 0.17021957 0.915477097 -0.364591658
vn 0.170219585 0.915477097 -0.364591718
vn 0.17021957 0.915477097 -0.364591688
vn 0.17021957 0.915477097 -0.364591688
vn 0.1702196 0.915477097 -0.364591688
vn 0.143584788 -0.979567289 0.140823588
vn 0.143584803 -0.979567289 0.140823603
vn 0.143584803 -0.979567289 0.140823588
vn 0.143584788 -0.979567289 0.140823588
vn 0.143584803 -0.979567289 0.140823618
vn 0.143584803 -0.979567289 0.140823603
vn 0.143584803 -0.979567289 0.140823603
vn -0.14358449 0.979567289 -0.140823811
vn -0.14358449 0.979567289 -0.140823841
vn -0.14358449 0.979567289 -0.140823826
vn -0.14358449 0.979567289 -0.140823826
vn -0.143584475 0.979567289 -0.140823826
vn -0.143584475 0.979567289 -0.140823811
vn -0.14358449 0.979567289 -0.140823826
vn 0 -0.996693254 -0.0812563449
vn 0 -0.996693254 -0.0812563449
vn 0 -0.996693254 -0.0812563449
vn 0 -0.996693254 -0.0812563449
vn 0 -0.996693254 -0.0812563524
vn 0 -0.996693254 -0.0812563375
vn 0 0.996693254 0.0812564939
vn 0 0.996693254 0.0812564865
vn 0 0.996693254 0.0812564865
vn 0 0.996693254 0.081256479
vn 0 0.996693254 0.0812564865
vn 0 0.996693254 0.081256479
vn 0.249367371 -0.968408942 0
vn 0.249367341 -0.968408942 0
vn 0.249367341 -0.968408942 0
vn 0.249367371 -0.968408942 0
vn 0.249367341 -0.968408942 0
vn 0.249367312 -0.968408942 0
vn 0.249367371 -0.968408942 0
vn -0.24936755 0.968408942 0
vn -0.24936752 0.968408942 0
vn -0.24936752 0.968408942 0
vn -0.24936755 0.968408942 0
vn -0.24936755 0.968408942 0
vn -0.24936755 0.968408942 0
vn -0.24936755 0.968408942 0
vn 0 -1 0
vn 0 -1 0
vn 0 -1 0
vn 0 -1 0
vn 0 -1 0
vn 0 -1 0
vn 0 1 0
vn 0 1 0
vn 0 1 0
vn 0 1 0
vn 0 1 0
vn 0 1 0
vn 0.0258360337 -0.852186859 0.52259922
vn 0.0258360356 -0.852186859 0.522599161
vn 0.0258360356 -0.852186859 0.52259922
vn 0.0258360337 -0.852186859 0.522599161
vn -0.0258378983 0.852187574 -0.522598088
vn -0.0258379001 0.852187574 -0.522598147
vn -0.0258378964 0.852187574 -0.522598088
vn -0.025837902 0.852187574 -0.522598147
g submesh_0
usemtl submesh_0
f 1/1/1 2/2/2 3/3/3
f 4/4/4 5/5/5 6/6/6
f 7/7/7 8/8/8 9/9/9
f 10/10/10 11/11/11 12/12/12
f 10/10/10 12/12/12 13/13/13
f 13/13/13 12/12/12 14/14/14
f 13/13/13 14/14/14 15/15/15
f 15/15/15 14/14/14 16/16/16
f 15/15/15 16/16/16 17/17/17
f 17/17/17 16/16/16 18/18/18
f 17/17/17 18/18/18 19/19/19
f 20/20/20 21/21/21 22/22/22
f 20/20/20 22/22/22 23/23/23
f 24/24/24 25/25/25 26/26/26
f 24/24/24 26/26/26 27/27/27
f 27/27/27 26/26/26 28/28/28
f 27/27/27 28/28/28 29/29/29
f 29/29/29 28/28/28 30/30/30
f 29/29/29 30/30/30 31/31/31
f 32/32/32 33/33/33 34/34/34
f 32/32/32 34/34/34 35/35/35
f 36/36/36 37/37/37 38/38/38
f 36/36/36 38/38/38 39/39/39
f 40/40/40 41/41/41 42/42/42
f 40/40/40 42/42/42 43/43/43
f 43/43/43 42/42/42 44/44/44
f 43/43/43 44/44/44 45/45/45
f 46/46/46 47/47/47 48/48/48
f 46/46/46 48/48/48 49/49/49
f 50/50/50 51/51/51 52/52/52
f 50/50/50 52/52/52 53/53/53
f 54/54/54 55/55/55 56/56/56
f 54/54/54 56/56/56 57/57/57
f 58/58/58 59/59/59 60/60/60
f 58/58/58 60/60/60 61/61/61
f 62/62/62 63/63/63 64/64/64
f 62/62/62 64/64/64 65/65/65
f 66/66/66 67/67/67 68/68/68
f 66/66/66 68/68/68 69/69/69
f 70/70/70 71/71/71 72/72/72
f 70/70/70 72/72/72 73/73/73
f 74/74/74 75/75/75 76/76/76
f 74/74/74 76/76/76 77/77/77
f 78/78/78 79/79/79 80/80/80
f 78/78/78 80/80/80 81/81/81
f 82/82/82 83/83/83 84/84/84
f 82/82/82 84/84/84 85/85/85
f 86/86/86 87/87/87 88/88/88
f 86/86/86 88/88/88 89/89/89
f 90/90/90 91/91/91 92/92/92
f 90/90/90 92/92/92 93/93/93
f 94/94/94 95/95/95 96/96/96
f 94/94/94 96/96/96 97/97/97
f 98/98/98 99/99/99 100/100/100
f 98/98/98 100/100/100 101/101/101
f 101/101/101 100/100/100 102/102/102
f 101/101/101 102/102/102 103/103/103
f 103/103/103 102/102/102 104/104/104
f 103/103/103 104/104/104 105/105/105
f 106/106/106 107/107/107 108/108/108
f 106/106/106 108/108/108 109/109/109
f 110/110/110 111/111/111 112/112/112
f 110/110/110 112/112/112 113/113/113
f 114/114/114 115/115/115 116/116/116
f 114/114/114 116/116/116 117/117/117
f 118/118/118 119/119/119 120/120/120
f 118/118/118 120/120/120 121/121/121
f 122/122/122 123/123/123 124/124/124
f 122/122/122 124/124/124 125/125/125
f 126/126/126 127/127/127 128/128/128
f 126/126/126 128/128/128 129/129/129
f 129/129/129 128/128/128 130/130/130
f 129/129/129 130/130/130 131/131/131
f 132/132/132 133/133/133 134/134/134
f 132/132/132 134/134/134 135/135/135
f 135/135/135 134/134/134 136/136/136
f 135/135/135 136/136/136 137/137/137
f 137/137/137 136/136/136 138/138/138
f 137/137/137 138/138/138 139/139/139
f 140/140/140 141/141/141 142/142/142
f 140/140/140 142/142/142 143/143/143
f 144/144/144 145/145/145 146/146/146
f 144/144/144 146/146/146 147/147/147
f 147/147/147 146/146/146 148/148/148
f 147/147/147 148/148/148 149/149/149
f 149/149/149 148/148/148 150/150/150
f 149/149/149 150/150/150 151/151/151
f 152/152/152 153/153/153 154/154/154
f 152/152/152 154/154/154 155/155/155
f 156/156/156 157/157/157 158/158/158
f 156/156/156 158/158/158 159/159/159
f 160/160/160 161/161/161 162/162/162
f 160/160/160 162/162/162 163/163/163
f 164/164/164 165/165/165 166/166/166
f 164/164/164 166/166/166 167/167/167
f 168/168/168 169/169/169 170/170/170
f 168/168/168 170/170/170 171/171/171
f 172/172/172 173/173/173 174/174/174
f 172/172/172 174/174/174 175/175/175
f 176/176/176 177/177/177 178/178/178
f 176/176/176 178/178/178 179/179/179
f 180/180/180 181/181/181 182/182/182
f 180/180/180 182/182/182 183/183/183
f 183/183/183 182/182/182 184/184/184
f 183/183/183 184/184/184 185/185/185
f 186/186/186 187/187/187 188/188/188
f 186/186/186 188/188/188 189/189/189
f 190/190/190 191/191/191 192/192/192
f 190/190/190 192/192/192 193/193/193
f 194/194/194 195/195/195 196/196/196
f 194/194/194 196/196/196 197/197/197
f 197/197/197 196/196/196 198/198/198
f 197/197/197 198/198/198 199/199/199
f 200/200/200 201/201/201 202/202/202
f 200/200/200 202/202/202 203/203/203
f 204/204/204 205/205/205 206/206/206
f 204/204/204 206/206/206 207/207/207
f 207/207/207 206/206/206 208/208/208
f 207/207/207 208/208/208 209/209/209
f 209/209/209 208/208/208 210/210/210
f 209/209/209 210/210/210 211/211/211
f 212/212/212 213/213/213 214/214/214
f 212/212/212 214/214/214 215/215/215
f 216/216/216 217/217/217 218/218/218
f 216/216/216 218/218/218 219/219/219
f 220/220/220 221/221/221 222/222/222
f 220/220/220 222/222/222 223/223/223
f 224/224/224 225/225/225 226/226/226
f 224/224/224 226/226/226 227/227/227
f 228/228/228 229/229/229 230/230/230
f 228/228/228 230/230/230 231/231/231
f 231/231/231 230/230/230 232/232/232
f 231/231/231 232/232/232 233/233/233
f 233/233/233 232/232/232 234/234/234
f 233/233/233 234/234/234 235/235/235
f 236/236/236 237/237/237 238/238/238
f 236/236/236 238/238/238 239/239/239
f 240/240/240 241/241/241 242/242/242
f 240/240/240 242/242/242 243/243/243
f 243/243/243 242/242/242 244/244/244
f 243/243/243 244/244/244 245/245/245
f 246/246/246 247/247/247 248/248/248
f 246/246/246 248/248/248 249/249/249
f 249/249/249 248/248/248 250/250/250
f 249/249/249 250/250/250 251/251/251
f 251/251/251 250/250/250 252/252/252
f 251/251/251 252/252/252 253/253/253
f 253/253/253 252/252/252 254/254/254
f 253/253/253 254/254/254 255/255/255
f 256/256/256 257/257/257 258/258/258
f 256/256/256 258/258/258 259/259/259
f 260/260/260 261/261/261 262/262/262
f 260/260/260 262/262/262 263/263/263
f 264/264/264 265/265/265 266/266/266
f 264/264/264 266/266/266 267/267/267
f 267/267/267 266/266/266 268/268/268
f 267/267/267 268/268/268 269/269/269
f 269/269/269 268/268/268 270/270/270
f 269/269/269 270/270/270 271/271/271
f 272/272/272 273/273/273 274/274/274
f 272/272/272 274/274/274 275/275/275
f 276/276/276 277/277/277 278/278/278
f 276/276/276 278/278/278 279/279/279
f 280/280/280 281/281/281 282/282/282
f 280/280/280 282/282/282 283/283/283
f 283/283/283 282/282/282 284/284/284
f 283/283/283 284/284/284 285/285/285
f 286/286/286 287/287/287 288/288/288
f 286/286/286 288/288/288 289/289/289
f 289/289/289 288/288/288 290/290/290
f 289/289/289 290/290/290 291/291/291
f 292/292/292 293/293/293 294/294/294
f 292/292/292 294/294/294 295/295/295
f 295/295/295 294/294/294 296/296/296
f 295/295/295 296/296/296 297/297/297
f 298/298/298 299/299/299 300/300/300
f 298/298/298 300/300/300 301/301/301
f 302/302/302 303/303/303 304/304/304
f 302/302/302 304/304/304 305/305/305
f 305/305/305 304/304/304 306/306/306
f 305/305/305 306/306/306 307/307/307
f 308/308/308 309/309/309 310/310/310
f 308/308/308 310/310/310 311/311/311
f 311/311/311 310/310/310 312/312/312
f 311/311/311 312/312/312 313/313/313
f 313/313/313 312/312/312 314/314/314
f 313/313/313 314/314/314 315/315/315
f 316/316/316 317/317/317 318/318/318
f 316/316/316 318/318/318 319/319/319
f 319/319/319 318/318/318 320/320/320
f 319/319/319 320/320/320 321/321/321
f 321/321/321 320/320/320 322/322/322
f 321/321/321 322/322/322 323/323/323
f 324/324/324 325/325/325 326/326/326
f 324/324/324 326/326/326 327/327/327
f 328/328/328 329/329/329 330/330/330
f 328/328/328 330/330/330 331/331/331
f 332/332/332 333/333/333 334/334/334
f 332/332/332 334/334/334 335/335/335
f 335/335/335 334/334/334 336/336/336
f 335/335/335 336/336/336 337/337/337
f 337/337/337 336/336/336 338/338/338
f 337/337/337 338/338/338 339/339/339
f 340/340/340 341/341/341 342/342/342
f 340/340/340 342/342/342 343/343/343
f 344/344/344 345/345/345 346/346/346
f 344/344/344 346/346/346 347/347/347
f 348/348/348 349/349/349 350/350/350
f 348/348/348 350/350/350 351/351/351
f 351/351/351 350/350/350 352/352/352
f 351/351/351 352/352/352 353/353/353
f 354/354/354 355/355/355 356/356/356
f 354/354/354 356/356/356 357/357/357
f 358/358/358 359/359/359 360/360/360
f 358/358/358 360/360/360 361/361/361
f 362/362/362 363/363/363 364/364/364
f 362/362/362 364/364/364 365/365/365
f 365/365/365 364/364/364 366/366/366
f 365/365/365 366/366/366 367/367/367
f 367/367/367 366/366/366 368/368/368
f 367/367/367 368/368/368 369/369/369
f 370/370/370 371/371/371 372/372/372
f 370/370/370 372/372/372 373/373/373
f 374/374/374 375/375/375 376/376/376
f 374/374/374 376/376/376 377/377/377
f 378/378/378 379/379/379 380/380/380
f 378/378/378 380/380/380 381/381/381
f 382/382/382 383/383/383 384/384/384
f 382/382/382 384/384/384 385/385/385
f 385/385/385 384/384/384 386/386/386
f 385/385/385 386/386/386 387/387/387
f 387/387/387 386/386/386 388/388/388
f 387/387/387 388/388/388 389/389/389
f 390/390/390 391/391/391 392/392/392
f 390/390/390 392/392/392 393/393/393
f 394/394/394 395/395/395 396/396/396
f 394/394/394 396/396/396 397/397/397
f 398/398/398 399/399/399 400/400/400
f 398/398/398 400/400/400 401/401/401
f 402/402/402 403/403/403 404/404/404
f 402/402/402 404/404/404 405/405/405
f 406/406/406 407/407/407 408/408/408
f 406/406/406 408/408/408 409/409/409
f 409/409/409 408/408/408 410/410/410
f 409/409/409 410/410/410 411/411/411
f 412/412/412 413/413/413 414/414/414
f 412/412/412 414/414/414 415/415/415
f 416/416/416 417/417/417 418/418/418
f 416/416/416 418/418/418 419/419/419
f 419/419/419 418/418/418 420/420/420
f 419/419/419 420/420/420 421/421/421
f 422/422/422 423/423/423 424/424/424
f 422/422/422 424/424/424 425/425/425
f 425/425/425 424/424/424 426/426/426
f 425/425/425 426/426/426 427/427/427
f 428/428/428 429/429/429 430/430/430
f 428/428/428 430/430/430 431/431/431
f 432/432/432 433/433/433 434/434/434
f 432/432/432 434/434/434 435/435/435
f 436/436/436 437/437/437 438/438/438
f 436/436/436 438/438/438 439/439/439
f 440/440/440 441/441/441 442/442/442
f 440/440/440 442/442/442 443/443/443
f 443/443/443 442/442/442 444/444/444
f 443/443/443 444/444/444 445/445/445
f 446/446/446 447/447/447 448/448/448
f 446/446/446 448/448/448 449/449/449
f 450/450/450 451/451/451 452/452/452
f 450/450/450 452/452/452 453/453/453
f 454/454/454 455/455/455 456/456/456
f 454/454/454 456/456/456 457/457/457
f 457/457/457 456/456/456 458/458/458
f 457/457/457 458/458/458 459/459/459
f 460/460/460 461/461/461 462/462/462
f 460/460/460 462/462/462 463/463/463
f 464/464/464 465/465/465 466/466/466
f 464/464/464 466/466/466 467/467/467
f 468/468/468 469/469/469 470/470/470
f 468/468/468 470/470/470 471/471/471
f 472/472/472 473/473/473 474/474/474
f 472/472/472 474/474/474 475/475/475
f 476/476/476 477/477/477 478/478/478
f 476/476/476 478/478/478 479/479/479
f 480/480/480 481/481/481 482/482/482
f 480/480/480 482/482/482 483/483/483
f 484/484/484 485/485/485 486/486/486
f 484/484/484 486/486/486 487/487/487
f 488/488/488 489/489/489 490/490/490
f 488/488/488 490/490/490 491/491/491
f 491/491/491 490/490/490 492/492/492
f 491/491/491 492/492/492 493/493/493
f 494/494/494 495/495/495 496/496/496
f 494/494/494 496/496/496 497/497/497
f 498/498/498 499/499/499 500/500/500
f 498/498/498 500/500/500 501/501/501
f 501/501/501 500/500/500 502/502/502
f 501/501/501 502/502/502 503/503/503
f 504/504/504 505/505/505 506/506/506
f 504/504/504 506/506/506 507/507/507
f 508/508/508 509/509/509 510/510/510
f 508/508/508 510/510/510 511/511/511
f 512/512/512 513/513/513 514/514/514
f 512/512/512 514/514/514 515/515/515
f 516/516/516 517/517/517 518/518/518
f 516/516/516 518/518/518 519/519/519
f 520/520/520 521/521/521 522/522/522
f 520/520/520 522/522/522 523/523/523
f 524/524/524 525/525/525 526/526/526
f 524/524/524 526/526/526 527/527/527
f 527/527/527 526/526/526 528/528/528
f 527/527/527 528/528/528 529/529/529
f 530/530/530 531/531/531 532/532/532
f 530/530/530 532/532/532 533/533/533
f 534/534/534 535/535/535 536/536/536
f 534/534/534 536/536/536 537/537/537
f 537/537/537 536/536/536 538/538/538
f 537/537/537 538/538/538 539/539/539
f 540/540/540 541/541/541 542/542/542
f 540/540/540 542/542/542 543/543/543
f 544/544/544 545/545/545 546/546/546
f 544/544/544 546/546/546 547/547/547
f 548/548/548 549/549/549 550/550/550
f 548/548/548 550/550/550 551/551/551
f 552/552/552 553/553/553 554/554/554
f 552/552/552 554/554/554 555/555/555
f 555/555/555 554/554/554 556/556/556
f 555/555/555 556/556/556 557/557/557
f 558/558/558 559/559/559 560/560/560
f 558/558/558 560/560/560 561/561/561
f 562/562/562 563/563/563 564/564/564
f 562/562/562 564/564/564 565/565/565
f 566/566/566 567/567/567 568/568/568
f 566/566/566 568/568/568 569/569/569
f 570/570/570 571/571/571 572/572/572
f 570/570/570 572/572/572 573/573/573
f 574/574/574 575/575/575 576/576/576
f 574/574/574 576/576/576 577/577/577
f 578/578/578 579/579/579 580/580/580
f 578/578/578 580/580/580 581/581/581
f 582/582/582 583/583/583 584/584/584
f 582/582/582 584/584/584 585/585/585
f 585/585/585 584/584/584 586/586/586
f 585/585/585 586/586/586 587/587/587
f 588/588/588 589/589/589 590/590/590
f 588/588/588 590/590/590 591/591/591
f 592/592/592 593/593/593 594/594/594
f 592/592/592 594/594/594 595/595/595
f 595/595/595 594/594/594 596/596/596
f 595/595/595 596/596/596 597/597/597
f 598/598/598 599/599/599 600/600/600
f 598/598/598 600/600/600 601/601/601
f 602/602/602 603/603/603 604/604/604
f 602/602/602 604/604/604 605/605/605
f 606/606/606 607/607/607 608/608/608
f 608/608/608 609/609/609 606/606/606
f 609/609/609 608/608/608 610/610/610
f 609/609/609 611/611/611 606/606/606
f 611/611/611 612/612/612 606/606/606
f 611/611/611 613/613/613 612/612/612
f 614/614/614 615/615/615 616/616/616
f 617/617/617 614/614/614 616/616/616
f 616/616/616 618/618/618 617/617/617
f 617/617/617 619/619/619 614/614/614
f 617/617/617 620/620/620 619/619/619
f 620/620/620 621/621/621 619/619/619
f 622/622/622 623/623/623 624/624/624
f 624/624/624 625/625/625 622/622/622
f 625/625/625 626/626/626 622/622/622
f 625/625/625 627/627/627 626/626/626
f 628/628/628 629/629/629 630/630/630
f 630/630/630 631/631/631 628/628/628
f 630/630/630 632/632/632 631/631/631
f 632/632/632 633/633/633 631/631/631
f 634/634/634 635/635/635 636/636/636
f 636/636/636 637/637/637 634/634/634
f 637/637/637 638/638/638 634/634/634
f 637/637/637 639/639/639 638/638/638
f 639/639/639 640/640/640 638/638/638
f 639/639/639 641/641/641 640/640/640
f 642/642/642 643/643/643 644/644/644
f 644/644/644 645/645/645 642/642/642
f 644/644/644 646/646/646 645/645/645
f 646/646/646 647/647/647 645/645/645
f 646/646/646 648/648/648 647/647/647
f 646/646/646 649/649/649 648/648/648
f 650/650/650 651/651/651 652/652/652
f 650/650/650 652/652/652 653/653/653
f 654/654/654 655/655/655 656/656/656
f 654/654/654 656/656/656 657/657/657
f 658/658/658 659/659/659 660/660/660
f 661/661/661 660/660/660 659/659/659
f 659/659/659 662/662/662 661/661/661
f 663/663/663 664/664/664 665/665/665
f 665/665/665 666/666/666 663/663/663
f 667/667/667 666/666/666 665/665/665
f 668/668/668 669/669/669 670/670/670
f 670/670/670 671/671/671 668/668/668
f 670/670/670 672/672/672 671/671/671
f 670/670/670 673/673/673 672/672/672
f 673/673/673 674/674/674 672/672/672
f 674/674/674 675/675/675 672/672/672
f 676/676/676 677/677/677 678/678/678
f 678/678/678 679/679/679 676/676/676
f 679/679/679 680/680/680 676/676/676
f 680/680/680 681/681/681 676/676/676
f 680/680/680 682/682/682 681/681/681
f 680/680/680 683/683/683 682/682/682
f 684/684/684 685/685/685 686/686/686
f 686/686/686 687/687/687 684/684/684
f 686/686/686 688/688/688 687/687/687
f 688/688/688 686/686/686 689/689/689
f 688/688/688 690/690/690 687/687/687
f 690/690/690 691/691/691 687/687/687
f 690/690/690 692/692/692 691/691/691
f 690/690/690 693/693/693 692/692/692
f 694/694/694 695/695/695 696/696/696
f 697/697/697 694/694/694 696/696/696
f 697/697/697 698/698/698 694/694/694
f 699/699/699 697/697/697 696/696/696
f 696/696/696 700/700/700 699/699/699
f 697/697/697 701/701/701 698/698/698
f 701/701/701 702/702/702 698/698/698
f 702/702/702 703/703/703 698/698/698
f 704/704/704 705/705/705 706/706/706
f 706/706/706 707/707/707 704/704/704
f 707/707/707 708/708/708 704/704/704
f 707/707/707 709/709/709 708/708/708
f 707/707/707 710/710/710 709/709/709
f 707/707/707 711/711/711 710/710/710
f 711/711/711 712/712/712 710/710/710
f 711/711/711 713/713/713 712/712/712
f 714/714/714 715/715/715 716/716/716
f 716/716/716 717/717/717 714/714/714
f 716/716/716 718/718/718 717/717/717
f 718/718/718 719/719/719 717/717/717
f 719/719/719 720/720/720 717/717/717
f 719/719/719 721/721/721 720/720/720
f 721/721/721 722/722/722 720/720/720
f 723/723/723 724/724/724 725/725/725
f 726/726/726 723/723/723 725/725/725
f 725/725/725 727/727/727 726/726/726
f 726/726/726 728/728/728 723/723/723
f 726/726/726 729/729/729 728/728/728
f 729/729/729 730/730/730 728/728/728
f 731/731/731 732/732/732 733/733/733
f 733/733/733 734/734/734 731/731/731
f 734/734/734 733/733/733 735/735/735
f 734/734/734 736/736/736 731/731/731
f 736/736/736 737/737/737 731/731/731
f 736/736/736 738/738/738 737/737/737
f 739/739/739 740/740/740 741/741/741
f 741/741/741 742/742/742 739/739/739
f 741/741/741 743/743/743 742/742/742
f 741/741/741 744/744/744 743/743/743
f 745/745/745 746/746/746 747/747/747
f 747/747/747 748/748/748 745/745/745
f 748/748/748 749/749/749 745/745/745
f 749/749/749 750/750/750 745/745/745
f 751/751/751 752/752/752 753/753/753
f 753/753/753 754/754/754 751/751/751
f 753/753/753 755/755/755 754/754/754
f 755/755/755 756/756/756 754/754/754
f 757/757/757 758/758/758 759/759/759
f 759/759/759 760/760/760 757/757/757
f 760/760/760 761/761/761 757/757/757
f 760/760/760 762/762/762 761/761/761
f 763/763/763 764/764/764 765/765/765
f 765/765/765 766/766/766 763/763/763
f 765/765/765 767/767/767 766/766/766
f 767/767/767 768/768/768 766/766/766
f 767/767/767 769/769/769 768/768/768
f 770/770/770 771/771/771 772/772/772
f 772/772/772 773/773/773 770/770/770
f 773/773/773 774/774/774 770/770/770
f 773/773/773 775/775/775 774/774/774
f 775/775/775 776/776/776 774/774/774
f 777/777/777 778/778/778 779/779/779
f 779/779/779 780/780/780 777/777/777
f 779/779/779 781/781/781 780/780/780
f 779/779/779 782/782/782 781/781/781
f 783/783/783 784/784/784 785/785/785
f 785/785/785 786/786/786 783/783/783
f 786/786/786 787/787/787 783/783/783
f 787/787/787 788/788/788 783/783/783
f 789/789/789 790/790/790 791/791/791
f 791/791/791 792/792/792 789/789/789
f 791/791/791 793/793/793 792/792/792
f 794/794/794 795/795/795 796/796/796
f 796/796/796 797/797/797 794/794/794
f 797/797/797 798/798/798 794/794/794
f 799/799/799 800/800/800 801/801/801
f 801/801/801 802/802/802 799/799/799
f 802/802/802 803/803/803 799/799/799
f 804/804/804 805/805/805 806/806/806
f 806/806/806 807/807/807 804/804/804
f 806/806/806 808/808/808 807/807/807
f 809/809/809 810/810/810 811/811/811
f 811/811/811 812/812/812 809/809/809
f 812/812/812 813/813/813 809/809/809
f 813/813/813 814/814/814 809/809/809
f 813/813/813 815/815/815 814/814/814
f 816/816/816 817/817/817 818/818/818
f 818/818/818 819/819/819 816/816/816
f 818/818/818 820/820/820 819/819/819
f 818/818/818 821/821/821 820/820/820
f 821/821/821 822/822/822 820/820/820
f 823/823/823 824/824/824 825/825/825
f 825/825/825 826/826/826 823/823/823
f 825/825/825 827/827/827 826/826/826
f 828/828/828 829/829/829 830/830/830
f 830/830/830 831/831/831 828/828/828
f 831/831/831 832/832/832 828/828/828
f 833/833/833 834/834/834 835/835/835
f 835/835/835 836/836/836 833/833/833
f 836/836/836 837/837/837 833/833/833
f 836/836/836 838/838/838 837/837/837
f 838/838/838 839/839/839 837/837/837
f 838/838/838 840/840/840 839/839/839
f 841/841/841 840/840/840 838/838/838
f 842/842/842 843/843/843 844/844/844
f 845/845/845 844/844/844 843/843/843
f 846/846/846 845/845/845 843/843/843
f 846/846/846 843/843/843 847/847/847
f 848/848/848 846/846/846 847/847/847
f 848/848/848 847/847/847 849/849/849
f 849/849/849 850/850/850 848/848/848
f 851/851/851 852/852/852 853/853/853
f 853/853/853 854/854/854 851/851/851
f 854/854/854 855/855/855 851/851/851
f 855/855/855 854/854/854 856/856/856
f 857/857/857 858/858/858 859/859/859
f 860/860/860 857/857/857 859/859/859
f 860/860/860 859/859/859 861/861/861
f 861/861/861 862/862/862 860/860/860
f 863/863/863 864/864/864 865/865/865
f 865/865/865 866/866/866 863/863/863
f 865/865/865 867/867/867 866/866/866
f 865/865/865 868/868/868 867/867/867
f 868/868/868 869/869/869 867/867/867
f 869/869/869 870/870/870 867/867/867
f 871/871/871 872/872/872 873/873/873
f 873/873/873 874/874/874 871/871/871
f 874/874/874 875/875/875 871/871/871
f 875/875/875 876/876/876 871/871/871
f 875/875/875 877/877/877 876/876/876
f 875/875/875 878/878/878 877/877/877
f 879/879/879 880/880/880 881/881/881
f 881/881/881 882/882/882 879/879/879
f 881/881/881 883/883/883 882/882/882
f 883/883/883 884/884/884 882/882/882
f 883/883/883 885/885/885 884/884/884
f 886/886/886 887/887/887 888/888/888
f 888/888/888 889/889/889 886/886/886
f 889/889/889 890/890/890 886/886/886
f 889/889/889 891/891/891 890/890/890
f 891/891/891 892/892/892 890/890/890
f 893/893/893 894/894/894 895/895/895
f 895/895/895 896/896/896 893/893/893
f 895/895/895 897/897/897 896/896/896
f 897/897/897 898/898/898 896/896/896
f 897/897/897 899/899/899 898/898/898
f 900/900/900 901/901/901 902/902/902
f 902/902/902 903/903/903 900/900/900
f 903/903/903 904/904/904 900/900/900
f 903/903/903 905/905/905 904/904/904
f 905/905/905 906/906/906 904/904/904
f 907/907/907 908/908/908 909/909/909
f 909/909/909 910/910/910 907/907/907
f 910/910/910 911/911/911 907/907/907
f 910/910/910 912/912/912 911/911/911
f 913/913/913 914/914/914 915/915/915
f 915/915/915 916/916/916 913/913/913
f 915/915/915 917/917/917 916/916/916
f 917/917/917 918/918/918 916/916/916
f 919/919/919 920/920/920 921/921/921
f 921/921/921 922/922/922 919/919/919
f 922/922/922 923/923/923 919/919/919
f 922/922/922 924/924/924 923/923/923
f 924/924/924 925/925/925 923/923/923
f 926/926/926 927/927/927 928/928/928
f 928/928/928 929/929/929 926/926/926
f 928/928/928 930/930/930 929/929/929
f 930/930/930 931/931/931 929/929/929
f 930/930/930 932/932/932 931/931/931
f 933/933/933 934/934/934 935/935/935
f 935/935/935 936/936/936 933/933/933
f 935/935/935 937/937/937 936/936/936
f 935/935/935 938/938/938 937/937/937
f 939/939/939 940/940/940 941/941/941
f 941/941/941 942/942/942 939/939/939
f 942/942/942 943/943/943 939/939/939
f 943/943/943 944/944/944 939/939/939
f 945/945/945 946/946/946 947/947/947
f 945/945/945 947/947/947 948/948/948
f 949/949/949 950/950/950 951/951/951
f 949/949/949 951/951/951 952/952/952
