o elec_00
v -0.267263263 -1.84457123 -1.40325773
v -0.286640733 -1.79504085 -1.39604783
v -0.294048697 -1.85620213 -1.39635861
v -0.260874093 -1.83737028 -1.43165624
v -0.313338339 -1.80739141 -1.3892771
v -0.333271474 -1.81232595 -1.4110285
v -0.314453423 -1.86062336 -1.41793692
v -0.308064789 -1.85342228 -1.44633484
v -0.330293 -1.79746914 -1.43766975
v -0.369863868 -1.7219063 -1.37414622
v -0.302277118 -1.78816271 -1.44538283
v -0.281278402 -1.84179091 -1.45323086
v -0.280988961 -1.78578043 -1.42408657
v -0.311414689 -1.71114945 -1.39349413
v -0.325338006 -1.69788933 -1.35592294
v -0.343814105 -1.6840018 -1.40248382
v -0.356208235 -1.69780147 -1.3438437
v -0.383059144 -1.61784315 -1.31003857
v -0.377500892 -1.6761322 -1.38706398
v -0.351467341 -1.59653497 -1.34528697
v -0.356109321 -1.60692489 -1.31748879
v -0.405695021 -1.61647642 -1.3297013
v -0.375314802 -1.59067941 -1.36304486
v -0.401762366 -1.60291898 -1.35624111
v -0.383848757 -1.56431913 -1.34878516
v -0.361137569 -1.56581497 -1.32920873
v -0.411313891 -1.57343781 -1.34088588
v -0.414554924 -1.58915091 -1.31491137
v -0.365003705 -1.57939613 -1.30268025
v -0.376377404 -1.54056346 -1.28707838
v -0.392079085 -1.58983755 -1.29521918
v -0.393896073 -1.52977252 -1.33533299
v -0.425639033 -1.55110717 -1.29996192
v -0.401453882 -1.55742204 -1.28247404
v -0.42388919 -1.53040624 -1.32257199
v -0.373388469 -1.52374065 -1.3123045
v -0.428016275 -1.54555285 -1.29128075
v -0.401903421 -1.50583518 -1.31616843
v -0.401720703 -1.5588522 -1.2783004
v -0.379315674 -1.51035225 -1.29015052
v -0.430406809 -1.51601624 -1.29789567
v -0.407545865 -1.49778461 -1.28666604
v -0.382272035 -1.512972 -1.26214373
v -0.433723927 -1.51891351 -1.26650107
v -0.429545522 -1.54809237 -1.27469993
v -0.378099501 -1.54205918 -1.27053607
v -0.410117507 -1.5031445 -1.2565763
v -0.41076389 -1.52331674 -1.21498096
v -0.402108669 -1.57951212 -1.2353133
v -0.382755071 -1.53562462 -1.21430087
v -0.434126735 -1.54121506 -1.21990347
v -0.42987898 -1.56829238 -1.23283243
v -0.432931721 -1.57045102 -1.20736742
v -0.378460526 -1.56239784 -1.22810686
v -0.404337138 -1.58311677 -1.20948792
v -0.381587267 -1.5648365 -1.20058072
v -0.387577385 -1.53168428 -1.16786242
v -0.437851697 -1.53837013 -1.19379699
v -0.408045769 -1.58006299 -1.18481135
v -0.414276928 -1.51921451 -1.16063559
v -0.435761273 -1.56605995 -1.15077448
v -0.38399142 -1.56088281 -1.15022635
v -0.383289158 -1.5259949 -1.13299966
v -0.438218355 -1.53548563 -1.14514947
v -0.408211887 -1.57854652 -1.15362239
v -0.403620303 -1.57117999 -1.11711061
v -0.372699857 -1.54300439 -1.09911978
v -0.427466959 -1.55387127 -1.10197747
v -0.410284728 -1.51303434 -1.13070691
v -0.426754743 -1.51746142 -1.0957762
v -0.394001603 -1.554757 -1.08152092
v -0.404539019 -1.50221825 -1.11004937
v -0.415515691 -1.53062999 -1.06654811
v -0.376863211 -1.51482284 -1.1110903
v -0.358106822 -1.48316419 -1.0739578
v -0.410317749 -1.48780835 -1.06135368
v -0.351638019 -1.50690448 -1.05678022
v -0.354816705 -1.49118721 -1.0077014
v -0.366935849 -1.44237912 -1.0410192
v -0.375644892 -1.43388844 -1.00259233
v -0.374055743 -1.46585882 -0.993227541
v -0.322971672 -1.46199882 -1.00878036
v -0.329341829 -1.43769038 -1.02613795
v -0.33452943 -1.45481539 -0.976997495
v -0.359959722 -1.43840039 -0.973331392
v -0.305223644 -1.42125154 -0.988228798
v -0.316871852 -1.41026437 -0.956816077
v -0.354229957 -1.41968656 -1.02169847
v -0.341182798 -1.38640893 -1.00700343
v -0.34790653 -1.40769386 -0.959976673
v -0.313321203 -1.39742708 -1.00793743
v -0.355365992 -1.38210452 -0.978159726
v -0.293352932 -1.38246942 -0.968289614
v -0.338779151 -1.37235665 -0.941014349
v -0.302440315 -1.35767078 -0.986555278
v -0.307406783 -1.35854125 -0.931883991
v -0.333291739 -1.35807168 -0.991651893
v -0.350381374 -1.35689414 -0.964873552
v -0.331160784 -1.33167994 -0.98145777
v -0.289761513 -1.33873868 -0.950635076
v -0.350219786 -1.33276248 -0.956661165
v -0.348294854 -1.27775061 -0.959139943
v -0.303604007 -1.31518066 -0.971979678
v -0.299012989 -1.29909325 -0.935436606
v -0.339004099 -1.33898711 -0.929536581
v -0.317999214 -1.30787706 -0.912938714
v -0.3180345 -1.27518809 -0.954647481
v -0.347925335 -1.31295013 -0.91838789
v -0.31631583 -1.26671481 -0.919597089
v -0.34241274 -1.24035561 -0.93570447
v -0.392262578 -1.23163128 -0.927260578
v -0.359185815 -1.30619168 -0.945355237
v -0.37715894 -1.27867508 -0.930975854
v -0.365534723 -1.28613663 -0.904122651
v -0.340564072 -1.27252328 -0.894378841
v -0.343661845 -1.2343334 -0.90031749
v -0.361720145 -1.25233364 -0.879245818
v -0.376184851 -1.21370828 -0.870941818
v -0.371378452 -1.21437216 -0.914319038
v -0.386580229 -1.26667726 -0.888788223
v -0.402676016 -1.25605774 -0.91187036
v -0.377305895 -1.24331665 -0.865000486
v -0.399263442 -1.26046467 -0.876477778
v -0.396187335 -1.20187521 -0.890137494
v -0.422799051 -1.24802113 -0.890331924
v -0.399340063 -1.24014044 -0.838576853
v -0.417555034 -1.21916139 -0.902572215
v -0.441574603 -1.2157892 -0.87391293
v -0.42282027 -1.25720537 -0.848554969
v -0.451939106 -1.19300997 -0.827488899
v -0.477191746 -1.23855186 -0.831172109
v -0.435010105 -1.20415807 -0.805564702
v -0.444231391 -1.23130178 -0.791016996
v -0.475011915 -1.20942426 -0.838472366
v -0.463804722 -1.24901688 -0.805371642
v -0.451233685 -1.19456959 -0.791810393
v -0.497831643 -1.2249192 -0.81450665
v -0.462464571 -1.18665755 -0.818715572
v -0.490905732 -1.22800791 -0.785227478
v -0.488559246 -1.19906628 -0.828381538
v -0.475779921 -1.1692524 -0.812237084
v -0.468295336 -1.21206987 -0.773483753
v -0.520387828 -1.19475031 -0.803794444
v -0.469851226 -1.17029285 -0.782710254
v -0.507555783 -1.16876364 -0.821929276
v -0.533090889 -1.16629887 -0.806286275
v -0.514950097 -1.19490731 -0.774159014
v -0.486287624 -1.18807316 -0.765049398
v -0.503471792 -1.15413666 -0.763554335
v -0.484076053 -1.15168655 -0.81265974
v -0.530860782 -1.16063416 -0.775820732
v -0.482152641 -1.14405572 -0.78360337
v -0.537843585 -1.13882673 -0.7836079
v -0.512562335 -1.12665713 -0.772996485
v -0.492438048 -1.11381125 -0.793454409
v -0.493389904 -1.12422788 -0.821604252
v -0.551852643 -1.09966087 -0.793910444
v -0.518408716 -1.1372323 -0.831961989
v -0.55918175 -1.08833838 -0.829399467
v -0.536407173 -1.0804956 -0.84948349
v -0.525491297 -1.09109426 -0.782453537
v -0.51178056 -1.06589293 -0.839887023
v -0.51004684 -1.0577966 -0.810840368
v -0.540407658 -1.03696847 -0.803054154
v -0.569590688 -1.03783679 -0.819317758
v -0.569849193 -1.05117142 -0.846444726
v -0.524676859 -1.01131105 -0.833303213
v -0.545715749 -1.04932535 -0.864358842
v -0.582334995 -1.02656972 -0.859379709
v -0.561484277 -0.991464198 -0.827024341
v -0.521203279 -1.03485715 -0.855049908
v -0.538336158 -1.00174665 -0.872418821
v -0.562863171 -1.01743031 -0.881219089
v -0.571245492 -0.965172887 -0.889546752
v -0.551769018 -0.971224964 -0.854503393
v -0.597936511 -0.9542768 -0.84348923
v -0.584376276 -1.00944817 -0.834503949
v -0.607016981 -0.999230027 -0.872329116
v -0.581338882 -0.943996847 -0.865700722
v -0.595817208 -0.983583212 -0.89639616
v -0.608966708 -0.983921409 -0.846031129
v -0.657313168 -0.963356614 -0.88731575
v -0.63133955 -0.909560323 -0.880717933
v -0.649205804 -0.947071671 -0.912294984
v -0.662742317 -0.946806192 -0.86212188
v -0.753724813 -0.863518298 -0.887690246
v -0.779493213 -0.89713639 -0.92127049
v -0.634555757 -0.921176314 -0.908453643
v -0.75598681 -0.855559886 -0.942056894
v -0.780022621 -0.883462846 -0.894564807
v -0.767166078 -0.883364677 -0.944919348
v -0.845242441 -0.836625695 -0.967209995
v -0.845620155 -0.858302236 -0.940060019
v -0.756052852 -0.842118323 -0.915212214
v -0.852896035 -0.840289235 -0.915386438
v -0.878692865 -0.831056237 -0.950675011
v -0.836313486 -0.815447628 -0.911023021
v -0.821435332 -0.816527903 -0.960800469
v -0.895569682 -0.798591614 -0.930722713
v -0.821508586 -0.802936792 -0.934019566
v -0.852694273 -0.786813855 -0.971765578
v -0.907011986 -0.79639709 -0.962308407
v -0.920071959 -0.746574879 -0.939243317
v -0.887598574 -0.753432512 -0.929832995
v -0.870104611 -0.782966435 -0.922931433
v -0.850790977 -0.774624944 -0.944369912
v -0.866977036 -0.746961653 -0.950671792
v -0.88703239 -0.788814545 -0.983396888
v -0.873238981 -0.751652777 -0.979776382
v -0.895510852 -0.715228558 -0.930687547
v -0.902415633 -0.753855288 -0.988332391
v -0.87417382 -0.711615443 -0.951422811
v -0.881155014 -0.712332129 -0.980546355
v -0.881035507 -0.654688716 -0.95058459
v -0.92365247 -0.758133709 -0.967599213
v -0.931129873 -0.720343947 -0.968306839
v -0.911097169 -0.702141404 -0.988700092
v -0.903976023 -0.650161207 -0.929931521
v -0.890150547 -0.644426763 -0.97981602
v -0.938680232 -0.65883702 -0.96745038
v -0.896131337 -0.600820005 -0.951650858
v -0.923633099 -0.630588353 -0.988591373
v -0.932038069 -0.657640874 -0.938397884
v -0.948372543 -0.606311738 -0.939719498
v -0.920744836 -0.597540796 -0.931397498
v -0.91010952 -0.586301327 -0.981866598
v -0.954122305 -0.611486256 -0.968932211
v -0.914447665 -0.559330583 -0.955682874
v -0.926392376 -0.545185149 -0.987375677
v -0.943213284 -0.583617866 -0.991990387
v -0.942808211 -0.544459164 -0.937793911
v -0.967602491 -0.581366777 -0.972638607
v -0.923503697 -0.531040847 -0.961007476
v -0.952799022 -0.556530356 -0.995859087
v -0.968901455 -0.55569303 -0.946043074
v -0.975681424 -0.556595743 -0.976369858
v -0.977832794 -0.530031145 -0.957926691
v -0.953877985 -0.510515451 -0.954399765
v -0.982813358 -0.535663128 -0.99028641
v -0.958273649 -0.539974272 -1.00709486
v -0.930092812 -0.512363195 -0.972830534
v -0.983798146 -0.499910504 -0.97348702
v -0.933690906 -0.519952834 -1.00254571
v -0.934764266 -0.477544963 -0.996030569
v -0.957227111 -0.487486362 -0.966067076
v -0.961909831 -0.518453181 -1.01723516
v -0.959879577 -0.466305554 -0.985193133
v -0.986240566 -0.513647497 -1.0004102
v -0.986150861 -0.480935723 -0.9896698
v -0.988323808 -0.495146781 -1.01956522
v -0.935615957 -0.504223406 -1.01232052
v -0.986847639 -0.464625061 -1.01289427
v -0.962806225 -0.506099761 -1.0332818
v -0.959368885 -0.445680231 -1.01967275
v -0.936048627 -0.490013748 -1.03386354
v -0.981295824 -0.467872113 -1.07307017
v -0.932331562 -0.455346584 -1.03669238
v -0.955821097 -0.48324877 -1.0780226
v -0.97966063 -0.440680444 -1.06019366
v -0.927755177 -0.469850689 -1.07166374
v -0.952539623 -0.429255307 -1.05061913
v -0.931438208 -0.393298298 -1.09203768
v -0.922182679 -0.435047507 -1.0672971
v -0.935947716 -0.447479248 -1.12184358
v -0.964415848 -0.437134773 -1.11194038
v -0.90579623 -0.432518274 -1.11452579
v -0.958152473 -0.403291762 -1.10447001
v -0.941525698 -0.403106898 -1.14793897
v -0.896848798 -0.396521866 -1.10839319
v -0.885619462 -0.378311813 -1.19167411
v -0.919666231 -0.350093335 -1.15859246
v -0.863308072 -0.35177359 -1.15262914
v -0.846616268 -0.35309431 -1.19190586
v -0.902715206 -0.351030916 -1.19869792
v -0.887787819 -0.334481061 -1.15063798
v -0.883974671 -0.303353757 -1.20065236
v -0.848055363 -0.330668211 -1.23476434
v -0.861902535 -0.300524801 -1.18045688
v -0.82179302 -0.30007416 -1.1998024
v -0.862187505 -0.302021563 -1.24431789
v -0.814857185 -0.315766603 -1.22645998
v -0.836566925 -0.271495938 -1.20804358
v -0.817613602 -0.292756736 -1.26309776
v -0.854619503 -0.269329488 -1.2321173
v -0.796596408 -0.265945703 -1.22018445
v -0.841975152 -0.274947405 -1.26154387
v -0.792406976 -0.28385362 -1.243451
v -0.822514176 -0.242957041 -1.27137959
v -0.816146851 -0.239175826 -1.21977019
v -0.754277289 -0.183838665 -1.22408962
v -0.772748113 -0.247742251 -1.25030386
v -0.792955101 -0.249953538 -1.27467418
v -0.832382083 -0.233580306 -1.24446595
v -0.727384269 -0.164217934 -1.25122571
v -0.784483075 -0.168455884 -1.27357233
v -0.790826142 -0.189149275 -1.22159636
v -0.736338079 -0.14604412 -1.27607656
v -0.798372447 -0.167584449 -1.24642467
v -0.743733227 -0.109470896 -1.22220647
v -0.670218468 -0.0770682842 -1.25247049
v -0.761445999 -0.105807722 -1.24694896
v -0.707470179 -0.0485419594 -1.27499604
v -0.672626019 -0.058037322 -1.22568464
v -0.672366917 -0.0515859351 -1.27763712
v -0.708503664 -0.027985787 -1.2482965
v -0.647441864 -0.0525509343 -1.25322795
v -0.67784518 -0.0168527812 -1.27596974
v -0.701875329 -0.0477345698 -1.2233336
v -0.674175322 -0.0185503624 -1.2241627
v -0.615004957 -0.0142998947 -1.27996898
v -0.632738054 -0.0267299116 -1.22713399
v -0.65790534 0.0128931841 -1.2500571
v -0.619095206 0.016140826 -1.27854812
v -0.624525607 0.0102914181 -1.22623658
v -0.621641815 -0.0364033915 -1.25427282
v -0.584213197 -0.0214922745 -1.25611091
v -0.602970243 0.0354263335 -1.25271475
v -0.572809696 -0.00363164768 -1.23013949
v -0.520484984 0.0104535129 -1.28274143
v -0.55450058 0.0313687511 -1.22920108
v -0.508866787 -0.00404369039 -1.25753736
v -0.545481145 0.049961973 -1.25431645
v -0.491084814 0.0115719782 -1.23129082
v -0.480651915 0.0427558236 -1.23013377
v -0.544715226 0.0362755619 -1.28097272
v -0.456693977 0.0612655431 -1.25622857
v -0.419890821 0.016616052 -1.23562431
v -0.446262419 0.0479734242 -1.28371704
v -0.30850485 0.0679732263 -1.27295113
v -0.388836354 0.0474970713 -1.23830462
v -0.435977459 0.0183632243 -1.28611612
v -0.408720106 0.0029746443 -1.26385343
v -0.304205686 0.0217879061 -1.24937654
v -0.320164621 0.0230732039 -1.29989111
v -0.299408823 0.0526013412 -1.24827254
v -0.297996432 0.00890407711 -1.27647161
v -0.239750162 0.0322136618 -1.25581753
v -0.305192083 0.0547528639 -1.29991949
v -0.245403439 0.065122582 -1.30615604
v -0.24113889 0.0625923127 -1.25439715
v -0.236218974 0.0364472792 -1.30842388
v -0.235446125 0.0195488203 -1.28303838
v -0.19159323 0.0507093742 -1.2603302
v -0.190233842 0.0375117026 -1.28725505
v -0.144122392 0.0739542544 -1.29043818
v -0.19005914 0.0577444509 -1.31238031
v -0.249071792 0.0779733285 -1.27901101
v -0.215055346 0.0921697468 -1.28208244
v -0.202038854 0.0796243921 -1.25782061
v -0.199527368 0.0871342868 -1.30994546
v -0.160057455 0.0841275379 -1.31455958
v -0.187671736 0.115874343 -1.28402865
v -0.149668053 0.0867270529 -1.26327085
v -0.175002366 0.113414675 -1.31190968
v -0.171958789 0.107013218 -1.26002479
v -0.165237635 0.153932974 -1.28670728
v -0.132480249 0.125719354 -1.31730509
v -0.148845404 0.1462567 -1.26284647
v -0.125108317 0.127137676 -1.26624012
v -0.110367768 0.130589873 -1.29433167
v -0.0996886268 0.210424706 -1.32926476
v -0.153781831 0.151367649 -1.31472862
v -0.106513046 0.172005847 -1.27126145
v -0.121106707 0.217792898 -1.27270341
v -0.137378007 0.226435229 -1.29709482
v -0.079690367 0.210417137 -1.30646276
v -0.0856764913 0.225343332 -1.28138363
v -0.0700957179 0.255547076 -1.29692435
v -0.110321932 0.244174019 -1.28058612
v -0.126332223 0.223206714 -1.3254658
v -0.106524318 0.259934545 -1.34444082
v -0.12610504 0.251574606 -1.30708432
v -0.0606340691 0.244649261 -1.32404947
v -0.106056809 0.28412196 -1.32322979
v -0.0874391422 0.28236872 -1.29970253
v -0.0807180628 0.310509205 -1.33730459
v -0.0767440274 0.249549136 -1.34882605
v -0.0599050596 0.267315507 -1.35851669
v -0.0641823858 0.306465685 -1.31260395
v -0.0374120623 0.268525332 -1.33775377
v -0.0427033752 0.28525427 -1.31241465
v -0.0464938357 0.318264216 -1.32981145
v -0.0776948705 0.291460216 -1.36116111
v -0.060937345 0.320593596 -1.36328065
v -0.0238006916 0.29696691 -1.33424771
v -0.0538635589 0.293909699 -1.403162
v -0.0457088389 0.269039005 -1.38385499
v -0.0104770046 0.270576745 -1.38468289
v -0.032245066 0.322509348 -1.35365915
v -0.0133016864 0.322334379 -1.38639951
v -0.0244707949 0.269635588 -1.41273403
v -0.0356860198 0.32041496 -1.40595555
v 0.045091778 0.332200885 -1.4439491
v 0.000945267617 0.29752019 -1.37746429
v -0.0263597742 0.296340793 -1.43331313
v 0.0222237762 0.301264137 -1.3965373
v 0.017955631 0.274874449 -1.41136658
v 0.025538994 0.330849171 -1.46674037
v 0.027230069 0.278342426 -1.46398497
v 0.0622105524 0.308187783 -1.43763769
v 0.0711571276 0.285744518 -1.4645822
v 0.024628954 0.305790871 -1.48456371
v 0.0679852441 0.290202618 -1.50049126
v 0.0922817886 0.318056405 -1.46289325
v 0.0526169203 0.314834595 -1.50824094
v 0.054100614 0.339727014 -1.49142277
v 0.0763680264 0.342305154 -1.47056198
v 0.0820675939 0.35487172 -1.50407362
v 0.100436389 0.298190892 -1.48450983
v 0.0755290017 0.326140612 -1.52076745
v 0.112198688 0.314551562 -1.51973474
v 0.126378387 0.314159036 -1.49284148
v 0.138602197 0.330464661 -1.53508937
v 0.0962741747 0.33902213 -1.5272814
v 0.121915795 0.336220622 -1.47290564
v 0.104437999 0.359524041 -1.48002839
v 0.115373306 0.374888539 -1.52128136
v 0.130833417 0.375086188 -1.49555457
v 0.148589462 0.351944298 -1.4886682
v 0.152879968 0.329920352 -1.5086143
v 0.184204862 0.352555811 -1.52344644
v 0.120669067 0.353622407 -1.54181635
v 0.150887012 0.375630379 -1.55638063
v 0.17106919 0.368158221 -1.49888301
v 0.144947454 0.396398515 -1.5356921
v 0.157595262 0.394613475 -1.50840545
v 0.201011434 0.3910155 -1.5204165
v 0.174409121 0.356742382 -1.55309474
v 0.182508662 0.41368264 -1.52804875
v 0.17488578 0.418109387 -1.56230438
v 0.22179009 0.379446477 -1.55812085
v 0.174807072 0.392506778 -1.57856834
v 0.200476468 0.42581594 -1.54725659
v 0.201500773 0.375962734 -1.58098686
v 0.224488899 0.408014625 -1.54722714
v 0.179347962 0.402243108 -1.59008861
v 0.230771914 0.400167197 -1.58294332
v 0.228902578 0.430078 -1.57025814
v 0.177164659 0.423636973 -1.56908178
v 0.172065213 0.425731659 -1.6100148
v 0.205978557 0.397965968 -1.60409009
v 0.198739022 0.451842368 -1.57133198
v 0.228852019 0.420993179 -1.601915
v 0.196138948 0.426709801 -1.62733114
v 0.219364703 0.459717631 -1.59441411
v 0.171680659 0.441272676 -1.58342969
v 0.170823202 0.494313776 -1.59810638
v 0.216735333 0.448400438 -1.62286103
v 0.182139188 0.514303982 -1.6256237
v 0.143267736 0.483452588 -1.60781837
v 0.187304616 0.491654098 -1.64822388
v 0.165095389 0.472355813 -1.65422034
v 0.114428245 0.506425381 -1.65262973
v 0.136822015 0.540512264 -1.62033463
v 0.133973897 0.513761818 -1.67421651
v 0.155668929 0.533645749 -1.66851318
v 0.140000209 0.567594707 -1.65427423
v 0.045139052 0.603512228 -1.677441
v 0.0871500894 0.614749134 -1.71877253
v 0.0685038194 0.621361017 -1.67041373
v 0.0481564738 0.616479814 -1.73761618
v 0.0863053575 0.630831718 -1.69328141
v 0.0432814322 0.590486348 -1.70449758
v 0.0123014944 0.649369359 -1.70506012
v 0.060746599 0.651790261 -1.74098349
v 0.0358241536 0.666662812 -1.69767308
v 0.0132504329 0.633016527 -1.73009622
v 0.0309783854 0.653215528 -1.76154649
v 0.00368664623 0.667965412 -1.75609791
v 0.0609007068 0.666571081 -1.71482563
v 0.0547905713 0.686383426 -1.72888327
v 0.0021866709 0.685553312 -1.73164296
v 0.0564554594 0.668128312 -1.75295305
v 0.027763132 0.69546926 -1.71886122
v 0.0328142121 0.707054436 -1.7279675
v 0.0367347784 0.671046734 -1.77601576
v 0.0137923621 0.710951924 -1.75136459
v 0.0152048254 0.691900611 -1.7747283
v 0.0309501775 0.704659224 -1.78197241
v 0.0458285399 0.678414166 -1.78021622
v 0.0351433903 0.725735903 -1.76085913
v 0.0680295825 0.674457848 -1.75993168
v 0.0507458597 0.719139338 -1.73601222
v 0.0780484676 0.697362781 -1.74220884
v 0.0621656254 0.683086872 -1.78989506
v 0.0683405921 0.725107133 -1.74729013
v 0.0556758083 0.732081532 -1.77379274
v 0.0942664817 0.680711627 -1.76935101
v 0.0543854535 0.711548269 -1.79577196
v 0.0885589942 0.729841888 -1.75321198
v 0.111746781 0.703429878 -1.7570976
v 0.0805261284 0.687601566 -1.7954222
v 0.0796080157 0.73772651 -1.78092897
v 0.11456608 0.682891846 -1.78406787
v 0.0727741122 0.715894938 -1.80128503
v 0.113963656 0.732985437 -1.77005064
v 0.136936262 0.707480371 -1.7729286
v 0.108349934 0.741450131 -1.80064416
v 0.095434621 0.689110518 -1.80694258
v 0.104959644 0.720781267 -1.82230091
v 0.114563592 0.69269228 -1.81798005
v 0.140332773 0.687797606 -1.80286753
v 0.128990039 0.735909879 -1.77850306
v 0.156846628 0.711023271 -1.79259551
v 0.153308854 0.690268874 -1.83008564
v 0.14602752 0.738959908 -1.7954303
v 0.12382853 0.744506478 -1.81570196
v 0.124344535 0.694283903 -1.83730817
v 0.158603922 0.74132812 -1.82186544
v 0.113336012 0.722241044 -1.83972275
v 0.171133041 0.713702559 -1.82516253
v 0.131544232 0.746037781 -1.83730328
v 0.114056639 0.727377892 -1.86211944
v 0.126527905 0.700489581 -1.86989534
v 0.156314492 0.6935184 -1.85541677
v 0.162301093 0.745880961 -1.85293388
v 0.174227461 0.718197286 -1.85449338
v 0.154562593 0.701711297 -1.88231516
v 0.119624831 0.713226676 -1.88862157
v 0.171839207 0.725913942 -1.8775928
v 0.132050902 0.749581993 -1.8529464
v 0.144709483 0.719581127 -1.90398705
v 0.158896565 0.752918303 -1.86650753
v 0.159314543 0.748472214 -1.89716733
v 0.133716255 0.736216128 -1.91296804
v 0.142646819 0.775883019 -1.8797524
v 0.116948478 0.769387901 -1.86542499
v 0.110885508 0.72649765 -1.89582515
v 0.0872281715 0.758292139 -1.88562548
v 0.131644189 0.777044475 -1.92146134
v 0.0946068689 0.788476467 -1.88675475
v 0.0946496576 0.742220819 -1.91058385
v 0.116843417 0.797708094 -1.90511262
v 0.116868049 0.751423359 -1.92886949
v 0.0728365928 0.801791489 -1.91352856
v 0.0908298865 0.803322613 -1.97025239
v 0.0425486788 0.787064791 -1.93858492
v 0.0766796619 0.824735045 -1.95213115
v 0.066474393 0.759813547 -1.94480634
v 0.047132276 0.822001636 -1.94098532
v 0.0720268413 0.781781435 -1.98113585
v 0.0235183816 0.870367706 -2.03442931
v 0.0332695283 0.86701858 -1.99365556
v 0.0380594842 0.783140421 -1.97453666
v -0.00655631255 0.834619284 -1.98562324
v -0.0118232919 0.882071555 -1.99729192
v -0.000397851021 0.820659459 -2.01164937
v 0.0119449524 0.890879989 -2.01347566
v -0.0285143759 0.859130383 -2.0059855
v -0.0368751921 0.907771111 -2.02473259
v 0.0233568009 0.829105973 -2.02790117
v 0.0034886892 0.851356924 -2.0462985
v -0.0213376135 0.843905568 -2.03103518
v -0.0137337251 0.917280614 -2.04170322
v -0.019530287 0.874806225 -2.07207704
v -0.0561860129 0.88781476 -2.03650737
v -0.00894896314 0.905512929 -2.06926918
v -0.0488841385 0.873298287 -2.06157184
v -0.0882111192 0.929428041 -2.10420346
v -0.0934077427 0.941883624 -2.07711625
v -0.0791976824 0.969671369 -2.07177544
v -0.0524829514 0.974147141 -2.08480501
v -0.0613248236 0.93374151 -2.11700559
v -0.111530215 0.965305984 -2.1073916
v -0.0434891991 0.956469715 -2.1075778
v -0.0668877885 0.991934419 -2.11018038
v -0.102092907 0.947104514 -2.12949395
v -0.138513401 1.0147804 -2.15462279
v -0.0941276625 0.987968564 -2.09806323
v -0.0570141561 0.973227262 -2.13156414
v -0.0746615827 0.950620055 -2.14106083
v -0.0814343393 1.01736796 -2.173491
v -0.0930954814 1.03984487 -2.15593743
v -0.128928602 0.996242762 -2.1763804
v -0.101512961 0.999731064 -2.18804193
v -0.120483555 1.0365026 -2.14444542
v -0.0992308185 1.05051935 -2.21433449
v -0.142336652 1.02039492 -2.2076118
v -0.136398956 1.06571734 -2.1811645
v -0.11946398 1.03444099 -2.22966027
v -0.156906456 1.04958999 -2.19691658
v -0.108401112 1.0683428 -2.19161367
v -0.121991001 1.11928523 -2.2228334
v -0.151706964 1.04519856 -2.22836661
v -0.114676617 1.10960639 -2.25036097
v -0.136355877 1.09804332 -2.26843715
v -0.150462687 1.11843634 -2.21348858
v -0.164806828 1.09706724 -2.259027
v -0.171726957 1.15605414 -2.27787042
v -0.172589913 1.11219192 -2.23342872
v -0.156335235 1.16832066 -2.22897792
v -0.127636924 1.16933107 -2.23856997
v -0.142950729 1.15386367 -2.28571844
v -0.179775074 1.16932476 -2.25126958
v -0.126782805 1.19001639 -2.27666545
v -0.170106828 1.2258544 -2.24694467
v -0.192215413 1.21745718 -2.26528835
v -0.158810109 1.21895993 -2.30575013
v -0.144214958 1.23630166 -2.25837445
v -0.189094216 1.22202575 -2.29570723
v -0.210968047 1.27729416 -2.26765704
v -0.140696689 1.23936427 -2.28844714
v -0.188476026 1.28458238 -2.24882936
v -0.203390405 1.26721525 -2.29742646
v -0.177706257 1.27838516 -2.30852008
v -0.16211766 1.29380167 -2.25986075
v -0.212246969 1.30080593 -2.29443479
v -0.15966247 1.30135393 -2.28896713
v -0.217996746 1.31190383 -2.26041532
v -0.187675849 1.3203038 -2.30283427
v -0.193424702 1.30998933 -2.24289465
v -0.219327047 1.32560718 -2.24885798
v -0.216975108 1.33111012 -2.28425717
v -0.166542307 1.31685925 -2.25451732
v -0.165101856 1.33219779 -2.28077102
v -0.190856889 1.34428239 -2.29186225
v -0.167319342 1.32476699 -2.24741626
v -0.218623608 1.34963632 -2.26668572
v -0.166771472 1.3514632 -2.26198435
v -0.192473814 1.36444116 -2.27077389
v -0.219109371 1.35577965 -2.24303579
v -0.193325475 1.36956501 -2.23898792
v -0.193477675 1.30920625 -2.24645829
v -0.16721198 1.35351646 -2.23745394
v -0.217063576 1.34758937 -2.21222138
v -0.166237086 1.31998944 -2.22882318
v -0.215773135 1.31645668 -2.20910048
v -0.163940787 1.34790838 -2.21109772
v -0.187749296 1.30157185 -2.20646715
v -0.186543286 1.36028993 -2.19096828
v -0.154392689 1.31709421 -2.18701243
v -0.203420877 1.34450769 -2.16546488
v -0.157505929 1.36691356 -2.14036465
v -0.153631523 1.34765911 -2.18250632
v -0.200158566 1.31513298 -2.16259217
v -0.173533008 1.32191801 -2.11937928
v -0.174035311 1.30170715 -2.16975164
v -0.151176721 1.30762589 -2.13358498
v -0.107069634 1.32455826 -2.09616566
v -0.13334167 1.32256413 -2.15284157
v -0.136438429 1.35231042 -2.15639234
v -0.106100388 1.33275032 -2.12865424
v -0.11313419 1.36104155 -2.13579798
v -0.175819606 1.35191143 -2.1222086
v -0.133376122 1.36823976 -2.08613944
v -0.116246022 1.38354862 -2.10784769
v -0.0806585848 1.37639463 -2.11621094
v -0.0710372478 1.34931016 -2.10759258
v -0.137135118 1.33546388 -2.08698225
v -0.0520642996 1.41573298 -2.07635617
v -0.10542769 1.35012293 -2.06743622
v -0.0564483665 1.37470734 -2.04377151
v -0.0380608924 1.35892308 -2.06152797
v -0.0250655338 1.37241721 -2.08607292
v -0.0228579193 1.40594733 -2.08734536
v -0.0174588747 1.37004352 -2.04867005
v -0.0625614598 1.40352106 -2.05080581
v -0.0360078961 1.38533616 -2.03106856
v -0.00125673611 1.38454926 -2.06959391
v -0.0417973623 1.41443396 -2.03670907
v -0.0268253461 1.42860496 -2.05864787
v -0.00191369222 1.37354636 -2.03455901
v 0.00651411945 1.41629529 -2.06390381
v -0.027043473 1.41797209 -2.02380157
v -0.0066389516 1.39724565 -2.00204372
v 0.0175369363 1.38949835 -2.0522902
v -0.0123569528 1.43177116 -2.04591513
v 0.0209747162 1.45084846 -2.00730085
v 0.00307669467 1.4353236 -1.98832369
v 0.032838244 1.39318335 -1.99519038
v 0.0393513143 1.43437207 -2.02637291
v 0.0122295143 1.40830803 -1.97684729
v 0.0527208447 1.40983701 -2.01063824
v 0.0627354607 1.44744205 -1.98609126
v 0.0266453736 1.44765592 -1.94487548
v 0.0688871965 1.4186554 -1.97947562
v 0.0816646442 1.4571929 -1.96477318
v 0.0447081923 1.46342492 -1.96373451
v 0.0541701987 1.40443981 -1.95565927
v 0.0320100486 1.4184674 -1.94016945
v 0.0870371088 1.42754364 -1.95943046
v 0.0879431814 1.41980147 -1.92482781
v 0.0719291121 1.43599021 -1.90518725
v 0.0793197602 1.46859658 -1.90090156
v 0.124381922 1.43863118 -1.93062985
v 0.119111851 1.44425869 -1.87148559
v 0.0769954398 1.47734034 -1.93671227
v 0.129022449 1.4884032 -1.89859843
v 0.158590868 1.47300577 -1.90893245
v 0.191767275 1.48062396 -1.84560561
v 0.132721737 1.47436845 -1.86319995
v 0.160511836 1.43988681 -1.83654618
v 0.135711908 1.4282248 -1.8906759
v 0.16335997 1.44194543 -1.90343738
v 0.177113786 1.46438468 -1.82169616
v 0.283104241 1.41086519 -1.70393932
v 0.214277387 1.46096623 -1.85787416
v 0.178161457 1.42251766 -1.85407305
v 0.20751673 1.43210125 -1.8620863
v 0.266504258 1.43442798 -1.79953945
v 0.237485453 1.39277995 -1.78807473
v 0.229421467 1.40568089 -1.76022124
v 0.287231684 1.39186192 -1.77348077
v 0.260754168 1.44618618 -1.76912665
v 0.305143535 1.35902548 -1.71343589
v 0.338450581 1.3987776 -1.72029829
v 0.288498908 1.37598658 -1.69493318
v 0.322909504 1.41522193 -1.7005285
v 0.340421528 1.39488161 -1.64776564
v 0.34252131 1.36737883 -1.71403217
v 0.341638356 1.36470342 -1.644835
v 0.364740819 1.40885496 -1.66258085
v 0.380490899 1.39256883 -1.68227518
v 0.36065644 1.34845459 -1.66191638
v 0.381253332 1.36254656 -1.6797148
v 0.408882082 1.39767802 -1.65987682
v 0.37813732 1.40075696 -1.61812556
v 0.419211984 1.3705802 -1.65031207
v 0.391622841 1.4140178 -1.64155483
v 0.40305087 1.35634685 -1.62864816
v 0.439093947 1.41290081 -1.63693595
v 0.381459683 1.37136936 -1.61339676
v 0.411792606 1.38540733 -1.59103286
v 0.432560831 1.3711704 -1.60641146
v 0.404264212 1.41399693 -1.59813261
v 0.461477429 1.39131606 -1.61416185
v 0.41700384 1.42700756 -1.62204468
v 0.443409652 1.44004214 -1.59309733
v 0.46345973 1.38723207 -1.57205319
v 0.468233407 1.4274056 -1.60508406
v 0.491180301 1.45299017 -1.57772505
v 0.483719379 1.40693986 -1.5873332
v 0.491194248 1.41798317 -1.53910398
v 0.42869854 1.42623353 -1.57118797
v 0.458213001 1.45829725 -1.53727412
v 0.443969399 1.40557206 -1.55382717
v 0.473356515 1.47181833 -1.55973136
v 0.505074978 1.43045402 -1.56276393
v 0.467743129 1.43168175 -1.52665472
v 0.48653096 1.48215568 -1.54752326
v 0.522307336 1.44405186 -1.54689288
v 0.487882167 1.44751179 -1.50801206
v 0.482727289 1.47993457 -1.51659334
v 0.510167003 1.4683969 -1.56003332
v 0.50739485 1.4306258 -1.52421165
v 0.528573573 1.45323992 -1.50959253
v 0.538051069 1.4619664 -1.53678191
v 0.52317524 1.48336399 -1.55188334
v 0.516272664 1.50996912 -1.52709973
v 0.504399359 1.46637809 -1.49740624
v 0.543371618 1.49746954 -1.53609514
v 0.514658391 1.504691 -1.49229991
v 0.563090622 1.47623682 -1.51477063
v 0.527773678 1.47987735 -1.47644031
v 0.567900062 1.50991786 -1.50998664
v 0.587485075 1.48573196 -1.48196435
v 0.555231035 1.46725702 -1.48334861
v 0.54747355 1.52577615 -1.49420106
v 0.542333663 1.51542473 -1.45595193
v 0.543882966 1.48528588 -1.45344305
v 0.586865902 1.51571465 -1.48265803
v 0.567849636 1.47040689 -1.46407354
v 0.565817654 1.53051698 -1.46732175
v 0.595769107 1.52778339 -1.41628098
v 0.573271811 1.51260781 -1.40359712
v 0.618635178 1.51835001 -1.37904561
v 0.617856979 1.51294625 -1.43028486
v 0.593486249 1.46792817 -1.42098963
v 0.575553596 1.48202431 -1.40029562
v 0.62073952 1.4822278 -1.42599213
v 0.593771279 1.50401509 -1.37011647
v 0.608441472 1.46159053 -1.39654911
v 0.644462168 1.46658063 -1.38755786
v 0.638594389 1.50408411 -1.39641464
v 0.597976744 1.46810734 -1.36366415
v 0.609728098 1.48853183 -1.34350264
v 0.630132496 1.45671773 -1.3056761
v 0.655088663 1.48783064 -1.3688904
v 0.637456834 1.49975812 -1.34784222
v 0.621667743 1.44836056 -1.37466562
v 0.672207892 1.46046519 -1.33717823
v 0.619206846 1.43460572 -1.32413971
v 0.638538897 1.4198494 -1.34152746
v 0.666439056 1.43031263 -1.3450402
v 0.655515611 1.47012317 -1.31345129
v 0.650049865 1.40208459 -1.31320596
v 0.687462568 1.43590462 -1.30011952
v 0.667872429 1.45032763 -1.28228271
v 0.63209182 1.41311729 -1.29089463
v 0.678917825 1.41089976 -1.31398308
v 0.659020424 1.37710714 -1.27454638
v 0.645964861 1.42224228 -1.25189102
v 0.688209355 1.38419938 -1.27157438
v 0.663223088 1.36124444 -1.22549224
v 0.63946557 1.39130318 -1.25270903
v 0.649245203 1.41038382 -1.21394062
v 0.696603894 1.40943968 -1.25620103
v 0.675787568 1.42759359 -1.24446964
v 0.691966355 1.3701551 -1.22803819
v 0.699555874 1.39802063 -1.21779501
v 0.641583502 1.38231838 -1.22266877
v 0.677934706 1.41935754 -1.21596241
v 0.69406563 1.37274826 -1.19837987
v 0.643434763 1.38436639 -1.19837236
v 0.7023803 1.41116345 -1.18452632
v 0.680648446 1.43650889 -1.18146002
v 0.665610909 1.36496961 -1.19297123
v 0.667913854 1.37756658 -1.16476238
v 0.652243555 1.42794073 -1.17733645
v 0.697480619 1.39475775 -1.15571511
v 0.646392822 1.40467596 -1.15861702
v 0.702875257 1.42759287 -1.15712214
v 0.692732751 1.41144001 -1.11576521
v 0.668949306 1.38969958 -1.14554763
v 0.676643431 1.45499587 -1.13958526
v 0.648598135 1.44400299 -1.14028597
v 0.642600119 1.41732097 -1.12772489
v 0.639428794 1.42670524 -1.11201322
v 0.664203525 1.40198278 -1.11366343
v 0.662495375 1.40931809 -1.10269594
v 0.698432267 1.43893433 -1.12702429
v 0.694091916 1.45222318 -1.10530257
v 0.671157777 1.46917677 -1.11525977
v 0.688972592 1.42304742 -1.09676456
v 0.683881581 1.42087054 -1.08507609
v 0.644384027 1.45546007 -1.12074184
v 0.683474541 1.45094144 -1.07869673
v 0.636949778 1.45512938 -1.10146523
v 0.623939693 1.43883216 -1.079597
v 0.658243895 1.4665463 -1.08337796
v 0.671978891 1.43710613 -1.05892467
v 0.668506563 1.3993777 -1.06225157
v 0.642421842 1.44634008 -1.05726969
v 0.638240576 1.39411712 -1.01412046
v 0.632689416 1.41872668 -1.10044956
v 0.61076653 1.3902483 -1.07040524
v 0.608973444 1.40544176 -1.01436067
v 0.624045253 1.36022818 -1.05107129
v 0.593379378 1.40067446 -1.04004717
v 0.59406215 1.37082362 -1.05076158
v 0.642352581 1.36766708 -1.02910137
v 0.604986727 1.34619546 -1.02784526
v 0.58092618 1.39277899 -1.02401149
v 0.628181756 1.35706615 -1.01145768
v 0.627599001 1.38551998 -1.00131941
v 0.576163828 1.36364949 -1.02459669
v 0.61691159 1.35584688 -0.991096377
v 0.602032363 1.40473306 -1.00203228
v 0.590560794 1.34546852 -1.00085187
v 0.565655589 1.36743367 -0.998685181
v 0.622975409 1.3857013 -0.992222428
v 0.572501302 1.40016103 -0.994437933
v 0.585088551 1.35336852 -0.974580526
v 0.60815376 1.41400445 -0.986215234
v 0.615799129 1.36388814 -0.972541213
v 0.565523386 1.37712717 -0.976910532
v 0.571657538 1.38905346 -0.958843946
v 0.630214393 1.39031351 -0.976334035
v 0.588909864 1.36338723 -0.959574282
v 0.583489358 1.41515231 -0.967697799
v 0.618259609 1.41588032 -0.966015577
v 0.631364584 1.36676323 -0.952239633
v 0.594147146 1.41475797 -0.94849354
v 0.650192857 1.39608634 -0.951503456
v 0.583694041 1.38819194 -0.938321292
v 0.60680449 1.36561871 -0.934862316
v 0.602311134 1.39406538 -0.915265739
v 0.63441056 1.42090428 -0.946290672
v 0.62246269 1.37010229 -0.912220776
v 0.615970492 1.42165041 -0.918335378
v 0.648365617 1.3715384 -0.927452505
v 0.662493944 1.40114152 -0.925073624
v 0.605978668 1.39791846 -0.901594341
v 0.646067023 1.42940748 -0.914255679
v 0.65570426 1.38170624 -0.896310329
v 0.60842675 1.43296003 -0.89052254
v 0.664283693 1.41319001 -0.895324707
v 0.625258088 1.37932622 -0.887655377
v 0.632303417 1.44487393 -0.876376808
v 0.599581718 1.40508473 -0.883838594
v 0.643881381 1.39798188 -0.856482089
v 0.577139199 1.44692218 -0.853308678
v 0.609227836 1.3921355 -0.855335772
v 0.648997545 1.4278332 -0.858133674
v 0.615081787 1.44290745 -0.817921221
v 0.56571418 1.41890407 -0.844434917
v 0.606718421 1.41449416 -0.812286317
v 0.569431663 1.4593339 -0.775338352
v 0.600353777 1.45907998 -0.838474751
v 0.554208636 1.41232014 -0.799817502
v 0.466996998 1.4554112 -0.752807915
v 0.535319507 1.46190715 -0.814412177
v 0.556490362 1.47486842 -0.797503054
v 0.563699484 1.42985833 -0.772283614
v 0.484188288 1.48108673 -0.76733911
v 0.485970229 1.43785274 -0.736448944
v 0.503510416 1.49453294 -0.748725116
v 0.51412642 1.44850695 -0.726666272
v 0.511464953 1.48034358 -0.720770061
v 0.462262005 1.48490012 -0.740260124
v 0.50102663 1.44983232 -0.70984453
v 0.484323293 1.49743867 -0.724162698
v 0.473836929 1.49527693 -0.7044999
v 0.469617367 1.43516099 -0.705096066
v 0.447791368 1.48180366 -0.711992264
v 0.497832745 1.47872889 -0.697184026
v 0.445221037 1.45181096 -0.710393429
v 0.444507569 1.48463893 -0.680675566
v 0.494785547 1.44941819 -0.69099766
v 0.470457882 1.49726641 -0.66913408
v 0.441969216 1.45459056 -0.679979384
v 0.494579315 1.48000944 -0.665474534
v 0.480039954 1.46624947 -0.608382821
v 0.466415495 1.43750799 -0.676590025
v 0.491409957 1.44857371 -0.662244201
v 0.432885289 1.47354078 -0.630402625
v 0.431453884 1.44449461 -0.637522399
v 0.414244294 1.43383193 -0.591103733
v 0.452323735 1.42459047 -0.622749567
v 0.454035103 1.48250794 -0.607092977
v 0.415170938 1.46358263 -0.583853304
v 0.475209028 1.43486631 -0.605428815
v 0.451579392 1.42035329 -0.54845047
v 0.439140499 1.47450387 -0.569482565
v 0.457104653 1.45218468 -0.550983906
v 0.420759618 1.43248141 -0.471942633
v 0.426029801 1.4649725 -0.540218294
v 0.401710182 1.45385826 -0.553848505
v 0.432914466 1.41303468 -0.574710965
v 0.39213416 1.3908807 -0.486077845
v 0.398513943 1.45092094 -0.48032093
v 0.369916707 1.40929997 -0.494376868
v 0.417711586 1.40242481 -0.474985957
v 0.401585042 1.40589404 -0.435430378
v 0.373429686 1.4394052 -0.492214024
v 0.35808301 1.44332683 -0.453833163
v 0.376432717 1.39490998 -0.446593702
v 0.386926234 1.45408762 -0.451338917
v 0.4068093 1.43609452 -0.436893731
v 0.373452872 1.45141518 -0.412424296
v 0.354851067 1.41325498 -0.456452191
v 0.343676925 1.40995824 -0.422936171
v 0.366966575 1.39183295 -0.41718033
v 0.394873768 1.43316925 -0.400251836
v 0.342823774 1.43947482 -0.404004812
v 0.388115644 1.40321946 -0.386616707
v 0.366481274 1.45053387 -0.380208701
v 0.361034036 1.39166057 -0.392216086
v 0.387547165 1.39143908 -0.349160135
v 0.389308155 1.42772853 -0.363908052
v 0.337229729 1.40964949 -0.39407438
v 0.337877363 1.43500078 -0.372117817
v 0.365401357 1.43733037 -0.338142157
v 0.335029006 1.40198219 -0.367933065
v 0.360180229 1.38048482 -0.357154548
v 0.338955522 1.42323005 -0.333450645
v 0.390730798 1.42078876 -0.3391473
v 0.33722651 1.39349449 -0.336219728
v 0.349388212 1.39444911 -0.273553073
v 0.364123642 1.37679338 -0.325545996
v 0.37179476 1.43751383 -0.302443445
v 0.399844795 1.42195964 -0.292989492
v 0.399705678 1.39198291 -0.286794722
v 0.350956172 1.42482984 -0.274627268
v 0.380069166 1.43608689 -0.267147183
v 0.373320758 1.37830293 -0.282685459
v 0.406555295 1.41587245 -0.265575141
v 0.359678924 1.41246796 -0.235701546
v 0.377848923 1.37032759 -0.261579126
v 0.407909304 1.37838185 -0.247301847
v 0.356938004 1.38152635 -0.235284984
v 0.385245264 1.42736351 -0.244190454
v 0.388338715 1.4210881 -0.220053047
v 0.41214183 1.40498567 -0.229340762
v 0.381524622 1.3608042 -0.225276783
v 0.35832113 1.40309596 -0.20004718
v 0.378582716 1.4063375 -0.169481069
v 0.410049647 1.39647317 -0.19837673
v 0.354833305 1.37447095 -0.208413199
v 0.406793475 1.36829412 -0.208286643
v 0.39364472 1.35608137 -0.168839693
v 0.348245978 1.39581263 -0.177443266
v 0.369544327 1.34893489 -0.18635802
v 0.340727091 1.36557972 -0.181515142
v 0.398636222 1.38577724 -0.163390353
v 0.328541875 1.38859844 -0.157542616
v 0.347103864 1.33982027 -0.161032483
v 0.371881664 1.37386322 -0.129798129
v 0.307789832 1.35881805 -0.158698112
v 0.340579122 1.39194489 -0.129312024
v 0.363925308 1.34457517 -0.136738017
v 0.333610088 1.36719704 -0.104951322
v 0.300414354 1.38694274 -0.144371122
v 0.336885691 1.33982062 -0.119572349
v 0.317412466 1.33558238 -0.143092543
v 0.303779036 1.3395623 -0.107278071
v 0.299316853 1.39144862 -0.113469347
v 0.287989169 1.33615589 -0.134121627
v 0.297286123 1.36879778 -0.0940147713
v 0.274044007 1.36307573 -0.149218813
v 0.279966146 1.34459937 -0.100868315
v 0.264670163 1.34399652 -0.127375677
v 0.286210716 1.38931561 -0.140745997
v 0.24137491 1.41014469 -0.126819402
v 0.253631592 1.41262114 -0.09944617
v 0.240054682 1.36369157 -0.0886371285
v 0.227269009 1.38487113 -0.134707481
v 0.250957549 1.39013016 -0.0797066689
v 0.224228188 1.36250043 -0.11478623
v 0.216942593 1.42813921 -0.0802256092
v 0.206268907 1.37779522 -0.0715369955
v 0.188223526 1.40143478 -0.114434808
v 0.197841346 1.42854631 -0.103581205
v 0.186442479 1.37841105 -0.0942012444
v 0.163931534 1.40770435 -0.0899351463
v 0.217862517 1.40398431 -0.0616266318
v 0.166200995 1.43368757 -0.0639732182
v 0.16118291 1.38168871 -0.0599336363
v 0.188870624 1.37998426 -0.0477809384
v 0.190457314 1.43205404 -0.0456714109
v 0.144959077 1.40708852 -0.0559324995
v 0.201520011 1.40438783 -0.0351887718
v 0.151460692 1.42576981 -0.0206694081
v 0.177773803 1.41927457 0.00370933488
v 0.194897026 1.39439702 -0.00152253977
v 0.181817412 1.37079442 -0.0160143375
v 0.151758298 1.36865258 -0.0157857053
v 0.134915054 1.39284456 -0.00892872829
v 0.148603022 1.41196489 0.0128299436
v 0.142186418 1.35070026 0.0576737449
v 0.185870156 1.34645605 0.0231536962
v 0.154903471 1.37829196 0.0649392083
v 0.185240179 1.37814116 0.0679484606
v 0.203361452 1.34673524 0.0662461817
v 0.159153447 1.32847178 0.0444085784
v 0.183775648 1.33725607 0.120490633
v 0.153668478 1.33655858 0.119011797
v 0.189545974 1.3239181 0.0519961603
v 0.140997425 1.32149589 0.0946084708
v 0.128823325 1.29845381 0.120908245
v 0.154442176 1.29183483 0.0917204916
v 0.183738381 1.2885766 0.0985556319
v 0.196492016 1.30644524 0.11916665
v 0.166380957 1.30652297 0.155918881
v 0.138985038 1.27036345 0.113985352
v 0.172355846 1.27289307 0.15389891
v 0.134793401 1.30893469 0.148744583
v 0.124520198 1.26825261 0.190347344
v 0.161248595 1.2579242 0.130225256
v 0.129678383 1.23767805 0.186995089
v 0.0776885673 1.24475062 0.221488222
v 0.101439476 1.28020298 0.174906
v 0.121086799 1.22489309 0.16122447
v 0.101101607 1.23891401 0.143426821
v 0.0541151501 1.21563399 0.174556196
v 0.0886984915 1.26491487 0.152349919
v 0.0933564007 1.22036207 0.210231498
v 0.0595077984 1.2596817 0.202168673
v 0.0865522772 1.20848787 0.183194175
v 0.0732145533 1.19626713 0.196512863
v 0.0563423075 1.24967933 0.172711655
v 0.03486377 1.23213327 0.192938194
v 0.0391652249 1.23528278 0.226926982
v 0.083604075 1.2076683 0.222554818
v 0.0238774251 1.20747888 0.21296303
v 0.0653515607 1.2212832 0.242332011
v 0.0417754836 1.18684518 0.198747173
v 0.0365830027 1.21144712 0.246779844
v 0.0740612373 1.18123853 0.209769502
v 0.0285477806 1.18443716 0.236348405
v 0.0426350571 1.17504239 0.250754952
v 0.0475125499 1.20351017 0.259004116
v 0.0468984097 1.16971159 0.217611909
v 0.0759972855 1.21633565 0.253991634
v 0.0921813473 1.20439458 0.230868161
v 0.0648379549 1.16020036 0.234691098
v 0.0951159894 1.16975129 0.240157038
v 0.09969455 1.1961894 0.254220784
v 0.064413406 1.15438068 0.254005224
v 0.0403260849 1.14743805 0.291572124
v 0.0872646049 1.16062999 0.273240685
v 0.0916042402 1.18885982 0.282580316
v 0.0716077611 1.21022856 0.275606275
v 0.0313269533 1.19941175 0.282288373
v 0.0701421201 1.15626371 0.298264623
v 0.0746038482 1.18447196 0.307373762
v 0.0474973768 1.20290387 0.313891232
v 0.0230323244 1.16983485 0.279640615
v 0.0657420829 1.17254984 0.343104064
v 0.0331855565 1.16051757 0.424069256
v 0.0166073274 1.1868161 0.324892014
v 0.0618691593 1.14478314 0.332397461
v 0.0108558666 1.15380836 0.327798873
v 0.0263261162 1.10743344 0.395766169
v 0.0526314415 1.11362028 0.41242373
v 0.0194201507 1.07676709 0.483588547
v 0.000790666963 1.11970258 0.415584534
v 0.056157995 1.14011467 0.426600695
v 0.0530855544 1.12147784 0.480082273
v 0.0490628108 1.09364974 0.46961832
v 0.00537668075 1.15001011 0.419459879
v 0.00110523938 1.12693357 0.48555553
v 0.0402330719 1.08052051 0.509587586
v 0.0270573553 1.13276029 0.503896594
v -0.00418315502 1.09583533 0.484536678
v -0.0372390486 1.07998145 0.541834116
v -0.0107623013 1.11639667 0.518533289
v 0.043905545 1.10837257 0.519966185
v -0.000747987069 1.11671114 0.557828665
v 0.0207727645 1.09580767 0.56212163
v 0.00770554738 1.06466925 0.564812481
v -0.0342651866 1.10768175 0.552388191
v -0.012377766 1.08810222 0.59905225
v -0.0194991212 1.05763316 0.551752269
v -0.0517311655 1.10665834 0.606577873
v -0.0588513613 1.05214906 0.622740149
v -0.0918387771 1.09685004 0.599811494
v -0.138693333 1.05593956 0.624551415
v -0.0791619271 1.0463438 0.600918531
v -0.0990302712 1.06685185 0.668808758
v -0.122348979 1.08659768 0.66286993
v -0.125435427 1.03168535 0.638160586
v -0.153637841 1.01734078 0.653784037
v -0.112921178 1.03483248 0.665703475
v -0.143959403 1.0464139 0.697025418
v -0.139966309 1.08163834 0.638780773
v -0.169416502 1.06390035 0.689221442
v -0.146240368 1.01688945 0.682917237
v -0.179135814 1.06231582 0.661046743
v -0.180825889 1.01902914 0.707756639
v -0.16960752 0.997874975 0.689461112
v -0.171261802 1.03905785 0.643075466
v -0.204778761 1.0120697 0.652970254
v -0.224092826 1.0250448 0.676147163
v -0.21617505 1.02409017 0.706398845
v -0.178271383 0.99729687 0.66066277
v -0.199903026 0.975310624 0.673723698
v -0.18730922 0.978781939 0.700780749
v -0.231290519 0.977784991 0.671428084
v -0.203576326 0.990718246 0.723585367
v -0.24577722 0.992183208 0.69307369
v -0.193086654 0.953633845 0.707669258
v -0.234834969 0.992411375 0.7211411
v -0.20640716 0.941831172 0.682583392
v -0.253305882 0.952779472 0.703055024
v -0.21016787 0.956573427 0.732364178
v -0.186689064 0.919808924 0.71580708
v -0.239891753 0.950597882 0.73141557
v -0.235618114 0.937547565 0.681229413
v -0.243344501 0.899382532 0.716025114
v -0.202767536 0.921204388 0.741296351
v -0.227889895 0.902477384 0.689902723
v -0.193799302 0.895463586 0.696527302
v -0.230672643 0.910283089 0.741876006
v -0.22691974 0.857708693 0.746240854
v -0.219335645 0.878878236 0.700963676
v -0.172628969 0.885071456 0.74028939
v -0.193566903 0.898730516 0.757746637
v -0.178674415 0.855637074 0.727527678
v -0.217624083 0.876249492 0.768012047
v -0.215870902 0.842994988 0.780653894
v -0.187729433 0.875901818 0.774791121
v -0.167920366 0.862433434 0.755482197
v -0.207983375 0.848836958 0.725059092
v -0.178459451 0.82999903 0.735195339
v -0.186465308 0.843215048 0.785096169
v -0.208500355 0.82203114 0.733362734
v -0.167907134 0.835603535 0.762878001
v -0.183894664 0.798234761 0.751262546
v -0.228184134 0.827658176 0.756968498
v -0.176870763 0.797540605 0.78304857
v -0.216508165 0.793893516 0.748374045
v -0.235311285 0.807312012 0.767654896
v -0.196540073 0.810302496 0.802614808
v -0.199866816 0.766090333 0.764407337
v -0.235565826 0.797030568 0.801759541
v -0.234326944 0.76456964 0.760805964
v -0.210902914 0.784307003 0.812698662
v -0.249944612 0.783906758 0.778217077
v -0.197824582 0.761755526 0.797992826
v -0.219487622 0.738383651 0.823896646
v -0.215115443 0.744718611 0.778568268
v -0.255039304 0.776486933 0.824455798
v -0.256015599 0.740572095 0.786762953
v -0.230381191 0.76386106 0.835791528
v -0.269019336 0.763705254 0.800990462
v -0.254091114 0.740635395 0.856607795
v -0.231650785 0.727644324 0.798469603
v -0.258883864 0.70126462 0.822308838
v -0.280178338 0.717132807 0.807754219
v -0.278532416 0.753663421 0.845044255
v -0.253000766 0.707771599 0.855604649
v -0.290900946 0.742548585 0.819936216
v -0.301701456 0.702121913 0.835906386
v -0.268034041 0.732165515 0.876829147
v -0.282608122 0.686604381 0.856159866
v -0.30953303 0.729910195 0.844942331
v -0.292509854 0.745166957 0.865368485
v -0.327894896 0.69258976 0.886416256
v -0.28645438 0.695501566 0.92039448
v -0.339754164 0.720353663 0.906864583
v -0.309247226 0.678416193 0.910843253
v -0.314734668 0.73814249 0.911082029
v -0.331371486 0.735431015 0.967692137
v -0.290437788 0.725271761 0.923636496
v -0.348755568 0.689037204 0.945863187
v -0.300727397 0.693280518 0.968328774
v -0.354937971 0.717911124 0.960159838
v -0.325520277 0.67559129 0.967730582
v -0.352781475 0.689451993 0.980651379
v -0.303514361 0.72319901 0.967946947
v -0.320329964 0.682448149 1.00210452
v -0.352360666 0.722819805 0.992393196
v -0.298528045 0.696406603 0.985976458
v -0.302289337 0.724781394 0.976464689
v -0.290979534 0.733937144 0.989409089
v -0.326841235 0.740043998 0.984694898
v -0.340897501 0.701125026 1.01724017
v -0.283232063 0.708824813 1.00390959
v -0.336944133 0.735662997 1.0162555
v -0.296754986 0.701602697 1.03000474
v -0.309535623 0.725856006 1.04659081
v -0.313182712 0.751112878 1.00005484
v -0.262667775 0.72887373 1.04657626
v -0.31292364 0.754525006 1.03424788
v -0.252075613 0.734133482 1.01856983
v -0.288461864 0.770851552 1.01207113
v -0.266459018 0.762257874 1.06250381
v -0.204932854 0.775536358 1.05975926
v -0.247529685 0.808849037 1.05224037
v -0.265658408 0.754371226 1.0010879
v -0.233122423 0.815994501 1.0247246
v -0.202735558 0.804334939 1.01519001
v -0.208626002 0.805649877 1.07547164
v -0.164991617 0.860018492 1.04427087
v -0.197705001 0.777272761 1.03071535
v -0.139839292 0.81468302 1.04741848
v -0.168482453 0.860232234 1.07476652
v -0.149673656 0.811079383 1.07564962
v -0.144204825 0.840859056 1.03323507
v -0.10932906 0.859535098 1.05161905
v -0.125905111 0.880919635 1.06470895
v -0.1034417 0.834083736 1.06649327
v -0.165592194 0.832927525 1.08875751
v -0.11898376 0.827546537 1.09150743
v -0.132431671 0.850491643 1.10653698
v -0.085332118 0.870182991 1.07038295
v -0.117660664 0.884992659 1.10787964
v -0.0971392617 0.836820483 1.10959423
v -0.0751173124 0.84571445 1.09099436
v -0.0932729617 0.894454241 1.09249485
v -0.113445424 0.857622027 1.12480342
v -0.0956749693 0.860559344 1.1544255
v -0.069157891 0.841219425 1.15788126
v -0.0652734488 0.876126409 1.0938437
v -0.084469229 0.890611649 1.16348779
v -0.0783857256 0.859792411 1.19876707
v -0.0496987589 0.850064516 1.13248563
v -0.057826627 0.900119245 1.15311217
v -0.0442694314 0.879476905 1.12967086
v -0.0265686251 0.848830581 1.19307792
v -0.0273744967 0.879438043 1.17139888
v -0.0372577496 0.897691429 1.21390176
v -0.0471126325 0.838742435 1.22321534
v -0.063575469 0.888303041 1.22496128
v -0.0153814424 0.877959192 1.20882463
v -0.0630106702 0.861452937 1.24210405
v -0.0140504511 0.85174346 1.22709525
v -0.0397083685 0.900329471 1.27353513
v -0.0224729851 0.85121429 1.27394366
v -0.0133528328 0.909759581 1.26114595
v 0.00518756919 0.88816154 1.25008416
v 0.00782105327 0.86259532 1.26804483
v -0.0412567966 0.872368872 1.28515029
v -0.00539519358 0.861734867 1.29609668
v -0.017053768 0.889406502 1.31096876
v 0.0152629409 0.895485818 1.26005733
v -0.023106385 0.911702871 1.29147017
v 0.0263963286 0.88845247 1.3153398
v 0.00767494366 0.927515745 1.2730031
v 0.0374396071 0.887113154 1.28727984
v 0.0589492135 0.919774592 1.31803179
v 0.0127892299 0.915651143 1.32345676
v -0.000875475118 0.931200385 1.30152631
v 0.0296160318 0.908139944 1.26624632
v 0.0256863181 0.956844211 1.30327106
v 0.0670014471 0.915550888 1.28947234
v 0.0346091166 0.953624785 1.27478635
v 0.0367979035 0.93907553 1.32481337
v 0.0540907606 0.931909502 1.26767075
v 0.0617376119 0.986801386 1.3105303
v 0.0996266752 0.9423998 1.29603398
v 0.0720462948 0.984924316 1.28246105
v 0.0807201341 0.976621091 1.33369577
v 0.0998165831 0.954996049 1.32670021
v 0.0914582089 0.963294089 1.27531815
v 0.130694732 0.979472697 1.30309975
v 0.118392512 0.997004449 1.28152323
v 0.101862587 1.02774274 1.29038489
v 0.0828956887 1.01511526 1.31566322
v 0.122935072 0.986263812 1.33210289
v 0.106650814 1.01938248 1.34215498
v 0.140602335 1.02694333 1.34292686
v 0.150332615 1.02116644 1.31322742
v 0.0954786539 1.04491198 1.32369077
v 0.140647635 1.05199671 1.29639161
v 0.118312806 1.06532276 1.35753667
v 0.118328445 1.09445679 1.31291962
v 0.160647944 1.06226242 1.32710254
v 0.153148785 1.09262395 1.36761224
v 0.108481765 1.11180961 1.34892869
v 0.168793723 1.10858774 1.3461982
v 0.129955113 1.12619269 1.38556445
v 0.152685195 1.11852074 1.32253098
v 0.16802521 1.14410222 1.39605677
v 0.12806794 1.14563894 1.33719504
v 0.180126235 1.14773929 1.36804521
v 0.124066487 1.1667819 1.37933028
v 0.16671516 1.16740596 1.3494693
v 0.203802705 1.18164504 1.3886565
v 0.151435003 1.17138755 1.41262639
v 0.158033535 1.21517289 1.40895557
v 0.147344217 1.19193804 1.36426747
v 0.195435598 1.17927063 1.41758633
v 0.193939045 1.20491922 1.37239456
v 0.170691743 1.22088981 1.38194335
v 0.174730822 1.19791555 1.42881286
v 0.211815536 1.22625816 1.44546545
v 0.227926627 1.20433295 1.43234384
v 0.272658706 1.23319554 1.44451225
v 0.235199347 1.20618725 1.40320504
v 0.20614554 1.24921167 1.39884341
v 0.200842872 1.24853754 1.42872715
v 0.255659878 1.28109419 1.41161227
v 0.230762497 1.23292565 1.38880241
v 0.249408334 1.25047028 1.45591116
v 0.271658152 1.22987449 1.4137212
v 0.29630813 1.24588931 1.41334522
v 0.261219978 1.25257659 1.39702964
v 0.24610202 1.27762926 1.4404794
v 0.282594681 1.27192521 1.45663548
v 0.302517623 1.2527678 1.44196916
v 0.34001404 1.27814984 1.42990911
v 0.296960831 1.31149375 1.43190193
v 0.28049773 1.26511824 1.39654315
v 0.303442836 1.31329119 1.39770555
v 0.327658832 1.30242574 1.44242644
v 0.310839832 1.28565705 1.38698459
v 0.330898792 1.33494389 1.40985322
v 0.330761164 1.26920187 1.40239537
v 0.324256361 1.29498172 1.37699175
v 0.352542281 1.31967068 1.42392218
v 0.373858809 1.33463979 1.39261627
v 0.325429231 1.32874441 1.37372935
v 0.348728836 1.28171933 1.38836432
v 0.364221007 1.29501081 1.41027975
v 0.348246247 1.34705555 1.38238275
v 0.33394143 1.30160308 1.35946512
v 0.380217999 1.30615246 1.38459623
v 0.39092657 1.31267488 1.35296321
v 0.359925836 1.2894609 1.36950612
v 0.355686784 1.35151625 1.35866511
v 0.36743632 1.29402924 1.34549212
v 0.335650831 1.33505833 1.34292924
v 0.382266998 1.33968425 1.36614394
v 0.353759021 1.31455231 1.31596661
v 0.3700324 1.36122644 1.33679569
v 0.385988921 1.30648279 1.3179574
v 0.352700233 1.34647834 1.31712806
v 0.393578857 1.3474009 1.34940183
v 0.381980777 1.3357892 1.29035175
v 0.410975695 1.32765651 1.3333782
v 0.373470724 1.36315119 1.30253386
v 0.422503352 1.37631428 1.28201234
v 0.409838468 1.32589841 1.30258393
v 0.397899687 1.38672268 1.32799232
v 0.417753875 1.37018931 1.34307337
v 0.440528274 1.35672057 1.32741082
v 0.441227734 1.35830688 1.29705918
v 0.437553972 1.40083766 1.34012973
v 0.399163812 1.38912094 1.29765821
v 0.464805782 1.39897823 1.32388937
v 0.415990323 1.41704524 1.32554197
v 0.464164883 1.39941454 1.29401398
v 0.492640734 1.47751725 1.31274807
v 0.45622474 1.4477073 1.33517063
v 0.41890493 1.42606986 1.29482102
v 0.441947252 1.48903346 1.31555355
v 0.444815755 1.423298 1.27808559
v 0.462356806 1.4742831 1.27005565
v 0.47207126 1.49738777 1.32484758
v 0.439520806 1.48666024 1.28556156
v 0.452262878 1.51966321 1.30050683
v 0.488967448 1.47056341 1.283391
v 0.479096949 1.51637828 1.31350541
v 0.49652344 1.49166143 1.27074385
v 0.447295219 1.5082407 1.27292621
v 0.501559317 1.50331986 1.29812908
v 0.469481856 1.49440122 1.25806642
v 0.476117998 1.51822865 1.25042796
v 0.454077452 1.53266096 1.26505101
v 0.503327072 1.51611555 1.26291144
v 0.459408969 1.54539013 1.29191506
v 0.466998398 1.56576133 1.27707601
v 0.508666158 1.52888656 1.289765
v 0.488437533 1.54834116 1.30102682
v 0.4612315 1.55187798 1.25099409
v 0.494389594 1.56412601 1.28919756
v 0.48292172 1.53650987 1.23694122
v 0.51607734 1.54876363 1.27515805
v 0.510342062 1.53502333 1.24899876
v 0.516285777 1.55611622 1.23864472
v 0.488664687 1.55695546 1.22693563
v 0.523096621 1.57348764 1.26274025
v 0.49952206 1.58283269 1.28033149
v 0.467881233 1.57526875 1.23920095
v 0.475610465 1.59464312 1.26120961
v 0.482014865 1.60042489 1.20420933
v 0.499713838 1.57642639 1.1995188
v 0.506608427 1.60032451 1.26480949
v 0.527900994 1.57648349 1.20969117
v 0.536987722 1.58236933 1.18028212
v 0.538959801 1.60133576 1.22328162
v 0.493071139 1.62518644 1.21772707
v 0.518081188 1.62035656 1.23626316
v 0.531500995 1.63238752 1.19564581
v 0.503235698 1.63196671 1.18526518
v 0.492568791 1.60810888 1.17100334
v 0.509476304 1.58330774 1.1677711
v 0.548845351 1.60779309 1.19140732
v 0.511747539 1.64346004 1.1577034
v 0.516942561 1.59371769 1.14335883
v 0.557842553 1.6202153 1.16188252
v 0.507201731 1.62628412 1.11584473
v 0.546624482 1.59514654 1.14925587
v 0.540663898 1.64431143 1.16564941
v 0.524531722 1.65981829 1.09863055
v 0.526842594 1.60513628 1.10054398
v 0.571084201 1.63636029 1.10200024
v 0.517306983 1.6445744 1.06446433
v 0.556026459 1.66506636 1.09348905
v 0.559990287 1.61294615 1.08566368
v 0.536266983 1.62428367 1.05273211
v 0.53126508 1.67660797 1.06771874
v 0.568989992 1.63575065 1.04509926
v 0.524620533 1.66795456 1.03744304
v 0.579666734 1.65824187 1.06216931
v 0.544366002 1.65042078 1.02312779
v 0.56214267 1.68404734 1.06964135
v 0.540593565 1.71502161 1.03955376
v 0.580904663 1.68283129 1.00816154
v 0.532796085 1.70371795 1.01262343
v 0.569607377 1.71496415 1.04820859
v 0.551341593 1.67974007 1.00197077
v 0.555517435 1.70329261 0.991085231
v 0.590325713 1.70312953 1.03011298
v 0.537412405 1.74420798 1.00392032
v 0.587447584 1.72629833 0.995095253
v 0.544560254 1.76409471 1.03050351
v 0.559430599 1.74145675 0.983679473
v 0.595244884 1.76766455 1.01807356
v 0.53601259 1.79200888 0.995648026
v 0.572616458 1.7813884 1.03646445
v 0.586537063 1.79412901 0.983471692
v 0.537193537 1.84174681 1.01217997
v 0.557698071 1.79225552 0.97471261
v 0.578969419 1.84706938 0.966972172
v 0.590887427 1.81996822 1.0068413
v 0.569101453 1.82117128 1.02754951
v 0.529411614 1.83848071 0.98166424
v 0.531291962 1.87590182 0.99142015
v 0.562162578 1.86462736 1.0131762
v 0.551374376 1.83575237 0.961224556
v 0.584217489 1.86144269 0.992744923
v 0.525195003 1.86211002 0.961999774
v 0.556154728 1.89798725 0.983500361
v 0.541766047 1.94242179 0.928488493
v 0.577367902 1.89673722 0.956961274
v 0.546660125 1.86096382 0.93520987
v 0.51336205 1.90038204 0.915042818
v 0.568793774 1.88865781 0.918973386
v 0.564911246 1.93088245 0.913826942
v 0.531957746 1.89862525 0.887674093
v 0.558123827 1.9133321 0.887852848
v 0.552661419 1.95205081 0.881821036
v 0.516385913 1.92512953 0.931589603
v 0.501319051 1.95078409 0.893240988
v 0.546141565 1.93189073 0.8583076
v 0.534582019 1.97728682 0.850859404
v 0.526848495 1.96645343 0.891844809
v 0.49259156 1.93388629 0.866044343
v 0.519420505 1.9180913 0.857043386
v 0.484578073 1.97312164 0.868580759
v 0.528944969 1.95589948 0.830910802
v 0.495186925 1.95023072 0.822240233
v 0.506644189 1.99330306 0.862661421
v 0.455836117 1.98231161 0.820574164
v 0.503156304 1.9891187 0.799587965
v 0.48475036 2.02280617 0.835979164
v 0.463651359 2.00084734 0.843377709
v 0.473290056 1.98000801 0.795162559
v 0.502950132 2.0193913 0.811627269
v 0.449424177 2.0228796 0.819152951
v 0.441494644 2.00587392 0.791704237
v 0.493114978 2.00527883 0.781512499
v 0.486567825 2.04956913 0.76824683
v 0.470775276 2.04638457 0.806074142
v 0.455200076 2.01352835 0.747309148
v 0.463392347 2.06110954 0.782970667
v 0.435870737 2.04926252 0.779203355
v 0.482658327 2.02649641 0.749140978
v 0.431552619 2.02746749 0.758887351
v 0.450812936 2.03723335 0.722626269
v 0.458990186 2.08402634 0.759652734
v 0.478282183 2.04871178 0.726468325
v 0.427194715 2.05027533 0.735834241
v 0.43091464 2.07543659 0.751835167
v 0.426860601 2.09632325 0.721675694
v 0.482233673 2.07275343 0.744015574
v 0.44683516 2.05603862 0.69473058
v 0.45478335 2.10481834 0.729060769
v 0.478342444 2.09129333 0.716575742
v 0.473992854 2.06970978 0.695769548
v 0.472196937 2.12088561 0.686248422
v 0.423441887 2.06805491 0.709426761
v 0.417899609 2.09640789 0.679514527
v 0.441024333 2.15159297 0.682236493
v 0.437232614 2.09726048 0.652247488
v 0.41725105 2.13058114 0.687290251
v 0.46296376 2.11262631 0.652340949
v 0.400453627 2.13406396 0.648460507
v 0.407047123 2.15079474 0.672873855
v 0.452435195 2.16427803 0.649830282
v 0.41808933 2.13510919 0.623910964
v 0.42869395 2.17216229 0.671921492
v 0.449552685 2.1399672 0.630927861
v 0.435534477 2.16268325 0.621112525
v 0.394258767 2.16798997 0.617394924
v 0.379431278 2.16292262 0.64297837
v 0.418654263 2.1854651 0.617365837
v 0.389032841 2.17534065 0.668467224
v 0.413373411 2.19280529 0.668573141
v 0.428200573 2.19787312 0.642990232
vt 1 0.51562506
vt 0.996625304 0.51562506
vt 1.00000012 0.51562506
vt 1.00000012 0.51562506
vt 0.996605814 0.51562506
vt 0.996774793 0.51562506
vt 1 0.51562506
vt 1.00000012 0.51562506
vt 0.99642241 0.51562506
vt 0.989778519 0.51562506
vt 0.996643782 0.51562506
vt 1 0.51562506
vt 0.996666431 0.51562506
vt 0.991055727 0.51562506
vt 0.988874555 0.51562506
vt 0.988798261 0.51562506
vt 0.98782289 0.51562506
vt 0.980310857 0.51562506
vt 0.987087786 0.51562506
vt 0.980768204 0.51562506
vt 0.980438828 0.51562506
vt 0.98038125 0.51562506
vt 0.980395794 0.51562506
vt 0.980421066 0.51562506
vt 0.977038205 0.51562506
vt 0.9769997 0.51562506
vt 0.976736724 0.51562506
vt 0.977050781 0.51562506
vt 0.977046371 0.51562506
vt 0.970503569 0.51562506
vt 0.976879835 0.51562506
vt 0.972571611 0.51562506
vt 0.971647561 0.51562506
vt 0.969007254 0.51562506
vt 0.971381664 0.51562506
vt 0.971569061 0.51562506
vt 0.969170332 0.51562506
vt 0.970404863 0.51562506
vt 0.966612875 0.51562506
vt 0.969186306 0.51562506
vt 0.969183147 0.51562506
vt 0.968483567 0.51562506
vt 0.966611147 0.51562506
vt 0.966602325 0.51562506
vt 0.96644628 0.51562506
vt 0.96646601 0.51562506
vt 0.966370165 0.51562506
vt 0.960757613 0.51562506
vt 0.961531401 0.51562506
vt 0.960747004 0.51562506
vt 0.960786462 0.51562506
vt 0.961510897 0.51562506
vt 0.959283113 0.51562506
vt 0.961459994 0.51562506
vt 0.959818363 0.51562506
vt 0.95923537 0.51562506
vt 0.955698252 0.51562506
vt 0.957756639 0.51562506
vt 0.957579553 0.51562506
vt 0.95502007 0.51562506
vt 0.95483005 0.51562506
vt 0.954486489 0.51562506
vt 0.952345729 0.51562506
vt 0.954171181 0.51562506
vt 0.954961181 0.51562506
vt 0.952541232 0.51562506
vt 0.950234234 0.51562506
vt 0.951662183 0.51562506
vt 0.952277541 0.51562506
vt 0.950203836 0.51562506
vt 0.950104237 0.51562506
vt 0.94992888 0.51562506
vt 0.948936224 0.51562506
vt 0.949882329 0.51562506
vt 0.945908248 0.51562506
vt 0.946774244 0.51562506
vt 0.945893526 0.51562506
vt 0.94329226 0.51562506
vt 0.942974508 0.51562506
vt 0.94119066 0.51562506
vt 0.942190289 0.51562506
vt 0.941430926 0.51562506
vt 0.941032171 0.51562506
vt 0.940473676 0.51562506
vt 0.940199971 0.51562506
vt 0.938592851 0.51562506
vt 0.937354565 0.51562506
vt 0.940516114 0.51562506
vt 0.937884927 0.51562506
vt 0.937944889 0.51562506
vt 0.938001633 0.51562506
vt 0.936936736 0.51562506
vt 0.935671866 0.51562506
vt 0.934662223 0.51562506
vt 0.93472898 0.51562506
vt 0.93329531 0.51562506
vt 0.935307026 0.51562506
vt 0.934355617 0.51562506
vt 0.932619929 0.51562506
vt 0.932507038 0.51562506
vt 0.931771636 0.51562506
vt 0.928415895 0.51562506
vt 0.931466639 0.51562506
vt 0.930056989 0.51562506
vt 0.931570709 0.51562506
vt 0.929615617 0.51562506
vt 0.92901516 0.51562506
vt 0.929256856 0.51562506
vt 0.927938282 0.51562506
vt 0.926312923 0.51562506
vt 0.923333764 0.51562506
vt 0.929282665 0.51562506
vt 0.926567674 0.51562506
vt 0.92662847 0.51562506
vt 0.926719427 0.51562506
vt 0.924849927 0.51562506
vt 0.923730135 0.51562506
vt 0.920693874 0.51562506
vt 0.923248053 0.51562506
vt 0.923168302 0.51562506
vt 0.92295754 0.51562506
vt 0.920846224 0.51562506
vt 0.920521259 0.51562506
vt 0.920545697 0.51562506
vt 0.919766068 0.51562506
vt 0.917351484 0.51562506
vt 0.920483947 0.51562506
vt 0.916951299 0.51562506
vt 0.916786194 0.51562506
vt 0.91261375 0.51562506
vt 0.912404537 0.51562506
vt 0.912672341 0.51562506
vt 0.912018538 0.51562506
vt 0.912189722 0.51562506
vt 0.912108898 0.51562506
vt 0.91009593 0.51562506
vt 0.909870148 0.51562506
vt 0.910021186 0.51562506
vt 0.909443498 0.51562506
vt 0.90929997 0.51562506
vt 0.906721175 0.51562506
vt 0.909377933 0.51562506
vt 0.906573713 0.51562506
vt 0.906695962 0.51562506
vt 0.904836178 0.51562506
vt 0.90387255 0.51562506
vt 0.906517982 0.51562506
vt 0.906989813 0.51562506
vt 0.904502392 0.51562506
vt 0.904155314 0.51562506
vt 0.904106975 0.51562506
vt 0.904129267 0.51562506
vt 0.90186733 0.51562506
vt 0.901847899 0.51562506
vt 0.900789618 0.51562506
vt 0.900907755 0.51562506
vt 0.898074746 0.51562506
vt 0.901017427 0.51562506
vt 0.896290183 0.51562506
vt 0.895651817 0.51562506
vt 0.898305416 0.51562506
vt 0.895393848 0.51562506
vt 0.895665765 0.51562506
vt 0.893919408 0.51562506
vt 0.89270103 0.51562506
vt 0.892687559 0.51562506
vt 0.8918432 0.51562506
vt 0.892570734 0.51562506
vt 0.890051603 0.51562506
vt 0.889826953 0.51562506
vt 0.892552912 0.51562506
vt 0.889962077 0.51562506
vt 0.889678478 0.51562506
vt 0.887365639 0.51562506
vt 0.888662159 0.51562506
vt 0.886741757 0.51562506
vt 0.889708638 0.51562506
vt 0.88739109 0.51562506
vt 0.886705399 0.51562506
vt 0.886983395 0.51562506
vt 0.887156725 0.51562506
vt 0.884448528 0.51562506
vt 0.884297729 0.51562506
vt 0.884178281 0.51562506
vt 0.884207129 0.51562506
vt 0.880086899 0.51562506
vt 0.879624307 0.51562506
vt 0.884185493 0.51562506
vt 0.879468262 0.51562506
vt 0.879604042 0.51562506
vt 0.879570901 0.51562506
vt 0.876066804 0.51562506
vt 0.876808167 0.51562506
vt 0.879463673 0.51562506
vt 0.876445591 0.51562506
vt 0.875138164 0.51562506
vt 0.876421928 0.51562506
vt 0.876427889 0.51562506
vt 0.873706698 0.51562506
vt 0.876358747 0.51562506
vt 0.874100566 0.51562506
vt 0.872960687 0.51562506
vt 0.870129049 0.51562506
vt 0.871415198 0.51562506
vt 0.874000013 0.51562506
vt 0.874005675 0.51562506
vt 0.871329248 0.51562506
vt 0.872939706 0.51562506
vt 0.871294141 0.51562506
vt 0.868091166 0.51562506
vt 0.870811343 0.51562506
vt 0.868050337 0.51562506
vt 0.868022144 0.51562506
vt 0.862390161 0.51562506
vt 0.870776534 0.51562506
vt 0.868075192 0.51562506
vt 0.866582036 0.51562506
vt 0.861531734 0.51562506
vt 0.861232996 0.51562506
vt 0.861618042 0.51562506
vt 0.857156157 0.51562506
vt 0.858954728 0.51562506
vt 0.86168772 0.51562506
vt 0.855837464 0.51562506
vt 0.856108189 0.51562506
vt 0.855053902 0.51562506
vt 0.855872452 0.51562506
vt 0.852414489 0.51562506
vt 0.849298775 0.51562506
vt 0.853303671 0.51562506
vt 0.850228488 0.51562506
vt 0.852356851 0.51562506
vt 0.849038184 0.51562506
vt 0.849188209 0.51562506
vt 0.850286841 0.51562506
vt 0.849207699 0.51562506
vt 0.84733367 0.51562506
vt 0.84617734 0.51562506
vt 0.845906258 0.51562506
vt 0.845970631 0.51562506
vt 0.845858634 0.51562506
vt 0.843285143 0.51562506
vt 0.844541073 0.51562506
vt 0.840385139 0.51562506
vt 0.842939913 0.51562506
vt 0.842305899 0.51562506
vt 0.84036082 0.51562506
vt 0.84293896 0.51562506
vt 0.840813994 0.51562506
vt 0.839235067 0.51562506
vt 0.841191173 0.51562506
vt 0.838066578 0.51562506
vt 0.838430822 0.51562506
vt 0.836426973 0.51562506
vt 0.837180018 0.51562506
vt 0.833219647 0.51562506
vt 0.834725678 0.51562506
vt 0.833011627 0.51562506
vt 0.832842648 0.51562506
vt 0.832081795 0.51562506
vt 0.832232118 0.51562506
vt 0.826083064 0.51562506
vt 0.830127239 0.51562506
vt 0.827596247 0.51562506
vt 0.828621387 0.51562506
vt 0.825988054 0.51562506
vt 0.826987863 0.51562506
vt 0.82360816 0.51562506
vt 0.823754907 0.51562506
vt 0.817041993 0.51562506
vt 0.818699002 0.51562506
vt 0.816613376 0.51562506
vt 0.814314425 0.51562506
vt 0.816001117 0.51562506
vt 0.816744208 0.51562506
vt 0.813040793 0.51562506
vt 0.811665654 0.51562506
vt 0.812953949 0.51562506
vt 0.810760736 0.51562506
vt 0.810694754 0.51562506
vt 0.810276747 0.51562506
vt 0.809515238 0.51562506
vt 0.808372736 0.51562506
vt 0.809304476 0.51562506
vt 0.80700171 0.51562506
vt 0.808354378 0.51562506
vt 0.807487011 0.51562506
vt 0.805733204 0.51562506
vt 0.805800438 0.51562506
vt 0.799191594 0.51562506
vt 0.804452658 0.51562506
vt 0.805149794 0.51562506
vt 0.805758119 0.51562506
vt 0.796648264 0.51562506
vt 0.799244285 0.51562506
vt 0.800979614 0.51562506
vt 0.795746922 0.51562506
vt 0.799724519 0.51562506
vt 0.793636084 0.51562506
vt 0.787993968 0.51562506
vt 0.794124603 0.51562506
vt 0.787977874 0.51562506
vt 0.786882341 0.51562506
vt 0.786357582 0.51562506
vt 0.786936283 0.51562506
vt 0.784835696 0.51562506
vt 0.784845471 0.51562506
vt 0.787733495 0.51562506
vt 0.784814954 0.51562506
vt 0.780805945 0.51562506
vt 0.782550454 0.51562506
vt 0.782682657 0.51562506
vt 0.780261397 0.51562506
vt 0.780889511 0.51562506
vt 0.782004118 0.51562506
vt 0.778909445 0.51562506
vt 0.778934717 0.51562506
vt 0.77793169 0.51562506
vt 0.774654984 0.51562506
vt 0.776285172 0.51562506
vt 0.774204373 0.51562506
vt 0.775579214 0.51562506
vt 0.77317512 0.51562506
vt 0.772509813 0.51562506
vt 0.775665998 0.51562506
vt 0.771352053 0.51562506
vt 0.769924998 0.51562506
vt 0.770834684 0.51562506
vt 0.76506561 0.51562506
vt 0.768638551 0.51562506
vt 0.77041465 0.51562506
vt 0.769392729 0.51562506
vt 0.765200734 0.51562506
vt 0.765620708 0.51562506
vt 0.764863849 0.51562506
vt 0.764894426 0.51562506
vt 0.762231946 0.51562506
vt 0.76487577 0.51562506
vt 0.761801958 0.51562506
vt 0.761895776 0.51562506
vt 0.761759877 0.51562506
vt 0.762049794 0.51562506
vt 0.759570003 0.51562506
vt 0.759782612 0.51562506
vt 0.756559968 0.51562506
vt 0.759129167 0.51562506
vt 0.761960268 0.51562506
vt 0.759405851 0.51562506
vt 0.759210229 0.51562506
vt 0.758542717 0.51562506
vt 0.756723702 0.51562506
vt 0.756318152 0.51562506
vt 0.756289244 0.51562506
vt 0.755607307 0.51562506
vt 0.756190419 0.51562506
vt 0.752181053 0.51562506
vt 0.752856731 0.51562506
vt 0.7523458 0.51562506
vt 0.752852559 0.51562506
vt 0.751916289 0.51562506
vt 0.744361401 0.51562506
vt 0.751702607 0.51562506
vt 0.748915017 0.51562506
vt 0.745701492 0.51562506
vt 0.745184243 0.51562506
vt 0.744224548 0.51562506
vt 0.744018912 0.51562506
vt 0.739963293 0.51562506
vt 0.74348253 0.51562506
vt 0.744365692 0.51562506
vt 0.739673257 0.51562506
vt 0.742595077 0.51562506
vt 0.739092171 0.51562506
vt 0.738701999 0.51562506
vt 0.738626719 0.51562506
vt 0.735296249 0.51562506
vt 0.738672078 0.51562506
vt 0.734461546 0.51562506
vt 0.735517502 0.51562506
vt 0.734352887 0.51562506
vt 0.73532182 0.51562506
vt 0.73390317 0.51562506
vt 0.734420061 0.51562506
vt 0.732315421 0.51562506
vt 0.733080685 0.51562506
vt 0.728925228 0.51562506
vt 0.73003459 0.51562506
vt 0.728111327 0.51562506
vt 0.731779218 0.51562506
vt 0.727904737 0.51562506
vt 0.727079809 0.51562506
vt 0.727799296 0.51562506
vt 0.719785392 0.51562506
vt 0.727796197 0.51562506
vt 0.725676715 0.51562506
vt 0.724702656 0.51562506
vt 0.724352956 0.51562506
vt 0.719662428 0.51562506
vt 0.720473528 0.51562506
vt 0.719430208 0.51562506
vt 0.717611253 0.51562506
vt 0.719044447 0.51562506
vt 0.716000915 0.51562506
vt 0.71506381 0.51562506
vt 0.715960026 0.51562506
vt 0.715967059 0.51562506
vt 0.715053022 0.51562506
vt 0.712640047 0.51562506
vt 0.714321971 0.51562506
vt 0.713961124 0.51562506
vt 0.711650312 0.51562506
vt 0.711486578 0.51562506
vt 0.70819509 0.51562506
vt 0.71146065 0.51562506
vt 0.711489201 0.51562506
vt 0.7115044 0.51562506
vt 0.708311856 0.51562506
vt 0.708130598 0.51562506
vt 0.708225608 0.51562506
vt 0.708196282 0.51562506
vt 0.704335928 0.51562506
vt 0.708139896 0.51562506
vt 0.703923821 0.51562506
vt 0.705329895 0.51562506
vt 0.704224169 0.51562506
vt 0.704618335 0.51562506
vt 0.701770842 0.51562506
vt 0.703354955 0.51562506
vt 0.701548755 0.51562506
vt 0.69914639 0.51562506
vt 0.699226856 0.51562506
vt 0.699366093 0.51562506
vt 0.698465943 0.51562506
vt 0.698791504 0.51562506
vt 0.698599279 0.51562506
vt 0.696853876 0.51562506
vt 0.697125554 0.51562506
vt 0.696232796 0.51562506
vt 0.696778059 0.51562506
vt 0.693918169 0.51562506
vt 0.696178436 0.51562506
vt 0.694673777 0.51562506
vt 0.695344448 0.51562506
vt 0.693866968 0.51562506
vt 0.693968892 0.51562506
vt 0.694033265 0.51562506
vt 0.69135344 0.51562506
vt 0.693631172 0.51562506
vt 0.690416455 0.51562506
vt 0.690854788 0.51562506
vt 0.690921545 0.51562506
vt 0.690948784 0.51562506
vt 0.688500345 0.51562506
vt 0.688526154 0.51562506
vt 0.688364625 0.51562506
vt 0.688380957 0.51562506
vt 0.687220573 0.51562506
vt 0.68304044 0.51562506
vt 0.682918787 0.51562506
vt 0.683209896 0.51562506
vt 0.681160092 0.51562506
vt 0.682879865 0.51562506
vt 0.682873964 0.51562506
vt 0.679805577 0.51562506
vt 0.679769993 0.51562506
vt 0.679785967 0.51562506
vt 0.6798383 0.51562506
vt 0.677559197 0.51562506
vt 0.676887393 0.51562506
vt 0.679904461 0.51562506
vt 0.676104665 0.51562506
vt 0.677045107 0.51562506
vt 0.675317585 0.51562506
vt 0.676929653 0.51562506
vt 0.674525976 0.51562506
vt 0.674770474 0.51562506
vt 0.674441457 0.51562506
vt 0.674652994 0.51562506
vt 0.67198348 0.51562506
vt 0.671907544 0.51562506
vt 0.671677589 0.51562506
vt 0.670390606 0.51562506
vt 0.671829581 0.51562506
vt 0.668950438 0.51562506
vt 0.668789744 0.51562506
vt 0.668982029 0.51562506
vt 0.6688447 0.51562506
vt 0.665650368 0.51562506
vt 0.668600678 0.51562506
vt 0.666082382 0.51562506
vt 0.664087415 0.51562506
vt 0.665591955 0.51562506
vt 0.66558367 0.51562506
vt 0.66198647 0.51562506
vt 0.665605247 0.51562506
vt 0.66226089 0.51562506
vt 0.659850001 0.51562506
vt 0.660209477 0.51562506
vt 0.66232872 0.51562506
vt 0.658598185 0.51562506
vt 0.658608913 0.51562506
vt 0.657723904 0.51562506
vt 0.659727395 0.51562506
vt 0.657296658 0.51562506
vt 0.654370785 0.51562506
vt 0.657397747 0.51562506
vt 0.656778574 0.51562506
vt 0.654432595 0.51562506
vt 0.654603839 0.51562506
vt 0.654093444 0.51562506
vt 0.654235005 0.51562506
vt 0.653476357 0.51562506
vt 0.649416447 0.51562506
vt 0.650641203 0.51562506
vt 0.652233124 0.51562506
vt 0.651113272 0.51562506
vt 0.6517905 0.51562506
vt 0.650050879 0.51562506
vt 0.648438871 0.51562506
vt 0.649832964 0.51562506
vt 0.649501145 0.51562506
vt 0.648262024 0.51562506
vt 0.648682296 0.51562506
vt 0.647230625 0.51562506
vt 0.645868897 0.51562506
vt 0.645373583 0.51562506
vt 0.645077288 0.51562506
vt 0.64613986 0.51562506
vt 0.643037081 0.51562506
vt 0.642535806 0.51562506
vt 0.642147958 0.51562506
vt 0.642609 0.51562506
vt 0.641899049 0.51562506
vt 0.642252564 0.51562506
vt 0.638980269 0.51562506
vt 0.636771381 0.51562506
vt 0.636714101 0.51562506
vt 0.636180997 0.51562506
vt 0.638364434 0.51562506
vt 0.635347068 0.51562506
vt 0.636226177 0.51562506
vt 0.62684381 0.51562506
vt 0.629637122 0.51562506
vt 0.635065079 0.51562506
vt 0.629717946 0.51562506
vt 0.626326084 0.51562506
vt 0.629513681 0.51562506
vt 0.626214266 0.51562506
vt 0.626267195 0.51562506
vt 0.622480989 0.51562506
vt 0.629490614 0.51562506
vt 0.626214266 0.51562506
vt 0.626149237 0.51562506
vt 0.622110605 0.51562506
vt 0.622757018 0.51562506
vt 0.622034729 0.51562506
vt 0.621530056 0.51562506
vt 0.622081101 0.51562506
vt 0.613197386 0.51562506
vt 0.613970339 0.51562506
vt 0.613247991 0.51562506
vt 0.613295138 0.51562506
vt 0.613317847 0.51562506
vt 0.60972476 0.51562506
vt 0.613311172 0.51562506
vt 0.609758139 0.51562506
vt 0.60964638 0.51562506
vt 0.603382289 0.51562506
vt 0.609730601 0.51562506
vt 0.609756052 0.51562506
vt 0.609719336 0.51562506
vt 0.603756905 0.51562506
vt 0.603312671 0.51562506
vt 0.603342533 0.51562506
vt 0.603268802 0.51562506
vt 0.60335207 0.51562506
vt 0.599627972 0.51562506
vt 0.600528657 0.51562506
vt 0.59963119 0.51562506
vt 0.59938097 0.51562506
vt 0.599289238 0.51562506
vt 0.599553287 0.51562506
vt 0.593878984 0.51562506
vt 0.598294079 0.51562506
vt 0.593807459 0.51562506
vt 0.593804955 0.51562506
vt 0.593876719 0.51562506
vt 0.593820572 0.51562506
vt 0.589004159 0.51562506
vt 0.593442917 0.51562506
vt 0.589514613 0.51562506
vt 0.589564741 0.51562506
vt 0.589384437 0.51562506
vt 0.588418007 0.51562506
vt 0.586948514 0.51562506
vt 0.583602905 0.51562506
vt 0.583494782 0.51562506
vt 0.583617866 0.51562506
vt 0.583185971 0.51562506
vt 0.582814336 0.51562506
vt 0.576814055 0.51562506
vt 0.58269465 0.51562506
vt 0.576345563 0.51562506
vt 0.57839942 0.51562506
vt 0.578044772 0.51562506
vt 0.576174676 0.51562506
vt 0.574493527 0.51562506
vt 0.57573694 0.51562506
vt 0.571569979 0.51562506
vt 0.573064804 0.51562506
vt 0.568845809 0.51562506
vt 0.567407846 0.51562506
vt 0.570830464 0.51562506
vt 0.5714221 0.51562506
vt 0.571167827 0.51562506
vt 0.57043308 0.51562506
vt 0.567415237 0.51562506
vt 0.568323791 0.51562506
vt 0.568015456 0.51562506
vt 0.568095148 0.51562506
vt 0.566331387 0.51562506
vt 0.566105127 0.51562506
vt 0.566000938 0.51562506
vt 0.565598845 0.51562506
vt 0.56317544 0.51562506
vt 0.563543558 0.51562506
vt 0.562495828 0.51562506
vt 0.561909437 0.51562506
vt 0.561635613 0.51562506
vt 0.560764372 0.51562506
vt 0.559454858 0.51562506
vt 0.559389949 0.51562506
vt 0.555937946 0.51562506
vt 0.558946311 0.51562506
vt 0.559228957 0.51562506
vt 0.556238294 0.51562506
vt 0.559018373 0.51562506
vt 0.556186557 0.51562506
vt 0.5516904 0.51562506
vt 0.556183696 0.51562506
vt 0.556049824 0.51562506
vt 0.552836299 0.51562506
vt 0.552860141 0.51562506
vt 0.556090117 0.51562506
vt 0.551691055 0.51562506
vt 0.55099833 0.51562506
vt 0.549033999 0.51562506
vt 0.5489856 0.51562506
vt 0.552801728 0.51562506
vt 0.543907464 0.51562506
vt 0.549810708 0.51562506
vt 0.544639051 0.51562506
vt 0.544584036 0.51562506
vt 0.544026315 0.51562506
vt 0.542631149 0.51562506
vt 0.541024327 0.51562506
vt 0.544148207 0.51562506
vt 0.540866256 0.51562506
vt 0.540458798 0.51562506
vt 0.540890098 0.51562506
vt 0.540693283 0.51562506
vt 0.537667751 0.51562506
vt 0.538158655 0.51562506
vt 0.537529111 0.51562506
vt 0.53461659 0.51562506
vt 0.537065327 0.51562506
vt 0.537709475 0.51562506
vt 0.531613588 0.51562506
vt 0.531480193 0.51562506
vt 0.531723976 0.51562506
vt 0.532329679 0.51562506
vt 0.530815959 0.51562506
vt 0.531466782 0.51562506
vt 0.528637826 0.51562506
vt 0.527838588 0.51562506
vt 0.528522491 0.51562506
vt 0.526330888 0.51562506
vt 0.527762771 0.51562506
vt 0.528065503 0.51562506
vt 0.527913153 0.51562506
vt 0.526395261 0.51562506
vt 0.5251562 0.51562506
vt 0.524943054 0.51562506
vt 0.52432549 0.51562506
vt 0.523750424 0.51562506
vt 0.522450864 0.51562506
vt 0.525138855 0.51562506
vt 0.522691548 0.51562506
vt 0.522132635 0.51562506
vt 0.520458698 0.51562506
vt 0.521848559 0.51562506
vt 0.520621657 0.51562506
vt 0.522379458 0.51562506
vt 0.521837056 0.51562506
vt 0.520229399 0.51562506
vt 0.516134977 0.51562506
vt 0.520216167 0.51562506
vt 0.5205127 0.51562506
vt 0.520213604 0.51562506
vt 0.518259823 0.51562506
vt 0.518202424 0.51562506
vt 0.517971158 0.51562506
vt 0.517157137 0.51562506
vt 0.517945528 0.51562506
vt 0.51560533 0.51562506
vt 0.515366673 0.51562506
vt 0.51565975 0.51562506
vt 0.5153898 0.51562506
vt 0.513365686 0.51562506
vt 0.515005171 0.51562506
vt 0.513243914 0.51562506
vt 0.512891233 0.51562506
vt 0.512935638 0.51562506
vt 0.51308614 0.51562506
vt 0.512860417 0.51562506
vt 0.510759354 0.51562506
vt 0.510646045 0.51562506
vt 0.510378838 0.51562506
vt 0.510620773 0.51562506
vt 0.51062578 0.51562506
vt 0.508160114 0.51562506
vt 0.510844052 0.51562506
vt 0.508097112 0.51562506
vt 0.508120298 0.51562506
vt 0.508112431 0.51562506
vt 0.506691694 0.51562506
vt 0.508239329 0.51562506
vt 0.504808605 0.51562506
vt 0.504743993 0.51562506
vt 0.504825592 0.51562506
vt 0.499466956 0.51562506
vt 0.503944933 0.51562506
vt 0.498896688 0.51562506
vt 0.504808486 0.51562506
vt 0.498494029 0.51562506
vt 0.503931165 0.51562506
vt 0.498154283 0.51562506
vt 0.498803556 0.51562506
vt 0.498795897 0.51562506
vt 0.495076984 0.51562506
vt 0.495124638 0.51562506
vt 0.495188415 0.51562506
vt 0.493739069 0.51562506
vt 0.495008111 0.51562506
vt 0.495645881 0.51562506
vt 0.491664499 0.51562506
vt 0.491949558 0.51562506
vt 0.492315948 0.51562506
vt 0.490573764 0.51562506
vt 0.492046744 0.51562506
vt 0.48992753 0.51562506
vt 0.488907993 0.51562506
vt 0.488225877 0.51562506
vt 0.487627387 0.51562506
vt 0.486842692 0.51562506
vt 0.484427303 0.51562506
vt 0.486666918 0.51562506
vt 0.486531913 0.51562506
vt 0.484438747 0.51562506
vt 0.484319061 0.51562506
vt 0.484350145 0.51562506
vt 0.484032243 0.51562506
vt 0.484171629 0.51562506
vt 0.480089784 0.51562506
vt 0.480041087 0.51562506
vt 0.477351248 0.51562506
vt 0.480014026 0.51562506
vt 0.479977787 0.51562506
vt 0.479502082 0.51562506
vt 0.479380757 0.51562506
vt 0.477365732 0.51562506
vt 0.477332056 0.51562506
vt 0.475027025 0.51562506
vt 0.477305263 0.51562506
vt 0.475394785 0.51562506
vt 0.474518806 0.51562506
vt 0.468549311 0.51562506
vt 0.474402189 0.51562506
vt 0.474252969 0.51562506
vt 0.474049807 0.51562506
vt 0.469724298 0.51562506
vt 0.469122678 0.51562506
vt 0.468875468 0.51562506
vt 0.46878776 0.51562506
vt 0.46902138 0.51562506
vt 0.465611249 0.51562506
vt 0.465402812 0.51562506
vt 0.46521613 0.51562506
vt 0.464885801 0.51562506
vt 0.465430319 0.51562506
vt 0.461666167 0.51562506
vt 0.461759925 0.51562506
vt 0.46137318 0.51562506
vt 0.456703812 0.51562506
vt 0.460621953 0.51562506
vt 0.455824852 0.51562506
vt 0.46094501 0.51562506
vt 0.460797071 0.51562506
vt 0.456895053 0.51562506
vt 0.455910951 0.51562506
vt 0.456751138 0.51562506
vt 0.455699861 0.51562506
vt 0.454413891 0.51562506
vt 0.454506308 0.51562506
vt 0.451782197 0.51562506
vt 0.45026055 0.51562506
vt 0.454389632 0.51562506
vt 0.451884955 0.51562506
vt 0.450379223 0.51562506
vt 0.44999069 0.51562506
vt 0.449689299 0.51562506
vt 0.448703408 0.51562506
vt 0.445777386 0.51562506
vt 0.44915688 0.51562506
vt 0.445688933 0.51562506
vt 0.445848554 0.51562506
vt 0.445851326 0.51562506
vt 0.442462564 0.51562506
vt 0.445618778 0.51562506
vt 0.442146808 0.51562506
vt 0.44564876 0.51562506
vt 0.443377435 0.51562506
vt 0.443261594 0.51562506
vt 0.443220615 0.51562506
vt 0.440655798 0.51562506
vt 0.443329811 0.51562506
vt 0.441346824 0.51562506
vt 0.441461265 0.51562506
vt 0.437756151 0.51562506
vt 0.441239864 0.51562506
vt 0.438527763 0.51562506
vt 0.435866594 0.51562506
vt 0.437518924 0.51562506
vt 0.430671513 0.51562506
vt 0.438559711 0.51562506
vt 0.432916701 0.51562506
vt 0.42865181 0.51562506
vt 0.430425555 0.51562506
vt 0.430232584 0.51562506
vt 0.429326653 0.51562506
vt 0.430400908 0.51562506
vt 0.42749536 0.51562506
vt 0.426573724 0.51562506
vt 0.427717328 0.51562506
vt 0.42735967 0.51562506
vt 0.426126748 0.51562506
vt 0.424669325 0.51562506
vt 0.423319459 0.51562506
vt 0.424852133 0.51562506
vt 0.423723727 0.51562506
vt 0.423041075 0.51562506
vt 0.422322094 0.51562506
vt 0.422555268 0.51562506
vt 0.419929266 0.51562506
vt 0.420118421 0.51562506
vt 0.422013909 0.51562506
vt 0.419680655 0.51562506
vt 0.417416751 0.51562506
vt 0.419611871 0.51562506
vt 0.419433117 0.51562506
vt 0.416517496 0.51562506
vt 0.414404452 0.51562506
vt 0.416411757 0.51562506
vt 0.412275463 0.51562506
vt 0.416398346 0.51562506
vt 0.414601862 0.51562506
vt 0.411351949 0.51562506
vt 0.412265122 0.51562506
vt 0.410381556 0.51562506
vt 0.409632444 0.51562506
vt 0.410660565 0.51562506
vt 0.409623802 0.51562506
vt 0.408014953 0.51562506
vt 0.408215076 0.51562506
vt 0.408230424 0.51562506
vt 0.405468106 0.51562506
vt 0.407405943 0.51562506
vt 0.407413572 0.51562506
vt 0.405258328 0.51562506
vt 0.405395746 0.51562506
vt 0.405478209 0.51562506
vt 0.402303576 0.51562506
vt 0.404512793 0.51562506
vt 0.405224204 0.51562506
vt 0.402383685 0.51562506
vt 0.401900887 0.51562506
vt 0.402246594 0.51562506
vt 0.398723543 0.51562506
vt 0.40242064 0.51562506
vt 0.399766773 0.51562506
vt 0.393546224 0.51562506
vt 0.398760319 0.51562506
vt 0.398780465 0.51562506
vt 0.398860663 0.51562506
vt 0.394666791 0.51562506
vt 0.39359957 0.51562506
vt 0.394528985 0.51562506
vt 0.394489706 0.51562506
vt 0.393596649 0.51562506
vt 0.392756879 0.51562506
vt 0.392050803 0.51562506
vt 0.392726213 0.51562506
vt 0.390059263 0.51562506
vt 0.390041858 0.51562506
vt 0.390082717 0.51562506
vt 0.389964044 0.51562506
vt 0.389932573 0.51562506
vt 0.38713032 0.51562506
vt 0.389095575 0.51562506
vt 0.386569887 0.51562506
vt 0.386848807 0.51562506
vt 0.386476994 0.51562506
vt 0.381291062 0.51562506
vt 0.386726677 0.51562506
vt 0.385816187 0.51562506
vt 0.382061422 0.51562506
vt 0.382075906 0.51562506
vt 0.376910865 0.51562506
vt 0.380928278 0.51562506
vt 0.380741894 0.51562506
vt 0.37701875 0.51562506
vt 0.380318046 0.51562506
vt 0.374254078 0.51562506
vt 0.376920938 0.51562506
vt 0.375453353 0.51562506
vt 0.367363036 0.51562506
vt 0.373606712 0.51562506
vt 0.373559535 0.51562506
vt 0.375566602 0.51562506
vt 0.367289901 0.51562506
vt 0.36737442 0.51562506
vt 0.367293447 0.51562506
vt 0.367334604 0.51562506
vt 0.363637209 0.51562506
vt 0.367392421 0.51562506
vt 0.363855392 0.51562506
vt 0.363839954 0.51562506
vt 0.36440599 0.51562506
vt 0.363944083 0.51562506
vt 0.360686153 0.51562506
vt 0.364019126 0.51562506
vt 0.360695601 0.51562506
vt 0.360692382 0.51562506
vt 0.359818339 0.51562506
vt 0.358917654 0.51562506
vt 0.357361436 0.51562506
vt 0.35712111 0.51562506
vt 0.357327312 0.51562506
vt 0.351043135 0.51562506
vt 0.354572356 0.51562506
vt 0.357496113 0.51562506
vt 0.355583668 0.51562506
vt 0.35080266 0.51562506
vt 0.353855431 0.51562506
vt 0.35180667 0.51562506
vt 0.35031867 0.51562506
vt 0.350109249 0.51562506
vt 0.350178063 0.51562506
vt 0.344146878 0.51562506
vt 0.348732442 0.51562506
vt 0.346324205 0.51562506
vt 0.345139623 0.51562506
vt 0.344283104 0.51562506
vt 0.344628811 0.51562506
vt 0.343808144 0.51562506
vt 0.344263375 0.51562506
vt 0.342650831 0.51562506
vt 0.34010464 0.51562506
vt 0.341222107 0.51562506
vt 0.339724481 0.51562506
vt 0.338957548 0.51562506
vt 0.341294885 0.51562506
vt 0.338343203 0.51562506
vt 0.338677168 0.51562506
vt 0.337382972 0.51562506
vt 0.335810125 0.51562506
vt 0.3339504 0.51562506
vt 0.336351991 0.51562506
vt 0.335710555 0.51562506
vt 0.336428583 0.51562506
vt 0.333384722 0.51562506
vt 0.332882047 0.51562506
vt 0.333464324 0.51562506
vt 0.331618845 0.51562506
vt 0.333852261 0.51562506
vt 0.328802794 0.51562506
vt 0.329731345 0.51562506
vt 0.33032763 0.51562506
vt 0.325461477 0.51562506
vt 0.328013659 0.51562506
vt 0.329614729 0.51562506
vt 0.325785726 0.51562506
vt 0.323382258 0.51562506
vt 0.326615483 0.51562506
vt 0.325750202 0.51562506
vt 0.322795123 0.51562506
vt 0.321440339 0.51562506
vt 0.321988881 0.51562506
vt 0.321160614 0.51562506
vt 0.320575297 0.51562506
vt 0.320469141 0.51562506
vt 0.319902033 0.51562506
vt 0.320567966 0.51562506
vt 0.315671563 0.51562506
vt 0.315693796 0.51562506
vt 0.315939188 0.51562506
vt 0.315657377 0.51562506
vt 0.315617949 0.51562506
vt 0.315574527 0.51562506
vt 0.312571079 0.51562506
vt 0.312502444 0.51562506
vt 0.312859833 0.51562506
vt 0.312560022 0.51562506
vt 0.312444299 0.51562506
vt 0.311245143 0.51562506
vt 0.312188447 0.51562506
vt 0.310361147 0.51562506
vt 0.309894949 0.51562506
vt 0.309903175 0.51562506
vt 0.310104787 0.51562506
vt 0.309566021 0.51562506
vt 0.309584707 0.51562506
vt 0.308385074 0.51562506
vt 0.307355225 0.51562506
vt 0.307097673 0.51562506
vt 0.307258129 0.51562506
vt 0.307124674 0.51562506
vt 0.307318687 0.51562506
vt 0.306802094 0.51562506
vt 0.302829057 0.51562506
vt 0.304201603 0.51562506
vt 0.303436488 0.51562506
vt 0.303170562 0.51562506
vt 0.302172005 0.51562506
vt 0.302629888 0.51562506
vt 0.299762905 0.51562506
vt 0.299496651 0.51562506
vt 0.302041829 0.51562506
vt 0.299929529 0.51562506
vt 0.297582805 0.51562506
vt 0.299091309 0.51562506
vt 0.299154341 0.51562506
vt 0.2991229 0.51562506
vt 0.297703654 0.51562506
vt 0.297173083 0.51562506
vt 0.297101408 0.51562506
vt 0.297245562 0.51562506
vt 0.294943482 0.51562506
vt 0.297001183 0.51562506
vt 0.294620335 0.51562506
vt 0.292371243 0.51562506
vt 0.294818312 0.51562506
vt 0.294661343 0.51562506
vt 0.294697165 0.51562506
vt 0.292227149 0.51562506
vt 0.294624001 0.51562506
vt 0.2925933 0.51562506
vt 0.292650193 0.51562506
vt 0.292881548 0.51562506
vt 0.291019499 0.51562506
vt 0.292943686 0.51562506
vt 0.291861147 0.51562506
vt 0.291026562 0.51562506
vt 0.289482206 0.51562506
vt 0.289991736 0.51562506
vt 0.288524687 0.51562506
vt 0.289644599 0.51562506
vt 0.288567245 0.51562506
vt 0.288016528 0.51562506
vt 0.288234532 0.51562506
vt 0.285028607 0.51562506
vt 0.285175055 0.51562506
vt 0.288123846 0.51562506
vt 0.285611868 0.51562506
vt 0.286069185 0.51562506
vt 0.285892636 0.51562506
vt 0.285300076 0.51562506
vt 0.28510797 0.51562506
vt 0.284423321 0.51562506
vt 0.282097876 0.51562506
vt 0.284125954 0.51562506
vt 0.284080446 0.51562506
vt 0.284116685 0.51562506
vt 0.282613665 0.51562506
vt 0.282357663 0.51562506
vt 0.282355428 0.51562506
vt 0.281974107 0.51562506
vt 0.282354355 0.51562506
vt 0.280901015 0.51562506
vt 0.278482497 0.51562506
vt 0.281257957 0.51562506
vt 0.280892134 0.51562506
vt 0.280881464 0.51562506
vt 0.278676391 0.51562506
vt 0.27839911 0.51562506
vt 0.276221395 0.51562506
vt 0.278259277 0.51562506
vt 0.278297454 0.51562506
vt 0.27679348 0.51562506
vt 0.276803911 0.51562506
vt 0.27843225 0.51562506
vt 0.276494533 0.51562506
vt 0.275817484 0.51562506
vt 0.276220649 0.51562506
vt 0.276189834 0.51562506
vt 0.274344087 0.51562506
vt 0.275395811 0.51562506
vt 0.27581346 0.51562506
vt 0.274765074 0.51562506
vt 0.274866521 0.51562506
vt 0.274550289 0.51562506
vt 0.274314404 0.51562506
vt 0.273841232 0.51562506
vt 0.274355501 0.51562506
vt 0.273159027 0.51562506
vt 0.272596687 0.51562506
vt 0.272552967 0.51562506
vt 0.27031216 0.51562506
vt 0.272522569 0.51562506
vt 0.270793349 0.51562506
vt 0.270448297 0.51562506
vt 0.270193994 0.51562506
vt 0.26808995 0.51562506
vt 0.270020127 0.51562506
vt 0.268545598 0.51562506
vt 0.270364016 0.51562506
vt 0.268097103 0.51562506
vt 0.267899752 0.51562506
vt 0.268110275 0.51562506
vt 0.26552546 0.51562506
vt 0.265572786 0.51562506
vt 0.268146217 0.51562506
vt 0.265265286 0.51562506
vt 0.264424592 0.51562506
vt 0.263898164 0.51562506
vt 0.265762538 0.51562506
vt 0.262399435 0.51562506
vt 0.262266934 0.51562506
vt 0.261286497 0.51562506
vt 0.261796951 0.51562506
vt 0.261428297 0.51562506
vt 0.258127481 0.51562506
vt 0.261088639 0.51562506
vt 0.257448584 0.51562506
vt 0.258128703 0.51562506
vt 0.257759303 0.51562506
vt 0.253157735 0.51562506
vt 0.257319719 0.51562506
vt 0.257194072 0.51562506
vt 0.25290969 0.51562506
vt 0.252592951 0.51562506
vt 0.25355643 0.51562506
vt 0.251893103 0.51562506
vt 0.252402127 0.51562506
vt 0.245999455 0.51562506
vt 0.251196265 0.51562506
vt 0.247787639 0.51562506
vt 0.248348802 0.51562506
vt 0.245992333 0.51562506
vt 0.246480823 0.51562506
vt 0.242373586 0.51562506
vt 0.245779008 0.51562506
vt 0.24529162 0.51562506
vt 0.245951802 0.51562506
vt 0.243090943 0.51562506
vt 0.242565364 0.51562506
vt 0.242286533 0.51562506
vt 0.242828816 0.51562506
vt 0.240255177 0.51562506
vt 0.241523623 0.51562506
vt 0.239344448 0.51562506
vt 0.238936841 0.51562506
vt 0.238603681 0.51562506
vt 0.239067346 0.51562506
vt 0.237106413 0.51562506
vt 0.236240253 0.51562506
vt 0.235996261 0.51562506
vt 0.236049712 0.51562506
vt 0.235738158 0.51562506
vt 0.235870838 0.51562506
vt 0.232692569 0.51562506
vt 0.235182643 0.51562506
vt 0.232749462 0.51562506
vt 0.232825175 0.51562506
vt 0.232752711 0.51562506
vt 0.232636243 0.51562506
vt 0.23011665 0.51562506
vt 0.232776597 0.51562506
vt 0.230156615 0.51562506
vt 0.230348289 0.51562506
vt 0.230064511 0.51562506
vt 0.229222417 0.51562506
vt 0.230279893 0.51562506
vt 0.228587747 0.51562506
vt 0.227976114 0.51562506
vt 0.228023008 0.51562506
vt 0.228368089 0.51562506
vt 0.228022963 0.51562506
vt 0.225553617 0.51562506
vt 0.224687159 0.51562506
vt 0.22442542 0.51562506
vt 0.22465381 0.51562506
vt 0.224812418 0.51562506
vt 0.220404342 0.51562506
vt 0.22457245 0.51562506
vt 0.221895471 0.51562506
vt 0.220858708 0.51562506
vt 0.22096929 0.51562506
vt 0.220759675 0.51562506
vt 0.219941139 0.51562506
vt 0.220698133 0.51562506
vt 0.21831724 0.51562506
vt 0.218817249 0.51562506
vt 0.218399316 0.51562506
vt 0.218394369 0.51562506
vt 0.215220898 0.51562506
vt 0.217933267 0.51562506
vt 0.217604488 0.51562506
vt 0.215301558 0.51562506
vt 0.216413736 0.51562506
vt 0.215259492 0.51562506
vt 0.214491516 0.51562506
vt 0.215256959 0.51562506
vt 0.212400764 0.51562506
vt 0.213951707 0.51562506
vt 0.212187529 0.51562506
vt 0.212514624 0.51562506
vt 0.21135579 0.51562506
vt 0.208367407 0.51562506
vt 0.20923987 0.51562506
vt 0.212285578 0.51562506
vt 0.208692908 0.51562506
vt 0.207876861 0.51562506
vt 0.207404792 0.51562506
vt 0.204514116 0.51562506
vt 0.208342254 0.51562506
vt 0.204511195 0.51562506
vt 0.204089552 0.51562506
vt 0.204535797 0.51562506
vt 0.204304546 0.51562506
vt 0.201993957 0.51562506
vt 0.201879084 0.51562506
vt 0.201833382 0.51562506
vt 0.204431489 0.51562506
vt 0.201988041 0.51562506
vt 0.201414093 0.51562506
vt 0.200106248 0.51562506
vt 0.199554503 0.51562506
vt 0.199186683 0.51562506
vt 0.199035242 0.51562506
vt 0.199109107 0.51562506
vt 0.198693722 0.51562506
vt 0.195637122 0.51562506
vt 0.194667757 0.51562506
vt 0.198149726 0.51562506
vt 0.194695324 0.51562506
vt 0.192229539 0.51562506
vt 0.195624739 0.51562506
vt 0.194608241 0.51562506
vt 0.195564866 0.51562506
vt 0.191403598 0.51562506
vt 0.192908898 0.51562506
vt 0.18990612 0.51562506
vt 0.189953685 0.51562506
vt 0.189932019 0.51562506
vt 0.189769983 0.51562506
vt 0.188964978 0.51562506
vt 0.188573375 0.51562506
vt 0.184599668 0.51562506
vt 0.184952945 0.51562506
vt 0.183561713 0.51562506
vt 0.18439588 0.51562506
vt 0.18371284 0.51562506
vt 0.184594393 0.51562506
vt 0.182925358 0.51562506
vt 0.181948423 0.51562506
vt 0.181849927 0.51562506
vt 0.182064146 0.51562506
vt 0.179990709 0.51562506
vt 0.179706633 0.51562506
vt 0.179923013 0.51562506
vt 0.177136898 0.51562506
vt 0.179444313 0.51562506
vt 0.179602936 0.51562506
vt 0.179542601 0.51562506
vt 0.177209049 0.51562506
vt 0.177113891 0.51562506
vt 0.17711471 0.51562506
vt 0.177308336 0.51562506
vt 0.177146643 0.51562506
vt 0.1742443 0.51562506
vt 0.174613804 0.51562506
vt 0.174150929 0.51562506
vt 0.173596457 0.51562506
vt 0.173895687 0.51562506
vt 0.174329162 0.51562506
vt 0.171950996 0.51562506
vt 0.171674296 0.51562506
vt 0.170318633 0.51562506
vt 0.1714091 0.51562506
vt 0.171549603 0.51562506
vt 0.169809148 0.51562506
vt 0.16853407 0.51562506
vt 0.169246674 0.51562506
vt 0.168657795 0.51562506
vt 0.167907178 0.51562506
vt 0.165987223 0.51562506
vt 0.165144324 0.51562506
vt 0.166381508 0.51562506
vt 0.163068026 0.51562506
vt 0.16297473 0.51562506
vt 0.162360102 0.51562506
vt 0.16011253 0.51562506
vt 0.162796438 0.51562506
vt 0.157258898 0.51562506
vt 0.16066879 0.51562506
vt 0.157762215 0.51562506
vt 0.157768577 0.51562506
vt 0.157573819 0.51562506
vt 0.153281793 0.51562506
vt 0.155546874 0.51562506
vt 0.153283253 0.51562506
vt 0.156140029 0.51562506
vt 0.152919233 0.51562506
vt 0.153072506 0.51562506
vt 0.153229594 0.51562506
vt 0.152744859 0.51562506
vt 0.149077013 0.51562506
vt 0.149292424 0.51562506
vt 0.145080894 0.51562506
vt 0.149438202 0.51562506
vt 0.149469525 0.51562506
vt 0.149169117 0.51562506
vt 0.144181624 0.51562506
vt 0.148875251 0.51562506
vt 0.145721614 0.51562506
vt 0.145557761 0.51562506
vt 0.142790452 0.51562506
vt 0.145401582 0.51562506
vt 0.144967347 0.51562506
vt 0.143012881 0.51562506
vt 0.142444208 0.51562506
vt 0.138872877 0.51562506
vt 0.140119269 0.51562506
vt 0.142790005 0.51562506
vt 0.138534129 0.51562506
vt 0.138970852 0.51562506
vt 0.139041543 0.51562506
vt 0.136553466 0.51562506
vt 0.138949245 0.51562506
vt 0.136414602 0.51562506
vt 0.136752114 0.51562506
vt 0.134103879 0.51562506
vt 0.134557694 0.51562506
vt 0.136282787 0.51562506
vt 0.136346698 0.51562506
vt 0.133953214 0.51562506
vt 0.133618951 0.51562506
vt 0.133943483 0.51562506
vt 0.130842924 0.51562506
vt 0.133809239 0.51562506
vt 0.131790757 0.51562506
vt 0.131654292 0.51562506
vt 0.131630808 0.51562506
vt 0.131718501 0.51562506
vt 0.13002111 0.51562506
vt 0.128645033 0.51562506
vt 0.129050553 0.51562506
vt 0.12918523 0.51562506
vt 0.128432751 0.51562506
vt 0.127375081 0.51562506
vt 0.127356902 0.51562506
vt 0.126956031 0.51562506
vt 0.123067975 0.51562506
vt 0.12675719 0.51562506
vt 0.124126956 0.51562506
vt 0.12431398 0.51562506
vt 0.123830095 0.51562506
vt 0.123494357 0.51562506
vt 0.120932825 0.51562506
vt 0.123524949 0.51562506
vt 0.11994753 0.51562506
vt 0.120324984 0.51562506
vt 0.11969091 0.51562506
vt 0.111759335 0.51562506
vt 0.116046093 0.51562506
vt 0.119029462 0.51562506
vt 0.112292022 0.51562506
vt 0.118099138 0.51562506
vt 0.11150267 0.51562506
vt 0.111125216 0.51562506
vt 0.111655116 0.51562506
vt 0.108160339 0.51562506
vt 0.111473061 0.51562506
vt 0.108245239 0.51562506
vt 0.108205974 0.51562506
vt 0.108217478 0.51562506
vt 0.108113684 0.51562506
vt 0.108215697 0.51562506
vt 0.104918435 0.51562506
vt 0.104920775 0.51562506
vt 0.104875587 0.51562506
vt 0.10485597 0.51562506
vt 0.101587623 0.51562506
vt 0.104806818 0.51562506
vt 0.104329415 0.51562506
vt 0.101606354 0.51562506
vt 0.101598814 0.51562506
vt 0.101608291 0.51562506
vt 0.101602636 0.51562506
vt 0.101598717 0.51562506
vt 0.0981133506 0.51562506
vt 0.0981312171 0.51562506
vt 0.0980911702 0.51562506
vt 0.098977074 0.51562506
vt 0.0980923176 0.51562506
vt 0.0978161395 0.51562506
vt 0.092238456 0.51562506
vt 0.0921212211 0.51562506
vt 0.0968984216 0.51562506
vt 0.0921416655 0.51562506
vt 0.0885345191 0.51562506
vt 0.0920935273 0.51562506
vt 0.0921636075 0.51562506
vt 0.0930038989 0.51562506
vt 0.0887736902 0.51562506
vt 0.0886085033 0.51562506
vt 0.0882081613 0.51562506
vt 0.0882268101 0.51562506
vt 0.088527739 0.51562506
vt 0.0852239728 0.51562506
vt 0.0853859708 0.51562506
vt 0.085224539 0.51562506
vt 0.08222121 0.51562506
vt 0.0851301402 0.51562506
vt 0.0852245912 0.51562506
vt 0.0798170865 0.51562506
vt 0.0811964795 0.51562506
vt 0.0800055712 0.51562506
vt 0.0777957067 0.51562506
vt 0.0785221457 0.51562506
vt 0.0796624124 0.51562506
vt 0.0775739849 0.51562506
vt 0.0757659674 0.51562506
vt 0.0759942532 0.51562506
vt 0.074194774 0.51562506
vt 0.0755616128 0.51562506
vt 0.0741706342 0.51562506
vt 0.0743688345 0.51562506
vt 0.0688913986 0.51562506
vt 0.0698674694 0.51562506
vt 0.0690098777 0.51562506
vt 0.0688031539 0.51562506
vt 0.0702321902 0.51562506
vt 0.0680390373 0.51562506
vt 0.0688392818 0.51562506
vt 0.064431414 0.51562506
vt 0.0657622218 0.51562506
vt 0.0627963021 0.51562506
vt 0.0642610639 0.51562506
vt 0.0622527525 0.51562506
vt 0.0589916632 0.51562506
vt 0.0611801296 0.51562506
vt 0.0589289889 0.51562506
vt 0.0542985089 0.51562506
vt 0.0586270802 0.51562506
vt 0.0521828234 0.51562506
vt 0.0570210591 0.51562506
vt 0.057203155 0.51562506
vt 0.0531767868 0.51562506
vt 0.0504005328 0.51562506
vt 0.0528274924 0.51562506
vt 0.0525463074 0.51562506
vt 0.0524481386 0.51562506
vt 0.0490141176 0.51562506
vt 0.0485480614 0.51562506
vt 0.0404873155 0.51562506
vt 0.0467800833 0.51562506
vt 0.0469863899 0.51562506
vt 0.0411925577 0.51562506
vt 0.0438759327 0.51562506
vt 0.0405895188 0.51562506
vt 0.0393685624 0.51562506
vt 0.039340511 0.51562506
vt 0.0367728695 0.51562506
vt 0.0410758257 0.51562506
vt 0.035774298 0.51562506
vt 0.0359156057 0.51562506
vt 0.0324505307 0.51562506
vt 0.0357749686 0.51562506
vt 0.03426449 0.51562506
vt 0.0356011614 0.51562506
vt 0.0314272866 0.51562506
vt 0.0322600864 0.51562506
vt 0.0304940585 0.51562506
vt 0.0308237299 0.51562506
vt 0.026762804 0.51562506
vt 0.027066553 0.51562506
vt 0.0264800116 0.51562506
vt 0.0272154063 0.51562506
vt 0.0259744674 0.51562506
vt 0.0258415677 0.51562506
vt 0.0243577734 0.51562506
vt 0.0230681263 0.51562506
vt 0.0240022354 0.51562506
vt 0.019791808 0.51562506
vt 0.0228937455 0.51562506
vt 0.019787075 0.51562506
vt 0.0197578073 0.51562506
vt 0.0196500327 0.51562506
vt 0.0196563117 0.51562506
vt 0.0194073822 0.51562506
vt 0.0164124183 0.51562506
vt 0.0164065082 0.51562506
vt 0.0163101554 0.51562506
vt 0.016311612 0.51562506
vt 0.0160843842 0.51562506
vt 0.0124730617 0.51562506
vt 0.0162255131 0.51562506
vt 0.0131661538 0.51562506
vt 0.012888276 0.51562506
vt 0.0130635761 0.51562506
vt 0.0127859935 0.51562506
vt 0.00932177808 0.51562506
vt 0.0132796485 0.51562506
vt 0.00937437825 0.51562506
vt 0.00623230683 0.51562506
vt 0.0082183294 0.51562506
vt 0.00766148837 0.51562506
vt 0.00795139559 0.51562506
vt 0.00386143103 0.51562506
vt 0.00358626992 0.51562506
vt 0.00404466968 0.51562506
vt 0.00377911981 0.51562506
vt 0.00255839829 0.51562506
vt 0.00497348234 0.51562506
vt 0.00255010789 0.51562506
vt -2.49482241e-07 0.51562506
vt -1.3830163e-07 0.51562506
vt -8.25135871e-08 0.51562506
vt -2.82458545e-09 0.51562506
vt -1.36329987e-07 0.51562506
vt -2.91968433e-07 0.51562506
vn 0.673011065 0.158125877 0.722531855
vn 0.720986784 0.0979113728 0.685996592
vn -0.218506992 -0.222865924 0.950045049
vn 0.896088779 0.383182794 -0.224044338
vn -0.189610586 -0.33277899 0.923745632
vn -0.892035127 -0.408312827 0.193788648
vn -0.893721998 -0.381894201 0.235409886
vn -0.678468227 -0.159771472 -0.717045248
vn -0.696455538 -0.0705447569 -0.714123964
vn -0.881188035 -0.422294796 0.212543264
vn 0.173096299 0.3215442 -0.930938721
vn 0.220222339 0.22512424 -0.949115992
vn 0.872923136 0.417102277 -0.253043175
vn 0.874433339 0.430816859 -0.223076582
vn 0.738941967 -0.0125276288 0.673652649
vn 0.127069935 0.419000983 -0.899050236
vn -0.145066872 -0.424903452 0.893539429
vn -0.132433042 -0.463362724 0.876217067
vn -0.750822306 0.0150574297 -0.66033268
vn 0.881495655 0.405267864 -0.242329031
vn 0.765973926 -0.053681124 0.64062649
vn -0.890968561 -0.398148656 0.21829465
vn 0.126697123 0.460910678 -0.87835592
vn -0.753460586 0.0634359568 -0.6544258
vn 0.13685146 0.447951555 -0.883522034
vn 0.898221195 0.377194345 -0.225661457
vn -0.768492043 0.0591377243 -0.637120605
vn -0.88440454 -0.390701711 0.255305409
vn 0.752752602 -0.0749018416 0.654028475
vn 0.933669031 -0.133431882 0.33235231
vn -0.131675497 -0.448200405 0.884182096
vn 0.108531684 0.498800576 -0.859894693
vn -0.907249153 -0.404359013 0.115726933
vn -0.0356309451 -0.935161054 0.352426171
vn -0.770504892 0.238907591 -0.590969801
vn 0.835435987 0.488497347 -0.25182727
vn -0.872848749 -0.485216558 -0.0519610681
vn -0.0112575199 0.839175761 -0.54374373
vn 0.125036657 -0.93265152 -0.338418394
vn 0.772046924 0.635564208 0.00131134421
vn -0.864694059 0.439360559 -0.243447229
vn -0.109357879 0.992973804 -0.0452107005
vn 0.758165002 0.613924623 0.219732732
vn -0.908102155 0.413503617 0.0660704449
vn -0.816183686 -0.537809551 -0.211199299
vn 0.94133234 -0.335092962 -0.0400744341
vn -0.141435832 0.941095829 0.307139307
vn -0.125878483 0.97608918 0.177212998
vn 0.141192943 -0.952441037 -0.270038217
vn 0.844777524 0.513647795 0.150056243
vn -0.948355556 0.316269934 -0.0243921839
vn -0.759310842 -0.612134814 -0.220766902
vn -0.794173241 -0.602966726 -0.0756311268
vn 0.909283519 -0.411185056 -0.0642680302
vn 0.119410813 -0.992829502 0.00553521793
vn 0.895960093 -0.435403258 0.0876332968
vn 0.803626239 0.590605795 -0.0732785836
vn -0.907151937 0.409395128 -0.0973191112
vn 0.0693984926 -0.993426204 0.0910397843
vn -0.133477375 0.982989371 -0.126157328
vn -0.804771125 -0.579341829 0.129253685
vn 0.888632953 -0.458577543 0.00617420906
vn 0.790935576 0.510982513 -0.336627334
vn -0.927296281 0.373471588 0.02531006
vn 0.0842657611 -0.990037203 0.112807974
vn 0.107422844 -0.953912497 0.280198663
vn 0.881157994 -0.471920907 -0.0291756503
vn -0.753360629 -0.515893638 0.407800853
vn -0.155649871 0.942708313 -0.295083195
vn -0.921497047 0.379140437 0.0842357129
vn 0.145205513 -0.854214013 0.499233127
vn -0.22330682 0.843976915 -0.487685472
vn -0.698821783 -0.373505592 0.610034168
vn 0.728267908 0.400327682 -0.556204498
vn 0.674627006 0.33048588 -0.660043657
vn -0.88936913 0.447987109 0.0912695825
vn 0.887437165 -0.452826589 -0.0860429481
vn 0.225216493 -0.762703359 0.606268287
vn -0.240288377 0.761599481 -0.601853549
vn -0.917929411 0.381660819 0.108354524
vn -0.618953109 -0.300634623 0.72561413
vn 0.890965641 -0.453523606 -0.0222839341
vn 0.63936156 0.197399765 -0.743135393
vn 0.318238705 -0.596979856 0.736436844
vn -0.566125214 -0.198087305 0.800164759
vn 0.94097209 -0.33766675 -0.0235085096
vn 0.389539838 -0.493747115 0.777478278
vn -0.331203938 0.585848629 -0.739652157
vn -0.343438357 0.510629714 -0.788230479
vn -0.577131569 -0.185337335 0.795342207
vn 0.589363575 0.189748585 -0.785268128
vn -0.955654383 0.293685049 -0.0217684004
vn 0.97296381 -0.222258031 0.0627911687
vn -0.559630632 -0.280673027 0.779766798
vn 0.639124155 0.24098362 -0.730374753
vn 0.426823854 -0.333969057 0.840408325
vn -0.355613947 0.447880268 -0.820330441
vn -0.990307868 0.122183785 -0.0660412908
vn -0.345288604 0.304202348 -0.887827039
vn 0.990322948 0.0269311368 0.136143491
vn -0.978173077 -0.0978986099 -0.183284387
vn -0.334122181 0.272244543 -0.902355373
vn 0.600622296 0.38788113 -0.699143052
vn 0.943074048 0.252489924 0.216471985
vn -0.575773895 -0.376151323 0.725943923
vn 0.41932267 -0.222605616 0.880122364
vn 0.538356841 0.574584246 -0.616461635
vn -0.509586215 -0.56213671 0.651401699
vn 0.857404292 0.420255333 0.297057718
vn 0.41024515 0.726995707 -0.550614357
vn -0.457995087 0.339787245 -0.821452975
vn -0.914780617 -0.303793967 -0.266243547
vn -0.808438361 -0.462504625 -0.364028662
vn -0.419991672 -0.711714089 0.563089728
vn 0.411691517 -0.21060878 0.886653244
vn 0.761040807 0.554076731 0.337366164
vn 0.473513484 -0.279409766 0.835293531
vn 0.665821195 0.615906239 0.421119481
vn 0.240602121 0.87580651 -0.41841799
vn -0.25319621 -0.874675632 0.413321048
vn -0.731824517 -0.52423358 -0.435444713
vn 0.613934517 -0.352665305 0.706195116
vn -0.0578342564 -0.972014785 0.227689698
vn 0.0525250882 0.967198908 -0.248530224
vn -0.670795441 -0.573081076 -0.470756531
vn 0.658193707 -0.392116994 0.642670512
vn -0.611156523 0.406562924 -0.679112852
vn -0.6562801 0.392028868 -0.644678175
vn 0.0119786216 -0.986704588 0.162082464
vn 0.109912232 0.95809561 -0.264522433
vn -0.659121335 -0.61416012 -0.434012085
vn 0.682435215 0.545562088 0.486460835
vn 0.494895369 -0.394434154 0.774274111
vn -0.551994324 0.311417699 -0.773512244
vn -0.149258286 -0.932241559 0.329617202
vn 0.748987377 0.481865585 0.454778314
vn -0.761563659 -0.553115129 -0.337763786
vn 0.387852997 0.77937299 -0.492085218
vn -0.43022418 -0.721086144 0.543085515
vn -0.358124405 0.15681538 -0.920410752
vn 0.631621599 0.483260751 -0.606228709
vn 0.302568376 -0.239574015 0.922527373
vn -0.838574588 -0.451306522 -0.305147678
vn 0.807265222 0.422054023 0.412544757
vn -0.153207392 -0.152690947 -0.976326287
vn -0.849724948 -0.407018453 -0.335117161
vn -0.628035903 -0.451232582 0.634003282
vn 0.194655716 -0.0767421126 0.977864861
vn 0.0645650923 0.179836184 0.98157537
vn 0.771207273 0.197799459 -0.605074227
vn -0.767719507 -0.164795235 0.619232774
vn 0.823943317 0.409526139 0.391670436
vn -0.798751891 -0.0948579311 0.594135821
vn 0.0514997281 0.310150087 0.949291706
vn 0.848288953 0.389100522 0.359174967
vn 0.8023808 0.0756711811 -0.591995597
vn -0.804573357 -0.0639405176 0.590400994
vn -0.0518743247 -0.312066853 -0.94864285
vn -0.858642399 -0.3852382 -0.338119388
vn -0.0333453529 -0.372842193 -0.927295387
vn 0.0337491408 0.311002165 0.94980979
vn 0.828987658 0.0350135341 -0.558169842
vn 0.835560977 0.403433383 0.372933269
vn 0.0294869784 0.419080526 0.907470047
vn -0.800800145 -0.0311193094 0.598122656
vn -0.814810693 -0.481743127 -0.322501451
vn 0.804607391 0.523651123 0.279993773
vn 0.022331845 -0.439579487 -0.897926033
vn -0.733850658 -0.628247917 -0.258394688
vn 0.0525561757 0.475331157 0.878235817
vn 0.821873188 0.0325626582 -0.568739057
vn 0.741707325 0.18793802 -0.643855274
vn 0.0243191496 -0.428753227 -0.903094172
vn 0.58999455 0.35091266 -0.727163553
vn 0.697895765 0.694852948 0.173553795
vn 0.0494385511 0.454826355 0.889206886
vn -0.71517843 -0.186338395 0.673645258
vn -0.610222578 -0.769011319 -0.190394044
vn 0.57853204 0.803198755 0.142029613
vn -0.0117047755 -0.409652919 -0.912166417
vn -0.576334 -0.342836648 0.741823554
vn -0.498869002 -0.856537163 -0.132188812
vn 0.481243372 0.863074899 0.153318599
vn -0.000931985269 -0.432367414 -0.901697099
vn -0.474357128 -0.420406997 0.773461878
vn 0.0006133563 0.449605614 0.893226981
vn -0.46260637 -0.878374398 -0.120223626
vn 0.481608868 0.43098551 -0.763088763
vn 0.461692542 0.427790552 -0.777068317
vn -0.462322712 -0.431903958 0.774413764
vn -0.00394847523 -0.44905898 -0.893493474
vn -0.0806594715 -0.449258 -0.88975352
vn -0.524561167 -0.840704322 -0.134357229
vn 0.466745108 0.876712859 0.116290383
vn -0.539069116 -0.406054735 0.737918675
vn -0.671200633 -0.720071137 -0.176032037
vn 0.0122950096 0.399208546 0.916777611
vn 0.517802536 0.365062118 -0.773699105
vn -0.665651679 -0.297411889 0.684436917
vn 0.570145071 0.806060672 0.158747718
vn 0.617109895 0.268712193 -0.739573538
vn -0.804200172 -0.538483262 -0.25159052
vn -0.73532939 -0.164293721 0.657494068
vn 0.15101108 0.178141519 0.972348392
vn 0.0703491271 0.329785317 0.941431224
vn 0.737462819 0.64027226 0.21494177
vn 0.892696083 0.370653301 0.256339043
vn -0.160003111 -0.314679801 -0.935615122
vn 0.658218265 0.166791037 -0.734118223
vn 0.222828418 0.0389430299 0.97407949
vn -0.23879844 -0.143773884 -0.960366786
vn 0.947720408 0.154043496 0.279457718
vn 0.706036031 0.112324953 -0.699211121
vn 0.943263233 0.176978767 0.280950099
vn -0.906190991 -0.312392175 -0.285007089
vn -0.946436882 -0.142688468 -0.289650261
vn -0.230012968 -0.0302860197 -0.972716153
vn 0.252868056 0.0648058504 0.965327799
vn 0.722551346 0.161748633 -0.672128618
vn -0.938573539 -0.205228418 -0.277418464
vn 0.899516523 0.338297188 0.276450783
vn -0.190291137 -0.0883786082 -0.977741539
vn -0.694149137 -0.149807394 0.704070091
vn -0.677641273 -0.199019194 0.707950294
vn 0.211376354 0.155147642 0.96501255
vn 0.701712787 0.220473066 -0.677488625
vn -0.890511274 -0.368358165 -0.267024159
vn 0.876977921 0.38020876 0.29385519
vn 0.790093899 0.0459456518 -0.611261487
vn -0.19367747 -0.190421775 -0.962407649
vn 0.114132598 0.307356089 0.944725275
vn -0.886034131 -0.38035056 -0.265097976
vn 0.852495253 0.415699214 0.316931993
vn -0.130778819 -0.398501456 -0.907796025
vn -0.721658528 -0.0621477105 0.6894539
vn -0.89879632 -0.383194953 -0.212901041
vn -0.792138577 0.0783902407 0.60528636
vn 0.0575715303 0.465545833 0.883149207
vn -0.876293898 -0.377565235 -0.299255103
vn -0.0801861733 -0.507474482 -0.85792762
vn 0.878519893 0.383711755 0.284548968
vn -0.807108521 0.23575069 0.541292369
vn 0.807657957 -0.171008512 -0.564308941
vn 0.855283618 0.411524683 0.314861
vn 0.0764493197 0.569573462 0.818377376
vn -0.0908052325 -0.636126161 -0.766223133
vn 0.0242790654 0.768958569 0.638837397
vn -0.914243281 -0.30788964 -0.263368875
vn -0.826346219 0.377308905 0.418078959
vn -0.907472014 -0.337208807 -0.250568658
vn 0.861370564 -0.310818166 -0.401787013
vn -0.840913236 0.48772043 0.234507695
vn -0.076699242 -0.843716979 -0.531280398
vn 0.0165631324 0.878368974 0.47769621
vn 0.840911388 -0.496803731 -0.214602411
vn -0.848662198 -0.310587138 -0.428144932
vn 0.868018746 0.337251365 0.364424288
vn -0.043762397 -0.834565282 -0.54916805
vn -0.852286637 0.517037094 0.0792471841
vn 0.80701822 -0.57833904 -0.119354531
vn -0.0137218935 0.827871561 0.560749829
vn -0.0509648547 0.74453038 0.665640414
vn 0.81204325 0.20580931 0.546102762
vn 0.00440956373 -0.745113194 -0.666923404
vn -0.797482848 -0.187652513 -0.573417604
vn 0.794003189 -0.60433656 -0.0658495426
vn -0.812609196 0.581011176 0.045740597
vn -0.749897003 -0.12284629 -0.650048733
vn 0.749234557 0.117223285 0.651848257
vn 0.0489681512 -0.708553731 -0.70395577
vn -0.79105401 0.611393809 0.0207670517
vn 0.728235483 0.089317672 0.679481745
vn 0.772095978 -0.63503474 -0.0244706161
vn -0.724577904 -0.0768902674 -0.68489027
vn -0.060110759 0.705737233 0.705919027
vn -0.772095203 0.635468483 0.00699692685
vn 0.0655190349 -0.683487356 -0.727016032
vn -0.0603705198 0.700813055 0.710785866
vn 0.690383375 0.0251057167 0.723007977
vn -0.663039029 -0.0565448403 -0.746446192
vn 0.763675511 -0.643216491 -0.0554285161
vn -0.150578514 0.60478735 0.782022059
vn 0.194788426 -0.522759557 -0.829927623
vn -0.813424468 0.581505477 -0.0138588613
vn 0.618019283 -0.148723558 0.771967232
vn -0.603049219 0.0417221189 -0.796612084
vn 0.835510075 -0.54164356 -0.0924396813
vn -0.531775892 0.152284861 -0.833080888
vn -0.318329692 0.328143239 0.88937515
vn 0.482883722 -0.258276969 0.836729586
vn 0.87355864 -0.476883918 -0.0973498449
vn 0.32382369 -0.294363201 -0.899159908
vn -0.86860162 0.494585186 0.0302776117
vn 0.850966156 -0.518145561 -0.085917592
vn -0.504274309 0.272210956 -0.819517255
vn -0.385260165 0.234038889 0.892636836
vn 0.353923947 -0.228332132 -0.906974196
vn -0.870639682 0.485046387 0.0819554701
vn -0.363641381 0.245204136 0.898687899
vn 0.798598588 -0.597243369 -0.0744357258
vn -0.841425359 0.536658943 0.0632487833
vn -0.468883455 0.338113397 -0.81598258
vn 0.402339846 -0.337593287 0.850971997
vn 0.257918924 -0.287072539 -0.922532976
vn -0.742033362 0.66654855 0.0714102238
vn 0.616004825 -0.785354674 -0.0612873957
vn -0.390129328 0.450846672 -0.802830279
vn -0.346014947 0.286611438 0.893379867
vn -0.279870838 0.388688594 0.877834558
vn 0.133936957 -0.389753133 -0.911127508
vn 0.283442855 -0.443003982 0.850533724
vn -0.499941349 0.863988161 0.0598590821
vn -0.237211421 0.5239802 -0.81803149
vn -0.149588779 0.448467255 0.881192565
vn 0.455593944 -0.888430774 -0.055900041
vn 0.298252553 -0.95288825 -0.0552216247
vn -0.294804692 0.953797162 0.0579757318
vn 0.16852884 -0.499331832 0.849862158
vn 0.0516056195 -0.439850271 -0.896587193
vn -0.0839314237 0.461411476 0.883207142
vn 0.14659822 -0.987871051 -0.051182583
vn -0.186656758 0.981253207 0.0479721129
vn 0.086868763 -0.524454296 0.846995592
vn -0.0127681037 0.465678543 0.884861827
vn -0.129155636 0.537552476 -0.833280385
vn -0.0713925436 0.994910777 0.0711026639
vn 0.107054502 -0.515006661 0.850474894
vn -0.102049641 0.549725831 -0.829088271
vn -0.0989201441 0.993782341 0.051103238
vn 0.0760584101 0.458495051 0.885436237
vn -0.0453621931 -0.442678481 -0.89553225
vn 0.0467724577 -0.997918665 -0.0443911999
vn 0.142552361 -0.550689995 0.822447121
vn -0.0553623289 -0.476325214 -0.877524555
vn 0.0421776101 0.444001406 0.895032763
vn 0.114943512 -0.991821945 -0.0554717854
vn 0.223433748 -0.53914988 0.812031209
vn -0.151130676 0.520735323 -0.840234697
vn -0.229056597 0.485334307 -0.843791246
vn -0.0334138162 0.412715852 0.91024673
vn 0.0587255768 -0.467566639 -0.882004976
vn 0.257178843 -0.964013934 -0.0673521757
vn 0.36397633 -0.500466585 0.785528064
vn 0.482512981 -0.870809793 -0.0941890553
vn 0.744605839 -0.659533203 -0.102849774
vn 0.203694403 -0.405546546 -0.891089499
vn -0.266225457 0.961390197 0.0696630999
vn -0.508473396 0.856257498 0.090983808
vn -0.150162756 0.345086873 0.926480472
vn -0.36618343 0.402824938 -0.838833511
vn 0.285360217 -0.318085521 -0.904096782
vn -0.763266921 0.635164797 0.118276522
vn 0.50874424 -0.357119828 0.783354878
vn -0.495906681 0.296232253 -0.816286147
vn -0.245410442 0.267622828 0.931746602
vn -0.885364473 0.443699211 0.138783336
vn 0.341654092 -0.268020809 -0.900798142
vn -0.287384778 0.235441819 0.928427219
vn 0.574703038 -0.231751397 0.784861624
vn 0.894689202 -0.434703588 -0.102781482
vn 0.245831877 -0.393733889 -0.885742784
vn -0.578736544 0.173547432 -0.796834528
vn 0.602958024 -0.121949784 0.788397074
vn -0.281515092 0.30228284 0.910699904
vn -0.899831891 0.4092848 0.150958732
vn 0.898472667 -0.433316618 -0.0705936253
vn 0.625203431 -0.0071635223 0.780429006
vn 0.617388725 -0.0236192122 0.786303639
vn -0.236839697 0.466346651 0.8523072
vn -0.668589234 0.0610267706 -0.741123617
vn -0.637966037 0.0568356961 -0.767964125
vn -0.862889767 0.497433484 0.0893371478
vn 0.786633134 -0.616048276 -0.0411440507
vn -0.779421031 0.626250923 0.0176811069
vn -0.192216352 0.560042322 0.805857003
vn -0.628483534 0.777820826 -0.00177963462
vn 0.147740081 -0.546136737 -0.824565053
vn -0.107585639 -0.808336377 -0.578807056
vn -0.0329212993 0.677614927 0.734679639
vn 0.668732584 -0.717069387 0.19648996
vn 0.639057815 -0.00100117025 0.769158065
vn 0.2104543 0.838754177 0.502195537
vn -0.768297672 0.100811258 -0.632104278
vn -0.503094614 0.843212187 -0.18944402
vn 0.809823453 0.105925865 0.577031732
vn -0.813512146 -0.0667659566 -0.577702582
vn -0.373757273 -0.886457801 -0.272943318
vn 0.431913644 -0.859961331 0.271876931
vn 0.348386049 0.898875892 0.265799612
vn 0.286567688 0.911515296 0.294989616
vn -0.304288298 -0.88306427 -0.357220054
vn -0.490612477 0.803312778 -0.337621242
vn 0.190679148 0.880287111 0.434437752
vn 0.772831738 0.0439732149 0.633085608
vn -0.710263133 -0.0678674132 -0.70065707
vn 0.686006665 0.0683820769 0.724374712
vn 0.459177405 -0.82605356 0.326789767
vn -0.491613835 0.813392758 -0.310979217
vn -0.20875676 -0.884648502 -0.416914225
vn 0.677091181 0.0335713364 0.735132873
vn 0.479458392 -0.83965385 0.255149126
vn -0.664539814 -0.0718892664 -0.743786752
vn -0.0405061021 -0.815208912 -0.577748835
vn 0.520164132 -0.0617307648 0.85183239
vn -0.557166398 -0.0263872631 -0.829981506
vn -0.532956362 0.790053189 -0.302941263
vn -0.0430511907 0.8058303 0.59057945
vn -0.57017827 0.785921097 -0.239217028
vn 0.533121049 -0.822019339 0.200165212
vn -0.405009687 0.024732206 -0.913977802
vn 0.142041475 -0.753213048 -0.642257214
vn 0.586252749 -0.764554918 0.267886817
vn 0.133716226 -0.739340603 -0.659920812
vn -0.438955694 0.0535512306 -0.896911502
vn 0.433607668 -0.0325692669 0.900512993
vn -0.134248033 0.732076645 0.667863131
vn -0.61711055 0.751586974 -0.233005583
vn -0.139904588 0.739981592 0.657916367
vn 0.485007316 -0.0372059718 0.873718321
vn 0.610301316 -0.766279578 0.200867698
vn 0.668906629 -0.707211137 0.228946149
vn -0.476542056 0.00504957093 -0.879137158
vn -0.552614987 -0.0225921199 -0.83313036
vn 0.490308166 -0.000499502174 0.871548951
vn -0.65295881 0.739121974 -0.165358454
vn -0.125255957 0.73093003 0.670859277
vn 0.62356478 0.110441424 0.773931265
vn 0.109280698 -0.784639239 -0.610244989
vn -0.0429042876 0.811674953 0.582531452
vn -0.762121439 0.647142231 -0.019439714
vn 0.788769543 -0.610070527 0.0752102807
vn -0.712002873 -0.213325232 -0.668987453
vn 0.059241727 0.749183595 0.659707844
vn 0.113113888 -0.801801622 -0.586787343
vn 0.804965496 0.185547277 0.563562572
vn -0.784631193 -0.422399461 -0.453797907
vn 0.894888401 -0.376388878 -0.239804357
vn 0.846786618 0.393516123 0.357907087
vn -0.89001888 0.329317182 0.315303892
vn -0.753625035 -0.588290453 -0.293195486
vn 0.115361065 -0.66890955 -0.734337687
vn 0.0144858956 0.61593312 0.787665308
vn 0.879102886 -0.141656861 -0.455094963
vn 0.0715041086 -0.544249952 -0.835870206
vn 0.800652862 0.56010592 0.212688401
vn -0.815844297 0.000200876733 0.578271627
vn 0.019460015 0.492643178 0.870013833
vn 0.790920734 0.0506129935 -0.609821856
vn 0.740772367 0.642386794 0.196457103
vn -0.710512936 -0.145141929 0.688552856
vn 0.722650826 0.152720258 -0.674130797
vn -0.0160900224 -0.479639709 -0.877318025
vn -0.716216028 -0.671399415 -0.190413877
vn 0.00591646507 0.487531275 0.873085499
vn -0.0103195561 -0.487781584 -0.872904718
vn 0.70904839 0.193486109 -0.67809552
vn 0.702529073 0.689462841 0.176334828
vn -0.726226985 -0.160232201 0.668520808
vn 0.720145822 0.153838187 -0.676552832
vn -0.0196396932 0.511139572 0.859273255
vn -0.0204388183 -0.537703931 -0.842885911
vn 0.714604557 0.672154784 0.193773791
vn -0.716852248 -0.673543692 -0.180171445
vn -0.821511805 -0.0187715832 0.569882452
vn 0.813487709 0.00246046623 -0.581576943
vn -0.0750017911 0.530329406 0.84446758
vn -0.80737704 -0.542898238 -0.231092706
vn -0.035340488 -0.600884616 -0.798554182
vn -0.859846056 -0.25651145 -0.441437185
vn 0.766934812 0.57602489 0.282853812
vn 0.70287621 0.216897994 0.67743659
vn -0.901609302 0.301441669 0.310215533
vn 0.762158275 -0.583932817 -0.279530406
vn -0.135362253 0.609865665 0.780859053
vn -0.130083218 0.650357962 0.748407006
vn -0.00300051272 -0.57136941 -0.820687473
vn -0.743556201 0.668171883 0.0258951988
vn -0.69545114 0.0731550008 -0.714839876
vn -0.555140793 0.258130133 -0.790687978
vn -0.0701796636 -0.637928188 -0.76689142
vn -0.461796254 0.885674715 -0.0482119024
vn 0.38910535 -0.915130496 0.105513558
vn 0.0615326799 0.677780926 0.732684612
vn 0.475615144 -0.207493216 0.854831457
vn -0.134377897 -0.688444734 -0.712731659
vn 0.103421658 0.731082737 0.67440486
vn -0.339618891 0.919874609 -0.196187899
vn 0.286266029 -0.926528454 0.244124398
vn -0.433602661 0.224782228 -0.872617662
vn 0.192029834 0.688398182 0.699451506
vn 0.511780679 -0.215338007 0.831691146
vn -0.197064519 -0.740939081 -0.642008424
vn -0.23694557 0.961978436 -0.135846645
vn 0.260077327 -0.950745702 0.168648824
vn -0.457522869 0.267754018 -0.847927153
vn 0.276093334 0.730328262 0.624814391
vn 0.621064126 -0.198749989 0.758140981
vn -0.276846707 0.948632598 -0.153140992
vn -0.308181137 -0.720217347 -0.621539414
vn -0.73954469 0.2237086 -0.634844899
vn -0.366051733 -0.796398878 -0.481409341
vn 0.374615729 -0.912499785 0.164338738
vn 0.328379124 0.72246933 0.608444929
vn 0.822975099 -0.155221403 0.546459854
vn 0.419017345 -0.907685518 0.0230539609
vn 0.492893159 0.743050337 0.452694714
vn -0.298729509 0.951936126 -0.0676634833
vn -0.521815062 -0.815514803 -0.250288963
vn 0.600610614 0.755818546 0.260778069
vn -0.966639996 0.131456539 -0.219832748
vn 0.961224914 -0.145980716 0.233957738
vn -0.360527635 0.929847419 0.0735090822
vn -0.957774997 -0.145670757 0.247885272
vn -0.540551722 -0.801457286 -0.255871117
vn 0.414557308 -0.893043995 -0.174969986
vn 0.643858433 0.73847121 0.200266749
vn 0.991819859 -0.125125706 -0.0252388362
vn 0.379176378 -0.779662132 -0.498349458
vn -0.592673242 -0.709495902 -0.381253153
vn 0.948052049 -0.0457975157 -0.314801395
vn -0.267758727 0.754220605 0.599546969
vn 0.251828164 -0.51823312 -0.817323029
vn 0.682923555 0.684129298 0.25609085
vn 0.84052527 0.223689392 -0.493437141
vn 0.224745661 -0.451809406 -0.863341033
vn 0.563092351 0.764966786 0.312654704
vn -0.211920992 0.506411791 0.835844815
vn -0.604828477 -0.726471782 -0.326222718
vn -0.788753331 -0.231890664 0.56929338
vn 0.795508742 0.317319691 -0.516211212
vn -0.340868175 0.610696077 0.71474421
vn -0.490765125 -0.853675663 -0.174319714
vn 0.434716135 0.879407644 0.194072276
vn 0.345102966 -0.58022809 -0.737725794
vn -0.390666515 0.606378078 0.692593217
vn 0.795039415 0.237918034 -0.557949185
vn -0.799345315 -0.318982691 0.509212255
vn 0.499875635 0.842807949 0.199497491
vn -0.414110392 -0.891644835 -0.182981417
vn -0.294283628 0.542340994 0.786932886
vn 0.299358249 -0.58463043 -0.754050434
vn 0.808873177 0.264237016 -0.525264621
vn 0.551520109 0.788261116 0.27289176
vn -0.509784639 -0.822758436 -0.251372784
vn -0.800085247 -0.289075583 0.525641441
vn -0.266255379 0.526597381 0.807343304
vn -0.546017647 -0.785720944 -0.290701717
vn 0.54223001 0.786342859 0.296059996
vn -0.807724476 -0.246244609 0.535672307
vn -0.27949211 0.50857389 0.81439358
vn 0.246293738 -0.512222946 -0.822780132
vn 0.262795299 -0.53055346 -0.805885673
vn -0.560486972 -0.781148374 -0.275066555
vn 0.580742717 0.750446081 0.315544814
vn 0.24591054 -0.534168422 -0.808821499
vn -0.838996947 -0.25561744 0.480358064
vn 0.832145631 0.221111789 -0.508569717
vn -0.578584015 -0.746903121 -0.327683181
vn -0.608765304 -0.742722452 -0.278869361
vn -0.862134755 -0.163119629 0.479703695
vn -0.294177145 0.582592905 0.757657826
vn 0.561603785 0.757576168 0.332685322
vn 0.293155104 -0.577956855 -0.761594296
vn -0.909315586 -0.153665349 0.386693925
vn 0.882169783 0.204655781 -0.424137264
vn 0.590397298 0.746994376 0.305663675
vn -0.576117814 -0.750086427 -0.324744046
vn -0.920328736 -0.0842629075 0.381961733
vn -0.341528147 0.608123422 0.716620088
vn 0.900380552 0.107905269 -0.421510845
vn 0.308474183 -0.627348423 -0.715036869
vn 0.924858868 0.11544928 -0.362363607
vn 0.592083097 0.719386578 0.363208801
vn -0.618242741 -0.711244464 -0.334525108
vn 0.321301371 -0.616965234 -0.718414366
vn -0.318467975 0.616008282 0.72049427
vn 0.927970648 0.0245143492 -0.371845931
vn -0.60030514 -0.700379312 -0.386138171
vn -0.332495242 0.551423252 0.765100896
vn 0.268445849 -0.561798275 -0.782508552
vn -0.95045346 -0.100316398 0.294235915
vn 0.661734998 0.618274152 0.424080044
vn 0.715303242 0.394613236 0.576733589
vn -0.667397797 -0.542764366 -0.509889424
vn 0.937093377 0.01951118 -0.348533154
vn 0.223418146 -0.36414212 -0.904148757
vn -0.268641174 0.356227696 0.894948959
vn -0.695987701 -0.398784041 -0.597136915
vn -0.702654183 -0.322403044 -0.634297669
vn -0.957741439 -0.0475369804 0.283675075
vn -0.212261856 0.260189652 0.941937506
vn 0.737964869 0.311774731 0.598501801
vn 0.244235292 -0.254637569 -0.93568629
vn -0.941129684 -0.0852832124 0.327111065
vn 0.930126905 0.10660775 -0.35142377
vn -0.184642211 0.115631476 0.975979805
vn -0.918050885 -0.20809029 0.337462753
vn 0.188254863 -0.120468602 -0.974703789
vn 0.749554753 0.303674757 0.588174582
vn -0.715209663 -0.294238448 -0.633955061
vn -0.904680967 -0.264894992 0.333740979
vn 0.893892705 0.225239098 -0.387586594
vn -0.137696326 -0.133019686 0.981501639
vn -0.748604 -0.209728926 -0.628971994
vn 0.120316394 0.0712222531 -0.990177453
vn 0.792048216 0.138372555 0.594569325
vn -0.786816776 -0.0421529748 -0.615745425
vn 0.873764396 0.262992889 -0.409109592
vn -0.915796697 -0.276486367 0.291327626
vn 0.0610649399 0.290293008 -0.954987466
vn -0.139913976 0.422379702 0.895555377
vn -0.945315421 -0.311985046 0.0951002091
vn -0.812712729 0.233616292 -0.533780277
vn 0.862894654 -0.120868877 0.490717411
vn 0.849621773 0.347307235 -0.396888524
vn 0.032625813 0.587888598 -0.808283687
vn 0.942038715 -0.317141801 0.109472483
vn -0.825115442 0.466166377 -0.319176137
vn 0.8302266 0.517873228 -0.206231043
vn 0.013728396 0.888884544 -0.457925558
vn -0.833784401 0.551540077 0.0246404167
vn -0.00642725034 0.999294877 0.0369929075
vn -0.0643238947 -0.335570753 -0.939816356
vn 0.849560618 0.527349889 -0.0122018969
vn -0.873237193 0.434147328 0.221298233
vn 0.835901201 -0.502350092 -0.221164137
vn -0.842849731 -0.528180301 0.10310138
vn 0.842333078 0.522813261 -0.130924538
vn -0.0104845697 -0.996480763 -0.0831630751
vn -0.0885380805 0.993446887 0.072278969
vn 0.799931467 -0.499617606 -0.332403272
vn -0.834520817 0.418314934 0.358591199
vn -0.184785903 0.975062251 -0.12291386
vn 0.736419499 0.524478495 -0.427327394
vn -0.745200157 -0.542792857 0.387366384
vn -0.594770432 -0.491444618 0.636184275
vn 0.0426461995 -0.997117519 0.0627537072
vn 0.109696895 -0.977476299 0.1802959
vn 0.233181193 -0.932482898 0.275865883
vn 0.719311535 -0.518284559 -0.462571293
vn 0.579638422 0.499624819 -0.643734634
vn 0.634834707 -0.538651884 -0.553930521
vn 0.418070942 0.42518279 -0.802767873
vn -0.731863141 0.458280236 0.504336715
vn -0.622288108 0.493616551 0.607536197
vn -0.281215489 0.9304685 -0.234832287
vn 0.285613149 0.373085439 -0.882741451
vn 0.586136401 -0.547896922 -0.596869409
vn -0.427889764 -0.440196306 0.789390624
vn -0.293565124 0.907209992 -0.301313043
vn -0.285417736 -0.366175711 0.885692954
vn -0.290387958 -0.380491048 0.878009975
vn 0.318558961 -0.909330726 0.267652541
vn 0.604915559 -0.51261574 -0.609345675
vn 0.353931934 0.416524887 -0.837400317
vn 0.228276372 -0.954914212 0.189812645
vn -0.611514568 0.536573768 0.581496835
vn -0.436309457 -0.427590072 0.791707516
vn 0.652169585 -0.476641893 -0.589480639
vn -0.637391508 0.537574351 0.552038074
vn -0.177262798 0.960668802 -0.213760212
vn 0.17965363 -0.965952873 0.186171174
vn 0.521299303 0.442997754 -0.729383349
vn -0.708126843 0.475961775 0.521552265
vn -0.531028032 -0.492948771 0.689210236
vn 0.719677269 -0.493553042 -0.488333881
vn -0.162951529 0.965719223 -0.202072129
vn -0.175917089 0.955358803 -0.237366408
vn -0.806212902 0.459054381 0.373215586
vn 0.243275762 -0.949853897 0.196454823
vn 0.582234085 0.50217098 -0.639396489
vn -0.625061095 -0.531941473 0.571259081
vn 0.826864839 -0.395250678 -0.400089324
vn 0.591019928 0.538101077 -0.600951552
vn -0.774355888 0.421843171 0.471615762
vn 0.797949433 -0.462968796 -0.385923028
vn 0.464396656 0.499909461 -0.73104459
vn -0.258232117 0.954377949 -0.149929538
vn 0.16924946 -0.959334195 0.225904047
vn -0.57683599 -0.50199908 0.644404471
vn 0.691836774 -0.491959721 -0.528523982
vn 0.15033941 -0.970652282 0.187702164
vn -0.481007248 -0.430030078 0.764006734
vn -0.587569952 0.542123616 0.600719154
vn 0.560587883 -0.529367685 -0.636797488
vn -0.532821834 -0.435748696 0.725412965
vn -0.172294214 0.968434513 -0.180136621
vn -0.021083599 0.997200489 -0.0717403218
vn 0.548181772 0.498545498 -0.671527505
vn 0.207149342 0.974024296 0.0914643705
vn -0.489859253 0.576460421 0.654011786
vn -0.689904273 -0.416968137 0.591751397
vn -0.00114797894 -0.999370277 0.035465721
vn 0.528291464 -0.504437566 -0.682972074
vn -0.489489615 0.550951421 0.675908566
vn -0.503479242 0.524410486 0.68666029
vn 0.719851851 0.437081844 -0.539233446
vn -0.188310936 -0.97536236 -0.114922345
vn 0.511146009 -0.510227025 -0.691663325
vn 0.761261582 0.411047786 -0.50151825
vn -0.268544316 -0.945497811 -0.184168026
vn -0.760997176 -0.409567595 0.503127873
vn 0.494350284 -0.532226562 -0.687279105
vn 0.265102625 0.946162105 0.185736313
vn -0.213810071 -0.969230413 -0.121973477
vn 0.705024958 0.416784942 -0.573785841
vn -0.712806344 -0.439383805 0.546670735
vn 0.200324908 0.974306226 0.102943666
vn -0.556050658 0.50252825 0.662021935
vn 0.493851513 -0.566667378 -0.659544408
vn -0.573386312 -0.487736464 0.658286572
vn 0.00634709746 0.998869121 -0.0471181683
vn 0.577506602 0.425299615 -0.696854591
vn -0.0275855716 -0.998524249 0.0467800349
vn 0.543975234 -0.570314765 -0.615493238
vn 0.46623382 0.412203401 -0.782760739
vn -0.627938747 0.496815622 0.599055171
vn 0.630060315 -0.543017864 -0.555117607
vn -0.177943915 0.963014662 -0.202333212
vn 0.169382051 -0.964336395 0.203384012
vn 0.470468253 0.443338364 -0.762961805
vn -0.446518898 -0.459828109 0.767580032
vn -0.455506653 -0.467609704 0.75753206
vn 0.258540452 -0.937506437 0.232891664
vn -0.71051985 0.495863467 0.499280393
vn 0.748946011 -0.467397422 -0.469701529
vn -0.228091866 0.936998546 -0.264589936
vn -0.310877562 0.891759634 -0.328816026
vn 0.313222855 -0.88865298 0.334943533
vn 0.520688057 0.427865624 -0.738792837
vn 0.431804091 0.421387285 -0.797482252
vn 0.829782248 -0.425920099 -0.36062935
vn 0.350882232 -0.838523388 0.41684562
vn -0.805415511 0.403101087 0.434528917
vn -0.808943093 0.437454313 0.392740101
vn -0.467440218 -0.456252098 0.757188082
vn -0.365324229 0.843142092 -0.394524574
vn 0.807361901 -0.431949705 -0.401977926
vn -0.460137725 -0.38873741 0.798220813
vn -0.398659408 0.818662286 -0.41335544
vn 0.77899909 -0.490063876 -0.391149282
vn -0.346451253 -0.351581812 0.869690537
vn -0.758656621 0.485114396 0.434861094
vn 0.38195464 0.307743281 -0.871438324
vn 0.385030806 -0.815557122 0.431992829
vn 0.363087505 -0.849541247 0.382684112
vn 0.74791497 -0.451717079 -0.486389667
vn 0.311541855 0.338248044 -0.887992084
vn -0.300165206 0.880349934 -0.367266536
vn -0.399437636 -0.303108484 0.865202248
vn 0.471731514 0.415658414 -0.777622998
vn -0.730525434 0.537085414 0.421748728
vn 0.743588448 -0.478962004 -0.466553003
vn -0.576446891 -0.445777386 0.684829473
vn 0.597091019 0.479906827 -0.642784297
vn 0.762746692 -0.458736867 -0.455826581
vn 0.161324918 -0.969688654 0.183516294
vn -0.123782091 0.970489442 -0.20694989
vn -0.730188668 0.531436801 0.42941761
vn -0.721265137 -0.478711694 0.500611186
vn 0.700520337 0.522252917 -0.48633635
vn 0.0291622449 -0.999308348 0.0230752546
vn -0.0178873762 0.999028444 -0.0402756147
vn 0.0579395592 0.991759002 0.114267789
vn -0.700840175 0.507883012 0.500877082
vn 0.169877782 0.94224453 0.28864646
vn 0.764107943 0.52270174 -0.378050297
vn -0.0589597709 -0.992591143 -0.106238924
vn -0.794422328 -0.469640851 0.385137171
vn 0.714503348 -0.455649406 -0.530912936
vn -0.637475371 0.493092716 0.592017412
vn -0.16957438 -0.94220984 -0.288937896
vn 0.657148361 -0.403980225 -0.636361539
vn 0.815475404 0.503689766 -0.285125375
vn -0.874686003 -0.410132825 0.258293182
vn -0.600522637 0.452784806 0.65905863
vn -0.634365261 0.470621526 0.613266826
vn 0.879889548 0.436255842 -0.188348666
vn 0.277841181 0.846244037 0.454615593
vn -0.266736954 -0.835466623 -0.480465263
vn 0.919357359 0.359142423 -0.160619974
vn -0.912708402 -0.385635138 0.135088533
vn -0.277831346 -0.829724133 -0.484115362
vn 0.624425888 -0.469528884 -0.624207437
vn 0.299745023 0.825022519 0.479051948
vn -0.252851069 -0.850946128 -0.460387945
vn 0.94266212 0.321685255 -0.0889200419
vn 0.289237261 0.848088503 0.443945587
vn -0.939020157 -0.339324415 0.05567763
vn 0.676059425 -0.509791076 -0.532030761
vn -0.241992325 -0.888506174 -0.389867246
vn -0.707900524 0.581426919 0.40102309
vn 0.689520836 -0.61495322 -0.382613987
vn -0.225047126 -0.971102893 -0.0794543922
vn -0.950790763 -0.309672832 -0.00998358801
vn -0.798159003 0.602149785 0.0189164504
vn 0.96866703 0.247414589 -0.021683028
vn 0.282846808 0.896101117 0.342053354
vn 0.690757215 -0.709396541 -0.140039101
vn 0.979688227 0.180942908 -0.0864327103
vn -0.943562329 -0.329271942 0.0356384143
vn 0.266818583 0.958015203 -0.104951479
vn 0.711524129 -0.688820004 0.138782337
vn -0.934430718 -0.32047081 0.155363157
vn 0.956983805 0.231998175 -0.174238056
vn 0.219778597 0.87654376 -0.428215414
vn -0.206251353 -0.938531637 0.276800692
vn -0.186109915 -0.861524403 0.472375751
vn -0.733367264 0.615357578 -0.28897664
vn 0.768183827 -0.568796992 0.293876857
vn -0.947852433 -0.294940352 0.120771624
vn 0.935133219 0.341892153 -0.0929277837
vn 0.728025436 -0.557317853 0.399218976
vn -0.17281951 -0.885339618 0.431633204
vn 0.209674835 0.887551129 -0.410230815
vn -0.746259451 0.539882898 -0.389388204
vn -0.928888083 -0.369153738 0.0298736487
vn -0.899697065 -0.272821754 -0.34075436
vn -0.19557634 -0.885585427 0.421293676
vn 0.0449064448 -0.998775661 -0.0207475647
vn 0.946722925 0.321995258 0.00588827487
vn 0.869404554 0.472472399 0.144587904
vn 0.143451557 0.971832812 -0.186982736
vn 0.822746813 -0.445628107 0.352850109
vn 0.859081984 -0.462969035 0.218261078
vn -0.707697272 0.59621501 -0.37906754
vn 0.729855537 0.460796773 0.504952729
vn -0.781530619 0.598792076 -0.175094217
vn -0.844495714 0.519589841 -0.129820466
vn -0.0603268631 0.941712379 0.330966115
vn 0.64654249 0.32414788 0.690587461
vn 0.849062443 -0.509547353 0.139479429
vn -0.197977915 0.80240941 0.562977612
vn 0.639973462 0.253712416 0.725302756
vn -0.663337529 -0.303067148 -0.684202909
vn -0.619306684 -0.264968038 -0.739088058
vn -0.06503167 0.927568018 0.36795181
vn 0.18448326 -0.836267531 -0.516354918
vn -0.805355966 0.546249688 -0.230245441
vn -0.630138934 -0.340041488 -0.698066533
vn 0.789997995 -0.584488928 0.185137197
vn -0.027334353 -0.958462775 -0.283904821
vn -0.756132126 0.549256265 -0.355783194
vn 0.701477885 -0.661903739 0.26421991
vn 0.770558059 0.273475111 0.575718284
vn -0.810557067 -0.379127413 -0.446385145
vn 0.635838151 -0.699628174 0.325930148
vn 0.119842328 0.958533287 -0.25855723
vn -0.224045053 -0.97314316 0.0528783873
vn -0.944431841 -0.309840977 -0.109758951
vn 0.978776276 0.20451808 0.0130100111
vn -0.739639997 0.632489562 -0.22997725
vn -0.30929932 -0.853302956 0.419771403
vn 0.293345451 0.854432225 -0.428828746
vn 0.578471184 -0.813148737 0.0645006076
vn -0.954297602 -0.158082321 0.253625631
vn -0.911542058 0.0522162877 0.407877952
vn 0.846844316 0.0319413655 -0.530880749
vn -0.382982045 -0.798373818 0.464676172
vn -0.532607794 0.844909608 0.0495643429
vn 0.32123813 0.882247627 -0.344158769
vn 0.488091797 -0.843579471 -0.223920107
vn -0.507152617 0.824530542 0.25088951
vn 0.837581038 0.0520861149 -0.543824315
vn -0.814868569 -0.0721063912 0.575143456
vn -0.303847522 -0.879182756 0.367034465
vn -0.874901116 -0.0630236194 0.480183333
vn 0.326026291 0.855558574 -0.402152121
vn -0.253765911 -0.900717974 0.352576256
vn -0.564750969 0.812507749 -0.144525319
vn 0.604715228 -0.793209016 -0.0716865435
vn 0.957605839 0.0764086917 -0.277763754
vn -0.971548676 -0.233988822 0.0366374254
vn 0.406190217 0.862529099 -0.301750034
vn 0.682525218 -0.680193663 0.26738742
vn -0.553639889 0.627136111 -0.547889769
vn 0.968126476 0.235534742 0.0851729512
vn -0.252165526 -0.914795697 0.315533638
vn 0.313889951 0.932294846 -0.17972067
vn -0.864928007 -0.363992691 -0.345555931
vn 0.615924537 -0.555564821 0.558555722
vn -0.491715014 0.550949156 -0.674293339
vn -0.223685265 -0.954589367 0.196784109
vn 0.847772002 0.367579192 0.382319361
vn 0.733528912 0.415556103 0.537818193
vn -0.71873498 -0.432112873 -0.544700384
vn 0.503722966 -0.532616496 0.680134416
vn 0.692863703 0.433878332 0.575924933
vn 0.247383356 0.96025753 -0.129254907
vn -0.222132698 -0.964749753 0.14112103
vn -0.76273191 -0.358557433 -0.538216054
vn -0.46912387 0.521621168 -0.712624788
vn 0.229000047 0.964182198 -0.133834213
vn 0.467202514 -0.522969902 0.712898552
vn -0.516812921 0.55365926 -0.652966857
vn -0.179980114 -0.983578563 -0.0134352492
vn 0.157165796 0.982257426 -0.102319658
vn 0.533894956 -0.544278681 0.647083402
vn 0.716062427 0.480595827 0.506243289
vn -0.690409899 0.578278482 -0.434658736
vn 0.718588173 -0.58250922 0.379886806
vn 0.0446468443 0.998296797 0.0375531204
vn 0.000182070842 0.999881506 0.0153902546
vn -0.108453467 -0.993516803 -0.0340930559
vn -0.823675752 0.508790612 -0.250380516
vn 0.852213383 0.446167976 0.273251563
vn -0.863909245 -0.438578516 -0.247607917
vn -0.792046964 0.602856398 -0.0960512832
vn 0.802610636 -0.573168159 0.165210068
vn 0.0845883265 0.990642726 0.107106224
vn -0.901464224 -0.391156703 -0.185360834
vn 0.873192191 0.446001083 0.196515873
vn 0.851427555 0.377988786 0.36358726
vn -0.0484928228 -0.995129347 -0.0858251229
vn 0.836927474 -0.540128589 0.0883941054
vn -0.805100679 0.582237363 -0.113192692
vn -0.845427632 -0.401096582 -0.352666378
vn -0.820195675 -0.376058817 -0.431113452
vn -0.0166011322 -0.970704734 -0.239701241
vn 0.0583072603 0.970071375 0.235715315
vn -0.78350991 0.598953426 -0.165429741
vn 0.804840505 -0.575358391 0.145582885
vn 0.777499735 -0.598281145 0.193787962
vn 0.0410016142 0.961120725 0.273067147
vn 0.815334558 0.36441946 0.449919879
vn 0.856434226 0.337821156 0.3903808
vn 0.0224225 0.961192966 0.274964184
vn -0.784988463 0.588230908 -0.194364414
vn -0.0388668552 -0.965570033 -0.257223368
vn -0.102120563 -0.988379717 -0.112592138
vn 0.0945526734 0.990302026 0.101792015
vn -0.825060248 -0.415330768 -0.383113503
vn 0.721612871 -0.640459955 0.26284197
vn 0.750770926 -0.60550195 0.264027447
vn -0.766193986 0.5720644 -0.292727023
vn -0.731755257 0.628599226 -0.263433486
vn -0.144212872 -0.988110185 -0.0532996953
vn 0.130560845 0.991255403 0.0191477407
vn 0.858276665 0.406250209 0.313563317
vn 0.0964003503 0.991863251 0.0831521153
vn -0.879605532 -0.351748705 -0.320260763
vn -0.881097376 -0.388958186 -0.2690337
vn -0.112661503 -0.989938021 -0.0856158063
vn 0.883097827 0.397989094 0.248481065
vn -0.791389167 0.597434521 -0.12951903
vn 0.816631913 -0.576843202 0.0190879218
vn 0.0719166994 0.982411683 0.172323167
vn -0.136960953 -0.97448504 -0.177821741
vn 0.789612412 -0.590011537 -0.168518692
vn 0.894613683 0.422579229 0.14523536
vn -0.917469919 -0.346746773 -0.194976211
vn -0.816689074 0.570500195 0.0868821815
vn 0.0441924632 0.987064004 0.154115617
vn -0.907576025 -0.401621521 -0.122498617
vn -0.101643369 -0.971299887 -0.2150473
vn -0.853440881 0.493116558 0.168744355
vn 0.90333432 0.422954679 -0.0713904798
vn -0.878794432 -0.473678619 0.0578697175
vn -0.911578238 -0.391595334 0.125212625
vn -0.0655862167 -0.997717857 -0.0160485636
vn 0.0388641544 0.999212265 -0.0080301566
vn 0.859296858 0.487970829 -0.153275684
vn 0.82948941 -0.49667275 -0.255467385
vn -0.780955434 0.576761425 0.239697188
vn 0.101250477 0.976591587 0.189781904
vn -0.0868503824 -0.985976338 -0.142505005
vn 0.901781797 0.427451998 -0.0638298318
vn -0.786820292 0.566034675 0.24600558
vn -0.108846262 -0.950848281 -0.289896488
vn 0.803646207 -0.547892511 -0.232307091
vn -0.904126048 -0.421584994 -0.0694418177
vn 0.133964762 0.948746204 0.286241204
vn 0.148732916 0.95349288 0.262163639
vn 0.923669875 0.376529396 0.0711299405
vn -0.0601132661 -0.961368024 -0.26862219
vn -0.76178211 0.6477139 0.0124418912
vn 0.159665763 0.912763238 0.375992298
vn 0.906956136 0.327079117 0.265423775
vn -0.877380431 -0.33818996 -0.34033975
vn 0.80412221 -0.594125092 -0.0200695191
vn 0.726720035 -0.653505802 0.211679071
vn -0.665048599 0.71541822 -0.214212745
vn -0.0398652777 -0.941476047 -0.334714353
vn -0.689228952 -0.232356101 -0.686275423
vn 0.823211789 0.244451493 0.512411833
vn -0.460084647 0.78176564 -0.420909196
vn -0.0423193797 -0.933891654 -0.355042726
vn 0.636612535 0.163805306 0.753586233
vn -0.397824556 -0.180981159 -0.899433911
vn 0.129991084 0.896053672 0.424488127
vn 0.527686 -0.741473138 0.41444543
vn 0.40656063 0.111065283 0.906847835
vn -0.157832846 0.792562902 -0.58901
vn 0.340940714 -0.781511664 0.522493124
vn -0.0987098366 -0.937951624 -0.332420081
vn 0.111382432 -0.791318715 0.601172805
vn 0.30778265 0.888590097 0.340113729
vn -0.24625814 -0.916106761 -0.316394299
vn 0.301594943 0.0746023804 0.950513005
vn -0.325426042 -0.159256026 -0.932059765
vn -0.086552985 -0.76595217 0.637044609
vn -0.434051543 -0.858702242 -0.272451282
vn 0.0471617579 0.742251337 -0.668459892
vn 0.0593838952 0.750448823 -0.658255398
vn 0.472799242 0.849645376 0.233588681
vn -0.0811947659 -0.759850919 0.645007014
vn -0.406443805 -0.0689610466 -0.911069512
vn 0.420325965 0.0904207975 0.902856648
vn -0.482003123 -0.829449594 -0.282287657
vn 0.441772908 0.872341156 0.209422141
vn 0.143263176 -0.868191421 0.475099206
vn -0.581597149 0.00726799015 -0.813444495
vn -0.171972215 0.833684146 -0.524782181
vn -0.513087511 -0.798744261 -0.314243108
vn -0.791199923 0.0726578608 -0.607226014
vn 0.698082507 0.036833398 0.715069354
vn -0.425838202 0.881410003 -0.204397336
vn -0.523162782 -0.788665652 -0.322966218
vn 0.427012473 -0.900193393 0.0855110809
vn 0.401562065 0.876443744 0.2656959
vn -0.938720882 0.0740504935 -0.336629838
vn 0.932554543 0.00742587261 0.360952586
vn -0.540778756 0.831093013 0.129780009
vn 0.378972709 0.834889889 0.399172455
vn 0.990199983 0.104518458 0.0926276818
vn 0.544244289 -0.781894624 -0.30403778
vn -0.49405393 -0.778095484 -0.387915105
vn -0.998087704 -0.0109583829 -0.0608341433
vn -0.562006116 0.719068289 0.408766359
vn -0.998231232 -0.0594374314 -0.00132641301
vn 0.552331865 -0.65204215 -0.519394338
vn -0.527819276 0.679770827 0.509233296
vn 0.461779922 0.737738788 0.492443591
vn 0.998525679 0.0464153178 0.0281475801
vn -0.43584168 -0.729885578 -0.526601315
vn 0.478916138 0.625987828 0.615449965
vn -0.484686911 0.73614347 0.472410232
vn 0.559010267 -0.658711374 -0.5035941
vn -0.986659527 0.0596420653 -0.151478395
vn -0.857680023 0.294852138 -0.4212448
vn -0.388965875 -0.622856498 -0.678789616
vn 0.57348603 -0.7185238 -0.393493801
vn 0.956752598 -0.128143579 0.261158407
vn 0.394440562 0.480618685 0.783212841
vn -0.319030762 -0.488061517 -0.812413275
vn 0.817979515 -0.336802036 0.466340959
vn -0.466380596 0.801740766 0.373765856
vn 0.332996249 0.417429775 0.845497429
vn 0.502714217 -0.80180943 -0.32307899
vn 0.685958326 -0.45992139 0.563855827
vn 0.295697719 0.525550783 0.797721267
vn -0.373969167 0.881153226 0.289337039
vn 0.382810563 -0.886620283 -0.259539187
vn -0.291778296 -0.466479331 -0.835022449
vn -0.425522506 -0.405879736 -0.808821499
vn -0.685199618 0.429642797 -0.588139832
vn 0.752429008 -0.383635849 0.535419583
vn -0.423311561 0.8688851 0.256604701
vn 0.343687445 -0.892910957 -0.290841877
vn 0.495492041 -0.694565952 -0.521599293
vn -0.688522816 0.447623581 -0.57058686
vn -0.877289891 0.304331481 -0.371139795
vn -0.579953074 0.666524351 0.468401283
vn 0.985567927 0.150778472 -0.0769526139
vn -0.986737788 -0.0100238528 -0.16201292
vn 0.185350493 0.781882763 0.595234931
vn -0.437745094 -0.601527154 -0.668239772
vn -0.650705695 0.404104352 0.642869949
vn 0.520852983 -0.549290717 -0.653446138
vn -0.895629346 -0.388042361 0.217419446
vn -0.850838661 -0.508980274 -0.130432397
vn -0.640044272 0.715016544 0.281237543
vn -0.36148566 -0.842783988 -0.39880234
vn 0.279565513 0.92968744 0.239842385
vn 0.818101823 0.451828659 -0.355753094
vn -0.0682721511 -0.934585452 -0.349126011
vn 0.795267344 -0.529585958 -0.295107633
vn 0.945659518 0.309349477 0.100155123
vn -0.0828715116 -0.961149693 -0.263293892
vn -0.217802554 -0.91359216 -0.343382329
vn 0.714131534 -0.678413332 0.172544643
vn 0.867268324 0.219409466 0.446883798
vn 0.2139837 0.927785814 0.305654109
vn -0.685626268 0.696824908 -0.210598379
vn 0.686516285 -0.713622153 0.139422491
vn 0.83685714 0.293072969 0.462361783
vn 0.0636056513 0.950906694 0.30287075
vn -0.86469537 -0.212390736 -0.455183595
vn 0.906945467 0.319287181 0.274782926
vn 0.124420375 0.926732957 0.354521722
vn -0.78651166 0.615576267 0.0496518016
vn 0.784108102 -0.613660336 -0.0927115381
vn -0.916190803 -0.303463221 -0.261733592
vn -0.130274966 -0.924120128 -0.359207928
vn 0.786333442 -0.599660158 -0.148618862
vn -0.0626380667 -0.944286287 -0.323109567
vn -0.919655561 -0.336092323 -0.203163803
vn 0.922300279 0.332242221 0.197426826
vn 0.922847569 0.308785528 0.230225608
vn 0.79323256 -0.600734055 -0.0995025113
vn -0.79498297 0.589634478 0.142594859
vn -0.76667726 0.637681484 0.0746204928
vn 0.741991758 -0.663475096 0.0961715207
vn 0.191158742 0.916271031 0.352002531
vn -0.877980053 -0.311097592 -0.363825828
vn -0.704424202 -0.217602655 -0.675600111
vn -0.678136706 0.719157875 -0.151467517
vn 0.875355899 0.234454647 0.422827452
vn 0.169614404 0.918065906 0.358309835
vn 0.787569761 0.195285156 0.584463537
vn 0.615687251 -0.721321285 0.317214221
vn -0.557161093 0.754878342 -0.346020639
vn 0.649707377 0.167482883 0.741505027
vn -0.0811594129 -0.948937237 -0.304846287
vn 0.108175248 0.920561075 0.375320584
vn 0.516103923 -0.75577718 0.403035641
vn -0.516413271 0.761407554 -0.391887516
vn -0.537459493 -0.106236033 -0.836571097
vn -0.0741806701 -0.925326645 -0.371843785
vn 0.545121789 0.166154549 0.821726739
vn -0.0213107895 0.879451334 0.475511432
vn 0.0564048439 -0.88320148 -0.465589374
vn 0.26322186 -0.774345219 -0.575416088
vn 0.57195425 -0.713527977 0.404655695
vn 0.369395614 0.102117762 0.923644304
vn -0.546935201 0.763778687 -0.342788517
vn -0.254637718 0.768862367 0.58652395
vn 0.61225462 -0.691926956 0.382598341
vn -0.609222472 0.731481373 -0.306240112
vn 0.342954874 0.0778406486 0.936121166
vn 0.716592014 -0.630549252 0.298167139
vn -0.383440107 -0.0309669096 -0.92304641
vn -0.368043572 -0.0549905449 -0.928181052
vn -0.778097391 0.560016751 -0.284509659
vn -0.429358929 0.657724202 0.618910134
vn 0.349844068 -0.680771649 -0.643551946
vn 0.431821495 -0.532216489 -0.728200436
vn 0.901458621 -0.362760752 0.236171484
vn -0.492189258 -0.118708342 -0.862356126
vn 0.369539678 0.188809276 0.909830511
vn -0.934281409 0.328226715 -0.139231756
vn 0.995941937 -0.0063729696 0.0897719041
vn -0.549890459 0.431649119 0.715052128
vn 0.512467682 -0.20254381 -0.834477603
vn -0.997248471 -0.00825437438 -0.0736696571
vn 0.380416363 0.230518401 0.895625234
vn 0.962591648 0.2681292 -0.0390400589
vn -0.597272515 0.154592365 0.78699857
vn -0.465127975 -0.245053649 -0.850649536
vn -0.950483918 -0.304646045 -0.0614085048
vn 0.372539312 0.484665036 0.791400194
vn -0.386025488 -0.390447885 -0.835783958
vn 0.579328358 -0.218001515 -0.785400569
vn -0.62832737 0.179811284 0.756883502
vn -0.983238578 -0.178743377 -0.0359544419
vn -0.307864845 -0.594876766 -0.742523313
vn 0.951128483 0.308321774 0.0170995034
vn 0.323322415 0.634206235 0.702314079
vn 0.687534094 -0.244810194 -0.683640957
vn -0.592779398 0.306788176 0.744643271
vn -0.591887057 0.391083777 0.704786062
vn 0.338644177 0.464443713 0.81829834
vn 0.974789321 0.159305111 0.156229347
vn -0.314830124 -0.474496603 -0.822030962
vn 0.627789855 -0.317404002 -0.710728228
vn 0.410489261 0.305143178 0.859294057
vn -0.31932041 -0.334751308 -0.88655293
vn 0.988578916 -0.0485335886 0.142674908
vn 0.6300143 -0.488900095 -0.603372693
vn -0.968639195 0.0890546441 -0.231964558
vn 0.924646854 -0.238139272 0.297183424
vn -0.312253594 -0.284792364 -0.906306207
vn -0.90735513 0.282719344 -0.311088979
vn 0.335391164 0.265475422 0.903900206
vn 0.537529707 -0.610724866 -0.581443906
vn -0.501335144 0.692361832 0.518939495
vn -0.365686387 -0.337015003 -0.867579579
vn 0.417970031 0.293339252 0.859798372
vn -0.848866045 0.359989733 -0.38708365
vn 0.858818293 -0.415378273 0.299820185
vn 0.820386827 -0.414662868 0.393725902
vn 0.411159128 -0.778746188 -0.473817021
vn -0.373259336 0.814847887 0.443509102
vn -0.430363178 -0.396580696 -0.810870767
vn 0.434998661 0.391249537 0.810987115
vn -0.818476558 0.436383188 -0.373719007
vn 0.506460369 0.418373287 0.753963947
vn 0.397439212 -0.820249259 -0.411379546
vn 0.293768972 -0.878579557 -0.37656039
vn -0.464990139 -0.427092761 -0.775484443
vn -0.337042123 0.88438344 0.322906166
vn 0.798814952 -0.49355045 0.343951434
vn -0.807633162 0.407430291 -0.426297098
vn -0.612412035 -0.538804889 -0.578481495
vn 0.662904739 0.538882494 0.519771993
vn 0.151544243 -0.973546386 -0.171002433
vn -0.835603952 0.388956696 -0.38791579
vn -0.198699728 0.968422115 0.150588751
vn -0.722132027 -0.568523109 -0.394089758
vn 0.846764863 -0.44730866 0.287931085
vn -0.872870982 0.391009897 -0.291903079
vn 0.0799313262 -0.995077848 -0.0585748516
vn -0.139718607 0.989169121 0.0449805632
vn -0.182627097 0.97741884 -0.106301025
vn 0.746667802 0.57436502 0.335547328
vn -0.795602918 -0.570028186 -0.205143377
vn 0.875388205 -0.471693814 0.105832495
vn -0.918610215 0.376497358 -0.12002071
vn 0.0312054884 -0.997528851 0.0629481524
vn -0.811708808 -0.560854852 0.16300486
vn 0.803908229 0.594283998 0.0236230996
vn 0.0752277002 -0.937458873 0.339870155
vn -0.899552345 0.404094934 0.165869877
vn 0.82607919 -0.546209097 -0.138739899
vn 0.722576797 0.472676128 -0.504440248
vn 0.458867878 0.24375619 -0.854413867
vn -0.213345915 0.92526418 -0.313639224
vn -0.657952011 -0.408854097 0.632406116
vn 0.732115686 -0.606357813 -0.31038177
vn -0.78174293 0.51453793 0.352319121
vn 0.239994735 -0.818156481 0.522515655
vn -0.392635435 -0.203570753 0.896881521
vn -0.311540216 0.832769811 -0.457642883
vn 0.376805693 -0.716535032 0.587022185
vn -0.687236369 0.590187252 0.423538804
vn 0.653517902 -0.654030085 -0.380997509
vn -0.406234264 0.734443367 -0.543660462
vn -0.243022949 -0.0314301141 0.969511151
vn 0.385479927 -0.730525494 0.563682318
vn -0.6102283 0.684089482 0.399553686
vn 0.257552922 0.08193928 -0.962783694
vn -0.389290512 0.731245816 -0.560118258
vn 0.212375998 0.0725899935 -0.97448808
vn -0.2313582 -0.0514528751 0.971507072
vn -0.259722382 0.80131042 -0.538930416
vn 0.597323298 -0.681183279 -0.42331326
vn 0.580590487 -0.681002319 -0.446262687
vn -0.582985878 0.716939569 0.382263124
vn 0.273356616 -0.815177262 0.510648727
vn 0.325222909 0.125807971 -0.937231302
vn 0.45914042 0.19878234 -0.86583817
vn -0.115870044 0.880154371 -0.460328549
vn 0.609578133 -0.664676428 -0.431995064
vn -0.32659632 -0.0978319943 0.94008714
vn 0.143609509 -0.886754215 0.439366728
vn -0.507705033 -0.199759007 0.838052392
vn 0.603084862 0.264910579 -0.752403378
vn -0.605038166 0.725685775 0.327580512
vn -0.0140595865 -0.963023841 0.269049078
vn 0.666679204 -0.631919324 -0.395242661
vn 0.0836418793 0.947253525 -0.309378058
vn -0.739856482 -0.278689533 0.612327158
vn -0.837900221 -0.309905678 0.449312299
vn -0.154565051 -0.98436904 0.0844237283
vn 0.762339532 0.313913941 -0.565947354
vn -0.665433466 0.690568268 0.283397138
vn -0.895105958 -0.31897375 0.311514348
vn 0.697533607 -0.644725561 -0.31269151
vn 0.200003073 0.973848045 -0.107791081
vn 0.839324117 0.318245411 -0.440743506
vn 0.702415049 -0.666957319 -0.248557866
vn 0.8970927 0.307072461 -0.31769675
vn 0.141612589 0.97776413 -0.154671401
vn -0.173334345 -0.971648097 0.160795495
vn -0.740858853 0.628777623 0.236150056
vn 0.879562557 0.279815912 -0.384802341
vn -0.849241138 -0.311469764 0.426351875
vn 0.711616993 -0.675751388 -0.1922535
vn -0.731689334 0.636583447 0.243705481
vn -0.0817658156 -0.928517818 0.362172484
vn -0.097359933 0.881102741 -0.46279487
vn 0.758106112 0.217857718 -0.614664972
vn 0.676701963 -0.720011473 -0.153811544
vn -0.742891252 -0.264749348 0.614833474
vn 0.0782216489 -0.81821382 0.569567859
vn -0.515149951 -0.111271754 0.849846601
vn 0.525859833 0.0598035529 -0.848466277
vn -0.717858613 0.640539408 0.272741973
vn 0.318875968 -0.617872894 0.718714952
vn -0.370851964 0.627336919 -0.684775293
vn 0.689040184 -0.703526914 -0.173992768
vn 0.406576127 -0.564930439 0.718017697
vn -0.29655537 0.0968976468 0.950087249
vn -0.690373063 0.670527756 0.271620095
vn 0.326015532 -0.113164492 -0.938566804
vn -0.668831706 0.711434066 0.215698317
vn 0.662375808 -0.705428004 -0.252248913
vn -0.405032814 0.561450183 -0.721610785
vn -0.267267674 0.162197024 0.949873686
vn 0.248647749 -0.133861125 -0.959299505
vn -0.726428688 0.644504964 0.238568202
vn 0.703293264 -0.675472438 -0.221620426
vn -0.406572968 0.526820421 -0.746430516
vn -0.293245226 0.053611353 0.954532921
vn 0.437397838 -0.549708664 0.711690605
vn 0.327622145 -0.117211372 -0.937510133
vn 0.845724046 -0.499239236 -0.188443691
vn 0.397785634 -0.0377616882 -0.916701019
vn -0.451305032 0.416602701 -0.789155126
vn -0.858687997 0.478343129 0.183964103
vn 0.519413531 -0.45168072 0.725392401
vn -0.38892439 -0.0874724314 0.917107582
vn 0.544818997 -0.405228823 0.734140158
vn 0.939528167 -0.300522029 -0.164235935
vn -0.96246177 0.24292855 0.121050157
vn 0.462406427 0.163735941 -0.871418953
vn -0.454363704 -0.236538067 0.858838439
vn -0.497831851 0.406920344 -0.765884638
vn 0.982591212 -0.150128976 -0.109434061
vn 0.518437266 -0.450852126 0.726605237
vn -0.981501758 0.175127044 0.0773612708
vn 0.976255357 -0.172207505 -0.131415904
vn -0.505936682 -0.285098135 0.814092815
vn 0.452905446 0.293079495 -0.842010081
vn 0.4197146 -0.611631274 0.670631647
vn -0.511393845 0.515116751 -0.68784523
vn 0.928446174 -0.316832572 -0.193919405
vn -0.927412152 0.323706299 0.18740584
vn 0.418393701 0.295843214 -0.858733714
vn 0.773268938 -0.543564737 -0.326485038
vn -0.463944286 -0.207261264 0.861277163
vn -0.764599085 0.551128924 0.334133297
vn -0.468080729 0.653466046 -0.594880223
vn 0.353797436 -0.721746624 0.594902575
vn 0.3552486 0.198072493 -0.913545728
vn -0.39159748 0.733464599 -0.555590868
vn -0.374861985 -0.132744774 0.917527795
vn -0.284727275 -0.0821671933 0.955080569
vn 0.326858252 -0.754938126 0.568535089
vn 0.397610068 -0.700707078 0.592381477
vn 0.627869189 -0.672559559 -0.391719311
vn -0.355912626 0.768875003 -0.531184852
vn -0.620453 0.664203882 0.416978717
vn -0.475216478 0.712887347 -0.515714049
vn 0.267768711 0.0862193778 -0.959617734
vn -0.158977821 -0.0109681478 0.987221181
vn 0.535202742 -0.745343208 -0.397519141
vn 0.461408764 -0.79394412 -0.395922691
vn 0.140522435 -0.00435483875 -0.990067959
vn -0.503264248 0.727569163 0.466227651
vn 0.0585342497 0.133897021 0.989264965
vn 0.539694071 -0.620532632 0.568919778
vn 0.653688431 -0.528406978 0.54173547
vn -0.375393957 0.811693192 0.447474629
vn -0.0806182325 -0.148321077 -0.985647798
vn -0.678895593 0.577218473 -0.453783512
vn 0.283471793 0.285104245 0.915619671
vn -0.274336129 -0.276567608 -0.921004951
vn -0.238738671 0.899961352 0.364792198
vn 0.390131116 -0.846936584 -0.361242414
vn -0.519382477 -0.450983524 -0.725848317
vn 0.493893057 0.423278838 0.759542465
vn 0.668349743 0.554240763 0.496110708
vn -0.833599925 0.473308295 -0.284763724
vn 0.306935251 -0.911064506 -0.275231391
vn 0.795260429 -0.430037916 0.427350312
vn -0.160786524 0.963386953 0.214553535
vn -0.681085527 -0.549582303 -0.48382014
vn 0.878930151 -0.377031237 0.292111367
vn 0.825449228 -0.482217431 0.293427914
vn 0.230224505 -0.957203746 -0.175378785
vn -0.235004231 0.954959631 0.181177065
vn 0.139541224 -0.964033544 -0.226202503
vn -0.882644475 0.357699096 -0.304942667
vn 0.679130614 0.553305805 0.482321769
vn -0.572633803 -0.483924061 -0.661746085
vn -0.415010601 0.850732863 0.322520941
vn 0.268688351 -0.881234407 -0.388886184
vn -0.784522414 0.426545799 -0.450092435
vn 0.401480943 0.31843555 0.858726919
vn -0.262868732 -0.26412499 -0.927975178
vn 0.713362336 -0.564198196 0.415685713
vn -0.678622127 0.512232304 -0.526393533
vn -0.0251837242 -0.103610806 -0.994299054
vn 0.479254276 -0.720514297 -0.501173079
vn -0.622000575 0.592705488 0.511679053
vn 0.115525879 0.0718599409 0.990701675
vn 0.729836583 -0.502869487 0.463099211
vn 0.66764766 -0.55366838 -0.497692615
vn 0.0847897679 0.050191585 0.995133936
vn -0.720257819 0.46618554 -0.513711751
vn 0.81913352 -0.327265859 0.471080959
vn -0.734469712 0.407384187 0.54276365
vn 0.76990515 -0.398585826 -0.498372674
vn 0.86219126 -0.131772324 0.489144415
vn 0.0965083241 0.112080924 0.989001513
vn -0.827018559 0.302816868 -0.473647833
vn -0.733616471 0.406110764 0.544867754
vn -0.0643602237 -0.102163561 -0.99268347
vn -0.139911696 -0.292124838 -0.946090817
vn 0.131312639 0.337369144 0.932168961
vn -0.902909696 0.172438905 -0.393724382
vn -0.756048203 0.441966206 0.482759744
vn 0.773855686 -0.438891709 -0.456641436
vn 0.180071846 0.372716546 0.910305679
vn 0.726313472 -0.45885092 -0.511785805
vn -0.888598859 0.078598246 -0.451900899
vn 0.911744952 -0.107922055 0.396325618
vn -0.149964228 -0.366069645 -0.918424666
vn -0.187942654 -0.397625178 -0.898093402
vn -0.920412183 0.102811195 -0.377188653
vn 0.756354928 -0.473136574 -0.451739967
vn -0.711895168 0.486190468 0.506778121
vn -0.730047166 0.518005848 0.445758969
vn 0.888717234 -0.0524060614 0.455450684
vn 0.177409291 0.443820536 0.878378689
vn -0.905661881 0.0373635404 -0.42235136
vn 0.208687544 0.455840439 0.865250885
vn -0.181065023 -0.46674937 -0.865656078
vn 0.922600746 -0.0690630302 0.379523665
vn 0.711912692 -0.518140435 -0.474036813
vn 0.725506544 -0.588656485 -0.356544077
vn -0.264997751 -0.56047529 -0.784629643
vn 0.899748862 0.0161760021 0.436108083
vn 0.181952685 0.48500219 0.855374813
vn -0.938379407 0.0828702673 -0.33552438
vn -0.660408676 0.63349551 0.403167278
vn -0.94751662 0.0517068245 -0.315497667
vn -0.38003391 -0.79036957 -0.480510443
vn 0.265093893 0.676325738 0.687247157
vn 0.618251622 -0.777162015 -0.117405832
vn 0.547736585 -0.832488596 -0.083350949
vn 0.93314147 0.068574965 0.352908403
vn -0.547054231 0.822638452 0.154911667
vn 0.327056795 0.782406628 0.529975116
vn 0.398835003 0.828843474 0.392363399
vn -0.576920331 0.813714325 0.0709358826
vn -0.95445925 -0.0375687853 -0.295966387
vn -0.386711836 -0.836605132 -0.388002396
vn 0.957221985 -0.0156772099 0.288929701
vn -0.567466617 0.813304603 0.128520161
vn -0.378848404 -0.839901447 -0.388638079
vn 0.962146163 0.0486353971 0.2681593
vn -0.970999658 -0.0478612371 -0.234240964
vn 0.595821977 -0.79506737 -0.113419741
vn 0.389665335 0.835466206 0.38750121
vn -0.595015407 0.784828365 0.173208341
vn -0.391878575 -0.849853933 -0.352391154
vn 0.978029609 0.0109854573 0.208176538
vn -0.961644113 -0.0743981302 -0.264018297
vn 0.390064329 0.783660173 0.483452678
vn 0.568197966 -0.797204494 -0.204000071
vn -0.345507979 -0.761402965 -0.548534155
vn -0.672878146 0.633329093 0.382268757
vn 0.611395836 -0.673411787 -0.415585965
vn -0.952928424 -0.0227757674 -0.302338809
vn 0.973671556 -0.0444145836 0.223586783
vn -0.29013747 -0.587571204 -0.755367577
vn 0.319887817 0.582509458 0.747231185
vn -0.733090997 0.361405224 0.576162994
vn 0.675164998 -0.44476518 -0.588503242
vn -0.936665118 0.00395646971 -0.350203931
vn 0.291440934 0.327968478 0.898609459
vn -0.262357324 -0.455814838 -0.850530088
vn -0.211267531 -0.266375154 -0.940430939
vn 0.969465673 -0.0507722571 0.239913374
vn -0.951502323 -0.0144001385 -0.307304412
vn 0.73892355 -0.193929166 -0.645277798
vn -0.722877502 0.131082043 0.678428769
vn -0.205884904 -0.166264638 -0.964348257
vn 0.957288265 0.062980473 0.282192647
vn -0.954027057 -0.144510284 -0.262581885
vn 0.230835035 0.205489263 0.951046407
vn 0.7488783 -0.0921439156 -0.656270385
vn -0.719745338 0.160582408 0.675410926
vn -0.208039403 -0.251253247 -0.945299625
vn 0.806846023 -0.214718521 -0.550359368
vn 0.942620814 0.191700086 0.273344398
vn 0.217710704 0.274947494 0.936485887
vn -0.953905404 -0.242737368 -0.176474154
vn -0.742745161 0.349732816 0.570978522
vn 0.158659801 0.506033301 0.847795606
vn -0.187691242 -0.527472079 -0.82858026
vn 0.904976845 0.328468531 0.270416945
vn -0.920631588 -0.364309996 -0.140412584
vn 0.146592125 0.739086986 0.657465637
vn 0.126486763 0.822373986 0.554709017
vn 0.906209469 0.40111199 0.133766815
vn -0.118571468 -0.765255868 -0.632711828
vn -0.889203191 -0.454792708 -0.0498127714
vn 0.783885598 -0.353737801 -0.510287225
vn 0.883409441 0.466993392 0.0387942977
vn -0.0930109546 -0.829185307 -0.551181197
vn 0.778799951 -0.336616635 -0.529301345
vn 0.863594651 0.502285898 -0.0437396578
vn -0.763553143 0.373480499 0.526781738
vn -0.740607142 0.29212144 0.605116725
vn 0.738148332 -0.306357622 -0.601067305
vn 0.842141628 0.532194674 -0.0869845897
vn 0.138239831 0.818411052 0.557757139
vn -0.828379393 -0.55941999 0.0289282389
vn -0.0933163166 -0.81759882 -0.56817627
vn -0.676138639 0.196757033 0.71001631
vn 0.677775621 -0.222434357 -0.700816095
vn -0.16482681 -0.748851657 -0.641913772
vn 0.167356282 0.750220835 0.639656544
vn -0.857308507 -0.509423733 0.0742254481
vn 0.676451862 -0.223948672 -0.701612294
vn 0.129969299 0.763196409 0.632960677
vn -0.676754415 0.216377527 0.703693271
vn -0.178059116 -0.784582734 -0.593906522
vn 0.844313622 0.535612822 -0.0159185585
vn -0.740495026 0.327041328 0.587121189
vn -0.887271106 -0.461121649 0.0108082322
vn 0.757883608 -0.329067379 -0.563318074
vn 0.911391497 0.403995216 0.0784436688
vn 0.104022801 0.834385812 0.541275799
vn -0.152703673 -0.789723098 -0.594154
vn 0.109229475 0.788331866 0.605476499
vn -0.799771786 0.348623484 0.488698989
vn 0.753962159 -0.401934534 -0.519605339
vn -0.901506305 -0.415699273 -0.120335206
vn -0.142110407 -0.778262436 -0.611647248
vn 0.129837573 0.775299549 0.61810416
vn 0.796058059 -0.400480956 -0.453769445
vn -0.929804325 -0.34420234 -0.130340382
vn -0.776017845 0.427298367 0.463909864
vn -0.792590261 0.382876813 0.474558741
vn 0.910532773 0.380673647 0.161300257
vn -0.130301207 -0.78254503 -0.608806193
vn 0.150818184 0.776742816 0.611493707
vn 0.928024352 0.349828631 0.128026113
vn 0.769655347 -0.414634794 -0.485498428
vn 0.913556874 0.392203748 0.107657172
vn -0.911906719 -0.379186571 -0.156982943
vn -0.899677932 -0.415014356 -0.13543494
vn 0.22235772 0.652464867 0.724462926
vn -0.130490378 -0.690128088 -0.71182543
vn -0.731865704 0.255789429 0.631620467
vn 0.741438746 -0.251388848 -0.622151434
vn -0.829937339 -0.550531685 -0.0901052505
vn -0.598141253 -0.0350249633 0.800624967
vn 0.865805447 0.498811454 -0.0395985506
vn -0.207010493 -0.511855006 -0.833757281
vn 0.316288441 0.469484836 0.824345529
vn 0.655720294 -0.114176743 -0.746320784
vn 0.520431876 0.125608295 -0.844614208
vn -0.337597698 -0.403185815 -0.850569725
vn -0.807984471 -0.589083493 0.011899611
vn 0.469299704 0.2065323 -0.858546495
vn -0.474341393 -0.193958491 0.85870856
vn 0.326610714 0.387551665 0.862049401
vn 0.806416333 0.591258585 0.0102963299
g submesh_0
usemtl submesh_0
f 1/1/1 2/2/2 3/3/3
f 4/4/4 2/2/2 1/1/1
f 2/2/2 5/5/5 3/3/3
f 5/5/5 6/6/6 3/3/3
f 3/3/3 6/6/6 7/7/7
f 6/6/6 8/8/8 7/7/7
f 6/6/6 9/9/9 8/8/8
f 5/5/5 10/10/10 6/6/6
f 6/6/6 10/10/10 9/9/9
f 9/9/9 11/11/11 8/8/8
f 8/8/8 11/11/11 12/12/12
f 12/12/12 11/11/11 4/4/4
f 4/4/4 13/13/13 2/2/2
f 11/11/11 13/13/13 4/4/4
f 14/14/14 2/2/2 13/13/13
f 11/11/11 14/14/14 13/13/13
f 2/2/2 15/15/15 5/5/5
f 14/14/14 15/15/15 2/2/2
f 9/9/9 16/16/16 11/11/11
f 11/11/11 16/16/16 14/14/14
f 5/5/5 17/17/17 10/10/10
f 15/15/15 17/17/17 5/5/5
f 17/17/17 18/18/18 10/10/10
f 18/18/18 17/17/17 15/15/15
f 10/10/10 19/19/19 9/9/9
f 9/9/9 19/19/19 16/16/16
f 16/16/16 20/20/20 14/14/14
f 14/14/14 20/20/20 15/15/15
f 18/18/18 15/15/15 21/21/21
f 20/20/20 21/21/21 15/15/15
f 10/10/10 22/22/22 19/19/19
f 18/18/18 22/22/22 10/10/10
f 19/19/19 23/23/23 16/16/16
f 23/23/23 20/20/20 16/16/16
f 24/24/24 23/23/23 19/19/19
f 22/22/22 24/24/24 19/19/19
f 20/20/20 23/23/23 25/25/25
f 25/25/25 23/23/23 24/24/24
f 21/21/21 20/20/20 26/26/26
f 20/20/20 25/25/25 26/26/26
f 27/27/27 24/24/24 22/22/22
f 25/25/25 24/24/24 27/27/27
f 28/28/28 22/22/22 18/18/18
f 27/27/27 22/22/22 28/28/28
f 18/18/18 21/21/21 29/29/29
f 21/21/21 26/26/26 29/29/29
f 26/26/26 30/30/30 29/29/29
f 29/29/29 30/30/30 31/31/31
f 18/18/18 29/29/29 31/31/31
f 28/28/28 18/18/18 31/31/31
f 25/25/25 32/32/32 26/26/26
f 27/27/27 32/32/32 25/25/25
f 31/31/31 33/33/33 28/28/28
f 33/33/33 27/27/27 28/28/28
f 30/30/30 34/34/34 31/31/31
f 31/31/31 34/34/34 33/33/33
f 33/33/33 35/35/35 27/27/27
f 35/35/35 32/32/32 27/27/27
f 32/32/32 36/36/36 26/26/26
f 26/26/26 36/36/36 30/30/30
f 34/34/34 37/37/37 33/33/33
f 33/33/33 37/37/37 35/35/35
f 32/32/32 38/38/38 36/36/36
f 35/35/35 38/38/38 32/32/32
f 30/30/30 39/39/39 34/34/34
f 34/34/34 39/39/39 37/37/37
f 38/38/38 40/40/40 36/36/36
f 40/40/40 30/30/30 36/36/36
f 35/35/35 41/41/41 38/38/38
f 37/37/37 41/41/41 35/35/35
f 42/42/42 40/40/40 38/38/38
f 41/41/41 42/42/42 38/38/38
f 43/43/43 30/30/30 40/40/40
f 42/42/42 43/43/43 40/40/40
f 37/37/37 44/44/44 41/41/41
f 41/41/41 44/44/44 42/42/42
f 39/39/39 45/45/45 37/37/37
f 45/45/45 44/44/44 37/37/37
f 30/30/30 46/46/46 39/39/39
f 43/43/43 46/46/46 30/30/30
f 42/42/42 47/47/47 43/43/43
f 44/44/44 47/47/47 42/42/42
f 43/43/43 47/47/47 48/48/48
f 48/48/48 47/47/47 44/44/44
f 39/39/39 49/49/49 45/45/45
f 46/46/46 49/49/49 39/39/39
f 50/50/50 46/46/46 43/43/43
f 43/43/43 48/48/48 50/50/50
f 45/45/45 51/51/51 44/44/44
f 48/48/48 44/44/44 51/51/51
f 49/49/49 52/52/52 45/45/45
f 45/45/45 52/52/52 51/51/51
f 52/52/52 53/53/53 51/51/51
f 53/53/53 52/52/52 49/49/49
f 54/54/54 49/49/49 46/46/46
f 50/50/50 54/54/54 46/46/46
f 55/55/55 49/49/49 54/54/54
f 53/53/53 49/49/49 55/55/55
f 50/50/50 56/56/56 54/54/54
f 55/55/55 54/54/54 56/56/56
f 48/48/48 57/57/57 50/50/50
f 50/50/50 57/57/57 56/56/56
f 58/58/58 48/48/48 51/51/51
f 53/53/53 58/58/58 51/51/51
f 59/59/59 53/53/53 55/55/55
f 56/56/56 59/59/59 55/55/55
f 48/48/48 60/60/60 57/57/57
f 60/60/60 48/48/48 58/58/58
f 53/53/53 61/61/61 58/58/58
f 59/59/59 61/61/61 53/53/53
f 56/56/56 62/62/62 59/59/59
f 57/57/57 62/62/62 56/56/56
f 63/63/63 57/57/57 60/60/60
f 57/57/57 63/63/63 62/62/62
f 60/60/60 58/58/58 64/64/64
f 61/61/61 64/64/64 58/58/58
f 59/59/59 65/65/65 61/61/61
f 62/62/62 65/65/65 59/59/59
f 66/66/66 61/61/61 65/65/65
f 62/62/62 66/66/66 65/65/65
f 63/63/63 67/67/67 62/62/62
f 62/62/62 67/67/67 66/66/66
f 66/66/66 68/68/68 61/61/61
f 61/61/61 68/68/68 64/64/64
f 64/64/64 69/69/69 60/60/60
f 63/63/63 60/60/60 69/69/69
f 70/70/70 69/69/69 64/64/64
f 68/68/68 70/70/70 64/64/64
f 66/66/66 71/71/71 68/68/68
f 67/67/67 71/71/71 66/66/66
f 63/63/63 69/69/69 72/72/72
f 70/70/70 72/72/72 69/69/69
f 73/73/73 70/70/70 68/68/68
f 71/71/71 73/73/73 68/68/68
f 74/74/74 67/67/67 63/63/63
f 63/63/63 72/72/72 74/74/74
f 67/67/67 74/74/74 75/75/75
f 72/72/72 75/75/75 74/74/74
f 76/76/76 72/72/72 70/70/70
f 73/73/73 76/76/76 70/70/70
f 77/77/77 71/71/71 67/67/67
f 67/67/67 75/75/75 77/77/77
f 71/71/71 78/78/78 73/73/73
f 77/77/77 78/78/78 71/71/71
f 76/76/76 79/79/79 72/72/72
f 79/79/79 75/75/75 72/72/72
f 80/80/80 79/79/79 76/76/76
f 73/73/73 81/81/81 76/76/76
f 78/78/78 81/81/81 73/73/73
f 81/81/81 80/80/80 76/76/76
f 75/75/75 82/82/82 77/77/77
f 82/82/82 78/78/78 77/77/77
f 79/79/79 83/83/83 75/75/75
f 83/83/83 82/82/82 75/75/75
f 78/78/78 84/84/84 81/81/81
f 82/82/82 84/84/84 78/78/78
f 81/81/81 85/85/85 80/80/80
f 84/84/84 85/85/85 81/81/81
f 82/82/82 86/86/86 84/84/84
f 83/83/83 86/86/86 82/82/82
f 84/84/84 87/87/87 85/85/85
f 86/86/86 87/87/87 84/84/84
f 88/88/88 83/83/83 79/79/79
f 80/80/80 88/88/88 79/79/79
f 89/89/89 83/83/83 88/88/88
f 80/80/80 89/89/89 88/88/88
f 80/80/80 85/85/85 90/90/90
f 87/87/87 90/90/90 85/85/85
f 83/83/83 91/91/91 86/86/86
f 89/89/89 91/91/91 83/83/83
f 80/80/80 90/90/90 92/92/92
f 92/92/92 89/89/89 80/80/80
f 91/91/91 93/93/93 86/86/86
f 93/93/93 87/87/87 86/86/86
f 87/87/87 94/94/94 90/90/90
f 90/90/90 94/94/94 92/92/92
f 89/89/89 95/95/95 91/91/91
f 95/95/95 93/93/93 91/91/91
f 93/93/93 96/96/96 87/87/87
f 87/87/87 96/96/96 94/94/94
f 92/92/92 97/97/97 89/89/89
f 97/97/97 95/95/95 89/89/89
f 92/92/92 98/98/98 97/97/97
f 94/94/94 98/98/98 92/92/92
f 98/98/98 99/99/99 97/97/97
f 97/97/97 99/99/99 95/95/95
f 95/95/95 100/100/100 93/93/93
f 100/100/100 96/96/96 93/93/93
f 94/94/94 101/101/101 98/98/98
f 101/101/101 99/99/99 98/98/98
f 101/101/101 102/102/102 99/99/99
f 99/99/99 103/103/103 95/95/95
f 95/95/95 103/103/103 100/100/100
f 102/102/102 103/103/103 99/99/99
f 103/103/103 104/104/104 100/100/100
f 96/96/96 100/100/100 104/104/104
f 96/96/96 105/105/105 94/94/94
f 105/105/105 101/101/101 94/94/94
f 96/96/96 106/106/106 105/105/105
f 96/96/96 104/104/104 106/106/106
f 103/103/103 107/107/107 104/104/104
f 102/102/102 107/107/107 103/103/103
f 101/101/101 105/105/105 108/108/108
f 106/106/106 108/108/108 105/105/105
f 107/107/107 109/109/109 104/104/104
f 109/109/109 106/106/106 104/104/104
f 102/102/102 110/110/110 107/107/107
f 107/107/107 110/110/110 109/109/109
f 102/102/102 111/111/111 110/110/110
f 112/112/112 102/102/102 101/101/101
f 101/101/101 108/108/108 112/112/112
f 112/112/112 113/113/113 102/102/102
f 113/113/113 112/112/112 108/108/108
f 113/113/113 111/111/111 102/102/102
f 114/114/114 108/108/108 106/106/106
f 113/113/113 108/108/108 114/114/114
f 109/109/109 115/115/115 106/106/106
f 114/114/114 106/106/106 115/115/115
f 110/110/110 116/116/116 109/109/109
f 109/109/109 116/116/116 115/115/115
f 114/114/114 115/115/115 117/117/117
f 116/116/116 117/117/117 115/115/115
f 118/118/118 117/117/117 116/116/116
f 110/110/110 119/119/119 116/116/116
f 111/111/111 119/119/119 110/110/110
f 119/119/119 118/118/118 116/116/116
f 120/120/120 113/113/113 114/114/114
f 114/114/114 117/117/117 120/120/120
f 113/113/113 121/121/121 111/111/111
f 120/120/120 121/121/121 113/113/113
f 122/122/122 120/120/120 117/117/117
f 118/118/118 122/122/122 117/117/117
f 121/121/121 120/120/120 123/123/123
f 122/122/122 123/123/123 120/120/120
f 111/111/111 124/124/124 119/119/119
f 124/124/124 118/118/118 119/119/119
f 111/111/111 121/121/121 125/125/125
f 121/121/121 123/123/123 125/125/125
f 123/123/123 122/122/122 126/126/126
f 118/118/118 126/126/126 122/122/122
f 127/127/127 124/124/124 111/111/111
f 111/111/111 125/125/125 127/127/127
f 127/127/127 128/128/128 124/124/124
f 125/125/125 128/128/128 127/127/127
f 123/123/123 129/129/129 125/125/125
f 123/123/123 126/126/126 129/129/129
f 130/130/130 118/118/118 124/124/124
f 128/128/128 130/130/130 124/124/124
f 131/131/131 128/128/128 125/125/125
f 129/129/129 131/131/131 125/125/125
f 132/132/132 126/126/126 118/118/118
f 130/130/130 132/132/132 118/118/118
f 126/126/126 133/133/133 129/129/129
f 132/132/132 133/133/133 126/126/126
f 131/131/131 134/134/134 128/128/128
f 134/134/134 130/130/130 128/128/128
f 135/135/135 131/131/131 129/129/129
f 133/133/133 135/135/135 129/129/129
f 130/130/130 136/136/136 132/132/132
f 132/132/132 136/136/136 133/133/133
f 135/135/135 137/137/137 131/131/131
f 137/137/137 134/134/134 131/131/131
f 134/134/134 138/138/138 130/130/130
f 130/130/130 138/138/138 136/136/136
f 133/133/133 139/139/139 135/135/135
f 135/135/135 139/139/139 137/137/137
f 134/134/134 140/140/140 138/138/138
f 137/137/137 140/140/140 134/134/134
f 138/138/138 141/141/141 136/136/136
f 140/140/140 141/141/141 138/138/138
f 136/136/136 142/142/142 133/133/133
f 142/142/142 139/139/139 133/133/133
f 137/137/137 143/143/143 140/140/140
f 143/143/143 137/137/137 139/139/139
f 136/136/136 144/144/144 142/142/142
f 141/141/141 144/144/144 136/136/136
f 145/145/145 141/141/141 140/140/140
f 143/143/143 145/145/145 140/140/140
f 143/143/143 146/146/146 145/145/145
f 143/143/143 139/139/139 147/147/147
f 146/146/146 143/143/143 147/147/147
f 139/139/139 142/142/142 148/148/148
f 144/144/144 148/148/148 142/142/142
f 139/139/139 148/148/148 147/147/147
f 148/148/148 149/149/149 147/147/147
f 144/144/144 149/149/149 148/148/148
f 144/144/144 141/141/141 150/150/150
f 145/145/145 150/150/150 141/141/141
f 146/146/146 147/147/147 151/151/151
f 149/149/149 151/151/151 147/147/147
f 144/144/144 150/150/150 152/152/152
f 152/152/152 149/149/149 144/144/144
f 153/153/153 151/151/151 149/149/149
f 153/153/153 146/146/146 151/151/151
f 154/154/154 149/149/149 152/152/152
f 153/153/153 149/149/149 154/154/154
f 155/155/155 152/152/152 150/150/150
f 154/154/154 152/152/152 155/155/155
f 145/145/145 156/156/156 150/150/150
f 155/155/155 150/150/150 156/156/156
f 154/154/154 157/157/157 153/153/153
f 153/153/153 157/157/157 146/146/146
f 146/146/146 158/158/158 145/145/145
f 158/158/158 156/156/156 145/145/145
f 146/146/146 159/159/159 158/158/158
f 157/157/157 159/159/159 146/146/146
f 156/156/156 158/158/158 160/160/160
f 159/159/159 160/160/160 158/158/158
f 155/155/155 161/161/161 154/154/154
f 161/161/161 157/157/157 154/154/154
f 155/155/155 156/156/156 162/162/162
f 156/156/156 160/160/160 162/162/162
f 155/155/155 163/163/163 161/161/161
f 155/155/155 162/162/162 163/163/163
f 161/161/161 164/164/164 157/157/157
f 163/163/163 164/164/164 161/161/161
f 157/157/157 165/165/165 159/159/159
f 164/164/164 165/165/165 157/157/157
f 160/160/160 159/159/159 166/166/166
f 165/165/165 166/166/166 159/159/159
f 163/163/163 167/167/167 164/164/164
f 162/162/162 167/167/167 163/163/163
f 160/160/160 166/166/166 168/168/168
f 168/168/168 162/162/162 160/160/160
f 169/169/169 166/166/166 165/165/165
f 166/166/166 169/169/169 168/168/168
f 165/165/165 164/164/164 170/170/170
f 167/167/167 170/170/170 164/164/164
f 168/168/168 171/171/171 162/162/162
f 162/162/162 171/171/171 167/167/167
f 168/168/168 172/172/172 171/171/171
f 172/172/172 167/167/167 171/171/171
f 169/169/169 173/173/173 168/168/168
f 173/173/173 172/172/172 168/168/168
f 173/173/173 174/174/174 172/172/172
f 172/172/172 175/175/175 167/167/167
f 167/167/167 175/175/175 170/170/170
f 172/172/172 174/174/174 175/175/175
f 175/175/175 176/176/176 170/170/170
f 165/165/165 170/170/170 177/177/177
f 169/169/169 165/165/165 177/177/177
f 170/170/170 176/176/176 177/177/177
f 178/178/178 173/173/173 169/169/169
f 177/177/177 178/178/178 169/169/169
f 174/174/174 179/179/179 175/175/175
f 179/179/179 176/176/176 175/175/175
f 178/178/178 180/180/180 173/173/173
f 180/180/180 174/174/174 173/173/173
f 177/177/177 181/181/181 178/178/178
f 176/176/176 181/181/181 177/177/177
f 178/178/178 182/182/182 180/180/180
f 181/181/181 182/182/182 178/178/178
f 179/179/179 183/183/183 176/176/176
f 174/174/174 183/183/183 179/179/179
f 174/174/174 180/180/180 184/184/184
f 182/182/182 184/184/184 180/180/180
f 185/185/185 182/182/182 181/181/181
f 176/176/176 185/185/185 181/181/181
f 183/183/183 186/186/186 176/176/176
f 186/186/186 185/185/185 176/176/176
f 185/185/185 187/187/187 182/182/182
f 182/182/182 187/187/187 184/184/184
f 174/174/174 188/188/188 183/183/183
f 174/174/174 184/184/184 188/188/188
f 188/188/188 189/189/189 183/183/183
f 184/184/184 189/189/189 188/188/188
f 186/186/186 190/190/190 185/185/185
f 190/190/190 187/187/187 185/185/185
f 187/187/187 191/191/191 184/184/184
f 184/184/184 191/191/191 189/189/189
f 192/192/192 189/189/189 191/191/191
f 191/191/191 187/187/187 193/193/193
f 193/193/193 187/187/187 190/190/190
f 191/191/191 193/193/193 192/192/192
f 189/189/189 194/194/194 183/183/183
f 194/194/194 186/186/186 183/183/183
f 193/193/193 190/190/190 195/195/195
f 186/186/186 195/195/195 190/190/190
f 193/193/193 196/196/196 192/192/192
f 195/195/195 196/196/196 193/193/193
f 197/197/197 195/195/195 186/186/186
f 194/194/194 197/197/197 186/186/186
f 189/189/189 198/198/198 194/194/194
f 192/192/192 198/198/198 189/189/189
f 195/195/195 199/199/199 196/196/196
f 199/199/199 195/195/195 197/197/197
f 200/200/200 197/197/197 194/194/194
f 198/198/198 200/200/200 194/194/194
f 192/192/192 201/201/201 198/198/198
f 200/200/200 198/198/198 201/201/201
f 192/192/192 196/196/196 202/202/202
f 199/199/199 202/202/202 196/196/196
f 199/199/199 203/203/203 202/202/202
f 204/204/204 203/203/203 199/199/199
f 199/199/199 197/197/197 205/205/205
f 205/205/205 197/197/197 200/200/200
f 205/205/205 204/204/204 199/199/199
f 205/205/205 200/200/200 206/206/206
f 200/200/200 201/201/201 206/206/206
f 204/204/204 205/205/205 206/206/206
f 204/204/204 206/206/206 207/207/207
f 207/207/207 206/206/206 201/201/201
f 192/192/192 208/208/208 201/201/201
f 192/192/192 202/202/202 208/208/208
f 208/208/208 209/209/209 201/201/201
f 207/207/207 201/201/201 209/209/209
f 207/207/207 210/210/210 204/204/204
f 204/204/204 210/210/210 203/203/203
f 211/211/211 208/208/208 202/202/202
f 208/208/208 211/211/211 209/209/209
f 212/212/212 207/207/207 209/209/209
f 212/212/212 210/210/210 207/207/207
f 212/212/212 209/209/209 213/213/213
f 213/213/213 209/209/209 211/211/211
f 212/212/212 214/214/214 210/210/210
f 213/213/213 214/214/214 212/212/212
f 203/203/203 215/215/215 202/202/202
f 211/211/211 202/202/202 215/215/215
f 216/216/216 211/211/211 215/215/215
f 203/203/203 216/216/216 215/215/215
f 213/213/213 211/211/211 217/217/217
f 216/216/216 217/217/217 211/211/211
f 214/214/214 218/218/218 210/210/210
f 218/218/218 203/203/203 210/210/210
f 213/213/213 219/219/219 214/214/214
f 217/217/217 219/219/219 213/213/213
f 220/220/220 217/217/217 216/216/216
f 203/203/203 220/220/220 216/216/216
f 221/221/221 218/218/218 214/214/214
f 219/219/219 221/221/221 214/214/214
f 217/217/217 222/222/222 219/219/219
f 220/220/220 222/222/222 217/217/217
f 203/203/203 223/223/223 220/220/220
f 218/218/218 223/223/223 203/203/203
f 224/224/224 220/220/220 223/223/223
f 218/218/218 224/224/224 223/223/223
f 221/221/221 225/225/225 218/218/218
f 218/218/218 225/225/225 224/224/224
f 226/226/226 221/221/221 219/219/219
f 222/222/222 226/226/226 219/219/219
f 220/220/220 227/227/227 222/222/222
f 224/224/224 227/227/227 220/220/220
f 228/228/228 225/225/225 221/221/221
f 226/226/226 228/228/228 221/221/221
f 226/226/226 229/229/229 228/228/228
f 230/230/230 226/226/226 222/222/222
f 227/227/227 230/230/230 222/222/222
f 230/230/230 229/229/229 226/226/226
f 228/228/228 231/231/231 225/225/225
f 231/231/231 224/224/224 225/225/225
f 227/227/227 232/232/232 230/230/230
f 224/224/224 232/232/232 227/227/227
f 229/229/229 233/233/233 228/228/228
f 233/233/233 231/231/231 228/228/228
f 234/234/234 229/229/229 230/230/230
f 232/232/232 234/234/234 230/230/230
f 235/235/235 232/232/232 224/224/224
f 231/231/231 235/235/235 224/224/224
f 235/235/235 236/236/236 232/232/232
f 232/232/232 236/236/236 234/234/234
f 237/237/237 235/235/235 231/231/231
f 235/235/235 237/237/237 236/236/236
f 233/233/233 238/238/238 231/231/231
f 237/237/237 231/231/231 238/238/238
f 239/239/239 234/234/234 236/236/236
f 237/237/237 239/239/239 236/236/236
f 234/234/234 240/240/240 229/229/229
f 239/239/239 240/240/240 234/234/234
f 229/229/229 241/241/241 233/233/233
f 233/233/233 241/241/241 238/238/238
f 238/238/238 242/242/242 237/237/237
f 237/237/237 242/242/242 239/239/239
f 240/240/240 243/243/243 229/229/229
f 229/229/229 243/243/243 241/241/241
f 243/243/243 244/244/244 241/241/241
f 241/241/241 245/245/245 238/238/238
f 238/238/238 245/245/245 242/242/242
f 241/241/241 244/244/244 245/245/245
f 239/239/239 246/246/246 240/240/240
f 246/246/246 243/243/243 240/240/240
f 242/242/242 245/245/245 247/247/247
f 244/244/244 247/247/247 245/245/245
f 242/242/242 248/248/248 239/239/239
f 239/239/239 248/248/248 246/246/246
f 242/242/242 249/249/249 248/248/248
f 242/242/242 247/247/247 249/249/249
f 249/249/249 250/250/250 248/248/248
f 248/248/248 250/250/250 246/246/246
f 246/246/246 251/251/251 243/243/243
f 243/243/243 251/251/251 244/244/244
f 247/247/247 252/252/252 249/249/249
f 249/249/249 252/252/252 250/250/250
f 251/251/251 246/246/246 253/253/253
f 250/250/250 253/253/253 246/246/246
f 244/244/244 254/254/254 247/247/247
f 254/254/254 252/252/252 247/247/247
f 255/255/255 244/244/244 251/251/251
f 251/251/251 253/253/253 255/255/255
f 250/250/250 256/256/256 253/253/253
f 252/252/252 256/256/256 250/250/250
f 244/244/244 257/257/257 254/254/254
f 255/255/255 257/257/257 244/244/244
f 258/258/258 255/255/255 253/253/253
f 256/256/256 258/258/258 253/253/253
f 254/254/254 259/259/259 252/252/252
f 252/252/252 259/259/259 256/256/256
f 258/258/258 260/260/260 255/255/255
f 255/255/255 260/260/260 257/257/257
f 257/257/257 261/261/261 254/254/254
f 261/261/261 259/259/259 254/254/254
f 259/259/259 261/261/261 262/262/262
f 263/263/263 261/261/261 257/257/257
f 260/260/260 263/263/263 257/257/257
f 263/263/263 262/262/262 261/261/261
f 264/264/264 258/258/258 256/256/256
f 264/264/264 260/260/260 258/258/258
f 259/259/259 265/265/265 256/256/256
f 264/264/264 256/256/256 265/265/265
f 260/260/260 266/266/266 263/263/263
f 264/264/264 266/266/266 260/260/260
f 267/267/267 265/265/265 259/259/259
f 259/259/259 262/262/262 267/267/267
f 265/265/265 268/268/268 264/264/264
f 267/267/267 268/268/268 265/265/265
f 269/269/269 262/262/262 263/263/263
f 266/266/266 269/269/269 263/263/263
f 264/264/264 270/270/270 266/266/266
f 268/268/268 270/270/270 264/264/264
f 271/271/271 268/268/268 267/267/267
f 262/262/262 271/271/271 267/267/267
f 269/269/269 272/272/272 262/262/262
f 266/266/266 272/272/272 269/269/269
f 270/270/270 273/273/273 266/266/266
f 273/273/273 272/272/272 266/266/266
f 268/268/268 274/274/274 270/270/270
f 271/271/271 274/274/274 268/268/268
f 262/262/262 275/275/275 271/271/271
f 272/272/272 275/275/275 262/262/262
f 275/275/275 276/276/276 271/271/271
f 271/271/271 276/276/276 274/274/274
f 274/274/274 277/277/277 270/270/270
f 277/277/277 273/273/273 270/270/270
f 272/272/272 278/278/278 275/275/275
f 275/275/275 278/278/278 276/276/276
f 273/273/273 279/279/279 272/272/272
f 279/279/279 278/278/278 272/272/272
f 276/276/276 280/280/280 274/274/274
f 280/280/280 277/277/277 274/274/274
f 277/277/277 281/281/281 273/273/273
f 273/273/273 281/281/281 279/279/279
f 282/282/282 276/276/276 278/278/278
f 279/279/279 282/282/282 278/278/278
f 280/280/280 283/283/283 277/277/277
f 283/283/283 281/281/281 277/277/277
f 284/284/284 280/280/280 276/276/276
f 282/282/282 284/284/284 276/276/276
f 281/281/281 285/285/285 279/279/279
f 285/285/285 282/282/282 279/279/279
f 280/280/280 286/286/286 283/283/283
f 284/284/284 286/286/286 280/280/280
f 281/281/281 287/287/287 285/285/285
f 283/283/283 287/287/287 281/281/281
f 286/286/286 288/288/288 283/283/283
f 284/284/284 288/288/288 286/286/286
f 282/282/282 289/289/289 284/284/284
f 285/285/285 289/289/289 282/282/282
f 289/289/289 285/285/285 290/290/290
f 287/287/287 291/291/291 285/285/285
f 291/291/291 290/290/290 285/285/285
f 283/283/283 292/292/292 287/287/287
f 292/292/292 291/291/291 287/287/287
f 288/288/288 292/292/292 283/283/283
f 284/284/284 293/293/293 288/288/288
f 289/289/289 293/293/293 284/284/284
f 291/291/291 294/294/294 290/290/290
f 294/294/294 291/291/291 292/292/292
f 288/288/288 295/295/295 292/292/292
f 293/293/293 295/295/295 288/288/288
f 289/289/289 296/296/296 293/293/293
f 289/289/289 290/290/290 296/296/296
f 294/294/294 292/292/292 297/297/297
f 295/295/295 297/297/297 292/292/292
f 296/296/296 298/298/298 293/293/293
f 298/298/298 295/295/295 293/293/293
f 296/296/296 299/299/299 298/298/298
f 290/290/290 299/299/299 296/296/296
f 300/300/300 290/290/290 294/294/294
f 297/297/297 300/300/300 294/294/294
f 301/301/301 295/295/295 298/298/298
f 299/299/299 301/301/301 298/298/298
f 295/295/295 302/302/302 297/297/297
f 301/301/301 302/302/302 295/295/295
f 300/300/300 303/303/303 290/290/290
f 303/303/303 299/299/299 290/290/290
f 304/304/304 300/300/300 297/297/297
f 302/302/302 304/304/304 297/297/297
f 301/301/301 305/305/305 302/302/302
f 299/299/299 305/305/305 301/301/301
f 300/300/300 306/306/306 303/303/303
f 304/304/304 306/306/306 300/300/300
f 307/307/307 304/304/304 302/302/302
f 305/305/305 307/307/307 302/302/302
f 303/303/303 308/308/308 299/299/299
f 308/308/308 305/305/305 299/299/299
f 303/303/303 309/309/309 308/308/308
f 308/308/308 309/309/309 305/305/305
f 304/304/304 310/310/310 306/306/306
f 307/307/307 310/310/310 304/304/304
f 306/306/306 311/311/311 303/303/303
f 303/303/303 311/311/311 309/309/309
f 312/312/312 307/307/307 305/305/305
f 309/309/309 312/312/312 305/305/305
f 307/307/307 313/313/313 310/310/310
f 312/312/312 313/313/313 307/307/307
f 314/314/314 312/312/312 309/309/309
f 311/311/311 314/314/314 309/309/309
f 310/310/310 315/315/315 306/306/306
f 315/315/315 311/311/311 306/306/306
f 310/310/310 316/316/316 315/315/315
f 311/311/311 315/315/315 316/316/316
f 312/312/312 317/317/317 313/313/313
f 314/314/314 317/317/317 312/312/312
f 318/318/318 314/314/314 311/311/311
f 311/311/311 316/316/316 318/318/318
f 310/310/310 319/319/319 316/316/316
f 319/319/319 310/310/310 313/313/313
f 314/314/314 320/320/320 317/317/317
f 318/318/318 320/320/320 314/314/314
f 321/321/321 318/318/318 316/316/316
f 319/319/319 321/321/321 316/316/316
f 313/313/313 317/317/317 322/322/322
f 320/320/320 322/322/322 317/317/317
f 318/318/318 323/323/323 320/320/320
f 321/321/321 323/323/323 318/318/318
f 323/323/323 324/324/324 320/320/320
f 320/320/320 324/324/324 322/322/322
f 313/313/313 322/322/322 325/325/325
f 319/319/319 313/313/313 325/325/325
f 326/326/326 325/325/325 322/322/322
f 324/324/324 326/326/326 322/322/322
f 323/323/323 327/327/327 324/324/324
f 327/327/327 323/323/323 321/321/321
f 325/325/325 328/328/328 319/319/319
f 326/326/326 328/328/328 325/325/325
f 329/329/329 328/328/328 326/326/326
f 330/330/330 326/326/326 324/324/324
f 327/327/327 330/330/330 324/324/324
f 330/330/330 329/329/329 326/326/326
f 331/331/331 321/321/321 319/319/319
f 328/328/328 331/331/331 319/319/319
f 327/327/327 321/321/321 332/332/332
f 331/331/331 332/332/332 321/321/321
f 327/327/327 333/333/333 330/330/330
f 332/332/332 333/333/333 327/327/327
f 328/328/328 334/334/334 331/331/331
f 331/331/331 334/334/334 332/332/332
f 330/330/330 335/335/335 329/329/329
f 333/333/333 335/335/335 330/330/330
f 332/332/332 336/336/336 333/333/333
f 334/334/334 336/336/336 332/332/332
f 337/337/337 335/335/335 333/333/333
f 336/336/336 337/337/337 333/333/333
f 328/328/328 338/338/338 334/334/334
f 329/329/329 338/338/338 328/328/328
f 334/334/334 338/338/338 339/339/339
f 329/329/329 339/339/339 338/338/338
f 335/335/335 340/340/340 329/329/329
f 337/337/337 340/340/340 335/335/335
f 336/336/336 334/334/334 341/341/341
f 334/334/334 339/339/339 341/341/341
f 336/336/336 342/342/342 337/337/337
f 336/336/336 341/341/341 342/342/342
f 342/342/342 343/343/343 337/337/337
f 343/343/343 340/340/340 337/337/337
f 341/341/341 344/344/344 342/342/342
f 344/344/344 343/343/343 342/342/342
f 345/345/345 343/343/343 344/344/344
f 341/341/341 346/346/346 344/344/344
f 346/346/346 341/341/341 339/339/339
f 346/346/346 345/345/345 344/344/344
f 347/347/347 339/339/339 329/329/329
f 340/340/340 347/347/347 329/329/329
f 347/347/347 348/348/348 339/339/339
f 340/340/340 348/348/348 347/347/347
f 343/343/343 349/349/349 340/340/340
f 349/349/349 348/348/348 340/340/340
f 346/346/346 339/339/339 350/350/350
f 348/348/348 350/350/350 339/339/339
f 346/346/346 351/351/351 345/345/345
f 350/350/350 351/351/351 346/346/346
f 348/348/348 352/352/352 350/350/350
f 349/349/349 352/352/352 348/348/348
f 353/353/353 349/349/349 343/343/343
f 345/345/345 353/353/353 343/343/343
f 350/350/350 354/354/354 351/351/351
f 352/352/352 354/354/354 350/350/350
f 355/355/355 352/352/352 349/349/349
f 353/353/353 355/355/355 349/349/349
f 356/356/356 352/352/352 355/355/355
f 354/354/354 352/352/352 356/356/356
f 354/354/354 357/357/357 351/351/351
f 351/351/351 357/357/357 345/345/345
f 358/358/358 355/355/355 353/353/353
f 356/356/356 355/355/355 358/358/358
f 359/359/359 353/353/353 345/345/345
f 358/358/358 353/353/353 359/359/359
f 359/359/359 345/345/345 360/360/360
f 357/357/357 360/360/360 345/345/345
f 357/357/357 361/361/361 360/360/360
f 362/362/362 357/357/357 354/354/354
f 354/354/354 356/356/356 362/362/362
f 362/362/362 361/361/361 357/357/357
f 359/359/359 363/363/363 358/358/358
f 360/360/360 363/363/363 359/359/359
f 364/364/364 356/356/356 358/358/358
f 363/363/363 364/364/364 358/358/358
f 356/356/356 365/365/365 362/362/362
f 364/364/364 365/365/365 356/356/356
f 366/366/366 363/363/363 360/360/360
f 361/361/361 366/366/366 360/360/360
f 367/367/367 364/364/364 363/363/363
f 366/366/366 367/367/367 363/363/363
f 366/366/366 368/368/368 367/367/367
f 367/367/367 369/369/369 364/364/364
f 364/364/364 369/369/369 365/365/365
f 368/368/368 369/369/369 367/367/367
f 365/365/365 370/370/370 362/362/362
f 362/362/362 370/370/370 361/361/361
f 371/371/371 361/361/361 370/370/370
f 365/365/365 372/372/372 370/370/370
f 369/369/369 372/372/372 365/365/365
f 372/372/372 371/371/371 370/370/370
f 361/361/361 373/373/373 366/366/366
f 366/366/366 373/373/373 368/368/368
f 369/369/369 374/374/374 372/372/372
f 372/372/372 374/374/374 371/371/371
f 369/369/369 375/375/375 374/374/374
f 368/368/368 375/375/375 369/369/369
f 376/376/376 374/374/374 375/375/375
f 374/374/374 376/376/376 371/371/371
f 377/377/377 373/373/373 361/361/361
f 371/371/371 377/377/377 361/361/361
f 373/373/373 377/377/377 378/378/378
f 371/371/371 378/378/378 377/377/377
f 368/368/368 379/379/379 375/375/375
f 376/376/376 375/375/375 379/379/379
f 380/380/380 368/368/368 373/373/373
f 373/373/373 378/378/378 380/380/380
f 381/381/381 379/379/379 368/368/368
f 380/380/380 381/381/381 368/368/368
f 381/381/381 382/382/382 379/379/379
f 382/382/382 376/376/376 379/379/379
f 376/376/376 383/383/383 371/371/371
f 371/371/371 383/383/383 378/378/378
f 376/376/376 384/384/384 383/383/383
f 382/382/382 384/384/384 376/376/376
f 385/385/385 382/382/382 381/381/381
f 380/380/380 385/385/385 381/381/381
f 378/378/378 383/383/383 386/386/386
f 384/384/384 386/386/386 383/383/383
f 378/378/378 387/387/387 380/380/380
f 378/378/378 386/386/386 387/387/387
f 387/387/387 388/388/388 380/380/380
f 388/388/388 385/385/385 380/380/380
f 389/389/389 384/384/384 382/382/382
f 385/385/385 389/389/389 382/382/382
f 390/390/390 384/384/384 389/389/389
f 385/385/385 390/390/390 389/389/389
f 386/386/386 391/391/391 387/387/387
f 387/387/387 391/391/391 388/388/388
f 392/392/392 386/386/386 384/384/384
f 390/390/390 392/392/392 384/384/384
f 393/393/393 392/392/392 390/390/390
f 385/385/385 394/394/394 390/390/390
f 388/388/388 394/394/394 385/385/385
f 392/392/392 395/395/395 386/386/386
f 386/386/386 395/395/395 391/391/391
f 394/394/394 396/396/396 390/390/390
f 396/396/396 393/393/393 390/390/390
f 397/397/397 394/394/394 388/388/388
f 391/391/391 397/397/397 388/388/388
f 397/397/397 396/396/396 394/394/394
f 393/393/393 398/398/398 392/392/392
f 398/398/398 395/395/395 392/392/392
f 395/395/395 399/399/399 391/391/391
f 391/391/391 399/399/399 397/397/397
f 397/397/397 400/400/400 396/396/396
f 396/396/396 400/400/400 393/393/393
f 397/397/397 401/401/401 400/400/400
f 399/399/399 401/401/401 397/397/397
f 402/402/402 399/399/399 395/395/395
f 398/398/398 402/402/402 395/395/395
f 402/402/402 403/403/403 399/399/399
f 399/399/399 403/403/403 401/401/401
f 401/401/401 404/404/404 400/400/400
f 393/393/393 400/400/400 404/404/404
f 405/405/405 402/402/402 398/398/398
f 402/402/402 405/405/405 403/403/403
f 406/406/406 398/398/398 393/393/393
f 405/405/405 398/398/398 406/406/406
f 406/406/406 393/393/393 407/407/407
f 393/393/393 404/404/404 407/407/407
f 405/405/405 406/406/406 408/408/408
f 407/407/407 408/408/408 406/406/406
f 403/403/403 409/409/409 401/401/401
f 409/409/409 404/404/404 401/401/401
f 410/410/410 403/403/403 405/405/405
f 405/405/405 408/408/408 410/410/410
f 411/411/411 409/409/409 403/403/403
f 410/410/410 411/411/411 403/403/403
f 412/412/412 404/404/404 409/409/409
f 411/411/411 412/412/412 409/409/409
f 411/411/411 413/413/413 412/412/412
f 410/410/410 414/414/414 411/411/411
f 408/408/408 414/414/414 410/410/410
f 414/414/414 413/413/413 411/411/411
f 407/407/407 404/404/404 415/415/415
f 412/412/412 415/415/415 404/404/404
f 407/407/407 416/416/416 408/408/408
f 407/407/407 415/415/415 416/416/416
f 417/417/417 414/414/414 408/408/408
f 416/416/416 417/417/417 408/408/408
f 418/418/418 416/416/416 415/415/415
f 418/418/418 417/417/417 416/416/416
f 412/412/412 419/419/419 415/415/415
f 418/418/418 415/415/415 419/419/419
f 413/413/413 420/420/420 412/412/412
f 412/412/412 420/420/420 419/419/419
f 419/419/419 420/420/420 421/421/421
f 413/413/413 421/421/421 420/420/420
f 417/417/417 422/422/422 414/414/414
f 422/422/422 413/413/413 414/414/414
f 417/417/417 423/423/423 422/422/422
f 423/423/423 413/413/413 422/422/422
f 419/419/419 424/424/424 418/418/418
f 419/419/419 421/421/421 424/424/424
f 418/418/418 425/425/425 417/417/417
f 417/417/417 425/425/425 423/423/423
f 424/424/424 426/426/426 418/418/418
f 418/418/418 426/426/426 425/425/425
f 424/424/424 427/427/427 426/426/426
f 421/421/421 427/427/427 424/424/424
f 428/428/428 421/421/421 413/413/413
f 423/423/423 428/428/428 413/413/413
f 429/429/429 425/425/425 426/426/426
f 427/427/427 429/429/429 426/426/426
f 430/430/430 423/423/423 425/425/425
f 429/429/429 430/430/430 425/425/425
f 428/428/428 431/431/431 421/421/421
f 431/431/431 427/427/427 421/421/421
f 432/432/432 428/428/428 423/423/423
f 430/430/430 432/432/432 423/423/423
f 427/427/427 433/433/433 429/429/429
f 429/429/429 433/433/433 430/430/430
f 432/432/432 434/434/434 428/428/428
f 434/434/434 431/431/431 428/428/428
f 431/431/431 435/435/435 427/427/427
f 427/427/427 435/435/435 433/433/433
f 436/436/436 432/432/432 430/430/430
f 432/432/432 436/436/436 434/434/434
f 434/434/434 437/437/437 431/431/431
f 431/431/431 437/437/437 435/435/435
f 435/435/435 438/438/438 433/433/433
f 437/437/437 438/438/438 435/435/435
f 433/433/433 439/439/439 430/430/430
f 436/436/436 430/430/430 439/439/439
f 439/439/439 440/440/440 436/436/436
f 436/436/436 441/441/441 434/434/434
f 434/434/434 441/441/441 437/437/437
f 440/440/440 441/441/441 436/436/436
f 442/442/442 439/439/439 433/433/433
f 438/438/438 442/442/442 433/433/433
f 441/441/441 443/443/443 437/437/437
f 443/443/443 438/438/438 437/437/437
f 440/440/440 444/444/444 441/441/441
f 444/444/444 443/443/443 441/441/441
f 443/443/443 445/445/445 438/438/438
f 438/438/438 445/445/445 442/442/442
f 442/442/442 446/446/446 439/439/439
f 446/446/446 440/440/440 439/439/439
f 447/447/447 446/446/446 442/442/442
f 445/445/445 447/447/447 442/442/442
f 443/443/443 448/448/448 445/445/445
f 444/444/444 448/448/448 443/443/443
f 449/449/449 445/445/445 448/448/448
f 445/445/445 449/449/449 447/447/447
f 447/447/447 450/450/450 446/446/446
f 446/446/446 450/450/450 440/440/440
f 444/444/444 451/451/451 448/448/448
f 449/449/449 448/448/448 451/451/451
f 440/440/440 452/452/452 444/444/444
f 452/452/452 451/451/451 444/444/444
f 440/440/440 453/453/453 452/452/452
f 450/450/450 453/453/453 440/440/440
f 447/447/447 454/454/454 450/450/450
f 449/449/449 454/454/454 447/447/447
f 452/452/452 455/455/455 451/451/451
f 453/453/453 455/455/455 452/452/452
f 456/456/456 449/449/449 451/451/451
f 455/455/455 456/456/456 451/451/451
f 456/456/456 457/457/457 449/449/449
f 449/449/449 457/457/457 454/454/454
f 454/454/454 458/458/458 450/450/450
f 458/458/458 453/453/453 450/450/450
f 455/455/455 459/459/459 456/456/456
f 456/456/456 459/459/459 457/457/457
f 457/457/457 460/460/460 454/454/454
f 460/460/460 458/458/458 454/454/454
f 453/453/453 461/461/461 455/455/455
f 455/455/455 461/461/461 459/459/459
f 459/459/459 462/462/462 457/457/457
f 462/462/462 460/460/460 457/457/457
f 458/458/458 463/463/463 453/453/453
f 453/453/453 463/463/463 461/461/461
f 464/464/464 458/458/458 460/460/460
f 464/464/464 463/463/463 458/458/458
f 461/461/461 465/465/465 459/459/459
f 459/459/459 465/465/465 462/462/462
f 462/462/462 466/466/466 460/460/460
f 464/464/464 460/460/460 466/466/466
f 463/463/463 467/467/467 461/461/461
f 464/464/464 467/467/467 463/463/463
f 467/467/467 468/468/468 461/461/461
f 461/461/461 468/468/468 465/465/465
f 469/469/469 467/467/467 464/464/464
f 469/469/469 468/468/468 467/467/467
f 465/465/465 470/470/470 462/462/462
f 470/470/470 466/466/466 462/462/462
f 465/465/465 471/471/471 470/470/470
f 470/470/470 471/471/471 466/466/466
f 472/472/472 464/464/464 466/466/466
f 469/469/469 464/464/464 472/472/472
f 468/468/468 473/473/473 465/465/465
f 473/473/473 471/471/471 465/465/465
f 472/472/472 466/466/466 474/474/474
f 471/471/471 474/474/474 466/466/466
f 472/472/472 474/474/474 475/475/475
f 471/471/471 475/475/475 474/474/474
f 469/469/469 476/476/476 468/468/468
f 476/476/476 473/473/473 468/468/468
f 469/469/469 472/472/472 477/477/477
f 472/472/472 475/475/475 477/477/477
f 469/469/469 478/478/478 476/476/476
f 469/469/469 477/477/477 478/478/478
f 479/479/479 476/476/476 478/478/478
f 477/477/477 479/479/479 478/478/478
f 480/480/480 473/473/473 476/476/476
f 479/479/479 480/480/480 476/476/476
f 481/481/481 477/477/477 475/475/475
f 477/477/477 481/481/481 479/479/479
f 480/480/480 482/482/482 473/473/473
f 473/473/473 482/482/482 471/471/471
f 471/471/471 483/483/483 475/475/475
f 481/481/481 475/475/475 483/483/483
f 471/471/471 484/484/484 483/483/483
f 482/482/482 484/484/484 471/471/471
f 480/480/480 485/485/485 482/482/482
f 479/479/479 485/485/485 480/480/480
f 481/481/481 483/483/483 486/486/486
f 484/484/484 486/486/486 483/483/483
f 487/487/487 479/479/479 481/481/481
f 481/481/481 486/486/486 487/487/487
f 485/485/485 488/488/488 482/482/482
f 488/488/488 484/484/484 482/482/482
f 489/489/489 485/485/485 479/479/479
f 487/487/487 489/489/489 479/479/479
f 486/486/486 490/490/490 487/487/487
f 484/484/484 490/490/490 486/486/486
f 488/488/488 491/491/491 484/484/484
f 484/484/484 491/491/491 490/490/490
f 492/492/492 488/488/488 485/485/485
f 489/489/489 492/492/492 485/485/485
f 487/487/487 493/493/493 489/489/489
f 490/490/490 493/493/493 487/487/487
f 488/488/488 494/494/494 491/491/491
f 494/494/494 488/488/488 492/492/492
f 495/495/495 492/492/492 489/489/489
f 493/493/493 495/495/495 489/489/489
f 496/496/496 493/493/493 490/490/490
f 491/491/491 496/496/496 490/490/490
f 494/494/494 497/497/497 491/491/491
f 491/491/491 497/497/497 496/496/496
f 496/496/496 498/498/498 493/493/493
f 498/498/498 495/495/495 493/493/493
f 495/495/495 499/499/499 492/492/492
f 494/494/494 492/492/492 499/499/499
f 500/500/500 499/499/499 495/495/495
f 498/498/498 500/500/500 495/495/495
f 501/501/501 494/494/494 499/499/499
f 500/500/500 501/501/501 499/499/499
f 502/502/502 497/497/497 494/494/494
f 501/501/501 502/502/502 494/494/494
f 497/497/497 503/503/503 496/496/496
f 496/496/496 503/503/503 498/498/498
f 502/502/502 504/504/504 497/497/497
f 503/503/503 497/497/497 504/504/504
f 501/501/501 505/505/505 502/502/502
f 502/502/502 505/505/505 504/504/504
f 506/506/506 498/498/498 503/503/503
f 503/503/503 504/504/504 506/506/506
f 506/506/506 507/507/507 498/498/498
f 498/498/498 507/507/507 500/500/500
f 508/508/508 501/501/501 500/500/500
f 501/501/501 508/508/508 505/505/505
f 504/504/504 509/509/509 506/506/506
f 509/509/509 507/507/507 506/506/506
f 507/507/507 510/510/510 500/500/500
f 508/508/508 500/500/500 510/510/510
f 505/505/505 511/511/511 504/504/504
f 511/511/511 509/509/509 504/504/504
f 509/509/509 512/512/512 507/507/507
f 512/512/512 510/510/510 507/507/507
f 513/513/513 510/510/510 512/512/512
f 510/510/510 514/514/514 508/508/508
f 510/510/510 513/513/513 514/514/514
f 508/508/508 515/515/515 505/505/505
f 505/505/505 515/515/515 511/511/511
f 508/508/508 514/514/514 515/515/515
f 516/516/516 512/512/512 509/509/509
f 511/511/511 516/516/516 509/509/509
f 515/515/515 517/517/517 511/511/511
f 517/517/517 516/516/516 511/511/511
f 514/514/514 518/518/518 515/515/515
f 515/515/515 518/518/518 517/517/517
f 513/513/513 519/519/519 514/514/514
f 519/519/519 518/518/518 514/514/514
f 518/518/518 520/520/520 517/517/517
f 517/517/517 520/520/520 516/516/516
f 516/516/516 521/521/521 512/512/512
f 513/513/513 512/512/512 521/521/521
f 519/519/519 522/522/522 518/518/518
f 518/518/518 522/522/522 520/520/520
f 520/520/520 523/523/523 516/516/516
f 523/523/523 521/521/521 516/516/516
f 522/522/522 524/524/524 520/520/520
f 524/524/524 523/523/523 520/520/520
f 525/525/525 522/522/522 519/519/519
f 525/525/525 524/524/524 522/522/522
f 526/526/526 521/521/521 523/523/523
f 524/524/524 526/526/526 523/523/523
f 521/521/521 527/527/527 513/513/513
f 526/526/526 527/527/527 521/521/521
f 513/513/513 528/528/528 519/519/519
f 525/525/525 519/519/519 528/528/528
f 527/527/527 529/529/529 513/513/513
f 529/529/529 528/528/528 513/513/513
f 525/525/525 530/530/530 524/524/524
f 530/530/530 526/526/526 524/524/524
f 526/526/526 531/531/531 527/527/527
f 531/531/531 529/529/529 527/527/527
f 528/528/528 532/532/532 525/525/525
f 529/529/529 532/532/532 528/528/528
f 533/533/533 531/531/531 526/526/526
f 530/530/530 533/533/533 526/526/526
f 525/525/525 534/534/534 530/530/530
f 532/532/532 534/534/534 525/525/525
f 535/535/535 529/529/529 531/531/531
f 533/533/533 535/535/535 531/531/531
f 530/530/530 536/536/536 533/533/533
f 534/534/534 536/536/536 530/530/530
f 532/532/532 529/529/529 537/537/537
f 535/535/535 537/537/537 529/529/529
f 533/533/533 538/538/538 535/535/535
f 536/536/536 538/538/538 533/533/533
f 539/539/539 534/534/534 532/532/532
f 532/532/532 537/537/537 539/539/539
f 538/538/538 540/540/540 535/535/535
f 540/540/540 537/537/537 535/535/535
f 539/539/539 541/541/541 534/534/534
f 534/534/534 541/541/541 536/536/536
f 542/542/542 536/536/536 541/541/541
f 536/536/536 542/542/542 543/543/543
f 536/536/536 543/543/543 538/538/538
f 543/543/543 540/540/540 538/538/538
f 537/537/537 544/544/544 539/539/539
f 544/544/544 541/541/541 539/539/539
f 540/540/540 545/545/545 537/537/537
f 545/545/545 544/544/544 537/537/537
f 543/543/543 546/546/546 540/540/540
f 546/546/546 545/545/545 540/540/540
f 541/541/541 544/544/544 547/547/547
f 545/545/545 547/547/547 544/544/544
f 542/542/542 548/548/548 543/543/543
f 548/548/548 546/546/546 543/543/543
f 546/546/546 549/549/549 545/545/545
f 545/545/545 549/549/549 547/547/547
f 550/550/550 546/546/546 548/548/548
f 549/549/549 546/546/546 550/550/550
f 541/541/541 547/547/547 551/551/551
f 542/542/542 541/541/541 551/551/551
f 552/552/552 551/551/551 547/547/547
f 552/552/552 542/542/542 551/551/551
f 549/549/549 553/553/553 547/547/547
f 552/552/552 547/547/547 553/553/553
f 550/550/550 548/548/548 554/554/554
f 542/542/542 554/554/554 548/548/548
f 552/552/552 555/555/555 542/542/542
f 553/553/553 555/555/555 552/552/552
f 556/556/556 553/553/553 549/549/549
f 549/549/549 550/550/550 556/556/556
f 542/542/542 557/557/557 554/554/554
f 555/555/555 557/557/557 542/542/542
f 556/556/556 558/558/558 553/553/553
f 558/558/558 555/555/555 553/553/553
f 556/556/556 559/559/559 558/558/558
f 555/555/555 558/558/558 559/559/559
f 550/550/550 560/560/560 556/556/556
f 556/556/556 560/560/560 559/559/559
f 561/561/561 550/550/550 554/554/554
f 550/550/550 561/561/561 560/560/560
f 557/557/557 562/562/562 554/554/554
f 561/561/561 554/554/554 562/562/562
f 555/555/555 563/563/563 557/557/557
f 555/555/555 559/559/559 563/563/563
f 564/564/564 559/559/559 560/560/560
f 561/561/561 564/564/564 560/560/560
f 557/557/557 565/565/565 562/562/562
f 563/563/563 565/565/565 557/557/557
f 562/562/562 566/566/566 561/561/561
f 565/565/565 566/566/566 562/562/562
f 564/564/564 567/567/567 559/559/559
f 563/563/563 559/559/559 567/567/567
f 564/564/564 568/568/568 567/567/567
f 569/569/569 564/564/564 561/561/561
f 566/566/566 569/569/569 561/561/561
f 569/569/569 568/568/568 564/564/564
f 570/570/570 565/565/565 563/563/563
f 565/565/565 570/570/570 566/566/566
f 563/563/563 567/567/567 571/571/571
f 570/570/570 563/563/563 571/571/571
f 572/572/572 566/566/566 570/570/570
f 571/571/571 572/572/572 570/570/570
f 566/566/566 573/573/573 569/569/569
f 572/572/572 573/573/573 566/566/566
f 567/567/567 574/574/574 571/571/571
f 568/568/568 574/574/574 567/567/567
f 575/575/575 572/572/572 571/571/571
f 574/574/574 575/575/575 571/571/571
f 569/569/569 576/576/576 568/568/568
f 573/573/573 576/576/576 569/569/569
f 572/572/572 577/577/577 573/573/573
f 575/575/575 577/577/577 572/572/572
f 578/578/578 575/575/575 574/574/574
f 568/568/568 578/578/578 574/574/574
f 579/579/579 576/576/576 573/573/573
f 579/579/579 568/568/568 576/576/576
f 575/575/575 580/580/580 577/577/577
f 578/578/578 580/580/580 575/575/575
f 581/581/581 578/578/578 568/568/568
f 579/579/579 581/581/581 568/568/568
f 579/579/579 573/573/573 582/582/582
f 577/577/577 582/582/582 573/573/573
f 579/579/579 582/582/582 583/583/583
f 583/583/583 582/582/582 577/577/577
f 578/578/578 584/584/584 580/580/580
f 581/581/581 584/584/584 578/578/578
f 585/585/585 577/577/577 580/580/580
f 583/583/583 577/577/577 585/585/585
f 586/586/586 580/580/580 584/584/584
f 585/585/585 580/580/580 586/586/586
f 579/579/579 583/583/583 587/587/587
f 587/587/587 581/581/581 579/579/579
f 581/581/581 588/588/588 584/584/584
f 586/586/586 584/584/584 588/588/588
f 586/586/586 588/588/588 589/589/589
f 590/590/590 588/588/588 581/581/581
f 587/587/587 590/590/590 581/581/581
f 589/589/589 588/588/588 590/590/590
f 591/591/591 587/587/587 583/583/583
f 587/587/587 591/591/591 590/590/590
f 585/585/585 592/592/592 583/583/583
f 591/591/591 583/583/583 592/592/592
f 593/593/593 585/585/585 586/586/586
f 586/586/586 589/589/589 593/593/593
f 591/591/591 594/594/594 590/590/590
f 589/589/589 590/590/590 594/594/594
f 593/593/593 595/595/595 585/585/585
f 585/585/585 595/595/595 592/592/592
f 591/591/591 596/596/596 594/594/594
f 592/592/592 596/596/596 591/591/591
f 597/597/597 589/589/589 594/594/594
f 596/596/596 597/597/597 594/594/594
f 589/589/589 598/598/598 593/593/593
f 598/598/598 595/595/595 593/593/593
f 595/595/595 599/599/599 592/592/592
f 592/592/592 599/599/599 596/596/596
f 597/597/597 600/600/600 589/589/589
f 589/589/589 600/600/600 598/598/598
f 596/596/596 601/601/601 597/597/597
f 597/597/597 601/601/601 600/600/600
f 595/595/595 602/602/602 599/599/599
f 598/598/598 602/602/602 595/595/595
f 603/603/603 596/596/596 599/599/599
f 596/596/596 603/603/603 601/601/601
f 598/598/598 600/600/600 604/604/604
f 601/601/601 604/604/604 600/600/600
f 598/598/598 604/604/604 605/605/605
f 605/605/605 602/602/602 598/598/598
f 602/602/602 606/606/606 599/599/599
f 603/603/603 599/599/599 606/606/606
f 601/601/601 607/607/607 604/604/604
f 607/607/607 605/605/605 604/604/604
f 605/605/605 608/608/608 602/602/602
f 602/602/602 608/608/608 606/606/606
f 603/603/603 609/609/609 601/601/601
f 601/601/601 609/609/609 607/607/607
f 607/607/607 610/610/610 605/605/605
f 605/605/605 610/610/610 608/608/608
f 606/606/606 611/611/611 603/603/603
f 603/603/603 611/611/611 609/609/609
f 611/611/611 612/612/612 609/609/609
f 609/609/609 613/613/613 607/607/607
f 613/613/613 610/610/610 607/607/607
f 609/609/609 612/612/612 613/613/613
f 608/608/608 614/614/614 606/606/606
f 606/606/606 614/614/614 611/611/611
f 610/610/610 615/615/615 608/608/608
f 608/608/608 615/615/615 614/614/614
f 613/613/613 616/616/616 610/610/610
f 610/610/610 616/616/616 615/615/615
f 614/614/614 617/617/617 611/611/611
f 615/615/615 617/617/617 614/614/614
f 612/612/612 618/618/618 613/613/613
f 616/616/616 613/613/613 618/618/618
f 619/619/619 615/615/615 616/616/616
f 615/615/615 619/619/619 617/617/617
f 616/616/616 618/618/618 620/620/620
f 619/619/619 616/616/616 620/620/620
f 621/621/621 620/620/620 618/618/618
f 612/612/612 621/621/621 618/618/618
f 620/620/620 622/622/622 619/619/619
f 621/621/621 622/622/622 620/620/620
f 617/617/617 623/623/623 611/611/611
f 623/623/623 612/612/612 611/611/611
f 624/624/624 617/617/617 619/619/619
f 622/622/622 624/624/624 619/619/619
f 625/625/625 621/621/621 612/612/612
f 621/621/621 625/625/625 622/622/622
f 624/624/624 626/626/626 617/617/617
f 626/626/626 623/623/623 617/617/617
f 623/623/623 627/627/627 612/612/612
f 625/625/625 612/612/612 627/627/627
f 628/628/628 624/624/624 622/622/622
f 624/624/624 628/628/628 626/626/626
f 626/626/626 629/629/629 623/623/623
f 629/629/629 627/627/627 623/623/623
f 625/625/625 630/630/630 622/622/622
f 628/628/628 622/622/622 630/630/630
f 628/628/628 631/631/631 626/626/626
f 626/626/626 631/631/631 629/629/629
f 627/627/627 632/632/632 625/625/625
f 632/632/632 630/630/630 625/625/625
f 632/632/632 633/633/633 630/630/630
f 630/630/630 634/634/634 628/628/628
f 628/628/628 634/634/634 631/631/631
f 633/633/633 634/634/634 630/630/630
f 629/629/629 635/635/635 627/627/627
f 635/635/635 632/632/632 627/627/627
f 636/636/636 632/632/632 635/635/635
f 637/637/637 635/635/635 629/629/629
f 631/631/631 637/637/637 629/629/629
f 636/636/636 635/635/635 637/637/637
f 631/631/631 638/638/638 637/637/637
f 636/636/636 637/637/637 638/638/638
f 636/636/636 638/638/638 639/639/639
f 634/634/634 640/640/640 631/631/631
f 631/631/631 640/640/640 638/638/638
f 633/633/633 641/641/641 634/634/634
f 641/641/641 640/640/640 634/634/634
f 638/638/638 640/640/640 642/642/642
f 638/638/638 642/642/642 639/639/639
f 640/640/640 641/641/641 643/643/643
f 633/633/633 643/643/643 641/641/641
f 640/640/640 643/643/643 642/642/642
f 644/644/644 633/633/633 632/632/632
f 636/636/636 644/644/644 632/632/632
f 644/644/644 645/645/645 633/633/633
f 645/645/645 644/644/644 636/636/636
f 633/633/633 646/646/646 643/643/643
f 645/645/645 646/646/646 633/633/633
f 642/642/642 643/643/643 647/647/647
f 646/646/646 647/647/647 643/643/643
f 648/648/648 639/639/639 642/642/642
f 642/642/642 647/647/647 648/648/648
f 645/645/645 636/636/636 649/649/649
f 636/636/636 639/639/639 649/649/649
f 646/646/646 650/650/650 647/647/647
f 650/650/650 646/646/646 645/645/645
f 639/639/639 651/651/651 649/649/649
f 649/649/649 651/651/651 645/645/645
f 652/652/652 651/651/651 639/639/639
f 652/652/652 645/645/645 651/651/651
f 648/648/648 653/653/653 639/639/639
f 652/652/652 639/639/639 653/653/653
f 647/647/647 654/654/654 648/648/648
f 648/648/648 654/654/654 653/653/653
f 650/650/650 655/655/655 647/647/647
f 647/647/647 655/655/655 654/654/654
f 654/654/654 656/656/656 653/653/653
f 652/652/652 653/653/653 656/656/656
f 652/652/652 657/657/657 645/645/645
f 650/650/650 645/645/645 657/657/657
f 658/658/658 657/657/657 652/652/652
f 652/652/652 656/656/656 658/658/658
f 659/659/659 656/656/656 654/654/654
f 655/655/655 659/659/659 654/654/654
f 660/660/660 650/650/650 657/657/657
f 658/658/658 660/660/660 657/657/657
f 650/650/650 661/661/661 655/655/655
f 660/660/660 661/661/661 650/650/650
f 656/656/656 662/662/662 658/658/658
f 659/659/659 662/662/662 656/656/656
f 655/655/655 663/663/663 659/659/659
f 661/661/661 663/663/663 655/655/655
f 660/660/660 664/664/664 661/661/661
f 658/658/658 664/664/664 660/660/660
f 662/662/662 665/665/665 658/658/658
f 665/665/665 664/664/664 658/658/658
f 666/666/666 662/662/662 659/659/659
f 663/663/663 666/666/666 659/659/659
f 664/664/664 667/667/667 661/661/661
f 667/667/667 663/663/663 661/661/661
f 664/664/664 668/668/668 667/667/667
f 667/667/667 668/668/668 663/663/663
f 665/665/665 669/669/669 664/664/664
f 664/664/664 669/669/669 668/668/668
f 670/670/670 665/665/665 662/662/662
f 666/666/666 670/670/670 662/662/662
f 666/666/666 663/663/663 671/671/671
f 668/668/668 671/671/671 663/663/663
f 672/672/672 669/669/669 665/665/665
f 670/670/670 672/672/672 665/665/665
f 666/666/666 671/671/671 673/673/673
f 673/673/673 670/670/670 666/666/666
f 671/671/671 674/674/674 673/673/673
f 668/668/668 674/674/674 671/671/671
f 669/669/669 675/675/675 668/668/668
f 675/675/675 669/669/669 672/672/672
f 670/670/670 673/673/673 676/676/676
f 674/674/674 676/676/676 673/673/673
f 676/676/676 674/674/674 677/677/677
f 668/668/668 678/678/678 674/674/674
f 675/675/675 678/678/678 668/668/668
f 678/678/678 677/677/677 674/674/674
f 672/672/672 670/670/670 679/679/679
f 670/670/670 676/676/676 679/679/679
f 675/675/675 672/672/672 680/680/680
f 672/672/672 679/679/679 680/680/680
f 676/676/676 681/681/681 679/679/679
f 676/676/676 677/677/677 681/681/681
f 679/679/679 682/682/682 680/680/680
f 681/681/681 682/682/682 679/679/679
f 683/683/683 675/675/675 680/680/680
f 682/682/682 683/683/683 680/680/680
f 678/678/678 675/675/675 684/684/684
f 683/683/683 684/684/684 675/675/675
f 677/677/677 685/685/685 681/681/681
f 685/685/685 682/682/682 681/681/681
f 686/686/686 683/683/683 682/682/682
f 686/686/686 684/684/684 683/683/683
f 678/678/678 684/684/684 687/687/687
f 687/687/687 677/677/677 678/678/678
f 684/684/684 688/688/688 687/687/687
f 687/687/687 688/688/688 677/677/677
f 677/677/677 689/689/689 685/685/685
f 688/688/688 689/689/689 677/677/677
f 688/688/688 690/690/690 689/689/689
f 691/691/691 688/688/688 684/684/684
f 686/686/686 691/691/691 684/684/684
f 691/691/691 690/690/690 688/688/688
f 686/686/686 692/692/692 691/691/691
f 686/686/686 682/682/682 693/693/693
f 685/685/685 693/693/693 682/682/682
f 693/693/693 692/692/692 686/686/686
f 689/689/689 694/694/694 685/685/685
f 685/685/685 694/694/694 693/693/693
f 691/691/691 695/695/695 690/690/690
f 692/692/692 695/695/695 691/691/691
f 695/695/695 696/696/696 690/690/690
f 692/692/692 696/696/696 695/695/695
f 690/690/690 697/697/697 689/689/689
f 694/694/694 689/689/689 697/697/697
f 694/694/694 698/698/698 693/693/693
f 698/698/698 692/692/692 693/693/693
f 694/694/694 697/697/697 699/699/699
f 699/699/699 698/698/698 694/694/694
f 690/690/690 700/700/700 697/697/697
f 700/700/700 699/699/699 697/697/697
f 698/698/698 701/701/701 692/692/692
f 699/699/699 701/701/701 698/698/698
f 692/692/692 702/702/702 696/696/696
f 701/701/701 702/702/702 692/692/692
f 703/703/703 701/701/701 699/699/699
f 700/700/700 703/703/703 699/699/699
f 704/704/704 700/700/700 690/690/690
f 696/696/696 704/704/704 690/690/690
f 701/701/701 705/705/705 702/702/702
f 703/703/703 705/705/705 701/701/701
f 704/704/704 706/706/706 700/700/700
f 706/706/706 703/703/703 700/700/700
f 702/702/702 707/707/707 696/696/696
f 705/705/705 707/707/707 702/702/702
f 696/696/696 708/708/708 704/704/704
f 708/708/708 706/706/706 704/704/704
f 707/707/707 709/709/709 696/696/696
f 696/696/696 709/709/709 708/708/708
f 706/706/706 710/710/710 703/703/703
f 710/710/710 705/705/705 703/703/703
f 705/705/705 711/711/711 707/707/707
f 711/711/711 709/709/709 707/707/707
f 709/709/709 712/712/712 708/708/708
f 706/706/706 708/708/708 712/712/712
f 710/710/710 706/706/706 713/713/713
f 706/706/706 712/712/712 713/713/713
f 710/710/710 714/714/714 705/705/705
f 714/714/714 711/711/711 705/705/705
f 710/710/710 713/713/713 715/715/715
f 715/715/715 714/714/714 710/710/710
f 715/715/715 713/713/713 716/716/716
f 716/716/716 713/713/713 712/712/712
f 717/717/717 712/712/712 709/709/709
f 711/711/711 717/717/717 709/709/709
f 714/714/714 715/715/715 718/718/718
f 715/715/715 716/716/716 718/718/718
f 716/716/716 712/712/712 719/719/719
f 717/717/717 719/719/719 712/712/712
f 711/711/711 714/714/714 720/720/720
f 714/714/714 718/718/718 720/720/720
f 716/716/716 721/721/721 718/718/718
f 719/719/719 721/721/721 716/716/716
f 711/711/711 722/722/722 717/717/717
f 711/711/711 720/720/720 722/722/722
f 723/723/723 717/717/717 722/722/722
f 720/720/720 723/723/723 722/722/722
f 718/718/718 724/724/724 720/720/720
f 724/724/724 723/723/723 720/720/720
f 719/719/719 717/717/717 725/725/725
f 723/723/723 725/725/725 717/717/717
f 718/718/718 726/726/726 724/724/724
f 721/721/721 726/726/726 718/718/718
f 719/719/719 727/727/727 721/721/721
f 719/719/719 725/725/725 727/727/727
f 728/728/728 721/721/721 727/727/727
f 725/725/725 728/728/728 727/727/727
f 724/724/724 729/729/729 723/723/723
f 726/726/726 729/729/729 724/724/724
f 730/730/730 726/726/726 721/721/721
f 728/728/728 730/730/730 721/721/721
f 728/728/728 731/731/731 730/730/730
f 730/730/730 732/732/732 726/726/726
f 726/726/726 732/732/732 729/729/729
f 730/730/730 731/731/731 732/732/732
f 732/732/732 733/733/733 729/729/729
f 723/723/723 734/734/734 725/725/725
f 725/725/725 734/734/734 728/728/728
f 734/734/734 735/735/735 728/728/728
f 729/729/729 736/736/736 723/723/723
f 723/723/723 736/736/736 734/734/734
f 733/733/733 736/736/736 729/729/729
f 736/736/736 735/735/735 734/734/734
f 728/728/728 737/737/737 731/731/731
f 735/735/735 737/737/737 728/728/728
f 738/738/738 733/733/733 732/732/732
f 731/731/731 738/738/738 732/732/732
f 733/733/733 739/739/739 736/736/736
f 739/739/739 735/735/735 736/736/736
f 731/731/731 737/737/737 740/740/740
f 735/735/735 740/740/740 737/737/737
f 731/731/731 741/741/741 738/738/738
f 733/733/733 738/738/738 741/741/741
f 739/739/739 742/742/742 735/735/735
f 733/733/733 742/742/742 739/739/739
f 735/735/735 743/743/743 740/740/740
f 742/742/742 743/743/743 735/735/735
f 731/731/731 740/740/740 744/744/744
f 744/744/744 741/741/741 731/731/731
f 733/733/733 745/745/745 742/742/742
f 733/733/733 741/741/741 745/745/745
f 746/746/746 742/742/742 745/745/745
f 741/741/741 746/746/746 745/745/745
f 744/744/744 747/747/747 741/741/741
f 741/741/741 747/747/747 746/746/746
f 740/740/740 748/748/748 744/744/744
f 744/744/744 748/748/748 747/747/747
f 740/740/740 749/749/749 748/748/748
f 743/743/743 749/749/749 740/740/740
f 750/750/750 743/743/743 742/742/742
f 746/746/746 750/750/750 742/742/742
f 748/748/748 751/751/751 747/747/747
f 749/749/749 751/751/751 748/748/748
f 750/750/750 752/752/752 743/743/743
f 752/752/752 749/749/749 743/743/743
f 751/751/751 753/753/753 747/747/747
f 747/747/747 753/753/753 746/746/746
f 746/746/746 754/754/754 750/750/750
f 750/750/750 754/754/754 752/752/752
f 749/749/749 755/755/755 751/751/751
f 751/751/751 755/755/755 753/753/753
f 755/755/755 756/756/756 753/753/753
f 753/753/753 757/757/757 746/746/746
f 746/746/746 757/757/757 754/754/754
f 756/756/756 757/757/757 753/753/753
f 752/752/752 758/758/758 749/749/749
f 749/749/749 758/758/758 755/755/755
f 754/754/754 759/759/759 752/752/752
f 752/752/752 759/759/759 758/758/758
f 757/757/757 760/760/760 754/754/754
f 760/760/760 759/759/759 754/754/754
f 758/758/758 761/761/761 755/755/755
f 761/761/761 756/756/756 755/755/755
f 757/757/757 762/762/762 760/760/760
f 756/756/756 762/762/762 757/757/757
f 759/759/759 763/763/763 758/758/758
f 763/763/763 761/761/761 758/758/758
f 759/759/759 764/764/764 763/763/763
f 763/763/763 764/764/764 761/761/761
f 760/760/760 765/765/765 759/759/759
f 765/765/765 764/764/764 759/759/759
f 766/766/766 764/764/764 765/765/765
f 764/764/764 767/767/767 761/761/761
f 761/761/761 767/767/767 756/756/756
f 767/767/767 764/764/764 766/766/766
f 760/760/760 762/762/762 768/768/768
f 768/768/768 762/762/762 756/756/756
f 769/769/769 765/765/765 760/760/760
f 760/760/760 768/768/768 769/769/769
f 767/767/767 770/770/770 756/756/756
f 768/768/768 756/756/756 770/770/770
f 766/766/766 765/765/765 771/771/771
f 769/769/769 771/771/771 765/765/765
f 768/768/768 772/772/772 769/769/769
f 770/770/770 772/772/772 768/768/768
f 770/770/770 773/773/773 772/772/772
f 774/774/774 770/770/770 767/767/767
f 767/767/767 766/766/766 774/774/774
f 774/774/774 773/773/773 770/770/770
f 775/775/775 771/771/771 769/769/769
f 772/772/772 775/775/775 769/769/769
f 766/766/766 771/771/771 776/776/776
f 775/775/775 776/776/776 771/771/771
f 775/775/775 777/777/777 776/776/776
f 778/778/778 774/774/774 766/766/766
f 774/774/774 778/778/778 773/773/773
f 766/766/766 776/776/776 779/779/779
f 778/778/778 766/766/766 779/779/779
f 776/776/776 777/777/777 779/779/779
f 780/780/780 775/775/775 772/772/772
f 773/773/773 780/780/780 772/772/772
f 779/779/779 781/781/781 778/778/778
f 781/781/781 773/773/773 778/778/778
f 780/780/780 782/782/782 775/775/775
f 782/782/782 777/777/777 775/775/775
f 773/773/773 783/783/783 780/780/780
f 780/780/780 783/783/783 782/782/782
f 784/784/784 783/783/783 773/773/773
f 781/781/781 784/784/784 773/773/773
f 785/785/785 781/781/781 779/779/779
f 777/777/777 785/785/785 779/779/779
f 786/786/786 782/782/782 783/783/783
f 786/786/786 783/783/783 784/784/784
f 781/781/781 787/787/787 784/784/784
f 785/785/785 787/787/787 781/781/781
f 777/777/777 788/788/788 785/785/785
f 785/785/785 788/788/788 787/787/787
f 789/789/789 777/777/777 782/782/782
f 786/786/786 789/789/789 782/782/782
f 786/786/786 784/784/784 790/790/790
f 787/787/787 790/790/790 784/784/784
f 790/790/790 791/791/791 786/786/786
f 786/786/786 791/791/791 789/789/789
f 789/789/789 792/792/792 777/777/777
f 777/777/777 792/792/792 788/788/788
f 787/787/787 793/793/793 790/790/790
f 793/793/793 791/791/791 790/790/790
f 794/794/794 791/791/791 793/793/793
f 791/791/791 795/795/795 789/789/789
f 795/795/795 792/792/792 789/789/789
f 794/794/794 795/795/795 791/791/791
f 795/795/795 796/796/796 792/792/792
f 797/797/797 787/787/787 788/788/788
f 797/797/797 793/793/793 787/787/787
f 792/792/792 798/798/798 788/788/788
f 796/796/796 798/798/798 792/792/792
f 797/797/797 788/788/788 798/798/798
f 799/799/799 793/793/793 797/797/797
f 794/794/794 793/793/793 799/799/799
f 798/798/798 800/800/800 797/797/797
f 799/799/799 797/797/797 800/800/800
f 795/795/795 801/801/801 796/796/796
f 794/794/794 801/801/801 795/795/795
f 796/796/796 802/802/802 798/798/798
f 802/802/802 800/800/800 798/798/798
f 800/800/800 803/803/803 799/799/799
f 799/799/799 803/803/803 794/794/794
f 794/794/794 804/804/804 801/801/801
f 801/801/801 804/804/804 796/796/796
f 802/802/802 805/805/805 800/800/800
f 800/800/800 805/805/805 803/803/803
f 806/806/806 802/802/802 796/796/796
f 806/806/806 805/805/805 802/802/802
f 794/794/794 807/807/807 804/804/804
f 803/803/803 807/807/807 794/794/794
f 803/803/803 808/808/808 807/807/807
f 808/808/808 804/804/804 807/807/807
f 804/804/804 809/809/809 796/796/796
f 806/806/806 796/796/796 809/809/809
f 805/805/805 810/810/810 803/803/803
f 810/810/810 808/808/808 803/803/803
f 808/808/808 811/811/811 804/804/804
f 804/804/804 811/811/811 809/809/809
f 806/806/806 812/812/812 805/805/805
f 805/805/805 812/812/812 810/810/810
f 812/812/812 813/813/813 810/810/810
f 810/810/810 814/814/814 808/808/808
f 814/814/814 811/811/811 808/808/808
f 813/813/813 814/814/814 810/810/810
f 809/809/809 815/815/815 806/806/806
f 815/815/815 812/812/812 806/806/806
f 816/816/816 809/809/809 811/811/811
f 809/809/809 816/816/816 815/815/815
f 814/814/814 817/817/817 811/811/811
f 816/816/816 811/811/811 817/817/817
f 818/818/818 816/816/816 817/817/817
f 814/814/814 819/819/819 817/817/817
f 813/813/813 819/819/819 814/814/814
f 819/819/819 818/818/818 817/817/817
f 820/820/820 819/819/819 813/813/813
f 820/820/820 818/818/818 819/819/819
f 815/815/815 821/821/821 812/812/812
f 821/821/821 813/813/813 812/812/812
f 815/815/815 822/822/822 821/821/821
f 821/821/821 822/822/822 813/813/813
f 816/816/816 823/823/823 815/815/815
f 815/815/815 823/823/823 822/822/822
f 820/820/820 813/813/813 824/824/824
f 822/822/822 824/824/824 813/813/813
f 825/825/825 824/824/824 822/822/822
f 825/825/825 820/820/820 824/824/824
f 818/818/818 826/826/826 816/816/816
f 826/826/826 823/823/823 816/816/816
f 825/825/825 822/822/822 827/827/827
f 827/827/827 822/822/822 823/823/823
f 826/826/826 828/828/828 823/823/823
f 818/818/818 828/828/828 826/826/826
f 818/818/818 829/829/829 828/828/828
f 828/828/828 830/830/830 823/823/823
f 827/827/827 823/823/823 830/830/830
f 828/828/828 829/829/829 830/830/830
f 831/831/831 825/825/825 827/827/827
f 830/830/830 831/831/831 827/827/827
f 832/832/832 820/820/820 825/825/825
f 831/831/831 832/832/832 825/825/825
f 830/830/830 833/833/833 831/831/831
f 829/829/829 833/833/833 830/830/830
f 833/833/833 834/834/834 831/831/831
f 831/831/831 834/834/834 832/832/832
f 818/818/818 835/835/835 829/829/829
f 820/820/820 835/835/835 818/818/818
f 820/820/820 836/836/836 835/835/835
f 836/836/836 829/829/829 835/835/835
f 837/837/837 833/833/833 829/829/829
f 833/833/833 837/837/837 834/834/834
f 832/832/832 838/838/838 820/820/820
f 820/820/820 838/838/838 836/836/836
f 836/836/836 839/839/839 829/829/829
f 837/837/837 829/829/829 839/839/839
f 836/836/836 840/840/840 839/839/839
f 838/838/838 840/840/840 836/836/836
f 832/832/832 841/841/841 838/838/838
f 834/834/834 841/841/841 832/832/832
f 842/842/842 838/838/838 841/841/841
f 838/838/838 842/842/842 840/840/840
f 840/840/840 843/843/843 839/839/839
f 839/839/839 843/843/843 837/837/837
f 844/844/844 841/841/841 834/834/834
f 842/842/842 841/841/841 844/844/844
f 837/837/837 845/845/845 834/834/834
f 844/844/844 834/834/834 845/845/845
f 842/842/842 846/846/846 840/840/840
f 846/846/846 843/843/843 840/840/840
f 844/844/844 847/847/847 842/842/842
f 845/845/845 847/847/847 844/844/844
f 845/845/845 837/837/837 848/848/848
f 843/843/843 848/848/848 837/837/837
f 849/849/849 846/846/846 842/842/842
f 847/847/847 849/849/849 842/842/842
f 846/846/846 850/850/850 843/843/843
f 849/849/849 850/850/850 846/846/846
f 845/845/845 848/848/848 851/851/851
f 851/851/851 847/847/847 845/845/845
f 843/843/843 852/852/852 848/848/848
f 850/850/850 852/852/852 843/843/843
f 853/853/853 850/850/850 849/849/849
f 847/847/847 853/853/853 849/849/849
f 848/848/848 854/854/854 851/851/851
f 852/852/852 854/854/854 848/848/848
f 851/851/851 855/855/855 847/847/847
f 847/847/847 855/855/855 853/853/853
f 853/853/853 856/856/856 850/850/850
f 856/856/856 852/852/852 850/850/850
f 853/853/853 857/857/857 856/856/856
f 857/857/857 852/852/852 856/856/856
f 854/854/854 858/858/858 851/851/851
f 858/858/858 855/855/855 851/851/851
f 855/855/855 859/859/859 853/853/853
f 859/859/859 857/857/857 853/853/853
f 860/860/860 854/854/854 852/852/852
f 857/857/857 860/860/860 852/852/852
f 860/860/860 861/861/861 854/854/854
f 861/861/861 858/858/858 854/854/854
f 858/858/858 862/862/862 855/855/855
f 859/859/859 855/855/855 862/862/862
f 857/857/857 863/863/863 860/860/860
f 863/863/863 861/861/861 860/860/860
f 861/861/861 864/864/864 858/858/858
f 858/858/858 864/864/864 862/862/862
f 859/859/859 865/865/865 857/857/857
f 857/857/857 865/865/865 863/863/863
f 866/866/866 865/865/865 859/859/859
f 859/859/859 862/862/862 866/866/866
f 866/866/866 867/867/867 865/865/865
f 867/867/867 863/863/863 865/865/865
f 863/863/863 868/868/868 861/861/861
f 861/861/861 868/868/868 864/864/864
f 862/862/862 869/869/869 866/866/866
f 866/866/866 869/869/869 867/867/867
f 867/867/867 870/870/870 863/863/863
f 863/863/863 870/870/870 868/868/868
f 864/864/864 871/871/871 862/862/862
f 862/862/862 871/871/871 869/869/869
f 868/868/868 872/872/872 864/864/864
f 872/872/872 871/871/871 864/864/864
f 867/867/867 873/873/873 870/870/870
f 869/869/869 873/873/873 867/867/867
f 870/870/870 874/874/874 868/868/868
f 874/874/874 872/872/872 868/868/868
f 872/872/872 875/875/875 871/871/871
f 875/875/875 869/869/869 871/871/871
f 876/876/876 870/870/870 873/873/873
f 876/876/876 874/874/874 870/870/870
f 874/874/874 877/877/877 872/872/872
f 872/872/872 877/877/877 875/875/875
f 878/878/878 873/873/873 869/869/869
f 875/875/875 878/878/878 869/869/869
f 876/876/876 879/879/879 874/874/874
f 877/877/877 874/874/874 879/879/879
f 876/876/876 873/873/873 880/880/880
f 878/878/878 880/880/880 873/873/873
f 875/875/875 881/881/881 878/878/878
f 877/877/877 881/881/881 875/875/875
f 876/876/876 882/882/882 879/879/879
f 880/880/880 882/882/882 876/876/876
f 878/878/878 883/883/883 880/880/880
f 881/881/881 883/883/883 878/878/878
f 877/877/877 884/884/884 881/881/881
f 877/877/877 879/879/879 884/884/884
f 885/885/885 881/881/881 884/884/884
f 885/885/885 884/884/884 879/879/879
f 886/886/886 882/882/882 880/880/880
f 883/883/883 886/886/886 880/880/880
f 881/881/881 887/887/887 883/883/883
f 885/885/885 887/887/887 881/881/881
f 888/888/888 887/887/887 885/885/885
f 885/885/885 879/879/879 889/889/889
f 882/882/882 889/889/889 879/879/879
f 888/888/888 885/885/885 889/889/889
f 887/887/887 890/890/890 883/883/883
f 890/890/890 886/886/886 883/883/883
f 891/891/891 886/886/886 890/890/890
f 886/886/886 891/891/891 892/892/892
f 886/886/886 892/892/892 882/882/882
f 893/893/893 889/889/889 882/882/882
f 893/893/893 882/882/882 892/892/892
f 888/888/888 889/889/889 893/893/893
f 894/894/894 890/890/890 887/887/887
f 888/888/888 894/894/894 887/887/887
f 895/895/895 893/893/893 892/892/892
f 891/891/891 895/895/895 892/892/892
f 896/896/896 890/890/890 894/894/894
f 891/891/891 890/890/890 896/896/896
f 895/895/895 897/897/897 893/893/893
f 893/893/893 897/897/897 888/888/888
f 888/888/888 898/898/898 894/894/894
f 896/896/896 894/894/894 898/898/898
f 888/888/888 899/899/899 898/898/898
f 897/897/897 899/899/899 888/888/888
f 895/895/895 900/900/900 897/897/897
f 891/891/891 900/900/900 895/895/895
f 898/898/898 901/901/901 896/896/896
f 899/899/899 901/901/901 898/898/898
f 900/900/900 902/902/902 897/897/897
f 902/902/902 899/899/899 897/897/897
f 903/903/903 902/902/902 900/900/900
f 899/899/899 902/902/902 903/903/903
f 896/896/896 904/904/904 891/891/891
f 901/901/901 904/904/904 896/896/896
f 891/891/891 905/905/905 900/900/900
f 903/903/903 900/900/900 905/905/905
f 906/906/906 901/901/901 899/899/899
f 899/899/899 903/903/903 906/906/906
f 891/891/891 907/907/907 905/905/905
f 904/904/904 907/907/907 891/891/891
f 908/908/908 903/903/903 905/905/905
f 907/907/907 908/908/908 905/905/905
f 909/909/909 904/904/904 901/901/901
f 906/906/906 909/909/909 901/901/901
f 910/910/910 906/906/906 903/903/903
f 908/908/908 910/910/910 903/903/903
f 911/911/911 907/907/907 904/904/904
f 911/911/911 908/908/908 907/907/907
f 906/906/906 912/912/912 909/909/909
f 910/910/910 912/912/912 906/906/906
f 910/910/910 913/913/913 912/912/912
f 909/909/909 914/914/914 904/904/904
f 911/911/911 904/904/904 914/914/914
f 912/912/912 915/915/915 909/909/909
f 913/913/913 915/915/915 912/912/912
f 909/909/909 915/915/915 914/914/914
f 908/908/908 916/916/916 910/910/910
f 911/911/911 916/916/916 908/908/908
f 914/914/914 917/917/917 911/911/911
f 911/911/911 917/917/917 916/916/916
f 918/918/918 916/916/916 917/917/917
f 914/914/914 919/919/919 917/917/917
f 915/915/915 919/919/919 914/914/914
f 919/919/919 918/918/918 917/917/917
f 916/916/916 920/920/920 910/910/910
f 910/910/910 920/920/920 913/913/913
f 921/921/921 920/920/920 916/916/916
f 918/918/918 921/921/921 916/916/916
f 913/913/913 922/922/922 915/915/915
f 922/922/922 919/919/919 915/915/915
f 923/923/923 919/919/919 922/922/922
f 923/923/923 922/922/922 913/913/913
f 920/920/920 924/924/924 913/913/913
f 921/921/921 924/924/924 920/920/920
f 924/924/924 925/925/925 913/913/913
f 923/923/923 913/913/913 925/925/925
f 925/925/925 926/926/926 923/923/923
f 927/927/927 925/925/925 924/924/924
f 927/927/927 924/924/924 921/921/921
f 926/926/926 925/925/925 927/927/927
f 927/927/927 921/921/921 928/928/928
f 918/918/918 928/928/928 921/921/921
f 923/923/923 929/929/929 919/919/919
f 929/929/929 918/918/918 919/919/919
f 923/923/923 930/930/930 929/929/929
f 930/930/930 918/918/918 929/929/929
f 926/926/926 927/927/927 931/931/931
f 928/928/928 931/931/931 927/927/927
f 932/932/932 928/928/928 918/918/918
f 930/930/930 932/932/932 918/918/918
f 923/923/923 933/933/933 930/930/930
f 926/926/926 933/933/933 923/923/923
f 933/933/933 934/934/934 930/930/930
f 934/934/934 933/933/933 926/926/926
f 935/935/935 931/931/931 928/928/928
f 932/932/932 935/935/935 928/928/928
f 931/931/931 935/935/935 936/936/936
f 932/932/932 936/936/936 935/935/935
f 932/932/932 930/930/930 937/937/937
f 934/934/934 937/937/937 930/930/930
f 931/931/931 938/938/938 926/926/926
f 931/931/931 936/936/936 938/938/938
f 938/938/938 939/939/939 926/926/926
f 934/934/934 926/926/926 939/939/939
f 938/938/938 940/940/940 939/939/939
f 936/936/936 940/940/940 938/938/938
f 932/932/932 937/937/937 941/941/941
f 941/941/941 936/936/936 932/932/932
f 937/937/937 942/942/942 941/941/941
f 941/941/941 942/942/942 936/936/936
f 934/934/934 943/943/943 937/937/937
f 937/937/937 943/943/943 942/942/942
f 944/944/944 934/934/934 939/939/939
f 940/940/940 944/944/944 939/939/939
f 936/936/936 945/945/945 940/940/940
f 942/942/942 945/945/945 936/936/936
f 934/934/934 946/946/946 943/943/943
f 944/944/944 946/946/946 934/934/934
f 940/940/940 947/947/947 944/944/944
f 945/945/945 947/947/947 940/940/940
f 948/948/948 942/942/942 943/943/943
f 946/946/946 948/948/948 943/943/943
f 948/948/948 946/946/946 949/949/949
f 950/950/950 946/946/946 944/944/944
f 947/947/947 950/950/950 944/944/944
f 950/950/950 949/949/949 946/946/946
f 951/951/951 945/945/945 942/942/942
f 948/948/948 951/951/951 942/942/942
f 952/952/952 947/947/947 945/945/945
f 951/951/951 952/952/952 945/945/945
f 947/947/947 953/953/953 950/950/950
f 952/952/952 953/953/953 947/947/947
f 948/948/948 954/954/954 951/951/951
f 951/951/951 954/954/954 952/952/952
f 948/948/948 949/949/949 955/955/955
f 948/948/948 955/955/955 954/954/954
f 954/954/954 956/956/956 952/952/952
f 952/952/952 956/956/956 953/953/953
f 953/953/953 957/957/957 950/950/950
f 957/957/957 949/949/949 950/950/950
f 955/955/955 958/958/958 954/954/954
f 954/954/954 958/958/958 956/956/956
f 959/959/959 956/956/956 958/958/958
f 960/960/960 958/958/958 955/955/955
f 949/949/949 960/960/960 955/955/955
f 960/960/960 959/959/959 958/958/958
f 956/956/956 961/961/961 953/953/953
f 953/953/953 961/961/961 957/957/957
f 949/949/949 957/957/957 962/962/962
f 961/961/961 962/962/962 957/957/957
f 963/963/963 960/960/960 949/949/949
f 949/949/949 962/962/962 963/963/963
f 964/964/964 961/961/961 956/956/956
f 959/959/959 964/964/964 956/956/956
f 961/961/961 965/965/965 962/962/962
f 964/964/964 965/965/965 961/961/961
f 966/966/966 959/959/959 960/960/960
f 963/963/963 966/966/966 960/960/960
f 962/962/962 967/967/967 963/963/963
f 965/965/965 967/967/967 962/962/962
f 964/964/964 968/968/968 965/965/965
f 959/959/959 968/968/968 964/964/964
f 966/966/966 969/969/969 959/959/959
f 963/963/963 969/969/969 966/966/966
f 967/967/967 970/970/970 963/963/963
f 970/970/970 969/969/969 963/963/963
f 969/969/969 971/971/971 959/959/959
f 959/959/959 971/971/971 968/968/968
f 968/968/968 972/972/972 965/965/965
f 972/972/972 967/967/967 965/965/965
f 968/968/968 973/973/973 972/972/972
f 967/967/967 972/972/972 973/973/973
f 967/967/967 974/974/974 970/970/970
f 967/967/967 973/973/973 974/974/974
f 969/969/969 975/975/975 971/971/971
f 970/970/970 975/975/975 969/969/969
f 976/976/976 968/968/968 971/971/971
f 968/968/968 976/976/976 973/973/973
f 976/976/976 977/977/977 973/973/973
f 973/973/973 978/978/978 974/974/974
f 970/970/970 974/974/974 978/978/978
f 977/977/977 978/978/978 973/973/973
f 976/976/976 971/971/971 979/979/979
f 975/975/975 979/979/979 971/971/971
f 970/970/970 978/978/978 980/980/980
f 980/980/980 975/975/975 970/970/970
f 978/978/978 981/981/981 980/980/980
f 980/980/980 981/981/981 975/975/975
f 982/982/982 977/977/977 976/976/976
f 979/979/979 982/982/982 976/976/976
f 983/983/983 979/979/979 975/975/975
f 981/981/981 983/983/983 975/975/975
f 984/984/984 982/982/982 979/979/979
f 983/983/983 984/984/984 979/979/979
f 985/985/985 981/981/981 978/978/978
f 977/977/977 985/985/985 978/978/978
f 984/984/984 986/986/986 982/982/982
f 977/977/977 982/982/982 986/986/986
f 987/987/987 984/984/984 983/983/983
f 981/981/981 987/987/987 983/983/983
f 988/988/988 981/981/981 985/985/985
f 977/977/977 988/988/988 985/985/985
f 984/984/984 989/989/989 986/986/986
f 987/987/987 989/989/989 984/984/984
f 977/977/977 986/986/986 990/990/990
f 977/977/977 990/990/990 988/988/988
f 988/988/988 991/991/991 981/981/981
f 981/981/981 991/991/991 987/987/987
f 992/992/992 991/991/991 988/988/988
f 990/990/990 992/992/992 988/988/988
f 986/986/986 993/993/993 990/990/990
f 989/989/989 993/993/993 986/986/986
f 994/994/994 987/987/987 991/991/991
f 992/992/992 994/994/994 991/991/991
f 994/994/994 995/995/995 987/987/987
f 987/987/987 995/995/995 989/989/989
f 994/994/994 996/996/996 995/995/995
f 992/992/992 996/996/996 994/994/994
f 990/990/990 997/997/997 992/992/992
f 993/993/993 997/997/997 990/990/990
f 995/995/995 998/998/998 989/989/989
f 996/996/996 998/998/998 995/995/995
f 999/999/999 996/996/996 992/992/992
f 997/997/997 999/999/999 992/992/992
f 989/989/989 1000/1000/1000 993/993/993
f 998/998/998 1000/1000/1000 989/989/989
f 996/996/996 1001/1001/1001 998/998/998
f 999/999/999 1001/1001/1001 996/996/996
f 1001/1001/1001 1002/1002/1002 998/998/998
f 1002/1002/1002 1000/1000/1000 998/998/998
f 1003/1003/1003 997/997/997 993/993/993
f 1000/1000/1000 1003/1003/1003 993/993/993
f 997/997/997 1003/1003/1003 1004/1004/1004
f 1004/1004/1004 1003/1003/1003 1000/1000/1000
f 1005/1005/1005 999/999/999 997/997/997
f 997/997/997 1004/1004/1004 1005/1005/1005
f 999/999/999 1006/1006/1006 1001/1001/1001
f 1001/1001/1001 1006/1006/1006 1002/1002/1002
f 1002/1002/1002 1007/1007/1007 1000/1000/1000
f 1004/1004/1004 1000/1000/1000 1007/1007/1007
f 1005/1005/1005 1008/1008/1008 999/999/999
f 1008/1008/1008 1006/1006/1006 999/999/999
f 1006/1006/1006 1009/1009/1009 1002/1002/1002
f 1009/1009/1009 1007/1007/1007 1002/1002/1002
f 1004/1004/1004 1010/1010/1010 1005/1005/1005
f 1010/1010/1010 1008/1008/1008 1005/1005/1005
f 1008/1008/1008 1011/1011/1011 1006/1006/1006
f 1006/1006/1006 1011/1011/1011 1009/1009/1009
f 1009/1009/1009 1012/1012/1012 1007/1007/1007
f 1004/1004/1004 1007/1007/1007 1012/1012/1012
f 1004/1004/1004 1013/1013/1013 1010/1010/1010
f 1004/1004/1004 1012/1012/1012 1013/1013/1013
f 1014/1014/1014 1012/1012/1012 1009/1009/1009
f 1011/1011/1011 1014/1014/1014 1009/1009/1009
f 1015/1015/1015 1013/1013/1013 1012/1012/1012
f 1014/1014/1014 1015/1015/1015 1012/1012/1012
f 1008/1008/1008 1016/1016/1016 1011/1011/1011
f 1010/1010/1010 1016/1016/1016 1008/1008/1008
f 1010/1010/1010 1013/1013/1013 1017/1017/1017
f 1015/1015/1015 1017/1017/1017 1013/1013/1013
f 1014/1014/1014 1018/1018/1018 1015/1015/1015
f 1018/1018/1018 1014/1014/1014 1011/1011/1011
f 1016/1016/1016 1019/1019/1019 1011/1011/1011
f 1018/1018/1018 1011/1011/1011 1019/1019/1019
f 1020/1020/1020 1016/1016/1016 1010/1010/1010
f 1010/1010/1010 1017/1017/1017 1020/1020/1020
f 1021/1021/1021 1017/1017/1017 1015/1015/1015
f 1018/1018/1018 1021/1021/1021 1015/1015/1015
f 1016/1016/1016 1022/1022/1022 1019/1019/1019
f 1020/1020/1020 1022/1022/1022 1016/1016/1016
f 1023/1023/1023 1020/1020/1020 1017/1017/1017
f 1021/1021/1021 1023/1023/1023 1017/1017/1017
f 1024/1024/1024 1022/1022/1022 1020/1020/1020
f 1023/1023/1023 1024/1024/1024 1020/1020/1020
f 1019/1019/1019 1022/1022/1022 1025/1025/1025
f 1024/1024/1024 1025/1025/1025 1022/1022/1022
f 1018/1018/1018 1019/1019/1019 1026/1026/1026
f 1019/1019/1019 1025/1025/1025 1026/1026/1026
f 1021/1021/1021 1018/1018/1018 1027/1027/1027
f 1018/1018/1018 1026/1026/1026 1027/1027/1027
f 1021/1021/1021 1028/1028/1028 1023/1023/1023
f 1021/1021/1021 1027/1027/1027 1028/1028/1028
f 1028/1028/1028 1029/1029/1029 1023/1023/1023
f 1029/1029/1029 1024/1024/1024 1023/1023/1023
f 1028/1028/1028 1030/1030/1030 1029/1029/1029
f 1027/1027/1027 1030/1030/1030 1028/1028/1028
f 1026/1026/1026 1031/1031/1031 1027/1027/1027
f 1025/1025/1025 1031/1031/1031 1026/1026/1026
f 1024/1024/1024 1029/1029/1029 1032/1032/1032
f 1030/1030/1030 1032/1032/1032 1029/1029/1029
f 1033/1033/1033 1025/1025/1025 1024/1024/1024
f 1024/1024/1024 1032/1032/1032 1033/1033/1033
f 1033/1033/1033 1034/1034/1034 1025/1025/1025
f 1025/1025/1025 1034/1034/1034 1031/1031/1031
f 1031/1031/1031 1035/1035/1035 1027/1027/1027
f 1035/1035/1035 1030/1030/1030 1027/1027/1027
f 1036/1036/1036 1033/1033/1033 1032/1032/1032
f 1033/1033/1033 1036/1036/1036 1034/1034/1034
f 1037/1037/1037 1032/1032/1032 1030/1030/1030
f 1036/1036/1036 1032/1032/1032 1037/1037/1037
f 1031/1031/1031 1038/1038/1038 1035/1035/1035
f 1034/1034/1034 1038/1038/1038 1031/1031/1031
f 1035/1035/1035 1039/1039/1039 1030/1030/1030
f 1037/1037/1037 1030/1030/1030 1039/1039/1039
f 1040/1040/1040 1037/1037/1037 1039/1039/1039
f 1035/1035/1035 1041/1041/1041 1039/1039/1039
f 1041/1041/1041 1035/1035/1035 1038/1038/1038
f 1041/1041/1041 1040/1040/1040 1039/1039/1039
f 1042/1042/1042 1038/1038/1038 1034/1034/1034
f 1041/1041/1041 1038/1038/1038 1042/1042/1042
f 1036/1036/1036 1043/1043/1043 1034/1034/1034
f 1042/1042/1042 1034/1034/1034 1043/1043/1043
f 1037/1037/1037 1044/1044/1044 1036/1036/1036
f 1036/1036/1036 1044/1044/1044 1043/1043/1043
f 1041/1041/1041 1045/1045/1045 1040/1040/1040
f 1045/1045/1045 1041/1041/1041 1042/1042/1042
f 1042/1042/1042 1043/1043/1043 1046/1046/1046
f 1044/1044/1044 1046/1046/1046 1043/1043/1043
f 1047/1047/1047 1044/1044/1044 1037/1037/1037
f 1040/1040/1040 1047/1047/1047 1037/1037/1037
f 1047/1047/1047 1048/1048/1048 1044/1044/1044
f 1044/1044/1044 1048/1048/1048 1046/1046/1046
f 1042/1042/1042 1046/1046/1046 1049/1049/1049
f 1045/1045/1045 1042/1042/1042 1049/1049/1049
f 1049/1049/1049 1046/1046/1046 1050/1050/1050
f 1048/1048/1048 1050/1050/1050 1046/1046/1046
f 1048/1048/1048 1051/1051/1051 1050/1050/1050
f 1047/1047/1047 1052/1052/1052 1048/1048/1048
f 1040/1040/1040 1052/1052/1052 1047/1047/1047
f 1051/1051/1051 1048/1048/1048 1052/1052/1052
f 1045/1045/1045 1049/1049/1049 1053/1053/1053
f 1049/1049/1049 1050/1050/1050 1053/1053/1053
f 1054/1054/1054 1040/1040/1040 1045/1045/1045
f 1045/1045/1045 1053/1053/1053 1054/1054/1054
f 1053/1053/1053 1055/1055/1055 1054/1054/1054
f 1056/1056/1056 1054/1054/1054 1055/1055/1055
f 1054/1054/1054 1056/1056/1056 1040/1040/1040
f 1040/1040/1040 1056/1056/1056 1052/1052/1052
f 1053/1053/1053 1050/1050/1050 1057/1057/1057
f 1051/1051/1051 1057/1057/1057 1050/1050/1050
f 1058/1058/1058 1052/1052/1052 1056/1056/1056
f 1051/1051/1051 1052/1052/1052 1058/1058/1058
f 1059/1059/1059 1055/1055/1055 1053/1053/1053
f 1053/1053/1053 1057/1057/1057 1059/1059/1059
f 1057/1057/1057 1060/1060/1060 1059/1059/1059
f 1060/1060/1060 1055/1055/1055 1059/1059/1059
f 1058/1058/1058 1056/1056/1056 1061/1061/1061
f 1056/1056/1056 1055/1055/1055 1061/1061/1061
f 1061/1061/1061 1062/1062/1062 1058/1058/1058
f 1055/1055/1055 1062/1062/1062 1061/1061/1061
f 1062/1062/1062 1063/1063/1063 1058/1058/1058
f 1063/1063/1063 1051/1051/1051 1058/1058/1058
f 1051/1051/1051 1064/1064/1064 1057/1057/1057
f 1057/1057/1057 1064/1064/1064 1060/1060/1060
f 1055/1055/1055 1065/1065/1065 1062/1062/1062
f 1062/1062/1062 1065/1065/1065 1063/1063/1063
f 1063/1063/1063 1066/1066/1066 1051/1051/1051
f 1066/1066/1066 1064/1064/1064 1051/1051/1051
f 1060/1060/1060 1067/1067/1067 1055/1055/1055
f 1055/1055/1055 1067/1067/1067 1065/1065/1065
f 1065/1065/1065 1068/1068/1068 1063/1063/1063
f 1063/1063/1063 1068/1068/1068 1066/1066/1066
f 1064/1064/1064 1069/1069/1069 1060/1060/1060
f 1060/1060/1060 1069/1069/1069 1067/1067/1067
f 1067/1067/1067 1070/1070/1070 1065/1065/1065
f 1065/1065/1065 1070/1070/1070 1068/1068/1068
f 1068/1068/1068 1070/1070/1070 1071/1071/1071
f 1068/1068/1068 1071/1071/1071 1072/1072/1072
f 1072/1072/1072 1066/1066/1066 1068/1068/1068
f 1073/1073/1073 1070/1070/1070 1067/1067/1067
f 1069/1069/1069 1073/1073/1073 1067/1067/1067
f 1071/1071/1071 1070/1070/1070 1073/1073/1073
f 1064/1064/1064 1066/1066/1066 1074/1074/1074
f 1072/1072/1072 1074/1074/1074 1066/1066/1066
f 1064/1064/1064 1075/1075/1075 1069/1069/1069
f 1064/1064/1064 1074/1074/1074 1075/1075/1075
f 1069/1069/1069 1076/1076/1076 1073/1073/1073
f 1071/1071/1071 1073/1073/1073 1076/1076/1076
f 1075/1075/1075 1077/1077/1077 1069/1069/1069
f 1069/1069/1069 1077/1077/1077 1076/1076/1076
f 1074/1074/1074 1078/1078/1078 1075/1075/1075
f 1075/1075/1075 1078/1078/1078 1077/1077/1077
f 1077/1077/1077 1079/1079/1079 1076/1076/1076
f 1076/1076/1076 1079/1079/1079 1071/1071/1071
f 1080/1080/1080 1071/1071/1071 1079/1079/1079
f 1081/1081/1081 1079/1079/1079 1077/1077/1077
f 1081/1081/1081 1077/1077/1077 1078/1078/1078
f 1081/1081/1081 1080/1080/1080 1079/1079/1079
f 1082/1082/1082 1078/1078/1078 1074/1074/1074
f 1081/1081/1081 1078/1078/1078 1082/1082/1082
f 1072/1072/1072 1083/1083/1083 1074/1074/1074
f 1082/1082/1082 1074/1074/1074 1083/1083/1083
f 1071/1071/1071 1084/1084/1084 1072/1072/1072
f 1072/1072/1072 1084/1084/1084 1083/1083/1083
f 1085/1085/1085 1081/1081/1081 1082/1082/1082
f 1085/1085/1085 1080/1080/1080 1081/1081/1081
f 1086/1086/1086 1082/1082/1082 1083/1083/1083
f 1085/1085/1085 1082/1082/1082 1086/1086/1086
f 1086/1086/1086 1083/1083/1083 1087/1087/1087
f 1084/1084/1084 1087/1087/1087 1083/1083/1083
f 1088/1088/1088 1084/1084/1084 1071/1071/1071
f 1080/1080/1080 1088/1088/1088 1071/1071/1071
f 1085/1085/1085 1086/1086/1086 1089/1089/1089
f 1087/1087/1087 1089/1089/1089 1086/1086/1086
f 1090/1090/1090 1089/1089/1089 1087/1087/1087
f 1091/1091/1091 1087/1087/1087 1084/1084/1084
f 1088/1088/1088 1091/1091/1091 1084/1084/1084
f 1091/1091/1091 1090/1090/1090 1087/1087/1087
f 1085/1085/1085 1092/1092/1092 1080/1080/1080
f 1085/1085/1085 1089/1089/1089 1092/1092/1092
f 1080/1080/1080 1093/1093/1093 1088/1088/1088
f 1088/1088/1088 1093/1093/1093 1091/1091/1091
f 1092/1092/1092 1094/1094/1094 1080/1080/1080
f 1080/1080/1080 1094/1094/1094 1093/1093/1093
f 1089/1089/1089 1095/1095/1095 1092/1092/1092
f 1092/1092/1092 1095/1095/1095 1094/1094/1094
f 1095/1095/1095 1096/1096/1096 1094/1094/1094
f 1094/1094/1094 1096/1096/1096 1097/1097/1097
f 1094/1094/1094 1097/1097/1097 1093/1093/1093
f 1093/1093/1093 1097/1097/1097 1091/1091/1091
f 1090/1090/1090 1098/1098/1098 1089/1089/1089
f 1098/1098/1098 1095/1095/1095 1089/1089/1089
f 1098/1098/1098 1099/1099/1099 1095/1095/1095
f 1090/1090/1090 1099/1099/1099 1098/1098/1098
f 1095/1095/1095 1100/1100/1100 1096/1096/1096
f 1099/1099/1099 1100/1100/1100 1095/1095/1095
f 1097/1097/1097 1101/1101/1101 1091/1091/1091
f 1101/1101/1101 1090/1090/1090 1091/1091/1091
f 1097/1097/1097 1102/1102/1102 1101/1101/1101
f 1102/1102/1102 1090/1090/1090 1101/1101/1101
f 1100/1100/1100 1103/1103/1103 1096/1096/1096
f 1103/1103/1103 1100/1100/1100 1099/1099/1099
f 1104/1104/1104 1099/1099/1099 1090/1090/1090
f 1102/1102/1102 1104/1104/1104 1090/1090/1090
f 1105/1105/1105 1102/1102/1102 1097/1097/1097
f 1096/1096/1096 1105/1105/1105 1097/1097/1097
f 1106/1106/1106 1105/1105/1105 1096/1096/1096
f 1105/1105/1105 1107/1107/1107 1102/1102/1102
f 1107/1107/1107 1104/1104/1104 1102/1102/1102
f 1105/1105/1105 1106/1106/1106 1107/1107/1107
f 1104/1104/1104 1108/1108/1108 1099/1099/1099
f 1103/1103/1103 1099/1099/1099 1108/1108/1108
f 1107/1107/1107 1109/1109/1109 1104/1104/1104
f 1108/1108/1108 1104/1104/1104 1109/1109/1109
f 1103/1103/1103 1108/1108/1108 1110/1110/1110
f 1108/1108/1108 1109/1109/1109 1110/1110/1110
f 1096/1096/1096 1103/1103/1103 1111/1111/1111
f 1103/1103/1103 1110/1110/1110 1111/1111/1111
f 1106/1106/1106 1112/1112/1112 1107/1107/1107
f 1112/1112/1112 1109/1109/1109 1107/1107/1107
f 1109/1109/1109 1113/1113/1113 1110/1110/1110
f 1110/1110/1110 1113/1113/1113 1111/1111/1111
f 1096/1096/1096 1111/1111/1111 1114/1114/1114
f 1106/1106/1106 1096/1096/1096 1114/1114/1114
f 1112/1112/1112 1115/1115/1115 1109/1109/1109
f 1109/1109/1109 1115/1115/1115 1113/1113/1113
f 1116/1116/1116 1114/1114/1114 1111/1111/1111
f 1113/1113/1113 1116/1116/1116 1111/1111/1111
f 1106/1106/1106 1117/1117/1117 1112/1112/1112
f 1112/1112/1112 1117/1117/1117 1115/1115/1115
f 1118/1118/1118 1117/1117/1117 1106/1106/1106
f 1106/1106/1106 1114/1114/1114 1119/1119/1119
f 1116/1116/1116 1119/1119/1119 1114/1114/1114
f 1106/1106/1106 1119/1119/1119 1118/1118/1118
f 1115/1115/1115 1120/1120/1120 1113/1113/1113
f 1113/1113/1113 1120/1120/1120 1116/1116/1116
f 1117/1117/1117 1121/1121/1121 1115/1115/1115
f 1121/1121/1121 1120/1120/1120 1115/1115/1115
f 1122/1122/1122 1119/1119/1119 1116/1116/1116
f 1122/1122/1122 1118/1118/1118 1119/1119/1119
f 1123/1123/1123 1118/1118/1118 1122/1122/1122
f 1122/1122/1122 1116/1116/1116 1124/1124/1124
f 1120/1120/1120 1124/1124/1124 1116/1116/1116
f 1124/1124/1124 1123/1123/1123 1122/1122/1122
f 1120/1120/1120 1125/1125/1125 1124/1124/1124
f 1121/1121/1121 1125/1125/1125 1120/1120/1120
f 1126/1126/1126 1121/1121/1121 1117/1117/1117
f 1118/1118/1118 1126/1126/1126 1117/1117/1117
f 1127/1127/1127 1121/1121/1121 1126/1126/1126
f 1121/1121/1121 1127/1127/1127 1125/1125/1125
f 1125/1125/1125 1128/1128/1128 1124/1124/1124
f 1124/1124/1124 1128/1128/1128 1123/1123/1123
f 1118/1118/1118 1129/1129/1129 1126/1126/1126
f 1127/1127/1127 1126/1126/1126 1129/1129/1129
f 1130/1130/1130 1128/1128/1128 1125/1125/1125
f 1127/1127/1127 1130/1130/1130 1125/1125/1125
f 1123/1123/1123 1128/1128/1128 1131/1131/1131
f 1130/1130/1130 1131/1131/1131 1128/1128/1128
f 1132/1132/1132 1129/1129/1129 1118/1118/1118
f 1123/1123/1123 1132/1132/1132 1118/1118/1118
f 1132/1132/1132 1133/1133/1133 1129/1129/1129
f 1123/1123/1123 1133/1133/1133 1132/1132/1132
f 1129/1129/1129 1134/1134/1134 1127/1127/1127
f 1133/1133/1133 1134/1134/1134 1129/1129/1129
f 1135/1135/1135 1130/1130/1130 1127/1127/1127
f 1134/1134/1134 1135/1135/1135 1127/1127/1127
f 1123/1123/1123 1131/1131/1131 1136/1136/1136
f 1136/1136/1136 1133/1133/1133 1123/1123/1123
f 1131/1131/1131 1137/1137/1137 1136/1136/1136
f 1137/1137/1137 1133/1133/1133 1136/1136/1136
f 1130/1130/1130 1138/1138/1138 1131/1131/1131
f 1131/1131/1131 1138/1138/1138 1137/1137/1137
f 1139/1139/1139 1134/1134/1134 1133/1133/1133
f 1137/1137/1137 1139/1139/1139 1133/1133/1133
f 1130/1130/1130 1140/1140/1140 1138/1138/1138
f 1135/1135/1135 1140/1140/1140 1130/1130/1130
f 1135/1135/1135 1134/1134/1134 1141/1141/1141
f 1139/1139/1139 1141/1141/1141 1134/1134/1134
f 1137/1137/1137 1138/1138/1138 1142/1142/1142
f 1140/1140/1140 1142/1142/1142 1138/1138/1138
f 1135/1135/1135 1141/1141/1141 1143/1143/1143
f 1143/1143/1143 1140/1140/1140 1135/1135/1135
f 1137/1137/1137 1144/1144/1144 1139/1139/1139
f 1137/1137/1137 1142/1142/1142 1144/1144/1144
f 1139/1139/1139 1145/1145/1145 1141/1141/1141
f 1141/1141/1141 1145/1145/1145 1143/1143/1143
f 1143/1143/1143 1146/1146/1146 1140/1140/1140
f 1146/1146/1146 1142/1142/1142 1140/1140/1140
f 1142/1142/1142 1147/1147/1147 1144/1144/1144
f 1146/1146/1146 1147/1147/1147 1142/1142/1142
f 1143/1143/1143 1148/1148/1148 1146/1146/1146
f 1145/1145/1145 1148/1148/1148 1143/1143/1143
f 1149/1149/1149 1145/1145/1145 1139/1139/1139
f 1144/1144/1144 1149/1149/1149 1139/1139/1139
f 1149/1149/1149 1150/1150/1150 1145/1145/1145
f 1150/1150/1150 1148/1148/1148 1145/1145/1145
f 1148/1148/1148 1151/1151/1151 1146/1146/1146
f 1151/1151/1151 1147/1147/1147 1146/1146/1146
f 1144/1144/1144 1152/1152/1152 1149/1149/1149
f 1149/1149/1149 1152/1152/1152 1150/1150/1150
f 1147/1147/1147 1153/1153/1153 1144/1144/1144
f 1144/1144/1144 1153/1153/1153 1152/1152/1152
f 1150/1150/1150 1154/1154/1154 1148/1148/1148
f 1154/1154/1154 1151/1151/1151 1148/1148/1148
f 1154/1154/1154 1150/1150/1150 1155/1155/1155
f 1156/1156/1156 1150/1150/1150 1152/1152/1152
f 1153/1153/1153 1156/1156/1156 1152/1152/1152
f 1156/1156/1156 1155/1155/1155 1150/1150/1150
f 1147/1147/1147 1157/1157/1157 1153/1153/1153
f 1151/1151/1151 1157/1157/1157 1147/1147/1147
f 1154/1154/1154 1158/1158/1158 1151/1151/1151
f 1151/1151/1151 1158/1158/1158 1157/1157/1157
f 1159/1159/1159 1156/1156/1156 1153/1153/1153
f 1157/1157/1157 1159/1159/1159 1153/1153/1153
f 1160/1160/1160 1158/1158/1158 1154/1154/1154
f 1154/1154/1154 1155/1155/1155 1160/1160/1160
f 1155/1155/1155 1161/1161/1161 1160/1160/1160
f 1160/1160/1160 1162/1162/1162 1158/1158/1158
f 1158/1158/1158 1162/1162/1162 1157/1157/1157
f 1161/1161/1161 1162/1162/1162 1160/1160/1160
f 1162/1162/1162 1163/1163/1163 1157/1157/1157
f 1157/1157/1157 1163/1163/1163 1159/1159/1159
f 1159/1159/1159 1164/1164/1164 1156/1156/1156
f 1164/1164/1164 1155/1155/1155 1156/1156/1156
f 1165/1165/1165 1164/1164/1164 1159/1159/1159
f 1163/1163/1163 1165/1165/1165 1159/1159/1159
f 1166/1166/1166 1163/1163/1163 1162/1162/1162
f 1161/1161/1161 1166/1166/1166 1162/1162/1162
f 1164/1164/1164 1167/1167/1167 1155/1155/1155
f 1165/1165/1165 1167/1167/1167 1164/1164/1164
f 1168/1168/1168 1165/1165/1165 1163/1163/1163
f 1166/1166/1166 1168/1168/1168 1163/1163/1163
f 1168/1168/1168 1169/1169/1169 1165/1165/1165
f 1165/1165/1165 1169/1169/1169 1167/1167/1167
f 1167/1167/1167 1170/1170/1170 1155/1155/1155
f 1155/1155/1155 1170/1170/1170 1161/1161/1161
f 1166/1166/1166 1171/1171/1171 1168/1168/1168
f 1168/1168/1168 1171/1171/1171 1169/1169/1169
f 1169/1169/1169 1172/1172/1172 1167/1167/1167
f 1172/1172/1172 1170/1170/1170 1167/1167/1167
f 1173/1173/1173 1161/1161/1161 1170/1170/1170
f 1172/1172/1172 1173/1173/1173 1170/1170/1170
f 1161/1161/1161 1174/1174/1174 1166/1166/1166
f 1166/1166/1166 1174/1174/1174 1171/1171/1171
f 1175/1175/1175 1172/1172/1172 1169/1169/1169
f 1171/1171/1171 1175/1175/1175 1169/1169/1169
f 1161/1161/1161 1176/1176/1176 1174/1174/1174
f 1173/1173/1173 1176/1176/1176 1161/1161/1161
f 1172/1172/1172 1177/1177/1177 1173/1173/1173
f 1175/1175/1175 1177/1177/1177 1172/1172/1172
f 1178/1178/1178 1171/1171/1171 1174/1174/1174
f 1176/1176/1176 1178/1178/1178 1174/1174/1174
f 1173/1173/1173 1179/1179/1179 1176/1176/1176
f 1177/1177/1177 1179/1179/1179 1173/1173/1173
f 1180/1180/1180 1175/1175/1175 1171/1171/1171
f 1178/1178/1178 1180/1180/1180 1171/1171/1171
f 1178/1178/1178 1181/1181/1181 1180/1180/1180
f 1180/1180/1180 1182/1182/1182 1175/1175/1175
f 1175/1175/1175 1182/1182/1182 1177/1177/1177
f 1180/1180/1180 1181/1181/1181 1182/1182/1182
f 1183/1183/1183 1178/1178/1178 1176/1176/1176
f 1179/1179/1179 1183/1183/1183 1176/1176/1176
f 1184/1184/1184 1179/1179/1179 1177/1177/1177
f 1182/1182/1182 1184/1184/1184 1177/1177/1177
f 1178/1178/1178 1185/1185/1185 1181/1181/1181
f 1183/1183/1183 1185/1185/1185 1178/1178/1178
f 1184/1184/1184 1186/1186/1186 1179/1179/1179
f 1186/1186/1186 1183/1183/1183 1179/1179/1179
f 1183/1183/1183 1187/1187/1187 1185/1185/1185
f 1187/1187/1187 1181/1181/1181 1185/1185/1185
f 1188/1188/1188 1184/1184/1184 1182/1182/1182
f 1181/1181/1181 1188/1188/1188 1182/1182/1182
f 1184/1184/1184 1188/1188/1188 1189/1189/1189
f 1181/1181/1181 1189/1189/1189 1188/1188/1188
f 1184/1184/1184 1190/1190/1190 1186/1186/1186
f 1184/1184/1184 1189/1189/1189 1190/1190/1190
f 1191/1191/1191 1183/1183/1183 1186/1186/1186
f 1183/1183/1183 1191/1191/1191 1187/1187/1187
f 1187/1187/1187 1192/1192/1192 1181/1181/1181
f 1192/1192/1192 1189/1189/1189 1181/1181/1181
f 1190/1190/1190 1193/1193/1193 1186/1186/1186
f 1191/1191/1191 1186/1186/1186 1193/1193/1193
f 1189/1189/1189 1194/1194/1194 1190/1190/1190
f 1193/1193/1193 1190/1190/1190 1194/1194/1194
f 1187/1187/1187 1195/1195/1195 1192/1192/1192
f 1195/1195/1195 1187/1187/1187 1191/1191/1191
f 1192/1192/1192 1196/1196/1196 1189/1189/1189
f 1196/1196/1196 1194/1194/1194 1189/1189/1189
f 1193/1193/1193 1194/1194/1194 1197/1197/1197
f 1197/1197/1197 1191/1191/1191 1193/1193/1193
f 1195/1195/1195 1191/1191/1191 1198/1198/1198
f 1197/1197/1197 1198/1198/1198 1191/1191/1191
f 1199/1199/1199 1197/1197/1197 1194/1194/1194
f 1196/1196/1196 1199/1199/1199 1194/1194/1194
f 1192/1192/1192 1200/1200/1200 1196/1196/1196
f 1195/1195/1195 1200/1200/1200 1192/1192/1192
f 1201/1201/1201 1198/1198/1198 1197/1197/1197
f 1199/1199/1199 1201/1201/1201 1197/1197/1197
f 1196/1196/1196 1202/1202/1202 1199/1199/1199
f 1200/1200/1200 1202/1202/1202 1196/1196/1196
f 1203/1203/1203 1195/1195/1195 1198/1198/1198
f 1201/1201/1201 1203/1203/1203 1198/1198/1198
f 1201/1201/1201 1204/1204/1204 1203/1203/1203
f 1203/1203/1203 1205/1205/1205 1195/1195/1195
f 1205/1205/1205 1200/1200/1200 1195/1195/1195
f 1205/1205/1205 1203/1203/1203 1204/1204/1204
f 1206/1206/1206 1201/1201/1201 1199/1199/1199
f 1202/1202/1202 1206/1206/1206 1199/1199/1199
f 1200/1200/1200 1207/1207/1207 1202/1202/1202
f 1207/1207/1207 1200/1200/1200 1205/1205/1205
f 1201/1201/1201 1208/1208/1208 1204/1204/1204
f 1206/1206/1206 1208/1208/1208 1201/1201/1201
f 1209/1209/1209 1206/1206/1206 1202/1202/1202
f 1207/1207/1207 1209/1209/1209 1202/1202/1202
f 1206/1206/1206 1210/1210/1210 1208/1208/1208
f 1209/1209/1209 1210/1210/1210 1206/1206/1206
f 1207/1207/1207 1205/1205/1205 1211/1211/1211
f 1205/1205/1205 1204/1204/1204 1211/1211/1211
f 1212/1212/1212 1209/1209/1209 1207/1207/1207
f 1209/1209/1209 1212/1212/1212 1210/1210/1210
f 1210/1210/1210 1213/1213/1213 1208/1208/1208
f 1213/1213/1213 1204/1204/1204 1208/1208/1208
f 1214/1214/1214 1207/1207/1207 1211/1211/1211
f 1212/1212/1212 1207/1207/1207 1214/1214/1214
f 1204/1204/1204 1215/1215/1215 1211/1211/1211
f 1214/1214/1214 1211/1211/1211 1215/1215/1215
f 1214/1214/1214 1215/1215/1215 1216/1216/1216
f 1204/1204/1204 1217/1217/1217 1215/1215/1215
f 1213/1213/1213 1217/1217/1217 1204/1204/1204
f 1216/1216/1216 1215/1215/1215 1217/1217/1217
f 1210/1210/1210 1218/1218/1218 1213/1213/1213
f 1212/1212/1212 1218/1218/1218 1210/1210/1210
f 1212/1212/1212 1214/1214/1214 1219/1219/1219
f 1214/1214/1214 1216/1216/1216 1219/1219/1219
f 1220/1220/1220 1217/1217/1217 1213/1213/1213
f 1218/1218/1218 1220/1220/1220 1213/1213/1213
f 1221/1221/1221 1218/1218/1218 1212/1212/1212
f 1212/1212/1212 1219/1219/1219 1221/1221/1221
f 1221/1221/1221 1222/1222/1222 1218/1218/1218
f 1218/1218/1218 1222/1222/1222 1220/1220/1220
f 1220/1220/1220 1223/1223/1223 1217/1217/1217
f 1216/1216/1216 1217/1217/1217 1223/1223/1223
f 1224/1224/1224 1221/1221/1221 1219/1219/1219
f 1221/1221/1221 1224/1224/1224 1222/1222/1222
f 1225/1225/1225 1223/1223/1223 1220/1220/1220
f 1222/1222/1222 1225/1225/1225 1220/1220/1220
f 1216/1216/1216 1226/1226/1226 1219/1219/1219
f 1224/1224/1224 1219/1219/1219 1226/1226/1226
f 1227/1227/1227 1216/1216/1216 1223/1223/1223
f 1225/1225/1225 1227/1227/1227 1223/1223/1223
f 1224/1224/1224 1228/1228/1228 1222/1222/1222
f 1228/1228/1228 1225/1225/1225 1222/1222/1222
f 1226/1226/1226 1229/1229/1229 1224/1224/1224
f 1224/1224/1224 1229/1229/1229 1228/1228/1228
f 1228/1228/1228 1230/1230/1230 1225/1225/1225
f 1230/1230/1230 1227/1227/1227 1225/1225/1225
f 1227/1227/1227 1231/1231/1231 1216/1216/1216
f 1231/1231/1231 1226/1226/1226 1216/1216/1216
f 1232/1232/1232 1231/1231/1231 1227/1227/1227
f 1230/1230/1230 1232/1232/1232 1227/1227/1227
f 1231/1231/1231 1233/1233/1233 1226/1226/1226
f 1232/1232/1232 1233/1233/1233 1231/1231/1231
f 1229/1229/1229 1234/1234/1234 1228/1228/1228
f 1234/1234/1234 1230/1230/1230 1228/1228/1228
f 1235/1235/1235 1232/1232/1232 1230/1230/1230
f 1232/1232/1232 1235/1235/1235 1233/1233/1233
f 1233/1233/1233 1236/1236/1236 1226/1226/1226
f 1236/1236/1236 1229/1229/1229 1226/1226/1226
f 1233/1233/1233 1237/1237/1237 1236/1236/1236
f 1237/1237/1237 1229/1229/1229 1236/1236/1236
f 1238/1238/1238 1230/1230/1230 1234/1234/1234
f 1235/1235/1235 1230/1230/1230 1238/1238/1238
f 1234/1234/1234 1229/1229/1229 1239/1239/1239
f 1237/1237/1237 1239/1239/1239 1229/1229/1229
f 1233/1233/1233 1240/1240/1240 1237/1237/1237
f 1235/1235/1235 1240/1240/1240 1233/1233/1233
f 1237/1237/1237 1240/1240/1240 1241/1241/1241
f 1241/1241/1241 1240/1240/1240 1235/1235/1235
f 1238/1238/1238 1242/1242/1242 1235/1235/1235
f 1241/1241/1241 1235/1235/1235 1242/1242/1242
f 1237/1237/1237 1241/1241/1241 1243/1243/1243
f 1239/1239/1239 1237/1237/1237 1243/1243/1243
f 1234/1234/1234 1239/1239/1239 1244/1244/1244
f 1238/1238/1238 1234/1234/1234 1244/1244/1244
f 1244/1244/1244 1239/1239/1239 1245/1245/1245
f 1239/1239/1239 1243/1243/1243 1245/1245/1245
f 1244/1244/1244 1246/1246/1246 1238/1238/1238
f 1244/1244/1244 1245/1245/1245 1246/1246/1246
f 1242/1242/1242 1247/1247/1247 1241/1241/1241
f 1241/1241/1241 1247/1247/1247 1243/1243/1243
f 1248/1248/1248 1242/1242/1242 1238/1238/1238
f 1246/1246/1246 1248/1248/1248 1238/1238/1238
f 1245/1245/1245 1249/1249/1249 1246/1246/1246
f 1243/1243/1243 1249/1249/1249 1245/1245/1245
f 1247/1247/1247 1250/1250/1250 1243/1243/1243
f 1250/1250/1250 1249/1249/1249 1243/1243/1243
f 1251/1251/1251 1247/1247/1247 1242/1242/1242
f 1248/1248/1248 1251/1251/1251 1242/1242/1242
f 1246/1246/1246 1252/1252/1252 1248/1248/1248
f 1249/1249/1249 1252/1252/1252 1246/1246/1246
f 1248/1248/1248 1252/1252/1252 1253/1253/1253
f 1253/1253/1253 1252/1252/1252 1249/1249/1249
f 1254/1254/1254 1249/1249/1249 1250/1250/1250
f 1253/1253/1253 1249/1249/1249 1254/1254/1254
f 1255/1255/1255 1250/1250/1250 1247/1247/1247
f 1251/1251/1251 1255/1255/1255 1247/1247/1247
f 1251/1251/1251 1248/1248/1248 1256/1256/1256
f 1248/1248/1248 1253/1253/1253 1256/1256/1256
f 1254/1254/1254 1257/1257/1257 1253/1253/1253
f 1253/1253/1253 1257/1257/1257 1256/1256/1256
f 1254/1254/1254 1250/1250/1250 1258/1258/1258
f 1258/1258/1258 1250/1250/1250 1255/1255/1255
f 1255/1255/1255 1251/1251/1251 1259/1259/1259
f 1251/1251/1251 1256/1256/1256 1259/1259/1259
f 1258/1258/1258 1255/1255/1255 1260/1260/1260
f 1255/1255/1255 1259/1259/1259 1260/1260/1260
f 1261/1261/1261 1254/1254/1254 1258/1258/1258
f 1260/1260/1260 1261/1261/1261 1258/1258/1258
f 1259/1259/1259 1262/1262/1262 1260/1260/1260
f 1262/1262/1262 1261/1261/1261 1260/1260/1260
f 1263/1263/1263 1259/1259/1259 1256/1256/1256
f 1262/1262/1262 1259/1259/1259 1263/1263/1263
f 1254/1254/1254 1264/1264/1264 1257/1257/1257
f 1261/1261/1261 1264/1264/1264 1254/1254/1254
f 1257/1257/1257 1265/1265/1265 1256/1256/1256
f 1263/1263/1263 1256/1256/1256 1265/1265/1265
f 1266/1266/1266 1261/1261/1261 1262/1262/1262
f 1262/1262/1262 1263/1263/1263 1266/1266/1266
f 1267/1267/1267 1265/1265/1265 1257/1257/1257
f 1264/1264/1264 1267/1267/1267 1257/1257/1257
f 1261/1261/1261 1268/1268/1268 1264/1264/1264
f 1266/1266/1266 1268/1268/1268 1261/1261/1261
f 1269/1269/1269 1263/1263/1263 1265/1265/1265
f 1267/1267/1267 1269/1269/1269 1265/1265/1265
f 1270/1270/1270 1267/1267/1267 1264/1264/1264
f 1268/1268/1268 1270/1270/1270 1264/1264/1264
f 1263/1263/1263 1271/1271/1271 1266/1266/1266
f 1269/1269/1269 1271/1271/1271 1263/1263/1263
f 1272/1272/1272 1268/1268/1268 1266/1266/1266
f 1271/1271/1271 1272/1272/1272 1266/1266/1266
f 1272/1272/1272 1273/1273/1273 1268/1268/1268
f 1273/1273/1273 1270/1270/1270 1268/1268/1268
f 1270/1270/1270 1274/1274/1274 1267/1267/1267
f 1274/1274/1274 1269/1269/1269 1267/1267/1267
f 1270/1270/1270 1275/1275/1275 1274/1274/1274
f 1273/1273/1273 1275/1275/1275 1270/1270/1270
f 1269/1269/1269 1274/1274/1274 1276/1276/1276
f 1275/1275/1275 1276/1276/1276 1274/1274/1274
f 1271/1271/1271 1277/1277/1277 1272/1272/1272
f 1277/1277/1277 1273/1273/1273 1272/1272/1272
f 1278/1278/1278 1271/1271/1271 1269/1269/1269
f 1269/1269/1269 1276/1276/1276 1278/1278/1278
f 1279/1279/1279 1275/1275/1275 1273/1273/1273
f 1279/1279/1279 1276/1276/1276 1275/1275/1275
f 1278/1278/1278 1280/1280/1280 1271/1271/1271
f 1271/1271/1271 1280/1280/1280 1277/1277/1277
f 1277/1277/1277 1281/1281/1281 1273/1273/1273
f 1279/1279/1279 1273/1273/1273 1281/1281/1281
f 1281/1281/1281 1282/1282/1282 1279/1279/1279
f 1279/1279/1279 1283/1283/1283 1276/1276/1276
f 1279/1279/1279 1282/1282/1282 1283/1283/1283
f 1276/1276/1276 1284/1284/1284 1278/1278/1278
f 1278/1278/1278 1284/1284/1284 1280/1280/1280
f 1276/1276/1276 1283/1283/1283 1284/1284/1284
f 1285/1285/1285 1281/1281/1281 1277/1277/1277
f 1280/1280/1280 1285/1285/1285 1277/1277/1277
f 1283/1283/1283 1286/1286/1286 1284/1284/1284
f 1286/1286/1286 1280/1280/1280 1284/1284/1284
f 1281/1281/1281 1287/1287/1287 1282/1282/1282
f 1287/1287/1287 1281/1281/1281 1285/1285/1285
f 1285/1285/1285 1280/1280/1280 1288/1288/1288
f 1286/1286/1286 1288/1288/1288 1280/1280/1280
f 1289/1289/1289 1286/1286/1286 1283/1283/1283
f 1282/1282/1282 1289/1289/1289 1283/1283/1283
f 1287/1287/1287 1285/1285/1285 1290/1290/1290
f 1285/1285/1285 1288/1288/1288 1290/1290/1290
f 1291/1291/1291 1288/1288/1288 1286/1286/1286
f 1289/1289/1289 1291/1291/1291 1286/1286/1286
f 1287/1287/1287 1292/1292/1292 1282/1282/1282
f 1290/1290/1290 1292/1292/1292 1287/1287/1287
f 1293/1293/1293 1290/1290/1290 1288/1288/1288
f 1291/1291/1291 1293/1293/1293 1288/1288/1288
f 1282/1282/1282 1294/1294/1294 1289/1289/1289
f 1289/1289/1289 1294/1294/1294 1291/1291/1291
f 1292/1292/1292 1295/1295/1295 1282/1282/1282
f 1282/1282/1282 1295/1295/1295 1294/1294/1294
f 1296/1296/1296 1292/1292/1292 1290/1290/1290
f 1293/1293/1293 1296/1296/1296 1290/1290/1290
f 1297/1297/1297 1295/1295/1295 1292/1292/1292
f 1297/1297/1297 1292/1292/1292 1296/1296/1296
f 1293/1293/1293 1298/1298/1298 1296/1296/1296
f 1297/1297/1297 1296/1296/1296 1298/1298/1298
f 1291/1291/1291 1299/1299/1299 1293/1293/1293
f 1299/1299/1299 1298/1298/1298 1293/1293/1293
f 1294/1294/1294 1300/1300/1300 1291/1291/1291
f 1300/1300/1300 1299/1299/1299 1291/1291/1291
f 1295/1295/1295 1301/1301/1301 1294/1294/1294
f 1297/1297/1297 1301/1301/1301 1295/1295/1295
f 1302/1302/1302 1300/1300/1300 1294/1294/1294
f 1301/1301/1301 1302/1302/1302 1294/1294/1294
f 1303/1303/1303 1301/1301/1301 1297/1297/1297
f 1301/1301/1301 1303/1303/1303 1302/1302/1302
f 1298/1298/1298 1304/1304/1304 1297/1297/1297
f 1303/1303/1303 1297/1297/1297 1304/1304/1304
f 1302/1302/1302 1305/1305/1305 1300/1300/1300
f 1305/1305/1305 1299/1299/1299 1300/1300/1300
f 1299/1299/1299 1306/1306/1306 1298/1298/1298
f 1306/1306/1306 1304/1304/1304 1298/1298/1298
f 1303/1303/1303 1307/1307/1307 1302/1302/1302
f 1307/1307/1307 1305/1305/1305 1302/1302/1302
f 1305/1305/1305 1308/1308/1308 1299/1299/1299
f 1308/1308/1308 1306/1306/1306 1299/1299/1299
f 1309/1309/1309 1303/1303/1303 1304/1304/1304
f 1306/1306/1306 1309/1309/1309 1304/1304/1304
f 1309/1309/1309 1310/1310/1310 1303/1303/1303
f 1310/1310/1310 1307/1307/1307 1303/1303/1303
f 1307/1307/1307 1311/1311/1311 1305/1305/1305
f 1311/1311/1311 1308/1308/1308 1305/1305/1305
f 1306/1306/1306 1312/1312/1312 1309/1309/1309
f 1312/1312/1312 1310/1310/1310 1309/1309/1309
f 1310/1310/1310 1313/1313/1313 1307/1307/1307
f 1307/1307/1307 1313/1313/1313 1311/1311/1311
f 1308/1308/1308 1314/1314/1314 1306/1306/1306
f 1306/1306/1306 1314/1314/1314 1312/1312/1312
f 1315/1315/1315 1310/1310/1310 1312/1312/1312
f 1310/1310/1310 1315/1315/1315 1313/1313/1313
f 1311/1311/1311 1316/1316/1316 1308/1308/1308
f 1308/1308/1308 1316/1316/1316 1314/1314/1314
f 1317/1317/1317 1312/1312/1312 1314/1314/1314
f 1315/1315/1315 1312/1312/1312 1317/1317/1317
f 1313/1313/1313 1318/1318/1318 1311/1311/1311
f 1318/1318/1318 1316/1316/1316 1311/1311/1311
f 1316/1316/1316 1319/1319/1319 1314/1314/1314
f 1317/1317/1317 1314/1314/1314 1319/1319/1319
f 1320/1320/1320 1315/1315/1315 1317/1317/1317
f 1319/1319/1319 1320/1320/1320 1317/1317/1317
f 1315/1315/1315 1321/1321/1321 1313/1313/1313
f 1321/1321/1321 1318/1318/1318 1313/1313/1313
f 1321/1321/1321 1322/1322/1322 1318/1318/1318
f 1318/1318/1318 1323/1323/1323 1316/1316/1316
f 1323/1323/1323 1319/1319/1319 1316/1316/1316
f 1318/1318/1318 1322/1322/1322 1323/1323/1323
f 1324/1324/1324 1321/1321/1321 1315/1315/1315
f 1320/1320/1320 1324/1324/1324 1315/1315/1315
f 1323/1323/1323 1325/1325/1325 1319/1319/1319
f 1325/1325/1325 1320/1320/1320 1319/1319/1319
f 1322/1322/1322 1326/1326/1326 1323/1323/1323
f 1326/1326/1326 1325/1325/1325 1323/1323/1323
f 1324/1324/1324 1327/1327/1327 1321/1321/1321
f 1327/1327/1327 1322/1322/1322 1321/1321/1321
f 1324/1324/1324 1328/1328/1328 1327/1327/1327
f 1327/1327/1327 1328/1328/1328 1322/1322/1322
f 1329/1329/1329 1324/1324/1324 1320/1320/1320
f 1329/1329/1329 1328/1328/1328 1324/1324/1324
f 1329/1329/1329 1330/1330/1330 1328/1328/1328
f 1329/1329/1329 1320/1320/1320 1331/1331/1331
f 1325/1325/1325 1331/1331/1331 1320/1320/1320
f 1330/1330/1330 1329/1329/1329 1331/1331/1331
f 1322/1322/1322 1332/1332/1332 1326/1326/1326
f 1332/1332/1332 1325/1325/1325 1326/1326/1326
f 1328/1328/1328 1333/1333/1333 1322/1322/1322
f 1333/1333/1333 1332/1332/1332 1322/1322/1322
f 1333/1333/1333 1334/1334/1334 1332/1332/1332
f 1332/1332/1332 1335/1335/1335 1325/1325/1325
f 1325/1325/1325 1335/1335/1335 1331/1331/1331
f 1332/1332/1332 1334/1334/1334 1335/1335/1335
f 1336/1336/1336 1333/1333/1333 1328/1328/1328
f 1330/1330/1330 1336/1336/1336 1328/1328/1328
f 1335/1335/1335 1337/1337/1337 1331/1331/1331
f 1330/1330/1330 1331/1331/1331 1337/1337/1337
f 1338/1338/1338 1330/1330/1330 1337/1337/1337
f 1339/1339/1339 1337/1337/1337 1335/1335/1335
f 1334/1334/1334 1339/1339/1339 1335/1335/1335
f 1338/1338/1338 1337/1337/1337 1339/1339/1339
f 1336/1336/1336 1340/1340/1340 1333/1333/1333
f 1333/1333/1333 1340/1340/1340 1334/1334/1334
f 1330/1330/1330 1341/1341/1341 1336/1336/1336
f 1341/1341/1341 1340/1340/1340 1336/1336/1336
f 1338/1338/1338 1342/1342/1342 1330/1330/1330
f 1342/1342/1342 1341/1341/1341 1330/1330/1330
f 1338/1338/1338 1343/1343/1343 1342/1342/1342
f 1342/1342/1342 1343/1343/1343 1341/1341/1341
f 1341/1341/1341 1344/1344/1344 1340/1340/1340
f 1340/1340/1340 1344/1344/1344 1334/1334/1334
f 1334/1334/1334 1345/1345/1345 1339/1339/1339
f 1338/1338/1338 1339/1339/1339 1345/1345/1345
f 1346/1346/1346 1345/1345/1345 1334/1334/1334
f 1344/1344/1344 1346/1346/1346 1334/1334/1334
f 1341/1341/1341 1347/1347/1347 1344/1344/1344
f 1343/1343/1343 1347/1347/1347 1341/1341/1341
f 1338/1338/1338 1345/1345/1345 1348/1348/1348
f 1346/1346/1346 1348/1348/1348 1345/1345/1345
f 1347/1347/1347 1349/1349/1349 1344/1344/1344
f 1349/1349/1349 1346/1346/1346 1344/1344/1344
f 1338/1338/1338 1348/1348/1348 1350/1350/1350
f 1350/1350/1350 1343/1343/1343 1338/1338/1338
f 1346/1346/1346 1351/1351/1351 1348/1348/1348
f 1348/1348/1348 1351/1351/1351 1350/1350/1350
f 1352/1352/1352 1349/1349/1349 1347/1347/1347
f 1343/1343/1343 1352/1352/1352 1347/1347/1347
f 1353/1353/1353 1349/1349/1349 1352/1352/1352
f 1349/1349/1349 1354/1354/1354 1346/1346/1346
f 1346/1346/1346 1354/1354/1354 1351/1351/1351
f 1350/1350/1350 1355/1355/1355 1343/1343/1343
f 1351/1351/1351 1355/1355/1355 1350/1350/1350
f 1343/1343/1343 1356/1356/1356 1352/1352/1352
f 1356/1356/1356 1353/1353/1353 1352/1352/1352
f 1355/1355/1355 1356/1356/1356 1343/1343/1343
f 1353/1353/1353 1357/1357/1357 1349/1349/1349
f 1357/1357/1357 1354/1354/1354 1349/1349/1349
f 1355/1355/1355 1351/1351/1351 1358/1358/1358
f 1354/1354/1354 1358/1358/1358 1351/1351/1351
f 1355/1355/1355 1359/1359/1359 1356/1356/1356
f 1356/1356/1356 1359/1359/1359 1353/1353/1353
f 1359/1359/1359 1360/1360/1360 1353/1353/1353
f 1361/1361/1361 1359/1359/1359 1355/1355/1355
f 1355/1355/1355 1358/1358/1358 1361/1361/1361
f 1361/1361/1361 1360/1360/1360 1359/1359/1359
f 1353/1353/1353 1362/1362/1362 1357/1357/1357
f 1362/1362/1362 1354/1354/1354 1357/1357/1357
f 1358/1358/1358 1363/1363/1363 1361/1361/1361
f 1361/1361/1361 1363/1363/1363 1360/1360/1360
f 1364/1364/1364 1358/1358/1358 1354/1354/1354
f 1362/1362/1362 1364/1364/1364 1354/1354/1354
f 1365/1365/1365 1362/1362/1362 1353/1353/1353
f 1360/1360/1360 1365/1365/1365 1353/1353/1353
f 1358/1358/1358 1366/1366/1366 1363/1363/1363
f 1364/1364/1364 1366/1366/1366 1358/1358/1358
f 1362/1362/1362 1367/1367/1367 1364/1364/1364
f 1367/1367/1367 1362/1362/1362 1365/1365/1365
f 1363/1363/1363 1368/1368/1368 1360/1360/1360
f 1366/1366/1366 1368/1368/1368 1363/1363/1363
f 1369/1369/1369 1366/1366/1366 1364/1364/1364
f 1367/1367/1367 1369/1369/1369 1364/1364/1364
f 1360/1360/1360 1370/1370/1370 1365/1365/1365
f 1367/1367/1367 1365/1365/1365 1370/1370/1370
f 1369/1369/1369 1371/1371/1371 1366/1366/1366
f 1371/1371/1371 1368/1368/1368 1366/1366/1366
f 1368/1368/1368 1372/1372/1372 1360/1360/1360
f 1372/1372/1372 1370/1370/1370 1360/1360/1360
f 1367/1367/1367 1373/1373/1373 1369/1369/1369
f 1369/1369/1369 1373/1373/1373 1371/1371/1371
f 1373/1373/1373 1374/1374/1374 1371/1371/1371
f 1371/1371/1371 1375/1375/1375 1368/1368/1368
f 1368/1368/1368 1375/1375/1375 1372/1372/1372
f 1374/1374/1374 1375/1375/1375 1371/1371/1371
f 1370/1370/1370 1376/1376/1376 1367/1367/1367
f 1367/1367/1367 1376/1376/1376 1373/1373/1373
f 1372/1372/1372 1377/1377/1377 1370/1370/1370
f 1370/1370/1370 1377/1377/1377 1376/1376/1376
f 1375/1375/1375 1378/1378/1378 1372/1372/1372
f 1378/1378/1378 1377/1377/1377 1372/1372/1372
f 1374/1374/1374 1379/1379/1379 1375/1375/1375
f 1379/1379/1379 1378/1378/1378 1375/1375/1375
f 1378/1378/1378 1380/1380/1380 1377/1377/1377
f 1377/1377/1377 1380/1380/1380 1376/1376/1376
f 1376/1376/1376 1381/1381/1381 1373/1373/1373
f 1373/1373/1373 1381/1381/1381 1374/1374/1374
f 1382/1382/1382 1378/1378/1378 1379/1379/1379
f 1378/1378/1378 1382/1382/1382 1380/1380/1380
f 1381/1381/1381 1376/1376/1376 1383/1383/1383
f 1380/1380/1380 1383/1383/1383 1376/1376/1376
f 1374/1374/1374 1384/1384/1384 1379/1379/1379
f 1382/1382/1382 1379/1379/1379 1384/1384/1384
f 1384/1384/1384 1385/1385/1385 1382/1382/1382
f 1382/1382/1382 1386/1386/1386 1380/1380/1380
f 1386/1386/1386 1383/1383/1383 1380/1380/1380
f 1382/1382/1382 1385/1385/1385 1386/1386/1386
f 1381/1381/1381 1383/1383/1383 1387/1387/1387
f 1387/1387/1387 1374/1374/1374 1381/1381/1381
f 1386/1386/1386 1388/1388/1388 1383/1383/1383
f 1383/1383/1383 1388/1388/1388 1387/1387/1387
f 1374/1374/1374 1389/1389/1389 1384/1384/1384
f 1387/1387/1387 1389/1389/1389 1374/1374/1374
f 1389/1389/1389 1390/1390/1390 1384/1384/1384
f 1387/1387/1387 1390/1390/1390 1389/1389/1389
f 1385/1385/1385 1391/1391/1391 1386/1386/1386
f 1386/1386/1386 1391/1391/1391 1388/1388/1388
f 1388/1388/1388 1392/1392/1392 1387/1387/1387
f 1392/1392/1392 1390/1390/1390 1387/1387/1387
f 1391/1391/1391 1393/1393/1393 1388/1388/1388
f 1393/1393/1393 1392/1392/1392 1388/1388/1388
f 1384/1384/1384 1394/1394/1394 1385/1385/1385
f 1390/1390/1390 1394/1394/1394 1384/1384/1384
f 1395/1395/1395 1393/1393/1393 1391/1391/1391
f 1385/1385/1385 1395/1395/1395 1391/1391/1391
f 1394/1394/1394 1396/1396/1396 1385/1385/1385
f 1396/1396/1396 1394/1394/1394 1390/1390/1390
f 1390/1390/1390 1392/1392/1392 1397/1397/1397
f 1393/1393/1393 1397/1397/1397 1392/1392/1392
f 1385/1385/1385 1398/1398/1398 1395/1395/1395
f 1396/1396/1396 1398/1398/1398 1385/1385/1385
f 1396/1396/1396 1390/1390/1390 1399/1399/1399
f 1390/1390/1390 1397/1397/1397 1399/1399/1399
f 1396/1396/1396 1399/1399/1399 1400/1400/1400
f 1400/1400/1400 1399/1399/1399 1397/1397/1397
f 1393/1393/1393 1401/1401/1401 1397/1397/1397
f 1400/1400/1400 1397/1397/1397 1401/1401/1401
f 1402/1402/1402 1398/1398/1398 1396/1396/1396
f 1396/1396/1396 1400/1400/1400 1402/1402/1402
f 1395/1395/1395 1403/1403/1403 1393/1393/1393
f 1393/1393/1393 1403/1403/1403 1401/1401/1401
f 1401/1401/1401 1403/1403/1403 1404/1404/1404
f 1405/1405/1405 1395/1395/1395 1398/1398/1398
f 1402/1402/1402 1405/1405/1405 1398/1398/1398
f 1395/1395/1395 1406/1406/1406 1403/1403/1403
f 1406/1406/1406 1404/1404/1404 1403/1403/1403
f 1405/1405/1405 1406/1406/1406 1395/1395/1395
f 1400/1400/1400 1401/1401/1401 1407/1407/1407
f 1401/1401/1401 1404/1404/1404 1407/1407/1407
f 1408/1408/1408 1406/1406/1406 1405/1405/1405
f 1408/1408/1408 1404/1404/1404 1406/1406/1406
f 1400/1400/1400 1409/1409/1409 1402/1402/1402
f 1400/1400/1400 1407/1407/1407 1409/1409/1409
f 1410/1410/1410 1405/1405/1405 1402/1402/1402
f 1408/1408/1408 1405/1405/1405 1410/1410/1410
f 1409/1409/1409 1411/1411/1411 1402/1402/1402
f 1410/1410/1410 1402/1402/1402 1411/1411/1411
f 1409/1409/1409 1412/1412/1412 1411/1411/1411
f 1410/1410/1410 1411/1411/1411 1412/1412/1412
f 1413/1413/1413 1409/1409/1409 1407/1407/1407
f 1413/1413/1413 1412/1412/1412 1409/1409/1409
f 1408/1408/1408 1410/1410/1410 1414/1414/1414
f 1410/1410/1410 1412/1412/1412 1414/1414/1414
f 1408/1408/1408 1415/1415/1415 1404/1404/1404
f 1408/1408/1408 1414/1414/1414 1415/1415/1415
f 1404/1404/1404 1416/1416/1416 1407/1407/1407
f 1413/1413/1413 1407/1407/1407 1416/1416/1416
f 1415/1415/1415 1417/1417/1417 1404/1404/1404
f 1404/1404/1404 1417/1417/1417 1416/1416/1416
f 1413/1413/1413 1416/1416/1416 1418/1418/1418
f 1417/1417/1417 1418/1418/1418 1416/1416/1416
f 1413/1413/1413 1419/1419/1419 1412/1412/1412
f 1413/1413/1413 1418/1418/1418 1419/1419/1419
f 1415/1415/1415 1420/1420/1420 1417/1417/1417
f 1414/1414/1414 1420/1420/1420 1415/1415/1415
f 1414/1414/1414 1412/1412/1412 1421/1421/1421
f 1419/1419/1419 1421/1421/1421 1412/1412/1412
f 1419/1419/1419 1422/1422/1422 1421/1421/1421
f 1414/1414/1414 1421/1421/1421 1423/1423/1423
f 1420/1420/1420 1414/1414/1414 1423/1423/1423
f 1421/1421/1421 1422/1422/1422 1423/1423/1423
f 1424/1424/1424 1417/1417/1417 1420/1420/1420
f 1417/1417/1417 1424/1424/1424 1418/1418/1418
f 1420/1420/1420 1423/1423/1423 1425/1425/1425
f 1424/1424/1424 1420/1420/1420 1425/1425/1425
f 1423/1423/1423 1426/1426/1426 1425/1425/1425
f 1425/1425/1425 1426/1426/1426 1424/1424/1424
f 1418/1418/1418 1424/1424/1424 1427/1427/1427
f 1426/1426/1426 1427/1427/1427 1424/1424/1424
f 1428/1428/1428 1419/1419/1419 1418/1418/1418
f 1418/1418/1418 1427/1427/1427 1428/1428/1428
f 1419/1419/1419 1429/1429/1429 1422/1422/1422
f 1428/1428/1428 1429/1429/1429 1419/1419/1419
f 1423/1423/1423 1430/1430/1430 1426/1426/1426
f 1422/1422/1422 1430/1430/1430 1423/1423/1423
f 1427/1427/1427 1431/1431/1431 1428/1428/1428
f 1431/1431/1431 1427/1427/1427 1426/1426/1426
f 1428/1428/1428 1432/1432/1432 1429/1429/1429
f 1422/1422/1422 1429/1429/1429 1432/1432/1432
f 1422/1422/1422 1433/1433/1433 1430/1430/1430
f 1426/1426/1426 1430/1430/1430 1433/1433/1433
f 1431/1431/1431 1434/1434/1434 1428/1428/1428
f 1434/1434/1434 1432/1432/1432 1428/1428/1428
f 1422/1422/1422 1432/1432/1432 1435/1435/1435
f 1435/1435/1435 1433/1433/1433 1422/1422/1422
f 1431/1431/1431 1426/1426/1426 1436/1436/1436
f 1426/1426/1426 1433/1433/1433 1436/1436/1436
f 1431/1431/1431 1437/1437/1437 1434/1434/1434
f 1437/1437/1437 1431/1431/1431 1436/1436/1436
f 1434/1434/1434 1438/1438/1438 1432/1432/1432
f 1432/1432/1432 1438/1438/1438 1435/1435/1435
f 1433/1433/1433 1439/1439/1439 1436/1436/1436
f 1435/1435/1435 1439/1439/1439 1433/1433/1433
f 1437/1437/1437 1440/1440/1440 1434/1434/1434
f 1440/1440/1440 1438/1438/1438 1434/1434/1434
f 1437/1437/1437 1436/1436/1436 1441/1441/1441
f 1439/1439/1439 1441/1441/1441 1436/1436/1436
f 1438/1438/1438 1442/1442/1442 1435/1435/1435
f 1435/1435/1435 1442/1442/1442 1439/1439/1439
f 1438/1438/1438 1443/1443/1443 1442/1442/1442
f 1440/1440/1440 1443/1443/1443 1438/1438/1438
f 1437/1437/1437 1444/1444/1444 1440/1440/1440
f 1441/1441/1441 1444/1444/1444 1437/1437/1437
f 1439/1439/1439 1442/1442/1442 1445/1445/1445
f 1443/1443/1443 1445/1445/1445 1442/1442/1442
f 1443/1443/1443 1440/1440/1440 1446/1446/1446
f 1444/1444/1444 1446/1446/1446 1440/1440/1440
f 1447/1447/1447 1441/1441/1441 1439/1439/1439
f 1439/1439/1439 1445/1445/1445 1447/1447/1447
f 1443/1443/1443 1448/1448/1448 1445/1445/1445
f 1443/1443/1443 1446/1446/1446 1448/1448/1448
f 1441/1441/1441 1449/1449/1449 1444/1444/1444
f 1447/1447/1447 1449/1449/1449 1441/1441/1441
f 1444/1444/1444 1450/1450/1450 1446/1446/1446
f 1449/1449/1449 1450/1450/1450 1444/1444/1444
f 1448/1448/1448 1451/1451/1451 1445/1445/1445
f 1451/1451/1451 1447/1447/1447 1445/1445/1445
f 1448/1448/1448 1446/1446/1446 1452/1452/1452
f 1450/1450/1450 1452/1452/1452 1446/1446/1446
f 1453/1453/1453 1449/1449/1449 1447/1447/1447
f 1453/1453/1453 1450/1450/1450 1449/1449/1449
f 1448/1448/1448 1454/1454/1454 1451/1451/1451
f 1448/1448/1448 1452/1452/1452 1454/1454/1454
f 1452/1452/1452 1455/1455/1455 1454/1454/1454
f 1455/1455/1455 1451/1451/1451 1454/1454/1454
f 1451/1451/1451 1456/1456/1456 1447/1447/1447
f 1453/1453/1453 1447/1447/1447 1456/1456/1456
f 1450/1450/1450 1457/1457/1457 1452/1452/1452
f 1452/1452/1452 1457/1457/1457 1455/1455/1455
f 1455/1455/1455 1458/1458/1458 1451/1451/1451
f 1458/1458/1458 1456/1456/1456 1451/1451/1451
f 1453/1453/1453 1459/1459/1459 1450/1450/1450
f 1459/1459/1459 1457/1457/1457 1450/1450/1450
f 1457/1457/1457 1460/1460/1460 1455/1455/1455
f 1460/1460/1460 1458/1458/1458 1455/1455/1455
f 1456/1456/1456 1461/1461/1461 1453/1453/1453
f 1458/1458/1458 1461/1461/1461 1456/1456/1456
f 1459/1459/1459 1462/1462/1462 1457/1457/1457
f 1462/1462/1462 1460/1460/1460 1457/1457/1457
f 1453/1453/1453 1463/1463/1463 1459/1459/1459
f 1461/1461/1461 1463/1463/1463 1453/1453/1453
f 1460/1460/1460 1464/1464/1464 1458/1458/1458
f 1458/1458/1458 1464/1464/1464 1461/1461/1461
f 1465/1465/1465 1459/1459/1459 1463/1463/1463
f 1465/1465/1465 1462/1462/1462 1459/1459/1459
f 1462/1462/1462 1466/1466/1466 1460/1460/1460
f 1466/1466/1466 1464/1464/1464 1460/1460/1460
f 1467/1467/1467 1464/1464/1464 1466/1466/1466
f 1464/1464/1464 1468/1468/1468 1461/1461/1461
f 1464/1464/1464 1467/1467/1467 1468/1468/1468
f 1461/1461/1461 1469/1469/1469 1463/1463/1463
f 1465/1465/1465 1463/1463/1463 1469/1469/1469
f 1468/1468/1468 1469/1469/1469 1461/1461/1461
f 1466/1466/1466 1462/1462/1462 1470/1470/1470
f 1465/1465/1465 1470/1470/1470 1462/1462/1462
f 1471/1471/1471 1470/1470/1470 1465/1465/1465
f 1469/1469/1469 1472/1472/1472 1465/1465/1465
f 1468/1468/1468 1472/1472/1472 1469/1469/1469
f 1472/1472/1472 1471/1471/1471 1465/1465/1465
f 1466/1466/1466 1470/1470/1470 1473/1473/1473
f 1467/1467/1467 1466/1466/1466 1473/1473/1473
f 1474/1474/1474 1472/1472/1472 1468/1468/1468
f 1467/1467/1467 1474/1474/1474 1468/1468/1468
f 1475/1475/1475 1473/1473/1473 1470/1470/1470
f 1471/1471/1471 1475/1475/1475 1470/1470/1470
f 1474/1474/1474 1476/1476/1476 1472/1472/1472
f 1476/1476/1476 1471/1471/1471 1472/1472/1472
f 1476/1476/1476 1477/1477/1477 1471/1471/1471
f 1474/1474/1474 1478/1478/1478 1476/1476/1476
f 1467/1467/1467 1478/1478/1478 1474/1474/1474
f 1478/1478/1478 1477/1477/1477 1476/1476/1476
f 1473/1473/1473 1479/1479/1479 1467/1467/1467
f 1475/1475/1475 1479/1479/1479 1473/1473/1473
f 1471/1471/1471 1480/1480/1480 1475/1475/1475
f 1475/1475/1475 1480/1480/1480 1479/1479/1479
f 1467/1467/1467 1481/1481/1481 1478/1478/1478
f 1479/1479/1479 1481/1481/1481 1467/1467/1467
f 1482/1482/1482 1477/1477/1477 1478/1478/1478
f 1481/1481/1481 1482/1482/1482 1478/1478/1478
f 1481/1481/1481 1479/1479/1479 1483/1483/1483
f 1480/1480/1480 1483/1483/1483 1479/1479/1479
f 1484/1484/1484 1482/1482/1482 1481/1481/1481
f 1481/1481/1481 1483/1483/1483 1484/1484/1484
f 1484/1484/1484 1485/1485/1485 1482/1482/1482
f 1482/1482/1482 1485/1485/1485 1477/1477/1477
f 1486/1486/1486 1480/1480/1480 1471/1471/1471
f 1477/1477/1477 1486/1486/1486 1471/1471/1471
f 1487/1487/1487 1480/1480/1480 1486/1486/1486
f 1477/1477/1477 1487/1487/1487 1486/1486/1486
f 1488/1488/1488 1484/1484/1484 1483/1483/1483
f 1484/1484/1484 1488/1488/1488 1485/1485/1485
f 1488/1488/1488 1489/1489/1489 1485/1485/1485
f 1485/1485/1485 1490/1490/1490 1477/1477/1477
f 1490/1490/1490 1487/1487/1487 1477/1477/1477
f 1485/1485/1485 1489/1489/1489 1490/1490/1490
f 1487/1487/1487 1491/1491/1491 1480/1480/1480
f 1491/1491/1491 1483/1483/1483 1480/1480/1480
f 1488/1488/1488 1483/1483/1483 1492/1492/1492
f 1491/1491/1491 1492/1492/1492 1483/1483/1483
f 1493/1493/1493 1487/1487/1487 1490/1490/1490
f 1493/1493/1493 1491/1491/1491 1487/1487/1487
f 1492/1492/1492 1494/1494/1494 1488/1488/1488
f 1494/1494/1494 1489/1489/1489 1488/1488/1488
f 1491/1491/1491 1495/1495/1495 1492/1492/1492
f 1495/1495/1495 1494/1494/1494 1492/1492/1492
f 1493/1493/1493 1490/1490/1490 1496/1496/1496
f 1489/1489/1489 1496/1496/1496 1490/1490/1490
f 1491/1491/1491 1497/1497/1497 1495/1495/1495
f 1497/1497/1497 1491/1491/1491 1493/1493/1493
f 1495/1495/1495 1498/1498/1498 1494/1494/1494
f 1498/1498/1498 1489/1489/1489 1494/1494/1494
f 1489/1489/1489 1499/1499/1499 1496/1496/1496
f 1493/1493/1493 1496/1496/1496 1499/1499/1499
f 1497/1497/1497 1493/1493/1493 1500/1500/1500
f 1493/1493/1493 1499/1499/1499 1500/1500/1500
f 1495/1495/1495 1501/1501/1501 1498/1498/1498
f 1497/1497/1497 1501/1501/1501 1495/1495/1495
f 1498/1498/1498 1502/1502/1502 1489/1489/1489
f 1502/1502/1502 1499/1499/1499 1489/1489/1489
f 1503/1503/1503 1497/1497/1497 1500/1500/1500
f 1499/1499/1499 1503/1503/1503 1500/1500/1500
f 1497/1497/1497 1504/1504/1504 1501/1501/1501
f 1503/1503/1503 1504/1504/1504 1497/1497/1497
f 1501/1501/1501 1505/1505/1505 1498/1498/1498
f 1498/1498/1498 1505/1505/1505 1502/1502/1502
f 1505/1505/1505 1506/1506/1506 1502/1502/1502
f 1502/1502/1502 1507/1507/1507 1499/1499/1499
f 1499/1499/1499 1507/1507/1507 1503/1503/1503
f 1506/1506/1506 1507/1507/1507 1502/1502/1502
f 1508/1508/1508 1505/1505/1505 1501/1501/1501
f 1504/1504/1504 1508/1508/1508 1501/1501/1501
f 1503/1503/1503 1507/1507/1507 1509/1509/1509
f 1506/1506/1506 1509/1509/1509 1507/1507/1507
f 1510/1510/1510 1504/1504/1504 1503/1503/1503
f 1503/1503/1503 1509/1509/1509 1510/1510/1510
f 1505/1505/1505 1511/1511/1511 1506/1506/1506
f 1508/1508/1508 1511/1511/1511 1505/1505/1505
f 1512/1512/1512 1508/1508/1508 1504/1504/1504
f 1510/1510/1510 1512/1512/1512 1504/1504/1504
f 1511/1511/1511 1508/1508/1508 1513/1513/1513
f 1512/1512/1512 1513/1513/1513 1508/1508/1508
f 1509/1509/1509 1514/1514/1514 1510/1510/1510
f 1506/1506/1506 1514/1514/1514 1509/1509/1509
f 1515/1515/1515 1506/1506/1506 1511/1511/1511
f 1511/1511/1511 1513/1513/1513 1515/1515/1515
f 1512/1512/1512 1516/1516/1516 1513/1513/1513
f 1510/1510/1510 1516/1516/1516 1512/1512/1512
f 1514/1514/1514 1517/1517/1517 1510/1510/1510
f 1510/1510/1510 1517/1517/1517 1516/1516/1516
f 1514/1514/1514 1518/1518/1518 1517/1517/1517
f 1518/1518/1518 1516/1516/1516 1517/1517/1517
f 1519/1519/1519 1514/1514/1514 1506/1506/1506
f 1515/1515/1515 1519/1519/1519 1506/1506/1506
f 1516/1516/1516 1520/1520/1520 1513/1513/1513
f 1513/1513/1513 1520/1520/1520 1515/1515/1515
f 1521/1521/1521 1514/1514/1514 1519/1519/1519
f 1521/1521/1521 1518/1518/1518 1514/1514/1514
f 1522/1522/1522 1519/1519/1519 1515/1515/1515
f 1521/1521/1521 1519/1519/1519 1522/1522/1522
f 1522/1522/1522 1515/1515/1515 1523/1523/1523
f 1520/1520/1520 1523/1523/1523 1515/1515/1515
f 1522/1522/1522 1524/1524/1524 1521/1521/1521
f 1523/1523/1523 1524/1524/1524 1522/1522/1522
f 1518/1518/1518 1525/1525/1525 1516/1516/1516
f 1525/1525/1525 1520/1520/1520 1516/1516/1516
f 1526/1526/1526 1520/1520/1520 1525/1525/1525
f 1518/1518/1518 1526/1526/1526 1525/1525/1525
f 1521/1521/1521 1527/1527/1527 1518/1518/1518
f 1524/1524/1524 1527/1527/1527 1521/1521/1521
f 1528/1528/1528 1523/1523/1523 1520/1520/1520
f 1526/1526/1526 1528/1528/1528 1520/1520/1520
f 1518/1518/1518 1529/1529/1529 1526/1526/1526
f 1527/1527/1527 1529/1529/1529 1518/1518/1518
f 1530/1530/1530 1524/1524/1524 1523/1523/1523
f 1528/1528/1528 1530/1530/1530 1523/1523/1523
f 1529/1529/1529 1531/1531/1531 1526/1526/1526
f 1526/1526/1526 1531/1531/1531 1528/1528/1528
f 1527/1527/1527 1532/1532/1532 1529/1529/1529
f 1532/1532/1532 1531/1531/1531 1529/1529/1529
f 1533/1533/1533 1527/1527/1527 1524/1524/1524
f 1530/1530/1530 1533/1533/1533 1524/1524/1524
f 1530/1530/1530 1528/1528/1528 1534/1534/1534
f 1531/1531/1531 1534/1534/1534 1528/1528/1528
f 1535/1535/1535 1532/1532/1532 1527/1527/1527
f 1533/1533/1533 1535/1535/1535 1527/1527/1527
f 1536/1536/1536 1533/1533/1533 1530/1530/1530
f 1530/1530/1530 1534/1534/1534 1536/1536/1536
f 1537/1537/1537 1533/1533/1533 1536/1536/1536
f 1534/1534/1534 1537/1537/1537 1536/1536/1536
f 1531/1531/1531 1538/1538/1538 1534/1534/1534
f 1534/1534/1534 1538/1538/1538 1537/1537/1537
f 1531/1531/1531 1539/1539/1539 1538/1538/1538
f 1532/1532/1532 1539/1539/1539 1531/1531/1531
f 1538/1538/1538 1540/1540/1540 1537/1537/1537
f 1532/1532/1532 1541/1541/1541 1539/1539/1539
f 1542/1542/1542 1541/1541/1541 1532/1532/1532
f 1542/1542/1542 1532/1532/1532 1535/1535/1535
f 1540/1540/1540 1543/1543/1543 1537/1537/1537
f 1537/1537/1537 1543/1543/1543 1533/1533/1533
f 1543/1543/1543 1542/1542/1542 1535/1535/1535
f 1543/1543/1543 1535/1535/1535 1533/1533/1533
