o ShogoRasen_sphere_00
v -0.987689018 0.156434327 -3.47353984e-17
v -0.984644353 0.155952096 0.0784587264
v -0.951057196 0.309016973 -6.86155516e-17
v -0.948125422 0.308064401 0.0784587264
v -0.975529015 0.154508367 0.156434134
v -0.891007185 0.453990579 -1.00806159e-16
v -0.939348161 0.305212498 0.156434134
v -0.960399151 0.152112037 0.233445063
v -0.888260543 0.452591091 0.0784587264
v -0.809017658 0.587785423 -1.30514582e-16
v -0.924779475 0.300478816 0.233445063
v -0.939348161 0.148777902 0.309016734
v -0.80652374 0.585973501 0.0784587264
v -0.707107425 0.707107067 -1.57009309e-16
v -0.880037487 0.448401242 0.156434134
v -0.904509246 0.293892622 0.309016734
v -0.912505746 0.144526482 0.382683218
v -0.704927683 0.704927325 0.0784587264
v -0.58778584 0.80901736 -1.7963794e-16
v -0.799057364 0.580548882 0.156434134
v -0.866388619 0.441446811 0.233445063
v -0.878662348 0.285494477 0.382683218
v -0.880037487 0.139384031 0.45399031
v -0.585973918 0.806523442 0.0784587264
v -0.453991026 0.891006947 -1.97843285e-16
v -0.847398281 0.431770742 0.309016734
v -0.698401809 0.698401451 0.156434134
v -0.786664486 0.571544886 0.233445063
v -0.847398281 0.275336176 0.45399031
v -0.842143416 0.133382201 0.522498429
v -0.452591538 0.888260305 0.0784587264
v -0.30901742 0.951057017 -2.1117708e-16
v -0.823183358 0.41943264 0.382683218
v -0.769421577 0.559017181 0.309016734
v -0.58054924 0.799057066 0.156434134
v -0.687570035 0.687569678 0.233445063
v -0.810909688 0.263480306 0.522498429
v -0.799057245 0.126558036 0.587785125
v -0.308064818 0.948125243 0.0784587264
v -0.156434789 0.987688899 -2.19310991e-16
v -0.793893337 0.404508621 0.45399031
v -0.747434914 0.543042958 0.382683218
v -0.67249918 0.672498822 0.309016734
v -0.44840169 0.880037248 0.156434134
v -0.571545303 0.786664188 0.233445063
v -0.769421518 0.25 0.587785125
v -0.751044691 0.118953601 0.649447978
v -0.759708583 0.387090653 0.522498429
v -0.720840096 0.523720741 0.45399031
v -0.653282166 0.653281808 0.382683218
v -0.559017599 0.769421279 0.309016734
v -0.441447228 0.866388381 0.233445063
v -0.723189592 0.234978363 0.649447978
v -0.69840163 0.110615782 0.707106709
v -0.720840037 0.367286116 0.587785125
v -0.689801037 0.501169503 0.522498429
v -0.630037427 0.630037069 0.45399031
v -0.543043375 0.747434676 0.382683218
v -0.672499061 0.218508005 0.707106709
v -0.64145273 0.101595975 0.760405958
v -0.677527249 0.345217168 0.649447978
v -0.654509068 0.475528449 0.587785125
v -0.602908254 0.602907956 0.522498429
v -0.617662311 0.200690478 0.760405958
v -0.580549002 0.0919497907 0.809017003
v -0.630037248 0.321019828 0.707106709
v -0.615181923 0.446955562 0.649447978
v -0.55901736 0.181635618 0.809017003
v -0.516066074 0.0817367062 0.852640152
v -0.578662932 0.294843316 0.760405958
v -0.49692601 0.161460921 0.852640152
v -0.448401451 0.0710197017 0.891006529
v -0.523721099 0.720839858 0.45399031
v -0.572061956 0.572061658 0.587785125
v -0.572061896 0.415627092 0.707106709
v -0.52372086 0.266848952 0.809017003
v -0.431770951 0.140290782 0.891006529
v -0.377972245 0.0598648302 0.923879504
v -0.50116986 0.689800799 0.522498429
v -0.537688732 0.537688494 0.649447978
v -0.525415003 0.38173613 0.760405958
v -0.465549946 0.237209424 0.852640152
v -0.363953859 0.118255682 0.923879504
v -0.305212706 0.0483408682 0.95105654
v -0.475528777 0.654508829 0.587785125
v -0.500000477 0.500000238 0.707106709
v -0.475528628 0.345491588 0.809017003
v -0.404508829 0.206107423 0.891006529
v -0.293892831 0.0954914987 0.95105654
v -0.230571434 0.0365188718 0.972369909
v -0.446955889 0.615181684 0.649447978
v -0.459229559 0.45922935 0.760405958
v -0.422710538 0.307117015 0.852640152
v -0.340973705 0.17373468 0.923879504
v -0.222019911 0.0721385852 0.972369909
v -0.154508621 0.0244717225 0.987688363
v -0.41562739 0.572061718 0.707106709
v -0.415627301 0.415627092 0.809017003
v -0.367286354 0.266849011 0.891006529
v -0.275336355 0.140290812 0.95105654
v -0.148778141 0.0483409092 0.987688363
v -0.0774931908 0.0122736963 0.996917307
v -0.381736398 0.525414765 0.760405958
v -0.369462609 0.36946243 0.852640152
v -0.309597671 0.224935755 0.923879504
v -0.208001509 0.105981998 0.972369909
v -0.074619092 0.0242451932 0.996917307
v 0 2.22044605e-16 1
v -0.13938424 0.0710197762 0.987688363
v -0.250000209 0.181635693 0.95105654
v -0.321020067 0.321019918 0.891006529
v -0.345491856 0.475528479 0.809017003
v -0.0699076205 0.035619691 0.996917307
v 0 2.22044605e-16 1
v -0.18886143 0.137215793 0.972369909
v -0.270598322 0.270598173 0.923879504
v -0.307117254 0.422710389 0.852640152
v -0.126558259 0.0919499025 0.987688363
v -0.218508214 0.218508109 0.95105654
v -0.26684919 0.367286205 0.891006529
v -0.0634747967 0.0461171158 0.996917307
v 0 2.22044605e-16 1
v -0.165070966 0.165070876 0.972369909
v -0.224935919 0.309597552 0.923879504
v -0.110615976 0.110615924 0.987688363
v -0.181635812 0.250000119 0.95105654
v -0.0554790124 0.0554789826 0.996917307
v 0 2.22044605e-16 1
v -0.137215883 0.188861355 0.972369909
v -0.0919499695 0.126558214 0.987688363
v -0.0461171456 0.0634747744 0.996917307
v 0 2.22044605e-16 1
v -0.206107616 0.40450871 0.891006529
v -0.173734859 0.340973616 0.923879504
v -0.140290946 0.275336295 0.95105654
v -0.105982102 0.20800145 0.972369909
v -0.0710198507 0.13938421 0.987688363
v -0.237209648 0.465549827 0.852640152
v -0.0356197283 0.0699076056 0.996917307
v 0 2.22044605e-16 1
v -0.26684922 0.523720741 0.809017003
v -0.294843614 0.578662753 0.760405958
v -0.321020156 0.630037069 0.707106709
v -0.345217496 0.67752707 0.649447978
v -0.367286474 0.720839798 0.587785125
v -0.387091041 0.759708405 0.522498429
v -0.404509008 0.793893099 0.45399031
v -0.419433057 0.823183179 0.382683218
v -0.431771159 0.847398043 0.309016734
v -0.234978706 0.723189473 0.649447978
v -0.250000358 0.769421339 0.587785125
v -0.263480693 0.81090951 0.522498429
v -0.275336564 0.847398102 0.45399031
v -0.285494894 0.878662169 0.382683218
v -0.293893069 0.904509068 0.309016734
v -0.300479263 0.924779296 0.233445063
v -0.218508333 0.672498882 0.707106709
v -0.305212915 0.939347982 0.156434134
v -0.155952558 0.984644234 0.0784587264
v -2.23517418e-07 1.0000006 -2.22044737e-16
v -0.154508829 0.975528896 0.156434134
v -2.2282839e-07 0.996917963 0.0784587264
v 0.156434327 0.987688899 -2.19310991e-16
v -0.152112484 0.960399032 0.233445063
v 0.155952096 0.984644234 0.0784587264
v 0.309016943 0.951057076 -2.11177093e-16
v -2.20765571e-07 0.987689018 0.156434134
v -0.148778334 0.939348042 0.309016734
v 0.308064371 0.948125303 0.0784587264
v 0.453990519 0.891007066 -1.97843312e-16
v 0.154508367 0.975528896 0.156434134
v -2.17341622e-07 0.972370565 0.233445063
v -0.144526914 0.912505627 0.382683218
v 0.452591032 0.888260424 0.0784587264
v 0.587785363 0.809017539 -1.7963798e-16
v -2.12577717e-07 0.951057196 0.309016734
v 0.305212468 0.939348042 0.156434134
v 0.152112037 0.960399032 0.233445063
v -0.139384434 0.880037367 0.45399031
v 0.585973442 0.806523621 0.0784587264
v 0.707106948 0.707107306 -1.57009362e-16
v -2.06503188e-07 0.92388016 0.382683218
v 0.148777902 0.939348042 0.309016734
v 0.448401183 0.880037367 0.156434134
v 0.300478786 0.924779356 0.233445063
v -0.133382604 0.842143357 0.522498429
v 0.704927206 0.704927564 0.0784587264
v 0.809017241 0.587785721 -1.30514648e-16
v -1.99155508e-07 0.891007185 0.45399031
v 0.144526482 0.912505627 0.382683218
v 0.293892592 0.904509127 0.309016734
v 0.580548823 0.799057245 0.156434134
v 0.441446751 0.8663885 0.233445063
v -0.126558408 0.799057186 0.587785125
v -1.90579954e-07 0.852640808 0.522498429
v 0.139384031 0.880037367 0.45399031
v 0.285494447 0.878662229 0.382683218
v 0.431770682 0.847398162 0.309016734
v 0.571544826 0.786664367 0.233445063
v -0.118953958 0.751044571 0.649447978
v -1.80829403e-07 0.809017539 0.587785125
v 0.133382201 0.842143357 0.522498429
v 0.275336146 0.847398162 0.45399031
v 0.41943258 0.823183298 0.382683218
v 0.698401332 0.69840169 0.156434134
v 0.559017122 0.769421458 0.309016734
v 0.806523323 0.585973799 0.0784587264
v 0.891006827 0.453990877 -1.00806225e-16
v 0.687569559 0.687569916 0.233445063
v 0.888260186 0.452591389 0.0784587264
v 0.951056898 0.309017301 -6.86156244e-17
v 0.799056947 0.580549181 0.156434134
v 0.948125124 0.308064699 0.0784587264
v 0.98768872 0.1564347 -3.47354811e-17
v 0.880037129 0.448401541 0.156434134
v 0.786664069 0.571545184 0.233445063
v 0.672498703 0.672499061 0.309016734
v 0.984644055 0.155952469 0.0784587264
v 1.00000036 1.63912773e-07 -3.6395947e-23
v 0.939347863 0.305212796 0.156434134
v 0.866388261 0.441447109 0.233445063
v 0.996917725 1.63407492e-07 0.0784587264
v 0.98768872 -0.156434357 3.4735405e-17
v 0.975528717 0.15450874 0.156434134
v 0.984644055 -0.155952126 0.0784587264
v 0.951056898 -0.309016943 6.8615545e-17
v 0.543042898 0.747434795 0.382683218
v 0.76942116 0.559017479 0.309016734
v 0.924779177 0.300479144 0.233445063
v 0.98768878 1.61894746e-07 0.156434134
v 0.948125124 -0.308064371 0.0784587264
v 0.891006887 -0.453990489 1.00806139e-16
v 0.404508561 0.793893218 0.45399031
v 0.847397923 0.43177101 0.309016734
v 0.960398853 0.152112409 0.233445063
v 0.975528717 -0.154508397 0.156434134
v 0.888260245 -0.452591002 0.0784587264
v 0.80901736 -0.587785304 1.30514556e-16
v 0.263480276 0.810909569 0.522498429
v 0.904508948 0.29389295 0.309016734
v 0.972370327 1.59383859e-07 0.233445063
v 0.939347863 -0.305212468 0.156434134
v 0.806523442 -0.585973382 0.0784587264
v 0.707107127 -0.707106829 1.57009256e-16
v 0.126558036 0.799057186 0.587785125
v 0.939347863 0.14877826 0.309016734
v 0.960398853 -0.152112067 0.233445063
v 0.880037189 -0.448401153 0.156434134
v 0.704927385 -0.704927087 0.0784587264
v 0.587785542 -0.809017122 1.79637887e-16
v -1.69963982e-07 0.760406494 0.649447978
v 0.951056957 1.55890319e-07 0.309016734
v 0.924779177 -0.300478786 0.233445063
v 0.799057066 -0.580548763 0.156434134
v 0.58597362 -0.806523204 0.0784587264
v 0.453990757 -0.891006708 1.97843232e-16
v -0.11061611 0.69840157 0.707106709
v 0.939347863 -0.148777932 0.309016734
v 0.866388321 -0.441446722 0.233445063
v 0.698401511 -0.698401213 0.156434134
v 0.45259127 -0.888260067 0.0784587264
v 0.309017211 -0.951056778 2.11177027e-16
v -0.200690776 0.617662191 0.760405958
v -0.181635886 0.559017301 0.809017003
v -0.101596273 0.64145267 0.760405958
v -0.16146116 0.49692592 0.852640152
v 0.580549002 -0.799056828 0.156434134
v 0.30806461 -0.948125005 0.0784587264
v 0.156434625 -0.987688601 2.19310925e-16
v -1.58050696e-07 0.707107246 0.707106709
v -0.0919500589 0.580548942 0.809017003
v -0.140290976 0.431770861 0.891006529
v 0.448401421 -0.88003701 0.156434134
v 0.155952394 -0.984643936 0.0784587264
v 1.04308128e-07 -1.00000024 2.22044658e-16
v 0.118953601 0.751044571 0.649447978
v -0.0817369521 0.516066015 0.852640152
v -0.118255854 0.363953799 0.923879504
v 0.305212736 -0.939347744 0.156434134
v 1.03986586e-07 -0.996917605 0.0784587264
v -0.156434402 -0.987688601 2.19310925e-16
v 0.249999985 0.769421399 0.587785125
v -0.0710199103 0.448401392 0.891006529
v -0.0954916403 0.293892801 0.95105654
v 0.154508665 -0.975528598 0.156434134
v -0.15595217 -0.984643936 0.0784587264
v -0.309016973 -0.951056778 2.11177027e-16
v 0.387090594 0.759708524 0.522498429
v -0.0598650053 0.377972215 0.923879504
v -0.0721386895 0.222019866 0.972369909
v 1.03023929e-07 -0.987688661 0.156434134
v -0.308064401 -0.948125005 0.0784587264
v -0.453990519 -0.891006768 1.97843246e-16
v 0.523720682 0.720839977 0.45399031
v -0.0483410098 0.305212677 0.95105654
v -0.04834098 0.148778111 0.987688363
v -0.154508442 -0.975528598 0.156434134
v -0.452591032 -0.888260126 0.0784587264
v -0.587785304 -0.809017241 1.79637914e-16
v 0.653281689 0.653282046 0.382683218
v 0.747434556 0.543043256 0.382683218
v 0.63003701 0.630037308 0.45399031
v 0.82318306 0.419432908 0.382683218
v -0.305212498 -0.939347744 0.156434134
v -0.585973382 -0.806523323 0.0784587264
v -0.707106829 -0.707106948 1.57009283e-16
v 0.501169443 0.689800918 0.522498429
v 0.720839739 0.52372098 0.45399031
v 0.878662109 0.285494775 0.382683218
v -0.448401183 -0.880037069 0.156434134
v -0.704927087 -0.704927206 0.0784587264
v -0.809017062 -0.587785363 1.30514569e-16
v 0.602907836 0.602908194 0.522498429
v 0.79389298 0.404508889 0.45399031
v 0.912505507 0.144526824 0.382683218
v -0.580548763 -0.799056947 0.156434134
v -0.806523144 -0.585973442 0.0784587264
v -0.891006589 -0.453990579 1.00806159e-16
v 0.68980068 0.501169801 0.522498429
v 0.847398043 0.275336474 0.45399031
v 0.923879981 1.51435671e-07 0.382683218
v -0.698401213 -0.698401332 0.156434134
v -0.888259947 -0.452591091 0.0784587264
v -0.95105654 -0.309017032 6.86155649e-17
v 0.759708285 0.387090892 0.522498429
v 0.880037189 0.139384359 0.45399031
v -0.799056768 -0.580548823 0.156434134
v -0.948124766 -0.308064461 0.0784587264
v -0.987688363 -0.156434476 3.47354315e-17
v 0.81090939 0.263480604 0.522498429
v -0.880036891 -0.448401242 0.156434134
v -0.984643698 -0.155952245 0.0784587264
v -1 0 0
v -0.939347506 -0.305212557 0.156434134
v -0.996917367 1.74213369e-17 0.0784587264
v -0.987689018 0.156434327 -3.47353984e-17
v -0.984644353 0.155952096 0.0784587264
v -0.975528359 -0.154508516 0.156434134
v -0.987688422 3.47353554e-17 0.156434134
v -0.975529015 0.154508367 0.156434134
v -0.972369969 5.18352168e-17 0.233445063
v -0.960399151 0.152112037 0.233445063
v -0.960398495 -0.152112186 0.233445063
v -0.924778819 -0.300478876 0.233445063
v -0.866388023 -0.441446811 0.233445063
v -0.9510566 6.86154987e-17 0.309016734
v -0.939348161 0.148777902 0.309016734
v -0.939347565 -0.148778036 0.309016734
v -0.904508591 -0.293892682 0.309016734
v -0.923879623 8.49727438e-17 0.382683218
v -0.912505746 0.144526482 0.382683218
v -0.91250515 -0.144526631 0.382683218
v -0.891006649 1.00806099e-16 0.45399031
v -0.880037487 0.139384031 0.45399031
v -0.78666389 -0.571544826 0.233445063
v -0.847397685 -0.431770742 0.309016734
v -0.878661752 -0.285494536 0.382683218
v -0.880036891 -0.139384165 0.45399031
v -0.852640271 1.16017957e-16 0.522498429
v -0.842143416 0.133382201 0.522498429
v -0.687569439 -0.687569559 0.233445063
v -0.823182821 -0.41943264 0.382683218
v -0.847397685 -0.275336236 0.45399031
v -0.84214288 -0.133382335 0.522498429
v -0.809017062 1.30514516e-16 0.587785125
v -0.799057245 0.126558036 0.587785125
v -0.571544766 -0.786664069 0.233445063
v -0.793892801 -0.404508621 0.45399031
v -0.810909092 -0.263480365 0.522498429
v -0.799056709 -0.126558155 0.587785125
v -0.760406017 1.4420642e-16 0.649447978
v -0.751044691 0.118953601 0.649447978
v -0.441446751 -0.866388202 0.233445063
v -0.759708107 -0.387090653 0.522498429
v -0.769420981 -0.25000006 0.587785125
v -0.751044154 -0.11895372 0.649447978
v -0.707106829 1.5700923e-16 0.707106709
v -0.69840163 0.110615782 0.707106709
v -0.300478816 -0.924779058 0.233445063
v -0.72083956 -0.367286116 0.587785125
v -0.723189116 -0.234978408 0.649447978
v -0.698401213 -0.110615887 0.707106709
v -0.649448097 1.6884404e-16 0.760405958
v -0.64145273 0.101595975 0.760405958
v -0.152112111 -0.960398734 0.233445063
v -0.677526772 -0.345217168 0.649447978
v -0.672498584 -0.21850805 0.707106709
v -0.641452312 -0.101596072 0.760405958
v -0.587785244 1.79637861e-16 0.809017003
v -0.580549002 0.0919497907 0.809017003
v 1.01426089e-07 -0.972370207 0.233445063
v -0.630036831 -0.321019828 0.707106709
v -0.617661834 -0.200690523 0.760405958
v -0.580548644 -0.0919498801 0.809017003
v -0.522498548 1.89324146e-16 0.852640152
v -0.516066074 0.0817367062 0.852640152
v 0.152112335 -0.960398734 0.233445063
v -0.578662515 -0.294843316 0.760405958
v -0.559017003 -0.181635648 0.809017003
v -0.516065717 -0.0817367882 0.852640152
v -0.453990519 1.97843193e-16 0.891006529
v -0.448401451 0.0710197017 0.891006529
v 0.300479054 -0.924779058 0.233445063
v -0.523720503 -0.266848952 0.809017003
v -0.496925652 -0.161460951 0.852640152
v -0.448401153 -0.0710197687 0.891006529
v -0.382683456 2.0514246e-16 0.923879504
v -0.377972245 0.0598648302 0.923879504
v 0.44144699 -0.866388142 0.233445063
v -0.465549648 -0.237209424 0.852640152
v -0.431770653 -0.140290797 0.891006529
v -0.377972007 -0.0598648861 0.923879504
v -0.309017003 2.11176974e-16 0.95105654
v -0.305212706 0.0483408682 0.95105654
v 0.571545005 -0.786663949 0.233445063
v -0.404508531 -0.206107423 0.891006529
v -0.36395359 -0.118255705 0.923879504
v -0.305212498 -0.0483409129 0.95105654
v -0.233445376 2.15909492e-16 0.972369909
v -0.230571434 0.0365188718 0.972369909
v 0.687569737 -0.687569439 0.233445063
v -0.340973467 -0.17373468 0.923879504
v -0.293892652 -0.0954915136 0.95105654
v -0.230571285 -0.0365189053 0.972369909
v -0.156434476 2.19310872e-16 0.987688363
v -0.154508621 0.0244717225 0.987688363
v 0.786664188 -0.571544766 0.233445063
v -0.275336176 -0.140290812 0.95105654
v -0.222019747 -0.0721386001 0.972369909
v -0.154508516 -0.0244717449 0.987688363
v -0.208001375 -0.105981998 0.972369909
v -0.148778036 -0.0483409166 0.987688363
v -0.139384151 -0.0710197762 0.987688363
v 0.847397983 -0.431770653 0.309016734
v 0.904508948 -0.293892592 0.309016734
v 0.912505507 -0.144526511 0.382683218
v 0.769421279 -0.559017122 0.309016734
v 0.878662109 -0.285494447 0.382683218
v 0.891006947 1.4604737e-07 0.45399031
v 0.672498882 -0.672498643 0.309016734
v 0.823183119 -0.419432551 0.382683218
v 0.880037189 -0.139384046 0.45399031
v 0.842143178 0.133382529 0.522498429
v 0.559017301 -0.769421101 0.309016734
v 0.747434676 -0.543042839 0.382683218
v 0.847398043 -0.275336146 0.45399031
v 0.852640569 1.39758626e-07 0.522498429
v 0.431770921 -0.847397804 0.309016734
v 0.653281868 -0.653281569 0.382683218
v 0.793893039 -0.404508531 0.45399031
v 0.842143178 -0.133382231 0.522498429
v 0.29389286 -0.904508829 0.309016734
v 0.543043077 -0.747434437 0.382683218
v 0.720839858 -0.523720622 0.45399031
v 0.81090939 -0.263480276 0.522498429
v 0.148778185 -0.939347744 0.309016734
v 0.419432819 -0.82318294 0.382683218
v 0.630037129 -0.630036891 0.45399031
v 0.759708345 -0.387090564 0.522498429
v 9.92029356e-08 -0.951056838 0.309016734
v 0.285494715 -0.87866199 0.382683218
v 0.523720801 -0.72083962 0.45399031
v 0.689800799 -0.501169443 0.522498429
v -0.148777977 -0.939347744 0.309016734
v 0.144526765 -0.912505388 0.382683218
v 0.40450877 -0.79389292 0.45399031
v 0.602908015 -0.602907777 0.522498429
v -0.293892622 -0.904508829 0.309016734
v 9.63681543e-08 -0.923879862 0.382683218
v 0.275336385 -0.847397923 0.45399031
v 0.501169622 -0.68980056 0.522498429
v -0.431770682 -0.847397864 0.309016734
v -0.144526556 -0.912505388 0.382683218
v 0.139384285 -0.880037129 0.45399031
v 0.387090802 -0.759708226 0.522498429
v -0.559017122 -0.76942116 0.309016734
v -0.285494477 -0.87866199 0.382683218
v 9.29392385e-08 -0.891006887 0.45399031
v 0.263480514 -0.810909331 0.522498429
v -0.672498643 -0.672498703 0.309016734
v -0.41943258 -0.823183 0.382683218
v -0.139384091 -0.880037129 0.45399031
v 0.133382455 -0.842143059 0.522498429
v -0.769421041 -0.559017122 0.309016734
v -0.543042839 -0.747434556 0.382683218
v -0.275336176 -0.847397923 0.45399031
v 8.89373126e-08 -0.85264045 0.522498429
v -0.653281569 -0.653281689 0.382683218
v -0.747434378 -0.543042898 0.382683218
v -0.404508561 -0.79389298 0.45399031
v -0.133382276 -0.842143059 0.522498429
v -0.523720622 -0.720839739 0.45399031
v -0.630036891 -0.63003701 0.45399031
v -0.72083956 -0.523720682 0.45399031
v -0.263480306 -0.810909331 0.522498429
v -0.387090594 -0.759708226 0.522498429
v -0.501169443 -0.68980068 0.522498429
v -0.602907777 -0.602907836 0.522498429
v -0.689800501 -0.501169443 0.522498429
v -0.654508591 -0.475528389 0.587785125
v -0.572061479 -0.572061598 0.587785125
v -0.47552833 -0.65450877 0.587785125
v -0.367286086 -0.720839679 0.587785125
v -0.25 -0.76942116 0.587785125
v -0.615181446 -0.446955532 0.649447978
v -0.537688315 -0.537688375 0.649447978
v -0.446955472 -0.615181565 0.649447978
v -0.345217109 -0.677526891 0.649447978
v -0.572061479 -0.415627033 0.707106709
v -0.50000006 -0.500000179 0.707106709
v -0.415627003 -0.572061598 0.707106709
v -0.525414586 -0.3817361 0.760405958
v -0.459229171 -0.459229261 0.760405958
v -0.4755283 -0.345491558 0.809017003
v -0.234978363 -0.723189294 0.649447978
v -0.321019799 -0.63003695 0.707106709
v -0.38173604 -0.525414705 0.760405958
v -0.415626973 -0.415627033 0.809017003
v -0.42271024 -0.307116985 0.852640152
v -0.218508005 -0.672498763 0.707106709
v -0.294843286 -0.578662634 0.760405958
v -0.345491529 -0.475528389 0.809017003
v -0.369462281 -0.369462341 0.852640152
v -0.367286086 -0.266848981 0.891006529
v -0.200690478 -0.617662013 0.760405958
v -0.266848922 -0.523720622 0.809017003
v -0.307116956 -0.422710329 0.852640152
v -0.321019799 -0.321019858 0.891006529
v -0.309597433 -0.22493574 0.923879504
v -0.181635618 -0.559017122 0.809017003
v -0.23720938 -0.465549737 0.852640152
v -0.266848952 -0.367286146 0.891006529
v -0.270598084 -0.270598143 0.923879504
v -0.25000003 -0.181635678 0.95105654
v -0.161460921 -0.496925771 0.852640152
v -0.206107393 -0.404508621 0.891006529
v -0.22493571 -0.309597522 0.923879504
v -0.218508035 -0.218508065 0.95105654
v -0.188861296 -0.137215778 0.972369909
v -0.140290782 -0.431770772 0.891006529
v -0.173734665 -0.340973556 0.923879504
v -0.181635648 -0.250000089 0.95105654
v -0.165070817 -0.165070847 0.972369909
v -0.126558155 -0.091949895 0.987688363
v -0.118255682 -0.36395371 0.923879504
v -0.140290797 -0.275336236 0.95105654
v -0.137215763 -0.18886134 0.972369909
v -0.110615887 -0.110615902 0.987688363
v -0.0954914987 -0.293892711 0.95105654
v -0.105981991 -0.208001405 0.972369909
v -0.0919498876 -0.126558185 0.987688363
v -0.0721385852 -0.222019807 0.972369909
v -0.0710197687 -0.13938418 0.987688363
v -0.0483409092 -0.148778066 0.987688363
v -0.055478964 -0.0554789752 0.996917307
v -0.0461171046 -0.0634747669 0.996917307
v 0 2.22044605e-16 1
v -0.063474752 -0.0461171083 0.996917307
v 0 2.22044605e-16 1
v -0.0356196873 -0.0699075907 0.996917307
v 0 2.22044605e-16 1
v -0.0699075758 -0.035619691 0.996917307
v 0 2.22044605e-16 1
v -0.0242451932 -0.0746190548 0.996917307
v 0 2.22044605e-16 1
v -0.0746190399 -0.0242451988 0.996917307
v 0 2.22044605e-16 1
v -0.0774931386 -0.0122737084 0.996917307
v 0 2.22044605e-16 1
v -0.0784590989 2.2136011e-16 0.996917307
v 0 2.22044605e-16 1
v -0.0774931908 0.0122736963 0.996917307
v 0 2.22044605e-16 1
v -0.0122737018 -0.077493161 0.996917307
v 0 2.22044605e-16 1
v -0.0244717337 -0.154508546 0.987688363
v 8.18392198e-09 -0.0784591213 0.996917307
v 0 2.22044605e-16 1
v -0.0365188867 -0.23057133 0.972369909
v 1.63173866e-08 -0.156434521 0.987688363
v -0.0483408906 -0.305212557 0.95105654
v 0.0122737195 -0.077493161 0.996917307
v 0 2.22044605e-16 1
v 2.43502498e-08 -0.233445436 0.972369909
v -0.0598648563 -0.377972096 0.923879504
v 0.0244717691 -0.154508546 0.987688363
v 3.22329861e-08 -0.309017062 0.95105654
v -0.0710197389 -0.448401272 0.891006529
v 0.0242452119 -0.0746190548 0.996917307
v 0 2.22044605e-16 1
v 0.0365189388 -0.23057133 0.972369909
v 3.99169942e-08 -0.382683545 0.923879504
v -0.0817367509 -0.516065836 0.852640152
v 0.0483409464 -0.148778066 0.987688363
v 0.0483409576 -0.305212557 0.95105654
v 4.73549022e-08 -0.453990638 0.891006529
v -0.0919498354 -0.580548763 0.809017003
v 0.0356197059 -0.0699075833 0.996917307
v 0 2.22044605e-16 1
v 0.0721386373 -0.222019807 0.972369909
v 0.059864942 -0.377972096 0.923879504
v 5.45008447e-08 -0.522498667 0.852640152
v -0.101596028 -0.641452491 0.760405958
v 0.071019806 -0.139384165 0.987688363
v 0.0954915732 -0.293892711 0.95105654
v 0.0710198358 -0.448401272 0.891006529
v 6.13107787e-08 -0.587785363 0.809017003
v -0.110615835 -0.698401332 0.707106709
v 0.0461171232 -0.063474752 0.996917307
v 0 2.22044605e-16 1
v 0.118255772 -0.36395371 0.923879504
v 0.0817368627 -0.516065836 0.852640152
v 6.77427181e-08 -0.649448276 0.760405958
v -0.11895366 -0.751044333 0.649447978
v 0.140290886 -0.431770772 0.891006529
v 0.0919499621 -0.580548763 0.809017003
v 7.37569934e-08 -0.707107008 0.707106709
v -0.126558095 -0.799056947 0.587785125
v 7.93165285e-08 -0.760406196 0.649447978
v 8.43870538e-08 -0.809017241 0.587785125
v 0.101596169 -0.641452491 0.760405958
v 0.16146104 -0.496925771 0.852640152
v 0.110615991 -0.698401332 0.707106709
v 0.126558274 -0.799056947 0.587785125
v 0.118953831 -0.751044333 0.649447978
v 0.181635752 -0.559017122 0.809017003
v 0.250000209 -0.76942116 0.587785125
v 0.200690642 -0.617662013 0.760405958
v 0.234978542 -0.723189294 0.649447978
v 0.218508184 -0.672498763 0.707106709
v 0.367286265 -0.72083962 0.587785125
v 0.345217317 -0.677526891 0.649447978
v 0.321019977 -0.63003695 0.707106709
v 0.294843435 -0.578662634 0.760405958
v 0.266849071 -0.523720622 0.809017003
v 0.475528538 -0.65450865 0.587785125
v 0.446955651 -0.615181506 0.649447978
v 0.415627182 -0.572061539 0.707106709
v 0.381736189 -0.525414646 0.760405958
v 0.572061718 -0.572061479 0.587785125
v 0.537688494 -0.537688315 0.649447978
v 0.500000298 -0.50000006 0.707106709
v 0.654508829 -0.47552833 0.587785125
v 0.615181684 -0.446955472 0.649447978
v 0.720839798 -0.367286056 0.587785125
v 0.345491678 -0.47552833 0.809017003
v 0.45922938 -0.459229171 0.760405958
v 0.572061718 -0.415627003 0.707106709
v 0.67752701 -0.345217109 0.649447978
v 0.769421279 -0.249999985 0.587785125
v 0.415627122 -0.415626973 0.809017003
v 0.525414765 -0.38173604 0.760405958
v 0.630037069 -0.321019769 0.707106709
v 0.723189414 -0.234978348 0.649447978
v 0.799057007 -0.126558065 0.587785125
v 0.475528479 -0.345491529 0.809017003
v 0.578662753 -0.294843256 0.760405958
v 0.672498822 -0.21850799 0.707106709
v 0.751044452 -0.118953623 0.649447978
v 0.80901736 1.32608236e-07 0.587785125
v 0.523720682 -0.266848922 0.809017003
v 0.617662072 -0.200690463 0.760405958
v 0.698401451 -0.110615805 0.707106709
v 0.760406315 1.24640252e-07 0.649447978
v 0.799057007 0.126558349 0.587785125
v 0.559017181 -0.181635603 0.809017003
v 0.641452551 -0.101595998 0.760405958
v 0.707107067 1.15903845e-07 0.707106709
v 0.751044452 0.118953884 0.649447978
v 0.769421279 0.250000268 0.587785125
v 0.580548882 -0.0919498056 0.809017003
v 0.649448335 1.06452838e-07 0.760405958
v 0.698401451 0.110616043 0.707106709
v 0.723189414 0.234978616 0.649447978
v 0.720839739 0.367286354 0.587785125
v 0.587785482 9.63455093e-08 0.809017003
v 0.641452551 0.101596221 0.760405958
v 0.672498822 0.218508244 0.707106709
v 0.677526951 0.345217407 0.649447978
v 0.65450877 0.475528687 0.587785125
v 0.580548882 0.0919500068 0.809017003
v 0.617662072 0.200690702 0.760405958
v 0.63003701 0.321020037 0.707106709
v 0.615181565 0.4469558 0.649447978
v 0.572061598 0.572061896 0.587785125
v 0.559017181 0.181635812 0.809017003
v 0.578662694 0.294843525 0.760405958
v 0.572061598 0.415627301 0.707106709
v 0.537688375 0.537688673 0.649447978
v 0.475528389 0.654509008 0.587785125
v 0.523720682 0.26684913 0.809017003
v 0.525414705 0.381736308 0.760405958
v 0.500000179 0.500000417 0.707106709
v 0.446955532 0.615181804 0.649447978
v 0.367286086 0.720839918 0.587785125
v 0.345217109 0.67752713 0.649447978
v 0.234978348 0.723189533 0.649447978
v 0.415627033 0.572061837 0.707106709
v 0.459229261 0.459229499 0.760405958
v 0.321019799 0.630037189 0.707106709
v 0.110615782 0.69840157 0.707106709
v 0.21850799 0.672498941 0.707106709
v 0.3817361 0.525414884 0.760405958
v -1.45162957e-07 0.649448454 0.760405958
v 0.294843286 0.578662872 0.760405958
v 0.101595975 0.64145267 0.760405958
v -1.31380233e-07 0.587785602 0.809017003
v 0.200690463 0.617662191 0.760405958
v -1.16787525e-07 0.522498846 0.852640152
v 0.0919497907 0.580548942 0.809017003
v 0.181635603 0.559017301 0.809017003
v 0.266848922 0.523720801 0.809017003
v -1.01474789e-07 0.453990787 0.891006529
v 0.0817367062 0.516066015 0.852640152
v -8.55364206e-08 0.382683694 0.923879504
v 0.161460906 0.49692595 0.852640152
v 0.0710197017 0.448401392 0.891006529
v 0.345491558 0.475528568 0.809017003
v 0.23720938 0.465549886 0.852640152
v 0.140290767 0.431770891 0.891006529
v 0.0598648302 0.377972215 0.923879504
v -6.90706798e-08 0.309017181 0.95105654
v 0.415627033 0.415627241 0.809017003
v 0.307116985 0.422710478 0.852640152
v 0.206107393 0.40450877 0.891006529
v 0.118255675 0.363953799 0.923879504
v 0.475528389 0.345491767 0.809017003
v 0.369462341 0.36946255 0.852640152
v 0.266848981 0.367286295 0.891006529
v 0.422710329 0.307117194 0.852640152
v 0.0483408682 0.305212677 0.95105654
v 0.173734665 0.340973675 0.923879504
v 0.321019858 0.321020007 0.891006529
v 0.465549767 0.237209573 0.852640152
v 0.0954914913 0.293892801 0.95105654
v 0.22493574 0.309597641 0.923879504
v 0.367286146 0.26684913 0.891006529
v 0.496925861 0.161461085 0.852640152
v 0.140290797 0.275336325 0.95105654
v 0.270598143 0.270598263 0.923879504
v 0.40450865 0.206107557 0.891006529
v 0.516065896 0.0817368999 0.852640152
v 0.181635678 0.250000179 0.95105654
v 0.309597522 0.224935874 0.923879504
v 0.431770802 0.140290931 0.891006529
v 0.522498727 8.56441886e-08 0.852640152
v 0.218508065 0.218508184 0.95105654
v 0.340973586 0.173734799 0.923879504
v 0.448401302 0.071019873 0.891006529
v 0.516065896 -0.0817367211 0.852640152
v 0.250000089 0.181635782 0.95105654
v 0.363953739 0.118255809 0.923879504
v 0.453990668 7.44148423e-08 0.891006529
v 0.496925861 -0.161460906 0.852640152
v 0.275336266 0.140290901 0.95105654
v 0.377972126 0.0598649718 0.923879504
v 0.448401302 -0.0710197166 0.891006529
v 0.465549797 -0.237209365 0.852640152
v 0.293892741 0.095491603 0.95105654
v 0.382683605 6.27267056e-08 0.923879504
v 0.431770802 -0.140290767 0.891006529
v 0.422710389 -0.307116956 0.852640152
v 0.305212617 0.0483409837 0.95105654
v 0.377972126 -0.0598648414 0.923879504
v 0.40450868 -0.206107378 0.891006529
v 0.36946246 -0.369462281 0.852640152
v 0.309017122 5.06518347e-08 0.95105654
v 0.363953739 -0.118255675 0.923879504
v 0.367286205 -0.266848952 0.891006529
v 0.307117105 -0.42271027 0.852640152
v 0.305212617 -0.0483408757 0.95105654
v 0.340973586 -0.17373465 0.923879504
v 0.321019918 -0.321019799 0.891006529
v 0.237209514 -0.465549707 0.852640152
v 0.266849071 -0.367286116 0.891006529
v 0.206107497 -0.404508591 0.891006529
v 0.309597552 -0.22493571 0.923879504
v 0.293892741 -0.0954914913 0.95105654
v 0.270598203 -0.270598084 0.923879504
v 0.2249358 -0.309597462 0.923879504
v 0.173734754 -0.340973526 0.923879504
v 0.275336266 -0.140290782 0.95105654
v 0.250000119 -0.181635648 0.95105654
v 0.218508124 -0.218508035 0.95105654
v 0.181635723 -0.25000006 0.95105654
v 0.140290856 -0.275336236 0.95105654
v 0.105982043 -0.20800139 0.972369909
v 0.137215823 -0.18886131 0.972369909
v 0.0919499248 -0.12655817 0.987688363
v 0.165070891 -0.165070817 0.972369909
v 0.188861355 -0.137215763 0.972369909
v 0.110615931 -0.110615887 0.987688363
v 0.0554789864 -0.055478964 0.996917307
v 0 2.22044605e-16 1
v 0.126558214 -0.0919498876 0.987688363
v 0.0634747744 -0.0461171046 0.996917307
v 0 2.22044605e-16 1
v 0.208001435 -0.105981983 0.972369909
v 0.139384195 -0.0710197613 0.987688363
v 0.0699075982 -0.0356196836 0.996917307
v 0 2.22044605e-16 1
v 0.222019836 -0.0721385777 0.972369909
v 0.148778081 -0.0483409055 0.987688363
v 0.0746190697 -0.0242451914 0.996917307
v 0 2.22044605e-16 1
v 0.230571359 -0.0365188755 0.972369909
v 0.154508561 -0.0244717263 0.987688363
v 0.0774931684 -0.012273699 0.996917307
v 0 2.22044605e-16 1
v 0.233445466 3.82646803e-08 0.972369909
v 0.156434536 2.56416079e-08 0.987688363
v 0.0784591287 1.28604487e-08 0.996917307
v 0 2.22044605e-16 1
v 0.230571359 0.0365189575 0.972369909
v 0.154508561 0.0244717803 0.987688363
v 0.0774931684 0.0122737261 0.996917307
v 0 2.22044605e-16 1
v 0.222019836 0.0721386597 0.972369909
v 0.148778081 0.0483409613 0.987688363
v 0.0746190697 0.0242452193 0.996917307
v 0 2.22044605e-16 1
v 0.20800142 0.105982073 0.972369909
v 0.13938418 0.0710198283 0.987688363
v 0.0699075907 0.0356197134 0.996917307
v 0 2.22044605e-16 1
v 0.18886134 0.137215853 0.972369909
v 0.126558185 0.0919499546 0.987688363
v 0.0634747669 0.0461171381 0.996917307
v 0 2.22044605e-16 1
v 0.165070847 0.165070936 0.972369909
v 0.110615902 0.110615961 0.987688363
v 0.0554789752 0.0554790013 0.996917307
v 0 2.22044605e-16 1
v 0.137215778 0.1888614 0.972369909
v 0.091949895 0.126558229 0.987688363
v 0.0461171083 0.0634747893 0.996917307
v 0 2.22044605e-16 1
v 0.105981991 0.20800148 0.972369909
v 0.0710197687 0.139384225 0.987688363
v 0.0356196873 0.0699076131 0.996917307
v 0 2.22044605e-16 1
v 0.0721385777 0.222019881 0.972369909
v 0.0483409055 0.148778111 0.987688363
v 0.0242451914 0.0746190846 0.996917307
v 0 2.22044605e-16 1
v 0.0365188718 0.230571404 0.972369909
v 0.0244717225 0.154508591 0.987688363
v 0.0122736963 0.0774931833 0.996917307
v 0 2.22044605e-16 1
v -5.21791073e-08 0.23344551 0.972369909
v -3.49658293e-08 0.156434566 0.987688363
v -1.75369745e-08 0.0784591436 0.996917307
v 0 2.22044605e-16 1
v -0.0365189798 0.230571404 0.972369909
v -0.0244717952 0.154508591 0.987688363
v -0.0122737326 0.0774931833 0.996917307
v 0 2.22044605e-16 1
v -0.0242452286 0.0746190771 0.996917307
v 0 2.22044605e-16 1
v 0 2.22044605e-16 1
vt 0 5.96046448e-08
vt 0 0.0500000119
vt 0.0249999762 5.96046448e-08
vt 0.0249999762 0.0500000119
vt 0 0.0999999642
vt 0.0500000119 5.96046448e-08
vt 0.0249999762 0.0999999642
vt 0 0.149999946
vt 0.0500000119 0.0500000119
vt 0.0750000179 5.96046448e-08
vt 0.0249999762 0.149999946
vt 0 0.199999899
vt 0.0750000179 0.0500000119
vt 0.100000024 5.96046448e-08
vt 0.0500000119 0.0999999642
vt 0.0249999762 0.199999899
vt 0 0.249999851
vt 0.100000024 0.0500000119
vt 0.12500003 5.96046448e-08
vt 0.0750000179 0.0999999642
vt 0.0500000119 0.149999946
vt 0.0249999762 0.249999851
vt 0 0.299999803
vt 0.12500003 0.0500000119
vt 0.150000036 5.96046448e-08
vt 0.0500000119 0.199999899
vt 0.100000024 0.0999999642
vt 0.0750000179 0.149999946
vt 0.0249999762 0.299999803
vt 0 0.349999785
vt 0.150000036 0.0500000119
vt 0.175000072 5.96046448e-08
vt 0.0500000119 0.249999851
vt 0.0750000179 0.199999899
vt 0.12500003 0.0999999642
vt 0.100000024 0.149999946
vt 0.0249999762 0.349999785
vt 0 0.399999738
vt 0.175000072 0.0500000119
vt 0.200000077 5.96046448e-08
vt 0.0500000119 0.299999803
vt 0.0750000179 0.249999851
vt 0.100000024 0.199999899
vt 0.150000036 0.0999999642
vt 0.12500003 0.149999946
vt 0.0249999762 0.399999738
vt 0 0.44999969
vt 0.0500000119 0.349999785
vt 0.0750000179 0.299999803
vt 0.100000024 0.249999851
vt 0.12500003 0.199999899
vt 0.150000036 0.149999946
vt 0.0249999762 0.44999969
vt 0 0.499999642
vt 0.0500000119 0.399999738
vt 0.0750000179 0.349999785
vt 0.100000024 0.299999803
vt 0.12500003 0.249999851
vt 0.0249999762 0.499999642
vt 0 0.549999595
vt 0.0500000119 0.44999969
vt 0.0750000179 0.399999738
vt 0.100000024 0.349999785
vt 0.0249999762 0.549999595
vt 0 0.599999547
vt 0.0500000119 0.499999642
vt 0.0750000179 0.44999969
vt 0.0249999762 0.599999547
vt 0 0.649999499
vt 0.0500000119 0.549999595
vt 0.0249999762 0.649999499
vt 0 0.699999452
vt 0.12500003 0.299999803
vt 0.100000024 0.399999738
vt 0.0750000179 0.499999642
vt 0.0500000119 0.599999547
vt 0.0249999762 0.699999452
vt 0 0.749999404
vt 0.12500003 0.349999785
vt 0.100000024 0.44999969
vt 0.0750000179 0.549999595
vt 0.0500000119 0.649999499
vt 0.0249999762 0.749999404
vt 0 0.799999356
vt 0.12500003 0.399999738
vt 0.100000024 0.499999642
vt 0.0750000179 0.599999547
vt 0.0500000119 0.699999452
vt 0.0249999762 0.799999356
vt 0 0.849999309
vt 0.12500003 0.44999969
vt 0.100000024 0.549999595
vt 0.0750000179 0.649999499
vt 0.0500000119 0.749999404
vt 0.0249999762 0.849999309
vt 0 0.899999321
vt 0.12500003 0.499999642
vt 0.100000024 0.599999547
vt 0.0750000179 0.699999452
vt 0.0500000119 0.799999356
vt 0.0249999762 0.899999321
vt 0 0.949999273
vt 0.12500003 0.549999595
vt 0.100000024 0.649999499
vt 0.0750000179 0.749999404
vt 0.0500000119 0.849999309
vt 0.0249999762 0.949999273
vt 0.0124999583 1
vt 0.0500000119 0.899999321
vt 0.0750000179 0.799999356
vt 0.100000024 0.699999452
vt 0.12500003 0.599999547
vt 0.0500000119 0.949999273
vt 0.037499994 1
vt 0.0750000179 0.849999309
vt 0.100000024 0.749999404
vt 0.12500003 0.649999499
vt 0.0750000179 0.899999321
vt 0.100000024 0.799999356
vt 0.12500003 0.699999452
vt 0.0750000179 0.949999273
vt 0.0625 1
vt 0.100000024 0.849999309
vt 0.12500003 0.749999404
vt 0.100000024 0.899999321
vt 0.12500003 0.799999356
vt 0.100000024 0.949999273
vt 0.087500006 1
vt 0.12500003 0.849999309
vt 0.12500003 0.899999321
vt 0.12500003 0.949999273
vt 0.112500042 1
vt 0.150000036 0.699999452
vt 0.150000036 0.749999404
vt 0.150000036 0.799999356
vt 0.150000036 0.849999309
vt 0.150000036 0.899999321
vt 0.150000036 0.649999499
vt 0.150000036 0.949999273
vt 0.137500048 1
vt 0.150000036 0.599999547
vt 0.150000036 0.549999595
vt 0.150000036 0.499999642
vt 0.150000036 0.44999969
vt 0.150000036 0.399999738
vt 0.150000036 0.349999785
vt 0.150000036 0.299999803
vt 0.150000036 0.249999851
vt 0.150000036 0.199999899
vt 0.175000072 0.44999969
vt 0.175000072 0.399999738
vt 0.175000072 0.349999785
vt 0.175000072 0.299999803
vt 0.175000072 0.249999851
vt 0.175000072 0.199999899
vt 0.175000072 0.149999946
vt 0.175000072 0.499999642
vt 0.175000072 0.0999999642
vt 0.200000077 0.0500000119
vt 0.225000113 5.96046448e-08
vt 0.200000077 0.0999999642
vt 0.225000113 0.0500000119
vt 0.250000119 5.96046448e-08
vt 0.200000077 0.149999946
vt 0.250000119 0.0500000119
vt 0.275000155 5.96046448e-08
vt 0.225000113 0.0999999642
vt 0.200000077 0.199999899
vt 0.275000155 0.0500000119
vt 0.300000161 5.96046448e-08
vt 0.250000119 0.0999999642
vt 0.225000113 0.149999946
vt 0.200000077 0.249999851
vt 0.300000161 0.0500000119
vt 0.325000167 5.96046448e-08
vt 0.225000113 0.199999899
vt 0.275000155 0.0999999642
vt 0.250000119 0.149999946
vt 0.200000077 0.299999803
vt 0.325000167 0.0500000119
vt 0.350000203 5.96046448e-08
vt 0.225000113 0.249999851
vt 0.250000119 0.199999899
vt 0.300000161 0.0999999642
vt 0.275000155 0.149999946
vt 0.200000077 0.349999785
vt 0.350000203 0.0500000119
vt 0.375000209 5.96046448e-08
vt 0.225000113 0.299999803
vt 0.250000119 0.249999851
vt 0.275000155 0.199999899
vt 0.325000167 0.0999999642
vt 0.300000161 0.149999946
vt 0.200000077 0.399999738
vt 0.225000113 0.349999785
vt 0.250000119 0.299999803
vt 0.275000155 0.249999851
vt 0.300000161 0.199999899
vt 0.325000167 0.149999946
vt 0.200000077 0.44999969
vt 0.225000113 0.399999738
vt 0.250000119 0.349999785
vt 0.275000155 0.299999803
vt 0.300000161 0.249999851
vt 0.350000203 0.0999999642
vt 0.325000167 0.199999899
vt 0.375000209 0.0500000119
vt 0.400000215 5.96046448e-08
vt 0.350000203 0.149999946
vt 0.400000215 0.0500000119
vt 0.42500025 5.96046448e-08
vt 0.375000209 0.0999999642
vt 0.42500025 0.0500000119
vt 0.450000256 5.96046448e-08
vt 0.400000215 0.0999999642
vt 0.375000209 0.149999946
vt 0.350000203 0.199999899
vt 0.450000256 0.0500000119
vt 0.475000292 5.96046448e-08
vt 0.42500025 0.0999999642
vt 0.400000215 0.149999946
vt 0.475000292 0.0500000119
vt 0.500000298 5.96046448e-08
vt 0.450000256 0.0999999642
vt 0.500000298 0.0500000119
vt 0.525000274 5.96046448e-08
vt 0.325000167 0.249999851
vt 0.375000209 0.199999899
vt 0.42500025 0.149999946
vt 0.475000292 0.0999999642
vt 0.525000274 0.0500000119
vt 0.55000025 5.96046448e-08
vt 0.300000161 0.299999803
vt 0.400000215 0.199999899
vt 0.450000256 0.149999946
vt 0.500000298 0.0999999642
vt 0.55000025 0.0500000119
vt 0.575000226 5.96046448e-08
vt 0.275000155 0.349999785
vt 0.42500025 0.199999899
vt 0.475000292 0.149999946
vt 0.525000274 0.0999999642
vt 0.575000226 0.0500000119
vt 0.600000203 5.96046448e-08
vt 0.250000119 0.399999738
vt 0.450000256 0.199999899
vt 0.500000298 0.149999946
vt 0.55000025 0.0999999642
vt 0.600000203 0.0500000119
vt 0.625000238 5.96046448e-08
vt 0.225000113 0.44999969
vt 0.475000292 0.199999899
vt 0.525000274 0.149999946
vt 0.575000226 0.0999999642
vt 0.625000238 0.0500000119
vt 0.650000215 5.96046448e-08
vt 0.200000077 0.499999642
vt 0.500000298 0.199999899
vt 0.55000025 0.149999946
vt 0.600000203 0.0999999642
vt 0.650000215 0.0500000119
vt 0.675000191 5.96046448e-08
vt 0.175000072 0.549999595
vt 0.175000072 0.599999547
vt 0.200000077 0.549999595
vt 0.175000072 0.649999499
vt 0.625000238 0.0999999642
vt 0.675000191 0.0500000119
vt 0.700000167 5.96046448e-08
vt 0.225000113 0.499999642
vt 0.200000077 0.599999547
vt 0.175000072 0.699999452
vt 0.650000215 0.0999999642
vt 0.700000167 0.0500000119
vt 0.725000143 5.96046448e-08
vt 0.250000119 0.44999969
vt 0.200000077 0.649999499
vt 0.175000072 0.749999404
vt 0.675000191 0.0999999642
vt 0.725000143 0.0500000119
vt 0.750000119 5.96046448e-08
vt 0.275000155 0.399999738
vt 0.200000077 0.699999452
vt 0.175000072 0.799999356
vt 0.700000167 0.0999999642
vt 0.750000119 0.0500000119
vt 0.775000095 5.96046448e-08
vt 0.300000161 0.349999785
vt 0.200000077 0.749999404
vt 0.175000072 0.849999309
vt 0.725000143 0.0999999642
vt 0.775000095 0.0500000119
vt 0.800000131 5.96046448e-08
vt 0.325000167 0.299999803
vt 0.200000077 0.799999356
vt 0.175000072 0.899999321
vt 0.750000119 0.0999999642
vt 0.800000131 0.0500000119
vt 0.825000107 5.96046448e-08
vt 0.350000203 0.249999851
vt 0.375000209 0.249999851
vt 0.350000203 0.299999803
vt 0.400000215 0.249999851
vt 0.775000095 0.0999999642
vt 0.825000107 0.0500000119
vt 0.850000143 5.96046448e-08
vt 0.325000167 0.349999785
vt 0.375000209 0.299999803
vt 0.42500025 0.249999851
vt 0.800000131 0.0999999642
vt 0.850000143 0.0500000119
vt 0.875000119 5.96046448e-08
vt 0.350000203 0.349999785
vt 0.400000215 0.299999803
vt 0.450000256 0.249999851
vt 0.825000107 0.0999999642
vt 0.875000119 0.0500000119
vt 0.900000095 5.96046448e-08
vt 0.375000209 0.349999785
vt 0.42500025 0.299999803
vt 0.475000292 0.249999851
vt 0.850000143 0.0999999642
vt 0.900000095 0.0500000119
vt 0.925000072 5.96046448e-08
vt 0.400000215 0.349999785
vt 0.450000256 0.299999803
vt 0.875000119 0.0999999642
vt 0.925000072 0.0500000119
vt 0.950000048 5.96046448e-08
vt 0.42500025 0.349999785
vt 0.900000095 0.0999999642
vt 0.950000048 0.0500000119
vt 0.975000024 5.96046448e-08
vt 0.925000072 0.0999999642
vt 0.975000024 0.0500000119
vt 1 5.96046448e-08
vt 1 0.0500000119
vt 0.950000048 0.0999999642
vt 0.975000024 0.0999999642
vt 1 0.0999999642
vt 0.975000024 0.149999946
vt 1 0.149999946
vt 0.950000048 0.149999946
vt 0.925000072 0.149999946
vt 0.900000095 0.149999946
vt 0.975000024 0.199999899
vt 1 0.199999899
vt 0.950000048 0.199999899
vt 0.925000072 0.199999899
vt 0.975000024 0.249999851
vt 1 0.249999851
vt 0.950000048 0.249999851
vt 0.975000024 0.299999803
vt 1 0.299999803
vt 0.875000119 0.149999946
vt 0.900000095 0.199999899
vt 0.925000072 0.249999851
vt 0.950000048 0.299999803
vt 0.975000024 0.349999785
vt 1 0.349999785
vt 0.850000143 0.149999946
vt 0.900000095 0.249999851
vt 0.925000072 0.299999803
vt 0.950000048 0.349999785
vt 0.975000024 0.399999738
vt 1 0.399999738
vt 0.825000107 0.149999946
vt 0.900000095 0.299999803
vt 0.925000072 0.349999785
vt 0.950000048 0.399999738
vt 0.975000024 0.44999969
vt 1 0.44999969
vt 0.800000131 0.149999946
vt 0.900000095 0.349999785
vt 0.925000072 0.399999738
vt 0.950000048 0.44999969
vt 0.975000024 0.499999642
vt 1 0.499999642
vt 0.775000095 0.149999946
vt 0.900000095 0.399999738
vt 0.925000072 0.44999969
vt 0.950000048 0.499999642
vt 0.975000024 0.549999595
vt 1 0.549999595
vt 0.750000119 0.149999946
vt 0.900000095 0.44999969
vt 0.925000072 0.499999642
vt 0.950000048 0.549999595
vt 0.975000024 0.599999547
vt 1 0.599999547
vt 0.725000143 0.149999946
vt 0.900000095 0.499999642
vt 0.925000072 0.549999595
vt 0.950000048 0.599999547
vt 0.975000024 0.649999499
vt 1 0.649999499
vt 0.700000167 0.149999946
vt 0.900000095 0.549999595
vt 0.925000072 0.599999547
vt 0.950000048 0.649999499
vt 0.975000024 0.699999452
vt 1 0.699999452
vt 0.675000191 0.149999946
vt 0.900000095 0.599999547
vt 0.925000072 0.649999499
vt 0.950000048 0.699999452
vt 0.975000024 0.749999404
vt 1 0.749999404
vt 0.650000215 0.149999946
vt 0.900000095 0.649999499
vt 0.925000072 0.699999452
vt 0.950000048 0.749999404
vt 0.975000024 0.799999356
vt 1 0.799999356
vt 0.625000238 0.149999946
vt 0.900000095 0.699999452
vt 0.925000072 0.749999404
vt 0.950000048 0.799999356
vt 0.975000024 0.849999309
vt 1 0.849999309
vt 0.600000203 0.149999946
vt 0.900000095 0.749999404
vt 0.925000072 0.799999356
vt 0.950000048 0.849999309
vt 0.975000024 0.899999321
vt 1 0.899999321
vt 0.575000226 0.149999946
vt 0.900000095 0.799999356
vt 0.925000072 0.849999309
vt 0.950000048 0.899999321
vt 0.900000095 0.849999309
vt 0.925000072 0.899999321
vt 0.900000095 0.899999321
vt 0.55000025 0.199999899
vt 0.525000274 0.199999899
vt 0.500000298 0.249999851
vt 0.575000226 0.199999899
vt 0.525000274 0.249999851
vt 0.475000292 0.299999803
vt 0.600000203 0.199999899
vt 0.55000025 0.249999851
vt 0.500000298 0.299999803
vt 0.450000256 0.349999785
vt 0.625000238 0.199999899
vt 0.575000226 0.249999851
vt 0.525000274 0.299999803
vt 0.475000292 0.349999785
vt 0.650000215 0.199999899
vt 0.600000203 0.249999851
vt 0.55000025 0.299999803
vt 0.500000298 0.349999785
vt 0.675000191 0.199999899
vt 0.625000238 0.249999851
vt 0.575000226 0.299999803
vt 0.525000274 0.349999785
vt 0.700000167 0.199999899
vt 0.650000215 0.249999851
vt 0.600000203 0.299999803
vt 0.55000025 0.349999785
vt 0.725000143 0.199999899
vt 0.675000191 0.249999851
vt 0.625000238 0.299999803
vt 0.575000226 0.349999785
vt 0.750000119 0.199999899
vt 0.700000167 0.249999851
vt 0.650000215 0.299999803
vt 0.600000203 0.349999785
vt 0.775000095 0.199999899
vt 0.725000143 0.249999851
vt 0.675000191 0.299999803
vt 0.625000238 0.349999785
vt 0.800000131 0.199999899
vt 0.750000119 0.249999851
vt 0.700000167 0.299999803
vt 0.650000215 0.349999785
vt 0.825000107 0.199999899
vt 0.775000095 0.249999851
vt 0.725000143 0.299999803
vt 0.675000191 0.349999785
vt 0.850000143 0.199999899
vt 0.800000131 0.249999851
vt 0.750000119 0.299999803
vt 0.700000167 0.349999785
vt 0.875000119 0.199999899
vt 0.825000107 0.249999851
vt 0.775000095 0.299999803
vt 0.725000143 0.349999785
vt 0.850000143 0.249999851
vt 0.875000119 0.249999851
vt 0.800000131 0.299999803
vt 0.750000119 0.349999785
vt 0.825000107 0.299999803
vt 0.850000143 0.299999803
vt 0.875000119 0.299999803
vt 0.775000095 0.349999785
vt 0.800000131 0.349999785
vt 0.825000107 0.349999785
vt 0.850000143 0.349999785
vt 0.875000119 0.349999785
vt 0.875000119 0.399999738
vt 0.850000143 0.399999738
vt 0.825000107 0.399999738
vt 0.800000131 0.399999738
vt 0.775000095 0.399999738
vt 0.875000119 0.44999969
vt 0.850000143 0.44999969
vt 0.825000107 0.44999969
vt 0.800000131 0.44999969
vt 0.875000119 0.499999642
vt 0.850000143 0.499999642
vt 0.825000107 0.499999642
vt 0.875000119 0.549999595
vt 0.850000143 0.549999595
vt 0.875000119 0.599999547
vt 0.775000095 0.44999969
vt 0.800000131 0.499999642
vt 0.825000107 0.549999595
vt 0.850000143 0.599999547
vt 0.875000119 0.649999499
vt 0.775000095 0.499999642
vt 0.800000131 0.549999595
vt 0.825000107 0.599999547
vt 0.850000143 0.649999499
vt 0.875000119 0.699999452
vt 0.775000095 0.549999595
vt 0.800000131 0.599999547
vt 0.825000107 0.649999499
vt 0.850000143 0.699999452
vt 0.875000119 0.749999404
vt 0.775000095 0.599999547
vt 0.800000131 0.649999499
vt 0.825000107 0.699999452
vt 0.850000143 0.749999404
vt 0.875000119 0.799999356
vt 0.775000095 0.649999499
vt 0.800000131 0.699999452
vt 0.825000107 0.749999404
vt 0.850000143 0.799999356
vt 0.875000119 0.849999309
vt 0.775000095 0.699999452
vt 0.800000131 0.749999404
vt 0.825000107 0.799999356
vt 0.850000143 0.849999309
vt 0.875000119 0.899999321
vt 0.775000095 0.749999404
vt 0.800000131 0.799999356
vt 0.825000107 0.849999309
vt 0.850000143 0.899999321
vt 0.775000095 0.799999356
vt 0.800000131 0.849999309
vt 0.825000107 0.899999321
vt 0.775000095 0.849999309
vt 0.800000131 0.899999321
vt 0.775000095 0.899999321
vt 0.850000143 0.949999273
vt 0.825000107 0.949999273
vt 0.837500334 1
vt 0.875000119 0.949999273
vt 0.862500429 1
vt 0.800000131 0.949999273
vt 0.812500358 1
vt 0.900000095 0.949999273
vt 0.887500405 1
vt 0.775000095 0.949999273
vt 0.787500381 1
vt 0.925000072 0.949999273
vt 0.912500441 1
vt 0.950000048 0.949999273
vt 0.937500417 1
vt 0.975000024 0.949999273
vt 0.962500393 1
vt 1 0.949999273
vt 0.987500429 1
vt 0.750000119 0.949999273
vt 0.762500286 1
vt 0.750000119 0.899999321
vt 0.725000143 0.949999273
vt 0.73750031 1
vt 0.750000119 0.849999309
vt 0.725000143 0.899999321
vt 0.750000119 0.799999356
vt 0.700000167 0.949999273
vt 0.712500274 1
vt 0.725000143 0.849999309
vt 0.750000119 0.749999404
vt 0.700000167 0.899999321
vt 0.725000143 0.799999356
vt 0.750000119 0.699999452
vt 0.675000191 0.949999273
vt 0.687500298 1
vt 0.700000167 0.849999309
vt 0.725000143 0.749999404
vt 0.750000119 0.649999499
vt 0.675000191 0.899999321
vt 0.700000167 0.799999356
vt 0.725000143 0.699999452
vt 0.750000119 0.599999547
vt 0.650000215 0.949999273
vt 0.662500322 1
vt 0.675000191 0.849999309
vt 0.700000167 0.749999404
vt 0.725000143 0.649999499
vt 0.750000119 0.549999595
vt 0.650000215 0.899999321
vt 0.675000191 0.799999356
vt 0.700000167 0.699999452
vt 0.725000143 0.599999547
vt 0.750000119 0.499999642
vt 0.625000238 0.949999273
vt 0.637500286 1
vt 0.675000191 0.749999404
vt 0.700000167 0.649999499
vt 0.725000143 0.549999595
vt 0.750000119 0.44999969
vt 0.675000191 0.699999452
vt 0.700000167 0.599999547
vt 0.725000143 0.499999642
vt 0.750000119 0.399999738
vt 0.725000143 0.44999969
vt 0.725000143 0.399999738
vt 0.700000167 0.549999595
vt 0.675000191 0.649999499
vt 0.700000167 0.499999642
vt 0.700000167 0.399999738
vt 0.700000167 0.44999969
vt 0.675000191 0.599999547
vt 0.675000191 0.399999738
vt 0.675000191 0.549999595
vt 0.675000191 0.44999969
vt 0.675000191 0.499999642
vt 0.650000215 0.399999738
vt 0.650000215 0.44999969
vt 0.650000215 0.499999642
vt 0.650000215 0.549999595
vt 0.650000215 0.599999547
vt 0.625000238 0.399999738
vt 0.625000238 0.44999969
vt 0.625000238 0.499999642
vt 0.625000238 0.549999595
vt 0.600000203 0.399999738
vt 0.600000203 0.44999969
vt 0.600000203 0.499999642
vt 0.575000226 0.399999738
vt 0.575000226 0.44999969
vt 0.55000025 0.399999738
vt 0.625000238 0.599999547
vt 0.600000203 0.549999595
vt 0.575000226 0.499999642
vt 0.55000025 0.44999969
vt 0.525000274 0.399999738
vt 0.600000203 0.599999547
vt 0.575000226 0.549999595
vt 0.55000025 0.499999642
vt 0.525000274 0.44999969
vt 0.500000298 0.399999738
vt 0.575000226 0.599999547
vt 0.55000025 0.549999595
vt 0.525000274 0.499999642
vt 0.500000298 0.44999969
vt 0.475000292 0.399999738
vt 0.55000025 0.599999547
vt 0.525000274 0.549999595
vt 0.500000298 0.499999642
vt 0.475000292 0.44999969
vt 0.450000256 0.399999738
vt 0.525000274 0.599999547
vt 0.500000298 0.549999595
vt 0.475000292 0.499999642
vt 0.450000256 0.44999969
vt 0.42500025 0.399999738
vt 0.500000298 0.599999547
vt 0.475000292 0.549999595
vt 0.450000256 0.499999642
vt 0.42500025 0.44999969
vt 0.400000215 0.399999738
vt 0.475000292 0.599999547
vt 0.450000256 0.549999595
vt 0.42500025 0.499999642
vt 0.400000215 0.44999969
vt 0.375000209 0.399999738
vt 0.450000256 0.599999547
vt 0.42500025 0.549999595
vt 0.400000215 0.499999642
vt 0.375000209 0.44999969
vt 0.350000203 0.399999738
vt 0.42500025 0.599999547
vt 0.400000215 0.549999595
vt 0.375000209 0.499999642
vt 0.350000203 0.44999969
vt 0.325000167 0.399999738
vt 0.400000215 0.599999547
vt 0.375000209 0.549999595
vt 0.350000203 0.499999642
vt 0.325000167 0.44999969
vt 0.300000161 0.399999738
vt 0.300000161 0.44999969
vt 0.275000155 0.44999969
vt 0.325000167 0.499999642
vt 0.350000203 0.549999595
vt 0.300000161 0.499999642
vt 0.250000119 0.499999642
vt 0.275000155 0.499999642
vt 0.325000167 0.549999595
vt 0.225000113 0.549999595
vt 0.300000161 0.549999595
vt 0.250000119 0.549999595
vt 0.225000113 0.599999547
vt 0.275000155 0.549999595
vt 0.225000113 0.649999499
vt 0.250000119 0.599999547
vt 0.275000155 0.599999547
vt 0.300000161 0.599999547
vt 0.225000113 0.699999452
vt 0.250000119 0.649999499
vt 0.225000113 0.749999404
vt 0.275000155 0.649999499
vt 0.250000119 0.699999452
vt 0.325000167 0.599999547
vt 0.300000161 0.649999499
vt 0.275000155 0.699999452
vt 0.250000119 0.749999404
vt 0.225000113 0.799999356
vt 0.350000203 0.599999547
vt 0.325000167 0.649999499
vt 0.300000161 0.699999452
vt 0.275000155 0.749999404
vt 0.375000209 0.599999547
vt 0.350000203 0.649999499
vt 0.325000167 0.699999452
vt 0.375000209 0.649999499
vt 0.250000119 0.799999356
vt 0.300000161 0.749999404
vt 0.350000203 0.699999452
vt 0.400000215 0.649999499
vt 0.275000155 0.799999356
vt 0.325000167 0.749999404
vt 0.375000209 0.699999452
vt 0.42500025 0.649999499
vt 0.300000161 0.799999356
vt 0.350000203 0.749999404
vt 0.400000215 0.699999452
vt 0.450000256 0.649999499
vt 0.325000167 0.799999356
vt 0.375000209 0.749999404
vt 0.42500025 0.699999452
vt 0.475000292 0.649999499
vt 0.350000203 0.799999356
vt 0.400000215 0.749999404
vt 0.450000256 0.699999452
vt 0.500000298 0.649999499
vt 0.375000209 0.799999356
vt 0.42500025 0.749999404
vt 0.475000292 0.699999452
vt 0.525000274 0.649999499
vt 0.400000215 0.799999356
vt 0.450000256 0.749999404
vt 0.500000298 0.699999452
vt 0.55000025 0.649999499
vt 0.42500025 0.799999356
vt 0.475000292 0.749999404
vt 0.525000274 0.699999452
vt 0.575000226 0.649999499
vt 0.450000256 0.799999356
vt 0.500000298 0.749999404
vt 0.55000025 0.699999452
vt 0.600000203 0.649999499
vt 0.475000292 0.799999356
vt 0.525000274 0.749999404
vt 0.575000226 0.699999452
vt 0.625000238 0.649999499
vt 0.500000298 0.799999356
vt 0.55000025 0.749999404
vt 0.600000203 0.699999452
vt 0.650000215 0.649999499
vt 0.625000238 0.699999452
vt 0.650000215 0.699999452
vt 0.575000226 0.749999404
vt 0.525000274 0.799999356
vt 0.600000203 0.749999404
vt 0.625000238 0.749999404
vt 0.650000215 0.749999404
vt 0.55000025 0.799999356
vt 0.575000226 0.799999356
vt 0.600000203 0.799999356
vt 0.625000238 0.799999356
vt 0.650000215 0.799999356
vt 0.650000215 0.849999309
vt 0.625000238 0.849999309
vt 0.625000238 0.899999321
vt 0.600000203 0.849999309
vt 0.575000226 0.849999309
vt 0.600000203 0.899999321
vt 0.600000203 0.949999273
vt 0.61250025 1
vt 0.575000226 0.899999321
vt 0.575000226 0.949999273
vt 0.587500215 1
vt 0.55000025 0.849999309
vt 0.55000025 0.899999321
vt 0.55000025 0.949999273
vt 0.562500238 1
vt 0.525000274 0.849999309
vt 0.525000274 0.899999321
vt 0.525000274 0.949999273
vt 0.537500262 1
vt 0.500000298 0.849999309
vt 0.500000298 0.899999321
vt 0.500000298 0.949999273
vt 0.512500226 1
vt 0.475000292 0.849999309
vt 0.475000292 0.899999321
vt 0.475000292 0.949999273
vt 0.487500191 1
vt 0.450000256 0.849999309
vt 0.450000256 0.899999321
vt 0.450000256 0.949999273
vt 0.462500185 1
vt 0.42500025 0.849999309
vt 0.42500025 0.899999321
vt 0.42500025 0.949999273
vt 0.437500179 1
vt 0.400000215 0.849999309
vt 0.400000215 0.899999321
vt 0.400000215 0.949999273
vt 0.412500143 1
vt 0.375000209 0.849999309
vt 0.375000209 0.899999321
vt 0.375000209 0.949999273
vt 0.387500137 1
vt 0.350000203 0.849999309
vt 0.350000203 0.899999321
vt 0.350000203 0.949999273
vt 0.362500131 1
vt 0.325000167 0.849999309
vt 0.325000167 0.899999321
vt 0.325000167 0.949999273
vt 0.337500155 1
vt 0.300000161 0.849999309
vt 0.300000161 0.899999321
vt 0.300000161 0.949999273
vt 0.312500119 1
vt 0.275000155 0.849999309
vt 0.275000155 0.899999321
vt 0.275000155 0.949999273
vt 0.287500083 1
vt 0.250000119 0.849999309
vt 0.250000119 0.899999321
vt 0.250000119 0.949999273
vt 0.262500077 1
vt 0.225000113 0.849999309
vt 0.225000113 0.899999321
vt 0.225000113 0.949999273
vt 0.237500101 1
vt 0.200000077 0.849999309
vt 0.200000077 0.899999321
vt 0.200000077 0.949999273
vt 0.212500066 1
vt 0.175000072 0.949999273
vt 0.18750006 1
vt 0.162500054 1
vn -0.98691386 0.156395972 0.0392594188
vn -0.984635949 0.156120554 0.078220129
vn -0.95029676 0.308860242 0.0392594971
vn -0.948090196 0.308231443 0.0782202482
vn -0.975549638 0.1548509 0.155962035
vn -0.890281022 0.453716278 0.0392590612
vn -0.939314246 0.305556118 0.155961782
vn -0.96048522 0.152630284 0.232748821
vn -0.888199866 0.452750146 0.0782200545
vn -0.808343112 0.587401152 0.0392602384
vn -0.924782932 0.30100593 0.232748613
vn -0.93953532 0.149470583 0.308110595
vn -0.806438804 0.586121202 0.0782202855
vn -0.706501424 0.706621826 0.0392596833
vn -0.879950345 0.448735237 0.155962005
vn -0.904585183 0.29460752 0.308110654
vn -0.912827373 0.145390138 0.381585866
vn -0.704820454 0.705060005 0.0782199353
vn -0.587263107 0.808443367 0.0392590649
vn -0.798919082 0.580865085 0.155961752
vn -0.866309762 0.441967875 0.232748702
vn -0.87884444 0.286399215 0.381586045
vn -0.88052541 0.14041163 0.452724636
vn -0.585847318 0.806637883 0.0782199726
vn -0.453564554 0.890358329 0.0392603949
vn -0.847361386 0.432488948 0.308110595
vn -0.698215783 0.698692083 0.155961901
vn -0.786505044 0.572046995 0.232748866
vn -0.847718954 0.276429206 0.452724487
vn -0.842826188 0.134564921 0.521091402
vn -0.452448517 0.888353467 0.0782201886
vn -0.308697671 0.950349629 0.0392603427
vn -0.823221624 0.420354754 0.381586015
vn -0.769272923 0.559720516 0.308110505
vn -0.580319941 0.799315035 0.155962303
vn -0.687333941 0.688040614 0.232748911
vn -0.811398506 0.264757067 0.521091282
vn -0.79996109 0.12788406 0.586266041
vn -0.307909012 0.948194861 0.0782206431
vn -0.156229809 0.986940205 0.0392585061
vn -0.794039071 0.405638456 0.452724516
vn -0.747328699 0.543959677 0.381585747
vn -0.672242403 0.673170269 0.308110327
vn -0.448134631 0.880256236 0.15596199
vn -0.571238101 0.787092686 0.232749134
vn -0.770106256 0.251452476 0.58626616
vn -0.752192318 0.120406471 0.6478495
vn -0.759991825 0.388428271 0.521091104
vn -0.720807254 0.524859011 0.452724934
vn -0.653033733 0.654170513 0.381585896
vn -0.558658659 0.770044625 0.308110207
vn -0.441076964 0.866763592 0.232749045
vn -0.724095583 0.236594275 0.647849321
vn -0.699812114 0.112176485 0.705464005
vn -0.721289456 0.36882779 0.586265802
vn -0.68987149 0.502534568 0.521091521
vn -0.629826665 0.631156504 0.452724785
vn -0.542658746 0.74827379 0.381585807
vn -0.673647583 0.220271587 0.705463946
vn -0.643141329 0.103241093 0.758755922
vn -0.678169131 0.346954882 0.647849441
vn -0.654711604 0.477121472 0.586266041
vn -0.60276401 0.604267776 0.521091104
vn -0.619072139 0.202580512 0.758756042
vn -0.582525551 0.0936515555 0.807399213
vn -0.630895615 0.322941363 0.705464184
vn -0.615544081 0.448772222 0.647849619
vn -0.560703039 0.183626652 0.807399094
vn -0.518337548 0.0834625289 0.85109359
vn -0.579759955 0.296930581 0.758755982
vn -0.498899013 0.163521931 0.85109365
vn -0.450966686 0.0727315918 0.889572501
vn -0.523337901 0.721912324 0.452725202
vn -0.572012663 0.573666871 0.586265922
vn -0.572609484 0.417659253 0.705463767
vn -0.525074422 0.26907894 0.807399213
vn -0.434036791 0.14238362 0.889572263
vn -0.380822897 0.0615201481 0.922599137
vn -0.500814795 0.691120863 0.52109164
vn -0.537762403 0.539539635 0.647849262
vn -0.526171744 0.383969396 0.758756042
vn -0.46717602 0.239553452 0.851093829
vn -0.366510481 0.120337188 0.922599018
vn -0.30832997 0.0498924106 0.949970186
vn -0.475229472 0.656086206 0.5862661
vn -0.500223517 0.502093017 0.705463827
vn -0.476516545 0.347905934 0.807399094
vn -0.406419307 0.208528847 0.889572382
vn -0.29672876 0.0975122601 0.949970186
vn -0.233921096 0.0379180275 0.971515834
vn -0.446738958 0.617021441 0.647849381
vn -0.459627569 0.461553484 0.758756101
vn -0.423950136 0.309686601 0.851093769
vn -0.343172938 0.176190421 0.922599256
vn -0.225108817 0.0740450025 0.971515954
vn -0.158032298 0.0256766379 0.987100005
vn -0.415519714 0.574163675 0.705464125
vn -0.416225791 0.418166131 0.807398975
vn -0.368794262 0.269539475 0.889572561
vn -0.277821153 0.142730311 0.949970245
vn -0.15206942 0.050082434 0.987100124
vn -0.0810665488 0.0132765602 0.996620297
vn -0.381766021 0.527772665 0.758756042
vn -0.370285094 0.372194171 0.851093769
vn -0.311385572 0.227705315 0.922599256
vn -0.210754603 0.108348399 0.971515834
vn -0.0779913887 0.0257948469 0.996620297
vn 0 0 1
vn -0.142361969 0.0732547417 0.987100124
vn -0.252072692 0.184433863 0.949970245
vn -0.322088689 0.323913097 0.889572501
vn -0.345685452 0.478130013 0.807399035
vn -0.072997719 0.0376777388 0.996620178
vn 0 0 1
vn -0.191210881 0.139983714 0.971515834
vn -0.271931469 0.273613393 0.922599018
vn -0.307502002 0.425537229 0.851093769
vn -0.129151434 0.0946232453 0.987099886
vn -0.220117316 0.221596092 0.949970245
vn -0.267451912 0.370310962 0.889572561
vn -0.0662005693 0.048632957 0.996620417
vn 0 0 1
vn -0.166957602 0.168172225 0.971515954
vn -0.225781038 0.312784225 0.922599018
vn -0.112759903 0.113661803 0.987099886
vn -0.182741642 0.253302008 0.949970245
vn -0.0577744283 0.0583906882 0.996620655
vn 0 0 1
vn -0.13859573 0.192219764 0.971515715
vn -0.0935880169 0.129901737 0.987100244
vn -0.0479390025 0.066710569 0.996620059
vn 0 0 1
vn -0.20622921 0.407590479 0.88957268
vn -0.174070999 0.344253212 0.922599137
vn -0.140866399 0.278770596 0.949970245
vn -0.106820047 0.211534172 0.971515715
vn -0.0721139982 0.14294301 0.987100244
vn -0.237148032 0.468402058 0.85109359
vn -0.0369130187 0.0733878464 0.996620059
vn 0 0 1
vn -0.266633093 0.526320636 0.807399094
vn -0.294504076 0.580996394 0.758755922
vn -0.320585191 0.632096529 0.705463827
vn -0.344714999 0.679310501 0.647849321
vn -0.366743743 0.722351253 0.586265981
vn -0.386533618 0.760956824 0.52109158
vn -0.403962463 0.794892669 0.452725083
vn -0.418921709 0.823951781 0.381586194
vn -0.431319296 0.847957373 0.308110535
vn -0.234203815 0.724872231 0.647849381
vn -0.249228105 0.77082926 0.586265743
vn -0.262735069 0.812055588 0.521091223
vn -0.274640769 0.848300159 0.452724397
vn -0.284869879 0.879341483 0.381585777
vn -0.293359071 0.904990852 0.308110505
vn -0.300055057 0.925091863 0.232748672
vn -0.217756838 0.674465001 0.705463588
vn -0.30491522 0.939522445 0.155962169
vn -0.15578793 0.984688759 0.07821922
vn 8.54191385e-05 0.999229074 0.0392593853
vn -0.154187515 0.97565484 0.155961603
vn 0.000169614257 0.996936083 0.0782199427
vn 0.156398207 0.986913502 0.0392587259
vn -0.151644513 0.960641503 0.232748613
vn 0.156122744 0.984635592 0.0782200545
vn 0.308859855 0.950296879 0.0392599963
vn 0.000337031088 0.987762988 0.155961841
vn -0.148175687 0.939740241 0.308110803
vn 0.308231503 0.948090196 0.0782196745
vn 0.453716338 0.890280962 0.0392584614
vn 0.15485318 0.975549221 0.155962169
vn 0.000500081747 0.972536862 0.232748538
vn -0.143803447 0.913078487 0.381586492
vn 0.452750534 0.888199687 0.0782199949
vn 0.587401032 0.808343172 0.039260067
vn 0.000656591961 0.95135057 0.30810985
vn 0.305556059 0.939314365 0.155961335
vn 0.152632296 0.960484862 0.232748941
vn -0.138556123 0.880819499 0.452724278
vn 0.58612138 0.806438565 0.0782205611
vn 0.706622005 0.706501305 0.0392588787
vn 0.000804175215 0.924333155 0.381585747
vn 0.14947255 0.939534783 0.308110863
vn 0.448735237 0.879950345 0.155962169
vn 0.3010059 0.924782932 0.232748747
vn -0.132467031 0.843158484 0.521091402
vn 0.705060124 0.704820395 0.078220129
vn 0.808443367 0.587263167 0.0392595045
vn 0.000940491387 0.891650319 0.452723622
vn 0.145391792 0.912826896 0.381586462
vn 0.294607729 0.904584944 0.308110863
vn 0.580865085 0.798918903 0.155962497
vn 0.441968083 0.866309762 0.232748136
vn -0.125575408 0.800327003 0.586265802
vn 0.00106317142 0.853500366 0.521091044
vn 0.140413806 0.880525231 0.452724278
vn 0.286399275 0.878844559 0.381585777
vn 0.432488978 0.847361505 0.30810985
vn 0.572047234 0.786504745 0.232749552
vn -0.117925473 0.752585649 0.647849143
vn 0.00116960099 0.8101179 0.586265862
vn 0.134567037 0.842825592 0.5210917
vn 0.276429415 0.847718954 0.452724338
vn 0.420354754 0.823221803 0.381585956
vn 0.698692143 0.698215723 0.15596208
vn 0.559720755 0.769272566 0.308111072
vn 0.806637943 0.585847199 0.07821998
vn 0.890358448 0.453564465 0.039259553
vn 0.688040912 0.687333703 0.232748792
vn 0.888353527 0.452448338 0.0782200843
vn 0.950349748 0.308697432 0.0392597951
vn 0.799315095 0.580320001 0.155961484
vn 0.948194981 0.307909042 0.0782203749
vn 0.986940205 0.156229734 0.0392594449
vn 0.880256355 0.448134691 0.155961975
vn 0.787092686 0.57123816 0.232748643
vn 0.673170567 0.672241926 0.308110714
vn 0.98468864 0.155787766 0.0782200843
vn 0.999229074 -8.52708836e-05 0.039259553
vn 0.939522445 0.304915398 0.155961856
vn 0.866763473 0.441077054 0.232748881
vn 0.996936083 -0.00016973578 0.0782200843
vn 0.986913383 -0.156398505 0.0392593965
vn 0.97565484 0.154187009 0.155961975
vn 0.984635592 -0.156122565 0.0782201067
vn 0.950296998 -0.308859587 0.0392595343
vn 0.543959796 0.747328639 0.381585717
vn 0.770044625 0.558658719 0.308110088
vn 0.925091863 0.300055265 0.232748568
vn 0.987762988 -0.000337086385 0.155961886
vn 0.948090255 -0.308231115 0.0782202855
vn 0.890280843 -0.453716487 0.0392596833
vn 0.405638367 0.794038713 0.452725023
vn 0.847957373 0.431319237 0.308110386
vn 0.960641384 0.151644096 0.232748926
vn 0.975549221 -0.154853284 0.155961975
vn 0.888199568 -0.452750593 0.0782202631
vn 0.808343232 -0.587400913 0.03925905
vn 0.264757216 0.811398447 0.521091402
vn 0.904990852 0.293359101 0.308110446
vn 0.972536743 -0.000499796995 0.232748747
vn 0.939314246 -0.305556297 0.155961856
vn 0.806438565 -0.586121559 0.0782197341
vn 0.706501305 -0.706622005 0.03925981
vn 0.127885669 0.799960494 0.586266577
vn 0.939740419 0.148175284 0.308110207
vn 0.960484982 -0.15263249 0.232748777
vn 0.879950225 -0.448735267 0.155961886
vn 0.704820275 -0.705060244 0.0782203898
vn 0.587263227 -0.808443308 0.0392601565
vn 0.0012571452 0.761767507 0.647849262
vn 0.951350451 -0.000656378805 0.308110267
vn 0.924783051 -0.301005721 0.232748702
vn 0.798918903 -0.580865145 0.155962095
vn 0.585847318 -0.806637824 0.0782199278
vn 0.453564614 -0.890358329 0.0392594077
vn -0.109566428 0.700225711 0.705463827
vn 0.939535081 -0.149472564 0.308110207
vn 0.866309762 -0.441967964 0.232748553
vn 0.698215485 -0.698692381 0.155961737
vn 0.452448517 -0.888353467 0.0782200843
vn 0.308697671 -0.950349629 0.0392596647
vn -0.199990854 0.619914055 0.758755684
vn -0.181016326 0.561551213 0.807399035
vn -0.100552291 0.643566906 0.758756161
vn -0.160953805 0.499733269 0.851093769
vn 0.58032006 -0.799315095 0.155961588
vn 0.307909012 -0.948194981 0.07821998
vn 0.156229466 -0.986940205 0.0392590314
vn 0.0013223209 0.708745182 0.70546329
vn -0.0909413993 0.582954824 0.807399213
vn -0.13992928 0.434833765 0.889572561
vn 0.44813475 -0.880256176 0.155962601
vn 0.155787602 -0.98468864 0.0782201141
vn -8.54161553e-05 -0.999229074 0.0392594337
vn 0.120408311 0.752191961 0.647849679
vn -0.0807963535 0.518759608 0.851093769
vn -0.118074894 0.367245466 0.922599137
vn 0.30491519 -0.939522684 0.155961365
vn -0.000169608233 -0.996936083 0.0782200322
vn -0.156398043 -0.986913502 0.0392599441
vn 0.251452506 0.770106375 0.586265981
vn -0.0701834857 0.45137006 0.889572561
vn -0.0955220908 0.297375143 0.949970245
vn 0.154187158 -0.975654721 0.155962139
vn -0.15612261 -0.984635592 0.0782203227
vn -0.308859974 -0.950296879 0.0392582826
vn 0.38842842 0.759991586 0.521091282
vn -0.0591706745 0.381195068 0.922599137
vn -0.0724133551 0.225639999 0.971515834
vn -0.000337026577 -0.987762988 0.155961975
vn -0.308231592 -0.948090255 0.0782187879
vn -0.453716516 -0.890280962 0.0392595343
vn 0.524859369 0.720807314 0.452724397
vn -0.0478276946 0.30865711 0.949970186
vn -0.0488661118 0.152464539 0.987100124
vn -0.154853031 -0.975549221 0.155962199
vn -0.452750534 -0.888199568 0.0782202333
vn -0.58740139 -0.808342934 0.0392597727
vn 0.654170811 0.653033733 0.381585389
vn 0.748273849 0.542658806 0.381585747
vn 0.631156683 0.629826665 0.452724665
vn 0.823951662 0.418922126 0.381586134
vn -0.305556118 -0.939314365 0.155961707
vn -0.586121738 -0.806438506 0.0782199726
vn -0.706622183 -0.706501186 0.0392592289
vn 0.502534926 0.689871609 0.521091163
vn 0.721912861 0.523337662 0.452724636
vn 0.879341483 0.284869939 0.381585866
vn -0.448735178 -0.879950225 0.155962527
vn -0.705060363 -0.704820156 0.0782206506
vn -0.808443427 -0.587262928 0.0392597318
vn 0.604267478 0.60276407 0.521091342
vn 0.794892669 0.403962702 0.452724814
vn 0.913078845 0.143802822 0.381585836
vn -0.580865562 -0.798918784 0.155961469
vn -0.806637943 -0.585847139 0.0782199726
vn -0.890358508 -0.453564137 0.0392592326
vn 0.691121578 0.500814557 0.521090865
vn 0.84829998 0.274640471 0.452724636
vn 0.924332917 -0.000803988834 0.381585985
vn -0.698692441 -0.698215306 0.155962601
vn -0.888353527 -0.452448457 0.0782198682
vn -0.950349629 -0.308697492 0.0392597169
vn 0.760957062 0.386533946 0.521091104
vn 0.880819261 0.138555601 0.452724785
vn -0.799315214 -0.580319881 0.155961692
vn -0.9481951 -0.307908684 0.0782201514
vn -0.986940205 -0.156229526 0.0392594337
vn 0.812055647 0.26273492 0.521091163
vn -0.880256355 -0.448134542 0.15596199
vn -0.984688759 -0.155787408 0.0782201365
vn -0.999229074 8.34522943e-05 0.0392595455
vn -0.939522803 -0.304914653 0.155961826
vn -0.996936083 0.000167609556 0.0782200918
vn -0.98691386 0.156395972 0.0392594188
vn -0.984635949 0.156120554 0.078220129
vn -0.975654721 -0.154187202 0.15596202
vn -0.987762988 0.000334840879 0.155961856
vn -0.975549638 0.1548509 0.155962035
vn -0.972536743 0.000498134526 0.232748672
vn -0.96048522 0.152630284 0.232748821
vn -0.960641503 -0.151644334 0.232748568
vn -0.925092041 -0.300054431 0.232748777
vn -0.866763651 -0.441076785 0.232748702
vn -0.951350391 0.000654496544 0.308110327
vn -0.93953532 0.149470583 0.308110595
vn -0.939740419 -0.148175597 0.308110267
vn -0.904991031 -0.293358892 0.308110267
vn -0.924333155 0.00080244639 0.381585687
vn -0.912827373 0.145390138 0.381585866
vn -0.913078845 -0.143802956 0.381585896
vn -0.891650021 0.00093869376 0.452724367
vn -0.88052541 0.14041163 0.452724636
vn -0.787092686 -0.57123816 0.232748777
vn -0.847957671 -0.43131879 0.308110237
vn -0.879341543 -0.284869879 0.381585628
vn -0.880819321 -0.13855578 0.452724606
vn -0.853500366 0.00106144999 0.521090984
vn -0.842826188 0.134564921 0.521091402
vn -0.688041091 -0.687333584 0.232748628
vn -0.823952019 -0.418921739 0.381585479
vn -0.848300159 -0.274640262 0.452724487
vn -0.843158722 -0.13246648 0.521091223
vn -0.8101179 0.00116765988 0.586265743
vn -0.79996109 0.12788406 0.586266041
vn -0.57204771 -0.786504745 0.232748166
vn -0.794892967 -0.403962523 0.452724457
vn -0.812055886 -0.26273492 0.521090746
vn -0.800326884 -0.125574917 0.586265862
vn -0.761767626 0.00125525915 0.647849023
vn -0.752192318 0.120406471 0.6478495
vn -0.441968024 -0.866309583 0.232748836
vn -0.760957241 -0.386533648 0.521090984
vn -0.770829558 -0.249227539 0.586265683
vn -0.752585888 -0.117925204 0.647848845
vn -0.708744705 0.00132061879 0.705463827
vn -0.699812114 0.112176485 0.705464005
vn -0.30100593 -0.924782753 0.232749313
vn -0.722351432 -0.366743624 0.586265743
vn -0.724872649 -0.234203517 0.647849083
vn -0.700226068 -0.109566197 0.705463529
vn -0.651373744 0.00136038766 0.758755744
vn -0.643141329 0.103241093 0.758755922
vn -0.152632147 -0.960484862 0.232749417
vn -0.67931056 -0.344715118 0.647849262
vn -0.67446506 -0.217756823 0.705463588
vn -0.643567383 -0.100552276 0.758755863
vn -0.590004444 0.00137097237 0.807398915
vn -0.582525551 0.0936515555 0.807399213
vn -0.000500080467 -0.972536862 0.232748389
vn -0.632096469 -0.320585221 0.705463827
vn -0.619914114 -0.199990183 0.758755744
vn -0.582954824 -0.0909415409 0.807399094
vn -0.525012493 0.00134885334 0.851093471
vn -0.518337548 0.0834625289 0.85109359
vn 0.151644126 -0.960641325 0.232749358
vn -0.580996692 -0.294503808 0.758755863
vn -0.561551571 -0.181016222 0.807398915
vn -0.518759787 -0.0807964206 0.851093471
vn -0.456792533 0.00128940295 0.889572263
vn -0.450966686 0.0727315918 0.889572501
vn 0.300054938 -0.925091863 0.232748926
vn -0.526320875 -0.266633302 0.807398975
vn -0.499733657 -0.160953611 0.851093471
vn -0.451370656 -0.0701834261 0.889572203
vn -0.385758162 0.00118887983 0.922599256
vn -0.380822897 0.0615201481 0.922599137
vn 0.441077054 -0.866763473 0.232749164
vn -0.468402296 -0.23714757 0.85109365
vn -0.434834361 -0.139929071 0.889572263
vn -0.381195575 -0.0591708124 0.922598898
vn -0.312338948 0.00104460178 0.949970186
vn -0.30832997 0.0498924106 0.949970186
vn 0.571238458 -0.787092566 0.232748777
vn -0.407590926 -0.206229359 0.889572501
vn -0.36724624 -0.118074358 0.922598839
vn -0.308657169 -0.0478281938 0.949970067
vn -0.236972854 0.000857956707 0.971515834
vn -0.233921096 0.0379180275 0.971515834
vn 0.687333763 -0.688041091 0.232748315
vn -0.344253451 -0.174070343 0.922599137
vn -0.297375083 -0.0955240503 0.949970186
vn -0.234190121 -0.0362229012 0.971515834
vn -0.160103381 0.00063879072 0.987100005
vn -0.158032298 0.0256766379 0.987100005
vn 0.786504745 -0.572047234 0.232749298
vn -0.278770745 -0.140867636 0.949970186
vn -0.225640357 -0.0724123493 0.971515715
vn -0.158232048 -0.0244143046 0.987100005
vn -0.211533993 -0.106818654 0.971515834
vn -0.152465329 -0.0488667004 0.987099886
vn -0.142944023 -0.0721158087 0.987099886
vn 0.847361445 -0.432489097 0.308110029
vn 0.904585242 -0.294607431 0.308110327
vn 0.912827194 -0.145391658 0.381585866
vn 0.769272685 -0.559720874 0.308110416
vn 0.878844559 -0.286399573 0.381585747
vn 0.891649663 -0.000940491795 0.452724993
vn 0.672241867 -0.673170686 0.308110505
vn 0.823221564 -0.420355052 0.381586105
vn 0.880525053 -0.140413567 0.452724814
vn 0.843158782 0.132466674 0.521091044
vn 0.558658719 -0.770044386 0.308110505
vn 0.74732852 -0.543959975 0.381585509
vn 0.847718716 -0.276429653 0.452724636
vn 0.853500366 -0.00106327794 0.521091044
vn 0.431319356 -0.847957492 0.308109879
vn 0.653033495 -0.654170811 0.381585836
vn 0.794038892 -0.405638337 0.452724785
vn 0.842826068 -0.134566754 0.521091223
vn 0.29335916 -0.904990852 0.308110535
vn 0.542658925 -0.748273611 0.381586134
vn 0.720807254 -0.524859607 0.452724367
vn 0.811398447 -0.264757246 0.521091223
vn 0.148175403 -0.939740419 0.308110386
vn 0.418922395 -0.82395196 0.381585181
vn 0.629826784 -0.631156743 0.452724516
vn 0.759992003 -0.388428003 0.521090925
vn -0.000656601798 -0.95135057 0.30810976
vn 0.284869969 -0.879341543 0.381585658
vn 0.523337722 -0.721912682 0.452724695
vn 0.689871311 -0.502534926 0.521091461
vn -0.149472401 -0.939534962 0.308110565
vn 0.143803209 -0.913078845 0.381585687
vn 0.403963059 -0.794892907 0.452724069
vn 0.60276401 -0.604267538 0.521091461
vn -0.294607878 -0.904585242 0.308110029
vn -0.000804231211 -0.924333155 0.381585509
vn 0.27464053 -0.848299921 0.452724874
vn 0.500814855 -0.691121221 0.521091044
vn -0.432489067 -0.847361386 0.308110148
vn -0.145391762 -0.912827373 0.381585389
vn 0.138555661 -0.880819321 0.452724606
vn 0.386534005 -0.760957003 0.521091044
vn -0.559721112 -0.769272625 0.308110327
vn -0.286399394 -0.878844619 0.381585419
vn -0.000940496393 -0.891649783 0.452724785
vn 0.262734979 -0.812055171 0.521091759
vn -0.673170924 -0.672241688 0.308110267
vn -0.420354843 -0.823221803 0.381585628
vn -0.140413582 -0.880524933 0.452724904
vn 0.132466525 -0.843158901 0.521090865
vn -0.770044625 -0.558658421 0.308110535
vn -0.543960035 -0.747328401 0.381585896
vn -0.276429504 -0.847719014 0.452724278
vn -0.00106313778 -0.853500009 0.52109164
vn -0.654171169 -0.653033316 0.381585568
vn -0.74827373 -0.542658687 0.381586134
vn -0.405638784 -0.794038832 0.452724665
vn -0.134566844 -0.84282589 0.521091461
vn -0.524859667 -0.720807016 0.452724487
vn -0.631156981 -0.629826665 0.452724427
vn -0.721912682 -0.523337603 0.452724904
vn -0.264757365 -0.811398447 0.521091282
vn -0.388428479 -0.759991527 0.521091282
vn -0.502535224 -0.68987149 0.521090925
vn -0.604267895 -0.602763593 0.52109158
vn -0.691121459 -0.500814497 0.521091104
vn -0.656086981 -0.475229084 0.586265564
vn -0.573667109 -0.572012246 0.58626616
vn -0.477121592 -0.654711604 0.586265981
vn -0.36882782 -0.721289396 0.586265862
vn -0.251452714 -0.770106554 0.586265743
vn -0.617021799 -0.446739048 0.647849023
vn -0.539539933 -0.537761986 0.647849321
vn -0.448772848 -0.61554426 0.647848964
vn -0.34695518 -0.678169191 0.647849262
vn -0.574163675 -0.41552034 0.705463707
vn -0.502093136 -0.500223219 0.705463946
vn -0.417659342 -0.572609663 0.705463588
vn -0.527772903 -0.381766111 0.758755863
vn -0.461553782 -0.459627688 0.758755922
vn -0.478130341 -0.345685363 0.807398975
vn -0.236594573 -0.724095702 0.647849023
vn -0.322941393 -0.630896151 0.705463707
vn -0.383969754 -0.526171803 0.758755863
vn -0.418166578 -0.416225612 0.807398915
vn -0.425537318 -0.30750218 0.85109365
vn -0.220271587 -0.673648179 0.705463409
vn -0.29693079 -0.579759657 0.758756101
vn -0.347906232 -0.476516873 0.807398915
vn -0.372194171 -0.370285004 0.851093769
vn -0.370311409 -0.267451525 0.889572501
vn -0.20258075 -0.619072199 0.758756042
vn -0.269079268 -0.525074661 0.807398915
vn -0.30968678 -0.423950195 0.85109365
vn -0.323913515 -0.322088391 0.889572501
vn -0.312784672 -0.225780517 0.922599018
vn -0.183626786 -0.560703456 0.807398796
vn -0.239553735 -0.467176646 0.851093411
vn -0.269540012 -0.368794113 0.889572382
vn -0.273614168 -0.271930993 0.922598898
vn -0.25330165 -0.182742685 0.949970186
vn -0.163521901 -0.498899132 0.85109359
vn -0.208529532 -0.406419009 0.889572382
vn -0.227706149 -0.311385721 0.922598898
vn -0.2215956 -0.220117912 0.949970245
vn -0.192219555 -0.13859494 0.971515834
vn -0.142384246 -0.434036463 0.889572501
vn -0.176190794 -0.343173176 0.922599018
vn -0.184433818 -0.252073228 0.949970186
vn -0.168172017 -0.166958347 0.971515834
vn -0.129902691 -0.0935890749 0.987099886
vn -0.120336711 -0.366510391 0.922599256
vn -0.142730772 -0.27782166 0.949970067
vn -0.139983758 -0.191210702 0.971515834
vn -0.113663256 -0.112757981 0.987099886
vn -0.0975123122 -0.296729177 0.949970067
vn -0.108348325 -0.210754946 0.971515834
vn -0.0946243331 -0.12915045 0.987100005
vn -0.0740449652 -0.225109592 0.971515834
vn -0.0732571855 -0.142362729 0.987099886
vn -0.0500857346 -0.152069539 0.987099886
vn -0.058387395 -0.0577801131 0.996620417
vn -0.0486349352 -0.066203095 0.996620178
vn 0 0 1
vn -0.0667097196 -0.04793448 0.996620297
vn 0 0 1
vn -0.0376776829 -0.0729959235 0.996620297
vn 0 0 1
vn -0.0733886063 -0.0369084887 0.996620178
vn 0 0 1
vn -0.0257890206 -0.0779913217 0.996620417
vn 0 0 1
vn -0.0782582685 -0.0249736682 0.996620297
vn 0 0 1
vn -0.0812018141 -0.0124239409 0.996620178
vn 0 0 1
vn -0.0821452141 0.000431480788 0.996620297
vn 0 0 1
vn -0.0810665488 0.0132765602 0.996620297
vn 0 0 1
vn -0.0132747684 -0.0810663104 0.996620297
vn 0 0 1
vn -0.0256771781 -0.15803197 0.987100005
vn -0.000431795081 -0.0821451843 0.996620297
vn 0 0 1
vn -0.037917234 -0.233921304 0.971515834
vn -0.000639117963 -0.160103068 0.987100005
vn -0.0498934351 -0.308330178 0.949970067
vn 0.0124258371 -0.081201382 0.996620297
vn 0 0 1
vn -0.000858712767 -0.236973137 0.971515834
vn -0.0615209043 -0.380822808 0.922599137
vn 0.0244135223 -0.158231974 0.987100124
vn -0.00104548794 -0.312339246 0.949970067
vn -0.0727328062 -0.450966507 0.889572501
vn 0.0249731876 -0.0782581195 0.996620297
vn 0 0 1
vn 0.0362218842 -0.234189942 0.971515834
vn -0.00118962873 -0.385758281 0.922599137
vn -0.0834634975 -0.518337309 0.85109359
vn 0.0488661528 -0.152464584 0.987100124
vn 0.0478291772 -0.308657199 0.949970067
vn -0.00129018561 -0.456792235 0.889572501
vn -0.0936525166 -0.58252573 0.807398975
vn 0.0369130485 -0.0733878836 0.996620059
vn 0 0 1
vn 0.07241299 -0.225640133 0.971515715
vn 0.0591711849 -0.381195039 0.922599137
vn -0.00135004451 -0.525012374 0.85109359
vn -0.103242338 -0.643141091 0.758755922
vn 0.0721140355 -0.142943099 0.987100244
vn 0.0955233797 -0.297375172 0.949970186
vn 0.0701829791 -0.451370269 0.889572561
vn -0.00137256377 -0.590004086 0.807399035
vn -0.112177849 -0.699812353 0.705463707
vn 0.0479388312 -0.0667105615 0.996620059
vn 0 0 1
vn 0.118074983 -0.367245555 0.922599018
vn 0.0807966813 -0.518759847 0.851093471
vn -0.00136180175 -0.651373506 0.758756042
vn -0.120408252 -0.75219214 0.647849321
vn 0.139929414 -0.434834093 0.889572501
vn 0.0909411535 -0.582955182 0.807398975
vn -0.00132218131 -0.708744764 0.705463707
vn -0.127885565 -0.799961269 0.586265564
vn -0.00125693099 -0.761767089 0.647849798
vn -0.00116960495 -0.810117424 0.586266398
vn 0.100552112 -0.643567204 0.758755922
vn 0.160953581 -0.499733478 0.85109365
vn 0.109566182 -0.700226009 0.705463529
vn 0.125574827 -0.800327182 0.586265504
vn 0.11792513 -0.75258559 0.647849262
vn 0.181015849 -0.561551452 0.807399035
vn 0.249227956 -0.770829022 0.586266041
vn 0.199990585 -0.619913876 0.758755982
vn 0.234203801 -0.724872589 0.647849083
vn 0.217756733 -0.674465358 0.70546335
vn 0.366743833 -0.722351193 0.586265981
vn 0.344715238 -0.679310381 0.6478495
vn 0.320585251 -0.632096529 0.705463827
vn 0.294504374 -0.580996513 0.758755684
vn 0.266633481 -0.526320815 0.807398796
vn 0.475229621 -0.656086385 0.586265683
vn 0.446739107 -0.61702162 0.647849202
vn 0.415520042 -0.574163735 0.705463827
vn 0.381766379 -0.527772665 0.758755863
vn 0.572012782 -0.573666751 0.586266041
vn 0.537762105 -0.539539993 0.647849023
vn 0.500223577 -0.502093315 0.705463469
vn 0.654711604 -0.477121413 0.586265922
vn 0.615544379 -0.448772371 0.647849143
vn 0.721289456 -0.368827939 0.586265683
vn 0.345685363 -0.478130162 0.807398975
vn 0.459627926 -0.461553752 0.758755744
vn 0.572609246 -0.417659402 0.705463886
vn 0.678169191 -0.346955121 0.647849262
vn 0.770106554 -0.251452386 0.586265862
vn 0.416225404 -0.418166757 0.807398975
vn 0.526171982 -0.383969367 0.758755982
vn 0.630895615 -0.322941631 0.705464125
vn 0.724095643 -0.2365942 0.647849321
vn 0.79996109 -0.127885625 0.586265862
vn 0.476516515 -0.347906172 0.807399094
vn 0.579759717 -0.296930641 0.758756161
vn 0.673647583 -0.220271498 0.705464005
vn 0.752192557 -0.120407902 0.647848904
vn 0.810117841 -0.0011698826 0.586265922
vn 0.525074661 -0.269079268 0.807398915
vn 0.619072318 -0.202580571 0.758755922
vn 0.699812114 -0.112177856 0.705463827
vn 0.761767566 -0.0012567013 0.647849202
vn 0.800326824 0.125575036 0.586266041
vn 0.560703635 -0.183626682 0.807398736
vn 0.64314127 -0.103242651 0.758755863
vn 0.708744645 -0.00132191472 0.705463946
vn 0.752585471 0.117925368 0.647849321
vn 0.77082926 0.249227718 0.586266041
vn 0.582525492 -0.0936528817 0.807398975
vn 0.651374161 -0.00136169093 0.758755505
vn 0.700225413 0.109566286 0.705464125
vn 0.724872291 0.234203339 0.647849381
vn 0.722351134 0.366744071 0.586265802
vn 0.590004265 -0.00137227855 0.807398975
vn 0.643567264 0.100552008 0.758755863
vn 0.674464703 0.217756823 0.705463946
vn 0.679310381 0.344715565 0.647849202
vn 0.656086743 0.475229025 0.586265862
vn 0.582954943 0.0909413248 0.807398975
vn 0.619913816 0.199990034 0.758756042
vn 0.63209635 0.320586085 0.705463588
vn 0.617021561 0.44673875 0.647849321
vn 0.573666692 0.572012603 0.58626622
vn 0.561551571 0.181016132 0.807398915
vn 0.580996335 0.294504076 0.758755982
vn 0.574163556 0.415520251 0.705463827
vn 0.539539754 0.537762225 0.647849321
vn 0.477121264 0.654711962 0.586265862
vn 0.526320636 0.266633213 0.807399094
vn 0.527772963 0.381766021 0.758755863
vn 0.502092957 0.500223517 0.705463767
vn 0.44877249 0.6155442 0.647849262
vn 0.36882785 0.721289337 0.586265862
vn 0.346955061 0.678169429 0.647849083
vn 0.236594588 0.724095702 0.647849083
vn 0.417659014 0.572609663 0.705463767
vn 0.461553574 0.459627509 0.758756101
vn 0.322941184 0.630896151 0.705463707
vn 0.112177804 0.699811935 0.705464005
vn 0.220271483 0.673647821 0.705463767
vn 0.383969545 0.526171863 0.758755922
vn 0.00136169849 0.651374042 0.758755624
vn 0.29693082 0.579759896 0.758755982
vn 0.103242427 0.64314115 0.758755922
vn 0.00137243723 0.590004385 0.807398975
vn 0.202580705 0.619072378 0.758755863
vn 0.00135033089 0.525012255 0.85109365
vn 0.0936526954 0.582525611 0.807398975
vn 0.183626503 0.560703158 0.807399035
vn 0.26907894 0.525074601 0.807398975
vn 0.0012902465 0.456791997 0.889572561
vn 0.0834634826 0.518337369 0.85109359
vn 0.00118974235 0.385758191 0.922599137
vn 0.163521767 0.498898834 0.851093769
vn 0.0727327392 0.450966567 0.889572501
vn 0.347906023 0.476516783 0.807398975
vn 0.239553452 0.467176139 0.851093769
vn 0.142383799 0.434036225 0.889572561
vn 0.0615206622 0.380822748 0.922599256
vn 0.00104589143 0.312339038 0.949970186
vn 0.418166399 0.416225523 0.807398975
vn 0.309686691 0.423950166 0.85109365
vn 0.208529189 0.406419098 0.889572501
vn 0.120336793 0.366510361 0.922599256
vn 0.478130013 0.345685571 0.807398975
vn 0.372194052 0.370285243 0.85109365
vn 0.269539833 0.368794113 0.889572501
vn 0.42553708 0.307502151 0.851093829
vn 0.0498936251 0.308330059 0.949970186
vn 0.176190376 0.343173206 0.922599137
vn 0.323913544 0.322088391 0.889572501
vn 0.468402177 0.237147719 0.85109365
vn 0.0975126773 0.296729177 0.949970067
vn 0.227705255 0.311385632 0.922599256
vn 0.370311171 0.267451704 0.889572501
vn 0.49973318 0.160954058 0.851093769
vn 0.142730802 0.27782163 0.949970067
vn 0.27361384 0.271931171 0.922599018
vn 0.407591134 0.206229582 0.889572263
vn 0.518759549 0.0807965845 0.85109365
vn 0.184434056 0.252073199 0.949970067
vn 0.312784374 0.22578074 0.922599018
vn 0.434834182 0.139929101 0.889572382
vn 0.525012195 -0.00135000469 0.85109365
vn 0.221596122 0.220118016 0.949970186
vn 0.34425354 0.174070403 0.922599018
vn 0.451370239 0.0701834559 0.889572501
vn 0.518336892 -0.0834634677 0.851093829
vn 0.253301591 0.182742655 0.949970245
vn 0.367245972 0.118074298 0.922598898
vn 0.456792235 -0.00129052834 0.889572501
vn 0.49889937 -0.163521409 0.851093471
vn 0.278770477 0.140867561 0.949970186
vn 0.381195128 0.0591709353 0.922599137
vn 0.450966775 -0.0727324411 0.889572263
vn 0.467176259 -0.239553496 0.85109365
vn 0.297375172 0.095523946 0.949970067
vn 0.385758042 -0.00118973083 0.922599256
vn 0.434036762 -0.142383695 0.889572263
vn 0.423950285 -0.309686661 0.85109365
vn 0.308656901 0.0478280447 0.949970186
vn 0.380823255 -0.0615210794 0.922598898
vn 0.40641892 -0.208529025 0.889572561
vn 0.370285094 -0.372194529 0.851093471
vn 0.312338948 -0.00104552426 0.949970186
vn 0.366510332 -0.120337322 0.922599137
vn 0.368794531 -0.269539565 0.889572382
vn 0.307501972 -0.425537199 0.851093769
vn 0.308329821 -0.0498931259 0.949970186
vn 0.343173385 -0.176190525 0.922599018
vn 0.32208848 -0.323913455 0.889572501
vn 0.23714757 -0.468402147 0.85109365
vn 0.267452449 -0.370311111 0.889572263
vn 0.206229523 -0.407590687 0.889572501
vn 0.311386347 -0.227705628 0.922598839
vn 0.296728879 -0.0975122452 0.949970186
vn 0.271931738 -0.273613662 0.922598898
vn 0.225781068 -0.312784344 0.922599018
vn 0.174070701 -0.344253212 0.922599137
vn 0.277821332 -0.14273046 0.949970186
vn 0.252072632 -0.184433982 0.949970245
vn 0.220117033 -0.221596271 0.949970365
vn 0.182741746 -0.253302068 0.949970245
vn 0.140866637 -0.278770745 0.949970245
vn 0.106820129 -0.211534321 0.971515715
vn 0.138595819 -0.192219883 0.971515715
vn 0.0935879573 -0.129901856 0.987100124
vn 0.166958228 -0.168172374 0.971515834
vn 0.191211313 -0.139983773 0.971515715
vn 0.112759367 -0.113661863 0.987099886
vn 0.0577784702 -0.0583906844 0.996620417
vn 0 0 1
vn 0.129150674 -0.0946233198 0.987100005
vn 0.0662033781 -0.0486330315 0.996620297
vn 0 0 1
vn 0.210754618 -0.108348444 0.971515834
vn 0.14236246 -0.0732547492 0.987100124
vn 0.0729967877 -0.0376778394 0.996620178
vn 0 0 1
vn 0.225109309 -0.0740451664 0.971515834
vn 0.152069792 -0.0500823818 0.987100005
vn 0.0779913142 -0.0257948395 0.996620297
vn 0 0 1
vn 0.233921275 -0.0379185192 0.971515834
vn 0.158031911 -0.0256769229 0.987100124
vn 0.0810666829 -0.0132767214 0.996620178
vn 0 0 1
vn 0.236973137 -0.000858299318 0.971515834
vn 0.160103261 -0.000639169011 0.987100005
vn 0.0821446031 -0.000431726803 0.996620297
vn 0 0 1
vn 0.234189823 0.0362228751 0.971515834
vn 0.158232123 0.0244143084 0.987100005
vn 0.0812013447 0.0124238962 0.996620297
vn 0 0 1
vn 0.225640178 0.0724123716 0.971515834
vn 0.152465641 0.048866719 0.987099886
vn 0.0782583877 0.0249736719 0.996620297
vn 0 0 1
vn 0.211533844 0.106818728 0.971515834
vn 0.142943874 0.0721157491 0.987099886
vn 0.0733885169 0.0369084477 0.996620178
vn 0 0 1
vn 0.192219391 0.138594851 0.971515834
vn 0.129901335 0.0935890973 0.987100124
vn 0.0667096898 0.0479344465 0.996620297
vn 0 0 1
vn 0.168172106 0.166958287 0.971515834
vn 0.113661297 0.112758018 0.987100124
vn 0.0583889484 0.057780154 0.996620417
vn 0 0 1
vn 0.139983535 0.191210717 0.971515834
vn 0.0946235359 0.129150406 0.987100005
vn 0.0486364663 0.0662030131 0.996620059
vn 0 0 1
vn 0.108348288 0.210754931 0.971515834
vn 0.0732571632 0.142362744 0.987099886
vn 0.0376776531 0.0729958639 0.996620297
vn 0 0 1
vn 0.074045673 0.225109547 0.971515834
vn 0.0500837266 0.152069524 0.987100005
vn 0.0257889945 0.0779912919 0.996620417
vn 0 0 1
vn 0.037918441 0.233921275 0.971515834
vn 0.0256762598 0.158031926 0.987100124
vn 0.0132747572 0.0810662657 0.996620297
vn 0 0 1
vn 0.000857372652 0.236973137 0.971515834
vn 0.000639118312 0.160103023 0.987100124
vn 0.000431795692 0.0821451619 0.996620297
vn 0 0 1
vn -0.0362236015 0.234189793 0.971515834
vn -0.0244135037 0.158231884 0.987100124
vn -0.0124258306 0.0812013447 0.996620297
vn 0 0 1
vn -0.0249731671 0.0782580823 0.996620297
vn 0 0 1
vn 0 0 1
g submesh_0
usemtl submesh_0
f 1/1/1 2/2/2 3/3/3
f 2/2/2 4/4/4 3/3/3
f 2/2/2 5/5/5 4/4/4
f 3/3/3 4/4/4 6/6/6
f 5/5/5 7/7/7 4/4/4
f 5/5/5 8/8/8 7/7/7
f 4/4/4 9/9/9 6/6/6
f 4/4/4 7/7/7 9/9/9
f 6/6/6 9/9/9 10/10/10
f 8/8/8 11/11/11 7/7/7
f 8/8/8 12/12/12 11/11/11
f 9/9/9 13/13/13 10/10/10
f 10/10/10 13/13/13 14/14/14
f 7/7/7 15/15/15 9/9/9
f 7/7/7 11/11/11 15/15/15
f 9/9/9 15/15/15 13/13/13
f 12/12/12 16/16/16 11/11/11
f 12/12/12 17/17/17 16/16/16
f 13/13/13 18/18/18 14/14/14
f 14/14/14 18/18/18 19/19/19
f 15/15/15 20/20/20 13/13/13
f 13/13/13 20/20/20 18/18/18
f 11/11/11 21/21/21 15/15/15
f 11/11/11 16/16/16 21/21/21
f 15/15/15 21/21/21 20/20/20
f 17/17/17 22/22/22 16/16/16
f 17/17/17 23/23/23 22/22/22
f 18/18/18 24/24/24 19/19/19
f 19/19/19 24/24/24 25/25/25
f 16/16/16 26/26/26 21/21/21
f 16/16/16 22/22/22 26/26/26
f 20/20/20 27/27/27 18/18/18
f 18/18/18 27/27/27 24/24/24
f 21/21/21 28/28/28 20/20/20
f 21/21/21 26/26/26 28/28/28
f 20/20/20 28/28/28 27/27/27
f 23/23/23 29/29/29 22/22/22
f 23/23/23 30/30/30 29/29/29
f 24/24/24 31/31/31 25/25/25
f 25/25/25 31/31/31 32/32/32
f 22/22/22 33/33/33 26/26/26
f 22/22/22 29/29/29 33/33/33
f 26/26/26 34/34/34 28/28/28
f 26/26/26 33/33/33 34/34/34
f 27/27/27 35/35/35 24/24/24
f 24/24/24 35/35/35 31/31/31
f 28/28/28 36/36/36 27/27/27
f 28/28/28 34/34/34 36/36/36
f 27/27/27 36/36/36 35/35/35
f 30/30/30 37/37/37 29/29/29
f 30/30/30 38/38/38 37/37/37
f 31/31/31 39/39/39 32/32/32
f 32/32/32 39/39/39 40/40/40
f 29/29/29 41/41/41 33/33/33
f 29/29/29 37/37/37 41/41/41
f 33/33/33 42/42/42 34/34/34
f 33/33/33 41/41/41 42/42/42
f 34/34/34 43/43/43 36/36/36
f 34/34/34 42/42/42 43/43/43
f 35/35/35 44/44/44 31/31/31
f 31/31/31 44/44/44 39/39/39
f 36/36/36 45/45/45 35/35/35
f 36/36/36 43/43/43 45/45/45
f 35/35/35 45/45/45 44/44/44
f 38/38/38 46/46/46 37/37/37
f 38/38/38 47/47/47 46/46/46
f 37/37/37 48/48/48 41/41/41
f 37/37/37 46/46/46 48/48/48
f 41/41/41 49/49/49 42/42/42
f 41/41/41 48/48/48 49/49/49
f 42/42/42 50/50/50 43/43/43
f 42/42/42 49/49/49 50/50/50
f 43/43/43 51/51/51 45/45/45
f 43/43/43 50/50/50 51/51/51
f 45/45/45 52/52/52 44/44/44
f 45/45/45 51/51/51 52/52/52
f 47/47/47 53/53/53 46/46/46
f 47/47/47 54/54/54 53/53/53
f 46/46/46 55/55/55 48/48/48
f 46/46/46 53/53/53 55/55/55
f 48/48/48 56/56/56 49/49/49
f 48/48/48 55/55/55 56/56/56
f 49/49/49 57/57/57 50/50/50
f 49/49/49 56/56/56 57/57/57
f 50/50/50 58/58/58 51/51/51
f 50/50/50 57/57/57 58/58/58
f 54/54/54 59/59/59 53/53/53
f 54/54/54 60/60/60 59/59/59
f 53/53/53 61/61/61 55/55/55
f 53/53/53 59/59/59 61/61/61
f 55/55/55 62/62/62 56/56/56
f 55/55/55 61/61/61 62/62/62
f 56/56/56 63/63/63 57/57/57
f 56/56/56 62/62/62 63/63/63
f 60/60/60 64/64/64 59/59/59
f 60/60/60 65/65/65 64/64/64
f 59/59/59 66/66/66 61/61/61
f 59/59/59 64/64/64 66/66/66
f 61/61/61 67/67/67 62/62/62
f 61/61/61 66/66/66 67/67/67
f 65/65/65 68/68/68 64/64/64
f 65/65/65 69/69/69 68/68/68
f 64/64/64 70/70/70 66/66/66
f 64/64/64 68/68/68 70/70/70
f 69/69/69 71/71/71 68/68/68
f 69/69/69 72/72/72 71/71/71
f 57/57/57 63/63/63 73/73/73
f 57/57/57 73/73/73 58/58/58
f 62/62/62 74/74/74 63/63/63
f 62/62/62 67/67/67 74/74/74
f 66/66/66 75/75/75 67/67/67
f 66/66/66 70/70/70 75/75/75
f 68/68/68 76/76/76 70/70/70
f 68/68/68 71/71/71 76/76/76
f 72/72/72 77/77/77 71/71/71
f 72/72/72 78/78/78 77/77/77
f 63/63/63 79/79/79 73/73/73
f 63/63/63 74/74/74 79/79/79
f 67/67/67 80/80/80 74/74/74
f 67/67/67 75/75/75 80/80/80
f 70/70/70 81/81/81 75/75/75
f 70/70/70 76/76/76 81/81/81
f 71/71/71 82/82/82 76/76/76
f 71/71/71 77/77/77 82/82/82
f 78/78/78 83/83/83 77/77/77
f 78/78/78 84/84/84 83/83/83
f 74/74/74 85/85/85 79/79/79
f 74/74/74 80/80/80 85/85/85
f 75/75/75 86/86/86 80/80/80
f 75/75/75 81/81/81 86/86/86
f 76/76/76 87/87/87 81/81/81
f 76/76/76 82/82/82 87/87/87
f 77/77/77 88/88/88 82/82/82
f 77/77/77 83/83/83 88/88/88
f 84/84/84 89/89/89 83/83/83
f 84/84/84 90/90/90 89/89/89
f 80/80/80 91/91/91 85/85/85
f 80/80/80 86/86/86 91/91/91
f 81/81/81 92/92/92 86/86/86
f 81/81/81 87/87/87 92/92/92
f 82/82/82 93/93/93 87/87/87
f 82/82/82 88/88/88 93/93/93
f 83/83/83 94/94/94 88/88/88
f 83/83/83 89/89/89 94/94/94
f 90/90/90 95/95/95 89/89/89
f 90/90/90 96/96/96 95/95/95
f 86/86/86 97/97/97 91/91/91
f 86/86/86 92/92/92 97/97/97
f 87/87/87 98/98/98 92/92/92
f 87/87/87 93/93/93 98/98/98
f 88/88/88 99/99/99 93/93/93
f 88/88/88 94/94/94 99/99/99
f 89/89/89 100/100/100 94/94/94
f 89/89/89 95/95/95 100/100/100
f 96/96/96 101/101/101 95/95/95
f 96/96/96 102/102/102 101/101/101
f 92/92/92 103/103/103 97/97/97
f 92/92/92 98/98/98 103/103/103
f 93/93/93 104/104/104 98/98/98
f 93/93/93 99/99/99 104/104/104
f 94/94/94 105/105/105 99/99/99
f 94/94/94 100/100/100 105/105/105
f 95/95/95 106/106/106 100/100/100
f 95/95/95 101/101/101 106/106/106
f 102/102/102 107/107/107 101/101/101
f 102/102/102 108/108/108 107/107/107
f 101/101/101 107/107/107 109/109/109
f 101/101/101 109/109/109 106/106/106
f 100/100/100 106/106/106 110/110/110
f 100/100/100 110/110/110 105/105/105
f 99/99/99 105/105/105 111/111/111
f 99/99/99 111/111/111 104/104/104
f 98/98/98 104/104/104 112/112/112
f 98/98/98 112/112/112 103/103/103
f 107/107/107 113/113/113 109/109/109
f 107/107/107 114/114/114 113/113/113
f 106/106/106 109/109/109 115/115/115
f 106/106/106 115/115/115 110/110/110
f 105/105/105 110/110/110 116/116/116
f 105/105/105 116/116/116 111/111/111
f 104/104/104 111/111/111 117/117/117
f 104/104/104 117/117/117 112/112/112
f 109/109/109 113/113/113 118/118/118
f 109/109/109 118/118/118 115/115/115
f 110/110/110 115/115/115 119/119/119
f 110/110/110 119/119/119 116/116/116
f 111/111/111 116/116/116 120/120/120
f 111/111/111 120/120/120 117/117/117
f 113/113/113 121/121/121 118/118/118
f 113/113/113 122/122/122 121/121/121
f 115/115/115 118/118/118 123/123/123
f 115/115/115 123/123/123 119/119/119
f 116/116/116 119/119/119 124/124/124
f 116/116/116 124/124/124 120/120/120
f 118/118/118 121/121/121 125/125/125
f 118/118/118 125/125/125 123/123/123
f 119/119/119 123/123/123 126/126/126
f 119/119/119 126/126/126 124/124/124
f 121/121/121 127/127/127 125/125/125
f 121/121/121 128/128/128 127/127/127
f 123/123/123 125/125/125 129/129/129
f 123/123/123 129/129/129 126/126/126
f 125/125/125 127/127/127 130/130/130
f 125/125/125 130/130/130 129/129/129
f 127/127/127 131/131/131 130/130/130
f 127/127/127 132/132/132 131/131/131
f 120/120/120 124/124/124 133/133/133
f 124/124/124 126/126/126 134/134/134
f 124/124/124 134/134/134 133/133/133
f 126/126/126 129/129/129 135/135/135
f 126/126/126 135/135/135 134/134/134
f 129/129/129 130/130/130 136/136/136
f 129/129/129 136/136/136 135/135/135
f 130/130/130 131/131/131 137/137/137
f 130/130/130 137/137/137 136/136/136
f 120/120/120 133/133/133 138/138/138
f 117/117/117 120/120/120 138/138/138
f 131/131/131 139/139/139 137/137/137
f 131/131/131 140/140/140 139/139/139
f 117/117/117 138/138/138 141/141/141
f 112/112/112 117/117/117 141/141/141
f 112/112/112 141/141/141 142/142/142
f 103/103/103 112/112/112 142/142/142
f 103/103/103 142/142/142 143/143/143
f 97/97/97 103/103/103 143/143/143
f 97/97/97 143/143/143 144/144/144
f 91/91/91 97/97/97 144/144/144
f 91/91/91 144/144/144 145/145/145
f 85/85/85 91/91/91 145/145/145
f 85/85/85 145/145/145 146/146/146
f 79/79/79 85/85/85 146/146/146
f 79/79/79 146/146/146 147/147/147
f 73/73/73 79/79/79 147/147/147
f 73/73/73 147/147/147 148/148/148
f 58/58/58 73/73/73 148/148/148
f 58/58/58 148/148/148 149/149/149
f 51/51/51 58/58/58 149/149/149
f 51/51/51 149/149/149 52/52/52
f 144/144/144 143/143/143 150/150/150
f 145/145/145 144/144/144 151/151/151
f 144/144/144 150/150/150 151/151/151
f 146/146/146 145/145/145 152/152/152
f 145/145/145 151/151/151 152/152/152
f 147/147/147 146/146/146 153/153/153
f 146/146/146 152/152/152 153/153/153
f 148/148/148 147/147/147 154/154/154
f 147/147/147 153/153/153 154/154/154
f 149/149/149 148/148/148 155/155/155
f 148/148/148 154/154/154 155/155/155
f 52/52/52 149/149/149 156/156/156
f 149/149/149 155/155/155 156/156/156
f 143/143/143 157/157/157 150/150/150
f 143/143/143 142/142/142 157/157/157
f 52/52/52 156/156/156 158/158/158
f 44/44/44 52/52/52 158/158/158
f 44/44/44 158/158/158 39/39/39
f 39/39/39 158/158/158 159/159/159
f 39/39/39 159/159/159 40/40/40
f 40/40/40 159/159/159 160/160/160
f 158/158/158 156/156/156 161/161/161
f 158/158/158 161/161/161 159/159/159
f 159/159/159 162/162/162 160/160/160
f 159/159/159 161/161/161 162/162/162
f 160/160/160 162/162/162 163/163/163
f 156/156/156 155/155/155 164/164/164
f 156/156/156 164/164/164 161/161/161
f 162/162/162 165/165/165 163/163/163
f 163/163/163 165/165/165 166/166/166
f 161/161/161 167/167/167 162/162/162
f 161/161/161 164/164/164 167/167/167
f 162/162/162 167/167/167 165/165/165
f 155/155/155 168/168/168 164/164/164
f 155/155/155 154/154/154 168/168/168
f 165/165/165 169/169/169 166/166/166
f 166/166/166 169/169/169 170/170/170
f 167/167/167 171/171/171 165/165/165
f 165/165/165 171/171/171 169/169/169
f 164/164/164 172/172/172 167/167/167
f 164/164/164 168/168/168 172/172/172
f 167/167/167 172/172/172 171/171/171
f 154/154/154 173/173/173 168/168/168
f 154/154/154 153/153/153 173/173/173
f 169/169/169 174/174/174 170/170/170
f 170/170/170 174/174/174 175/175/175
f 168/168/168 176/176/176 172/172/172
f 168/168/168 173/173/173 176/176/176
f 171/171/171 177/177/177 169/169/169
f 169/169/169 177/177/177 174/174/174
f 172/172/172 178/178/178 171/171/171
f 172/172/172 176/176/176 178/178/178
f 171/171/171 178/178/178 177/177/177
f 153/153/153 179/179/179 173/173/173
f 153/153/153 152/152/152 179/179/179
f 174/174/174 180/180/180 175/175/175
f 175/175/175 180/180/180 181/181/181
f 173/173/173 182/182/182 176/176/176
f 173/173/173 179/179/179 182/182/182
f 176/176/176 183/183/183 178/178/178
f 176/176/176 182/182/182 183/183/183
f 177/177/177 184/184/184 174/174/174
f 174/174/174 184/184/184 180/180/180
f 178/178/178 185/185/185 177/177/177
f 178/178/178 183/183/183 185/185/185
f 177/177/177 185/185/185 184/184/184
f 152/152/152 186/186/186 179/179/179
f 152/152/152 151/151/151 186/186/186
f 180/180/180 187/187/187 181/181/181
f 181/181/181 187/187/187 188/188/188
f 179/179/179 189/189/189 182/182/182
f 179/179/179 186/186/186 189/189/189
f 182/182/182 190/190/190 183/183/183
f 182/182/182 189/189/189 190/190/190
f 183/183/183 191/191/191 185/185/185
f 183/183/183 190/190/190 191/191/191
f 184/184/184 192/192/192 180/180/180
f 180/180/180 192/192/192 187/187/187
f 185/185/185 193/193/193 184/184/184
f 185/185/185 191/191/191 193/193/193
f 184/184/184 193/193/193 192/192/192
f 151/151/151 194/194/194 186/186/186
f 151/151/151 150/150/150 194/194/194
f 186/186/186 195/195/195 189/189/189
f 186/186/186 194/194/194 195/195/195
f 189/189/189 196/196/196 190/190/190
f 189/189/189 195/195/195 196/196/196
f 190/190/190 197/197/197 191/191/191
f 190/190/190 196/196/196 197/197/197
f 191/191/191 198/198/198 193/193/193
f 191/191/191 197/197/197 198/198/198
f 193/193/193 199/199/199 192/192/192
f 193/193/193 198/198/198 199/199/199
f 150/150/150 200/200/200 194/194/194
f 150/150/150 157/157/157 200/200/200
f 194/194/194 201/201/201 195/195/195
f 194/194/194 200/200/200 201/201/201
f 195/195/195 202/202/202 196/196/196
f 195/195/195 201/201/201 202/202/202
f 196/196/196 203/203/203 197/197/197
f 196/196/196 202/202/202 203/203/203
f 197/197/197 204/204/204 198/198/198
f 197/197/197 203/203/203 204/204/204
f 192/192/192 199/199/199 205/205/205
f 192/192/192 205/205/205 187/187/187
f 198/198/198 206/206/206 199/199/199
f 198/198/198 204/204/204 206/206/206
f 187/187/187 205/205/205 207/207/207
f 187/187/187 207/207/207 188/188/188
f 188/188/188 207/207/207 208/208/208
f 199/199/199 209/209/209 205/205/205
f 199/199/199 206/206/206 209/209/209
f 207/207/207 210/210/210 208/208/208
f 208/208/208 210/210/210 211/211/211
f 205/205/205 212/212/212 207/207/207
f 205/205/205 209/209/209 212/212/212
f 207/207/207 212/212/212 210/210/210
f 210/210/210 213/213/213 211/211/211
f 211/211/211 213/213/213 214/214/214
f 212/212/212 215/215/215 210/210/210
f 210/210/210 215/215/215 213/213/213
f 209/209/209 216/216/216 212/212/212
f 212/212/212 216/216/216 215/215/215
f 206/206/206 217/217/217 209/209/209
f 209/209/209 217/217/217 216/216/216
f 213/213/213 218/218/218 214/214/214
f 214/214/214 218/218/218 219/219/219
f 215/215/215 220/220/220 213/213/213
f 213/213/213 220/220/220 218/218/218
f 216/216/216 221/221/221 215/215/215
f 215/215/215 221/221/221 220/220/220
f 218/218/218 222/222/222 219/219/219
f 219/219/219 222/222/222 223/223/223
f 220/220/220 224/224/224 218/218/218
f 218/218/218 224/224/224 222/222/222
f 222/222/222 225/225/225 223/223/223
f 223/223/223 225/225/225 226/226/226
f 206/206/206 227/227/227 217/217/217
f 204/204/204 227/227/227 206/206/206
f 217/217/217 228/228/228 216/216/216
f 216/216/216 228/228/228 221/221/221
f 221/221/221 229/229/229 220/220/220
f 220/220/220 229/229/229 224/224/224
f 224/224/224 230/230/230 222/222/222
f 222/222/222 230/230/230 225/225/225
f 225/225/225 231/231/231 226/226/226
f 226/226/226 231/231/231 232/232/232
f 204/204/204 233/233/233 227/227/227
f 203/203/203 233/233/233 204/204/204
f 228/228/228 234/234/234 221/221/221
f 221/221/221 234/234/234 229/229/229
f 229/229/229 235/235/235 224/224/224
f 224/224/224 235/235/235 230/230/230
f 230/230/230 236/236/236 225/225/225
f 225/225/225 236/236/236 231/231/231
f 231/231/231 237/237/237 232/232/232
f 232/232/232 237/237/237 238/238/238
f 203/203/203 239/239/239 233/233/233
f 202/202/202 239/239/239 203/203/203
f 234/234/234 240/240/240 229/229/229
f 229/229/229 240/240/240 235/235/235
f 235/235/235 241/241/241 230/230/230
f 230/230/230 241/241/241 236/236/236
f 236/236/236 242/242/242 231/231/231
f 231/231/231 242/242/242 237/237/237
f 237/237/237 243/243/243 238/238/238
f 238/238/238 243/243/243 244/244/244
f 202/202/202 245/245/245 239/239/239
f 201/201/201 245/245/245 202/202/202
f 240/240/240 246/246/246 235/235/235
f 235/235/235 246/246/246 241/241/241
f 241/241/241 247/247/247 236/236/236
f 236/236/236 247/247/247 242/242/242
f 242/242/242 248/248/248 237/237/237
f 237/237/237 248/248/248 243/243/243
f 243/243/243 249/249/249 244/244/244
f 244/244/244 249/249/249 250/250/250
f 201/201/201 251/251/251 245/245/245
f 200/200/200 251/251/251 201/201/201
f 246/246/246 252/252/252 241/241/241
f 241/241/241 252/252/252 247/247/247
f 247/247/247 253/253/253 242/242/242
f 242/242/242 253/253/253 248/248/248
f 248/248/248 254/254/254 243/243/243
f 243/243/243 254/254/254 249/249/249
f 249/249/249 255/255/255 250/250/250
f 250/250/250 255/255/255 256/256/256
f 200/200/200 257/257/257 251/251/251
f 157/157/157 257/257/257 200/200/200
f 252/252/252 258/258/258 247/247/247
f 247/247/247 258/258/258 253/253/253
f 253/253/253 259/259/259 248/248/248
f 248/248/248 259/259/259 254/254/254
f 254/254/254 260/260/260 249/249/249
f 249/249/249 260/260/260 255/255/255
f 255/255/255 261/261/261 256/256/256
f 256/256/256 261/261/261 262/262/262
f 157/157/157 263/263/263 257/257/257
f 142/142/142 263/263/263 157/157/157
f 142/142/142 141/141/141 263/263/263
f 141/141/141 264/264/264 263/263/263
f 141/141/141 138/138/138 264/264/264
f 263/263/263 265/265/265 257/257/257
f 263/263/263 264/264/264 265/265/265
f 138/138/138 266/266/266 264/264/264
f 138/138/138 133/133/133 266/266/266
f 260/260/260 267/267/267 255/255/255
f 255/255/255 267/267/267 261/261/261
f 261/261/261 268/268/268 262/262/262
f 262/262/262 268/268/268 269/269/269
f 257/257/257 265/265/265 270/270/270
f 257/257/257 270/270/270 251/251/251
f 264/264/264 271/271/271 265/265/265
f 264/264/264 266/266/266 271/271/271
f 133/133/133 272/272/272 266/266/266
f 133/133/133 134/134/134 272/272/272
f 267/267/267 273/273/273 261/261/261
f 261/261/261 273/273/273 268/268/268
f 268/268/268 274/274/274 269/269/269
f 269/269/269 274/274/274 275/275/275
f 251/251/251 270/270/270 276/276/276
f 251/251/251 276/276/276 245/245/245
f 266/266/266 277/277/277 271/271/271
f 266/266/266 272/272/272 277/277/277
f 134/134/134 278/278/278 272/272/272
f 134/134/134 135/135/135 278/278/278
f 273/273/273 279/279/279 268/268/268
f 268/268/268 279/279/279 274/274/274
f 274/274/274 280/280/280 275/275/275
f 275/275/275 280/280/280 281/281/281
f 245/245/245 276/276/276 282/282/282
f 245/245/245 282/282/282 239/239/239
f 272/272/272 283/283/283 277/277/277
f 272/272/272 278/278/278 283/283/283
f 135/135/135 284/284/284 278/278/278
f 135/135/135 136/136/136 284/284/284
f 279/279/279 285/285/285 274/274/274
f 274/274/274 285/285/285 280/280/280
f 280/280/280 286/286/286 281/281/281
f 281/281/281 286/286/286 287/287/287
f 239/239/239 282/282/282 288/288/288
f 239/239/239 288/288/288 233/233/233
f 278/278/278 289/289/289 283/283/283
f 278/278/278 284/284/284 289/289/289
f 136/136/136 290/290/290 284/284/284
f 136/136/136 137/137/137 290/290/290
f 285/285/285 291/291/291 280/280/280
f 280/280/280 291/291/291 286/286/286
f 286/286/286 292/292/292 287/287/287
f 287/287/287 292/292/292 293/293/293
f 233/233/233 288/288/288 294/294/294
f 233/233/233 294/294/294 227/227/227
f 284/284/284 295/295/295 289/289/289
f 284/284/284 290/290/290 295/295/295
f 137/137/137 296/296/296 290/290/290
f 137/137/137 139/139/139 296/296/296
f 291/291/291 297/297/297 286/286/286
f 286/286/286 297/297/297 292/292/292
f 292/292/292 298/298/298 293/293/293
f 293/293/293 298/298/298 299/299/299
f 227/227/227 294/294/294 300/300/300
f 227/227/227 300/300/300 217/217/217
f 217/217/217 300/300/300 228/228/228
f 300/300/300 301/301/301 228/228/228
f 228/228/228 301/301/301 234/234/234
f 294/294/294 302/302/302 300/300/300
f 300/300/300 302/302/302 301/301/301
f 301/301/301 303/303/303 234/234/234
f 234/234/234 303/303/303 240/240/240
f 297/297/297 304/304/304 292/292/292
f 292/292/292 304/304/304 298/298/298
f 298/298/298 305/305/305 299/299/299
f 299/299/299 305/305/305 306/306/306
f 294/294/294 307/307/307 302/302/302
f 288/288/288 307/307/307 294/294/294
f 302/302/302 308/308/308 301/301/301
f 301/301/301 308/308/308 303/303/303
f 303/303/303 309/309/309 240/240/240
f 240/240/240 309/309/309 246/246/246
f 304/304/304 310/310/310 298/298/298
f 298/298/298 310/310/310 305/305/305
f 305/305/305 311/311/311 306/306/306
f 306/306/306 311/311/311 312/312/312
f 307/307/307 313/313/313 302/302/302
f 302/302/302 313/313/313 308/308/308
f 308/308/308 314/314/314 303/303/303
f 303/303/303 314/314/314 309/309/309
f 309/309/309 315/315/315 246/246/246
f 246/246/246 315/315/315 252/252/252
f 310/310/310 316/316/316 305/305/305
f 305/305/305 316/316/316 311/311/311
f 311/311/311 317/317/317 312/312/312
f 312/312/312 317/317/317 318/318/318
f 313/313/313 319/319/319 308/308/308
f 308/308/308 319/319/319 314/314/314
f 314/314/314 320/320/320 309/309/309
f 309/309/309 320/320/320 315/315/315
f 315/315/315 321/321/321 252/252/252
f 252/252/252 321/321/321 258/258/258
f 316/316/316 322/322/322 311/311/311
f 311/311/311 322/322/322 317/317/317
f 317/317/317 323/323/323 318/318/318
f 318/318/318 323/323/323 324/324/324
f 319/319/319 325/325/325 314/314/314
f 314/314/314 325/325/325 320/320/320
f 320/320/320 326/326/326 315/315/315
f 315/315/315 326/326/326 321/321/321
f 322/322/322 327/327/327 317/317/317
f 317/317/317 327/327/327 323/323/323
f 323/323/323 328/328/328 324/324/324
f 324/324/324 328/328/328 329/329/329
f 325/325/325 330/330/330 320/320/320
f 320/320/320 330/330/330 326/326/326
f 327/327/327 331/331/331 323/323/323
f 323/323/323 331/331/331 328/328/328
f 328/328/328 332/332/332 329/329/329
f 329/329/329 332/332/332 333/333/333
f 331/331/331 334/334/334 328/328/328
f 328/328/328 334/334/334 332/332/332
f 332/332/332 335/335/335 333/333/333
f 333/333/333 335/335/335 336/336/336
f 335/335/335 337/337/337 336/336/336
f 332/332/332 338/338/338 335/335/335
f 334/334/334 338/338/338 332/332/332
f 335/335/335 339/339/339 337/337/337
f 338/338/338 339/339/339 335/335/335
f 339/339/339 340/340/340 337/337/337
f 339/339/339 341/341/341 340/340/340
f 341/341/341 342/342/342 340/340/340
f 338/338/338 343/343/343 339/339/339
f 343/343/343 341/341/341 339/339/339
f 334/334/334 344/344/344 338/338/338
f 344/344/344 343/343/343 338/338/338
f 331/331/331 345/345/345 334/334/334
f 345/345/345 344/344/344 334/334/334
f 341/341/341 346/346/346 342/342/342
f 346/346/346 347/347/347 342/342/342
f 343/343/343 348/348/348 341/341/341
f 348/348/348 346/346/346 341/341/341
f 344/344/344 349/349/349 343/343/343
f 349/349/349 348/348/348 343/343/343
f 346/346/346 350/350/350 347/347/347
f 350/350/350 351/351/351 347/347/347
f 348/348/348 352/352/352 346/346/346
f 352/352/352 350/350/350 346/346/346
f 350/350/350 353/353/353 351/351/351
f 353/353/353 354/354/354 351/351/351
f 355/355/355 345/345/345 331/331/331
f 327/327/327 355/355/355 331/331/331
f 345/345/345 356/356/356 344/344/344
f 356/356/356 349/349/349 344/344/344
f 349/349/349 357/357/357 348/348/348
f 357/357/357 352/352/352 348/348/348
f 352/352/352 358/358/358 350/350/350
f 358/358/358 353/353/353 350/350/350
f 353/353/353 359/359/359 354/354/354
f 359/359/359 360/360/360 354/354/354
f 361/361/361 355/355/355 327/327/327
f 322/322/322 361/361/361 327/327/327
f 356/356/356 362/362/362 349/349/349
f 362/362/362 357/357/357 349/349/349
f 357/357/357 363/363/363 352/352/352
f 363/363/363 358/358/358 352/352/352
f 358/358/358 364/364/364 353/353/353
f 364/364/364 359/359/359 353/353/353
f 359/359/359 365/365/365 360/360/360
f 365/365/365 366/366/366 360/360/360
f 367/367/367 361/361/361 322/322/322
f 316/316/316 367/367/367 322/322/322
f 362/362/362 368/368/368 357/357/357
f 368/368/368 363/363/363 357/357/357
f 363/363/363 369/369/369 358/358/358
f 369/369/369 364/364/364 358/358/358
f 364/364/364 370/370/370 359/359/359
f 370/370/370 365/365/365 359/359/359
f 365/365/365 371/371/371 366/366/366
f 371/371/371 372/372/372 366/366/366
f 373/373/373 367/367/367 316/316/316
f 310/310/310 373/373/373 316/316/316
f 368/368/368 374/374/374 363/363/363
f 374/374/374 369/369/369 363/363/363
f 369/369/369 375/375/375 364/364/364
f 375/375/375 370/370/370 364/364/364
f 370/370/370 376/376/376 365/365/365
f 376/376/376 371/371/371 365/365/365
f 371/371/371 377/377/377 372/372/372
f 377/377/377 378/378/378 372/372/372
f 379/379/379 373/373/373 310/310/310
f 304/304/304 379/379/379 310/310/310
f 374/374/374 380/380/380 369/369/369
f 380/380/380 375/375/375 369/369/369
f 375/375/375 381/381/381 370/370/370
f 381/381/381 376/376/376 370/370/370
f 376/376/376 382/382/382 371/371/371
f 382/382/382 377/377/377 371/371/371
f 377/377/377 383/383/383 378/378/378
f 383/383/383 384/384/384 378/378/378
f 385/385/385 379/379/379 304/304/304
f 297/297/297 385/385/385 304/304/304
f 380/380/380 386/386/386 375/375/375
f 386/386/386 381/381/381 375/375/375
f 381/381/381 387/387/387 376/376/376
f 387/387/387 382/382/382 376/376/376
f 382/382/382 388/388/388 377/377/377
f 388/388/388 383/383/383 377/377/377
f 383/383/383 389/389/389 384/384/384
f 389/389/389 390/390/390 384/384/384
f 391/391/391 385/385/385 297/297/297
f 291/291/291 391/391/391 297/297/297
f 386/386/386 392/392/392 381/381/381
f 392/392/392 387/387/387 381/381/381
f 387/387/387 393/393/393 382/382/382
f 393/393/393 388/388/388 382/382/382
f 388/388/388 394/394/394 383/383/383
f 394/394/394 389/389/389 383/383/383
f 389/389/389 395/395/395 390/390/390
f 395/395/395 396/396/396 390/390/390
f 397/397/397 391/391/391 291/291/291
f 285/285/285 397/397/397 291/291/291
f 392/392/392 398/398/398 387/387/387
f 398/398/398 393/393/393 387/387/387
f 393/393/393 399/399/399 388/388/388
f 399/399/399 394/394/394 388/388/388
f 394/394/394 400/400/400 389/389/389
f 400/400/400 395/395/395 389/389/389
f 395/395/395 401/401/401 396/396/396
f 401/401/401 402/402/402 396/396/396
f 403/403/403 397/397/397 285/285/285
f 279/279/279 403/403/403 285/285/285
f 398/398/398 404/404/404 393/393/393
f 404/404/404 399/399/399 393/393/393
f 399/399/399 405/405/405 394/394/394
f 405/405/405 400/400/400 394/394/394
f 400/400/400 406/406/406 395/395/395
f 406/406/406 401/401/401 395/395/395
f 401/401/401 407/407/407 402/402/402
f 407/407/407 408/408/408 402/402/402
f 409/409/409 403/403/403 279/279/279
f 273/273/273 409/409/409 279/279/279
f 404/404/404 410/410/410 399/399/399
f 410/410/410 405/405/405 399/399/399
f 405/405/405 411/411/411 400/400/400
f 411/411/411 406/406/406 400/400/400
f 406/406/406 412/412/412 401/401/401
f 412/412/412 407/407/407 401/401/401
f 407/407/407 413/413/413 408/408/408
f 413/413/413 414/414/414 408/408/408
f 415/415/415 409/409/409 273/273/273
f 267/267/267 415/415/415 273/273/273
f 410/410/410 416/416/416 405/405/405
f 416/416/416 411/411/411 405/405/405
f 411/411/411 417/417/417 406/406/406
f 417/417/417 412/412/412 406/406/406
f 412/412/412 418/418/418 407/407/407
f 418/418/418 413/413/413 407/407/407
f 413/413/413 419/419/419 414/414/414
f 419/419/419 420/420/420 414/414/414
f 421/421/421 415/415/415 267/267/267
f 260/260/260 421/421/421 267/267/267
f 416/416/416 422/422/422 411/411/411
f 422/422/422 417/417/417 411/411/411
f 417/417/417 423/423/423 412/412/412
f 423/423/423 418/418/418 412/412/412
f 418/418/418 424/424/424 413/413/413
f 424/424/424 419/419/419 413/413/413
f 419/419/419 425/425/425 420/420/420
f 425/425/425 426/426/426 420/420/420
f 427/427/427 421/421/421 260/260/260
f 254/254/254 427/427/427 260/260/260
f 259/259/259 427/427/427 254/254/254
f 428/428/428 423/423/423 417/417/417
f 422/422/422 428/428/428 417/417/417
f 423/423/423 429/429/429 418/418/418
f 429/429/429 424/424/424 418/418/418
f 424/424/424 430/430/430 419/419/419
f 430/430/430 425/425/425 419/419/419
f 428/428/428 431/431/431 423/423/423
f 431/431/431 429/429/429 423/423/423
f 429/429/429 432/432/432 424/424/424
f 432/432/432 430/430/430 424/424/424
f 431/431/431 433/433/433 429/429/429
f 433/433/433 432/432/432 429/429/429
f 259/259/259 434/434/434 427/427/427
f 435/435/435 434/434/434 259/259/259
f 253/253/253 435/435/435 259/259/259
f 258/258/258 435/435/435 253/253/253
f 258/258/258 436/436/436 435/435/435
f 321/321/321 436/436/436 258/258/258
f 434/434/434 437/437/437 427/427/427
f 427/427/427 437/437/437 421/421/421
f 435/435/435 438/438/438 434/434/434
f 436/436/436 438/438/438 435/435/435
f 321/321/321 439/439/439 436/436/436
f 326/326/326 439/439/439 321/321/321
f 437/437/437 440/440/440 421/421/421
f 421/421/421 440/440/440 415/415/415
f 434/434/434 441/441/441 437/437/437
f 438/438/438 441/441/441 434/434/434
f 436/436/436 442/442/442 438/438/438
f 439/439/439 442/442/442 436/436/436
f 326/326/326 443/443/443 439/439/439
f 330/330/330 443/443/443 326/326/326
f 440/440/440 444/444/444 415/415/415
f 415/415/415 444/444/444 409/409/409
f 437/437/437 445/445/445 440/440/440
f 441/441/441 445/445/445 437/437/437
f 438/438/438 446/446/446 441/441/441
f 442/442/442 446/446/446 438/438/438
f 439/439/439 447/447/447 442/442/442
f 443/443/443 447/447/447 439/439/439
f 444/444/444 448/448/448 409/409/409
f 409/409/409 448/448/448 403/403/403
f 440/440/440 449/449/449 444/444/444
f 445/445/445 449/449/449 440/440/440
f 441/441/441 450/450/450 445/445/445
f 446/446/446 450/450/450 441/441/441
f 442/442/442 451/451/451 446/446/446
f 447/447/447 451/451/451 442/442/442
f 448/448/448 452/452/452 403/403/403
f 403/403/403 452/452/452 397/397/397
f 444/444/444 453/453/453 448/448/448
f 449/449/449 453/453/453 444/444/444
f 445/445/445 454/454/454 449/449/449
f 450/450/450 454/454/454 445/445/445
f 446/446/446 455/455/455 450/450/450
f 451/451/451 455/455/455 446/446/446
f 452/452/452 456/456/456 397/397/397
f 397/397/397 456/456/456 391/391/391
f 448/448/448 457/457/457 452/452/452
f 453/453/453 457/457/457 448/448/448
f 449/449/449 458/458/458 453/453/453
f 454/454/454 458/458/458 449/449/449
f 450/450/450 459/459/459 454/454/454
f 455/455/455 459/459/459 450/450/450
f 456/456/456 460/460/460 391/391/391
f 391/391/391 460/460/460 385/385/385
f 452/452/452 461/461/461 456/456/456
f 457/457/457 461/461/461 452/452/452
f 453/453/453 462/462/462 457/457/457
f 458/458/458 462/462/462 453/453/453
f 454/454/454 463/463/463 458/458/458
f 459/459/459 463/463/463 454/454/454
f 460/460/460 464/464/464 385/385/385
f 385/385/385 464/464/464 379/379/379
f 456/456/456 465/465/465 460/460/460
f 461/461/461 465/465/465 456/456/456
f 457/457/457 466/466/466 461/461/461
f 462/462/462 466/466/466 457/457/457
f 458/458/458 467/467/467 462/462/462
f 463/463/463 467/467/467 458/458/458
f 464/464/464 468/468/468 379/379/379
f 379/379/379 468/468/468 373/373/373
f 460/460/460 469/469/469 464/464/464
f 465/465/465 469/469/469 460/460/460
f 461/461/461 470/470/470 465/465/465
f 466/466/466 470/470/470 461/461/461
f 462/462/462 471/471/471 466/466/466
f 467/467/467 471/471/471 462/462/462
f 468/468/468 472/472/472 373/373/373
f 373/373/373 472/472/472 367/367/367
f 464/464/464 473/473/473 468/468/468
f 469/469/469 473/473/473 464/464/464
f 465/465/465 474/474/474 469/469/469
f 470/470/470 474/474/474 465/465/465
f 466/466/466 475/475/475 470/470/470
f 471/471/471 475/475/475 466/466/466
f 472/472/472 476/476/476 367/367/367
f 367/367/367 476/476/476 361/361/361
f 468/468/468 477/477/477 472/472/472
f 473/473/473 477/477/477 468/468/468
f 469/469/469 478/478/478 473/473/473
f 474/474/474 478/478/478 469/469/469
f 470/470/470 479/479/479 474/474/474
f 475/475/475 479/479/479 470/470/470
f 476/476/476 480/480/480 361/361/361
f 361/361/361 480/480/480 355/355/355
f 472/472/472 481/481/481 476/476/476
f 477/477/477 481/481/481 472/472/472
f 473/473/473 482/482/482 477/477/477
f 478/478/478 482/482/482 473/473/473
f 474/474/474 483/483/483 478/478/478
f 479/479/479 483/483/483 474/474/474
f 480/480/480 484/484/484 355/355/355
f 355/355/355 484/484/484 345/345/345
f 484/484/484 356/356/356 345/345/345
f 476/476/476 485/485/485 480/480/480
f 481/481/481 485/485/485 476/476/476
f 477/477/477 486/486/486 481/481/481
f 482/482/482 486/486/486 477/477/477
f 478/478/478 487/487/487 482/482/482
f 483/483/483 487/487/487 478/478/478
f 480/480/480 488/488/488 484/484/484
f 485/485/485 488/488/488 480/480/480
f 484/484/484 489/489/489 356/356/356
f 488/488/488 489/489/489 484/484/484
f 489/489/489 362/362/362 356/356/356
f 481/481/481 490/490/490 485/485/485
f 486/486/486 490/490/490 481/481/481
f 482/482/482 491/491/491 486/486/486
f 487/487/487 491/491/491 482/482/482
f 485/485/485 492/492/492 488/488/488
f 490/490/490 492/492/492 485/485/485
f 488/488/488 493/493/493 489/489/489
f 492/492/492 493/493/493 488/488/488
f 489/489/489 494/494/494 362/362/362
f 493/493/493 494/494/494 489/489/489
f 494/494/494 368/368/368 362/362/362
f 486/486/486 495/495/495 490/490/490
f 491/491/491 495/495/495 486/486/486
f 490/490/490 496/496/496 492/492/492
f 495/495/495 496/496/496 490/490/490
f 492/492/492 497/497/497 493/493/493
f 496/496/496 497/497/497 492/492/492
f 493/493/493 498/498/498 494/494/494
f 497/497/497 498/498/498 493/493/493
f 494/494/494 499/499/499 368/368/368
f 498/498/498 499/499/499 494/494/494
f 499/499/499 374/374/374 368/368/368
f 499/499/499 500/500/500 374/374/374
f 500/500/500 380/380/380 374/374/374
f 498/498/498 501/501/501 499/499/499
f 501/501/501 500/500/500 499/499/499
f 497/497/497 502/502/502 498/498/498
f 502/502/502 501/501/501 498/498/498
f 496/496/496 503/503/503 497/497/497
f 503/503/503 502/502/502 497/497/497
f 495/495/495 504/504/504 496/496/496
f 504/504/504 503/503/503 496/496/496
f 500/500/500 505/505/505 380/380/380
f 505/505/505 386/386/386 380/380/380
f 501/501/501 506/506/506 500/500/500
f 506/506/506 505/505/505 500/500/500
f 502/502/502 507/507/507 501/501/501
f 507/507/507 506/506/506 501/501/501
f 503/503/503 508/508/508 502/502/502
f 508/508/508 507/507/507 502/502/502
f 505/505/505 509/509/509 386/386/386
f 509/509/509 392/392/392 386/386/386
f 506/506/506 510/510/510 505/505/505
f 510/510/510 509/509/509 505/505/505
f 507/507/507 511/511/511 506/506/506
f 511/511/511 510/510/510 506/506/506
f 509/509/509 512/512/512 392/392/392
f 512/512/512 398/398/398 392/392/392
f 510/510/510 513/513/513 509/509/509
f 513/513/513 512/512/512 509/509/509
f 512/512/512 514/514/514 398/398/398
f 514/514/514 404/404/404 398/398/398
f 515/515/515 508/508/508 503/503/503
f 504/504/504 515/515/515 503/503/503
f 508/508/508 516/516/516 507/507/507
f 516/516/516 511/511/511 507/507/507
f 511/511/511 517/517/517 510/510/510
f 517/517/517 513/513/513 510/510/510
f 513/513/513 518/518/518 512/512/512
f 518/518/518 514/514/514 512/512/512
f 514/514/514 519/519/519 404/404/404
f 519/519/519 410/410/410 404/404/404
f 515/515/515 520/520/520 508/508/508
f 520/520/520 516/516/516 508/508/508
f 516/516/516 521/521/521 511/511/511
f 521/521/521 517/517/517 511/511/511
f 517/517/517 522/522/522 513/513/513
f 522/522/522 518/518/518 513/513/513
f 518/518/518 523/523/523 514/514/514
f 523/523/523 519/519/519 514/514/514
f 519/519/519 524/524/524 410/410/410
f 524/524/524 416/416/416 410/410/410
f 520/520/520 525/525/525 516/516/516
f 525/525/525 521/521/521 516/516/516
f 521/521/521 526/526/526 517/517/517
f 526/526/526 522/522/522 517/517/517
f 522/522/522 527/527/527 518/518/518
f 527/527/527 523/523/523 518/518/518
f 523/523/523 528/528/528 519/519/519
f 528/528/528 524/524/524 519/519/519
f 524/524/524 529/529/529 416/416/416
f 529/529/529 422/422/422 416/416/416
f 525/525/525 530/530/530 521/521/521
f 530/530/530 526/526/526 521/521/521
f 526/526/526 531/531/531 522/522/522
f 531/531/531 527/527/527 522/522/522
f 527/527/527 532/532/532 523/523/523
f 532/532/532 528/528/528 523/523/523
f 528/528/528 533/533/533 524/524/524
f 533/533/533 529/529/529 524/524/524
f 529/529/529 534/534/534 422/422/422
f 534/534/534 428/428/428 422/422/422
f 530/530/530 535/535/535 526/526/526
f 535/535/535 531/531/531 526/526/526
f 531/531/531 536/536/536 527/527/527
f 536/536/536 532/532/532 527/527/527
f 532/532/532 537/537/537 528/528/528
f 537/537/537 533/533/533 528/528/528
f 533/533/533 538/538/538 529/529/529
f 538/538/538 534/534/534 529/529/529
f 534/534/534 539/539/539 428/428/428
f 539/539/539 431/431/431 428/428/428
f 535/535/535 540/540/540 531/531/531
f 540/540/540 536/536/536 531/531/531
f 536/536/536 541/541/541 532/532/532
f 541/541/541 537/537/537 532/532/532
f 537/537/537 542/542/542 533/533/533
f 542/542/542 538/538/538 533/533/533
f 538/538/538 543/543/543 534/534/534
f 543/543/543 539/539/539 534/534/534
f 539/539/539 544/544/544 431/431/431
f 544/544/544 433/433/433 431/431/431
f 540/540/540 545/545/545 536/536/536
f 545/545/545 541/541/541 536/536/536
f 541/541/541 546/546/546 537/537/537
f 546/546/546 542/542/542 537/537/537
f 542/542/542 547/547/547 538/538/538
f 547/547/547 543/543/543 538/538/538
f 543/543/543 548/548/548 539/539/539
f 548/548/548 544/544/544 539/539/539
f 545/545/545 549/549/549 541/541/541
f 549/549/549 546/546/546 541/541/541
f 546/546/546 550/550/550 542/542/542
f 550/550/550 547/547/547 542/542/542
f 547/547/547 551/551/551 543/543/543
f 551/551/551 548/548/548 543/543/543
f 549/549/549 552/552/552 546/546/546
f 552/552/552 550/550/550 546/546/546
f 550/550/550 553/553/553 547/547/547
f 553/553/553 551/551/551 547/547/547
f 552/552/552 554/554/554 550/550/550
f 554/554/554 553/553/553 550/550/550
f 548/548/548 555/555/555 544/544/544
f 551/551/551 556/556/556 548/548/548
f 556/556/556 555/555/555 548/548/548
f 556/556/556 557/557/557 555/555/555
f 555/555/555 558/558/558 544/544/544
f 555/555/555 559/559/559 558/558/558
f 544/544/544 558/558/558 433/433/433
f 560/560/560 556/556/556 551/551/551
f 553/553/553 560/560/560 551/551/551
f 560/560/560 561/561/561 556/556/556
f 558/558/558 562/562/562 433/433/433
f 558/558/558 563/563/563 562/562/562
f 433/433/433 562/562/562 432/432/432
f 564/564/564 560/560/560 553/553/553
f 564/564/564 565/565/565 560/560/560
f 554/554/554 564/564/564 553/553/553
f 562/562/562 566/566/566 432/432/432
f 562/562/562 567/567/567 566/566/566
f 432/432/432 566/566/566 430/430/430
f 566/566/566 568/568/568 430/430/430
f 566/566/566 569/569/569 568/568/568
f 430/430/430 568/568/568 425/425/425
f 568/568/568 570/570/570 425/425/425
f 568/568/568 571/571/571 570/570/570
f 425/425/425 570/570/570 426/426/426
f 570/570/570 572/572/572 426/426/426
f 570/570/570 573/573/573 572/572/572
f 574/574/574 564/564/564 554/554/554
f 574/574/574 575/575/575 564/564/564
f 576/576/576 574/574/574 554/554/554
f 576/576/576 554/554/554 552/552/552
f 577/577/577 574/574/574 576/576/576
f 577/577/577 578/578/578 574/574/574
f 579/579/579 576/576/576 552/552/552
f 579/579/579 552/552/552 549/549/549
f 580/580/580 577/577/577 576/576/576
f 580/580/580 576/576/576 579/579/579
f 581/581/581 579/579/579 549/549/549
f 581/581/581 549/549/549 545/545/545
f 582/582/582 577/577/577 580/580/580
f 582/582/582 583/583/583 577/577/577
f 584/584/584 580/580/580 579/579/579
f 584/584/584 579/579/579 581/581/581
f 585/585/585 581/581/581 545/545/545
f 585/585/585 545/545/545 540/540/540
f 586/586/586 582/582/582 580/580/580
f 586/586/586 580/580/580 584/584/584
f 587/587/587 584/584/584 581/581/581
f 587/587/587 581/581/581 585/585/585
f 588/588/588 585/585/585 540/540/540
f 588/588/588 540/540/540 535/535/535
f 589/589/589 582/582/582 586/586/586
f 589/589/589 590/590/590 582/582/582
f 591/591/591 586/586/586 584/584/584
f 591/591/591 584/584/584 587/587/587
f 592/592/592 587/587/587 585/585/585
f 592/592/592 585/585/585 588/588/588
f 593/593/593 588/588/588 535/535/535
f 593/593/593 535/535/535 530/530/530
f 594/594/594 589/589/589 586/586/586
f 594/594/594 586/586/586 591/591/591
f 595/595/595 591/591/591 587/587/587
f 595/595/595 587/587/587 592/592/592
f 596/596/596 592/592/592 588/588/588
f 596/596/596 588/588/588 593/593/593
f 597/597/597 593/593/593 530/530/530
f 597/597/597 530/530/530 525/525/525
f 598/598/598 589/589/589 594/594/594
f 598/598/598 599/599/599 589/589/589
f 600/600/600 594/594/594 591/591/591
f 600/600/600 591/591/591 595/595/595
f 601/601/601 595/595/595 592/592/592
f 601/601/601 592/592/592 596/596/596
f 602/602/602 596/596/596 593/593/593
f 602/602/602 593/593/593 597/597/597
f 603/603/603 597/597/597 525/525/525
f 603/603/603 525/525/525 520/520/520
f 604/604/604 598/598/598 594/594/594
f 604/604/604 594/594/594 600/600/600
f 605/605/605 600/600/600 595/595/595
f 605/605/605 595/595/595 601/601/601
f 606/606/606 601/601/601 596/596/596
f 606/606/606 596/596/596 602/602/602
f 607/607/607 602/602/602 597/597/597
f 607/607/607 597/597/597 603/603/603
f 608/608/608 603/603/603 520/520/520
f 608/608/608 520/520/520 515/515/515
f 609/609/609 598/598/598 604/604/604
f 609/609/609 610/610/610 598/598/598
f 611/611/611 605/605/605 601/601/601
f 611/611/611 601/601/601 606/606/606
f 612/612/612 606/606/606 602/602/602
f 612/612/612 602/602/602 607/607/607
f 613/613/613 607/607/607 603/603/603
f 613/613/613 603/603/603 608/608/608
f 614/614/614 608/608/608 515/515/515
f 614/614/614 515/515/515 504/504/504
f 615/615/615 611/611/611 606/606/606
f 615/615/615 606/606/606 612/612/612
f 616/616/616 612/612/612 607/607/607
f 616/616/616 607/607/607 613/613/613
f 617/617/617 613/613/613 608/608/608
f 617/617/617 608/608/608 614/614/614
f 618/618/618 614/614/614 504/504/504
f 618/618/618 504/504/504 495/495/495
f 491/491/491 618/618/618 495/495/495
f 619/619/619 614/614/614 618/618/618
f 619/619/619 617/617/617 614/614/614
f 620/620/620 618/618/618 491/491/491
f 620/620/620 619/619/619 618/618/618
f 487/487/487 620/620/620 491/491/491
f 621/621/621 613/613/613 617/617/617
f 621/621/621 616/616/616 613/613/613
f 622/622/622 612/612/612 616/616/616
f 622/622/622 615/615/615 612/612/612
f 623/623/623 617/617/617 619/619/619
f 623/623/623 621/621/621 617/617/617
f 624/624/624 620/620/620 487/487/487
f 483/483/483 624/624/624 487/487/487
f 625/625/625 619/619/619 620/620/620
f 625/625/625 623/623/623 619/619/619
f 624/624/624 625/625/625 620/620/620
f 626/626/626 616/616/616 621/621/621
f 626/626/626 622/622/622 616/616/616
f 627/627/627 624/624/624 483/483/483
f 479/479/479 627/627/627 483/483/483
f 628/628/628 621/621/621 623/623/623
f 628/628/628 626/626/626 621/621/621
f 629/629/629 625/625/625 624/624/624
f 627/627/627 629/629/629 624/624/624
f 630/630/630 623/623/623 625/625/625
f 630/630/630 628/628/628 623/623/623
f 629/629/629 630/630/630 625/625/625
f 631/631/631 627/627/627 479/479/479
f 475/475/475 631/631/631 479/479/479
f 632/632/632 629/629/629 627/627/627
f 631/631/631 632/632/632 627/627/627
f 633/633/633 630/630/630 629/629/629
f 632/632/632 633/633/633 629/629/629
f 634/634/634 628/628/628 630/630/630
f 633/633/633 634/634/634 630/630/630
f 635/635/635 626/626/626 628/628/628
f 634/634/634 635/635/635 628/628/628
f 636/636/636 631/631/631 475/475/475
f 471/471/471 636/636/636 475/475/475
f 637/637/637 632/632/632 631/631/631
f 636/636/636 637/637/637 631/631/631
f 638/638/638 633/633/633 632/632/632
f 637/637/637 638/638/638 632/632/632
f 639/639/639 634/634/634 633/633/633
f 638/638/638 639/639/639 633/633/633
f 640/640/640 636/636/636 471/471/471
f 467/467/467 640/640/640 471/471/471
f 641/641/641 637/637/637 636/636/636
f 640/640/640 641/641/641 636/636/636
f 642/642/642 638/638/638 637/637/637
f 641/641/641 642/642/642 637/637/637
f 643/643/643 640/640/640 467/467/467
f 463/463/463 643/643/643 467/467/467
f 644/644/644 641/641/641 640/640/640
f 643/643/643 644/644/644 640/640/640
f 645/645/645 643/643/643 463/463/463
f 459/459/459 645/645/645 463/463/463
f 639/639/639 646/646/646 634/634/634
f 646/646/646 635/635/635 634/634/634
f 647/647/647 639/639/639 638/638/638
f 642/642/642 647/647/647 638/638/638
f 648/648/648 642/642/642 641/641/641
f 644/644/644 648/648/648 641/641/641
f 649/649/649 644/644/644 643/643/643
f 645/645/645 649/649/649 643/643/643
f 650/650/650 645/645/645 459/459/459
f 455/455/455 650/650/650 459/459/459
f 651/651/651 646/646/646 639/639/639
f 647/647/647 651/651/651 639/639/639
f 652/652/652 647/647/647 642/642/642
f 648/648/648 652/652/652 642/642/642
f 653/653/653 648/648/648 644/644/644
f 649/649/649 653/653/653 644/644/644
f 654/654/654 649/649/649 645/645/645
f 650/650/650 654/654/654 645/645/645
f 655/655/655 650/650/650 455/455/455
f 451/451/451 655/655/655 455/455/455
f 656/656/656 651/651/651 647/647/647
f 652/652/652 656/656/656 647/647/647
f 657/657/657 652/652/652 648/648/648
f 653/653/653 657/657/657 648/648/648
f 658/658/658 653/653/653 649/649/649
f 654/654/654 658/658/658 649/649/649
f 659/659/659 654/654/654 650/650/650
f 655/655/655 659/659/659 650/650/650
f 660/660/660 655/655/655 451/451/451
f 447/447/447 660/660/660 451/451/451
f 661/661/661 656/656/656 652/652/652
f 657/657/657 661/661/661 652/652/652
f 662/662/662 657/657/657 653/653/653
f 658/658/658 662/662/662 653/653/653
f 663/663/663 658/658/658 654/654/654
f 659/659/659 663/663/663 654/654/654
f 664/664/664 659/659/659 655/655/655
f 660/660/660 664/664/664 655/655/655
f 665/665/665 660/660/660 447/447/447
f 443/443/443 665/665/665 447/447/447
f 666/666/666 661/661/661 657/657/657
f 662/662/662 666/666/666 657/657/657
f 667/667/667 662/662/662 658/658/658
f 663/663/663 667/667/667 658/658/658
f 668/668/668 663/663/663 659/659/659
f 664/664/664 668/668/668 659/659/659
f 669/669/669 664/664/664 660/660/660
f 665/665/665 669/669/669 660/660/660
f 670/670/670 665/665/665 443/443/443
f 330/330/330 670/670/670 443/443/443
f 671/671/671 666/666/666 662/662/662
f 667/667/667 671/671/671 662/662/662
f 672/672/672 667/667/667 663/663/663
f 668/668/668 672/672/672 663/663/663
f 673/673/673 668/668/668 664/664/664
f 669/669/669 673/673/673 664/664/664
f 674/674/674 669/669/669 665/665/665
f 670/670/670 674/674/674 665/665/665
f 675/675/675 670/670/670 330/330/330
f 325/325/325 675/675/675 330/330/330
f 676/676/676 671/671/671 667/667/667
f 672/672/672 676/676/676 667/667/667
f 677/677/677 672/672/672 668/668/668
f 673/673/673 677/677/677 668/668/668
f 678/678/678 673/673/673 669/669/669
f 674/674/674 678/678/678 669/669/669
f 679/679/679 674/674/674 670/670/670
f 675/675/675 679/679/679 670/670/670
f 680/680/680 675/675/675 325/325/325
f 319/319/319 680/680/680 325/325/325
f 681/681/681 676/676/676 672/672/672
f 677/677/677 681/681/681 672/672/672
f 682/682/682 677/677/677 673/673/673
f 678/678/678 682/682/682 673/673/673
f 683/683/683 678/678/678 674/674/674
f 679/679/679 683/683/683 674/674/674
f 684/684/684 679/679/679 675/675/675
f 680/680/680 684/684/684 675/675/675
f 685/685/685 680/680/680 319/319/319
f 313/313/313 685/685/685 319/319/319
f 686/686/686 681/681/681 677/677/677
f 682/682/682 686/686/686 677/677/677
f 687/687/687 682/682/682 678/678/678
f 683/683/683 687/687/687 678/678/678
f 688/688/688 683/683/683 679/679/679
f 684/684/684 688/688/688 679/679/679
f 689/689/689 684/684/684 680/680/680
f 685/685/685 689/689/689 680/680/680
f 690/690/690 685/685/685 313/313/313
f 307/307/307 690/690/690 313/313/313
f 691/691/691 686/686/686 682/682/682
f 687/687/687 691/691/691 682/682/682
f 692/692/692 687/687/687 683/683/683
f 688/688/688 692/692/692 683/683/683
f 693/693/693 688/688/688 684/684/684
f 689/689/689 693/693/693 684/684/684
f 694/694/694 689/689/689 685/685/685
f 690/690/690 694/694/694 685/685/685
f 695/695/695 690/690/690 307/307/307
f 288/288/288 695/695/695 307/307/307
f 282/282/282 695/695/695 288/288/288
f 695/695/695 696/696/696 690/690/690
f 696/696/696 694/694/694 690/690/690
f 282/282/282 697/697/697 695/695/695
f 697/697/697 696/696/696 695/695/695
f 276/276/276 697/697/697 282/282/282
f 694/694/694 698/698/698 689/689/689
f 698/698/698 693/693/693 689/689/689
f 693/693/693 699/699/699 688/688/688
f 699/699/699 692/692/692 688/688/688
f 696/696/696 700/700/700 694/694/694
f 700/700/700 698/698/698 694/694/694
f 276/276/276 701/701/701 697/697/697
f 270/270/270 701/701/701 276/276/276
f 697/697/697 702/702/702 696/696/696
f 702/702/702 700/700/700 696/696/696
f 701/701/701 702/702/702 697/697/697
f 698/698/698 703/703/703 693/693/693
f 703/703/703 699/699/699 693/693/693
f 270/270/270 704/704/704 701/701/701
f 265/265/265 704/704/704 270/270/270
f 265/265/265 271/271/271 704/704/704
f 700/700/700 705/705/705 698/698/698
f 705/705/705 703/703/703 698/698/698
f 701/701/701 706/706/706 702/702/702
f 704/704/704 706/706/706 701/701/701
f 271/271/271 707/707/707 704/704/704
f 704/704/704 707/707/707 706/706/706
f 271/271/271 277/277/277 707/707/707
f 702/702/702 708/708/708 700/700/700
f 706/706/706 708/708/708 702/702/702
f 708/708/708 705/705/705 700/700/700
f 277/277/277 709/709/709 707/707/707
f 277/277/277 283/283/283 709/709/709
f 707/707/707 710/710/710 706/706/706
f 706/706/706 710/710/710 708/708/708
f 707/707/707 709/709/709 710/710/710
f 708/708/708 711/711/711 705/705/705
f 710/710/710 711/711/711 708/708/708
f 705/705/705 712/712/712 703/703/703
f 711/711/711 712/712/712 705/705/705
f 283/283/283 713/713/713 709/709/709
f 283/283/283 289/289/289 713/713/713
f 709/709/709 714/714/714 710/710/710
f 710/710/710 714/714/714 711/711/711
f 709/709/709 713/713/713 714/714/714
f 289/289/289 715/715/715 713/713/713
f 289/289/289 295/295/295 715/715/715
f 714/714/714 716/716/716 711/711/711
f 711/711/711 716/716/716 712/712/712
f 713/713/713 717/717/717 714/714/714
f 713/713/713 715/715/715 717/717/717
f 714/714/714 717/717/717 716/716/716
f 712/712/712 718/718/718 703/703/703
f 703/703/703 718/718/718 699/699/699
f 716/716/716 719/719/719 712/712/712
f 712/712/712 719/719/719 718/718/718
f 717/717/717 720/720/720 716/716/716
f 716/716/716 720/720/720 719/719/719
f 715/715/715 721/721/721 717/717/717
f 717/717/717 721/721/721 720/720/720
f 295/295/295 722/722/722 715/715/715
f 715/715/715 722/722/722 721/721/721
f 718/718/718 723/723/723 699/699/699
f 699/699/699 723/723/723 692/692/692
f 719/719/719 724/724/724 718/718/718
f 718/718/718 724/724/724 723/723/723
f 720/720/720 725/725/725 719/719/719
f 719/719/719 725/725/725 724/724/724
f 721/721/721 726/726/726 720/720/720
f 720/720/720 726/726/726 725/725/725
f 723/723/723 727/727/727 692/692/692
f 692/692/692 727/727/727 687/687/687
f 727/727/727 691/691/691 687/687/687
f 724/724/724 728/728/728 723/723/723
f 723/723/723 728/728/728 727/727/727
f 725/725/725 729/729/729 724/724/724
f 724/724/724 729/729/729 728/728/728
f 727/727/727 730/730/730 691/691/691
f 728/728/728 730/730/730 727/727/727
f 721/721/721 731/731/731 726/726/726
f 722/722/722 731/731/731 721/721/721
f 726/726/726 732/732/732 725/725/725
f 725/725/725 732/732/732 729/729/729
f 729/729/729 733/733/733 728/728/728
f 728/728/728 733/733/733 730/730/730
f 730/730/730 734/734/734 691/691/691
f 691/691/691 734/734/734 686/686/686
f 731/731/731 735/735/735 726/726/726
f 726/726/726 735/735/735 732/732/732
f 732/732/732 736/736/736 729/729/729
f 729/729/729 736/736/736 733/733/733
f 733/733/733 737/737/737 730/730/730
f 730/730/730 737/737/737 734/734/734
f 734/734/734 738/738/738 686/686/686
f 686/686/686 738/738/738 681/681/681
f 735/735/735 739/739/739 732/732/732
f 732/732/732 739/739/739 736/736/736
f 736/736/736 740/740/740 733/733/733
f 733/733/733 740/740/740 737/737/737
f 737/737/737 741/741/741 734/734/734
f 734/734/734 741/741/741 738/738/738
f 738/738/738 742/742/742 681/681/681
f 681/681/681 742/742/742 676/676/676
f 739/739/739 743/743/743 736/736/736
f 736/736/736 743/743/743 740/740/740
f 740/740/740 744/744/744 737/737/737
f 737/737/737 744/744/744 741/741/741
f 741/741/741 745/745/745 738/738/738
f 738/738/738 745/745/745 742/742/742
f 742/742/742 746/746/746 676/676/676
f 676/676/676 746/746/746 671/671/671
f 743/743/743 747/747/747 740/740/740
f 740/740/740 747/747/747 744/744/744
f 744/744/744 748/748/748 741/741/741
f 741/741/741 748/748/748 745/745/745
f 745/745/745 749/749/749 742/742/742
f 742/742/742 749/749/749 746/746/746
f 746/746/746 750/750/750 671/671/671
f 671/671/671 750/750/750 666/666/666
f 747/747/747 751/751/751 744/744/744
f 744/744/744 751/751/751 748/748/748
f 748/748/748 752/752/752 745/745/745
f 745/745/745 752/752/752 749/749/749
f 749/749/749 753/753/753 746/746/746
f 746/746/746 753/753/753 750/750/750
f 750/750/750 754/754/754 666/666/666
f 666/666/666 754/754/754 661/661/661
f 751/751/751 755/755/755 748/748/748
f 748/748/748 755/755/755 752/752/752
f 752/752/752 756/756/756 749/749/749
f 749/749/749 756/756/756 753/753/753
f 753/753/753 757/757/757 750/750/750
f 750/750/750 757/757/757 754/754/754
f 754/754/754 758/758/758 661/661/661
f 661/661/661 758/758/758 656/656/656
f 755/755/755 759/759/759 752/752/752
f 752/752/752 759/759/759 756/756/756
f 756/756/756 760/760/760 753/753/753
f 753/753/753 760/760/760 757/757/757
f 757/757/757 761/761/761 754/754/754
f 754/754/754 761/761/761 758/758/758
f 758/758/758 762/762/762 656/656/656
f 656/656/656 762/762/762 651/651/651
f 759/759/759 763/763/763 756/756/756
f 756/756/756 763/763/763 760/760/760
f 760/760/760 764/764/764 757/757/757
f 757/757/757 764/764/764 761/761/761
f 761/761/761 765/765/765 758/758/758
f 758/758/758 765/765/765 762/762/762
f 762/762/762 766/766/766 651/651/651
f 651/651/651 766/766/766 646/646/646
f 763/763/763 767/767/767 760/760/760
f 760/760/760 767/767/767 764/764/764
f 764/764/764 768/768/768 761/761/761
f 761/761/761 768/768/768 765/765/765
f 765/765/765 769/769/769 762/762/762
f 762/762/762 769/769/769 766/766/766
f 766/766/766 770/770/770 646/646/646
f 646/646/646 770/770/770 635/635/635
f 767/767/767 771/771/771 764/764/764
f 764/764/764 771/771/771 768/768/768
f 768/768/768 772/772/772 765/765/765
f 765/765/765 772/772/772 769/769/769
f 769/769/769 773/773/773 766/766/766
f 766/766/766 773/773/773 770/770/770
f 770/770/770 774/774/774 635/635/635
f 635/635/635 774/774/774 626/626/626
f 774/774/774 622/622/622 626/626/626
f 770/770/770 775/775/775 774/774/774
f 773/773/773 775/775/775 770/770/770
f 774/774/774 776/776/776 622/622/622
f 775/775/775 776/776/776 774/774/774
f 776/776/776 615/615/615 622/622/622
f 769/769/769 777/777/777 773/773/773
f 772/772/772 777/777/777 769/769/769
f 768/768/768 778/778/778 772/772/772
f 771/771/771 778/778/778 768/768/768
f 773/773/773 779/779/779 775/775/775
f 777/777/777 779/779/779 773/773/773
f 775/775/775 780/780/780 776/776/776
f 779/779/779 780/780/780 775/775/775
f 776/776/776 781/781/781 615/615/615
f 780/780/780 781/781/781 776/776/776
f 781/781/781 611/611/611 615/615/615
f 772/772/772 782/782/782 777/777/777
f 778/778/778 782/782/782 772/772/772
f 777/777/777 783/783/783 779/779/779
f 782/782/782 783/783/783 777/777/777
f 779/779/779 784/784/784 780/780/780
f 783/783/783 784/784/784 779/779/779
f 780/780/780 785/785/785 781/781/781
f 784/784/784 785/785/785 780/780/780
f 781/781/781 786/786/786 611/611/611
f 785/785/785 786/786/786 781/781/781
f 786/786/786 605/605/605 611/611/611
f 786/786/786 787/787/787 605/605/605
f 787/787/787 600/600/600 605/605/605
f 787/787/787 604/604/604 600/600/600
f 785/785/785 788/788/788 786/786/786
f 788/788/788 787/787/787 786/786/786
f 789/789/789 604/604/604 787/787/787
f 788/788/788 789/789/789 787/787/787
f 789/789/789 609/609/609 604/604/604
f 784/784/784 790/790/790 785/785/785
f 790/790/790 788/788/788 785/785/785
f 783/783/783 791/791/791 784/784/784
f 791/791/791 790/790/790 784/784/784
f 792/792/792 789/789/789 788/788/788
f 790/790/790 792/792/792 788/788/788
f 793/793/793 609/609/609 789/789/789
f 792/792/792 793/793/793 789/789/789
f 793/793/793 794/794/794 609/609/609
f 795/795/795 792/792/792 790/790/790
f 791/791/791 795/795/795 790/790/790
f 796/796/796 793/793/793 792/792/792
f 795/795/795 796/796/796 792/792/792
f 796/796/796 797/797/797 793/793/793
f 798/798/798 791/791/791 783/783/783
f 782/782/782 798/798/798 783/783/783
f 799/799/799 795/795/795 791/791/791
f 798/798/798 799/799/799 791/791/791
f 800/800/800 796/796/796 795/795/795
f 799/799/799 800/800/800 795/795/795
f 800/800/800 801/801/801 796/796/796
f 802/802/802 798/798/798 782/782/782
f 778/778/778 802/802/802 782/782/782
f 803/803/803 799/799/799 798/798/798
f 802/802/802 803/803/803 798/798/798
f 804/804/804 800/800/800 799/799/799
f 803/803/803 804/804/804 799/799/799
f 804/804/804 805/805/805 800/800/800
f 806/806/806 802/802/802 778/778/778
f 771/771/771 806/806/806 778/778/778
f 807/807/807 803/803/803 802/802/802
f 806/806/806 807/807/807 802/802/802
f 808/808/808 804/804/804 803/803/803
f 807/807/807 808/808/808 803/803/803
f 808/808/808 809/809/809 804/804/804
f 810/810/810 806/806/806 771/771/771
f 767/767/767 810/810/810 771/771/771
f 811/811/811 807/807/807 806/806/806
f 810/810/810 811/811/811 806/806/806
f 812/812/812 808/808/808 807/807/807
f 811/811/811 812/812/812 807/807/807
f 812/812/812 813/813/813 808/808/808
f 814/814/814 810/810/810 767/767/767
f 763/763/763 814/814/814 767/767/767
f 815/815/815 811/811/811 810/810/810
f 814/814/814 815/815/815 810/810/810
f 816/816/816 812/812/812 811/811/811
f 815/815/815 816/816/816 811/811/811
f 816/816/816 817/817/817 812/812/812
f 818/818/818 814/814/814 763/763/763
f 759/759/759 818/818/818 763/763/763
f 819/819/819 815/815/815 814/814/814
f 818/818/818 819/819/819 814/814/814
f 820/820/820 816/816/816 815/815/815
f 819/819/819 820/820/820 815/815/815
f 820/820/820 821/821/821 816/816/816
f 822/822/822 818/818/818 759/759/759
f 755/755/755 822/822/822 759/759/759
f 823/823/823 819/819/819 818/818/818
f 822/822/822 823/823/823 818/818/818
f 824/824/824 820/820/820 819/819/819
f 823/823/823 824/824/824 819/819/819
f 824/824/824 825/825/825 820/820/820
f 826/826/826 822/822/822 755/755/755
f 751/751/751 826/826/826 755/755/755
f 827/827/827 823/823/823 822/822/822
f 826/826/826 827/827/827 822/822/822
f 828/828/828 824/824/824 823/823/823
f 827/827/827 828/828/828 823/823/823
f 828/828/828 829/829/829 824/824/824
f 830/830/830 826/826/826 751/751/751
f 747/747/747 830/830/830 751/751/751
f 831/831/831 827/827/827 826/826/826
f 830/830/830 831/831/831 826/826/826
f 832/832/832 828/828/828 827/827/827
f 831/831/831 832/832/832 827/827/827
f 832/832/832 833/833/833 828/828/828
f 834/834/834 830/830/830 747/747/747
f 743/743/743 834/834/834 747/747/747
f 835/835/835 831/831/831 830/830/830
f 834/834/834 835/835/835 830/830/830
f 836/836/836 832/832/832 831/831/831
f 835/835/835 836/836/836 831/831/831
f 836/836/836 837/837/837 832/832/832
f 838/838/838 834/834/834 743/743/743
f 739/739/739 838/838/838 743/743/743
f 839/839/839 835/835/835 834/834/834
f 838/838/838 839/839/839 834/834/834
f 840/840/840 836/836/836 835/835/835
f 839/839/839 840/840/840 835/835/835
f 840/840/840 841/841/841 836/836/836
f 842/842/842 838/838/838 739/739/739
f 735/735/735 842/842/842 739/739/739
f 843/843/843 839/839/839 838/838/838
f 842/842/842 843/843/843 838/838/838
f 844/844/844 840/840/840 839/839/839
f 843/843/843 844/844/844 839/839/839
f 844/844/844 845/845/845 840/840/840
f 846/846/846 842/842/842 735/735/735
f 731/731/731 846/846/846 735/735/735
f 847/847/847 843/843/843 842/842/842
f 846/846/846 847/847/847 842/842/842
f 848/848/848 844/844/844 843/843/843
f 847/847/847 848/848/848 843/843/843
f 848/848/848 849/849/849 844/844/844
f 850/850/850 846/846/846 731/731/731
f 722/722/722 850/850/850 731/731/731
f 851/851/851 847/847/847 846/846/846
f 850/850/850 851/851/851 846/846/846
f 852/852/852 848/848/848 847/847/847
f 851/851/851 852/852/852 847/847/847
f 852/852/852 853/853/853 848/848/848
f 854/854/854 850/850/850 722/722/722
f 295/295/295 854/854/854 722/722/722
f 290/290/290 854/854/854 295/295/295
f 290/290/290 296/296/296 854/854/854
f 854/854/854 855/855/855 850/850/850
f 855/855/855 851/851/851 850/850/850
f 296/296/296 855/855/855 854/854/854
f 856/856/856 852/852/852 851/851/851
f 855/855/855 856/856/856 851/851/851
f 856/856/856 857/857/857 852/852/852
f 296/296/296 858/858/858 855/855/855
f 858/858/858 856/856/856 855/855/855
f 858/858/858 859/859/859 856/856/856
f 139/139/139 858/858/858 296/296/296
f 139/139/139 860/860/860 858/858/858
