g Body
v 2.70386072E-16 0.89992094 -37.5221672
v 0.100237295 21.8477058 -10.1087227
v 13.660305 25.9164257 -15.7379398
v 2.70386072E-16 0.89992094 -37.5221672
v 7.47349834 33.5580482 -43.7445297
v -7.47349834 33.5580444 -43.7445297
v 2.70386072E-16 0.89992094 -37.5221672
v 19.581089 33.1452637 -26.1977615
v 7.86767626 33.4639359 -43.5082664
v 2.70386072E-16 0.89992094 -37.5221672
v 14.1099205 26.2399979 -16.2924423
v 19.5794106 32.9883842 -25.6186447
v -7.473423 34.0822296 -43.6150665
v 7.473423 34.0822296 -43.6150665
v -1.57603952E-09 53.6732864 -20.6491146
v 7.86653042 33.9918671 -43.3853645
v 19.581089 33.7095909 -26.065609
v -1.57603952E-09 53.6732864 -20.6491146
v 19.5634441 33.5610466 -25.4474602
v 14.108634 26.8716965 -16.0634308
v -1.57603952E-09 53.6732864 -20.6491146
v 13.6570702 26.5451164 -15.5186214
v 0.10144297 22.3323689 -9.75077629
v -1.57603952E-09 53.6732864 -20.6491146
v 0.100237295 21.8477058 -10.1087227
v 2.70386072E-16 0.89992094 -37.5221672
v -0.101998128 21.8462143 -10.1110497
v 2.70386072E-16 0.89992094 -37.5221672
v -13.660305 25.9164257 -15.7379398
v -0.101998128 21.8462143 -10.1110497
v 2.70386072E-16 0.89992094 -37.5221672
v -7.86767626 33.4639359 -43.5082664
v -19.581089 33.1452637 -26.1977615
v 2.70386072E-16 0.89992094 -37.5221672
v -19.5794106 32.9883842 -25.6186447
v -14.1099205 26.2399979 -16.2924423
v -7.86653042 33.9918671 -43.3853645
v -1.57603952E-09 53.6732864 -20.6491146
v -19.581089 33.7095909 -26.065609
v -19.5634441 33.5610466 -25.4474602
v -1.57603952E-09 53.6732864 -20.6491146
v -14.108634 26.8716965 -16.0634308
v -13.6570702 26.5451164 -15.5186214
v -1.57603952E-09 53.6732864 -20.6491146
v -0.0978411436 22.3299141 -9.74775124
v 12.299078 74.6142273 -6.33140373
v 12.9040613 73.090332 -5.75748825
v 12.4585314 71.5626678 -6.45842743
v -12.299078 74.6142273 -6.33140373
v -12.4585314 71.5626678 -6.45842743
v -12.9040613 73.090332 -5.75748825
v 14.108634 26.8716965 -16.0634308
v 13.6570702 26.5451164 -15.5186214
v -1.57603952E-09 53.6732864 -20.6491146
v 13.660305 25.9164257 -15.7379398
v 14.1099205 26.2399979 -16.2924423
v 2.70386072E-16 0.89992094 -37.5221672
v 0.100237295 21.8477058 -10.1087227
v 19.5634441 33.5610466 -25.4474602
v 0.10144297 22.3323689 -9.75077629
v 19.5794106 32.9883842 -25.6186447
v -0.0978411436 22.3299141 -9.74775124
v -0.101998128 21.8462143 -10.1110497
v -1.57603952E-09 53.6732864 -20.6491146
v 19.581089 33.7095909 -26.065609
v -1.57603952E-09 53.6732864 -20.6491146
v 19.581089 33.1452637 -26.1977615
v 2.70386072E-16 0.89992094 -37.5221672
v 7.86653042 33.9918671 -43.3853645
v 7.86767626 33.4639359 -43.5082664
v 7.473423 34.0822296 -43.6150665
v -1.57603952E-09 53.6732864 -20.6491146
v 7.47349834 33.5580482 -43.7445297
v 2.70386072E-16 0.89992094 -37.5221672
v -7.473423 34.0822296 -43.6150665
v -7.47349834 33.5580444 -43.7445297
v -14.108634 26.8716965 -16.0634308
v -1.57603952E-09 53.6732864 -20.6491146
v -13.6570702 26.5451164 -15.5186214
v -13.660305 25.9164257 -15.7379398
v -0.101998128 21.8462143 -10.1110497
v -0.0978411436 22.3299141 -9.74775124
v -14.1099205 26.2399979 -16.2924423
v 2.70386072E-16 0.89992094 -37.5221672
v -19.5634441 33.5610466 -25.4474602
v -19.5794106 32.9883842 -25.6186447
v -19.581089 33.7095909 -26.065609
v -1.57603952E-09 53.6732864 -20.6491146
v -19.581089 33.1452637 -26.1977615
v 2.70386072E-16 0.89992094 -37.5221672
v -7.86653042 33.9918671 -43.3853645
v -7.86767626 33.4639359 -43.5082664
v -7.473423 34.0822296 -43.6150665
v -1.57603952E-09 53.6732864 -20.6491146
v -7.47349834 33.5580444 -43.7445297
v 2.70386072E-16 0.89992094 -37.5221672
v 24.832283 31.4954834 -49.1390305
v 24.9696083 31.8878822 -49.2189636
v 20.840498 36.078743 -45.1087608
v 20.7042675 35.8284378 -45.3374825
v 15.9045849 39.3196564 -42.3214912
v 15.6955833 38.9244118 -42.0031738
v 11.2732639 43.4801559 -38.8932724
v 11.0974092 43.0445938 -38.7604065
v 6.26105118 47.1975365 -36.4250793
v 6.02135277 46.8735542 -35.8192062
v 2.07965612 51.9297638 -33.1241951
v 1.96543241 51.9403954 -32.3102341
v 1.45761029E-16 56.0335999 -30.603302
v 7.65189395E-16 56.0249443 -29.8114758
v 2.1762681 59.5871391 -28.2810631
v -1.18067155E-16 59.6546402 -28.1902905
v 1.45761029E-16 56.0335999 -30.603302
v 3.09383821 57.1961937 -27.9801254
v 4.89269924 61.2710838 -28.0668812
v 6.00624275 52.2291489 -31.0380459
v 2.07965612 51.9297638 -33.1241951
v 5.06021738 57.6968575 -26.7608395
v 7.25863552 57.1915092 -24.0773888
v 7.82376766 63.3949089 -27.211935
v 10.5374241 47.1263275 -33.7248459
v 6.26105118 47.1975365 -36.4250793
v 11.2732639 43.4801559 -38.8932724
v 8.98538494 52.8911667 -29.1529102
v 14.8183069 43.2948875 -35.7065048
v 15.9045849 39.3196564 -42.3214912
v 14.5294886 47.9872971 -30.5030842
v 18.7664871 39.3819618 -38.5294914
v 20.840498 36.078743 -45.1087608
v 11.559536 59.9089851 -21.2005424
v 9.86013126 65.9569168 -26.3382912
v 10.9629841 53.290596 -26.2504826
v 18.1017838 43.6786194 -31.7410202
v 19.3515034 44.5404892 -25.286211
v 15.7862473 48.4794006 -27.6039753
v 11.9836483 52.6832008 -22.515728
v 21.3439064 39.4141731 -35.1476402
v 22.933115 35.993988 -41.0146255
v 7.78371239 56.3566437 -20.14884
v 16.175293 48.4379005 -24.286562
v 27.9251595 32.2732353 -44.3738441
v 24.9696083 31.8878822 -49.2189636
v 24.832283 31.4954834 -49.1390305
v 27.7130718 31.8749657 -44.2230148
v 32.0593872 32.7856827 -39.0464516
v 32.063118 32.4809799 -38.9837646
v 25.2367935 36.0769997 -36.7786369
v 34.5456047 33.2100601 -29.8073769
v 34.5456047 32.9205437 -29.8849525
v 30.9114914 26.7636356 -22.1205177
v 23.9864426 39.6940918 -27.1287899
v 29.1251392 35.9170341 -28.6100922
v 30.9064426 27.0163441 -21.7562771
v 24.580204 30.155571 -21.0031395
v 27.649168 21.0940151 -18.1514893
v 27.5938606 20.8965626 -18.7176514
v 20.0479336 34.1437492 -20.2781506
v 23.8535843 16.1059341 -15.0525904
v 23.807354 15.8978233 -15.5543003
v 19.8270016 13.1496801 -13.2041779
v 21.653347 26.1471062 -17.3633041
v 17.3180943 21.1059055 -13.5757256
v 19.8851929 13.6247406 -12.7066803
v 15.5169001 12.5964336 -11.207571
v 15.6136227 13.1441231 -10.7623138
v 9.76147842 14.1119862 -9.28754425
v 10.076313 14.7170525 -9.05182457
v 4.46173382 16.5807762 -4.52643204
v 18.468523 30.11936 -16.5623989
v 4.76954651 16.8529243 -4.29137993
v -9.68288572E-16 17.7722759 -0.783351898
v -6.29471741E-17 18.1008186 -0.280601501
v 9.45205021 25.0407448 -11.604434
v 4.94249535 25.475872 -7.45291519
v 7.10433214E-16 25.1796455 -3.95967102
v 13.8907089 27.9813576 -13.9196177
v 17.570158 39.2193298 -19.3933887
v 5.46913004 33.4523849 -8.37672615
v -9.86995295E-16 33.7184753 -5.4733181
v 10.5184441 35.0274239 -13.0432949
v 14.4114485 36.6743889 -15.483449
v 14.7024612 43.6734962 -18.0902252
v 5.0721488 39.7976952 -8.96818256
v -4.97270756E-16 39.4213486 -6.30004311
v 10.9172573 40.9929047 -13.5541468
v 11.6184254 47.3027191 -17.0448532
v 4.38298798 44.1973152 -8.81470966
v -2.59553183E-16 44.3893242 -7.27164841
v 2.93847323E-16 48.1922646 -7.88106823
v 7.8711319 45.4893265 -12.2507925
v 10.8752337 51.6007462 -19.3397141
v 9.28038883 49.9882584 -15.4739399
v 5.25299835 49.1240959 -11.4649324
v 3.90679598 53.6039162 -10.8813686
v 1.77202853E-16 52.6422806 -8.46190262
v 7.20692301 54.7974434 -15.038229
v 11.5382786 58.4943924 -17.7760963
v 4.32071829 57.81567 -2.83238411
v -8.57203272E-16 57.5084686 -1.43718338
v -3.34804066E-16 62.6703529 1.58497238
v 14.2678823 60.6704636 -10.5071135
v 14.540266 63.9054413 -20.3631268
v 11.157753 68.8238449 -25.3888741
v 9.49189949 58.7446899 -5.34549332
v 4.95070457 63.1674271 -0.388139725
v 15.494956 62.3630791 -14.8426533
v 14.2673368 66.1469879 -10.3733206
v 9.27403927 64.0807571 -3.11222076
v 5.0675621 68.5863266 2.00987148
v 9.804886E-16 68.1408081 3.66554928
v 16.2478924 68.6874771 -19.315218
v 11.2230291 75.5780106 -21.3198338
v 9.17862415 73.5243073 -25.2082596
v 8.41754055 79.5895996 -22.0594082
v 7.27290964 76.438736 -25.366394
v 5.47692633 78.8166962 -25.620594
v 3.20887709 80.9759598 -25.9869194
v 14.7954731 71.9675446 -16.0338669
v 8.72995853 70.646225 -0.883060455
v 3.1672647 73.9907303 3.90143394
v -1.05950534E-15 74.3593445 5.95664692
v 4.34689665 83.945282 -21.8973122
v -5.04060254E-16 83.0374832 -26.8985901
v -1.85286721E-15 86.0916061 -22.005619
v -2.02060599E-15 87.4628143 -16.2163506
v 4.64796782 85.0100403 -16.2597752
v -1.19727027E-15 87.6705017 -10.4928503
v 8.99554729 80.2869568 -16.3293648
v 4.66284275 85.1138 -11.7852345
v 4.49032879 84.4738235 -8.01938438
v 9.9535551E-16 86.9740601 -4.70814323
v 8.47572041 81.911911 -12.2590141
v 3.93887329 82.2841721 -0.768083572
v 1.1803167E-15 83.8763809 2.54666328
v 12.8850422 75.6833496 -12.1472626
v 7.61637163 80.6538544 -4.48064518
v 2.4053762 78.5971375 4.97187233
v 5.77938468E-16 79.6005936 7.36538887
v 5.68050194 78.6017914 1.62941265
v 7.34093857 74.0223312 0.509710312
v 8.47937775 77.4194946 -1.19885063
v 11.0827827 78.0849533 -8.8676405
v 12.299078 74.6142273 -6.33140373
v 12.2591047 75.5107498 -8.10855865
v 12.6688299 75.4043655 -10.0022926
v 13.4601955 74.1016693 -10.7944393
v 12.4585314 71.5626678 -6.45842743
v 14.1459332 72.1033554 -9.32186508
v 13.6334257 71.7944641 -6.55596542
v 12.9040613 73.090332 -5.75748825
v 12.9040613 73.090332 -5.75748825
v 13.6884689 73.1218948 -4.97152138
v 13.6334257 71.7944641 -6.55596542
v 14.8790684 71.9245529 -7.1658535
v 15.4324894 73.5012741 -2.49957561
v 14.1459332 72.1033554 -9.32186508
v 16.590807 71.2775879 -3.91483879
v 19.3144894 74.2521362 -3.52456474
v 15.5684414 72.0123138 -9.39632607
v 18.1133385 70.9127884 -7.39920044
v 20.2754955 72.6713715 -4.51986885
v 15.1544752 74.5360107 -11.211463
v 13.4601955 74.1016693 -10.7944393
v 14.1923971 76.1352081 -10.2299156
v 12.6688299 75.4043655 -10.0022926
v 13.348177 76.2391663 -7.78206253
v 12.2591047 75.5107498 -8.10855865
v 12.299078 74.6142273 -6.33140373
v 18.579319 72.0218353 -10.5993423
v 17.8868752 74.6928711 -11.961937
v 16.6016331 77.1271133 -10.8707218
v 20.9343452 72.5264587 -6.52202415
v 21.3306389 73.453949 -9.30826378
v 26.3582077 74.7072906 -5.29779148
v 21.0565739 75.7470169 -9.96276665
v 15.1503162 78.6170807 -7.1133604
v 24.4089012 77.2922745 -9.07813835
v 19.3071785 77.3410645 -9.35066986
v 24.0645485 75.2080002 -2.03229237
v 21.4481964 76.3258514 -1.29066467
v 19.4659843 78.2335968 -2.38677597
v 22.4197006 78.3898315 -1.17358875
v 19.5621986 80.8300781 -2.62417698
v 25.7398262 78.4932709 -4.23267078
v 24.7788086 79.6601257 -7.95406294
v 21.6983795 78.6633453 -9.04491997
v 18.0581093 77.4228058 -5.4898119
v 24.9651337 81.1439819 -3.95126629
v 21.8994255 80.3795776 -1.28445816
v 19.5097427 85.0265808 -2.12229538
v 17.891777 84.8997192 -3.6072197
v 12.9753857 94.7501678 -6.11855793
v 22.3526268 86.0923615 -3.96530533
v 24.2659988 82.2570038 -6.72319269
v 21.6840801 86.906395 -6.03064632
v 21.2201061 82.7809296 -7.48993683
v 19.6038017 86.6579742 -7.21265984
v 17.891777 84.8997192 -3.6072197
v 19.5621986 80.8300781 -2.62417698
v 19.4659843 78.2335968 -2.38677597
v 19.3144894 74.2521362 -3.52456474
v 14.6046553 76.8551254 -4.62455273
v 15.4324894 73.5012741 -2.49957561
v 13.14643 75.0809021 -5.6694355
v 13.6884689 73.1218948 -4.97152138
v 12.9040613 73.090332 -5.75748825
v 2.1762681 59.5871391 -28.2810631
v -5.83717403E-17 57.2381439 -24.0635414
v -1.18067155E-16 59.6546402 -28.1902905
v 4.89269924 61.2710838 -28.0668812
v 5.86475086 57.9706078 -22.7804432
v -5.56910081E-16 65.6073761 -14.9812756
v 9.57759762 59.9297371 -21.4889469
v 7.82376766 63.3949089 -27.211935
v 9.86013126 65.9569168 -26.3382912
v 12.3525276 62.441185 -20.8375435
v 11.157753 68.8238449 -25.3888741
v 13.1317959 65.8584137 -21.4281712
v 9.17862415 73.5243073 -25.2082596
v 12.2444801 69.6552429 -21.5387115
v 7.27290964 76.438736 -25.366394
v 9.94759941 74.3182373 -21.7093353
v 5.47692633 78.8166962 -25.620594
v 7.32634449 78.1332855 -21.3517895
v 3.20887709 80.9759598 -25.9869194
v 3.9294467 80.6870193 -21.4950294
v -8.79687867E-16 82.974472 -22.124382
v -5.04060254E-16 83.0374832 -26.8985901
v 27.7130718 31.8749657 -44.2230148
v 24.832283 31.4954834 -49.1390305
v 20.7042675 35.8284378 -45.3374825
v 22.5244427 35.7580643 -41.2824478
v 32.063118 32.4809799 -38.9837646
v 18.3578167 39.1006432 -38.7491493
v 15.6955833 38.9244118 -42.0031738
v 20.9352341 39.1328545 -35.3672943
v 24.8281212 35.8410759 -37.046463
v 34.5456047 32.9205437 -29.8849525
v 23.5777702 39.3493347 -27.2211685
v 28.7164669 35.5722809 -28.702467
v 30.9114914 26.7636356 -22.1205177
v 24.1715298 29.8108158 -21.0955162
v 19.6392612 33.798996 -20.3705292
v 27.5938606 20.8965626 -18.7176514
v 21.2446747 25.8023529 -17.4556808
v 18.0598526 29.7746048 -16.6547775
v 16.9094238 20.7611504 -13.6681004
v 23.807354 15.8978233 -15.5543003
v 13.4820375 27.6366005 -14.0119944
v 19.8270016 13.1496801 -13.2041779
v 15.5169001 12.5964336 -11.207571
v 9.76147842 14.1119862 -9.28754425
v 9.04337883 24.6959915 -11.6968126
v 4.46173382 16.5807762 -4.52643204
v 4.53382397 25.1311188 -7.54528999
v -9.68288572E-16 17.7722759 -0.783351898
v -1.14329045E-15 24.8593826 -4.34088707
v 4.53382397 25.1311188 -7.54528999
v -2.31095046E-16 53.5877762 -13.1351585
v -1.14329045E-15 24.8593826 -4.34088707
v 9.04337883 24.6959915 -11.6968126
v 13.4820375 27.6366005 -14.0119944
v 18.0598526 29.7746048 -16.6547775
v 19.6392612 33.798996 -20.3705292
v 23.5777702 39.3493347 -27.2211685
v 20.9352341 39.1328545 -35.3672943
v 15.7445412 43.2133598 -33.293129
v 18.3578167 39.1006432 -38.7491493
v 11.0974092 43.0445938 -38.7604065
v 15.6955833 38.9244118 -42.0031738
v 6.02135277 46.8735542 -35.8192062
v 8.97148132 44.9495735 -30.8383293
v 1.96543241 51.9403954 -32.3102341
v 5.30313301 49.3460312 -26.8201942
v 5.04527135E-17 56.3878212 -27.1303177
v 7.65189395E-16 56.0249443 -29.8114758
v -24.832283 31.4954834 -49.1390305
v -20.840498 36.078743 -45.1087608
v -24.9696083 31.8878822 -49.2189636
v -20.7042675 35.8284378 -45.3374825
v -15.9045849 39.3196564 -42.3214912
v -15.6955833 38.9244118 -42.0031738
v -11.2732639 43.4801559 -38.8932724
v -11.0974092 43.0445938 -38.7604065
v -6.26105118 47.1975365 -36.4250793
v -6.02135277 46.8735542 -35.8192062
v -2.07965612 51.9297638 -33.1241951
v -1.96543241 51.9403954 -32.3102341
v 1.45761029E-16 56.0335999 -30.603302
v 7.65189395E-16 56.0249443 -29.8114758
v -2.1762681 59.5871391 -28.2810631
v 1.45761029E-16 56.0335999 -30.603302
v -1.18067155E-16 59.6546402 -28.1902905
v -3.09383821 57.1961937 -27.9801254
v -4.89269924 61.2710838 -28.0668812
v -6.00624275 52.2291489 -31.0380459
v -2.07965612 51.9297638 -33.1241951
v -5.06021738 57.6968575 -26.7608395
v -7.25863552 57.1915092 -24.0773888
v -7.82376766 63.3949089 -27.211935
v -10.5374241 47.1263275 -33.7248459
v -6.26105118 47.1975365 -36.4250793
v -11.2732639 43.4801559 -38.8932724
v -8.98538494 52.8911667 -29.1529102
v -14.8183069 43.2948875 -35.7065048
v -15.9045849 39.3196564 -42.3214912
v -14.5294886 47.9872971 -30.5030842
v -18.7664871 39.3819618 -38.5294914
v -20.840498 36.078743 -45.1087608
v -11.559536 59.9089851 -21.2005424
v -9.86013126 65.9569168 -26.3382912
v -10.9629841 53.290596 -26.2504826
v -18.1017838 43.6786194 -31.7410202
v -19.3515034 44.5404892 -25.286211
v -15.7862473 48.4794006 -27.6039753
v -11.9836483 52.6832008 -22.515728
v -21.3439064 39.4141731 -35.1476402
v -22.933115 35.993988 -41.0146255
v -7.78371239 56.3566437 -20.14884
v -14.540266 63.9054413 -20.3631268
v -11.157753 68.8238449 -25.3888741
v -16.175293 48.4379005 -24.286562
v -27.9251595 32.2732353 -44.3738441
v -24.9696083 31.8878822 -49.2189636
v -24.832283 31.4954834 -49.1390305
v -27.7130718 31.8749657 -44.2230148
v -32.0593872 32.7856827 -39.0464516
v -32.063118 32.4809799 -38.9837646
v -25.2367935 36.0769997 -36.7786369
v -34.5456047 33.2100601 -29.8073769
v -34.5456047 32.9205437 -29.8849525
v -30.9114914 26.7636356 -22.1205177
v -23.9864426 39.6940918 -27.1287899
v -29.1251392 35.9170341 -28.6100922
v -30.9064426 27.0163441 -21.7562771
v -24.580204 30.155571 -21.0031395
v -27.649168 21.0940151 -18.1514893
v -27.5938606 20.8965626 -18.7176514
v -20.0479336 34.1437492 -20.2781506
v -21.653347 26.1471062 -17.3633041
v -23.8535843 16.1059341 -15.0525904
v -17.3180943 21.1059055 -13.5757256
v -23.807354 15.8978233 -15.5543003
v -19.8270016 13.1496801 -13.2041779
v -19.8851929 13.6247406 -12.7066803
v -15.5169001 12.5964336 -11.207571
v -15.6136227 13.1441231 -10.7623138
v -9.76147842 14.1119862 -9.28754425
v -10.076313 14.7170525 -9.05182457
v -4.46173382 16.5807762 -4.52643204
v -18.468523 30.11936 -16.5623989
v -4.76954651 16.8529243 -4.29137993
v -9.68288572E-16 17.7722759 -0.783351898
v -6.29471741E-17 18.1008186 -0.280601501
v -9.45205021 25.0407448 -11.604434
v -4.94249535 25.475872 -7.45291519
v 7.10433214E-16 25.1796455 -3.95967102
v -13.8907089 27.9813576 -13.9196177
v -17.570158 39.2193298 -19.3933887
v -10.5184441 35.0274239 -13.0432949
v -5.46913004 33.4523849 -8.37672615
v -9.86995295E-16 33.7184753 -5.4733181
v -14.4114485 36.6743889 -15.483449
v -14.7024612 43.6734962 -18.0902252
v -5.0721488 39.7976952 -8.96818256
v -4.97270756E-16 39.4213486 -6.30004311
v -10.9172573 40.9929047 -13.5541468
v -11.6184254 47.3027191 -17.0448532
v -4.38298798 44.1973152 -8.81470966
v -2.59553183E-16 44.3893242 -7.27164841
v 2.93847323E-16 48.1922646 -7.88106823
v -7.8711319 45.4893265 -12.2507925
v -10.8752337 51.6007462 -19.3397141
v -9.28038883 49.9882584 -15.4739399
v -5.25299835 49.1240959 -11.4649324
v -3.90679598 53.6039162 -10.8813686
v 1.77202853E-16 52.6422806 -8.46190262
v -7.20692301 54.7974434 -15.038229
v -11.5382786 58.4943924 -17.7760963
v -14.2678823 60.6704636 -10.5071135
v -4.32071829 57.81567 -2.83238411
v -8.57203272E-16 57.5084686 -1.43718338
v -3.34804066E-16 62.6703529 1.58497238
v -15.494956 62.3630791 -14.8426533
v -14.2673368 66.1469879 -10.3733206
v -16.2478924 68.6874771 -19.315218
v -9.49189949 58.7446899 -5.34549332
v -4.95070457 63.1674271 -0.388139725
v -9.27403927 64.0807571 -3.11222076
v -5.0675621 68.5863266 2.00987148
v 9.804886E-16 68.1408081 3.66554928
v -11.2230291 75.5780106 -21.3198338
v -9.17862415 73.5243073 -25.2082596
v -8.41754055 79.5895996 -22.0594082
v -7.27290964 76.438736 -25.366394
v -5.47692633 78.8166962 -25.620594
v -3.20887709 80.9759598 -25.9869194
v -14.7954731 71.9675446 -16.0338669
v -8.72995853 70.646225 -0.883060455
v -3.1672647 73.9907303 3.90143394
v -1.05950534E-15 74.3593445 5.95664692
v -4.34689665 83.945282 -21.8973122
v -5.04060254E-16 83.0374832 -26.8985901
v -1.85286721E-15 86.0916061 -22.005619
v -2.02060599E-15 87.4628143 -16.2163506
v -4.64796782 85.0100403 -16.2597752
v -1.19727027E-15 87.6705017 -10.4928503
v -8.99554729 80.2869568 -16.3293648
v -4.66284275 85.1138 -11.7852345
v -4.49032879 84.4738235 -8.01938438
v 9.9535551E-16 86.9740601 -4.70814323
v -8.47572041 81.911911 -12.2590141
v -3.93887329 82.2841721 -0.768083572
v 1.1803167E-15 83.8763809 2.54666328
v -12.8850422 75.6833496 -12.1472626
v -7.61637163 80.6538544 -4.48064518
v -2.4053762 78.5971375 4.97187233
v 5.77938468E-16 79.6005936 7.36538887
v -5.68050194 78.6017914 1.62941265
v -7.34093857 74.0223312 0.509710312
v -8.47937775 77.4194946 -1.19885063
v -11.0827827 78.0849533 -8.8676405
v -12.299078 74.6142273 -6.33140373
v -12.2591047 75.5107498 -8.10855865
v -12.6688299 75.4043655 -10.0022926
v -13.4601955 74.1016693 -10.7944393
v -12.4585314 71.5626678 -6.45842743
v -14.1459332 72.1033554 -9.32186508
v -13.6334257 71.7944641 -6.55596542
v -12.9040613 73.090332 -5.75748825
v -12.9040613 73.090332 -5.75748825
v -13.6334257 71.7944641 -6.55596542
v -13.6884689 73.1218948 -4.97152138
v -14.8790684 71.9245529 -7.1658535
v -15.4324894 73.5012741 -2.49957561
v -14.1459332 72.1033554 -9.32186508
v -16.590807 71.2775879 -3.91483879
v -19.3144894 74.2521362 -3.52456474
v -15.5684414 72.0123138 -9.39632607
v -18.1133385 70.9127884 -7.39920044
v -20.2754955 72.6713715 -4.51986885
v -15.1544752 74.5360107 -11.211463
v -13.4601955 74.1016693 -10.7944393
v -14.1923971 76.1352081 -10.2299156
v -12.6688299 75.4043655 -10.0022926
v -13.348177 76.2391663 -7.78206253
v -12.2591047 75.5107498 -8.10855865
v -12.299078 74.6142273 -6.33140373
v -18.579319 72.0218353 -10.5993423
v -17.8868752 74.6928711 -11.961937
v -16.6016331 77.1271133 -10.8707218
v -20.9343452 72.5264587 -6.52202415
v -21.3306389 73.453949 -9.30826378
v -26.3582077 74.7072906 -5.29779148
v -21.0565739 75.7470169 -9.96276665
v -15.1503162 78.6170807 -7.1133604
v -24.4089012 77.2922745 -9.07813835
v -19.3071785 77.3410645 -9.35066986
v -24.0645485 75.2080002 -2.03229237
v -21.4481964 76.3258514 -1.29066467
v -19.4659843 78.2335968 -2.38677597
v -22.4197006 78.3898315 -1.17358875
v -19.5621986 80.8300781 -2.62417698
v -25.7398262 78.4932709 -4.23267078
v -24.7788086 79.6601257 -7.95406294
v -21.6983795 78.6633453 -9.04491997
v -18.0581093 77.4228058 -5.4898119
v -24.9651337 81.1439819 -3.95126629
v -21.8994255 80.3795776 -1.28445816
v -19.5097427 85.0265808 -2.12229538
v -17.891777 84.8997192 -3.6072197
v -12.9753857 94.7501678 -6.11855793
v -22.3526268 86.0923615 -3.96530533
v -24.2659988 82.2570038 -6.72319269
v -21.6840801 86.906395 -6.03064632
v -21.2201061 82.7809296 -7.48993683
v -19.6038017 86.6579742 -7.21265984
v -17.891777 84.8997192 -3.6072197
v -19.5621986 80.8300781 -2.62417698
v -19.4659843 78.2335968 -2.38677597
v -19.3144894 74.2521362 -3.52456474
v -14.6046553 76.8551254 -4.62455273
v -15.4324894 73.5012741 -2.49957561
v -13.14643 75.0809021 -5.6694355
v -13.6884689 73.1218948 -4.97152138
v -12.9040613 73.090332 -5.75748825
v -2.1762681 59.5871391 -28.2810631
v -1.18067155E-16 59.6546402 -28.1902905
v -5.83717403E-17 57.2381439 -24.0635414
v -4.89269924 61.2710838 -28.0668812
v -5.86475086 57.9706078 -22.7804432
v -5.56910081E-16 65.6073761 -14.9812756
v -9.57759762 59.9297371 -21.4889469
v -7.82376766 63.3949089 -27.211935
v -9.86013126 65.9569168 -26.3382912
v -12.3525276 62.441185 -20.8375435
v -11.157753 68.8238449 -25.3888741
v -13.1317959 65.8584137 -21.4281712
v -9.17862415 73.5243073 -25.2082596
v -12.2444801 69.6552429 -21.5387115
v -7.27290964 76.438736 -25.366394
v -9.94759941 74.3182373 -21.7093353
v -5.47692633 78.8166962 -25.620594
v -7.32634449 78.1332855 -21.3517895
v -3.20887709 80.9759598 -25.9869194
v -3.9294467 80.6870193 -21.4950294
v -8.79687867E-16 82.974472 -22.124382
v -5.04060254E-16 83.0374832 -26.8985901
v -27.7130718 31.8749657 -44.2230148
v -20.7042675 35.8284378 -45.3374825
v -24.832283 31.4954834 -49.1390305
v -22.5244427 35.7580643 -41.2824478
v -32.063118 32.4809799 -38.9837646
v -18.3578167 39.1006432 -38.7491493
v -15.6955833 38.9244118 -42.0031738
v -20.9352341 39.1328545 -35.3672943
v -24.8281212 35.8410759 -37.046463
v -34.5456047 32.9205437 -29.8849525
v -23.5777702 39.3493347 -27.2211685
v -28.7164669 35.5722809 -28.702467
v -30.9114914 26.7636356 -22.1205177
v -24.1715298 29.8108158 -21.0955162
v -19.6392612 33.798996 -20.3705292
v -27.5938606 20.8965626 -18.7176514
v -21.2446747 25.8023529 -17.4556808
v -18.0598526 29.7746048 -16.6547775
v -16.9094238 20.7611504 -13.6681004
v -23.807354 15.8978233 -15.5543003
v -13.4820375 27.6366005 -14.0119944
v -19.8270016 13.1496801 -13.2041779
v -15.5169001 12.5964336 -11.207571
v -9.76147842 14.1119862 -9.28754425
v -9.04337883 24.6959915 -11.6968126
v -4.46173382 16.5807762 -4.52643204
v -4.53382397 25.1311188 -7.54528999
v -9.68288572E-16 17.7722759 -0.783351898
v -1.14329045E-15 24.8593826 -4.34088707
v -4.53382397 25.1311188 -7.54528999
v -1.14329045E-15 24.8593826 -4.34088707
v -2.31095046E-16 53.5877762 -13.1351585
v -9.04337883 24.6959915 -11.6968126
v -13.4820375 27.6366005 -14.0119944
v -18.0598526 29.7746048 -16.6547775
v -19.6392612 33.798996 -20.3705292
v -23.5777702 39.3493347 -27.2211685
v -20.9352341 39.1328545 -35.3672943
v -15.7445412 43.2133598 -33.293129
v -18.3578167 39.1006432 -38.7491493
v -11.0974092 43.0445938 -38.7604065
v -15.6955833 38.9244118 -42.0031738
v -6.02135277 46.8735542 -35.8192062
v -8.97148132 44.9495735 -30.8383293
v -1.96543241 51.9403954 -32.3102341
v -5.30313301 49.3460312 -26.8201942
v 5.04527135E-17 56.3878212 -27.1303177
v 7.65189395E-16 56.0249443 -29.8114758
v -19.6274872 54.8995552 -25.3507271
v -17.6950359 58.0148354 -25.7711315
v -18.7633553 58.3104362 -26.0511665
v -18.438549 55.0800362 -25.1684647
v -19.4946518 52.7662125 -22.9949703
v -18.3242683 53.2444382 -23.1415424
v -18.1642399 53.6822968 -20.0547676
v -16.3348274 60.4365768 -24.1418457
v -17.1824989 61.1251297 -24.1575413
v -15.1900883 61.2248344 -21.6120243
v -15.8520527 62.0411949 -21.2173386
v -15.0758152 59.3893013 -19.5850773
v -15.7192345 59.9078712 -18.8615799
v -15.8193378 56.4544525 -18.9824295
v -16.5833778 56.496994 -18.1611404
v -17.1795502 54.0326653 -20.6117306
v 19.6274872 54.8995552 -25.3507271
v 18.7633553 58.3104362 -26.0511665
v 17.6950359 58.0148354 -25.7711315
v 18.438549 55.0800362 -25.1684647
v 19.4946537 52.7662125 -22.9949703
v 18.3242683 53.2444382 -23.1415424
v 18.1642399 53.6822968 -20.0547676
v 16.3348274 60.4365768 -24.1418419
v 17.1824989 61.1251297 -24.1575413
v 15.1900883 61.2248344 -21.6120243
v 15.8520546 62.0411949 -21.2173386
v 15.0758152 59.3893013 -19.5850773
v 15.7192345 59.9078712 -18.8615799
v 15.8193359 56.4544525 -18.9824295
v 16.5833778 56.496994 -18.1611404
v 17.1795502 54.0326653 -20.6117306
v -19.6274872 54.8995552 -25.3507271
v -18.7633553 58.3104362 -26.0511665
v -19.5273895 58.3529625 -25.2298775
v -20.2709026 55.4181442 -24.6272144
v -19.4946518 52.7662125 -22.9949703
v -20.1566296 53.5825653 -22.6002884
v -18.1642399 53.6822968 -20.0547676
v -18.1671867 60.7748489 -23.6005478
v -17.1824989 61.1251297 -24.1575413
v -17.0224514 61.5629501 -21.0707722
v -15.8520527 62.0411949 -21.2173386
v -16.9081821 59.7274475 -19.0438232
v -15.7192345 59.9078712 -18.8615799
v -17.6516972 56.792572 -18.4411774
v -16.5833778 56.496994 -18.1611404
v -19.0118942 54.3708572 -20.0704536
v 19.6274872 54.8995552 -25.3507271
v 19.5273914 58.3529625 -25.2298775
v 18.7633553 58.3104362 -26.0511665
v 20.2709026 55.4181442 -24.6272144
v 19.4946537 52.7662125 -22.9949703
v 20.1566296 53.5825653 -22.6002884
v 18.1642399 53.6822968 -20.0547676
v 18.1671867 60.7748489 -23.6005478
v 17.1824989 61.1251297 -24.1575413
v 17.0224514 61.5629501 -21.0707722
v 15.8520546 62.0411949 -21.2173386
v 16.9081821 59.7274475 -19.0438232
v 15.7192345 59.9078712 -18.8615799
v 17.6516972 56.792572 -18.4411774
v 16.5833778 56.496994 -18.1611404
v 19.0118942 54.3708572 -20.0704536
vt 0.0726928711 0.268066406
vt 0.0612487793 0.388427734
vt 0.114990234 0.388427734
vt 0.630371094 0.0426025391
vt 0.552734375 0.419921875
vt 0.73046875 0.419921875
vt 0.422363281 0.0428466797
vt 0.274902344 0.402587891
vt 0.471679688 0.402587891
vt 0.17590332 0.261230469
vt 0.150634766 0.392333984
vt 0.206420898 0.392333984
vt 0.623046875 0.0152282715
vt 0.445068359 0.0152282715
vt 0.528808594 0.361572266
vt 0.417236328 0.0117645264
vt 0.220581055 0.0117645264
vt 0.258056641 0.267333984
vt 0.206298828 0.405273438
vt 0.150634766 0.405273438
vt 0.170532227 0.4921875
vt 0.114990234 0.401367188
vt 0.0613098145 0.401367188
vt 0.0709228516 0.481933594
vt 0.190917969 0.553222656
vt 0.234130859 0.433349609
vt 0.190917969 0.553222656
vt 0.127929688 0.412109375
vt 0.0980224609 0.534179688
vt 0.169555664 0.534179688
vt 0.81640625 0.06640625
vt 0.815429688 0.384033203
vt 0.996582031 0.383544922
vt 0.016784668 0.399658203
vt 0.0261688232 0.534179688
vt 0.0875854492 0.534179688
vt 0.62890625 0.0102157593
vt 0.756835938 0.275146484
vt 0.814941406 0.0102157593
vt 0.0265808105 0.547363281
vt 0.075012207 0.659667969
vt 0.0878295898 0.547363281
vt 0.0980834961 0.547363281
vt 0.153808594 0.634277344
vt 0.169555664 0.547363281
vt 0.246337891 0.77734375
vt 0.263671875 0.782226562
vt 0.270263672 0.784179688
vt 0.246337891 0.77734375
vt 0.270263672 0.784179688
vt 0.263671875 0.782226562
vt 0.204711914 0.549804688
vt 0.204345703 0.549804688
vt 0.232055664 0.602050781
vt 0.204345703 0.549316406
vt 0.204711914 0.549316406
vt 0.234130859 0.433349609
vt 0.190917969 0.553222656
vt 0.233764648 0.541992188
vt 0.191040039 0.554199219
vt 0.233886719 0.541503906
vt 0.191040039 0.554199219
vt 0.190917969 0.553222656
vt 0.232055664 0.602050781
vt 0.234375 0.541992188
vt 0.232055664 0.602050781
vt 0.234375 0.541503906
vt 0.234130859 0.433349609
vt 0.270751953 0.527832031
vt 0.270751953 0.52734375
vt 0.271240234 0.527832031
vt 0.232055664 0.602050781
vt 0.271240234 0.52734375
vt 0.234130859 0.433349609
vt 0.271240234 0.527832031
vt 0.271240234 0.52734375
vt 0.204711914 0.549804688
vt 0.232055664 0.602050781
vt 0.204345703 0.549804688
vt 0.204345703 0.549316406
vt 0.190917969 0.553222656
vt 0.191040039 0.554199219
vt 0.204711914 0.549316406
vt 0.234130859 0.433349609
vt 0.233764648 0.541992188
vt 0.233886719 0.541503906
vt 0.234375 0.541992188
vt 0.232055664 0.602050781
vt 0.234375 0.541503906
vt 0.234130859 0.433349609
vt 0.270751953 0.527832031
vt 0.270751953 0.52734375
vt 0.271240234 0.527832031
vt 0.232055664 0.602050781
vt 0.271240234 0.52734375
vt 0.234130859 0.433349609
vt 0.328857422 0.959472656
vt 0.328369141 0.962402344
vt 0.323486328 0.962402344
vt 0.323486328 0.956542969
vt 0.318603516 0.962402344
vt 0.318603516 0.956542969
vt 0.314941406 0.962402344
vt 0.314941406 0.956542969
vt 0.310058594 0.962402344
vt 0.310058594 0.956542969
vt 0.306884766 0.962402344
vt 0.306884766 0.956542969
vt 0.303222656 0.962402344
vt 0.303222656 0.956542969
vt 0.432128906 0.940429688
vt 0.42578125 0.956054688
vt 0.455322266 0.964355469
vt 0.450195312 0.931152344
vt 0.422119141 0.924316406
vt 0.501953125 0.938476562
vt 0.502441406 0.979003906
vt 0.44921875 0.911621094
vt 0.452148438 0.87890625
vt 0.401123047 0.913574219
vt 0.567871094 0.943359375
vt 0.55859375 0.981445312
vt 0.616699219 0.976074219
vt 0.502441406 0.907714844
vt 0.620605469 0.942871094
vt 0.666015625 0.974121094
vt 0.5703125 0.903808594
vt 0.661621094 0.935058594
vt 0.711425781 0.964355469
vt 0.411376953 0.854980469
vt 0.374755859 0.912109375
vt 0.502441406 0.879394531
vt 0.616699219 0.900390625
vt 0.599609375 0.853515625
vt 0.55859375 0.875
vt 0.502441406 0.847167969
vt 0.658691406 0.900878906
vt 0.705078125 0.931152344
vt 0.452880859 0.838867188
vt 0.554199219 0.849609375
vt 0.755371094 0.926269531
vt 0.76171875 0.963378906
vt 0.765136719 0.963378906
vt 0.759277344 0.926269531
vt 0.754882812 0.880371094
vt 0.757324219 0.879882812
vt 0.702636719 0.8984375
vt 0.755371094 0.848144531
vt 0.757324219 0.848144531
vt 0.760253906 0.787109375
vt 0.661132812 0.854003906
vt 0.709472656 0.851074219
vt 0.756835938 0.786621094
vt 0.702148438 0.778320312
vt 0.767089844 0.735351562
vt 0.771972656 0.736328125
vt 0.654785156 0.778808594
vt 0.773925781 0.686035156
vt 0.778320312 0.686523438
vt 0.7734375 0.647460938
vt 0.706054688 0.732421875
vt 0.711425781 0.673828125
vt 0.768554688 0.648925781
vt 0.754882812 0.616699219
vt 0.750488281 0.619628906
vt 0.717773438 0.586914062
vt 0.714355469 0.591308594
vt 0.672363281 0.553222656
vt 0.666015625 0.734863281
vt 0.669921875 0.556152344
vt 0.639648438 0.520996094
vt 0.635253906 0.521484375
vt 0.650878906 0.647460938
vt 0.622558594 0.610351562
vt 0.59765625 0.570800781
vt 0.655273438 0.692382812
vt 0.609863281 0.787109375
vt 0.577636719 0.653808594
vt 0.549316406 0.615234375
vt 0.596191406 0.706054688
vt 0.60546875 0.743164062
vt 0.565917969 0.788574219
vt 0.538574219 0.682617188
vt 0.517578125 0.642578125
vt 0.560058594 0.737792969
vt 0.525878906 0.787109375
vt 0.508789062 0.696777344
vt 0.489990234 0.666015625
vt 0.470214844 0.682128906
vt 0.517089844 0.736328125
vt 0.498046875 0.817871094
vt 0.495605469 0.779296875
vt 0.483154297 0.731933594
vt 0.448486328 0.734863281
vt 0.446044922 0.693847656
vt 0.452636719 0.784667969
vt 0.415527344 0.825683594
vt 0.366699219 0.671386719
vt 0.372070312 0.63671875
vt 0.320068359 0.625488281
vt 0.364257812 0.770019531
vt 0.37109375 0.857421875
vt 0.344482422 0.912597656
vt 0.362060547 0.711914062
vt 0.319335938 0.665039062
vt 0.366455078 0.818359375
vt 0.322998047 0.775390625
vt 0.321777344 0.707519531
vt 0.264160156 0.680664062
vt 0.23840332 0.632324219
vt 0.33203125 0.859863281
vt 0.277587891 0.897460938
vt 0.299072266 0.927734375
vt 0.241577148 0.9140625
vt 0.269775391 0.938964844
vt 0.244384766 0.948242188
vt 0.219970703 0.959472656
vt 0.298828125 0.84765625
vt 0.26171875 0.73828125
vt 0.189697266 0.687011719
vt 0.172363281 0.651367188
vt 0.196289062 0.92578125
vt 0.192871094 0.977539062
vt 0.162109375 0.940917969
vt 0.137329102 0.895507812
vt 0.176147461 0.883300781
vt 0.121459961 0.846679688
vt 0.224487305 0.872070312
vt 0.164428711 0.848144531
vt 0.156860352 0.825195312
vt 0.113769531 0.802734375
vt 0.202758789 0.843261719
vt 0.147460938 0.770996094
vt 0.116210938 0.7421875
vt 0.260009766 0.830566406
vt 0.184936523 0.794433594
vt 0.151855469 0.684082031
vt 0.1328125 0.674316406
vt 0.176757812 0.733398438
vt 0.201049805 0.718261719
vt 0.200683594 0.751464844
vt 0.23034668 0.811035156
vt 0.246337891 0.77734375
vt 0.24987793 0.801269531
vt 0.256347656 0.814453125
vt 0.269287109 0.817382812
vt 0.270263672 0.784179688
vt 0.280517578 0.803222656
vt 0.271484375 0.7890625
vt 0.263671875 0.782226562
vt 0.783691406 0.414550781
vt 0.780273438 0.425048828
vt 0.80078125 0.416503906
vt 0.809082031 0.426757812
vt 0.758789062 0.460205078
vt 0.836425781 0.419189453
vt 0.785644531 0.462890625
vt 0.773925781 0.500976562
vt 0.834960938 0.432128906
vt 0.815429688 0.459960938
vt 0.793945312 0.490966797
vt 0.868652344 0.436767578
vt 0.869628906 0.421142578
vt 0.890625 0.436279297
vt 0.891113281 0.421142578
vt 0.915039062 0.43359375
vt 0.912597656 0.421386719
vt 0.934082031 0.422119141
vt 0.843261719 0.461669922
vt 0.8671875 0.462890625
vt 0.889160156 0.462646484
vt 0.815917969 0.488037109
vt 0.845703125 0.487548828
vt 0.828613281 0.522949219
vt 0.869140625 0.496337891
vt 0.919921875 0.463378906
vt 0.86328125 0.522949219
vt 0.892578125 0.493896484
vt 0.803710938 0.53125
vt 0.786132812 0.538085938
vt 0.767578125 0.556640625
vt 0.794921875 0.556640625
vt 0.781738281 0.587890625
vt 0.83203125 0.548339844
vt 0.865722656 0.543457031
vt 0.887207031 0.523925781
vt 0.933105469 0.497070312
vt 0.836914062 0.56640625
vt 0.799804688 0.573730469
vt 0.816894531 0.616699219
vt 0.806640625 0.6328125
vt 0.881835938 0.712890625
vt 0.84765625 0.604003906
vt 0.864746094 0.565917969
vt 0.868652344 0.607910156
vt 0.892578125 0.5703125
vt 0.888671875 0.613769531
vt 0.930175781 0.608886719
vt 0.943847656 0.557617188
vt 0.951171875 0.528320312
vt 0.974609375 0.497558594
vt 0.942871094 0.464355469
vt 0.975585938 0.4609375
vt 0.939453125 0.432617188
vt 0.957519531 0.426269531
vt 0.950195312 0.418212891
vt 0.948730469 0.645996094
vt 0.972167969 0.655273438
vt 0.956054688 0.640136719
vt 0.936035156 0.655273438
vt 0.954589844 0.669433594
vt 0.98828125 0.712402344
vt 0.9453125 0.681152344
vt 0.923339844 0.668945312
vt 0.914550781 0.684570312
vt 0.938476562 0.690917969
vt 0.912597656 0.703125
vt 0.931152344 0.700195312
vt 0.911621094 0.729980469
vt 0.927734375 0.711914062
vt 0.9140625 0.747558594
vt 0.927246094 0.731445312
vt 0.918457031 0.761230469
vt 0.931152344 0.748535156
vt 0.923828125 0.774414062
vt 0.937988281 0.763671875
vt 0.946289062 0.780761719
vt 0.928710938 0.789550781
vt 0.394287109 0.617675781
vt 0.39453125 0.631835938
vt 0.413085938 0.629882812
vt 0.413085938 0.617675781
vt 0.390625 0.598144531
vt 0.429931641 0.616699219
vt 0.431152344 0.629882812
vt 0.427734375 0.60546875
vt 0.411376953 0.60546875
vt 0.389160156 0.583007812
vt 0.423828125 0.588867188
vt 0.406982422 0.5859375
vt 0.397216797 0.556152344
vt 0.418457031 0.55859375
vt 0.435058594 0.564941406
vt 0.402832031 0.534667969
vt 0.425292969 0.541992188
vt 0.438476562 0.548828125
vt 0.434814453 0.521972656
vt 0.410400391 0.515625
vt 0.450439453 0.537597656
vt 0.419921875 0.503417969
vt 0.432128906 0.497070312
vt 0.450195312 0.494873047
vt 0.461181641 0.524902344
vt 0.471923828 0.4921875
vt 0.477539062 0.517578125
vt 0.488525391 0.487792969
vt 0.491943359 0.510742188
vt 0.477539062 0.517578125
vt 0.497314453 0.5703125
vt 0.491943359 0.510742188
vt 0.461181641 0.524902344
vt 0.450439453 0.537597656
vt 0.438476562 0.548828125
vt 0.435058594 0.564941406
vt 0.423828125 0.588867188
vt 0.427734375 0.60546875
vt 0.443115234 0.606445312
vt 0.429931641 0.616699219
vt 0.448730469 0.627441406
vt 0.431152344 0.629882812
vt 0.470458984 0.627929688
vt 0.468017578 0.609863281
vt 0.491699219 0.629882812
vt 0.490722656 0.608398438
vt 0.514160156 0.618164062
vt 0.510742188 0.625
vt 0.328857422 0.959472656
vt 0.323486328 0.962402344
vt 0.328369141 0.962402344
vt 0.323486328 0.956542969
vt 0.318603516 0.962402344
vt 0.318603516 0.956542969
vt 0.314941406 0.962402344
vt 0.314941406 0.956542969
vt 0.310058594 0.962402344
vt 0.310058594 0.956542969
vt 0.306884766 0.962402344
vt 0.306884766 0.956542969
vt 0.303222656 0.962402344
vt 0.303222656 0.956542969
vt 0.432128906 0.940429688
vt 0.455322266 0.964355469
vt 0.42578125 0.956054688
vt 0.450195312 0.931152344
vt 0.422119141 0.924316406
vt 0.501953125 0.938476562
vt 0.502441406 0.979003906
vt 0.44921875 0.911621094
vt 0.452148438 0.87890625
vt 0.401123047 0.913574219
vt 0.567871094 0.943359375
vt 0.55859375 0.981445312
vt 0.616699219 0.976074219
vt 0.502441406 0.907714844
vt 0.620605469 0.942871094
vt 0.666015625 0.974121094
vt 0.5703125 0.903808594
vt 0.661621094 0.935058594
vt 0.711425781 0.964355469
vt 0.411376953 0.854980469
vt 0.374755859 0.912109375
vt 0.502441406 0.879394531
vt 0.616699219 0.900390625
vt 0.599609375 0.853515625
vt 0.55859375 0.875
vt 0.502441406 0.847167969
vt 0.658691406 0.900878906
vt 0.705078125 0.931152344
vt 0.452880859 0.838867188
vt 0.37109375 0.857421875
vt 0.344482422 0.912597656
vt 0.554199219 0.849609375
vt 0.755371094 0.926269531
vt 0.76171875 0.963378906
vt 0.765136719 0.963378906
vt 0.759277344 0.926269531
vt 0.754882812 0.880371094
vt 0.757324219 0.879882812
vt 0.702636719 0.8984375
vt 0.755371094 0.848144531
vt 0.757324219 0.848144531
vt 0.760253906 0.787109375
vt 0.661132812 0.854003906
vt 0.709472656 0.851074219
vt 0.756835938 0.786621094
vt 0.702148438 0.778320312
vt 0.767089844 0.735351562
vt 0.771972656 0.736328125
vt 0.654785156 0.778808594
vt 0.706054688 0.732421875
vt 0.773925781 0.686035156
vt 0.711425781 0.673828125
vt 0.778320312 0.686523438
vt 0.7734375 0.647460938
vt 0.768554688 0.648925781
vt 0.754882812 0.616699219
vt 0.750488281 0.619628906
vt 0.717773438 0.586914062
vt 0.714355469 0.591308594
vt 0.672363281 0.553222656
vt 0.666015625 0.734863281
vt 0.669921875 0.556152344
vt 0.639648438 0.520996094
vt 0.635253906 0.521484375
vt 0.650878906 0.647460938
vt 0.622558594 0.610351562
vt 0.59765625 0.570800781
vt 0.655273438 0.692382812
vt 0.609863281 0.787109375
vt 0.596191406 0.706054688
vt 0.577636719 0.653808594
vt 0.549316406 0.615234375
vt 0.60546875 0.743164062
vt 0.565917969 0.788574219
vt 0.538574219 0.682617188
vt 0.517578125 0.642578125
vt 0.560058594 0.737792969
vt 0.525878906 0.787109375
vt 0.508789062 0.696777344
vt 0.489990234 0.666015625
vt 0.470214844 0.682128906
vt 0.517089844 0.736328125
vt 0.498046875 0.817871094
vt 0.495605469 0.779296875
vt 0.483154297 0.731933594
vt 0.448486328 0.734863281
vt 0.446044922 0.693847656
vt 0.452636719 0.784667969
vt 0.415527344 0.825683594
vt 0.364257812 0.770019531
vt 0.366699219 0.671386719
vt 0.372070312 0.63671875
vt 0.320068359 0.625488281
vt 0.366455078 0.818359375
vt 0.322998047 0.775390625
vt 0.33203125 0.859863281
vt 0.362060547 0.711914062
vt 0.319335938 0.665039062
vt 0.321777344 0.707519531
vt 0.264160156 0.680664062
vt 0.23840332 0.632324219
vt 0.277587891 0.897460938
vt 0.299072266 0.927734375
vt 0.241577148 0.9140625
vt 0.269775391 0.938964844
vt 0.244384766 0.948242188
vt 0.219970703 0.959472656
vt 0.298828125 0.84765625
vt 0.26171875 0.73828125
vt 0.189697266 0.687011719
vt 0.172363281 0.651367188
vt 0.196289062 0.92578125
vt 0.192871094 0.977539062
vt 0.162109375 0.940917969
vt 0.137329102 0.895507812
vt 0.176147461 0.883300781
vt 0.121459961 0.846679688
vt 0.224487305 0.872070312
vt 0.164428711 0.848144531
vt 0.156860352 0.825195312
vt 0.113769531 0.802734375
vt 0.202758789 0.843261719
vt 0.147460938 0.770996094
vt 0.116210938 0.7421875
vt 0.260009766 0.830566406
vt 0.184936523 0.794433594
vt 0.151855469 0.684082031
vt 0.1328125 0.674316406
vt 0.176757812 0.733398438
vt 0.201049805 0.718261719
vt 0.200683594 0.751464844
vt 0.23034668 0.811035156
vt 0.246337891 0.77734375
vt 0.24987793 0.801269531
vt 0.256347656 0.814453125
vt 0.269287109 0.817382812
vt 0.270263672 0.784179688
vt 0.280517578 0.803222656
vt 0.271484375 0.7890625
vt 0.263671875 0.782226562
vt 0.783691406 0.414550781
vt 0.80078125 0.416503906
vt 0.780273438 0.425048828
vt 0.809082031 0.426757812
vt 0.758789062 0.460205078
vt 0.836425781 0.419189453
vt 0.785644531 0.462890625
vt 0.773925781 0.500976562
vt 0.834960938 0.432128906
vt 0.815429688 0.459960938
vt 0.793945312 0.490966797
vt 0.868652344 0.436767578
vt 0.869628906 0.421142578
vt 0.890625 0.436279297
vt 0.891113281 0.421142578
vt 0.915039062 0.43359375
vt 0.912597656 0.421386719
vt 0.934082031 0.422119141
vt 0.843261719 0.461669922
vt 0.8671875 0.462890625
vt 0.889160156 0.462646484
vt 0.815917969 0.488037109
vt 0.845703125 0.487548828
vt 0.828613281 0.522949219
vt 0.869140625 0.496337891
vt 0.919921875 0.463378906
vt 0.86328125 0.522949219
vt 0.892578125 0.493896484
vt 0.803710938 0.53125
vt 0.786132812 0.538085938
vt 0.767578125 0.556640625
vt 0.794921875 0.556640625
vt 0.781738281 0.587890625
vt 0.83203125 0.548339844
vt 0.865722656 0.543457031
vt 0.887207031 0.523925781
vt 0.933105469 0.497070312
vt 0.836914062 0.56640625
vt 0.799804688 0.573730469
vt 0.816894531 0.616699219
vt 0.806640625 0.6328125
vt 0.881835938 0.712890625
vt 0.84765625 0.604003906
vt 0.864746094 0.565917969
vt 0.868652344 0.607910156
vt 0.892578125 0.5703125
vt 0.888671875 0.613769531
vt 0.930175781 0.608886719
vt 0.943847656 0.557617188
vt 0.951171875 0.528320312
vt 0.974609375 0.497558594
vt 0.942871094 0.464355469
vt 0.975585938 0.4609375
vt 0.939453125 0.432617188
vt 0.957519531 0.426269531
vt 0.950195312 0.418212891
vt 0.948730469 0.645996094
vt 0.956054688 0.640136719
vt 0.972167969 0.655273438
vt 0.936035156 0.655273438
vt 0.954589844 0.669433594
vt 0.98828125 0.712402344
vt 0.9453125 0.681152344
vt 0.923339844 0.668945312
vt 0.914550781 0.684570312
vt 0.938476562 0.690917969
vt 0.912597656 0.703125
vt 0.931152344 0.700195312
vt 0.911621094 0.729980469
vt 0.927734375 0.711914062
vt 0.9140625 0.747558594
vt 0.927246094 0.731445312
vt 0.918457031 0.761230469
vt 0.931152344 0.748535156
vt 0.923828125 0.774414062
vt 0.937988281 0.763671875
vt 0.946289062 0.780761719
vt 0.928710938 0.789550781
vt 0.394287109 0.617675781
vt 0.413085938 0.629882812
vt 0.39453125 0.631835938
vt 0.413085938 0.617675781
vt 0.390625 0.598144531
vt 0.429931641 0.616699219
vt 0.431152344 0.629882812
vt 0.427734375 0.60546875
vt 0.411376953 0.60546875
vt 0.389160156 0.583007812
vt 0.423828125 0.588867188
vt 0.406982422 0.5859375
vt 0.397216797 0.556152344
vt 0.418457031 0.55859375
vt 0.435058594 0.564941406
vt 0.402832031 0.534667969
vt 0.425292969 0.541992188
vt 0.438476562 0.548828125
vt 0.434814453 0.521972656
vt 0.410400391 0.515625
vt 0.450439453 0.537597656
vt 0.419921875 0.503417969
vt 0.432128906 0.497070312
vt 0.450195312 0.494873047
vt 0.461181641 0.524902344
vt 0.471923828 0.4921875
vt 0.477539062 0.517578125
vt 0.488525391 0.487792969
vt 0.491943359 0.510742188
vt 0.477539062 0.517578125
vt 0.491943359 0.510742188
vt 0.497314453 0.5703125
vt 0.461181641 0.524902344
vt 0.450439453 0.537597656
vt 0.438476562 0.548828125
vt 0.435058594 0.564941406
vt 0.423828125 0.588867188
vt 0.427734375 0.60546875
vt 0.443115234 0.606445312
vt 0.429931641 0.616699219
vt 0.448730469 0.627441406
vt 0.431152344 0.629882812
vt 0.470458984 0.627929688
vt 0.468017578 0.609863281
vt 0.491699219 0.629882812
vt 0.490722656 0.608398438
vt 0.514160156 0.618164062
vt 0.510742188 0.625
vt 0.818847656 0.818359375
vt 0.803222656 0.88671875
vt 0.7890625 0.88671875
vt 0.832519531 0.833496094
vt 0.889160156 0.789550781
vt 0.889160156 0.808105469
vt 0.95703125 0.818359375
vt 0.831054688 0.942871094
vt 0.821289062 0.954101562
vt 0.889160156 0.966796875
vt 0.889160156 0.984375
vt 0.944824219 0.942871094
vt 0.956542969 0.954101562
vt 0.971679688 0.88671875
vt 0.98828125 0.88671875
vt 0.946777344 0.833496094
vt 0.818847656 0.818359375
vt 0.7890625 0.88671875
vt 0.803222656 0.88671875
vt 0.832519531 0.833496094
vt 0.889160156 0.789550781
vt 0.889160156 0.808105469
vt 0.95703125 0.818359375
vt 0.831054688 0.942871094
vt 0.821289062 0.954101562
vt 0.889160156 0.966796875
vt 0.889160156 0.984375
vt 0.944824219 0.942871094
vt 0.956542969 0.954101562
vt 0.971679688 0.88671875
vt 0.98828125 0.88671875
vt 0.946777344 0.833496094
vt 0.818847656 0.818359375
vt 0.7890625 0.88671875
vt 0.803222656 0.88671875
vt 0.832519531 0.833496094
vt 0.889160156 0.789550781
vt 0.889160156 0.808105469
vt 0.95703125 0.818359375
vt 0.831054688 0.942871094
vt 0.821289062 0.954101562
vt 0.889160156 0.966796875
vt 0.889160156 0.984375
vt 0.944824219 0.942871094
vt 0.956542969 0.954101562
vt 0.971679688 0.88671875
vt 0.98828125 0.88671875
vt 0.946777344 0.833496094
vt 0.818847656 0.818359375
vt 0.803222656 0.88671875
vt 0.7890625 0.88671875
vt 0.832519531 0.833496094
vt 0.889160156 0.789550781
vt 0.889160156 0.808105469
vt 0.95703125 0.818359375
vt 0.831054688 0.942871094
vt 0.821289062 0.954101562
vt 0.889160156 0.966796875
vt 0.889160156 0.984375
vt 0.944824219 0.942871094
vt 0.956542969 0.954101562
vt 0.971679688 0.88671875
vt 0.98828125 0.88671875
vt 0.946777344 0.833496094
vn 2.6345253E-05 -0.8984375 -0.438720703
vn 0.436523438 -0.706542969 0.556640625
vn 0.465087891 -0.700683594 0.541503906
vn 2.6345253E-05 -0.8984375 -0.438720703
vn 0.0152740479 -0.175415039 -0.984375
vn -0.0152816772 -0.175415039 -0.984375
vn 2.6345253E-05 -0.8984375 -0.438720703
vn 0.803222656 -0.280761719 -0.525390625
vn 0.787109375 -0.278808594 -0.550292969
vn 2.6345253E-05 -0.8984375 -0.438720703
vn 0.834472656 -0.5390625 0.112426758
vn 0.846679688 -0.522949219 0.0991210938
vn 0.212402344 0.893066406 -0.396240234
vn -0.212402344 0.893066406 -0.396240234
vn -4.79221344E-05 0.989746094 0.142211914
vn -0.029006958 0.919921875 -0.391601562
vn 0.622070312 0.681152344 -0.386230469
vn -4.79221344E-05 0.989746094 0.142211914
vn 0.634277344 0.431884766 0.641113281
vn 0.629882812 0.404541016 0.663085938
vn -4.79221344E-05 0.989746094 0.142211914
vn 0.309570312 0.296142578 0.903808594
vn 0.294677734 0.282714844 0.912597656
vn -4.79221344E-05 0.989746094 0.142211914
vn 0.436523438 -0.706542969 0.556640625
vn 2.6345253E-05 -0.8984375 -0.438720703
vn -0.436523438 -0.706542969 0.557128906
vn 2.6345253E-05 -0.8984375 -0.438720703
vn -0.465087891 -0.700683594 0.541015625
vn -0.436523438 -0.706542969 0.557128906
vn 2.6345253E-05 -0.8984375 -0.438720703
vn -0.787109375 -0.278808594 -0.550292969
vn -0.803222656 -0.280761719 -0.525390625
vn 2.6345253E-05 -0.8984375 -0.438720703
vn -0.846679688 -0.522949219 0.0991210938
vn -0.834472656 -0.5390625 0.112426758
vn 0.029006958 0.919921875 -0.391601562
vn -4.79221344E-05 0.989746094 0.142211914
vn -0.622070312 0.681152344 -0.386230469
vn -0.634277344 0.431884766 0.641113281
vn -4.79221344E-05 0.989746094 0.142211914
vn -0.629882812 0.404541016 0.663085938
vn -0.309814453 0.296142578 0.903808594
vn -4.79221344E-05 0.989746094 0.142211914
vn -0.294433594 0.282958984 0.912597656
vn 0.793457031 0.293457031 0.533203125
vn -0.654296875 -0.241943359 0.716796875
vn 0.829101562 -0.10144043 0.549804688
vn -0.793457031 0.293212891 0.533203125
vn -0.829101562 -0.10144043 0.549804688
vn 0.654296875 -0.241943359 0.716796875
vn 0.629882812 0.404541016 0.663085938
vn 0.309570312 0.296142578 0.903808594
vn -4.79221344E-05 0.989746094 0.142211914
vn 0.465087891 -0.700683594 0.541503906
vn 0.834472656 -0.5390625 0.112426758
vn 2.6345253E-05 -0.8984375 -0.438720703
vn 0.436523438 -0.706542969 0.556640625
vn 0.634277344 0.431884766 0.641113281
vn 0.294677734 0.282714844 0.912597656
vn 0.846679688 -0.522949219 0.0991210938
vn -0.294433594 0.282958984 0.912597656
vn -0.436523438 -0.706542969 0.557128906
vn -4.79221344E-05 0.989746094 0.142211914
vn 0.622070312 0.681152344 -0.386230469
vn -4.79221344E-05 0.989746094 0.142211914
vn 0.803222656 -0.280761719 -0.525390625
vn 2.6345253E-05 -0.8984375 -0.438720703
vn -0.029006958 0.919921875 -0.391601562
vn 0.787109375 -0.278808594 -0.550292969
vn -0.212402344 0.893066406 -0.396240234
vn -4.79221344E-05 0.989746094 0.142211914
vn 0.0152740479 -0.175415039 -0.984375
vn 2.6345253E-05 -0.8984375 -0.438720703
vn 0.212402344 0.893066406 -0.396240234
vn -0.0152816772 -0.175415039 -0.984375
vn -0.629882812 0.404541016 0.663085938
vn -4.79221344E-05 0.989746094 0.142211914
vn -0.309814453 0.296142578 0.903808594
vn -0.465087891 -0.700683594 0.541015625
vn -0.436523438 -0.706542969 0.557128906
vn -0.294433594 0.282958984 0.912597656
vn -0.834472656 -0.5390625 0.112426758
vn 2.6345253E-05 -0.8984375 -0.438720703
vn -0.634277344 0.431884766 0.641113281
vn -0.846679688 -0.522949219 0.0991210938
vn -0.622070312 0.681152344 -0.386230469
vn -4.79221344E-05 0.989746094 0.142211914
vn -0.803222656 -0.280761719 -0.525390625
vn 2.6345253E-05 -0.8984375 -0.438720703
vn 0.029006958 0.919921875 -0.391601562
vn -0.787109375 -0.278808594 -0.550292969
vn 0.212402344 0.893066406 -0.396240234
vn -4.79221344E-05 0.989746094 0.142211914
vn -0.0152816772 -0.175415039 -0.984375
vn 2.6345253E-05 -0.8984375 -0.438720703
vn -0.481689453 -0.850097656 0.213256836
vn 0.484619141 0.784179688 -0.387695312
vn 0.448486328 0.833496094 -0.322265625
vn -0.532714844 -0.814453125 0.231079102
vn 0.3515625 0.81640625 -0.458007812
vn -0.459228516 -0.847167969 0.266845703
vn 0.350585938 0.770507812 -0.532226562
vn -0.462158203 -0.825195312 0.325195312
vn 0.255615234 0.708984375 -0.657226562
vn -0.603027344 -0.793457031 0.0816650391
vn 0.20690918 0.608398438 -0.766113281
vn -0.777832031 -0.608886719 0.15612793
vn -0 0.576660156 -0.816894531
vn -0 -0.966308594 0.258056641
vn -0.178955078 0.853027344 -0.490478516
vn -0 0.986816406 -0.160644531
vn -0 0.576660156 -0.816894531
vn 0.385986328 0.493652344 -0.779296875
vn -0.270751953 0.839355469 -0.471435547
vn 0.228881836 0.69140625 -0.685546875
vn 0.20690918 0.608398438 -0.766113281
vn 0.539550781 0.447998047 -0.712890625
vn 0.6484375 0.509765625 -0.564941406
vn -0.146728516 0.508300781 -0.848632812
vn 0.239624023 0.655761719 -0.715820312
vn 0.255615234 0.708984375 -0.657226562
vn 0.350585938 0.770507812 -0.532226562
vn 0.228881836 0.69140625 -0.685546875
vn 0.296142578 0.668945312 -0.681640625
vn 0.3515625 0.81640625 -0.458007812
vn 0.239624023 0.655761719 -0.715820312
vn 0.227661133 0.7421875 -0.630859375
vn 0.448486328 0.833496094 -0.322265625
vn 0.206787109 0.24609375 -0.946777344
vn -0.146728516 0.508300781 -0.848632812
vn 0.628417969 0.73046875 -0.266845703
vn 0.296142578 0.668945312 -0.681640625
vn 0.791503906 0.568847656 0.223388672
vn 0.690429688 0.675292969 -0.259765625
vn 0.738769531 0.644042969 0.197387695
vn 0.227661133 0.7421875 -0.630859375
vn 0.133789062 0.728515625 -0.671386719
vn 0.986816406 -0.159423828 0.0211639404
vn 0.752441406 0.60546875 0.259033203
vn 0.159667969 0.643066406 -0.749023438
vn 0.484619141 0.784179688 -0.387695312
vn -0.481689453 -0.850097656 0.213256836
vn -0.390136719 -0.875488281 0.284912109
vn 0.161987305 0.57421875 -0.802246094
vn -0.339599609 -0.921386719 0.190185547
vn 0.133789062 0.728515625 -0.671386719
vn 0.488525391 0.828125 0.274902344
vn -0.377197266 -0.880371094 -0.287597656
vn -0.337890625 -0.559082031 -0.757324219
vn 0.686523438 0.6640625 0.296875
vn 0.498779297 0.809570312 0.308837891
vn 0.440673828 0.497558594 0.747070312
vn 0.431152344 0.487304688 0.759277344
vn 0.432128906 0.289794922 0.854003906
vn -0.336914062 -0.360107422 -0.870117188
vn 0.637207031 0.381835938 0.669433594
vn 0.441650391 0.211914062 0.871582031
vn -0.348144531 -0.320556641 -0.880859375
vn -0.326660156 -0.344970703 -0.879882812
vn 0.410888672 0.323730469 0.852050781
vn 0.372070312 0.254394531 0.892578125
vn 0.435546875 0.0881347656 0.895996094
vn -0.353759766 -0.282958984 -0.891601562
vn 0.353271484 0.17565918 0.918945312
vn -0.504882812 -0.269287109 -0.819824219
vn 0.498046875 0.193359375 0.845214844
vn -0.655273438 -0.307373047 -0.689941406
vn 0.540527344 0.249267578 0.803222656
vn 0.649414062 0.217895508 0.728515625
vn -0 -0.485839844 -0.874023438
vn -0 0.355712891 0.934570312
vn 0.552246094 0.1875 0.8125
vn 0.650878906 0.191650391 0.734863281
vn -0 0.318359375 0.947753906
vn 0.405517578 0.166015625 0.898925781
vn 0.746582031 0.293457031 0.597167969
vn 0.589355469 0.0897216797 0.803222656
vn -0 0.158203125 0.987304688
vn 0.580566406 0.0703735352 0.811035156
vn 0.58984375 0.191894531 0.784179688
vn 0.708007812 0.353515625 0.610839844
vn 0.562988281 0.0935058594 0.821289062
vn -0 0.134765625 0.990722656
vn 0.632324219 0.16784668 0.756347656
vn 0.7109375 0.380126953 0.591308594
vn 0.526367188 0.187133789 0.829589844
vn -0 0.177612305 0.983886719
vn -0 0.222167969 0.975097656
vn 0.650390625 0.237792969 0.721679688
vn 0.802734375 0.448486328 0.393310547
vn 0.76953125 0.349365234 0.534667969
vn 0.606445312 0.200195312 0.76953125
vn 0.614746094 -0.588378906 0.525878906
vn -0 -0.653808594 0.756347656
vn 0.876953125 -0.343505859 0.3359375
vn 0.674804688 -0.72265625 -0.149902344
vn 0.371582031 -0.680664062 0.631347656
vn -0 -0.691894531 0.722167969
vn -0 -0.427001953 0.904296875
vn 0.799804688 -0.512207031 0.313232422
vn 0.546386719 0.422363281 -0.723144531
vn -0.0397338867 0.381103516 -0.923828125
vn 0.589355469 -0.652832031 0.475585938
vn 0.453369141 -0.379638672 0.806640625
vn 0.949707031 -0.312988281 0.0163574219
vn 0.920410156 -0.0114364624 0.390380859
vn 0.7421875 -0.185424805 0.644042969
vn 0.500488281 -0.232299805 0.833984375
vn -0 -0.309326172 0.951171875
vn 0.545410156 0.520507812 -0.656738281
vn 0.217407227 0.485839844 -0.846679688
vn 0.442138672 0.349609375 -0.826171875
vn 0.397949219 0.458740234 -0.794433594
vn 0.339355469 0.586914062 -0.734863281
vn 0.373046875 0.688476562 -0.621582031
vn 0.386474609 0.651367188 -0.652832031
vn 0.923339844 0.384033203 -0.00667572021
vn 0.771972656 -0.0776977539 0.630859375
vn 0.556152344 -0.123718262 0.821777344
vn -0 -0.263916016 0.964355469
vn 0.314697266 0.664550781 -0.677734375
vn -0 0.678710938 -0.734375
vn -0 0.930175781 -0.367675781
vn -0 0.9921875 -0.124084473
vn 0.610839844 0.784667969 -0.105285645
vn -0 0.998046875 0.065246582
vn 0.692871094 0.708496094 -0.134399414
vn 0.589355469 0.807128906 0.0408630371
vn 0.608398438 0.768066406 0.200927734
vn -0 0.957519531 0.287841797
vn 0.724609375 0.689453125 0.00282478333
vn 0.625488281 0.682617188 0.378173828
vn -0 0.828125 0.560546875
vn 0.836914062 0.54296875 -0.0678100586
vn 0.704101562 0.651367188 0.282714844
vn 0.700195312 0.2578125 0.665527344
vn -0 0.371826172 0.928222656
vn 0.686523438 0.371337891 0.625
vn 0.6796875 0.0125961304 0.733398438
vn 0.801269531 0.326416016 0.501464844
vn 0.7890625 0.586425781 0.183105469
vn 0.793457031 0.293457031 0.533203125
vn 0.582519531 0.779785156 0.228149414
vn 0.663085938 0.74609375 -0.0598449707
vn 0.916503906 0.357910156 -0.178100586
vn 0.829101562 -0.10144043 0.549804688
vn 0.983886719 -0.0834960938 0.156616211
vn 0.193115234 -0.926757812 0.322753906
vn -0.654296875 -0.241943359 0.716796875
vn -0.654296875 -0.241943359 0.716796875
vn -0.580566406 -0.585449219 0.565917969
vn 0.193115234 -0.926757812 0.322753906
vn -0.302001953 -0.951171875 0.0610656738
vn -0.198486328 0.0205993652 0.979980469
vn 0.983886719 -0.0834960938 0.156616211
vn -0.129394531 -0.853027344 0.505859375
vn -0.149658203 -0.151123047 0.977050781
vn -0.211181641 -0.825195312 -0.523925781
vn 0.174438477 -0.982910156 -0.0614013672
vn 0.280761719 -0.825195312 0.489990234
vn -0.248657227 -0.19934082 -0.947753906
vn 0.916503906 0.357910156 -0.178100586
vn -0.489257812 0.65234375 -0.578613281
vn 0.663085938 0.74609375 -0.0598449707
vn -0.742675781 0.669921875 -0.00313186646
vn 0.582519531 0.779785156 0.228149414
vn 0.793457031 0.293457031 0.533203125
vn 0.215576172 -0.716796875 -0.663085938
vn 0.154663086 -0.00577545166 -0.987792969
vn -0.0450744629 0.751953125 -0.657714844
vn 0.429199219 -0.901855469 -0.0520935059
vn 0.555175781 -0.616210938 -0.55859375
vn 0.840820312 -0.540039062 -0.0361328125
vn 0.339599609 0.141113281 -0.930175781
vn -0.213134766 0.959960938 -0.181640625
vn 0.653808594 -0.141357422 -0.743164062
vn -0.326904297 0.620605469 -0.712402344
vn 0.500488281 -0.514648438 0.696289062
vn -0.244384766 -0.346435547 0.905761719
vn -0.723632812 0.235717773 -0.6484375
vn 0.331054688 0.111816406 0.937011719
vn -0.723632812 0.235717773 -0.6484375
vn 0.937011719 0.173950195 0.302246094
vn 0.725585938 0.317138672 -0.610839844
vn -0.442382812 0.543945312 -0.713378906
vn -0.239257812 0.900878906 0.362304688
vn 0.83203125 0.333984375 0.443115234
vn 0.274902344 0.205932617 0.938964844
vn 0.0591430664 0.358886719 0.931640625
vn -0.723632812 0.235717773 -0.6484375
vn -0.510742188 0.70703125 -0.489501953
vn 0.581542969 0.572265625 0.578125
vn 0.75390625 0.454589844 -0.474609375
vn 0.676269531 0.640625 -0.363525391
vn -0.401855469 0.420166016 -0.813476562
vn -0.409912109 0.353027344 -0.840820312
vn -0.723632812 0.235717773 -0.6484375
vn -0.723632812 0.235717773 -0.6484375
vn -0.723632812 0.235717773 -0.6484375
vn -0.149658203 -0.151123047 0.977050781
vn -0.324707031 0.617675781 0.716308594
vn -0.198486328 0.0205993652 0.979980469
vn -0.787109375 0.331298828 0.520507812
vn -0.580566406 -0.585449219 0.565917969
vn -0.654296875 -0.241943359 0.716796875
vn -0.178955078 0.853027344 -0.490478516
vn -0 0.966796875 -0.255126953
vn -0 0.986816406 -0.160644531
vn -0.270751953 0.839355469 -0.471435547
vn -0.293457031 0.9375 -0.185913086
vn -0 0.137451172 -0.990722656
vn -0.568847656 0.801269531 -0.185668945
vn -0.146728516 0.508300781 -0.848632812
vn -0.146728516 0.508300781 -0.848632812
vn -0.833007812 0.430419922 -0.34765625
vn -0.0397338867 0.381103516 -0.923828125
vn -0.910644531 -0.0196228027 -0.412597656
vn 0.442138672 0.349609375 -0.826171875
vn -0.75 -0.306152344 -0.586425781
vn 0.339355469 0.586914062 -0.734863281
vn -0.676269531 -0.377197266 -0.6328125
vn 0.373046875 0.688476562 -0.621582031
vn -0.545410156 -0.492431641 -0.678222656
vn 0.386474609 0.651367188 -0.652832031
vn -0.328857422 -0.606933594 -0.723632812
vn -0 -0.771484375 -0.636230469
vn -0 0.678710938 -0.734375
vn -0.390136719 -0.875488281 0.284912109
vn -0.481689453 -0.850097656 0.213256836
vn -0.532714844 -0.814453125 0.231079102
vn -0.453857422 -0.837890625 0.302490234
vn -0.339599609 -0.921386719 0.190185547
vn -0.439208984 -0.823730469 0.358886719
vn -0.459228516 -0.847167969 0.266845703
vn -0.487304688 -0.854003906 0.182861328
vn -0.427978516 -0.873046875 0.234619141
vn -0.377197266 -0.880371094 -0.287597656
vn -0.6015625 -0.762695312 -0.237304688
vn -0.484863281 -0.815917969 -0.314453125
vn -0.337890625 -0.559082031 -0.757324219
vn -0.427490234 -0.480712891 -0.765625
vn -0.6171875 -0.391601562 -0.682617188
vn -0.336914062 -0.360107422 -0.870117188
vn -0.421875 -0.309814453 -0.852050781
vn -0.529296875 -0.286132812 -0.798828125
vn -0.378662109 -0.237426758 -0.89453125
vn -0.348144531 -0.320556641 -0.880859375
vn -0.391113281 -0.185791016 -0.901367188
vn -0.326660156 -0.344970703 -0.879882812
vn -0.353759766 -0.282958984 -0.891601562
vn -0.504882812 -0.269287109 -0.819824219
vn -0.533203125 -0.216186523 -0.817871094
vn -0.655273438 -0.307373047 -0.689941406
vn -0.633300781 -0.247314453 -0.733398438
vn -0 -0.485839844 -0.874023438
vn -0 -0.333251953 -0.942871094
vn -0.633300781 -0.247314453 -0.733398438
vn -0 -0.749511719 -0.661621094
vn -0 -0.333251953 -0.942871094
vn -0.533203125 -0.216186523 -0.817871094
vn -0.391113281 -0.185791016 -0.901367188
vn -0.529296875 -0.286132812 -0.798828125
vn -0.6171875 -0.391601562 -0.682617188
vn -0.6015625 -0.762695312 -0.237304688
vn -0.487304688 -0.854003906 0.182861328
vn -0.523925781 -0.84765625 0.0832519531
vn -0.439208984 -0.823730469 0.358886719
vn -0.462158203 -0.825195312 0.325195312
vn -0.459228516 -0.847167969 0.266845703
vn -0.603027344 -0.793457031 0.0816650391
vn -0.287841797 -0.927246094 0.239990234
vn -0.777832031 -0.608886719 0.15612793
vn -0.794921875 -0.603515625 -0.0614013672
vn -0 -0.990234375 -0.140869141
vn -0 -0.966308594 0.258056641
vn 0.481689453 -0.850097656 0.213256836
vn -0.448486328 0.833496094 -0.322265625
vn -0.484619141 0.784179688 -0.387695312
vn 0.532714844 -0.814453125 0.231079102
vn -0.3515625 0.81640625 -0.458007812
vn 0.459228516 -0.847167969 0.266845703
vn -0.350585938 0.770507812 -0.532226562
vn 0.462158203 -0.825195312 0.325195312
vn -0.255615234 0.708984375 -0.657226562
vn 0.603027344 -0.793457031 0.0816650391
vn -0.20690918 0.608398438 -0.766113281
vn 0.777832031 -0.608886719 0.15612793
vn -0 0.576660156 -0.816894531
vn -0 -0.966308594 0.258056641
vn 0.178955078 0.853027344 -0.490478516
vn -0 0.576660156 -0.816894531
vn -0 0.986816406 -0.160644531
vn -0.385986328 0.493652344 -0.779296875
vn 0.270751953 0.839355469 -0.471435547
vn -0.228881836 0.69140625 -0.685546875
vn -0.20690918 0.608398438 -0.766113281
vn -0.539550781 0.447998047 -0.712890625
vn -0.6484375 0.509765625 -0.564941406
vn 0.146728516 0.508300781 -0.848632812
vn -0.239624023 0.655761719 -0.715820312
vn -0.255615234 0.708984375 -0.657226562
vn -0.350585938 0.770507812 -0.532226562
vn -0.228881836 0.69140625 -0.685546875
vn -0.296142578 0.668945312 -0.681640625
vn -0.3515625 0.81640625 -0.458007812
vn -0.239624023 0.655761719 -0.715820312
vn -0.227661133 0.7421875 -0.630859375
vn -0.448486328 0.833496094 -0.322265625
vn -0.206787109 0.24609375 -0.946777344
vn 0.146728516 0.508300781 -0.848632812
vn -0.628417969 0.73046875 -0.266845703
vn -0.296142578 0.668945312 -0.681640625
vn -0.791503906 0.568847656 0.223388672
vn -0.690429688 0.675292969 -0.259765625
vn -0.738769531 0.644042969 0.197387695
vn -0.227661133 0.7421875 -0.630859375
vn -0.133789062 0.728515625 -0.671386719
vn -0.986816406 -0.159423828 0.0211639404
vn -0.546386719 0.422363281 -0.723144531
vn 0.0397338867 0.381103516 -0.923828125
vn -0.752441406 0.60546875 0.259033203
vn -0.159667969 0.643066406 -0.749023438
vn -0.484619141 0.784179688 -0.387695312
vn 0.481689453 -0.850097656 0.213256836
vn 0.390136719 -0.875488281 0.284912109
vn -0.161987305 0.57421875 -0.802246094
vn 0.339599609 -0.921386719 0.190185547
vn -0.133789062 0.728515625 -0.671386719
vn -0.488525391 0.828125 0.274902344
vn 0.377197266 -0.880371094 -0.287597656
vn 0.337890625 -0.559082031 -0.757324219
vn -0.686523438 0.6640625 0.296875
vn -0.498779297 0.809570312 0.308837891
vn -0.440673828 0.497558594 0.747070312
vn -0.431152344 0.487304688 0.759277344
vn -0.432128906 0.289794922 0.854003906
vn 0.336914062 -0.360107422 -0.870117188
vn -0.637207031 0.381835938 0.669433594
vn -0.410888672 0.323730469 0.852050781
vn -0.441650391 0.211914062 0.871582031
vn -0.372070312 0.254394531 0.892578125
vn 0.348144531 -0.320556641 -0.880859375
vn 0.326660156 -0.344970703 -0.879882812
vn -0.435546875 0.0881347656 0.895996094
vn 0.353759766 -0.282958984 -0.891601562
vn -0.353271484 0.17565918 0.918945312
vn 0.504882812 -0.269287109 -0.819824219
vn -0.498046875 0.193359375 0.845214844
vn 0.655273438 -0.307373047 -0.689941406
vn -0.540527344 0.249267578 0.803222656
vn -0.649414062 0.217895508 0.728515625
vn -0 -0.485839844 -0.874023438
vn -0 0.355712891 0.934570312
vn -0.552246094 0.1875 0.8125
vn -0.650878906 0.191650391 0.734863281
vn -0 0.318359375 0.947753906
vn -0.405517578 0.166015625 0.898925781
vn -0.746582031 0.293457031 0.597167969
vn -0.580566406 0.0703735352 0.811035156
vn -0.589355469 0.0897216797 0.803222656
vn -0 0.158203125 0.987304688
vn -0.58984375 0.191894531 0.784179688
vn -0.708007812 0.353515625 0.610839844
vn -0.562988281 0.0935058594 0.821289062
vn -0 0.134765625 0.990722656
vn -0.632324219 0.16784668 0.756347656
vn -0.7109375 0.380126953 0.591308594
vn -0.526367188 0.187133789 0.829589844
vn -0 0.177612305 0.983886719
vn -0 0.222167969 0.975097656
vn -0.650390625 0.237792969 0.721679688
vn -0.802734375 0.448486328 0.393310547
vn -0.76953125 0.349365234 0.534667969
vn -0.606445312 0.200195312 0.76953125
vn -0.614746094 -0.588378906 0.525878906
vn -0 -0.653808594 0.756347656
vn -0.876953125 -0.343505859 0.3359375
vn -0.674804688 -0.72265625 -0.149902344
vn -0.799804688 -0.512207031 0.313232422
vn -0.371582031 -0.680664062 0.631347656
vn -0 -0.691894531 0.722167969
vn -0 -0.427001953 0.904296875
vn -0.949707031 -0.312988281 0.0163574219
vn -0.920410156 -0.0114364624 0.390380859
vn -0.545410156 0.520507812 -0.656738281
vn -0.589355469 -0.652832031 0.475585938
vn -0.453369141 -0.379638672 0.806640625
vn -0.7421875 -0.185424805 0.644042969
vn -0.500488281 -0.232299805 0.833984375
vn -0 -0.309326172 0.951171875
vn -0.217407227 0.485839844 -0.846679688
vn -0.442138672 0.349609375 -0.826171875
vn -0.397949219 0.458740234 -0.794433594
vn -0.339355469 0.586914062 -0.734863281
vn -0.373046875 0.688476562 -0.621582031
vn -0.386474609 0.651367188 -0.652832031
vn -0.923339844 0.384033203 -0.00667572021
vn -0.771972656 -0.0776977539 0.630859375
vn -0.556152344 -0.123718262 0.821777344
vn -0 -0.263916016 0.964355469
vn -0.314697266 0.664550781 -0.677734375
vn -0 0.678710938 -0.734375
vn -0 0.930175781 -0.367675781
vn -0 0.9921875 -0.124084473
vn -0.610839844 0.784667969 -0.105285645
vn -0 0.998046875 0.065246582
vn -0.692871094 0.708496094 -0.134399414
vn -0.589355469 0.807128906 0.0408630371
vn -0.608398438 0.768066406 0.200927734
vn -0 0.957519531 0.287841797
vn -0.724609375 0.689453125 0.00282478333
vn -0.625488281 0.682617188 0.378173828
vn -0 0.828125 0.560546875
vn -0.836914062 0.54296875 -0.0678100586
vn -0.704101562 0.651367188 0.282714844
vn -0.700195312 0.2578125 0.665527344
vn -0 0.371826172 0.928222656
vn -0.686523438 0.371337891 0.625
vn -0.6796875 0.0125961304 0.733398438
vn -0.801269531 0.326416016 0.501464844
vn -0.7890625 0.586425781 0.183105469
vn -0.793457031 0.293212891 0.533203125
vn -0.582519531 0.779785156 0.228149414
vn -0.663085938 0.74609375 -0.0598449707
vn -0.916503906 0.357910156 -0.178100586
vn -0.829101562 -0.10144043 0.549804688
vn -0.983886719 -0.0834960938 0.156616211
vn -0.193115234 -0.926757812 0.322753906
vn 0.654296875 -0.241943359 0.716796875
vn 0.654296875 -0.241943359 0.716796875
vn -0.193115234 -0.926757812 0.322753906
vn 0.580566406 -0.585449219 0.565917969
vn 0.302001953 -0.951171875 0.0610656738
vn 0.198486328 0.0205993652 0.979980469
vn -0.983886719 -0.0834960938 0.156616211
vn 0.129394531 -0.853027344 0.505859375
vn 0.149658203 -0.151123047 0.977050781
vn 0.211181641 -0.825195312 -0.523925781
vn -0.174438477 -0.982910156 -0.0614013672
vn -0.280761719 -0.825195312 0.489990234
vn 0.248657227 -0.19934082 -0.947753906
vn -0.916503906 0.357910156 -0.178100586
vn 0.489257812 0.65234375 -0.578613281
vn -0.663085938 0.74609375 -0.0598449707
vn 0.742675781 0.669921875 -0.00313186646
vn -0.582519531 0.779785156 0.228149414
vn -0.793457031 0.293212891 0.533203125
vn -0.215576172 -0.716796875 -0.663085938
vn -0.154663086 -0.00577545166 -0.987792969
vn 0.0450744629 0.751953125 -0.657714844
vn -0.429199219 -0.901855469 -0.0520935059
vn -0.555175781 -0.616210938 -0.55859375
vn -0.840820312 -0.540039062 -0.0361328125
vn -0.339599609 0.141113281 -0.930175781
vn 0.213134766 0.959960938 -0.181640625
vn -0.653808594 -0.141357422 -0.743164062
vn -0.030456543 0.893554688 -0.448242188
vn -0.500488281 -0.514648438 0.696289062
vn 0.244384766 -0.346435547 0.905761719
vn 0.723632812 0.235717773 -0.6484375
vn -0.331054688 0.111816406 0.937011719
vn 0.723632812 0.235717773 -0.6484375
vn -0.937011719 0.173950195 0.302246094
vn -0.725585938 0.317138672 -0.610839844
vn 0.442382812 0.543945312 -0.713378906
vn 0.239257812 0.900878906 0.362304688
vn -0.83203125 0.333984375 0.443115234
vn -0.274902344 0.205932617 0.938964844
vn -0.0591430664 0.358886719 0.931640625
vn 0.723632812 0.235717773 -0.6484375
vn 0.510742188 0.70703125 -0.489501953
vn -0.581542969 0.572265625 0.578125
vn -0.75390625 0.454589844 -0.474609375
vn -0.676269531 0.640625 -0.363525391
vn 0.401855469 0.420166016 -0.813476562
vn 0.409912109 0.353027344 -0.840820312
vn 0.723632812 0.235717773 -0.6484375
vn 0.723632812 0.235717773 -0.6484375
vn 0.723632812 0.235717773 -0.6484375
vn 0.149658203 -0.151123047 0.977050781
vn 0.324707031 0.617675781 0.716308594
vn 0.198486328 0.0205993652 0.979980469
vn 0.787109375 0.331298828 0.520507812
vn 0.580566406 -0.585449219 0.565917969
vn 0.654296875 -0.241943359 0.716796875
vn 0.178955078 0.853027344 -0.490478516
vn -0 0.986816406 -0.160644531
vn -0 0.966796875 -0.255126953
vn 0.270751953 0.839355469 -0.471435547
vn 0.293457031 0.9375 -0.185913086
vn -0 0.137451172 -0.990722656
vn 0.568847656 0.801269531 -0.185668945
vn 0.146728516 0.508300781 -0.848632812
vn 0.146728516 0.508300781 -0.848632812
vn 0.833007812 0.430419922 -0.34765625
vn 0.0397338867 0.381103516 -0.923828125
vn 0.910644531 -0.0196228027 -0.412597656
vn -0.442138672 0.349609375 -0.826171875
vn 0.75 -0.306152344 -0.586425781
vn -0.339355469 0.586914062 -0.734863281
vn 0.676269531 -0.377197266 -0.6328125
vn -0.373046875 0.688476562 -0.621582031
vn 0.545410156 -0.492431641 -0.678222656
vn -0.386474609 0.651367188 -0.652832031
vn 0.328857422 -0.606933594 -0.723632812
vn -0 -0.771484375 -0.636230469
vn -0 0.678710938 -0.734375
vn 0.390136719 -0.875488281 0.284912109
vn 0.532714844 -0.814453125 0.231079102
vn 0.481689453 -0.850097656 0.213256836
vn 0.453857422 -0.837890625 0.302490234
vn 0.339599609 -0.921386719 0.190185547
vn 0.439208984 -0.823730469 0.358886719
vn 0.459228516 -0.847167969 0.266845703
vn 0.487304688 -0.854003906 0.182861328
vn 0.427978516 -0.873046875 0.234619141
vn 0.377197266 -0.880371094 -0.287597656
vn 0.6015625 -0.762695312 -0.237304688
vn 0.484863281 -0.815917969 -0.314453125
vn 0.337890625 -0.559082031 -0.757324219
vn 0.427490234 -0.480712891 -0.765625
vn 0.6171875 -0.391601562 -0.682617188
vn 0.336914062 -0.360107422 -0.870117188
vn 0.421875 -0.309814453 -0.852050781
vn 0.529296875 -0.286132812 -0.798828125
vn 0.378662109 -0.237426758 -0.89453125
vn 0.348144531 -0.320556641 -0.880859375
vn 0.391113281 -0.185791016 -0.901367188
vn 0.326660156 -0.344970703 -0.879882812
vn 0.353759766 -0.282958984 -0.891601562
vn 0.504882812 -0.269287109 -0.819824219
vn 0.533203125 -0.216186523 -0.817871094
vn 0.655273438 -0.307373047 -0.689941406
vn 0.633300781 -0.247314453 -0.733398438
vn -0 -0.485839844 -0.874023438
vn -0 -0.333251953 -0.942871094
vn 0.633300781 -0.247314453 -0.733398438
vn -0 -0.333251953 -0.942871094
vn -0 -0.749511719 -0.661621094
vn 0.533203125 -0.216186523 -0.817871094
vn 0.391113281 -0.185791016 -0.901367188
vn 0.529296875 -0.286132812 -0.798828125
vn 0.6171875 -0.391601562 -0.682617188
vn 0.6015625 -0.762695312 -0.237304688
vn 0.487304688 -0.854003906 0.182861328
vn 0.523925781 -0.84765625 0.0832519531
vn 0.439208984 -0.823730469 0.358886719
vn 0.462158203 -0.825195312 0.325195312
vn 0.459228516 -0.847167969 0.266845703
vn 0.603027344 -0.793457031 0.0816650391
vn 0.287841797 -0.927246094 0.239990234
vn 0.777832031 -0.608886719 0.15612793
vn 0.794921875 -0.603515625 -0.0614013672
vn -0 -0.990234375 -0.140869141
vn -0 -0.966308594 0.258056641
vn -0.336914062 -0.439453125 -0.832519531
vn 0.725097656 -0.142211914 -0.673339844
vn -0.229980469 0.261962891 -0.937011719
vn 0.489501953 -0.454345703 -0.744140625
vn -0.246704102 -0.955078125 -0.162841797
vn 0.697265625 -0.634277344 -0.333984375
vn 0.0179290771 -0.809082031 0.587402344
vn 0.864746094 -0.0243988037 -0.501464844
vn -0.0179290771 0.809082031 -0.587402344
vn 0.964355469 0.0199279785 -0.263183594
vn 0.246704102 0.955078125 0.162841797
vn 0.987792969 -0.152587891 -0.0382385254
vn 0.336914062 0.439453125 0.832519531
vn 0.922363281 -0.373046875 0.100585938
vn 0.229980469 -0.261962891 0.937011719
vn 0.704589844 -0.696289062 0.139160156
vn 0.336914062 -0.439453125 -0.832519531
vn 0.229980469 0.261962891 -0.937011719
vn -0.725097656 -0.142211914 -0.673339844
vn -0.489501953 -0.454345703 -0.744140625
vn 0.246704102 -0.955078125 -0.162841797
vn -0.697265625 -0.634277344 -0.333984375
vn -0.0179290771 -0.809082031 0.587402344
vn -0.864746094 -0.0243988037 -0.501464844
vn 0.0179290771 0.809082031 -0.587402344
vn -0.964355469 0.0199279785 -0.263183594
vn -0.246704102 0.955078125 0.162841797
vn -0.987792969 -0.152587891 -0.0382385254
vn -0.336914062 0.439453125 0.832519531
vn -0.922363281 -0.373046875 0.100585938
vn -0.229980469 -0.261962891 0.937011719
vn -0.704589844 -0.696289062 0.139160156
vn -0.336914062 -0.439453125 -0.832519531
vn -0.229980469 0.261962891 -0.937011719
vn -0.921875 0.373291016 -0.103271484
vn -0.9609375 -0.0230255127 -0.276123047
vn -0.246704102 -0.955078125 -0.162841797
vn -0.962890625 -0.124938965 0.238891602
vn 0.0179290771 -0.809082031 0.587402344
vn -0.848632812 0.520019531 0.0963745117
vn -0.0179290771 0.809082031 -0.587402344
vn -0.755371094 0.563476562 0.334716797
vn 0.246704102 0.955078125 0.162841797
vn -0.730957031 0.393310547 0.557617188
vn 0.336914062 0.439453125 0.832519531
vn -0.727050781 0.143310547 0.671875
vn 0.229980469 -0.261962891 0.937011719
vn -0.713867188 -0.27734375 0.643066406
vn 0.336914062 -0.439453125 -0.832519531
vn 0.921875 0.373291016 -0.103271484
vn 0.229980469 0.261962891 -0.937011719
vn 0.9609375 -0.0230255127 -0.276123047
vn 0.246704102 -0.955078125 -0.162841797
vn 0.962890625 -0.124938965 0.238891602
vn -0.0179290771 -0.809082031 0.587402344
vn 0.848632812 0.520019531 0.0963745117
vn 0.0179290771 0.809082031 -0.587402344
vn 0.755371094 0.563476562 0.334716797
vn -0.246704102 0.955078125 0.162841797
vn 0.730957031 0.393310547 0.557617188
vn -0.336914062 0.439453125 0.832519531
vn 0.727050781 0.143310547 0.671875
vn -0.229980469 -0.261962891 0.937011719
vn 0.713867188 -0.27734375 0.643066406
g Body_0
f 3/3/3 2/2/2 1/1/1
f 6/6/6 5/5/5 4/4/4
f 9/9/9 8/8/8 7/7/7
f 12/12/12 11/11/11 10/10/10
f 15/15/15 14/14/14 13/13/13
f 18/18/18 17/17/17 16/16/16
f 21/21/21 20/20/20 19/19/19
f 24/24/24 23/23/23 22/22/22
f 27/27/27 26/26/26 25/25/25
f 30/30/30 29/29/29 28/28/28
f 33/33/33 32/32/32 31/31/31
f 36/36/36 35/35/35 34/34/34
f 39/39/39 38/38/38 37/37/37
f 42/42/42 41/41/41 40/40/40
f 45/45/45 44/44/44 43/43/43
f 48/48/48 47/47/47 46/46/46
f 51/51/51 50/50/50 49/49/49
f 54/54/54 53/53/53 52/52/52
f 53/53/53 55/55/55 52/52/52
f 55/55/55 56/56/56 52/52/52
f 57/57/57 56/56/56 55/55/55
f 58/58/58 55/55/55 53/53/53
f 59/59/59 52/52/52 56/56/56
f 60/60/60 58/58/58 53/53/53
f 61/61/61 59/59/59 56/56/56
f 58/58/58 60/60/60 62/62/62
f 63/63/63 58/58/58 62/62/62
f 62/62/62 60/60/60 64/64/64
f 59/59/59 61/61/61 65/65/65
f 66/66/66 59/59/59 65/65/65
f 61/61/61 67/67/67 65/65/65
f 68/68/68 67/67/67 61/61/61
f 65/65/65 67/67/67 69/69/69
f 67/67/67 70/70/70 69/69/69
f 69/69/69 70/70/70 71/71/71
f 72/72/72 69/69/69 71/71/71
f 70/70/70 73/73/73 71/71/71
f 74/74/74 73/73/73 70/70/70
f 71/71/71 73/73/73 75/75/75
f 73/73/73 76/76/76 75/75/75
f 79/79/79 78/78/78 77/77/77
f 80/80/80 79/79/79 77/77/77
f 80/80/80 81/81/81 79/79/79
f 81/81/81 82/82/82 79/79/79
f 83/83/83 80/80/80 77/77/77
f 83/83/83 84/84/84 80/80/80
f 77/77/77 85/85/85 83/83/83
f 85/85/85 86/86/86 83/83/83
f 86/86/86 85/85/85 87/87/87
f 85/85/85 88/88/88 87/87/87
f 89/89/89 86/86/86 87/87/87
f 89/89/89 90/90/90 86/86/86
f 89/89/89 87/87/87 91/91/91
f 92/92/92 89/89/89 91/91/91
f 92/92/92 91/91/91 93/93/93
f 91/91/91 94/94/94 93/93/93
f 95/95/95 92/92/92 93/93/93
f 95/95/95 96/96/96 92/92/92
f 99/99/99 98/98/98 97/97/97
f 100/100/100 99/99/99 97/97/97
f 101/101/101 99/99/99 100/100/100
f 101/101/101 100/100/100 102/102/102
f 103/103/103 101/101/101 102/102/102
f 103/103/103 102/102/102 104/104/104
f 104/104/104 105/105/105 103/103/103
f 104/104/104 106/106/106 105/105/105
f 106/106/106 107/107/107 105/105/105
f 106/106/106 108/108/108 107/107/107
f 109/109/109 107/107/107 108/108/108
f 109/109/109 108/108/108 110/110/110
f 113/113/113 112/112/112 111/111/111
f 114/114/114 113/113/113 111/111/111
f 114/114/114 111/111/111 115/115/115
f 114/114/114 116/116/116 113/113/113
f 117/117/117 113/113/113 116/116/116
f 114/114/114 115/115/115 118/118/118
f 114/114/114 118/118/118 116/116/116
f 119/119/119 118/118/118 115/115/115
f 120/120/120 119/119/119 115/115/115
f 116/116/116 121/121/121 117/117/117
f 121/121/121 122/122/122 117/117/117
f 123/123/123 122/122/122 121/121/121
f 118/118/118 124/124/124 116/116/116
f 119/119/119 124/124/124 118/118/118
f 121/121/121 116/116/116 124/124/124
f 123/123/123 121/121/121 125/125/125
f 123/123/123 125/125/125 126/126/126
f 121/121/121 124/124/124 127/127/127
f 121/121/121 127/127/127 125/125/125
f 126/126/126 125/125/125 128/128/128
f 126/126/126 128/128/128 129/129/129
f 120/120/120 130/130/130 119/119/119
f 120/120/120 131/131/131 130/130/130
f 119/119/119 132/132/132 124/124/124
f 127/127/127 124/124/124 132/132/132
f 125/125/125 127/127/127 133/133/133
f 125/125/125 133/133/133 128/128/128
f 134/134/134 133/133/133 127/127/127
f 135/135/135 134/134/134 127/127/127
f 135/135/135 127/127/127 132/132/132
f 119/119/119 136/136/136 132/132/132
f 135/135/135 132/132/132 136/136/136
f 128/128/128 133/133/133 137/137/137
f 133/133/133 134/134/134 137/137/137
f 129/129/129 128/128/128 138/138/138
f 128/128/128 137/137/137 138/138/138
f 119/119/119 130/130/130 139/139/139
f 136/136/136 119/119/119 139/139/139
f 140/140/140 135/135/135 136/136/136
f 135/135/135 140/140/140 134/134/134
f 129/129/129 138/138/138 141/141/141
f 142/142/142 129/129/129 141/141/141
f 142/142/142 141/141/141 143/143/143
f 141/141/141 144/144/144 143/143/143
f 141/141/141 145/145/145 144/144/144
f 141/141/141 138/138/138 145/145/145
f 145/145/145 146/146/146 144/144/144
f 138/138/138 147/147/147 145/145/145
f 138/138/138 137/137/137 147/147/147
f 145/145/145 148/148/148 146/146/146
f 145/145/145 147/147/147 148/148/148
f 148/148/148 149/149/149 146/146/146
f 149/149/149 148/148/148 150/150/150
f 137/137/137 151/151/151 147/147/147
f 137/137/137 134/134/134 151/151/151
f 147/147/147 152/152/152 148/148/148
f 147/147/147 151/151/151 152/152/152
f 148/148/148 153/153/153 150/150/150
f 148/148/148 152/152/152 153/153/153
f 151/151/151 154/154/154 152/152/152
f 152/152/152 154/154/154 153/153/153
f 153/153/153 155/155/155 150/150/150
f 153/153/153 154/154/154 155/155/155
f 155/155/155 156/156/156 150/150/150
f 157/157/157 154/154/154 151/151/151
f 151/151/151 134/134/134 157/157/157
f 155/155/155 158/158/158 156/156/156
f 158/158/158 159/159/159 156/156/156
f 160/160/160 159/159/159 158/158/158
f 154/154/154 161/161/161 155/155/155
f 157/157/157 161/161/161 154/154/154
f 155/155/155 161/161/161 158/158/158
f 161/161/161 162/162/162 158/158/158
f 163/163/163 160/160/160 158/158/158
f 163/163/163 158/158/158 162/162/162
f 164/164/164 160/160/160 163/163/163
f 165/165/165 164/164/164 163/163/163
f 165/165/165 163/163/163 162/162/162
f 166/166/166 164/164/164 165/165/165
f 167/167/167 166/166/166 165/165/165
f 167/167/167 165/165/165 162/162/162
f 166/166/166 167/167/167 168/168/168
f 169/169/169 161/161/161 157/157/157
f 161/161/161 169/169/169 162/162/162
f 167/167/167 170/170/170 168/168/168
f 168/168/168 170/170/170 171/171/171
f 170/170/170 172/172/172 171/171/171
f 173/173/173 167/167/167 162/162/162
f 167/167/167 173/173/173 170/170/170
f 170/170/170 174/174/174 172/172/172
f 173/173/173 174/174/174 170/170/170
f 174/174/174 175/175/175 172/172/172
f 162/162/162 176/176/176 173/173/173
f 162/162/162 169/169/169 176/176/176
f 157/157/157 177/177/177 169/169/169
f 157/157/157 134/134/134 177/177/177
f 174/174/174 178/178/178 175/175/175
f 175/175/175 178/178/178 179/179/179
f 173/173/173 180/180/180 174/174/174
f 173/173/173 176/176/176 180/180/180
f 174/174/174 180/180/180 178/178/178
f 169/169/169 181/181/181 176/176/176
f 169/169/169 177/177/177 181/181/181
f 176/176/176 181/181/181 180/180/180
f 134/134/134 182/182/182 177/177/177
f 182/182/182 181/181/181 177/177/177
f 140/140/140 182/182/182 134/134/134
f 183/183/183 179/179/179 178/178/178
f 180/180/180 183/183/183 178/178/178
f 184/184/184 179/179/179 183/183/183
f 185/185/185 180/180/180 181/181/181
f 185/185/185 181/181/181 182/182/182
f 185/185/185 183/183/183 180/180/180
f 182/182/182 140/140/140 186/186/186
f 185/185/185 182/182/182 186/186/186
f 186/186/186 140/140/140 136/136/136
f 187/187/187 184/184/184 183/183/183
f 188/188/188 184/184/184 187/187/187
f 187/187/187 189/189/189 188/188/188
f 190/190/190 183/183/183 185/185/185
f 190/190/190 187/187/187 183/183/183
f 185/185/185 186/186/186 190/190/190
f 186/186/186 136/136/136 191/191/191
f 191/191/191 136/136/136 139/139/139
f 186/186/186 191/191/191 192/192/192
f 190/190/190 186/186/186 192/192/192
f 191/191/191 139/139/139 192/192/192
f 193/193/193 187/187/187 190/190/190
f 193/193/193 189/189/189 187/187/187
f 190/190/190 192/192/192 193/193/193
f 193/193/193 194/194/194 189/189/189
f 193/193/193 192/192/192 194/194/194
f 189/189/189 194/194/194 195/195/195
f 139/139/139 196/196/196 192/192/192
f 196/196/196 194/194/194 192/192/192
f 197/197/197 196/196/196 139/139/139
f 130/130/130 197/197/197 139/139/139
f 198/198/198 195/195/195 194/194/194
f 198/198/198 199/199/199 195/195/195
f 199/199/199 198/198/198 200/200/200
f 196/196/196 201/201/201 194/194/194
f 196/196/196 197/197/197 201/201/201
f 202/202/202 197/197/197 130/130/130
f 131/131/131 202/202/202 130/130/130
f 203/203/203 202/202/202 131/131/131
f 198/198/198 194/194/194 204/204/204
f 204/204/204 194/194/194 201/201/201
f 198/198/198 205/205/205 200/200/200
f 198/198/198 204/204/204 205/205/205
f 202/202/202 206/206/206 197/197/197
f 206/206/206 201/201/201 197/197/197
f 201/201/201 206/206/206 207/207/207
f 204/204/204 201/201/201 208/208/208
f 204/204/204 208/208/208 205/205/205
f 207/207/207 208/208/208 201/201/201
f 209/209/209 200/200/200 205/205/205
f 208/208/208 209/209/209 205/205/205
f 210/210/210 200/200/200 209/209/209
f 211/211/211 206/206/206 202/202/202
f 203/203/203 211/211/211 202/202/202
f 207/207/207 206/206/206 211/211/211
f 211/211/211 203/203/203 212/212/212
f 212/212/212 203/203/203 213/213/213
f 214/214/214 212/212/212 213/213/213
f 214/214/214 213/213/213 215/215/215
f 214/214/214 215/215/215 216/216/216
f 214/214/214 216/216/216 217/217/217
f 218/218/218 211/211/211 212/212/212
f 207/207/207 211/211/211 218/218/218
f 219/219/219 208/208/208 207/207/207
f 209/209/209 208/208/208 219/219/219
f 220/220/220 210/210/210 209/209/209
f 221/221/221 210/210/210 220/220/220
f 222/222/222 214/214/214 217/217/217
f 217/217/217 223/223/223 222/222/222
f 222/222/222 223/223/223 224/224/224
f 225/225/225 222/222/222 224/224/224
f 226/226/226 222/222/222 225/225/225
f 222/222/222 226/226/226 214/214/214
f 227/227/227 226/226/226 225/225/225
f 226/226/226 228/228/228 214/214/214
f 214/214/214 228/228/228 212/212/212
f 228/228/228 218/218/218 212/212/212
f 229/229/229 226/226/226 227/227/227
f 229/229/229 228/228/228 226/226/226
f 229/229/229 227/227/227 230/230/230
f 231/231/231 230/230/230 227/227/227
f 232/232/232 228/228/228 229/229/229
f 230/230/230 232/232/232 229/229/229
f 233/233/233 230/230/230 231/231/231
f 234/234/234 233/233/233 231/231/231
f 235/235/235 218/218/218 228/228/228
f 228/228/228 232/232/232 235/235/235
f 236/236/236 232/232/232 230/230/230
f 236/236/236 230/230/230 233/233/233
f 234/234/234 237/237/237 233/233/233
f 234/234/234 238/238/238 237/237/237
f 237/237/237 238/238/238 221/221/221
f 237/237/237 221/221/221 220/220/220
f 237/237/237 239/239/239 233/233/233
f 237/237/237 220/220/220 239/239/239
f 239/239/239 236/236/236 233/233/233
f 220/220/220 240/240/240 239/239/239
f 209/209/209 240/240/240 220/220/220
f 219/219/219 240/240/240 209/209/209
f 240/240/240 241/241/241 239/239/239
f 239/239/239 241/241/241 236/236/236
f 219/219/219 241/241/241 240/240/240
f 232/232/232 236/236/236 242/242/242
f 235/235/235 232/232/232 242/242/242
f 241/241/241 243/243/243 236/236/236
f 243/243/243 241/241/241 219/219/219
f 236/236/236 243/243/243 242/242/242
f 242/242/242 243/243/243 244/244/244
f 244/244/244 245/245/245 242/242/242
f 242/242/242 245/245/245 235/235/235
f 235/235/235 245/245/245 246/246/246
f 235/235/235 246/246/246 218/218/218
f 247/247/247 243/243/243 219/219/219
f 218/218/218 246/246/246 248/248/248
f 248/248/248 207/207/207 218/218/218
f 247/247/247 219/219/219 207/207/207
f 247/247/247 207/207/207 248/248/248
f 248/248/248 249/249/249 247/247/247
f 249/249/249 250/250/250 247/247/247
f 253/253/253 252/252/252 251/251/251
f 254/254/254 252/252/252 253/253/253
f 254/254/254 255/255/255 252/252/252
f 256/256/256 254/254/254 253/253/253
f 257/257/257 255/255/255 254/254/254
f 257/257/257 258/258/258 255/255/255
f 259/259/259 254/254/254 256/256/256
f 257/257/257 254/254/254 260/260/260
f 260/260/260 254/254/254 259/259/259
f 261/261/261 258/258/258 257/257/257
f 260/260/260 261/261/261 257/257/257
f 259/259/259 256/256/256 262/262/262
f 262/262/262 256/256/256 263/263/263
f 262/262/262 263/263/263 264/264/264
f 264/264/264 263/263/263 265/265/265
f 264/264/264 265/265/265 266/266/266
f 266/266/266 265/265/265 267/267/267
f 268/268/268 266/266/266 267/267/267
f 269/269/269 260/260/260 259/259/259
f 270/270/270 259/259/259 262/262/262
f 269/269/269 259/259/259 270/270/270
f 264/264/264 271/271/271 262/262/262
f 271/271/271 270/270/270 262/262/262
f 269/269/269 272/272/272 260/260/260
f 272/272/272 261/261/261 260/260/260
f 270/270/270 273/273/273 269/269/269
f 273/273/273 272/272/272 269/269/269
f 274/274/274 261/261/261 272/272/272
f 274/274/274 272/272/272 273/273/273
f 275/275/275 273/273/273 270/270/270
f 275/275/275 270/270/270 271/271/271
f 271/271/271 264/264/264 276/276/276
f 276/276/276 264/264/264 266/266/266
f 275/275/275 277/277/277 273/273/273
f 277/277/277 274/274/274 273/273/273
f 275/275/275 271/271/271 278/278/278
f 278/278/278 271/271/271 276/276/276
f 278/278/278 277/277/277 275/275/275
f 279/279/279 261/261/261 274/274/274
f 279/279/279 258/258/258 261/261/261
f 280/280/280 258/258/258 279/279/279
f 280/280/280 281/281/281 258/258/258
f 282/282/282 281/281/281 280/280/280
f 282/282/282 280/280/280 279/279/279
f 283/283/283 281/281/281 282/282/282
f 284/284/284 279/279/279 274/274/274
f 282/282/282 279/279/279 284/284/284
f 285/285/285 274/274/274 277/277/277
f 285/285/285 284/284/284 274/274/274
f 286/286/286 277/277/277 278/278/278
f 285/285/285 277/277/277 286/286/286
f 287/287/287 278/278/278 276/276/276
f 278/278/278 287/287/287 286/286/286
f 288/288/288 282/282/282 284/284/284
f 285/285/285 288/288/288 284/284/284
f 289/289/289 283/283/283 282/282/282
f 289/289/289 282/282/282 288/288/288
f 290/290/290 283/283/283 289/289/289
f 291/291/291 283/283/283 290/290/290
f 292/292/292 291/291/291 290/290/290
f 290/290/290 289/289/289 293/293/293
f 293/293/293 289/289/289 288/288/288
f 292/292/292 290/290/290 293/293/293
f 294/294/294 288/288/288 285/285/285
f 294/294/294 293/293/293 288/288/288
f 292/292/292 293/293/293 295/295/295
f 295/295/295 293/293/293 294/294/294
f 294/294/294 285/285/285 296/296/296
f 296/296/296 295/295/295 294/294/294
f 296/296/296 285/285/285 286/286/286
f 292/292/292 295/295/295 297/297/297
f 297/297/297 295/295/295 296/296/296
f 297/297/297 298/298/298 292/292/292
f 296/296/296 298/298/298 297/297/297
f 299/299/299 298/298/298 296/296/296
f 286/286/286 299/299/299 296/296/296
f 300/300/300 299/299/299 286/286/286
f 286/286/286 287/287/287 300/300/300
f 301/301/301 300/300/300 287/287/287
f 287/287/287 302/302/302 301/301/301
f 302/302/302 287/287/287 276/276/276
f 301/301/301 302/302/302 303/303/303
f 302/302/302 276/276/276 266/266/266
f 302/302/302 304/304/304 303/303/303
f 304/304/304 302/302/302 266/266/266
f 303/303/303 304/304/304 305/305/305
f 304/304/304 266/266/266 268/268/268
f 304/304/304 268/268/268 305/305/305
f 305/305/305 268/268/268 306/306/306
f 309/309/309 308/308/308 307/307/307
f 307/307/307 308/308/308 310/310/310
f 308/308/308 311/311/311 310/310/310
f 308/308/308 312/312/312 311/311/311
f 311/311/311 312/312/312 313/313/313
f 310/310/310 311/311/311 314/314/314
f 311/311/311 313/313/313 314/314/314
f 314/314/314 313/313/313 315/315/315
f 313/313/313 316/316/316 315/315/315
f 313/313/313 312/312/312 316/316/316
f 315/315/315 316/316/316 317/317/317
f 316/316/316 318/318/318 317/317/317
f 316/316/316 312/312/312 318/318/318
f 317/317/317 318/318/318 319/319/319
f 318/318/318 320/320/320 319/319/319
f 318/318/318 312/312/312 320/320/320
f 319/319/319 320/320/320 321/321/321
f 320/320/320 322/322/322 321/321/321
f 320/320/320 312/312/312 322/322/322
f 321/321/321 322/322/322 323/323/323
f 322/322/322 324/324/324 323/323/323
f 322/322/322 312/312/312 324/324/324
f 323/323/323 324/324/324 325/325/325
f 324/324/324 312/312/312 326/326/326
f 324/324/324 326/326/326 325/325/325
f 326/326/326 312/312/312 327/327/327
f 325/325/325 326/326/326 328/328/328
f 326/326/326 327/327/327 328/328/328
f 331/331/331 330/330/330 329/329/329
f 332/332/332 331/331/331 329/329/329
f 332/332/332 329/329/329 333/333/333
f 334/334/334 331/331/331 332/332/332
f 334/334/334 335/335/335 331/331/331
f 336/336/336 334/334/334 332/332/332
f 337/337/337 332/332/332 333/333/333
f 336/336/336 332/332/332 337/337/337
f 337/337/337 333/333/333 338/338/338
f 339/339/339 336/336/336 337/337/337
f 340/340/340 337/337/337 338/338/338
f 339/339/339 337/337/337 340/340/340
f 340/340/340 338/338/338 341/341/341
f 342/342/342 339/339/339 340/340/340
f 342/342/342 340/340/340 341/341/341
f 342/342/342 343/343/343 339/339/339
f 342/342/342 341/341/341 344/344/344
f 345/345/345 343/343/343 342/342/342
f 345/345/345 342/342/342 344/344/344
f 345/345/345 346/346/346 343/343/343
f 346/346/346 345/345/345 347/347/347
f 345/345/345 344/344/344 348/348/348
f 347/347/347 345/345/345 348/348/348
f 346/346/346 347/347/347 349/349/349
f 348/348/348 350/350/350 347/347/347
f 350/350/350 351/351/351 347/347/347
f 351/351/351 352/352/352 347/347/347
f 349/349/349 347/347/347 353/353/353
f 352/352/352 353/353/353 347/347/347
f 353/353/353 352/352/352 354/354/354
f 355/355/355 353/353/353 354/354/354
f 355/355/355 354/354/354 356/356/356
f 357/357/357 355/355/355 356/356/356
f 360/360/360 359/359/359 358/358/358
f 358/358/358 359/359/359 361/361/361
f 361/361/361 359/359/359 362/362/362
f 362/362/362 359/359/359 363/363/363
f 363/363/363 359/359/359 364/364/364
f 364/364/364 359/359/359 365/365/365
f 365/365/365 359/359/359 366/366/366
f 366/366/366 359/359/359 367/367/367
f 366/366/366 367/367/367 368/368/368
f 368/368/368 367/367/367 369/369/369
f 368/368/368 369/369/369 370/370/370
f 367/367/367 371/371/371 369/369/369
f 367/367/367 372/372/372 371/371/371
f 359/359/359 372/372/372 367/367/367
f 372/372/372 373/373/373 371/371/371
f 359/359/359 374/374/374 372/372/372
f 372/372/372 374/374/374 373/373/373
f 374/374/374 359/359/359 375/375/375
f 374/374/374 376/376/376 373/373/373
f 374/374/374 375/375/375 376/376/376
f 379/379/379 378/378/378 377/377/377
f 378/378/378 380/380/380 377/377/377
f 378/378/378 381/381/381 380/380/380
f 380/380/380 381/381/381 382/382/382
f 381/381/381 383/383/383 382/382/382
f 382/382/382 383/383/383 384/384/384
f 385/385/385 384/384/384 383/383/383
f 386/386/386 384/384/384 385/385/385
f 387/387/387 386/386/386 385/385/385
f 388/388/388 386/386/386 387/387/387
f 387/387/387 389/389/389 388/388/388
f 388/388/388 389/389/389 390/390/390
f 393/393/393 392/392/392 391/391/391
f 392/392/392 394/394/394 391/391/391
f 391/391/391 394/394/394 395/395/395
f 396/396/396 394/394/394 392/392/392
f 392/392/392 397/397/397 396/396/396
f 395/395/395 394/394/394 398/398/398
f 398/398/398 394/394/394 396/396/396
f 398/398/398 399/399/399 395/395/395
f 399/399/399 400/400/400 395/395/395
f 401/401/401 396/396/396 397/397/397
f 402/402/402 401/401/401 397/397/397
f 402/402/402 403/403/403 401/401/401
f 404/404/404 398/398/398 396/396/396
f 404/404/404 399/399/399 398/398/398
f 396/396/396 401/401/401 404/404/404
f 401/401/401 403/403/403 405/405/405
f 405/405/405 403/403/403 406/406/406
f 404/404/404 401/401/401 407/407/407
f 407/407/407 401/401/401 405/405/405
f 405/405/405 406/406/406 408/408/408
f 408/408/408 406/406/406 409/409/409
f 410/410/410 400/400/400 399/399/399
f 411/411/411 400/400/400 410/410/410
f 412/412/412 399/399/399 404/404/404
f 404/404/404 407/407/407 412/412/412
f 407/407/407 405/405/405 413/413/413
f 413/413/413 405/405/405 408/408/408
f 413/413/413 414/414/414 407/407/407
f 414/414/414 415/415/415 407/407/407
f 407/407/407 415/415/415 412/412/412
f 416/416/416 399/399/399 412/412/412
f 412/412/412 415/415/415 416/416/416
f 413/413/413 408/408/408 417/417/417
f 414/414/414 413/413/413 417/417/417
f 408/408/408 409/409/409 418/418/418
f 417/417/417 408/408/408 418/418/418
f 410/410/410 399/399/399 419/419/419
f 399/399/399 416/416/416 419/419/419
f 420/420/420 411/411/411 410/410/410
f 420/420/420 421/421/421 411/411/411
f 415/415/415 422/422/422 416/416/416
f 422/422/422 415/415/415 414/414/414
f 418/418/418 409/409/409 423/423/423
f 409/409/409 424/424/424 423/423/423
f 423/423/423 424/424/424 425/425/425
f 426/426/426 423/423/423 425/425/425
f 427/427/427 423/423/423 426/426/426
f 418/418/418 423/423/423 427/427/427
f 428/428/428 427/427/427 426/426/426
f 429/429/429 418/418/418 427/427/427
f 417/417/417 418/418/418 429/429/429
f 430/430/430 427/427/427 428/428/428
f 429/429/429 427/427/427 430/430/430
f 431/431/431 430/430/430 428/428/428
f 430/430/430 431/431/431 432/432/432
f 433/433/433 417/417/417 429/429/429
f 414/414/414 417/417/417 433/433/433
f 434/434/434 429/429/429 430/430/430
f 433/433/433 429/429/429 434/434/434
f 435/435/435 430/430/430 432/432/432
f 434/434/434 430/430/430 435/435/435
f 436/436/436 433/433/433 434/434/434
f 436/436/436 434/434/434 435/435/435
f 437/437/437 435/435/435 432/432/432
f 436/436/436 435/435/435 437/437/437
f 438/438/438 437/437/437 432/432/432
f 436/436/436 439/439/439 433/433/433
f 414/414/414 433/433/433 439/439/439
f 440/440/440 436/436/436 437/437/437
f 440/440/440 439/439/439 436/436/436
f 441/441/441 437/437/437 438/438/438
f 440/440/440 437/437/437 441/441/441
f 442/442/442 440/440/440 441/441/441
f 443/443/443 441/441/441 438/438/438
f 443/443/443 444/444/444 441/441/441
f 444/444/444 445/445/445 441/441/441
f 441/441/441 445/445/445 442/442/442
f 444/444/444 446/446/446 445/445/445
f 446/446/446 447/447/447 445/445/445
f 445/445/445 447/447/447 442/442/442
f 446/446/446 448/448/448 447/447/447
f 448/448/448 449/449/449 447/447/447
f 447/447/447 449/449/449 442/442/442
f 449/449/449 448/448/448 450/450/450
f 440/440/440 451/451/451 439/439/439
f 451/451/451 440/440/440 442/442/442
f 452/452/452 449/449/449 450/450/450
f 452/452/452 450/450/450 453/453/453
f 454/454/454 452/452/452 453/453/453
f 449/449/449 455/455/455 442/442/442
f 455/455/455 449/449/449 452/452/452
f 456/456/456 452/452/452 454/454/454
f 456/456/456 455/455/455 452/452/452
f 457/457/457 456/456/456 454/454/454
f 458/458/458 442/442/442 455/455/455
f 451/451/451 442/442/442 458/458/458
f 459/459/459 439/439/439 451/451/451
f 414/414/414 439/439/439 459/459/459
f 460/460/460 455/455/455 456/456/456
f 458/458/458 455/455/455 460/460/460
f 461/461/461 456/456/456 457/457/457
f 460/460/460 456/456/456 461/461/461
f 461/461/461 457/457/457 462/462/462
f 463/463/463 451/451/451 458/458/458
f 459/459/459 451/451/451 463/463/463
f 463/463/463 458/458/458 460/460/460
f 464/464/464 414/414/414 459/459/459
f 463/463/463 464/464/464 459/459/459
f 464/464/464 422/422/422 414/414/414
f 462/462/462 465/465/465 461/461/461
f 465/465/465 460/460/460 461/461/461
f 462/462/462 466/466/466 465/465/465
f 460/460/460 467/467/467 463/463/463
f 463/463/463 467/467/467 464/464/464
f 465/465/465 467/467/467 460/460/460
f 422/422/422 464/464/464 468/468/468
f 464/464/464 467/467/467 468/468/468
f 422/422/422 468/468/468 416/416/416
f 466/466/466 469/469/469 465/465/465
f 466/466/466 470/470/470 469/469/469
f 471/471/471 469/469/469 470/470/470
f 465/465/465 472/472/472 467/467/467
f 469/469/469 472/472/472 465/465/465
f 468/468/468 467/467/467 472/472/472
f 416/416/416 468/468/468 473/473/473
f 416/416/416 473/473/473 419/419/419
f 473/473/473 468/468/468 474/474/474
f 468/468/468 472/472/472 474/474/474
f 419/419/419 473/473/473 474/474/474
f 469/469/469 475/475/475 472/472/472
f 471/471/471 475/475/475 469/469/469
f 474/474/474 472/472/472 475/475/475
f 476/476/476 475/475/475 471/471/471
f 474/474/474 475/475/475 476/476/476
f 476/476/476 471/471/471 477/477/477
f 478/478/478 419/419/419 474/474/474
f 476/476/476 478/478/478 474/474/474
f 478/478/478 479/479/479 419/419/419
f 479/479/479 410/410/410 419/419/419
f 479/479/479 420/420/420 410/410/410
f 479/479/479 478/478/478 480/480/480
f 480/480/480 478/478/478 476/476/476
f 477/477/477 481/481/481 476/476/476
f 482/482/482 481/481/481 477/477/477
f 481/481/481 482/482/482 483/483/483
f 484/484/484 420/420/420 479/479/479
f 480/480/480 484/484/484 479/479/479
f 484/484/484 480/480/480 485/485/485
f 484/484/484 486/486/486 420/420/420
f 484/484/484 485/485/485 486/486/486
f 486/486/486 421/421/421 420/420/420
f 476/476/476 487/487/487 480/480/480
f 476/476/476 481/481/481 487/487/487
f 488/488/488 481/481/481 483/483/483
f 487/487/487 481/481/481 488/488/488
f 480/480/480 487/487/487 489/489/489
f 489/489/489 487/487/487 488/488/488
f 489/489/489 485/485/485 480/480/480
f 483/483/483 490/490/490 488/488/488
f 490/490/490 489/489/489 488/488/488
f 483/483/483 491/491/491 490/490/490
f 421/421/421 486/486/486 492/492/492
f 421/421/421 492/492/492 493/493/493
f 492/492/492 494/494/494 493/493/493
f 493/493/493 494/494/494 495/495/495
f 495/495/495 494/494/494 496/496/496
f 496/496/496 494/494/494 497/497/497
f 486/486/486 498/498/498 492/492/492
f 486/486/486 485/485/485 498/498/498
f 489/489/489 499/499/499 485/485/485
f 489/489/489 490/490/490 499/499/499
f 491/491/491 500/500/500 490/490/490
f 491/491/491 501/501/501 500/500/500
f 494/494/494 502/502/502 497/497/497
f 503/503/503 497/497/497 502/502/502
f 503/503/503 502/502/502 504/504/504
f 502/502/502 505/505/505 504/504/504
f 502/502/502 506/506/506 505/505/505
f 506/506/506 502/502/502 494/494/494
f 506/506/506 507/507/507 505/505/505
f 508/508/508 506/506/506 494/494/494
f 508/508/508 494/494/494 492/492/492
f 498/498/498 508/508/508 492/492/492
f 506/506/506 509/509/509 507/507/507
f 508/508/508 509/509/509 506/506/506
f 507/507/507 509/509/509 510/510/510
f 510/510/510 511/511/511 507/507/507
f 508/508/508 512/512/512 509/509/509
f 512/512/512 510/510/510 509/509/509
f 510/510/510 513/513/513 511/511/511
f 513/513/513 514/514/514 511/511/511
f 498/498/498 515/515/515 508/508/508
f 512/512/512 508/508/508 515/515/515
f 512/512/512 516/516/516 510/510/510
f 510/510/510 516/516/516 513/513/513
f 517/517/517 514/514/514 513/513/513
f 518/518/518 514/514/514 517/517/517
f 518/518/518 517/517/517 501/501/501
f 501/501/501 517/517/517 500/500/500
f 519/519/519 517/517/517 513/513/513
f 500/500/500 517/517/517 519/519/519
f 516/516/516 519/519/519 513/513/513
f 520/520/520 500/500/500 519/519/519
f 520/520/520 490/490/490 500/500/500
f 520/520/520 499/499/499 490/490/490
f 521/521/521 520/520/520 519/519/519
f 521/521/521 519/519/519 516/516/516
f 521/521/521 499/499/499 520/520/520
f 516/516/516 512/512/512 522/522/522
f 512/512/512 515/515/515 522/522/522
f 523/523/523 521/521/521 516/516/516
f 521/521/521 523/523/523 499/499/499
f 523/523/523 516/516/516 522/522/522
f 523/523/523 522/522/522 524/524/524
f 525/525/525 524/524/524 522/522/522
f 525/525/525 522/522/522 515/515/515
f 525/525/525 515/515/515 526/526/526
f 498/498/498 526/526/526 515/515/515
f 523/523/523 527/527/527 499/499/499
f 498/498/498 528/528/528 526/526/526
f 485/485/485 528/528/528 498/498/498
f 499/499/499 527/527/527 485/485/485
f 485/485/485 527/527/527 528/528/528
f 529/529/529 528/528/528 527/527/527
f 530/530/530 529/529/529 527/527/527
f 533/533/533 532/532/532 531/531/531
f 533/533/533 534/534/534 532/532/532
f 535/535/535 534/534/534 533/533/533
f 534/534/534 536/536/536 532/532/532
f 535/535/535 537/537/537 534/534/534
f 538/538/538 537/537/537 535/535/535
f 534/534/534 539/539/539 536/536/536
f 534/534/534 537/537/537 540/540/540
f 534/534/534 540/540/540 539/539/539
f 538/538/538 541/541/541 537/537/537
f 541/541/541 540/540/540 537/537/537
f 536/536/536 539/539/539 542/542/542
f 536/536/536 542/542/542 543/543/543
f 543/543/543 542/542/542 544/544/544
f 543/543/543 544/544/544 545/545/545
f 545/545/545 544/544/544 546/546/546
f 545/545/545 546/546/546 547/547/547
f 546/546/546 548/548/548 547/547/547
f 540/540/540 549/549/549 539/539/539
f 539/539/539 550/550/550 542/542/542
f 539/539/539 549/549/549 550/550/550
f 551/551/551 544/544/544 542/542/542
f 550/550/550 551/551/551 542/542/542
f 552/552/552 549/549/549 540/540/540
f 541/541/541 552/552/552 540/540/540
f 553/553/553 550/550/550 549/549/549
f 552/552/552 553/553/553 549/549/549
f 541/541/541 554/554/554 552/552/552
f 552/552/552 554/554/554 553/553/553
f 553/553/553 555/555/555 550/550/550
f 550/550/550 555/555/555 551/551/551
f 544/544/544 551/551/551 556/556/556
f 544/544/544 556/556/556 546/546/546
f 557/557/557 555/555/555 553/553/553
f 554/554/554 557/557/557 553/553/553
f 551/551/551 555/555/555 558/558/558
f 551/551/551 558/558/558 556/556/556
f 557/557/557 558/558/558 555/555/555
f 541/541/541 559/559/559 554/554/554
f 538/538/538 559/559/559 541/541/541
f 538/538/538 560/560/560 559/559/559
f 561/561/561 560/560/560 538/538/538
f 561/561/561 562/562/562 560/560/560
f 560/560/560 562/562/562 559/559/559
f 561/561/561 563/563/563 562/562/562
f 559/559/559 564/564/564 554/554/554
f 559/559/559 562/562/562 564/564/564
f 554/554/554 565/565/565 557/557/557
f 564/564/564 565/565/565 554/554/554
f 557/557/557 566/566/566 558/558/558
f 557/557/557 565/565/565 566/566/566
f 558/558/558 567/567/567 556/556/556
f 567/567/567 558/558/558 566/566/566
f 562/562/562 568/568/568 564/564/564
f 568/568/568 565/565/565 564/564/564
f 563/563/563 569/569/569 562/562/562
f 562/562/562 569/569/569 568/568/568
f 563/563/563 570/570/570 569/569/569
f 563/563/563 571/571/571 570/570/570
f 571/571/571 572/572/572 570/570/570
f 569/569/569 570/570/570 573/573/573
f 569/569/569 573/573/573 568/568/568
f 570/570/570 572/572/572 573/573/573
f 568/568/568 574/574/574 565/565/565
f 573/573/573 574/574/574 568/568/568
f 573/573/573 572/572/572 575/575/575
f 573/573/573 575/575/575 574/574/574
f 565/565/565 574/574/574 576/576/576
f 575/575/575 576/576/576 574/574/574
f 565/565/565 576/576/576 566/566/566
f 575/575/575 572/572/572 577/577/577
f 575/575/575 577/577/577 576/576/576
f 578/578/578 577/577/577 572/572/572
f 578/578/578 576/576/576 577/577/577
f 578/578/578 579/579/579 576/576/576
f 579/579/579 566/566/566 576/576/576
f 579/579/579 580/580/580 566/566/566
f 567/567/567 566/566/566 580/580/580
f 580/580/580 581/581/581 567/567/567
f 582/582/582 567/567/567 581/581/581
f 567/567/567 582/582/582 556/556/556
f 582/582/582 581/581/581 583/583/583
f 556/556/556 582/582/582 546/546/546
f 584/584/584 582/582/582 583/583/583
f 582/582/582 584/584/584 546/546/546
f 584/584/584 583/583/583 585/585/585
f 546/546/546 584/584/584 548/548/548
f 548/548/548 584/584/584 585/585/585
f 548/548/548 585/585/585 586/586/586
f 589/589/589 588/588/588 587/587/587
f 589/589/589 587/587/587 590/590/590
f 591/591/591 589/589/589 590/590/590
f 592/592/592 589/589/589 591/591/591
f 592/592/592 591/591/591 593/593/593
f 591/591/591 590/590/590 594/594/594
f 593/593/593 591/591/591 594/594/594
f 593/593/593 594/594/594 595/595/595
f 596/596/596 593/593/593 595/595/595
f 592/592/592 593/593/593 596/596/596
f 596/596/596 595/595/595 597/597/597
f 598/598/598 596/596/596 597/597/597
f 592/592/592 596/596/596 598/598/598
f 598/598/598 597/597/597 599/599/599
f 600/600/600 598/598/598 599/599/599
f 592/592/592 598/598/598 600/600/600
f 600/600/600 599/599/599 601/601/601
f 602/602/602 600/600/600 601/601/601
f 592/592/592 600/600/600 602/602/602
f 602/602/602 601/601/601 603/603/603
f 604/604/604 602/602/602 603/603/603
f 592/592/592 602/602/602 604/604/604
f 604/604/604 603/603/603 605/605/605
f 592/592/592 604/604/604 606/606/606
f 606/606/606 604/604/604 605/605/605
f 592/592/592 606/606/606 607/607/607
f 606/606/606 605/605/605 608/608/608
f 607/607/607 606/606/606 608/608/608
f 611/611/611 610/610/610 609/609/609
f 610/610/610 612/612/612 609/609/609
f 609/609/609 612/612/612 613/613/613
f 610/610/610 614/614/614 612/612/612
f 615/615/615 614/614/614 610/610/610
f 614/614/614 616/616/616 612/612/612
f 612/612/612 617/617/617 613/613/613
f 612/612/612 616/616/616 617/617/617
f 613/613/613 617/617/617 618/618/618
f 616/616/616 619/619/619 617/617/617
f 617/617/617 620/620/620 618/618/618
f 617/617/617 619/619/619 620/620/620
f 618/618/618 620/620/620 621/621/621
f 619/619/619 622/622/622 620/620/620
f 620/620/620 622/622/622 621/621/621
f 623/623/623 622/622/622 619/619/619
f 621/621/621 622/622/622 624/624/624
f 623/623/623 625/625/625 622/622/622
f 622/622/622 625/625/625 624/624/624
f 626/626/626 625/625/625 623/623/623
f 625/625/625 626/626/626 627/627/627
f 624/624/624 625/625/625 628/628/628
f 625/625/625 627/627/627 628/628/628
f 627/627/627 626/626/626 629/629/629
f 630/630/630 628/628/628 627/627/627
f 631/631/631 630/630/630 627/627/627
f 632/632/632 631/631/631 627/627/627
f 627/627/627 629/629/629 633/633/633
f 633/633/633 632/632/632 627/627/627
f 632/632/632 633/633/633 634/634/634
f 633/633/633 635/635/635 634/634/634
f 634/634/634 635/635/635 636/636/636
f 635/635/635 637/637/637 636/636/636
f 640/640/640 639/639/639 638/638/638
f 640/640/640 638/638/638 641/641/641
f 640/640/640 641/641/641 642/642/642
f 640/640/640 642/642/642 643/643/643
f 640/640/640 643/643/643 644/644/644
f 640/640/640 644/644/644 645/645/645
f 640/640/640 645/645/645 646/646/646
f 640/640/640 646/646/646 647/647/647
f 647/647/647 646/646/646 648/648/648
f 647/647/647 648/648/648 649/649/649
f 649/649/649 648/648/648 650/650/650
f 651/651/651 647/647/647 649/649/649
f 652/652/652 647/647/647 651/651/651
f 652/652/652 640/640/640 647/647/647
f 653/653/653 652/652/652 651/651/651
f 654/654/654 640/640/640 652/652/652
f 654/654/654 652/652/652 653/653/653
f 640/640/640 654/654/654 655/655/655
f 656/656/656 654/654/654 653/653/653
f 655/655/655 654/654/654 656/656/656
f 659/659/659 658/658/658 657/657/657
f 658/658/658 660/660/660 657/657/657
f 657/657/657 660/660/660 661/661/661
f 660/660/660 662/662/662 661/661/661
f 658/658/658 662/662/662 660/660/660
f 661/661/661 662/662/662 663/663/663
f 664/664/664 658/658/658 659/659/659
f 664/664/664 662/662/662 658/658/658
f 665/665/665 664/664/664 659/659/659
f 666/666/666 664/664/664 665/665/665
f 666/666/666 662/662/662 664/664/664
f 667/667/667 666/666/666 665/665/665
f 668/668/668 666/666/666 667/667/667
f 668/668/668 662/662/662 666/666/666
f 669/669/669 668/668/668 667/667/667
f 670/670/670 668/668/668 669/669/669
f 670/670/670 662/662/662 668/668/668
f 671/671/671 670/670/670 669/669/669
f 663/663/663 672/672/672 671/671/671
f 662/662/662 672/672/672 663/663/663
f 672/672/672 662/662/662 670/670/670
f 672/672/672 670/670/670 671/671/671
f 675/675/675 674/674/674 673/673/673
f 676/676/676 675/675/675 673/673/673
f 676/676/676 673/673/673 677/677/677
f 678/678/678 676/676/676 677/677/677
f 678/678/678 675/675/675 676/676/676
f 678/678/678 677/677/677 679/679/679
f 675/675/675 680/680/680 674/674/674
f 678/678/678 680/680/680 675/675/675
f 680/680/680 681/681/681 674/674/674
f 680/680/680 682/682/682 681/681/681
f 678/678/678 682/682/682 680/680/680
f 682/682/682 683/683/683 681/681/681
f 682/682/682 684/684/684 683/683/683
f 678/678/678 684/684/684 682/682/682
f 684/684/684 685/685/685 683/683/683
f 684/684/684 686/686/686 685/685/685
f 678/678/678 686/686/686 684/684/684
f 686/686/686 687/687/687 685/685/685
f 688/688/688 679/679/679 687/687/687
f 688/688/688 678/678/678 679/679/679
f 678/678/678 688/688/688 686/686/686
f 686/686/686 688/688/688 687/687/687
f 691/691/691 690/690/690 689/689/689
f 692/692/692 691/691/691 689/689/689
f 692/692/692 689/689/689 693/693/693
f 694/694/694 692/692/692 693/693/693
f 694/694/694 691/691/691 692/692/692
f 694/694/694 693/693/693 695/695/695
f 691/691/691 696/696/696 690/690/690
f 694/694/694 696/696/696 691/691/691
f 696/696/696 697/697/697 690/690/690
f 696/696/696 698/698/698 697/697/697
f 694/694/694 698/698/698 696/696/696
f 698/698/698 699/699/699 697/697/697
f 698/698/698 700/700/700 699/699/699
f 694/694/694 700/700/700 698/698/698
f 700/700/700 701/701/701 699/699/699
f 700/700/700 702/702/702 701/701/701
f 694/694/694 702/702/702 700/700/700
f 702/702/702 703/703/703 701/701/701
f 704/704/704 695/695/695 703/703/703
f 704/704/704 694/694/694 695/695/695
f 694/694/694 704/704/704 702/702/702
f 702/702/702 704/704/704 703/703/703
f 707/707/707 706/706/706 705/705/705
f 706/706/706 708/708/708 705/705/705
f 705/705/705 708/708/708 709/709/709
f 708/708/708 710/710/710 709/709/709
f 706/706/706 710/710/710 708/708/708
f 709/709/709 710/710/710 711/711/711
f 712/712/712 706/706/706 707/707/707
f 712/712/712 710/710/710 706/706/706
f 713/713/713 712/712/712 707/707/707
f 714/714/714 712/712/712 713/713/713
f 714/714/714 710/710/710 712/712/712
f 715/715/715 714/714/714 713/713/713
f 716/716/716 714/714/714 715/715/715
f 716/716/716 710/710/710 714/714/714
f 717/717/717 716/716/716 715/715/715
f 718/718/718 716/716/716 717/717/717
f 718/718/718 710/710/710 716/716/716
f 719/719/719 718/718/718 717/717/717
f 711/711/711 720/720/720 719/719/719
f 710/710/710 720/720/720 711/711/711
f 720/720/720 710/710/710 718/718/718
f 720/720/720 718/718/718 719/719/719
