g ItemBoxClose
v -5.16404533 21.5546684 -39.6807938
v -7.30652046 1.66708922 -26.405117
v -21.0405407 15.955759 -12.1818981
v 18.8088264 15.955759 10.8251438
v 24.2594852 1.66708922 -8.18047523
v 34.685318 21.5546684 -16.6737518
v -5.41636658 26.2021046 -38.2884026
v -20.827734 20.7710476 -11.5951281
v -14.0445929 41.2563782 -21.8306351
v 23.6669064 41.256382 -0.0578951612
v 18.1942654 20.7710476 10.9342337
v 33.6056328 26.2021027 -15.7590389
v 35.9929733 3.23365235 -18.9955444
v 36.6930923 21.6838722 -16.3606815
v -3.80713844 3.23365235 -41.9741516
v -6.4390564 21.6838722 -41.2630386
v 20.6668129 -2.17117858 7.55014324
v -19.1332989 -2.17117858 -15.428463
v -23.0483112 15.8265543 -12.4949665
v 20.0838356 15.8265543 12.4073906
v 35.9929733 3.23365235 -18.9955444
v 36.6930923 21.6838722 -16.3606815
v -19.1332989 -2.17117858 -15.428463
v -3.80713844 3.23365235 -41.9741516
v -23.0483112 15.8265543 -12.4949665
v -6.4390564 21.6838722 -41.2630386
v 24.2594852 1.66708922 -8.18047523
v -7.30652046 1.66708922 -26.405117
v 34.685318 21.5546684 -16.6737518
v -5.16404533 21.5546684 -39.6807938
v -21.0405407 15.955759 -12.1818981
v -7.30652046 1.66708922 -26.405117
v 18.8088264 15.955759 10.8251438
v 24.2594852 1.66708922 -8.18047523
v -5.41636658 26.2021046 -38.2884026
v -14.0445929 41.2563782 -21.8306351
v 33.6056328 26.2021027 -15.7590389
v 23.6669064 41.256382 -0.0578951612
v -20.827734 20.7710476 -11.5951281
v 18.1942654 20.7710476 10.9342337
v -14.0445929 41.2563782 -21.8306351
v 23.6669064 41.256382 -0.0578951612
v -7.1989193 26.4237461 -40.7698441
v 36.6459045 26.4237232 -15.4560261
v -8.40148354 33.6636696 -38.6869431
v 35.4433441 33.6636696 -13.3731308
v 11.2033558 39.9876823 -22.0158787
v -10.7190495 39.9876823 -34.6727982
v 33.1257668 39.9876823 -9.35896873
v 10.4816122 41.3107109 -20.7657833
v 6.34597635 42.9357147 -19.402935
v 11.3691692 42.9357147 -16.5027924
v 3.15714169 43.2657013 -20.3040733
v 13.7439947 43.2656975 -14.1917515
v -13.4718437 43.265686 -29.9048195
v 30.3729782 43.2656898 -4.59100056
v -0.801546097 43.9279976 -18.8988304
v -17.3374424 43.9580154 -23.2094154
v -3.81100512 43.9686432 -15.39779
v 14.5030632 43.9655609 -10.055089
v 26.5073853 43.9580078 2.10441208
v 12.9790897 43.9686394 -5.70399427
v -13.4718437 43.265686 -29.9048195
v -8.40148354 33.6636696 -38.6869431
v -10.7190495 39.9876823 -34.6727982
v -17.3374424 43.9580154 -23.2094154
v -23.9755592 28.1752605 -11.7118521
v -7.1989193 26.4237461 -40.7698441
v -23.8680172 20.5494423 -11.898119
v -20.8518105 40.6645088 -17.1223412
v -22.8784637 35.7018967 -13.6120758
v 35.4433441 33.6636696 -13.3731308
v 30.3729782 43.2656898 -4.59100056
v 33.1257668 39.9876823 -9.35896873
v 26.5073853 43.9580078 2.10441208
v 19.8692589 28.1752586 13.6019764
v 22.9930115 40.6645088 8.19147873
v 20.9663677 35.7018814 11.7017279
v 19.9768085 20.5494423 13.4156933
v 36.6459045 26.4237232 -15.4560261
v -23.8680172 20.5494423 -11.898119
v -23.9755592 28.1752605 -11.7118521
v 19.9768085 20.5494423 13.4156933
v 19.8692589 28.1752586 13.6019764
v -0.956043482 35.7018852 -0.955182076
v -22.8784637 35.7018967 -13.6120758
v 20.9663677 35.7018814 11.7017279
v -0.50392586 37.4386711 -1.73827267
v -1.76709306 40.0761452 -5.35068798
v 3.25610447 40.0761337 -2.45055103
v -4.222826 40.6645088 -7.52159214
v 6.36402988 40.6645088 -1.40927696
v -20.8518105 40.6645088 -17.1223412
v 22.9930115 40.6645088 8.19147873
v -5.18494701 42.2689819 -11.3065577
v -17.3374424 43.9580154 -23.2094154
v -3.81100512 43.9686432 -15.39779
v 10.1098976 42.417141 -2.44590139
v 26.5073853 43.9580078 2.10441208
v 12.9790897 43.9686394 -5.70399427
v -24.9249172 20.2166786 -10.4979191
v -5.4207077 26.1984062 -38.4367676
v -20.9539604 20.7243805 -11.5323839
v -6.5103302 26.7060776 -42.3929214
v 33.7362862 26.1984062 -15.8294544
v 37.7072487 26.706089 -16.8639259
v 18.203043 20.7243843 11.0749149
v 19.2926483 20.2166786 15.0311012
v -20.9539604 20.7243805 -11.5323839
v -24.9249172 20.2166786 -10.4979191
v -5.20229721 23.9026794 -38.7523003
v -24.6795979 17.928257 -10.8523521
v -20.7141075 18.4353466 -11.8853836
v -6.29037476 24.4097481 -42.7029839
v 33.9003448 23.9026604 -16.1763763
v 37.8657722 24.4097404 -17.209404
v 18.3888206 18.4353485 10.6907024
v 19.4769402 17.9282665 14.6414261
v -20.7141075 18.4353466 -11.8853836
v -24.6795979 17.928257 -10.8523521
v 37.8657722 24.4097404 -17.209404
v 37.7072487 26.706089 -16.8639259
v -6.29037476 24.4097481 -42.7029839
v -6.5103302 26.7060776 -42.3929214
v -24.6795979 17.928257 -10.8523521
v -24.9249172 20.2166786 -10.4979191
v 33.9003448 23.9026604 -16.1763763
v -5.4207077 26.1984062 -38.4367676
v 33.7362862 26.1984062 -15.8294544
v -5.20229721 23.9026794 -38.7523003
v -20.9539604 20.7243805 -11.5323839
v -20.7141075 18.4353466 -11.8853836
v -24.6795979 17.928257 -10.8523521
v -24.9249172 20.2166786 -10.4979191
v 19.4769402 17.9282665 14.6414261
v 19.2926483 20.2166786 15.0311012
v 37.8657722 24.4097404 -17.209404
v 37.7072487 26.706089 -16.8639259
v -20.7141075 18.4353466 -11.8853836
v 18.203043 20.7243843 11.0749149
v -20.9539604 20.7243805 -11.5323839
v 18.3888206 18.4353485 10.6907024
v 33.7362862 26.1984062 -15.8294544
v 33.9003448 23.9026604 -16.1763763
v -24.242094 15.444437 -11.2835197
v -20.3020477 15.9485359 -12.3098888
v -4.88992691 21.3836803 -39.0044632
v -5.97108841 21.8877792 -42.9298286
v 33.9625435 21.3836803 -16.572979
v 37.9025917 21.8877792 -17.5993481
v 18.5504227 15.9485359 10.1215954
v 19.6315842 15.444437 14.0469608
v -20.3020477 15.9485359 -12.3098888
v -24.242094 15.444437 -11.2835197
v 33.927845 23.2719669 -16.296814
v -5.11174393 23.2719669 -38.8363304
v -6.19811249 23.7784939 -42.7806015
v 37.8868713 23.7784939 -17.3281269
v 18.4414978 17.8106461 10.5263252
v 19.5278664 17.3041191 14.4705973
v -20.5980911 17.8106461 -12.0131912
v -24.5571156 17.3041191 -10.9818802
v -6.19811249 23.7784939 -42.7806015
v -5.11174393 23.2719669 -38.8363304
v -24.5571156 17.3041191 -10.9818802
v -20.5980911 17.8106461 -12.0131912
v 37.8868713 23.7784939 -17.3281269
v -6.19811249 23.7784939 -42.7806015
v 37.9025917 21.8877792 -17.5993481
v -5.97108841 21.8877792 -42.9298286
v -24.5571156 17.3041191 -10.9818802
v -24.242094 15.444437 -11.2835197
v 33.927845 23.2719669 -16.296814
v 33.9625435 21.3836803 -16.572979
v -4.88992691 21.3836803 -39.0044632
v -5.11174393 23.2719669 -38.8363304
v -20.3020477 15.9485359 -12.3098888
v -20.5980911 17.8106461 -12.0131912
v -24.5571156 17.3041191 -10.9818802
v 19.5278664 17.3041191 14.4705973
v -24.242094 15.444437 -11.2835197
v 19.6315842 15.444437 14.0469608
v 37.8868713 23.7784939 -17.3281269
v 37.9025917 21.8877792 -17.5993481
v -20.5980911 17.8106461 -12.0131912
v -20.3020477 15.9485359 -12.3098888
v 18.5504227 15.9485359 10.1215954
v 18.4414978 17.8106461 10.5263252
v 33.9625435 21.3836803 -16.572979
v 33.927845 23.2719669 -16.296814
v 18.8247375 19.9982357 -26.0346069
v 16.9000874 18.3031826 -27.4093246
v 14.6844997 22.4397774 -28.0453987
v 19.8072376 22.4580936 -25.0848961
v 19.2717705 24.6369171 -25.0503845
v 19.6958504 24.4514217 -24.839344
v 17.1408386 28.2239933 -25.5505924
v 18.8967514 26.0912724 -24.9708862
v 19.4259129 26.4194431 -24.5985985
v 15.9107065 29.8770447 -25.9243736
v 14.0699787 29.9069748 -26.9810162
v 18.0598831 30.9015846 -24.4750175
v 18.549799 29.76968 -24.4225883
v 20.6361179 29.4352646 -23.286087
v 20.6008301 26.2928619 -23.9459991
v 22.7012939 27.0236549 -22.584549
v 21.3132439 25.0707607 -23.7834377
v 10.8729839 19.9982395 -30.6255531
v 14.6844997 22.4397774 -28.0453987
v 13.0258398 18.3031712 -29.6460991
v 9.55925941 22.4580956 -31.001564
v 9.79710674 24.6369133 -30.5205841
v 9.40229988 24.4514198 -30.7823296
v 11.2957783 28.2239838 -28.9252682
v 9.91576099 26.0912762 -30.156044
v 9.32878399 26.4194317 -30.428194
v 12.2345324 29.8770561 -28.0468063
v 14.0699787 29.9069748 -26.9810162
v 9.90478134 30.9015942 -29.1833992
v 9.61440849 29.7696705 -29.5814457
v 7.58700705 29.4352665 -30.8199959
v 8.176157 26.2928619 -31.1194038
v 5.9468689 27.0236359 -32.2577209
v 7.67915535 25.0707512 -31.6550674
v 16.274929 27.8255196 -28.7927399
v 14.5364943 27.8255043 -29.7964058
v 17.1615086 30.270895 -27.7832108
v 13.2189274 30.2708645 -30.0594444
v 14.8580112 34.0400848 -28.3459282
v 4.94082212 45.03125 -11.1688528
v 7.70144653 50.4782448 -8.4665432
v 1.22022629 50.4782372 -12.2084436
v 3.98086023 55.9252586 -9.50615025
v 6.82770061 50.1702766 -6.95317125
v 3.10713649 55.6172791 -7.99281597
v 3.98086023 55.9252586 -9.50615025
v 7.70144653 50.4782448 -8.4665432
v 4.94082212 45.03125 -11.1688528
v 4.06706762 44.7232895 -9.65546608
v 3.10713649 55.6172791 -7.99281597
v 6.82770061 50.1702766 -6.95317125
v 0.346492767 50.1702614 -10.6950922
v 4.06706762 44.7232895 -9.65546608
v 4.06706762 44.7232895 -9.65546608
v 4.94082212 45.03125 -11.1688528
v 0.346492767 50.1702614 -10.6950922
v 1.22022629 50.4782372 -12.2084436
v 3.98086023 55.9252586 -9.50615025
v 3.10713649 55.6172791 -7.99281597
v 16.4383011 20.4646111 -28.0623665
v 15.1693821 19.8774376 -28.8852386
v 18.0144691 23.0127296 -26.760664
v 14.5735016 27.8035011 -27.8531456
v 11.9069014 23.0127296 -30.286869
v 13.8222933 20.4646111 -29.5727196
v -8.6276741 23.2796402 -38.0184402
v -8.93107033 24.4167957 -37.5890236
v -5.9133358 23.4793739 -37.7600555
v -5.95465088 24.6357956 -37.3057632
v -8.90006256 26.0443649 -37.6427345
v -3.69548607 23.9097767 -39.2996407
v -6.18051529 26.2444344 -37.3839226
v -3.522686 25.1076698 -38.9939728
v -3.47108841 24.3401642 -41.9901009
v -3.95843124 26.6756134 -38.9264679
v -3.27662849 25.5795784 -41.9442368
v -5.05197716 24.5399208 -44.211647
v -3.73361015 27.1067543 -41.6220856
v -5.01018143 25.7985458 -44.3802032
v -5.31755447 27.3068657 -43.8478241
v -5.05197716 24.5399208 -44.211647
v -5.01018143 25.7985458 -44.3802032
v -7.76634598 24.3401642 -44.4699707
v -7.98657227 25.5795784 -44.6635208
v -5.31755447 27.3068657 -43.8478241
v -9.98417664 23.9097767 -42.9304199
v -8.03706551 27.1067543 -44.1066895
v -10.4185429 25.1076698 -42.975296
v -10.2085972 23.4793739 -40.2399254
v -10.2591286 26.6756134 -42.5641785
v -10.6645947 24.6357956 -40.0250511
v -8.6276741 23.2796402 -38.0184402
v -10.4839725 26.2444344 -39.8685226
v -8.93107033 24.4167957 -37.5890236
v -8.90006256 26.0443649 -37.6427345
v -21.6078968 18.6648846 -15.2761784
v -20.0269833 18.4651375 -13.0546341
v -21.5992241 19.9319744 -15.3864861
v -19.8656826 19.7129879 -12.9504776
v -20.2514019 18.0347214 -10.3641281
v -20.3210201 21.2214775 -12.6311836
v -21.9049454 21.4215736 -14.8569584
v -20.5458527 20.7903233 -9.93555832
v -20.1117401 19.241106 -10.000227
v -22.469265 17.6043186 -8.82452965
v -22.7679234 20.3591728 -8.39302254
v -22.5437164 18.7692089 -8.31198692
v -25.1836529 17.404562 -9.08287239
v -25.4874573 20.1590748 -8.65186691
v -25.5201359 18.5502243 -8.59526443
v -25.1836529 17.404562 -9.08287239
v -26.7645626 17.6043186 -11.3044205
v -25.5201359 18.5502243 -8.59526443
v -27.2536678 18.7692089 -11.0312786
v -26.5401402 18.0347214 -13.9949322
v -27.0713825 20.3591728 -10.8776264
v -25.4874573 20.1590748 -8.65186691
v -26.8465481 20.7903233 -13.573267
v -27.0075951 19.241106 -13.9815502
v -24.3222752 18.4651375 -15.5345211
v -24.575634 19.7129879 -15.6697693
v -24.6244812 21.2214775 -15.1157875
v -21.6078968 18.6648846 -15.2761784
v -21.9049454 21.4215736 -14.8569584
v -21.5992241 19.9319744 -15.3864861
v -8.28970718 20.7354641 -38.2779541
v -8.590168 21.7227497 -37.891304
v -5.59292793 20.9340248 -38.0212708
v -5.63076973 21.9406452 -37.6096115
v -8.57951546 23.0291576 -38.0691299
v -3.38946533 21.3618641 -39.5508537
v -5.86693382 23.2288818 -37.8109436
v -3.21272278 22.4101486 -39.288147
v -3.16653824 21.7897015 -42.2238998
v -3.65056038 23.6592274 -39.3494873
v -2.96809196 22.8796501 -42.2215042
v -4.73722649 21.9882603 -44.4310303
v -3.42632484 24.0895729 -42.0382004
v -4.69173622 23.0975475 -44.6435852
v -5.00621986 24.2892952 -44.2582626
v -4.73722649 21.9882603 -44.4310303
v -4.69173622 23.0975475 -44.6435852
v -7.43399811 21.7897015 -44.6877213
v -7.65113258 22.8796501 -44.9252625
v -5.00621986 24.2892952 -44.2582626
v -9.63746071 21.3618641 -43.1581345
v -7.71879387 24.0895729 -44.5164566
v -10.0691853 22.4101486 -43.246727
v -9.8603878 20.9340248 -40.4850922
v -9.93516731 23.6592274 -42.9779091
v -10.3138123 21.9406452 -40.3133659
v -8.28970718 20.7354641 -38.2779541
v -10.1594028 23.2288818 -40.2891998
v -8.590168 21.7227497 -37.891304
v -8.57951546 23.0291576 -38.0691299
v -21.1855392 16.1482277 -15.683238
v -19.6148491 15.949667 -13.4761028
v -21.1785889 17.2079964 -15.8239851
v -19.4550877 16.9901199 -13.4021292
v -19.83778 15.5218296 -10.8030624
v -19.9710236 18.2153168 -13.1219444
v -21.5509167 18.4150391 -15.3420115
v -20.1952591 17.7849712 -10.4332371
v -19.6996975 16.5206604 -10.4690285
v -22.0412369 15.0939922 -9.27347374
v -22.4116306 17.3546257 -8.89468765
v -22.1175346 16.051199 -8.79063797
v -24.738018 14.8954315 -9.53016281
v -25.1242142 17.1549015 -9.15288162
v -25.0766792 15.8333206 -9.07229424
v -24.738018 14.8954315 -9.53016281
v -26.3087025 15.0939922 -11.7372952
v -25.0766792 15.8333206 -9.07229424
v -26.800169 16.051199 -11.4941578
v -26.0857754 15.5218296 -14.4103432
v -26.7041016 17.3546257 -11.3729458
v -25.1242142 17.1549015 -9.15288162
v -26.479866 17.7849712 -14.061657
v -26.5555611 16.5206604 -14.4272633
v -23.8823128 15.949667 -15.9399242
v -24.1377239 16.9901199 -16.105648
v -24.2634945 18.2153168 -15.6002026
v -21.1855392 16.1482277 -15.683238
v -21.5509167 18.4150391 -15.3420115
v -21.1785889 17.2079964 -15.8239851
v 34.9774971 23.2796383 -12.8429852
v 33.3965607 23.4793758 -15.0644808
v 34.757309 24.4167938 -12.365531
v 33.0237846 24.6357899 -14.8015461
v 34.7883186 26.0443649 -12.4192371
v 33.6209564 23.9097729 -17.7549896
v 33.2044067 26.2444363 -14.6450224
v 33.2698364 25.1076698 -17.7518024
v 35.8387642 24.3401566 -19.2945538
v 33.4292488 26.6756096 -17.3406754
v 35.7018127 25.5795784 -19.4400291
v 38.5531235 24.5399208 -19.036232
v 35.6513138 27.1067562 -18.8831921
v 38.678196 25.7985439 -19.1567059
v 38.3708267 27.3068676 -18.6243172
v 38.5531235 24.5399208 -19.036232
v 40.1340218 24.3401566 -16.8146858
v 38.678196 25.7985439 -19.1567059
v 40.4117584 25.5795784 -16.7207413
v 38.3708267 27.3068676 -18.6243172
v 39.9096451 23.9097729 -14.1242113
v 39.9547691 27.1067562 -16.3985901
v 40.1656952 25.1076698 -13.7704782
v 37.6918182 23.4793758 -12.5846109
v 39.7299423 26.6756096 -13.7029667
v 37.7337265 24.6357899 -12.0822582
v 34.9774971 23.2796383 -12.8429852
v 37.5078621 26.2444363 -12.1604204
v 34.757309 24.4167938 -12.365531
v 34.7883186 26.0443649 -12.4192371
v 21.7722301 18.6648827 9.76935005
v 21.8634224 19.9319744 9.70668316
v 19.0578575 18.4651375 9.51100922
v 18.8870068 19.7129879 9.42339706
v 16.840023 18.0347214 11.0506153
v 18.8381577 21.2214775 9.97737885
v 21.5577011 21.4215755 10.236207
v 16.6160927 20.7903214 11.5199032
v 16.4550438 19.241106 11.1116171
v 16.6156216 17.6043186 13.7411404
v 16.3912563 20.3591728 14.215539
v 16.2089729 18.7692089 14.0618896
v 18.1965485 17.404562 15.9626961
v 17.9751873 20.1590748 16.4413033
v 17.9425087 18.5502243 16.4979057
v 18.1965485 17.404562 15.9626961
v 17.9425087 18.5502243 16.4979057
v 20.9109192 17.6043186 16.2210312
v 20.9189224 18.7692089 16.7811813
v 23.1287613 18.0347214 14.6814203
v 20.6947155 20.3591728 16.7001419
v 17.9751873 20.1590748 16.4413033
v 22.91679 20.7903214 15.1576118
v 23.3508987 19.241106 15.0929394
v 23.3531494 18.4651375 11.9908981
v 23.5969582 19.7129879 12.1426888
v 23.1416187 21.2214775 12.4619837
v 21.7722301 18.6648827 9.76935005
v 21.5577011 21.4215755 10.236207
v 21.8634224 19.9319744 9.70668316
v 35.0332565 20.7354641 -13.2654295
v 33.462574 20.9340248 -15.4725666
v 34.8486366 21.7227497 -12.8118963
v 33.1249847 21.9406452 -15.233964
v 34.9973145 23.0291576 -12.9100351
v 33.6855011 21.3618641 -18.1456127
v 33.4174271 23.2288818 -15.130106
v 33.3696175 22.4101486 -18.1673222
v 35.8889618 21.7897015 -19.6751976
v 33.6416626 23.6592274 -17.8188152
v 35.7876663 22.8796501 -19.8458595
v 38.5857391 21.9882603 -19.4185047
v 35.858036 24.0895729 -19.3573647
v 38.7470665 23.0975475 -19.5641785
v 38.5706139 24.2892952 -19.0991688
v 38.5857391 21.9882603 -19.4185047
v 40.1564255 21.7897015 -17.2113781
v 38.7470665 23.0975475 -19.5641785
v 40.4707069 22.8796501 -17.1421051
v 38.5706139 24.2892952 -19.0991688
v 39.9334946 21.3618641 -14.538332
v 40.1505051 24.0895729 -16.8791065
v 40.2260818 22.4101486 -14.2087421
v 37.7300339 20.9340248 -13.0087471
v 39.9262695 23.6592274 -14.1903954
v 37.8080292 21.9406452 -12.5302086
v 35.0332565 20.7354641 -13.2654295
v 37.7098961 23.2288818 -12.6518478
v 34.8486366 21.7227497 -12.8118963
v 34.9973145 23.0291576 -12.9100351
v 21.9135761 16.1482277 9.20004654
v 22.0319901 17.2079964 9.12365532
v 19.216795 15.949667 8.94335747
v 19.0728512 16.9901199 8.84198761
v 17.0133381 15.5218296 10.4729414
v 19.088171 18.2153168 9.42889309
v 21.8007545 18.4150391 9.68708611
v 16.8717995 17.7849712 10.9674397
v 16.6550159 16.5206604 10.5203743
v 16.7904072 15.0939922 13.1459856
v 16.6475639 17.3546257 13.6561499
v 16.4104042 16.051199 13.4534779
v 18.3610954 14.8954315 15.3531218
v 18.227457 17.1549015 15.8762169
v 18.1338997 15.8333206 15.8753452
v 18.3610954 14.8954315 15.3531218
v 18.1338997 15.8333206 15.8753452
v 21.0578709 15.0939922 15.609807
v 21.0930405 16.051199 16.1569996
v 23.2613335 15.5218296 14.0802231
v 20.940033 17.3546257 16.134409
v 18.227457 17.1549015 15.8762169
v 23.1564083 17.7849712 14.5958595
v 23.5108795 16.5206604 14.47861
v 23.4842587 15.949667 11.4071789
v 23.7554855 16.9901199 11.5455074
v 23.3806419 18.2153168 11.9071522
v 21.9135761 16.1482277 9.20004654
v 21.8007545 18.4150391 9.68708611
v 22.0319901 17.2079964 9.12365532
v -20.7239208 19.5053864 -12.4978142
v -21.6508064 19.1787357 -10.8923779
v -21.0702 28.21138 -11.8980408
v -22.0451832 28.5223999 -10.2093315
v -24.4984322 18.8748436 -10.5449314
v -21.2063732 35.0467491 -11.6621914
v -20.3934517 34.3140106 -13.0702057
v -24.8980694 29.0446758 -9.85273933
v -18.9361916 40.5846329 -15.5942593
v -18.2719536 39.2787094 -16.7447453
v -15.2558403 44.148777 -21.9688148
v -15.1000328 42.3805847 -22.2386742
v -11.5890293 41.6342316 -28.319912
v -23.9196415 35.9693756 -11.5474253
v -26.0156975 28.5223999 -12.501709
v -25.6213417 19.1787357 -13.1847668
v -25.1768875 35.0467491 -13.9545689
v -24.6899414 28.2113857 -13.9879017
v -24.3084946 19.5053902 -14.567379
v -21.4576836 41.8854446 -15.8116627
v -22.9067078 40.5846329 -17.8866367
v -19.2263546 44.148777 -24.2611923
v -21.0702 28.21138 -11.8980408
v -20.7239208 19.5053864 -12.4978142
v -24.0131931 34.3139839 -15.1600647
v -20.3934517 34.3140106 -13.0702057
v -18.2719536 39.2787094 -16.7447453
v -21.8916969 39.2787094 -18.8346043
v -18.7197685 42.3805809 -24.3285446
v -15.1000328 42.3805847 -22.2386742
v -11.5890293 41.6342316 -28.319912
v -15.2087708 41.6342316 -30.409771
v -8.74674129 38.4190826 -33.242897
v -12.3664885 38.419075 -35.3327484
v -7.06758308 33.1460114 -36.1512833
v -15.1585484 43.3156242 -31.3068409
v -10.6873322 33.1460037 -38.2411346
v -9.48932076 24.7277527 -40.2349396
v -5.90473557 24.7277565 -38.1653976
v -8.94836998 25.0543976 -42.0631981
v -12.0785809 39.663456 -36.6415024
v -10.1750221 34.1047783 -39.9385605
v -6.10075569 25.3583126 -42.4106445
v -7.46368217 35.1886978 -40.049984
v -9.56687641 41.028244 -36.4071426
v -12.8916922 44.9046822 -30.6483955
v -6.20450783 34.1047783 -37.646183
v -4.97783661 25.0543976 -39.7708092
v -8.10806656 39.663456 -34.3491211
v -7.06758308 33.1460114 -36.1512833
v -5.90473557 24.7277565 -38.1653976
v -8.74674129 38.4190826 -33.242897
v -11.1880341 43.3156242 -29.0144634
v -17.3886871 45.8236198 -22.8593731
v -22.0905037 5.70164394 -12.8006039
v -24.1657372 15.2008123 -10.8255939
v -21.9383698 15.3856602 -10.7501259
v -20.3989773 5.8420229 -12.7432938
v -20.1773815 -2.60957479 -13.8667278
v -20.8900394 15.7553577 -12.5658855
v -18.1220303 -2.4390018 -13.7970886
v -19.6028423 6.12278318 -14.1222401
v -22.0690784 15.9402075 -14.4571133
v -17.1546612 -2.09785533 -15.4726219
v -20.4982376 6.26316261 -15.5584888
v -18.2426453 -1.92728186 -17.2177925
v -20.4982376 6.26316261 -15.5584888
v -22.0690784 15.9402075 -14.4571133
v -24.2964535 15.7553587 -14.5325813
v -22.1897678 6.12278318 -15.6158009
v -18.2426453 -1.92728186 -17.2177925
v -25.3447838 15.3856602 -12.7168198
v -20.2980003 -2.09785485 -17.2874298
v -22.9859009 5.8420229 -14.2368546
v -24.1657372 15.2008123 -10.8255939
v -21.2653694 -2.4390018 -15.6118984
v -22.0905037 5.70164394 -12.8006039
v -20.1773815 -2.60957479 -13.8667278
v -18.1220303 -2.4390018 -13.7970886
v -17.1546612 -2.09785533 -15.4726219
v -20.1773815 -2.60957479 -13.8667278
v -18.2426453 -1.92728186 -17.2177925
v -20.2980003 -2.09785485 -17.2874298
v -21.2653694 -2.4390018 -15.6118984
v -4.32642937 21.5965805 -41.2548981
v -5.50547028 21.7814293 -43.1461258
v -4.4703331 11.9154663 -43.3196335
v -3.57493591 11.7750874 -41.8833847
v -2.95822334 3.46283007 -43.691185
v -5.37475967 21.2268829 -39.4391403
v -1.87023735 3.29225707 -41.9460182
v -4.37107086 11.4943275 -40.5044403
v -7.60213089 21.0420341 -39.5146027
v -2.83760643 2.95111108 -40.2704887
v -6.06259918 11.3539486 -40.5617523
v -4.89295959 2.78053737 -40.340126
v -8.78117371 21.2268829 -41.4058304
v -7.60213089 21.0420341 -39.5146027
v -6.06259918 11.3539486 -40.5617523
v -6.95799637 11.4943275 -41.9980011
v -4.89295959 2.78053737 -40.340126
v -7.7328434 21.5965805 -43.2215958
v -5.98094749 2.9511106 -42.0852928
v -6.16186142 11.7750874 -43.3769493
v -5.50547028 21.7814293 -43.1461258
v -5.01357651 3.29225707 -43.7608261
v -4.4703331 11.9154663 -43.3196335
v -2.95822334 3.46283007 -43.691185
v -1.87023735 3.29225707 -41.9460182
v -2.95822334 3.46283007 -43.691185
v -2.83760643 2.95111108 -40.2704887
v -4.89295959 2.78053737 -40.340126
v -5.98094749 2.9511106 -42.0852928
v -5.01357651 3.29225707 -43.7608261
v 18.9241085 19.5053883 10.3929844
v 18.5778294 28.21138 10.9927588
v 17.9972038 19.1787357 11.9984112
v 17.6028519 28.522398 12.6814756
v 19.1201172 18.8748436 14.6382504
v 18.4416618 35.0467491 11.2286148
v 19.2545776 34.3140106 9.82059574
v 18.72048 29.0446758 15.3304424
v 20.7118454 40.5846291 7.29654312
v 21.3760738 39.2787132 6.14605618
v 24.3921909 44.1487694 0.921995163
v 24.5479984 42.3805847 0.65212214
v 28.0590019 41.6342316 -5.42911482
v 19.6989098 35.9693794 13.6357546
v 21.5733662 28.522398 14.9738531
v 21.9677372 19.1787357 14.2907991
v 22.4121761 35.0467491 13.5209923
v 22.1975708 28.2113857 13.0826178
v 22.5086899 19.5053902 12.4625368
v 22.1608696 41.885437 9.37151432
v 24.6823597 40.5846291 9.58892059
v 28.3627052 44.1487694 3.21437263
v 22.874321 34.3139839 11.9104548
v 18.5778294 28.21138 10.9927588
v 18.9241085 19.5053883 10.3929844
v 19.2545776 34.3140106 9.82059574
v 21.3760738 39.2787132 6.14605618
v 24.9958153 39.2787132 8.23591518
v 28.1677437 42.3805771 2.74197674
v 24.5479984 42.3805847 0.65212214
v 28.0590019 41.6342316 -5.42911482
v 31.6787453 41.6342316 -3.33925557
v 30.9012794 38.4190788 -10.3520851
v 34.5210266 38.419075 -8.26223373
v 32.5804443 33.1460114 -13.2604818
v 32.4305191 43.3156242 -3.831285
v 36.2001877 33.1460075 -11.1706228
v 37.3278656 24.7277489 -13.2050266
v 33.7432899 24.7277641 -15.2745914
v 38.6407089 25.0543995 -14.587635
v 35.5104942 39.6634598 -9.16596127
v 37.4140396 34.1047783 -12.4629946
v 37.5177917 25.3583107 -17.227457
v 36.1548691 35.1886978 -14.8668022
v 34.0516777 41.028244 -11.2239704
v 30.7268581 44.9046822 -5.46521282
v 33.4435234 34.1047783 -14.755372
v 34.6701736 25.0543995 -16.880024
v 31.5399818 39.6634598 -11.4583387
v 32.5804443 33.1460114 -13.2604818
v 33.7432899 24.7277641 -15.2745914
v 30.9012794 38.4190788 -10.3520851
v 28.4600048 43.3156242 -6.12366247
v 26.2298641 45.8236198 2.32380867
v 19.8696232 5.70164394 11.425087
v 18.0177879 15.3856602 12.318574
v 19.1968307 15.2008123 14.2097969
v 18.9742279 5.8420229 9.98883629
v 19.8363514 -2.60957479 9.23521233
v 19.0661182 15.7553577 10.5028133
v 18.7483673 -2.4390018 7.49004555
v 19.7703629 6.12278318 8.60989094
v 21.2934895 15.9402075 10.5782776
v 19.7157364 -2.09785533 5.81451321
v 21.4618893 6.26316261 8.667202
v 21.7710896 -1.92728186 5.88414907
v 21.4618893 6.26316261 8.667202
v 22.4725342 15.7553587 12.4695063
v 21.2934895 15.9402075 10.5782776
v 22.3572865 6.12278318 10.1034527
v 21.7710896 -1.92728186 5.88414907
v 21.424202 15.3856602 14.2852678
v 22.8590775 -2.09785485 7.62931919
v 21.5611515 5.8420229 11.482399
v 19.1968307 15.2008123 14.2097969
v 21.8917065 -2.4390018 9.30485344
v 19.8696232 5.70164394 11.425087
v 19.8363514 -2.60957479 9.23521233
v 18.7483673 -2.4390018 7.49004555
v 19.8363514 -2.60957479 9.23521233
v 19.7157364 -2.09785533 5.81451321
v 21.7710896 -1.92728186 5.88414907
v 22.8590775 -2.09785485 7.62931919
v 21.8917065 -2.4390018 9.30485344
v 35.6297302 21.5965805 -18.1862011
v 37.4897957 11.9154663 -19.0939445
v 37.8570976 21.7814293 -18.1107349
v 35.7982674 11.7750874 -19.1512566
v 37.0555115 3.46283007 -20.5892467
v 34.581398 21.2268829 -16.3704395
v 35.0001602 3.29225707 -20.658886
v 35.0021324 11.4943275 -17.7723103
v 35.760437 21.0420341 -14.4792128
v 34.0327911 2.95111108 -18.9833546
v 35.8975296 11.3539486 -16.3360596
v 35.1207733 2.78053737 -17.238184
v 37.987812 21.2268829 -14.4037457
v 35.8975296 11.3539486 -16.3360596
v 35.760437 21.0420341 -14.4792128
v 37.5890579 11.4943275 -16.2787495
v 35.1207733 2.78053737 -17.238184
v 39.0361443 21.5965805 -16.2195072
v 37.1761322 2.9511106 -17.1685448
v 38.3851929 11.7750874 -17.6576958
v 37.8570976 21.7814293 -18.1107349
v 38.1435013 3.29225707 -18.8440781
v 37.4897957 11.9154663 -19.0939445
v 37.0555115 3.46283007 -20.5892467
v 35.0001602 3.29225707 -20.658886
v 34.0327911 2.95111108 -18.9833546
v 37.0555115 3.46283007 -20.5892467
v 35.1207733 2.78053737 -17.238184
v 37.1761322 2.9511106 -17.1685448
v 38.1435013 3.29225707 -18.8440781
v 23.2613335 15.5218296 14.0802231
v 20.1373367 15.5218296 12.2765827
v 21.0578709 15.0939922 15.609807
v 23.4842587 15.949667 11.4071789
v 18.3610954 14.8954315 15.3531218
v 21.9135761 16.1482277 9.20004654
v 16.7904072 15.0939922 13.1459856
v 19.216795 15.949667 8.94335747
v 17.0133381 15.5218296 10.4729414
v 39.9334946 21.3618641 -14.538332
v 40.1564255 21.7897015 -17.2113781
v 36.8095016 21.3618641 -16.3419704
v 37.7300339 20.9340248 -13.0087471
v 38.5857391 21.9882603 -19.4185047
v 35.0332565 20.7354641 -13.2654295
v 35.8889618 21.7897015 -19.6751976
v 33.462574 20.9340248 -15.4725666
v 33.6855011 21.3618641 -18.1456127
v 23.1287613 18.0347214 14.6814203
v 19.9843922 18.0347214 12.8660183
v 20.9109192 17.6043186 16.2210312
v 23.3531494 18.4651375 11.9908981
v 18.1965485 17.404562 15.9626961
v 21.7722301 18.6648827 9.76935005
v 16.6156216 17.6043186 13.7411404
v 19.0578575 18.4651375 9.51100922
v 16.840023 18.0347214 11.0506153
v 39.9096451 23.9097729 -14.1242113
v 40.1340218 24.3401566 -16.8146858
v 36.7653046 23.9097729 -15.939599
v 37.6918182 23.4793758 -12.5846109
v 38.5531235 24.5399208 -19.036232
v 34.9774971 23.2796383 -12.8429852
v 35.8387642 24.3401566 -19.2945538
v 33.3965607 23.4793758 -15.0644808
v 33.6209564 23.9097729 -17.7549896
v -26.0857754 15.5218296 -14.4103432
v -26.3087025 15.0939922 -11.7372952
v -22.9617786 15.5218296 -12.6067028
v -23.8823128 15.949667 -15.9399242
v -24.738018 14.8954315 -9.53016281
v -21.1855392 16.1482277 -15.683238
v -22.0412369 15.0939922 -9.27347374
v -19.6148491 15.949667 -13.4761028
v -19.83778 15.5218296 -10.8030624
v -9.63746071 21.3618641 -43.1581345
v -6.51346588 21.3618641 -41.354496
v -7.43399811 21.7897015 -44.6877213
v -9.8603878 20.9340248 -40.4850922
v -4.73722649 21.9882603 -44.4310303
v -8.28970718 20.7354641 -38.2779541
v -3.16653824 21.7897015 -42.2238998
v -5.59292793 20.9340248 -38.0212708
v -3.38946533 21.3618641 -39.5508537
v -26.5401402 18.0347214 -13.9949322
v -26.7645626 17.6043186 -11.3044205
v -23.395771 18.0347214 -12.1795311
v -24.3222752 18.4651375 -15.5345211
v -25.1836529 17.404562 -9.08287239
v -21.6078968 18.6648846 -15.2761784
v -22.469265 17.6043186 -8.82452965
v -20.0269833 18.4651375 -13.0546341
v -20.2514019 18.0347214 -10.3641281
v -9.98417664 23.9097767 -42.9304199
v -6.83983231 23.9097767 -41.1150284
v -7.76634598 24.3401642 -44.4699707
v -10.2085972 23.4793739 -40.2399254
v -5.05197716 24.5399208 -44.211647
v -8.6276741 23.2796402 -38.0184402
v -3.47108841 24.3401642 -41.9901009
v -5.9133358 23.4793739 -37.7600555
v -3.69548607 23.9097767 -39.2996407
v 15.6097326 29.7350731 -29.6479473
v 14.0699787 29.9069748 -26.9810162
v 13.9851894 29.7085686 -30.5912609
v 13.5095768 27.856041 -31.2428703
v 16.1023617 23.7922058 -30.5012054
v 12.2345324 29.8770561 -28.0468063
v 12.1598091 30.4977322 -31.3942413
v 9.90478134 30.9015942 -29.1833992
v 11.2957783 28.2239838 -28.9252682
v 11.3250885 29.6135159 -32.1464157
v 9.61440849 29.7696705 -29.5814457
v 9.24514198 29.3175488 -33.4074631
v 7.58700705 29.4352665 -30.8199959
v 11.0004168 27.4636269 -32.7713928
v 7.98476791 27.6857967 -34.4672508
v 5.9468689 27.0236359 -32.2577209
v 9.61090183 27.351635 -33.5964508
v 8.94148636 26.3595467 -34.184803
v 7.67915535 25.0707512 -31.6550674
v 8.176157 26.2928619 -31.1194038
v 9.32878399 26.4194317 -30.428194
v 9.91576099 26.0912762 -30.156044
v 11.7454443 26.8764114 -32.4607162
v 9.79710674 24.6369133 -30.5205841
v 11.8201199 25.1580238 -32.7674026
v 11.4600201 24.9687214 -33.0089874
v 9.40229988 24.4514198 -30.7823296
v 11.6054077 23.1572857 -33.1906471
v 9.55925941 22.4580956 -31.001564
v 12.7639694 20.9649048 -32.8432121
v 10.8729839 19.9982395 -30.6255531
v 14.2623253 19.603344 -32.177784
v 14.6844997 22.4397774 -28.0453987
v 13.0258398 18.3031712 -29.6460991
v 15.9107065 29.8770447 -25.9243736
v 14.0699787 29.9069748 -26.9810162
v 17.2389545 29.7085876 -28.7127399
v 15.6097326 29.7350731 -29.6479473
v 18.0410442 27.856039 -28.6266041
v 16.1023617 23.7922058 -30.5012054
v 18.847023 30.4977283 -27.5333595
v 18.0598831 30.9015846 -24.4750175
v 17.1408386 28.2239933 -25.5505924
v 19.9157867 29.6135197 -27.1865635
v 18.549799 29.76968 -24.4225883
v 22.0478764 29.3175678 -26.0158272
v 20.6361179 29.4352646 -23.286087
v 20.619379 27.4636269 -27.2178993
v 23.5958576 27.6857872 -25.4541912
v 22.7012939 27.0236549 -22.584549
v 22.0286522 27.3516388 -26.4270554
v 22.8728828 26.3595543 -26.1414948
v 21.3132439 25.0707607 -23.7834377
v 20.6008301 26.2928619 -23.9459991
v 19.4259129 26.4194431 -24.5985985
v 18.8967514 26.0912724 -24.9708862
v 19.9778042 26.8764191 -27.7077599
v 19.2717705 24.6369171 -25.0503845
v 20.206049 25.1580276 -27.9257469
v 20.5953369 24.9687195 -27.7347145
v 19.6958504 24.4514217 -24.839344
v 20.6799679 23.1572857 -27.9514618
v 19.8072376 22.4580936 -25.0848961
v 19.7997913 20.9648991 -28.7810707
v 18.8247375 19.9982357 -26.0346069
v 18.4743462 19.6033497 -29.7459908
v 14.6844997 22.4397774 -28.0453987
v 16.9000874 18.3031826 -27.4093246
v -0.50392586 37.4386711 -1.73827267
v -1.12038469 40.823864 -4.38410378
v -0.369002253 38.9376068 -1.97196674
v 0.70924294 41.64711 -3.83954239
v -1.76709306 40.0761452 -5.35068798
v 4.41239405 45.9164391 -10.2535887
v -3.4841826 41.613781 -6.79232979
v -4.222826 40.6645088 -7.52159214
v -5.18494701 42.2689819 -11.3065577
v -4.58369732 43.2283211 -10.6335526
v -3.18791199 44.6036758 -14.9088354
v -3.81100512 43.9686432 -15.39779
v 9.23949432 43.2283325 -2.65271902
v 12.2441092 44.6036758 -5.99915409
v 12.9790897 43.9686394 -5.70399427
v 10.1098976 42.417141 -2.44590139
v 4.41239405 45.9164391 -10.2535887
v 5.36315155 41.6137733 -1.68433666
v 6.36402988 40.6645088 -1.40927696
v 3.25610447 40.0761337 -2.45055103
v 2.09565067 40.823864 -2.52730179
v 0.70924294 41.64711 -3.83954239
v -0.50392586 37.4386711 -1.73827267
v -0.369002253 38.9376068 -1.97196674
v 10.4816122 41.3107109 -20.7657833
v 10.0986338 42.6271095 -20.1024437
v 7.3631649 43.8140068 -19.078043
v 8.62222004 44.436161 -17.5452194
v 6.34597635 42.9357147 -19.402935
v 4.41239405 45.9164391 -10.2535887
v 3.98787689 44.2474251 -19.7343178
v 3.15714169 43.2657013 -20.3040733
v -0.801546097 43.9279976 -18.8988304
v -0.0808057785 44.8154411 -18.4327888
v -3.18791199 44.6036758 -14.9088354
v -3.81100512 43.9686432 -15.39779
v 20.940033 17.3546257 16.134409
v 20.0141068 17.7849712 12.7816505
v 23.1564083 17.7849712 14.5958595
v 18.227457 17.1549015 15.8762169
v 23.3806419 18.2153168 11.9071522
v 16.6475639 17.3546257 13.6561499
v 21.8007545 18.4150391 9.68708611
v 16.8717995 17.7849712 10.9674397
v 19.088171 18.2153168 9.42889309
v 40.1505051 24.0895729 -16.8791065
v 39.9262695 23.6592274 -14.1903954
v 36.7839661 23.6592274 -16.0046043
v 38.5706139 24.2892952 -19.0991688
v 37.7098961 23.2288818 -12.6518478
v 35.858036 24.0895729 -19.3573647
v 34.9973145 23.0291576 -12.9100351
v 33.6416626 23.6592274 -17.8188152
v 33.4174271 23.2288818 -15.130106
v 20.6947155 20.3591728 16.7001419
v 19.7664433 20.7903214 13.3387585
v 22.91679 20.7903214 15.1576118
v 17.9751873 20.1590748 16.4413033
v 23.1416187 21.2214775 12.4619837
v 16.3912563 20.3591728 14.215539
v 21.5577011 21.4215755 10.236207
v 16.6160927 20.7903214 11.5199032
v 18.8381577 21.2214775 9.97737885
v 39.9547691 27.1067562 -16.3985901
v 39.7299423 26.6756096 -13.7029667
v 36.5795975 26.6756096 -15.5218201
v 38.3708267 27.3068676 -18.6243172
v 37.5078621 26.2444363 -12.1604204
v 35.6513138 27.1067562 -18.8831921
v 34.7883186 26.0443649 -12.4192371
v 33.4292488 26.6756096 -17.3406754
v 33.2044067 26.2444363 -14.6450224
v -26.7041016 17.3546257 -11.3729458
v -26.479866 17.7849712 -14.061657
v -23.3375645 17.7849712 -12.247448
v -25.1242142 17.1549015 -9.15288162
v -24.2634945 18.2153168 -15.6002026
v -22.4116306 17.3546257 -8.89468765
v -21.5509167 18.4150391 -15.3420115
v -20.1952591 17.7849712 -10.4332371
v -19.9710236 18.2153168 -13.1219444
v -7.71879387 24.0895729 -44.5164566
v -6.79286575 23.6592274 -41.1637001
v -9.93516731 23.6592274 -42.9779091
v -5.00621986 24.2892952 -44.2582626
v -10.1594028 23.2288818 -40.2891998
v -3.42632484 24.0895729 -42.0382004
v -8.57951546 23.0291576 -38.0691299
v -3.65056038 23.6592274 -39.3494873
v -5.86693382 23.2288818 -37.8109436
v -27.0713825 20.3591728 -10.8776264
v -26.8465481 20.7903233 -13.573267
v -23.6962013 20.7903233 -11.7544136
v -25.4874573 20.1590748 -8.65186691
v -24.6244812 21.2214775 -15.1157875
v -22.7679234 20.3591728 -8.39302254
v -21.9049454 21.4215736 -14.8569584
v -20.5458527 20.7903233 -9.93555832
v -20.3210201 21.2214775 -12.6311836
v -8.03706551 27.1067543 -44.1066895
v -7.10878181 26.6756134 -40.7453232
v -10.2591286 26.6756134 -42.5641785
v -5.31755447 27.3068657 -43.8478241
v -10.4839725 26.2444344 -39.8685226
v -3.73361015 27.1067543 -41.6220856
v -8.90006256 26.0443649 -37.6427345
v -3.95843124 26.6756134 -38.9264679
v -6.18051529 26.2444344 -37.3839226
v 13.7467566 23.8252525 -32.3019676
v 12.7089233 23.615303 -31.6366463
v 12.9594555 23.052681 -31.5757027
v 12.7815819 24.3230934 -31.4894142
v 13.8137074 24.4616032 -32.170742
v 14.5364943 27.8255043 -29.7964058
v 13.9705992 23.319437 -32.2463341
v 16.5089474 20.4013557 -31.2054329
v 16.0047054 19.5946198 -30.3320618
v 18.604353 23.0526867 -28.3166142
v 15.5494432 28.0156803 -30.4834938
v 15.9552679 28.0295067 -30.2464333
v 14.2475224 30.4349022 -30.7428246
v 13.2189274 30.2708645 -30.0594444
v 15.7408924 30.4618416 -29.875124
v 15.4801817 33.4200897 -29.4235592
v 14.8580112 34.0400848 -28.3459282
v 17.1615086 30.270895 -27.7832108
v 17.2390327 30.4349251 -29.0156822
v 16.274929 27.8255196 -28.7927399
v 16.3634853 28.0156689 -30.0135155
v 18.6925488 24.4616032 -29.3539429
v 18.6185627 24.3230934 -28.1194267
v 18.6795654 23.3194542 -29.5276031
v 18.8396645 23.8252296 -29.3615665
v 18.7824001 23.6152954 -28.1301193
v 10.0986338 42.6271095 -20.1024437
v 10.5792141 43.814003 -17.2212639
v 8.62222004 44.436161 -17.5452194
v 10.4816122 41.3107109 -20.7657833
v 11.3691692 42.9357147 -16.5027924
v 4.41239405 45.9164391 -10.2535887
v 12.8352022 44.2474251 -14.6263065
v 13.7439947 43.2656975 -14.1917515
v 14.5030632 43.9655609 -10.055089
v 13.7423992 44.8154449 -10.4519806
v 12.2441092 44.6036758 -5.99915409
v 12.9790897 43.9686394 -5.70399427
v 14.5735016 27.8035011 -27.8531456
v 15.7584286 27.0187263 -29.9054985
v 18.0144691 23.0127296 -26.760664
v 13.6519947 23.3832684 -31.7694302
v 16.2001667 20.8545704 -30.6706142
v 11.9069014 23.0127296 -30.286869
v 18.4258575 23.3832684 -29.0132389
v 16.4383011 20.4646111 -28.0623665
v 15.295929 20.8545742 -31.1926765
v 13.8222933 20.4646111 -29.5727196
v 17.1044064 20.8545742 -30.1485519
v 17.5097809 18.454998 -27.7526703
v 14.5737562 18.8321991 -31.9074345
v 13.0183506 18.454998 -30.3457985
v 18.0844936 18.8321991 -29.8805103
v 15.5161619 14.2102623 -29.485878
v 16.5170784 15.5609455 -31.2195168
v -3.80713844 3.23365235 -41.9741516
v -3.75850868 3.17632723 -41.5706711
v 35.9929733 3.23365235 -18.9955444
v -18.7595615 -2.11385345 -15.5880852
v -19.1332989 -2.17117858 -15.428463
v 35.619236 3.17632723 -18.8359203
v 20.6668129 -2.17117858 7.55014324
v 20.6181812 -2.11385345 7.14666462
vt 0.510742188 0.748535156
vt 0.481933594 0.69921875
vt 0.453369141 0.748535156
vt 0.510742188 0.748535156
vt 0.481933594 0.69921875
vt 0.453369141 0.748535156
vt 0.453369141 0.750488281
vt 0.510742188 0.750488281
vt 0.481201172 0.778320312
vt 0.481201172 0.778320312
vt 0.510742188 0.750488281
vt 0.453369141 0.750488281
vt 0.981933594 0.0120239258
vt 0.981933594 0.256591797
vt 0.431884766 0.0120239258
vt 0.431884766 0.256591797
vt 0.431884766 0.0120239258
vt 0.981933594 0.0120239258
vt 0.981933594 0.256591797
vt 0.431884766 0.256591797
vt 0.0286102295 0.0120239258
vt 0.0286102295 0.256591797
vt 0.431884766 0.0120239258
vt 0.0286102295 0.0120239258
vt 0.431884766 0.256591797
vt 0.0286102295 0.256591797
vt 0.446044922 0.703125
vt 0.360351562 0.703125
vt 0.446044922 0.749511719
vt 0.360351562 0.749511719
vt 0.446044922 0.749511719
vt 0.446044922 0.703125
vt 0.360351562 0.749511719
vt 0.360351562 0.703125
vt 0.446289062 0.751464844
vt 0.446289062 0.774902344
vt 0.360107422 0.751464844
vt 0.360107422 0.774902344
vt 0.446289062 0.751464844
vt 0.360107422 0.751464844
vt 0.446289062 0.774902344
vt 0.360107422 0.774902344
vt 0.975585938 0.269287109
vt 0.298095703 0.269287109
vt 0.975585938 0.354980469
vt 0.298095703 0.354980469
vt 0.637207031 0.480957031
vt 0.975585938 0.480957031
vt 0.298095703 0.480957031
vt 0.637207031 0.496826172
vt 0.67578125 0.549316406
vt 0.598144531 0.549316406
vt 0.71875 0.561523438
vt 0.555175781 0.561523438
vt 0.975585938 0.560546875
vt 0.298095703 0.560546875
vt 0.754882812 0.61328125
vt 0.975585938 0.680664062
vt 0.766601562 0.680664062
vt 0.518554688 0.61328125
vt 0.298095703 0.680664062
vt 0.506835938 0.680664062
vt 0.249145508 0.893554688
vt 0.207763672 0.923339844
vt 0.233276367 0.911132812
vt 0.254394531 0.8671875
vt 0.207763672 0.811035156
vt 0.186035156 0.927246094
vt 0.186035156 0.806640625
vt 0.249145508 0.840332031
vt 0.233276367 0.823242188
vt 0.207763672 0.923339844
vt 0.249145508 0.893554688
vt 0.233276367 0.911132812
vt 0.254394531 0.8671875
vt 0.207763672 0.811035156
vt 0.249145508 0.840332031
vt 0.233276367 0.823242188
vt 0.186035156 0.806640625
vt 0.186035156 0.927246094
vt 0.975585938 0.269287109
vt 0.975585938 0.354980469
vt 0.298095703 0.269287109
vt 0.298095703 0.354980469
vt 0.637207031 0.480957031
vt 0.975585938 0.480957031
vt 0.298095703 0.480957031
vt 0.637207031 0.496826172
vt 0.67578125 0.549316406
vt 0.598144531 0.549316406
vt 0.71875 0.561523438
vt 0.555175781 0.561523438
vt 0.975585938 0.562011719
vt 0.298095703 0.562011719
vt 0.754882812 0.61328125
vt 0.975585938 0.680664062
vt 0.766601562 0.680664062
vt 0.518554688 0.61328125
vt 0.298095703 0.680664062
vt 0.506835938 0.680664062
vt 0.198120117 0.982421875
vt 0.155273438 0.990234375
vt 0.198120117 0.990234375
vt 0.155273438 0.982421875
vt 0.101013184 0.990234375
vt 0.101013184 0.982421875
vt 0.0582580566 0.990234375
vt 0.0582580566 0.982421875
vt 0.00397491455 0.990234375
vt 0.00397491455 0.982421875
vt 0.990234375 0.812988281
vt 0.9921875 0.802246094
vt 0.990234375 0.802246094
vt 0.9921875 0.812988281
vt 0.990234375 0.826171875
vt 0.9921875 0.826171875
vt 0.990234375 0.836914062
vt 0.9921875 0.836914062
vt 0.990234375 0.850585938
vt 0.9921875 0.850585938
vt 0.20324707 0.990722656
vt 0.20324707 0.982910156
vt 0.382324219 0.990722656
vt 0.382324219 0.982910156
vt 0.51953125 0.990722656
vt 0.51953125 0.982910156
vt 0.20324707 0.982910156
vt 0.382324219 0.990722656
vt 0.20324707 0.990722656
vt 0.382324219 0.982910156
vt 0.51953125 0.990722656
vt 0.51953125 0.982910156
vt 0.20324707 0.990722656
vt 0.20324707 0.982910156
vt 0.382324219 0.990722656
vt 0.382324219 0.982910156
vt 0.51953125 0.990722656
vt 0.51953125 0.982910156
vt 0.20324707 0.982910156
vt 0.382324219 0.990722656
vt 0.20324707 0.990722656
vt 0.382324219 0.982910156
vt 0.51953125 0.990722656
vt 0.51953125 0.982910156
vt 0.797363281 0.837402344
vt 0.797363281 0.83984375
vt 0.784179688 0.83984375
vt 0.784179688 0.837402344
vt 0.767578125 0.83984375
vt 0.767578125 0.837402344
vt 0.75390625 0.83984375
vt 0.75390625 0.837402344
vt 0.737304688 0.83984375
vt 0.737304688 0.837402344
vt 0.994140625 0.70703125
vt 0.994140625 0.762695312
vt 0.986328125 0.762695312
vt 0.986328125 0.70703125
vt 0.994140625 0.663574219
vt 0.986328125 0.663574219
vt 0.994140625 0.607910156
vt 0.986328125 0.607910156
vt 0.986328125 0.70703125
vt 0.994140625 0.70703125
vt 0.986328125 0.663574219
vt 0.994140625 0.663574219
vt 0.20324707 0.990722656
vt 0.382324219 0.990722656
vt 0.20324707 0.982910156
vt 0.382324219 0.982910156
vt 0.51953125 0.990722656
vt 0.51953125 0.982910156
vt 0.20324707 0.982910156
vt 0.20324707 0.990722656
vt 0.382324219 0.990722656
vt 0.382324219 0.982910156
vt 0.51953125 0.990722656
vt 0.51953125 0.982910156
vt 0.20324707 0.990722656
vt 0.382324219 0.990722656
vt 0.20324707 0.982910156
vt 0.382324219 0.982910156
vt 0.51953125 0.990722656
vt 0.51953125 0.982910156
vt 0.20324707 0.982910156
vt 0.20324707 0.990722656
vt 0.382324219 0.990722656
vt 0.382324219 0.982910156
vt 0.51953125 0.990722656
vt 0.51953125 0.982910156
vt 0.976074219 0.827148438
vt 0.971191406 0.823730469
vt 0.966308594 0.831542969
vt 0.978515625 0.831542969
vt 0.977539062 0.836425781
vt 0.978515625 0.834960938
vt 0.973632812 0.841308594
vt 0.977539062 0.838378906
vt 0.978515625 0.839355469
vt 0.970703125 0.84375
vt 0.966308594 0.84375
vt 0.976074219 0.845214844
vt 0.977050781 0.843261719
vt 0.981933594 0.842773438
vt 0.980957031 0.839355469
vt 0.986328125 0.839355469
vt 0.982421875 0.837402344
vt 0.976074219 0.827148438
vt 0.966308594 0.831542969
vt 0.971191406 0.823730469
vt 0.978515625 0.831542969
vt 0.977539062 0.836425781
vt 0.978515625 0.834960938
vt 0.973632812 0.841308594
vt 0.977539062 0.838378906
vt 0.978515625 0.839355469
vt 0.970703125 0.84375
vt 0.966308594 0.84375
vt 0.976074219 0.845214844
vt 0.977050781 0.843261719
vt 0.981933594 0.842773438
vt 0.980957031 0.839355469
vt 0.986328125 0.839355469
vt 0.982421875 0.837402344
vt 0.755859375 0.825195312
vt 0.770507812 0.825195312
vt 0.744628906 0.839355469
vt 0.78125 0.839355469
vt 0.763183594 0.861328125
vt 0.849609375 0.791015625
vt 0.783691406 0.891113281
vt 0.915527344 0.891113281
vt 0.849609375 0.991699219
vt 0.887207031 0.693359375
vt 0.970703125 0.693359375
vt 0.970703125 0.715820312
vt 0.887207031 0.715820312
vt 0.803710938 0.715820312
vt 0.803710938 0.693359375
vt 0.849609375 0.991699219
vt 0.783691406 0.891113281
vt 0.915527344 0.891113281
vt 0.849609375 0.791015625
vt 0.803710938 0.693359375
vt 0.803710938 0.715820312
vt 0.887207031 0.693359375
vt 0.887207031 0.715820312
vt 0.970703125 0.715820312
vt 0.970703125 0.693359375
vt 0.755859375 0.826660156
vt 0.763671875 0.823242188
vt 0.745605469 0.83984375
vt 0.763671875 0.860351562
vt 0.78125 0.83984375
vt 0.770996094 0.826660156
vt 0.258300781 0.385009766
vt 0.2734375 0.385009766
vt 0.258300781 0.428222656
vt 0.2734375 0.428222656
vt 0.286865234 0.385009766
vt 0.258300781 0.473876953
vt 0.286865234 0.428222656
vt 0.2734375 0.473876953
vt 0.258300781 0.51953125
vt 0.286865234 0.473876953
vt 0.2734375 0.51953125
vt 0.258300781 0.562988281
vt 0.286865234 0.51953125
vt 0.2734375 0.562988281
vt 0.286865234 0.562988281
vt 0.258300781 0.562988281
vt 0.2734375 0.562988281
vt 0.258300781 0.51953125
vt 0.2734375 0.51953125
vt 0.286865234 0.562988281
vt 0.258300781 0.473876953
vt 0.286865234 0.51953125
vt 0.2734375 0.473876953
vt 0.258300781 0.428222656
vt 0.286865234 0.473876953
vt 0.2734375 0.428222656
vt 0.258300781 0.385009766
vt 0.286865234 0.428222656
vt 0.2734375 0.385009766
vt 0.286865234 0.385009766
vt 0.258300781 0.385009766
vt 0.258300781 0.428222656
vt 0.273681641 0.385009766
vt 0.273681641 0.428222656
vt 0.258300781 0.473876953
vt 0.286865234 0.428222656
vt 0.286865234 0.385009766
vt 0.286865234 0.473876953
vt 0.273681641 0.473876953
vt 0.258300781 0.51953125
vt 0.286865234 0.51953125
vt 0.273681641 0.51953125
vt 0.258300781 0.562988281
vt 0.286865234 0.562988281
vt 0.273681641 0.562988281
vt 0.258300781 0.562988281
vt 0.258300781 0.51953125
vt 0.273681641 0.562988281
vt 0.273681641 0.51953125
vt 0.258300781 0.473876953
vt 0.286865234 0.51953125
vt 0.286865234 0.562988281
vt 0.286865234 0.473876953
vt 0.273681641 0.473876953
vt 0.258300781 0.428222656
vt 0.273681641 0.428222656
vt 0.286865234 0.428222656
vt 0.258300781 0.385009766
vt 0.286865234 0.385009766
vt 0.273681641 0.385009766
vt 0.290283203 0.385009766
vt 0.275634766 0.385009766
vt 0.290283203 0.428222656
vt 0.275634766 0.428222656
vt 0.258300781 0.385009766
vt 0.290283203 0.473876953
vt 0.258300781 0.428222656
vt 0.275634766 0.473876953
vt 0.290283203 0.51953125
vt 0.258300781 0.473876953
vt 0.275634766 0.51953125
vt 0.290283203 0.562988281
vt 0.258300781 0.51953125
vt 0.275634766 0.562988281
vt 0.258300781 0.562988281
vt 0.290283203 0.562988281
vt 0.275634766 0.562988281
vt 0.290283203 0.51953125
vt 0.275634766 0.51953125
vt 0.258300781 0.562988281
vt 0.290283203 0.473876953
vt 0.258300781 0.51953125
vt 0.275634766 0.473876953
vt 0.290283203 0.428222656
vt 0.258300781 0.473876953
vt 0.275634766 0.428222656
vt 0.290283203 0.385009766
vt 0.258300781 0.428222656
vt 0.275634766 0.385009766
vt 0.258300781 0.385009766
vt 0.290283203 0.385009766
vt 0.290283203 0.428222656
vt 0.276123047 0.385009766
vt 0.276123047 0.428222656
vt 0.290283203 0.473876953
vt 0.258300781 0.428222656
vt 0.258300781 0.385009766
vt 0.258300781 0.473876953
vt 0.276123047 0.473876953
vt 0.290283203 0.51953125
vt 0.258300781 0.51953125
vt 0.276123047 0.51953125
vt 0.290283203 0.562988281
vt 0.258300781 0.562988281
vt 0.276123047 0.562988281
vt 0.290283203 0.562988281
vt 0.290283203 0.51953125
vt 0.276123047 0.562988281
vt 0.276123047 0.51953125
vt 0.290283203 0.473876953
vt 0.258300781 0.51953125
vt 0.258300781 0.562988281
vt 0.258300781 0.473876953
vt 0.276123047 0.473876953
vt 0.290283203 0.428222656
vt 0.276123047 0.428222656
vt 0.258300781 0.428222656
vt 0.290283203 0.385009766
vt 0.258300781 0.385009766
vt 0.276123047 0.385009766
vt 0.258300781 0.385009766
vt 0.258300781 0.428222656
vt 0.2734375 0.385009766
vt 0.2734375 0.428222656
vt 0.286865234 0.385009766
vt 0.258300781 0.473876953
vt 0.286865234 0.428222656
vt 0.2734375 0.473876953
vt 0.258300781 0.51953125
vt 0.286865234 0.473876953
vt 0.2734375 0.51953125
vt 0.258300781 0.562988281
vt 0.286865234 0.51953125
vt 0.2734375 0.562988281
vt 0.286865234 0.562988281
vt 0.258300781 0.562988281
vt 0.258300781 0.51953125
vt 0.2734375 0.562988281
vt 0.2734375 0.51953125
vt 0.286865234 0.562988281
vt 0.258300781 0.473876953
vt 0.286865234 0.51953125
vt 0.2734375 0.473876953
vt 0.258300781 0.428222656
vt 0.286865234 0.473876953
vt 0.2734375 0.428222656
vt 0.258300781 0.385009766
vt 0.286865234 0.428222656
vt 0.2734375 0.385009766
vt 0.286865234 0.385009766
vt 0.258300781 0.385009766
vt 0.273681641 0.385009766
vt 0.258300781 0.428222656
vt 0.273681641 0.428222656
vt 0.258300781 0.473876953
vt 0.286865234 0.428222656
vt 0.286865234 0.385009766
vt 0.286865234 0.473876953
vt 0.273681641 0.473876953
vt 0.258300781 0.51953125
vt 0.286865234 0.51953125
vt 0.273681641 0.51953125
vt 0.258300781 0.562988281
vt 0.286865234 0.562988281
vt 0.273681641 0.562988281
vt 0.258300781 0.562988281
vt 0.273681641 0.562988281
vt 0.258300781 0.51953125
vt 0.273681641 0.51953125
vt 0.258300781 0.473876953
vt 0.286865234 0.51953125
vt 0.286865234 0.562988281
vt 0.286865234 0.473876953
vt 0.273681641 0.473876953
vt 0.258300781 0.428222656
vt 0.273681641 0.428222656
vt 0.286865234 0.428222656
vt 0.258300781 0.385009766
vt 0.286865234 0.385009766
vt 0.273681641 0.385009766
vt 0.290283203 0.385009766
vt 0.290283203 0.428222656
vt 0.275634766 0.385009766
vt 0.275634766 0.428222656
vt 0.258300781 0.385009766
vt 0.290283203 0.473876953
vt 0.258300781 0.428222656
vt 0.275634766 0.473876953
vt 0.290283203 0.51953125
vt 0.258300781 0.473876953
vt 0.275634766 0.51953125
vt 0.290283203 0.562988281
vt 0.258300781 0.51953125
vt 0.275634766 0.562988281
vt 0.258300781 0.562988281
vt 0.290283203 0.562988281
vt 0.290283203 0.51953125
vt 0.275634766 0.562988281
vt 0.275634766 0.51953125
vt 0.258300781 0.562988281
vt 0.290283203 0.473876953
vt 0.258300781 0.51953125
vt 0.275634766 0.473876953
vt 0.290283203 0.428222656
vt 0.258300781 0.473876953
vt 0.275634766 0.428222656
vt 0.290283203 0.385009766
vt 0.258300781 0.428222656
vt 0.275634766 0.385009766
vt 0.258300781 0.385009766
vt 0.290283203 0.385009766
vt 0.276123047 0.385009766
vt 0.290283203 0.428222656
vt 0.276123047 0.428222656
vt 0.290283203 0.473876953
vt 0.258300781 0.428222656
vt 0.258300781 0.385009766
vt 0.258300781 0.473876953
vt 0.276123047 0.473876953
vt 0.290283203 0.51953125
vt 0.258300781 0.51953125
vt 0.276123047 0.51953125
vt 0.290283203 0.562988281
vt 0.258300781 0.562988281
vt 0.276123047 0.562988281
vt 0.290283203 0.562988281
vt 0.276123047 0.562988281
vt 0.290283203 0.51953125
vt 0.276123047 0.51953125
vt 0.290283203 0.473876953
vt 0.258300781 0.51953125
vt 0.258300781 0.562988281
vt 0.258300781 0.473876953
vt 0.276123047 0.473876953
vt 0.290283203 0.428222656
vt 0.276123047 0.428222656
vt 0.258300781 0.428222656
vt 0.290283203 0.385009766
vt 0.258300781 0.385009766
vt 0.276123047 0.385009766
vt 0.176391602 0.276855469
vt 0.15612793 0.276855469
vt 0.176391602 0.387695312
vt 0.15612793 0.387695312
vt 0.119873047 0.276855469
vt 0.15612793 0.451904297
vt 0.176391602 0.451904297
vt 0.119873047 0.387695312
vt 0.15612793 0.516113281
vt 0.176391602 0.516113281
vt 0.15612793 0.625488281
vt 0.176391602 0.625488281
vt 0.176391602 0.734375
vt 0.119873047 0.451904297
vt 0.0836181641 0.387695312
vt 0.0836181641 0.276855469
vt 0.0836181641 0.451904297
vt 0.0632324219 0.387695312
vt 0.0632324219 0.276855469
vt 0.119873047 0.516113281
vt 0.0836181641 0.516113281
vt 0.0836181641 0.625488281
vt 0.0200195312 0.387695312
vt 0.0200195312 0.276855469
vt 0.0632324219 0.451904297
vt 0.0200195312 0.451904297
vt 0.0200195312 0.516113281
vt 0.0632324219 0.516113281
vt 0.0632324219 0.625488281
vt 0.0200195312 0.625488281
vt 0.0200195312 0.734375
vt 0.0632324219 0.734375
vt 0.0200195312 0.798828125
vt 0.0632324219 0.798828125
vt 0.0200195312 0.862792969
vt 0.0836181641 0.734375
vt 0.0632324219 0.862792969
vt 0.0632324219 0.973632812
vt 0.0200195312 0.973632812
vt 0.0836181641 0.973632812
vt 0.0836181641 0.798828125
vt 0.0836181641 0.862792969
vt 0.119873047 0.973632812
vt 0.119873047 0.862792969
vt 0.119873047 0.798828125
vt 0.119873047 0.734375
vt 0.15612793 0.862792969
vt 0.15612793 0.973632812
vt 0.15612793 0.798828125
vt 0.176391602 0.862792969
vt 0.176391602 0.973632812
vt 0.176391602 0.798828125
vt 0.15612793 0.734375
vt 0.119873047 0.625488281
vt 0.183837891 0.425292969
vt 0.183837891 0.5625
vt 0.204711914 0.5625
vt 0.204711914 0.425292969
vt 0.183837891 0.275878906
vt 0.228881836 0.5625
vt 0.204711914 0.275878906
vt 0.228881836 0.425292969
vt 0.249755859 0.5625
vt 0.228881836 0.275878906
vt 0.249755859 0.425292969
vt 0.249755859 0.275878906
vt 0.249755859 0.425292969
vt 0.249755859 0.5625
vt 0.228881836 0.5625
vt 0.228881836 0.425292969
vt 0.249755859 0.275878906
vt 0.204711914 0.5625
vt 0.228881836 0.275878906
vt 0.204711914 0.425292969
vt 0.183837891 0.5625
vt 0.204711914 0.275878906
vt 0.183837891 0.425292969
vt 0.183837891 0.275878906
vt 0.743652344 0.842773438
vt 0.743652344 0.849609375
vt 0.749511719 0.839355469
vt 0.749511719 0.853027344
vt 0.755371094 0.849609375
vt 0.755371094 0.842773438
vt 0.204711914 0.5625
vt 0.183837891 0.5625
vt 0.183837891 0.425292969
vt 0.204711914 0.425292969
vt 0.183837891 0.275878906
vt 0.228881836 0.5625
vt 0.204711914 0.275878906
vt 0.228881836 0.425292969
vt 0.249755859 0.5625
vt 0.228881836 0.275878906
vt 0.249755859 0.425292969
vt 0.249755859 0.275878906
vt 0.228881836 0.5625
vt 0.249755859 0.5625
vt 0.249755859 0.425292969
vt 0.228881836 0.425292969
vt 0.249755859 0.275878906
vt 0.204711914 0.5625
vt 0.228881836 0.275878906
vt 0.204711914 0.425292969
vt 0.183837891 0.5625
vt 0.204711914 0.275878906
vt 0.183837891 0.425292969
vt 0.183837891 0.275878906
vt 0.743652344 0.842773438
vt 0.749511719 0.839355469
vt 0.743652344 0.849609375
vt 0.749511719 0.853027344
vt 0.755371094 0.849609375
vt 0.755371094 0.842773438
vt 0.176391602 0.276855469
vt 0.176391602 0.387695312
vt 0.15612793 0.276855469
vt 0.15612793 0.387695312
vt 0.119873047 0.276855469
vt 0.15612793 0.451904297
vt 0.176391602 0.451904297
vt 0.119873047 0.387695312
vt 0.15612793 0.516113281
vt 0.176391602 0.516113281
vt 0.15612793 0.625488281
vt 0.176391602 0.625488281
vt 0.176391602 0.734375
vt 0.119873047 0.451904297
vt 0.0836181641 0.387695312
vt 0.0836181641 0.276855469
vt 0.0836181641 0.451904297
vt 0.0632324219 0.387695312
vt 0.0632324219 0.276855469
vt 0.119873047 0.516113281
vt 0.0836181641 0.516113281
vt 0.0836181641 0.625488281
vt 0.0632324219 0.451904297
vt 0.0200195312 0.387695312
vt 0.0200195312 0.276855469
vt 0.0200195312 0.451904297
vt 0.0200195312 0.516113281
vt 0.0632324219 0.516113281
vt 0.0632324219 0.625488281
vt 0.0200195312 0.625488281
vt 0.0200195312 0.734375
vt 0.0632324219 0.734375
vt 0.0200195312 0.798828125
vt 0.0632324219 0.798828125
vt 0.0200195312 0.862792969
vt 0.0836181641 0.734375
vt 0.0632324219 0.862792969
vt 0.0632324219 0.973632812
vt 0.0200195312 0.973632812
vt 0.0836181641 0.973632812
vt 0.0836181641 0.798828125
vt 0.0836181641 0.862792969
vt 0.119873047 0.973632812
vt 0.119873047 0.862792969
vt 0.119873047 0.798828125
vt 0.119873047 0.734375
vt 0.15612793 0.862792969
vt 0.15612793 0.973632812
vt 0.15612793 0.798828125
vt 0.176391602 0.862792969
vt 0.176391602 0.973632812
vt 0.176391602 0.798828125
vt 0.15612793 0.734375
vt 0.119873047 0.625488281
vt 0.183837891 0.425292969
vt 0.204711914 0.5625
vt 0.183837891 0.5625
vt 0.204711914 0.425292969
vt 0.183837891 0.275878906
vt 0.228881836 0.5625
vt 0.204711914 0.275878906
vt 0.228881836 0.425292969
vt 0.249755859 0.5625
vt 0.228881836 0.275878906
vt 0.249755859 0.425292969
vt 0.249755859 0.275878906
vt 0.249755859 0.425292969
vt 0.228881836 0.5625
vt 0.249755859 0.5625
vt 0.228881836 0.425292969
vt 0.249755859 0.275878906
vt 0.204711914 0.5625
vt 0.228881836 0.275878906
vt 0.204711914 0.425292969
vt 0.183837891 0.5625
vt 0.204711914 0.275878906
vt 0.183837891 0.425292969
vt 0.183837891 0.275878906
vt 0.743652344 0.842773438
vt 0.749511719 0.839355469
vt 0.743652344 0.849609375
vt 0.749511719 0.853027344
vt 0.755371094 0.849609375
vt 0.755371094 0.842773438
vt 0.204711914 0.5625
vt 0.183837891 0.425292969
vt 0.183837891 0.5625
vt 0.204711914 0.425292969
vt 0.183837891 0.275878906
vt 0.228881836 0.5625
vt 0.204711914 0.275878906
vt 0.228881836 0.425292969
vt 0.249755859 0.5625
vt 0.228881836 0.275878906
vt 0.249755859 0.425292969
vt 0.249755859 0.275878906
vt 0.228881836 0.5625
vt 0.249755859 0.425292969
vt 0.249755859 0.5625
vt 0.228881836 0.425292969
vt 0.249755859 0.275878906
vt 0.204711914 0.5625
vt 0.228881836 0.275878906
vt 0.204711914 0.425292969
vt 0.183837891 0.5625
vt 0.204711914 0.275878906
vt 0.183837891 0.425292969
vt 0.183837891 0.275878906
vt 0.743652344 0.842773438
vt 0.743652344 0.849609375
vt 0.749511719 0.839355469
vt 0.749511719 0.853027344
vt 0.755371094 0.849609375
vt 0.755371094 0.842773438
vt 0.782226562 0.841796875
vt 0.763671875 0.841796875
vt 0.776367188 0.829101562
vt 0.776367188 0.854492188
vt 0.763671875 0.823242188
vt 0.763671875 0.860351562
vt 0.750976562 0.829101562
vt 0.750976562 0.854492188
vt 0.744628906 0.841796875
vt 0.782226562 0.841796875
vt 0.776367188 0.829101562
vt 0.763671875 0.841796875
vt 0.776367188 0.854492188
vt 0.763671875 0.823242188
vt 0.763671875 0.860351562
vt 0.750976562 0.829101562
vt 0.750976562 0.854492188
vt 0.744628906 0.841796875
vt 0.990234375 0.868652344
vt 0.971679688 0.868652344
vt 0.984375 0.855957031
vt 0.984375 0.881347656
vt 0.971679688 0.850097656
vt 0.971679688 0.887207031
vt 0.958984375 0.855957031
vt 0.958984375 0.881347656
vt 0.953125 0.868652344
vt 0.990234375 0.868652344
vt 0.984375 0.855957031
vt 0.971679688 0.868652344
vt 0.984375 0.881347656
vt 0.971679688 0.850097656
vt 0.971679688 0.887207031
vt 0.958984375 0.855957031
vt 0.958984375 0.881347656
vt 0.953125 0.868652344
vt 0.782226562 0.841796875
vt 0.776367188 0.829101562
vt 0.763671875 0.841796875
vt 0.776367188 0.854492188
vt 0.763671875 0.823242188
vt 0.763671875 0.860351562
vt 0.750976562 0.829101562
vt 0.750976562 0.854492188
vt 0.744628906 0.841796875
vt 0.782226562 0.841796875
vt 0.763671875 0.841796875
vt 0.776367188 0.829101562
vt 0.776367188 0.854492188
vt 0.763671875 0.823242188
vt 0.763671875 0.860351562
vt 0.750976562 0.829101562
vt 0.750976562 0.854492188
vt 0.744628906 0.841796875
vt 0.990234375 0.868652344
vt 0.984375 0.855957031
vt 0.971679688 0.868652344
vt 0.984375 0.881347656
vt 0.971679688 0.850097656
vt 0.971679688 0.887207031
vt 0.958984375 0.855957031
vt 0.958984375 0.881347656
vt 0.953125 0.868652344
vt 0.990234375 0.868652344
vt 0.971679688 0.868652344
vt 0.984375 0.855957031
vt 0.984375 0.881347656
vt 0.971679688 0.850097656
vt 0.971679688 0.887207031
vt 0.958984375 0.855957031
vt 0.958984375 0.881347656
vt 0.953125 0.868652344
vt 0.625488281 0.967285156
vt 0.625488281 0.9765625
vt 0.659667969 0.967285156
vt 0.672851562 0.942871094
vt 0.625488281 0.884277344
vt 0.6640625 0.976074219
vt 0.6953125 0.977539062
vt 0.7109375 0.989746094
vt 0.686523438 0.954589844
vt 0.715332031 0.965820312
vt 0.719238281 0.974609375
vt 0.759765625 0.961914062
vt 0.762207031 0.970214844
vt 0.726074219 0.947265625
vt 0.7890625 0.940429688
vt 0.801269531 0.938476562
vt 0.755371094 0.945800781
vt 0.771484375 0.932617188
vt 0.768554688 0.922363281
vt 0.755859375 0.938476562
vt 0.731445312 0.939941406
vt 0.724609375 0.928222656
vt 0.716796875 0.931640625
vt 0.721679688 0.912109375
vt 0.710449219 0.912109375
vt 0.71875 0.897460938
vt 0.730957031 0.897460938
vt 0.721191406 0.873046875
vt 0.733398438 0.870117188
vt 0.699707031 0.8359375
vt 0.709472656 0.828125
vt 0.669921875 0.8125
vt 0.625488281 0.869628906
vt 0.666503906 0.798828125
vt 0.6640625 0.976074219
vt 0.625488281 0.9765625
vt 0.659667969 0.967285156
vt 0.625488281 0.967285156
vt 0.672851562 0.942871094
vt 0.625488281 0.884277344
vt 0.6953125 0.977539062
vt 0.7109375 0.989746094
vt 0.686523438 0.954589844
vt 0.715332031 0.965820312
vt 0.719238281 0.974609375
vt 0.759765625 0.961914062
vt 0.762207031 0.970214844
vt 0.726074219 0.947265625
vt 0.7890625 0.940429688
vt 0.801269531 0.938476562
vt 0.755371094 0.945800781
vt 0.771484375 0.932617188
vt 0.768554688 0.922363281
vt 0.755859375 0.938476562
vt 0.731445312 0.939941406
vt 0.724609375 0.928222656
vt 0.716796875 0.931640625
vt 0.721679688 0.912109375
vt 0.710449219 0.912109375
vt 0.71875 0.897460938
vt 0.730957031 0.897460938
vt 0.721191406 0.873046875
vt 0.733398438 0.870117188
vt 0.699707031 0.8359375
vt 0.709472656 0.828125
vt 0.669921875 0.8125
vt 0.625488281 0.869628906
vt 0.666503906 0.798828125
vt 0.218383789 0.972167969
vt 0.28515625 0.939941406
vt 0.246337891 0.972167969
vt 0.297851562 0.972167969
vt 0.26171875 0.917480469
vt 0.446533203 0.972167969
vt 0.294189453 0.8828125
vt 0.278808594 0.859375
vt 0.350097656 0.801269531
vt 0.357177734 0.830566406
vt 0.446533203 0.819824219
vt 0.446533203 0.789550781
vt 0.357177734 0.830566406
vt 0.446533203 0.819824219
vt 0.446533203 0.789550781
vt 0.350097656 0.801269531
vt 0.446533203 0.972167969
vt 0.294189453 0.8828125
vt 0.278808594 0.859375
vt 0.26171875 0.917480469
vt 0.28515625 0.939941406
vt 0.297851562 0.972167969
vt 0.218383789 0.972167969
vt 0.246337891 0.972167969
vt 0.218383789 0.972167969
vt 0.246337891 0.972167969
vt 0.28515625 0.939941406
vt 0.297851562 0.972167969
vt 0.26171875 0.917480469
vt 0.446533203 0.972167969
vt 0.294189453 0.8828125
vt 0.278808594 0.859375
vt 0.350097656 0.801269531
vt 0.357177734 0.830566406
vt 0.446533203 0.819824219
vt 0.446533203 0.789550781
vt 0.776367188 0.829101562
vt 0.763671875 0.841796875
vt 0.782226562 0.841796875
vt 0.763671875 0.823242188
vt 0.776367188 0.854492188
vt 0.750976562 0.829101562
vt 0.763671875 0.860351562
vt 0.744628906 0.841796875
vt 0.750976562 0.854492188
vt 0.785644531 0.822753906
vt 0.793945312 0.841308594
vt 0.766601562 0.841308594
vt 0.766601562 0.813964844
vt 0.785644531 0.859863281
vt 0.748046875 0.822753906
vt 0.766601562 0.868652344
vt 0.739257812 0.841308594
vt 0.748046875 0.859863281
vt 0.936523438 0.748046875
vt 0.955078125 0.767089844
vt 0.927734375 0.767089844
vt 0.955078125 0.739257812
vt 0.936523438 0.785644531
vt 0.974121094 0.748046875
vt 0.955078125 0.794433594
vt 0.982910156 0.767089844
vt 0.974121094 0.785644531
vt 0.936523438 0.748046875
vt 0.927734375 0.767089844
vt 0.955078125 0.767089844
vt 0.955078125 0.739257812
vt 0.936523438 0.785644531
vt 0.974121094 0.748046875
vt 0.955078125 0.794433594
vt 0.982910156 0.767089844
vt 0.974121094 0.785644531
vt 0.776367188 0.829101562
vt 0.782226562 0.841796875
vt 0.763671875 0.841796875
vt 0.763671875 0.823242188
vt 0.776367188 0.854492188
vt 0.750976562 0.829101562
vt 0.763671875 0.860351562
vt 0.744628906 0.841796875
vt 0.750976562 0.854492188
vt 0.785644531 0.822753906
vt 0.766601562 0.841308594
vt 0.793945312 0.841308594
vt 0.766601562 0.813964844
vt 0.785644531 0.859863281
vt 0.748046875 0.822753906
vt 0.766601562 0.868652344
vt 0.739257812 0.841308594
vt 0.748046875 0.859863281
vt 0.936523438 0.748046875
vt 0.927734375 0.767089844
vt 0.955078125 0.767089844
vt 0.955078125 0.739257812
vt 0.936523438 0.785644531
vt 0.974121094 0.748046875
vt 0.955078125 0.794433594
vt 0.982910156 0.767089844
vt 0.974121094 0.785644531
vt 0.936523438 0.748046875
vt 0.955078125 0.767089844
vt 0.927734375 0.767089844
vt 0.955078125 0.739257812
vt 0.936523438 0.785644531
vt 0.974121094 0.748046875
vt 0.955078125 0.794433594
vt 0.982910156 0.767089844
vt 0.974121094 0.785644531
vt 0.605957031 0.823730469
vt 0.627929688 0.823730469
vt 0.622558594 0.8125
vt 0.625 0.836914062
vt 0.603515625 0.836914062
vt 0.575195312 0.892089844
vt 0.602050781 0.8125
vt 0.550292969 0.755859375
vt 0.550292969 0.736816406
vt 0.478027344 0.8125
vt 0.561035156 0.891601562
vt 0.550292969 0.891601562
vt 0.580566406 0.926757812
vt 0.597167969 0.926757812
vt 0.550292969 0.926757812
vt 0.550292969 0.970703125
vt 0.550292969 0.991210938
vt 0.503417969 0.926757812
vt 0.520019531 0.926757812
vt 0.525390625 0.892089844
vt 0.539550781 0.891601562
vt 0.497070312 0.836914062
vt 0.475830078 0.836914062
vt 0.498535156 0.8125
vt 0.494873047 0.823730469
vt 0.47265625 0.823730469
vt 0.246337891 0.972167969
vt 0.28515625 0.939941406
vt 0.297851562 0.972167969
vt 0.218383789 0.972167969
vt 0.26171875 0.917480469
vt 0.446533203 0.972167969
vt 0.294189453 0.8828125
vt 0.278808594 0.859375
vt 0.350097656 0.801269531
vt 0.357177734 0.830566406
vt 0.446533203 0.819824219
vt 0.446533203 0.789550781
vt 0.795410156 0.740234375
vt 0.780761719 0.740234375
vt 0.728515625 0.797363281
vt 0.728515625 0.695800781
vt 0.687011719 0.740234375
vt 0.728515625 0.680664062
vt 0.728515625 0.784667969
vt 0.686523438 0.764648438
vt 0.687011719 0.723144531
vt 0.686523438 0.715820312
vt 0.687011719 0.757324219
vt 0.653808594 0.782714844
vt 0.653808594 0.70703125
vt 0.653808594 0.697753906
vt 0.653808594 0.7734375
vt 0.578613281 0.740234375
vt 0.596679688 0.740234375
vt 0.236816406 0.634277344
vt 0.236328125 0.633789062
vt 0.236816406 0.571289062
vt 0.189697266 0.633789062
vt 0.189208984 0.634277344
vt 0.236328125 0.571289062
vt 0.189208984 0.571289062
vt 0.189697266 0.571289062
vn -0.13671875 0.560058594 0.816894531
vn 0.168334961 0.941894531 0.290527344
vn 0.506347656 0.802246094 -0.316894531
vn -0.015007019 0.797363281 -0.603515625
vn -0.372070312 0.927734375 -0.0248413086
vn -0.663574219 0.560058594 0.496582031
vn -0.0583190918 -0.751464844 0.656738281
vn 0.651367188 -0.500488281 -0.5703125
vn 0.371582031 -0.928222656 0.0257415771
vn -0.214477539 -0.925292969 -0.312011719
vn 0.162353516 -0.5 -0.850585938
vn -0.544433594 -0.750488281 0.375
vn 0.904296875 0.015838623 -0.426757812
vn 0.913574219 0.0233001709 -0.406005859
vn -0.0537719727 0.0204467773 -0.998535156
vn -0.0776977539 0.0273284912 -0.996582031
vn 0.0505981445 -0.268798828 0.961914062
vn -0.87109375 -0.267822266 0.411621094
vn -0.883300781 -0.256103516 0.392822266
vn 0.0740966797 -0.257568359 0.963378906
vn 0.904296875 0.015838623 -0.426757812
vn 0.913574219 0.0233001709 -0.406005859
vn -0.87109375 -0.267822266 0.411621094
vn -0.0537719727 0.0204467773 -0.998535156
vn -0.883300781 -0.256103516 0.392822266
vn -0.0776977539 0.0273284912 -0.996582031
vn -0.372070312 0.927734375 -0.0248413086
vn 0.168334961 0.941894531 0.290527344
vn -0.663574219 0.560058594 0.496582031
vn -0.13671875 0.560058594 0.816894531
vn 0.506347656 0.802246094 -0.316894531
vn 0.168334961 0.941894531 0.290527344
vn -0.015007019 0.797363281 -0.603515625
vn -0.372070312 0.927734375 -0.0248413086
vn -0.0583190918 -0.751464844 0.656738281
vn 0.371582031 -0.928222656 0.0257415771
vn -0.544433594 -0.750488281 0.375
vn -0.214477539 -0.925292969 -0.312011719
vn 0.651367188 -0.500488281 -0.5703125
vn 0.162353516 -0.5 -0.850585938
vn 0.371582031 -0.928222656 0.0257415771
vn -0.214477539 -0.925292969 -0.312011719
vn 0.580566406 0.356201172 -0.732421875
vn 0.34375 0.356201172 -0.868652344
vn 0.560546875 0.427001953 -0.709472656
vn 0.334472656 0.427001953 -0.840332031
vn 0.427734375 0.517578125 -0.741210938
vn 0.532714844 0.405029297 -0.743164062
vn 0.377197266 0.405029297 -0.833007812
vn 0.415039062 0.557617188 -0.71875
vn 0.340576172 0.661132812 -0.668457031
vn 0.408691406 0.661132812 -0.629394531
vn 0.347900391 0.654296875 -0.671386719
vn 0.407226562 0.654296875 -0.63671875
vn 0.489257812 0.435791016 -0.755371094
vn 0.409667969 0.435791016 -0.801269531
vn 0.336914062 0.689453125 -0.641113281
vn 0.31640625 0.79296875 -0.520507812
vn -0.126708984 0.981933594 0.141113281
vn 0.104125977 0.989746094 -0.0982055664
vn 0.292724609 0.79296875 -0.534179688
vn -0.0539855957 0.983886719 0.169067383
vn 0.489257812 0.435791016 -0.755371094
vn 0.560546875 0.427001953 -0.709472656
vn 0.532714844 0.405029297 -0.743164062
vn 0.31640625 0.79296875 -0.520507812
vn -0.923339844 0.071105957 0.377441406
vn 0.580566406 0.356201172 -0.732421875
vn -0.874023438 -0.0241699219 0.485107422
vn -0.646484375 0.711914062 0.274902344
vn -0.549316406 0.413085938 0.7265625
vn 0.334472656 0.427001953 -0.840332031
vn 0.409667969 0.435791016 -0.801269531
vn 0.377197266 0.405029297 -0.833007812
vn 0.292724609 0.79296875 -0.534179688
vn 0.118591309 0.0719604492 0.990234375
vn 0.0875244141 0.709960938 0.698730469
vn -0.354492188 0.413085938 0.838867188
vn -0.00778198242 -0.0245361328 0.999511719
vn 0.34375 0.356201172 -0.868652344
vn -0.874023438 -0.0241699219 0.485107422
vn -0.923339844 0.071105957 0.377441406
vn -0.00778198242 -0.0245361328 0.999511719
vn 0.118591309 0.0719604492 0.990234375
vn -0.4765625 0.302490234 0.825195312
vn -0.549316406 0.413085938 0.7265625
vn -0.354492188 0.413085938 0.838867188
vn -0.406982422 0.580566406 0.705078125
vn -0.422607422 0.644042969 0.637207031
vn -0.340576172 0.644042969 0.684570312
vn -0.388427734 0.712402344 0.584472656
vn -0.31640625 0.705078125 0.634765625
vn -0.646484375 0.711914062 0.274902344
vn 0.0875244141 0.709960938 0.698730469
vn -0.268310547 0.88671875 0.375976562
vn 0.31640625 0.79296875 -0.520507812
vn -0.126708984 0.981933594 0.141113281
vn -0.197998047 0.883300781 0.425048828
vn 0.292724609 0.79296875 -0.534179688
vn -0.0539855957 0.983886719 0.169067383
vn -0.759765625 0.514160156 0.397949219
vn 0.254150391 0.756347656 -0.602539062
vn 0.215454102 0.9765625 0.00539779663
vn 0.490966797 0.520019531 -0.69921875
vn 0.395019531 0.756347656 -0.521484375
vn 0.359863281 0.520019531 -0.774902344
vn -0.112792969 0.9765625 -0.183837891
vn 0.0344543457 0.513183594 0.857421875
vn 0.215454102 0.9765625 0.00539779663
vn -0.759765625 0.514160156 0.397949219
vn 0.112548828 -0.974609375 0.192749023
vn -0.641601562 -0.738769531 0.205322266
vn 0.386230469 -0.877929688 -0.282226562
vn 0.439697266 0.389160156 -0.809570312
vn -0.223022461 -0.974609375 -0.000702857971
vn 0.481201172 0.389160156 -0.785644531
vn 0.0507202148 -0.877929688 -0.475585938
vn 0.142089844 -0.73828125 0.659667969
vn 0.386230469 -0.877929688 -0.282226562
vn -0.641601562 -0.738769531 0.205322266
vn 0.481201172 0.389160156 -0.785644531
vn 0.359863281 0.520019531 -0.774902344
vn 0.439697266 0.389160156 -0.809570312
vn 0.490966797 0.520019531 -0.69921875
vn -0.641601562 -0.738769531 0.205322266
vn -0.759765625 0.514160156 0.397949219
vn -0.223022461 -0.974609375 -0.000702857971
vn 0.254150391 0.756347656 -0.602539062
vn 0.395019531 0.756347656 -0.521484375
vn 0.112548828 -0.974609375 0.192749023
vn 0.215454102 0.9765625 0.00539779663
vn 0.386230469 -0.877929688 -0.282226562
vn -0.641601562 -0.738769531 0.205322266
vn -0.759765625 0.514160156 0.397949219
vn 0.142089844 -0.73828125 0.659667969
vn 0.0344543457 0.513183594 0.857421875
vn 0.481201172 0.389160156 -0.785644531
vn 0.359863281 0.520019531 -0.774902344
vn 0.386230469 -0.877929688 -0.282226562
vn -0.112792969 0.9765625 -0.183837891
vn 0.215454102 0.9765625 0.00539779663
vn 0.0507202148 -0.877929688 -0.475585938
vn 0.395019531 0.756347656 -0.521484375
vn -0.223022461 -0.974609375 -0.000702857971
vn -0.565917969 -0.807128906 0.168457031
vn 0.347900391 -0.898925781 -0.266357422
vn 0.107971191 -0.982910156 0.147705078
vn -0.0149383545 -0.611816406 -0.790527344
vn -0.181884766 -0.982910156 -0.0210723877
vn 0.690917969 -0.611816406 -0.385253906
vn 0.0579528809 -0.8984375 -0.435058594
vn 0.140014648 -0.806640625 0.57421875
vn 0.347900391 -0.898925781 -0.266357422
vn -0.565917969 -0.807128906 0.168457031
vn -0.323730469 0.911621094 0.253173828
vn -0.0584411621 0.911132812 0.407470703
vn -0.148071289 0.785644531 -0.600585938
vn 0.592285156 0.786621094 -0.174682617
vn -0.108947754 0.987304688 -0.117553711
vn 0.0270996094 0.5859375 0.810058594
vn 0.15625 0.986816406 0.0368652344
vn -0.713378906 0.5859375 0.384277344
vn -0.148071289 0.785644531 -0.600585938
vn -0.0584411621 0.911132812 0.407470703
vn -0.713378906 0.5859375 0.384277344
vn 0.15625 0.986816406 0.0368652344
vn 0.592285156 0.786621094 -0.174682617
vn -0.148071289 0.785644531 -0.600585938
vn 0.690917969 -0.611816406 -0.385253906
vn -0.0149383545 -0.611816406 -0.790527344
vn -0.713378906 0.5859375 0.384277344
vn -0.565917969 -0.807128906 0.168457031
vn -0.323730469 0.911621094 0.253173828
vn -0.181884766 -0.982910156 -0.0210723877
vn 0.107971191 -0.982910156 0.147705078
vn -0.0584411621 0.911132812 0.407470703
vn 0.347900391 -0.898925781 -0.266357422
vn 0.15625 0.986816406 0.0368652344
vn -0.713378906 0.5859375 0.384277344
vn 0.0270996094 0.5859375 0.810058594
vn -0.565917969 -0.807128906 0.168457031
vn 0.140014648 -0.806640625 0.57421875
vn 0.592285156 0.786621094 -0.174682617
vn 0.690917969 -0.611816406 -0.385253906
vn 0.15625 0.986816406 0.0368652344
vn 0.347900391 -0.898925781 -0.266357422
vn 0.0579528809 -0.8984375 -0.435058594
vn -0.108947754 0.987304688 -0.117553711
vn -0.181884766 -0.982910156 -0.0210723877
vn -0.323730469 0.911621094 0.253173828
vn 0.0160827637 -0.484863281 0.874511719
vn -0.561523438 -0.807128906 0.181152344
vn -0.445800781 -0.452392578 0.772460938
vn 0.0923461914 -0.275878906 0.956542969
vn -0.353271484 -0.0894165039 0.931152344
vn 0.858398438 0.176757812 0.481689453
vn -0.411132812 -0.0968017578 0.90625
vn 0.389160156 -0.262451172 0.8828125
vn -0.325195312 -0.674804688 0.662597656
vn -0.556152344 0.363769531 0.747070312
vn -0.486328125 0.232910156 0.842285156
vn 0.55078125 0.579101562 0.601074219
vn -0.526367188 0.691894531 0.494140625
vn 0.0434875488 0.651367188 0.7578125
vn -0.636230469 -0.596191406 0.489501953
vn 0.601074219 0.0456848145 0.797851562
vn 0.219848633 -0.963378906 0.154052734
vn -0.765136719 -0.484863281 0.423339844
vn -0.445800781 -0.452392578 0.772460938
vn 0.123901367 -0.807128906 0.577148438
vn -0.874511719 -0.275878906 0.3984375
vn -0.629882812 -0.0893554688 0.771484375
vn -0.846191406 0.176757812 -0.502441406
vn -0.579589844 -0.0968017578 0.809082031
vn -0.959472656 -0.262451172 0.104553223
vn -0.411132812 -0.674804688 0.612792969
vn -0.368896484 0.363769531 0.85546875
vn -0.486328125 0.232910156 0.842285156
vn -0.795898438 0.579101562 -0.176269531
vn -0.164916992 0.691894531 0.702636719
vn -0.677734375 0.651367188 0.341064453
vn -0.105895996 -0.596191406 0.795898438
vn -0.991699219 0.0456848145 -0.121337891
vn -0.243408203 -0.963378906 -0.113342285
vn 0.627441406 0.111083984 0.770507812
vn -0.953125 -0.00420761108 0.302246094
vn -0.165161133 -0.126831055 0.978027344
vn -0.740722656 -0.132324219 0.658203125
vn -0.492919922 0.166381836 0.854003906
vn 0.455078125 0.414306641 -0.788085938
vn 0.278076172 0.849609375 -0.448486328
vn 0.249389648 0.849609375 -0.465087891
vn 0.21862793 0.899414062 -0.378662109
vn -0.151245117 -0.162109375 0.975097656
vn -0.487304688 0.224365234 0.84375
vn 0.21862793 0.899414062 -0.378662109
vn 0.278076172 0.849609375 -0.448486328
vn 0.455078125 0.414306641 -0.788085938
vn -0.419677734 -0.543945312 0.7265625
vn -0.487304688 0.224365234 0.84375
vn -0.151245117 -0.162109375 0.975097656
vn -0.769042969 -0.162109375 0.618652344
vn -0.419677734 -0.543945312 0.7265625
vn -0.419677734 -0.543945312 0.7265625
vn 0.455078125 0.414306641 -0.788085938
vn -0.769042969 -0.162109375 0.618652344
vn 0.249389648 0.849609375 -0.465087891
vn 0.21862793 0.899414062 -0.378662109
vn -0.487304688 0.224365234 0.84375
vn 0.774414062 -0.173217773 0.608398438
vn -0.494384766 -0.148071289 0.856445312
vn -0.051940918 -0.0704956055 0.99609375
vn -0.398681641 0.407470703 0.821777344
vn -0.861328125 -0.0234985352 0.5078125
vn -0.908691406 -0.219604492 -0.354736328
vn -0.12512207 -0.969238281 0.211303711
vn -0.496337891 -0.163330078 0.852539062
vn 0.180664062 -0.952636719 0.244506836
vn 0.262451172 -0.104248047 0.959472656
vn -0.315185547 0.766113281 0.560546875
vn 0.430908203 -0.898925781 0.076965332
vn 0.0579833984 0.801757812 0.595214844
vn 0.866699219 0.016784668 0.498535156
vn 0.462158203 -0.856933594 -0.228271484
vn 0.361816406 0.854003906 0.374023438
vn 0.71875 0.485107422 -0.497802734
vn 0.288330078 -0.829589844 -0.478515625
vn 0.562988281 0.679199219 -0.470458984
vn 0.469238281 0.310058594 -0.826660156
vn 0.303222656 0.798828125 -0.51953125
vn 0.288330078 -0.829589844 -0.478515625
vn 0.469238281 0.310058594 -0.826660156
vn -0.0177307129 -0.857910156 -0.513183594
vn -0.0739746094 -0.032989502 -0.996582031
vn 0.303222656 0.798828125 -0.51953125
vn -0.268798828 -0.899902344 -0.343017578
vn 0.0550842285 0.90234375 -0.427246094
vn -0.550292969 0.063659668 -0.832519531
vn -0.298339844 -0.953613281 -0.0413208008
vn -0.498779297 0.723144531 -0.477539062
vn -0.9609375 -0.126708984 0.245483398
vn -0.12512207 -0.969238281 0.211303711
vn -0.541503906 0.800292969 0.258056641
vn -0.496337891 -0.163330078 0.852539062
vn -0.315185547 0.766113281 0.560546875
vn 0.281005859 -0.823730469 -0.492431641
vn 0.466064453 -0.851074219 -0.242553711
vn 0.475097656 0.18347168 -0.860839844
vn 0.955566406 0.142333984 -0.258300781
vn 0.444580078 -0.893554688 0.0637817383
vn 0.385498047 0.922851562 0.00609970093
vn 0.162597656 0.94140625 -0.296142578
vn 0.357910156 0.856445312 0.372314453
vn 0.870117188 0.017578125 0.492919922
vn 0.193847656 -0.950195312 0.243652344
vn 0.056640625 0.8046875 0.591308594
vn 0.270507812 -0.118530273 0.955566406
vn -0.114379883 -0.96875 0.219116211
vn -0.313232422 0.769042969 0.557128906
vn -0.483154297 -0.18359375 0.855957031
vn -0.114379883 -0.96875 0.219116211
vn -0.298583984 -0.953613281 -0.0338745117
vn -0.483154297 -0.18359375 0.855957031
vn -0.956054688 -0.142700195 0.256591797
vn -0.277587891 -0.898925781 -0.338378906
vn -0.537597656 0.803222656 0.257324219
vn -0.313232422 0.769042969 0.557128906
vn -0.513183594 0.849121094 -0.123535156
vn -0.869628906 -0.0133590698 -0.493652344
vn -0.027053833 -0.854492188 -0.518554688
vn -0.272949219 0.113464355 -0.955566406
vn -0.201049805 0.926269531 -0.318359375
vn 0.281005859 -0.823730469 -0.492431641
vn 0.162597656 0.94140625 -0.296142578
vn 0.475097656 0.18347168 -0.860839844
vn -0.102355957 -0.979003906 0.176025391
vn -0.493408203 -0.14050293 0.858398438
vn 0.172485352 -0.963378906 0.204956055
vn 0.258544922 -0.0593566895 0.964355469
vn -0.284423828 0.822265625 0.492675781
vn 0.398193359 -0.915527344 0.0555419922
vn 0.0297851562 0.853515625 0.520019531
vn 0.859863281 0.0516662598 0.5078125
vn 0.426269531 -0.877441406 -0.219848633
vn 0.286621094 0.897460938 0.3359375
vn 0.959960938 0.130126953 -0.247314453
vn 0.270996094 -0.853027344 -0.446044922
vn 0.309082031 0.950683594 0.025177002
vn 0.496582031 0.12890625 -0.858398438
vn 0.119934082 0.96484375 -0.234130859
vn 0.270996094 -0.853027344 -0.446044922
vn 0.496582031 0.12890625 -0.858398438
vn -0.00564575195 -0.87890625 -0.476806641
vn -0.257080078 0.0469055176 -0.965332031
vn 0.119934082 0.96484375 -0.234130859
vn -0.232543945 -0.916992188 -0.323974609
vn -0.194702148 0.946289062 -0.258789062
vn -0.859863281 -0.0637817383 -0.506835938
vn -0.258300781 -0.96484375 -0.0520324707
vn -0.449462891 0.890136719 -0.0759277344
vn -0.958007812 -0.142700195 0.248535156
vn -0.102355957 -0.979003906 0.176025391
vn -0.472412109 0.848632812 0.238037109
vn -0.493408203 -0.14050293 0.858398438
vn -0.284423828 0.822265625 0.492675781
vn 0.2578125 -0.855957031 -0.448242188
vn 0.416503906 -0.87890625 -0.231811523
vn 0.478271484 0.205932617 -0.854003906
vn 0.949707031 0.187133789 -0.250244141
vn 0.399902344 -0.916015625 0.0326538086
vn 0.3125 0.949707031 0.029296875
vn 0.120605469 0.964355469 -0.234741211
vn 0.289794922 0.892089844 0.346435547
vn 0.868164062 0.0559692383 0.493408203
vn 0.182495117 -0.96484375 0.188476562
vn 0.0293426514 0.844726562 0.534179688
vn 0.276611328 -0.111816406 0.954589844
vn -0.0844726562 -0.981933594 0.168945312
vn -0.292236328 0.811523438 0.505859375
vn -0.473144531 -0.215820312 0.854003906
vn -0.0844726562 -0.981933594 0.168945312
vn -0.244018555 -0.968261719 -0.0511779785
vn -0.473144531 -0.215820312 0.854003906
vn -0.947753906 -0.198364258 0.249145508
vn -0.22668457 -0.921386719 -0.315429688
vn -0.484863281 0.839355469 0.245605469
vn -0.292236328 0.811523438 0.505859375
vn -0.467041016 0.879882812 -0.0848388672
vn -0.861816406 -0.0592956543 -0.50390625
vn -0.00899505615 -0.882324219 -0.470214844
vn -0.265625 0.098449707 -0.958984375
vn -0.193115234 0.948242188 -0.251708984
vn 0.2578125 -0.855957031 -0.448242188
vn 0.120605469 0.964355469 -0.234741211
vn 0.478271484 0.205932617 -0.854003906
vn -0.120422363 -0.969238281 0.213989258
vn -0.302001953 -0.952636719 -0.0342102051
vn -0.490234375 -0.163330078 0.855957031
vn -0.961914062 -0.104248047 0.252197266
vn -0.327880859 0.766113281 0.553222656
vn -0.282226562 -0.898925781 -0.334716797
vn -0.544433594 0.801757812 0.247314453
vn -0.865234375 0.016784668 -0.500976562
vn -0.0333251953 -0.856933594 -0.514160156
vn -0.504882812 0.854003906 -0.126220703
vn 0.0715332031 0.485107422 -0.871582031
vn 0.270263672 -0.829589844 -0.489013672
vn 0.125854492 0.679199219 -0.723144531
vn 0.481445312 0.310058594 -0.819824219
vn 0.298095703 0.798828125 -0.521972656
vn 0.270263672 -0.829589844 -0.489013672
vn 0.453369141 -0.857910156 -0.241210938
vn 0.481445312 0.310058594 -0.819824219
vn 0.900390625 -0.032989502 -0.434326172
vn 0.298095703 0.798828125 -0.521972656
vn 0.431640625 -0.899902344 0.0613098145
vn 0.342529297 0.90234375 -0.261230469
vn 0.99609375 0.063659668 0.0604858398
vn 0.185058594 -0.953613281 0.237792969
vn 0.663085938 0.723144531 0.193237305
vn 0.267822266 -0.126708984 0.955078125
vn -0.120422363 -0.969238281 0.213989258
vn 0.0472412109 0.800292969 0.59765625
vn -0.490234375 -0.163330078 0.855957031
vn -0.327880859 0.766113281 0.553222656
vn 0.285888672 -0.823730469 -0.489501953
vn 0.5078125 0.18347168 -0.841796875
vn -0.0230102539 -0.851074219 -0.524902344
vn -0.254150391 0.142333984 -0.956542969
vn -0.277587891 -0.893554688 -0.353271484
vn -0.197998047 0.922851562 -0.330810547
vn 0.175170898 0.94140625 -0.288818359
vn -0.501464844 0.856445312 -0.123718262
vn -0.861816406 0.017578125 -0.506835938
vn -0.307861328 -0.950195312 -0.0461120605
vn -0.540527344 0.8046875 0.246582031
vn -0.962402344 -0.118530273 0.243530273
vn -0.132568359 -0.96875 0.208618164
vn -0.325927734 0.769042969 0.549804688
vn -0.499755859 -0.18359375 0.846679688
vn -0.132568359 -0.96875 0.208618164
vn -0.499755859 -0.18359375 0.846679688
vn 0.178710938 -0.953613281 0.241699219
vn 0.255859375 -0.142700195 0.956054688
vn 0.431884766 -0.898925781 0.0711669922
vn 0.0459289551 0.803222656 0.594238281
vn -0.325927734 0.769042969 0.549804688
vn 0.363525391 0.849121094 0.3828125
vn 0.862304688 -0.0133590698 0.506347656
vn 0.462646484 -0.854492188 -0.235961914
vn 0.963867188 0.113464355 -0.241333008
vn 0.376220703 0.926269531 0.0149002075
vn 0.285888672 -0.823730469 -0.489501953
vn 0.175170898 0.94140625 -0.288818359
vn 0.5078125 0.18347168 -0.841796875
vn -0.101257324 -0.979003906 0.176635742
vn -0.263671875 -0.963378906 -0.046875
vn -0.496826172 -0.14050293 0.856445312
vn -0.964355469 -0.0593566895 0.258300781
vn -0.284423828 0.822265625 0.492675781
vn -0.247192383 -0.915527344 -0.317138672
vn -0.465332031 0.853515625 0.23425293
vn -0.869628906 0.0516662598 -0.490722656
vn -0.0227966309 -0.877441406 -0.479248047
vn -0.434082031 0.897460938 -0.0803222656
vn -0.265869141 0.130126953 -0.955078125
vn 0.250976562 -0.853027344 -0.457763672
vn -0.176269531 0.950683594 -0.255126953
vn 0.494873047 0.12890625 -0.859375
vn 0.142822266 0.96484375 -0.220947266
vn 0.250976562 -0.853027344 -0.457763672
vn 0.415771484 -0.87890625 -0.233520508
vn 0.494873047 0.12890625 -0.859375
vn 0.964355469 0.0469055176 -0.260009766
vn 0.142822266 0.96484375 -0.220947266
vn 0.396972656 -0.916992188 0.0393981934
vn 0.321533203 0.946289062 0.0392150879
vn 0.868652344 -0.0637817383 0.491210938
vn 0.174194336 -0.96484375 0.197631836
vn 0.290527344 0.890136719 0.351074219
vn 0.263671875 -0.142700195 0.954101562
vn -0.101257324 -0.979003906 0.176635742
vn 0.030090332 0.848632812 0.528320312
vn -0.496826172 -0.14050293 0.856445312
vn -0.284423828 0.822265625 0.492675781
vn 0.259277344 -0.855957031 -0.447509766
vn 0.500488281 0.205932617 -0.840820312
vn -0.00757217407 -0.87890625 -0.4765625
vn -0.258300781 0.187133789 -0.947753906
vn -0.228271484 -0.916015625 -0.330078125
vn -0.181640625 0.949707031 -0.255859375
vn 0.142944336 0.964355469 -0.221801758
vn -0.444824219 0.892089844 -0.0776367188
vn -0.861328125 0.0559692383 -0.504882812
vn -0.254394531 -0.96484375 -0.0638427734
vn -0.477294922 0.844726562 0.241577148
vn -0.96484375 -0.111816406 0.237670898
vn -0.104003906 -0.981933594 0.157592773
vn -0.291748047 0.811523438 0.505859375
vn -0.502929688 -0.215820312 0.836914062
vn -0.104003906 -0.981933594 0.157592773
vn -0.502929688 -0.215820312 0.836914062
vn 0.166259766 -0.968261719 0.185668945
vn 0.258300781 -0.198364258 0.9453125
vn 0.386474609 -0.921386719 0.0385742188
vn 0.0297851562 0.839355469 0.54296875
vn -0.291748047 0.811523438 0.505859375
vn 0.307128906 0.879882812 0.362060547
vn 0.8671875 -0.0592956543 0.494140625
vn 0.411865234 -0.882324219 -0.227416992
vn 0.963378906 0.098449707 -0.249633789
vn 0.314453125 0.948242188 0.0413208008
vn 0.259277344 -0.855957031 -0.447509766
vn 0.142944336 0.964355469 -0.221801758
vn 0.500488281 0.205932617 -0.840820312
vn 0.82421875 0.071472168 -0.562011719
vn 0.434082031 -0.047454834 0.899414062
vn 0.854003906 -0.039276123 -0.519042969
vn 0.426513672 0.0234069824 0.904296875
vn -0.498291016 -0.0829467773 0.86328125
vn 0.430175781 0.271240234 0.860839844
vn 0.794433594 -0.400634766 -0.456054688
vn -0.498779297 0.0698242188 0.863769531
vn 0.509765625 0.476318359 0.716308594
vn 0.676269531 -0.701171875 -0.22644043
vn 0.0484313965 0.991210938 -0.122131348
vn 0.468505859 -0.878417969 0.0917358398
vn 0.277832031 -0.841308594 0.463378906
vn -0.441162109 0.470947266 0.764160156
vn -0.999511719 0.0190887451 0.0142822266
vn -0.999023438 -0.0436706543 -0.00729370117
vn -0.969238281 0.246582031 -0.00440216064
vn 0.0674438477 -0.0403747559 -0.997070312
vn 0.117736816 0.071105957 -0.990722656
vn -0.305419922 0.791992188 0.528808594
vn -0.892089844 0.432861328 -0.131591797
vn 0.0484313965 0.991210938 -0.122131348
vn 0.854003906 -0.039276123 -0.519042969
vn 0.82421875 0.071472168 -0.562011719
vn 0.0413513184 -0.41015625 -0.911132812
vn 0.794433594 -0.400634766 -0.456054688
vn 0.676269531 -0.701171875 -0.22644043
vn -0.101074219 -0.719238281 -0.687011719
vn -0.278076172 -0.896972656 -0.343261719
vn 0.468505859 -0.878417969 0.0917358398
vn 0.277832031 -0.841308594 0.463378906
vn -0.506347656 -0.862304688 0.0146102905
vn 0.0946655273 -0.647460938 0.756347656
vn -0.673828125 -0.662109375 0.327636719
vn 0.0106277466 -0.336425781 0.94140625
vn 0.297119141 0.784179688 -0.544921875
vn -0.795898438 -0.344726562 0.498046875
vn -0.783691406 -0.246582031 0.5703125
vn -0.0596313477 -0.240112305 0.96875
vn -0.513183594 0.127563477 -0.848632812
vn 0.27734375 0.809082031 -0.518066406
vn 0.383789062 0.599609375 -0.702148438
vn 0.482421875 0.262695312 -0.835449219
vn 0.383789062 0.599609375 -0.702148438
vn 0.27734375 0.809082031 -0.518066406
vn 0.297119141 0.784179688 -0.544921875
vn 0.383789062 0.599609375 -0.702148438
vn 0.987304688 0.147583008 -0.05859375
vn 0.27734375 0.809082031 -0.518066406
vn 0.0106277466 -0.336425781 0.94140625
vn -0.0596313477 -0.240112305 0.96875
vn 0.0946655273 -0.647460938 0.756347656
vn 0.297119141 0.784179688 -0.544921875
vn 0.0484313965 0.991210938 -0.122131348
vn -0.485839844 -0.253417969 0.836425781
vn -0.49609375 -0.279296875 0.822265625
vn 0.462158203 -0.10925293 0.879882812
vn 0.471679688 -0.049987793 0.880371094
vn -0.422119141 -0.434082031 0.795898438
vn 0.990722656 0.135498047 -0.0196533203
vn 0.520019531 -0.136108398 0.843261719
vn 0.978027344 0.208374023 -0.00638198853
vn 0.464111328 0.174194336 -0.868652344
vn 0.999511719 -0.00479888916 -0.0314941406
vn 0.479980469 0.233886719 -0.845703125
vn 0.539550781 -0.0192718506 -0.841796875
vn 0.479980469 0.233886719 -0.845703125
vn 0.464111328 0.174194336 -0.868652344
vn -0.501953125 -0.0124969482 -0.864746094
vn -0.479248047 0.0265197754 -0.877441406
vn 0.539550781 -0.0192718506 -0.841796875
vn -0.970703125 -0.240966797 0.00696182251
vn -0.391845703 -0.180419922 -0.90234375
vn -0.974609375 -0.224609375 0.00470352173
vn -0.49609375 -0.279296875 0.822265625
vn -0.938476562 -0.344238281 -0.0279541016
vn -0.485839844 -0.253417969 0.836425781
vn -0.422119141 -0.434082031 0.795898438
vn 0.520019531 -0.136108398 0.843261719
vn 0.999511719 -0.00479888916 -0.0314941406
vn -0.422119141 -0.434082031 0.795898438
vn 0.539550781 -0.0192718506 -0.841796875
vn -0.391845703 -0.180419922 -0.90234375
vn -0.938476562 -0.344238281 -0.0279541016
vn 0.99609375 0.0790405273 -0.0443725586
vn 0.482910156 0.0660400391 -0.873046875
vn 0.495605469 0.0928344727 -0.863769531
vn 0.990722656 0.133178711 -0.0190124512
vn 0.525390625 -0.0997314453 -0.845214844
vn 0.470458984 -0.0479125977 0.880859375
vn 0.999511719 0.0331420898 0.0127182007
vn 0.462646484 0.0265960693 0.886230469
vn -0.520019531 -0.173095703 0.836425781
vn 0.489257812 -0.184814453 0.852539062
vn -0.502929688 -0.112854004 0.856933594
vn -0.425537109 -0.359863281 0.830078125
vn -0.982910156 -0.182128906 -0.0318603516
vn -0.520019531 -0.173095703 0.836425781
vn -0.502929688 -0.112854004 0.856933594
vn -0.98828125 -0.153076172 0.00428771973
vn -0.425537109 -0.359863281 0.830078125
vn -0.452880859 -0.058380127 -0.889648438
vn -0.928710938 -0.369873047 0.0277404785
vn -0.459472656 -0.04296875 -0.887207031
vn 0.482910156 0.0660400391 -0.873046875
vn -0.447998047 -0.171264648 -0.877441406
vn 0.495605469 0.0928344727 -0.863769531
vn 0.525390625 -0.0997314453 -0.845214844
vn 0.999511719 0.0331420898 0.0127182007
vn 0.525390625 -0.0997314453 -0.845214844
vn 0.489257812 -0.184814453 0.852539062
vn -0.425537109 -0.359863281 0.830078125
vn -0.928710938 -0.369873047 0.0277404785
vn -0.447998047 -0.171264648 -0.877441406
vn 0.0745239258 0.071472168 -0.994628906
vn 0.0224761963 -0.039276123 -0.999023438
vn -0.99609375 -0.047454834 0.0738525391
vn -0.99609375 0.0234069824 0.0826416016
vn -0.498291016 -0.0829467773 0.86328125
vn -0.9609375 0.271240234 0.058013916
vn -0.00232124329 -0.400634766 -0.916015625
vn -0.498779297 0.0698242188 0.863769531
vn -0.875488281 0.476318359 -0.0831298828
vn -0.141967773 -0.701171875 -0.698730469
vn 0.0816040039 0.991210938 -0.103027344
vn -0.313720703 -0.878417969 -0.359863281
vn -0.540039062 -0.841308594 -0.00896453857
vn -0.441162109 0.470947266 0.764160156
vn 0.487548828 0.0190887451 0.873046875
vn 0.505859375 -0.0436706543 0.861328125
vn 0.48828125 0.246582031 0.836914062
vn 0.829589844 -0.0403747559 -0.556640625
vn 0.798828125 0.071105957 -0.597167969
vn -0.305419922 0.791992188 0.528808594
vn 0.560058594 0.432861328 0.706542969
vn 0.0816040039 0.991210938 -0.103027344
vn 0.768554688 -0.41015625 -0.491455078
vn 0.0224761963 -0.039276123 -0.999023438
vn 0.0745239258 0.071472168 -0.994628906
vn -0.00232124329 -0.400634766 -0.916015625
vn -0.141967773 -0.701171875 -0.698730469
vn 0.645507812 -0.719238281 -0.256103516
vn 0.436279297 -0.896972656 0.0693359375
vn -0.313720703 -0.878417969 -0.359863281
vn -0.540039062 -0.841308594 -0.00896453857
vn 0.240478516 -0.862304688 0.445800781
vn -0.702148438 -0.647460938 0.296142578
vn 0.0531311035 -0.662109375 0.747558594
vn -0.820800781 -0.336425781 0.461669922
vn 0.323486328 0.784179688 -0.529785156
vn -0.0335693359 -0.344726562 0.937988281
vn -0.102233887 -0.246582031 0.963867188
vn -0.809082031 -0.240112305 0.536132812
vn 0.991699219 0.127563477 0.0200653076
vn 0.310058594 0.809082031 -0.499023438
vn 0.416503906 0.599609375 -0.68359375
vn 0.482421875 0.262695312 -0.835449219
vn 0.416503906 0.599609375 -0.68359375
vn 0.310058594 0.809082031 -0.499023438
vn 0.323486328 0.784179688 -0.529785156
vn 0.416503906 0.599609375 -0.68359375
vn -0.442871094 0.147583008 -0.884277344
vn 0.310058594 0.809082031 -0.499023438
vn -0.820800781 -0.336425781 0.461669922
vn -0.809082031 -0.240112305 0.536132812
vn -0.702148438 -0.647460938 0.296142578
vn 0.323486328 0.784179688 -0.529785156
vn 0.0816040039 0.991210938 -0.103027344
vn -0.481445312 -0.253417969 0.838867188
vn -0.993164062 -0.10925293 0.0397949219
vn -0.464111328 -0.279296875 0.840820312
vn -0.998046875 -0.049987793 0.0317382812
vn -0.478027344 -0.434082031 0.763671875
vn -0.478271484 0.135498047 -0.867675781
vn -0.990234375 -0.136108398 -0.0284881592
vn -0.483398438 0.208374023 -0.850097656
vn 0.520019531 0.174194336 -0.836425781
vn -0.472412109 -0.00479888916 -0.881347656
vn 0.4921875 0.233886719 -0.838378906
vn 0.458984375 -0.0192718506 -0.888183594
vn 0.4921875 0.233886719 -0.838378906
vn 1 -0.0124969482 0.00217247009
vn 0.520019531 0.174194336 -0.836425781
vn 0.999511719 0.0265197754 -0.0236053467
vn 0.458984375 -0.0192718506 -0.888183594
vn 0.479248047 -0.240966797 0.84375
vn 0.977050781 -0.180419922 -0.111816406
vn 0.483154297 -0.224609375 0.846191406
vn -0.464111328 -0.279296875 0.840820312
vn 0.493408203 -0.344238281 0.798828125
vn -0.481445312 -0.253417969 0.838867188
vn -0.478027344 -0.434082031 0.763671875
vn -0.990234375 -0.136108398 -0.0284881592
vn -0.478027344 -0.434082031 0.763671875
vn -0.472412109 -0.00479888916 -0.881347656
vn 0.458984375 -0.0192718506 -0.888183594
vn 0.977050781 -0.180419922 -0.111816406
vn 0.493408203 -0.344238281 0.798828125
vn -0.459472656 0.0790405273 -0.884765625
vn 0.5 0.0928344727 -0.860839844
vn 0.514648438 0.0660400391 -0.854980469
vn -0.479003906 0.133178711 -0.867675781
vn 0.469238281 -0.0997314453 -0.877441406
vn -0.998535156 -0.0479125977 0.0330505371
vn -0.510742188 0.0331420898 -0.858886719
vn -0.998535156 0.0265960693 0.0422668457
vn -0.464355469 -0.173095703 0.868652344
vn -0.982910156 -0.184814453 0.00246429443
vn -0.490722656 -0.112854004 0.864257812
vn -0.506347656 -0.359863281 0.783691406
vn 0.519042969 -0.182128906 0.834960938
vn -0.490722656 -0.112854004 0.864257812
vn -0.464355469 -0.173095703 0.868652344
vn 0.490478516 -0.153076172 0.857910156
vn -0.506347656 -0.359863281 0.783691406
vn 0.997070312 -0.058380127 -0.0526428223
vn 0.440185547 -0.369873047 0.817871094
vn 0.998046875 -0.04296875 -0.0455627441
vn 0.514648438 0.0660400391 -0.854980469
vn 0.983886719 -0.171264648 -0.0508422852
vn 0.5 0.0928344727 -0.860839844
vn 0.469238281 -0.0997314453 -0.877441406
vn -0.510742188 0.0331420898 -0.858886719
vn -0.982910156 -0.184814453 0.00246429443
vn 0.469238281 -0.0997314453 -0.877441406
vn -0.506347656 -0.359863281 0.783691406
vn 0.440185547 -0.369873047 0.817871094
vn 0.983886719 -0.171264648 -0.0508422852
vn 0.386474609 -0.921386719 0.0385742188
vn 0.0868530273 -0.984863281 -0.150390625
vn 0.166259766 -0.968261719 0.185668945
vn 0.411865234 -0.882324219 -0.227416992
vn -0.104003906 -0.981933594 0.157592773
vn 0.259277344 -0.855957031 -0.447509766
vn -0.254394531 -0.96484375 -0.0638427734
vn -0.00757217407 -0.87890625 -0.4765625
vn -0.228271484 -0.916015625 -0.330078125
vn 0.396972656 -0.916992188 0.0393981934
vn 0.415771484 -0.87890625 -0.233520508
vn 0.0868530273 -0.984863281 -0.150390625
vn 0.174194336 -0.96484375 0.197631836
vn 0.250976562 -0.853027344 -0.457763672
vn -0.101257324 -0.979003906 0.176635742
vn -0.0227966309 -0.877441406 -0.479248047
vn -0.263671875 -0.963378906 -0.046875
vn -0.247192383 -0.915527344 -0.317138672
vn 0.431884766 -0.898925781 0.0711669922
vn 0.0867919922 -0.984863281 -0.150268555
vn 0.178710938 -0.953613281 0.241699219
vn 0.462646484 -0.854492188 -0.235961914
vn -0.132568359 -0.96875 0.208618164
vn 0.285888672 -0.823730469 -0.489501953
vn -0.307861328 -0.950195312 -0.0461120605
vn -0.0230102539 -0.851074219 -0.524902344
vn -0.277587891 -0.893554688 -0.353271484
vn 0.431640625 -0.899902344 0.0613098145
vn 0.453369141 -0.857910156 -0.241210938
vn 0.0867919922 -0.984863281 -0.150268555
vn 0.185058594 -0.953613281 0.237792969
vn 0.270263672 -0.829589844 -0.489013672
vn -0.120422363 -0.969238281 0.213989258
vn -0.0333251953 -0.856933594 -0.514160156
vn -0.302001953 -0.952636719 -0.0342102051
vn -0.282226562 -0.898925781 -0.334716797
vn -0.22668457 -0.921386719 -0.315429688
vn -0.244018555 -0.968261719 -0.0511779785
vn 0.0868530273 -0.984863281 -0.150390625
vn -0.00899505615 -0.882324219 -0.470214844
vn -0.0844726562 -0.981933594 0.168945312
vn 0.2578125 -0.855957031 -0.448242188
vn 0.182495117 -0.96484375 0.188476562
vn 0.416503906 -0.87890625 -0.231811523
vn 0.399902344 -0.916015625 0.0326538086
vn -0.232543945 -0.916992188 -0.323974609
vn 0.0868530273 -0.984863281 -0.150390625
vn -0.00564575195 -0.87890625 -0.476806641
vn -0.258300781 -0.96484375 -0.0520324707
vn 0.270996094 -0.853027344 -0.446044922
vn -0.102355957 -0.979003906 0.176025391
vn 0.426269531 -0.877441406 -0.219848633
vn 0.172485352 -0.963378906 0.204956055
vn 0.398193359 -0.915527344 0.0555419922
vn -0.277587891 -0.898925781 -0.338378906
vn -0.298583984 -0.953613281 -0.0338745117
vn 0.0867919922 -0.984863281 -0.150268555
vn -0.027053833 -0.854492188 -0.518554688
vn -0.114379883 -0.96875 0.219116211
vn 0.281005859 -0.823730469 -0.492431641
vn 0.193847656 -0.950195312 0.243652344
vn 0.466064453 -0.851074219 -0.242553711
vn 0.444580078 -0.893554688 0.0637817383
vn -0.268798828 -0.899902344 -0.343017578
vn 0.0867919922 -0.984863281 -0.150268555
vn -0.0177307129 -0.857910156 -0.513183594
vn -0.298339844 -0.953613281 -0.0413208008
vn 0.288330078 -0.829589844 -0.478515625
vn -0.12512207 -0.969238281 0.211303711
vn 0.462158203 -0.856933594 -0.228271484
vn 0.180664062 -0.952636719 0.244506836
vn 0.430908203 -0.898925781 0.076965332
vn 0.411621094 0.567871094 -0.712890625
vn -0.486328125 0.232910156 0.842285156
vn 0.519042969 0.409179688 -0.750488281
vn 0.446289062 0.233520508 -0.863769531
vn 0.497802734 -0.0927734375 -0.862304688
vn -0.368896484 0.363769531 0.85546875
vn 0.443603516 0.224731445 -0.867675781
vn -0.795898438 0.579101562 -0.176269531
vn -0.579589844 -0.0968017578 0.809082031
vn 0.578613281 0.477050781 -0.661621094
vn -0.164916992 0.691894531 0.702636719
vn 0.199462891 0.485595703 -0.851074219
vn -0.677734375 0.651367188 0.341064453
vn 0.572753906 0.345214844 -0.743652344
vn 0.192626953 0.431640625 -0.881347656
vn -0.991699219 0.0456848145 -0.121337891
vn 0.479248047 0.139404297 -0.866699219
vn 0.311035156 0.373291016 -0.874023438
vn -0.243408203 -0.963378906 -0.113342285
vn -0.105895996 -0.596191406 0.795898438
vn -0.411132812 -0.674804688 0.612792969
vn -0.959472656 -0.262451172 0.104553223
vn 0.356445312 0.368408203 -0.858398438
vn -0.629882812 -0.0893554688 0.771484375
vn 0.615234375 0.283203125 -0.735839844
vn 0.24206543 0.333740234 -0.911132812
vn -0.846191406 0.176757812 -0.502441406
vn 0.460449219 0.317382812 -0.829101562
vn -0.874511719 -0.275878906 0.3984375
vn 0.570800781 0.120422363 -0.8125
vn -0.765136719 -0.484863281 0.423339844
vn 0.708496094 -0.568359375 -0.41796875
vn -0.445800781 -0.452392578 0.772460938
vn 0.123901367 -0.807128906 0.577148438
vn -0.556152344 0.363769531 0.747070312
vn -0.486328125 0.232910156 0.842285156
vn 0.390625 0.409179688 -0.824707031
vn 0.411621094 0.567871094 -0.712890625
vn 0.524902344 0.233520508 -0.818359375
vn 0.497802734 -0.0927734375 -0.862304688
vn 0.529296875 0.224731445 -0.817871094
vn 0.55078125 0.579101562 0.601074219
vn -0.411132812 -0.0968017578 0.90625
vn 0.283691406 0.477050781 -0.83203125
vn -0.526367188 0.691894531 0.494140625
vn 0.637207031 0.485595703 -0.598144531
vn 0.0434875488 0.651367188 0.7578125
vn 0.357421875 0.345214844 -0.867675781
vn 0.666992188 0.431640625 -0.607421875
vn 0.601074219 0.0456848145 0.797851562
vn 0.510742188 0.139404297 -0.848144531
vn 0.601074219 0.373291016 -0.706542969
vn 0.219848633 -0.963378906 0.154052734
vn -0.636230469 -0.596191406 0.489501953
vn -0.325195312 -0.674804688 0.662597656
vn 0.389160156 -0.262451172 0.8828125
vn 0.565429688 0.368408203 -0.73828125
vn -0.353271484 -0.0894165039 0.931152344
vn 0.329589844 0.283203125 -0.900878906
vn 0.66796875 0.333740234 -0.665039062
vn 0.858398438 0.176757812 0.481689453
vn 0.487792969 0.317382812 -0.813476562
vn 0.0923461914 -0.275878906 0.956542969
vn 0.418212891 0.120422363 -0.900390625
vn 0.0160827637 -0.484863281 0.874511719
vn 0.00756072998 -0.568359375 -0.822753906
vn -0.445800781 -0.452392578 0.772460938
vn -0.561523438 -0.807128906 0.181152344
vn -0.406982422 0.580566406 0.705078125
vn -0.430175781 0.74609375 0.508300781
vn -0.467041016 0.357666016 0.80859375
vn -0.279052734 0.829589844 0.483398438
vn -0.422607422 0.644042969 0.637207031
vn -0.0867919922 0.984863281 0.150268555
vn -0.341308594 0.790527344 0.508300781
vn -0.388427734 0.712402344 0.584472656
vn -0.268310547 0.88671875 0.375976562
vn -0.384765625 0.865234375 0.321289062
vn -0.265136719 0.963378906 0.0429077148
vn -0.126708984 0.981933594 0.141113281
vn -0.0942382812 0.87109375 0.482177734
vn 0.0954589844 0.963378906 0.251220703
vn -0.0539855957 0.983886719 0.169067383
vn -0.197998047 0.883300781 0.425048828
vn -0.0867919922 0.984863281 0.150268555
vn -0.270507812 0.790527344 0.549316406
vn -0.31640625 0.705078125 0.634765625
vn -0.340576172 0.644042969 0.684570312
vn -0.225219727 0.74609375 0.626953125
vn -0.279052734 0.829589844 0.483398438
vn -0.406982422 0.580566406 0.705078125
vn -0.467041016 0.357666016 0.80859375
vn 0.415039062 0.557617188 -0.71875
vn 0.377685547 0.655273438 -0.654296875
vn 0.0779418945 0.924804688 -0.371826172
vn 0.120483398 0.970703125 -0.208618164
vn 0.340576172 0.661132812 -0.668457031
vn -0.0867919922 0.984863281 0.150268555
vn 0.116760254 0.951660156 -0.283691406
vn 0.347900391 0.654296875 -0.671386719
vn 0.336914062 0.689453125 -0.641113281
vn -0.0705566406 0.9765625 -0.203491211
vn -0.265136719 0.963378906 0.0429077148
vn -0.126708984 0.981933594 0.141113281
vn 0.0297851562 0.839355469 0.54296875
vn -0.0868530273 0.984863281 0.150390625
vn 0.307128906 0.879882812 0.362060547
vn -0.291748047 0.811523438 0.505859375
vn 0.314453125 0.948242188 0.0413208008
vn -0.477294922 0.844726562 0.241577148
vn 0.142944336 0.964355469 -0.221801758
vn -0.444824219 0.892089844 -0.0776367188
vn -0.181640625 0.949707031 -0.255859375
vn 0.321533203 0.946289062 0.0392150879
vn 0.290527344 0.890136719 0.351074219
vn -0.0868530273 0.984863281 0.150390625
vn 0.142822266 0.96484375 -0.220947266
vn 0.030090332 0.848632812 0.528320312
vn -0.176269531 0.950683594 -0.255126953
vn -0.284423828 0.822265625 0.492675781
vn -0.434082031 0.897460938 -0.0803222656
vn -0.465332031 0.853515625 0.23425293
vn 0.0459289551 0.803222656 0.594238281
vn -0.0867919922 0.984863281 0.150268555
vn 0.363525391 0.849121094 0.3828125
vn -0.325927734 0.769042969 0.549804688
vn 0.376220703 0.926269531 0.0149002075
vn -0.540527344 0.8046875 0.246582031
vn 0.175170898 0.94140625 -0.288818359
vn -0.501464844 0.856445312 -0.123718262
vn -0.197998047 0.922851562 -0.330810547
vn 0.342529297 0.90234375 -0.261230469
vn 0.663085938 0.723144531 0.193237305
vn -0.0867919922 0.984863281 0.150268555
vn 0.298095703 0.798828125 -0.521972656
vn 0.0472412109 0.800292969 0.59765625
vn 0.125854492 0.679199219 -0.723144531
vn -0.327880859 0.766113281 0.553222656
vn -0.504882812 0.854003906 -0.126220703
vn -0.544433594 0.801757812 0.247314453
vn -0.484863281 0.839355469 0.245605469
vn -0.467041016 0.879882812 -0.0848388672
vn -0.0868530273 0.984863281 0.150390625
vn -0.292236328 0.811523438 0.505859375
vn -0.193115234 0.948242188 -0.251708984
vn 0.0293426514 0.844726562 0.534179688
vn 0.120605469 0.964355469 -0.234741211
vn 0.289794922 0.892089844 0.346435547
vn 0.3125 0.949707031 0.029296875
vn -0.194702148 0.946289062 -0.258789062
vn -0.0868530273 0.984863281 0.150390625
vn -0.449462891 0.890136719 -0.0759277344
vn 0.119934082 0.96484375 -0.234130859
vn -0.472412109 0.848632812 0.238037109
vn 0.309082031 0.950683594 0.025177002
vn -0.284423828 0.822265625 0.492675781
vn 0.286621094 0.897460938 0.3359375
vn 0.0297851562 0.853515625 0.520019531
vn -0.537597656 0.803222656 0.257324219
vn -0.513183594 0.849121094 -0.123535156
vn -0.0867919922 0.984863281 0.150268555
vn -0.313232422 0.769042969 0.557128906
vn -0.201049805 0.926269531 -0.318359375
vn 0.056640625 0.8046875 0.591308594
vn 0.162597656 0.94140625 -0.296142578
vn 0.357910156 0.856445312 0.372314453
vn 0.385498047 0.922851562 0.00609970093
vn 0.0550842285 0.90234375 -0.427246094
vn -0.0867919922 0.984863281 0.150268555
vn -0.498779297 0.723144531 -0.477539062
vn 0.303222656 0.798828125 -0.51953125
vn -0.541503906 0.800292969 0.258056641
vn 0.562988281 0.679199219 -0.470458984
vn -0.315185547 0.766113281 0.560546875
vn 0.361816406 0.854003906 0.374023438
vn 0.0579833984 0.801757812 0.595214844
vn 0.444824219 0.369628906 -0.815917969
vn -0.537109375 -0.0186462402 -0.843261719
vn -0.369140625 -0.53125 -0.762695312
vn -0.51953125 0.514160156 -0.682617188
vn 0.444824219 0.369628906 -0.815917969
vn -0.953125 -0.00420761108 0.302246094
vn 0.444824219 0.369628906 -0.815917969
vn 0.449951172 0.435546875 -0.779785156
vn 0.312255859 -0.780761719 -0.541015625
vn 0.845214844 -0.53125 -0.0617370605
vn 0.5078125 0.418945312 -0.752929688
vn 0.450195312 0.435546875 -0.779785156
vn 0.510253906 0.194091797 -0.837890625
vn -0.740722656 -0.132324219 0.658203125
vn 0.456298828 0.408935547 -0.790527344
vn 0.499755859 0.0226593018 -0.865722656
vn -0.492919922 0.166381836 0.854003906
vn -0.165161133 -0.126831055 0.978027344
vn 0.470214844 0.194091797 -0.860839844
vn 0.627441406 0.111083984 0.770507812
vn 0.398193359 0.418945312 -0.815917969
vn 0.484130859 0.369628906 -0.79296875
vn 0.850585938 0.514160156 0.108642578
vn 0.484130859 0.369628906 -0.79296875
vn 0.484130859 0.369628906 -0.79296875
vn 0.999023438 -0.0186462402 0.0432739258
vn 0.377685547 0.655273438 -0.654296875
vn 0.282958984 0.924804688 -0.253417969
vn 0.120483398 0.970703125 -0.208618164
vn 0.415039062 0.557617188 -0.71875
vn 0.408691406 0.661132812 -0.629394531
vn -0.0867919922 0.984863281 0.150268555
vn 0.187133789 0.951660156 -0.243041992
vn 0.407226562 0.654296875 -0.63671875
vn 0.104125977 0.989746094 -0.0982055664
vn 0.207641602 0.977539062 -0.0406494141
vn 0.0954589844 0.963378906 0.251220703
vn -0.0539855957 0.983886719 0.169067383
vn -0.398681641 0.407470703 0.821777344
vn 0.426757812 0.70703125 -0.563964844
vn -0.051940918 -0.0704956055 0.99609375
vn -0.09765625 0.25390625 -0.962402344
vn 0.495605469 0.132324219 -0.858398438
vn -0.861328125 -0.0234985352 0.5078125
vn 0.873046875 0.200195312 -0.444824219
vn 0.774414062 -0.173217773 0.608398438
vn -0.278808594 -0.0665893555 -0.958007812
vn -0.908691406 -0.219604492 -0.354736328
vn 0.973632812 -0.0315246582 -0.226318359
vn 0.951171875 -0.210205078 0.226928711
vn -0.120788574 -0.0105056763 -0.992675781
vn -0.675292969 -0.16809082 -0.718261719
vn 0.933105469 -0.0544433594 -0.35546875
vn 0.179199219 -0.826171875 -0.534667969
vn 0.315429688 -0.562988281 -0.764160156
vn -0.0537719727 0.0204467773 -0.998535156
vn 0.0868530273 -0.984863281 -0.150390625
vn 0.904296875 0.015838623 -0.426757812
vn 0.0868530273 -0.984863281 -0.150390625
vn -0.87109375 -0.267822266 0.411621094
vn 0.0868530273 -0.984863281 -0.150390625
vn 0.0505981445 -0.268798828 0.961914062
vn 0.0868530273 -0.984863281 -0.150390625
g ItemBoxClose_0
f 3/3/3 2/2/2 1/1/1
f 6/6/6 5/5/5 4/4/4
f 9/9/9 8/8/8 7/7/7
f 12/12/12 11/11/11 10/10/10
f 15/15/15 14/14/14 13/13/13
f 15/15/15 16/16/16 14/14/14
f 19/19/19 18/18/18 17/17/17
f 19/19/19 17/17/17 20/20/20
f 21/21/21 20/20/20 17/17/17
f 21/21/21 22/22/22 20/20/20
f 25/25/25 24/24/24 23/23/23
f 26/26/26 24/24/24 25/25/25
f 29/29/29 28/28/28 27/27/27
f 29/29/29 30/30/30 28/28/28
f 33/33/33 32/32/32 31/31/31
f 33/33/33 34/34/34 32/32/32
f 37/37/37 36/36/36 35/35/35
f 37/37/37 38/38/38 36/36/36
f 41/41/41 40/40/40 39/39/39
f 41/41/41 42/42/42 40/40/40
f 45/45/45 44/44/44 43/43/43
f 45/45/45 46/46/46 44/44/44
f 47/47/47 46/46/46 45/45/45
f 48/48/48 47/47/47 45/45/45
f 47/47/47 49/49/49 46/46/46
f 50/50/50 47/47/47 48/48/48
f 50/50/50 49/49/49 47/47/47
f 48/48/48 51/51/51 50/50/50
f 49/49/49 50/50/50 52/52/52
f 48/48/48 53/53/53 51/51/51
f 54/54/54 49/49/49 52/52/52
f 48/48/48 55/55/55 53/53/53
f 54/54/54 56/56/56 49/49/49
f 55/55/55 57/57/57 53/53/53
f 55/55/55 58/58/58 57/57/57
f 58/58/58 59/59/59 57/57/57
f 60/60/60 56/56/56 54/54/54
f 60/60/60 61/61/61 56/56/56
f 62/62/62 61/61/61 60/60/60
f 65/65/65 64/64/64 63/63/63
f 63/63/63 64/64/64 66/66/66
f 67/67/67 66/66/66 64/64/64
f 68/68/68 67/67/67 64/64/64
f 68/68/68 69/69/69 67/67/67
f 70/70/70 66/66/66 67/67/67
f 71/71/71 70/70/70 67/67/67
f 74/74/74 73/73/73 72/72/72
f 73/73/73 75/75/75 72/72/72
f 76/76/76 72/72/72 75/75/75
f 77/77/77 76/76/76 75/75/75
f 78/78/78 76/76/76 77/77/77
f 72/72/72 76/76/76 79/79/79
f 72/72/72 79/79/79 80/80/80
f 83/83/83 82/82/82 81/81/81
f 84/84/84 82/82/82 83/83/83
f 84/84/84 85/85/85 82/82/82
f 85/85/85 86/86/86 82/82/82
f 87/87/87 85/85/85 84/84/84
f 85/85/85 88/88/88 86/86/86
f 88/88/88 85/85/85 87/87/87
f 89/89/89 86/86/86 88/88/88
f 90/90/90 88/88/88 87/87/87
f 91/91/91 86/86/86 89/89/89
f 87/87/87 92/92/92 90/90/90
f 91/91/91 93/93/93 86/86/86
f 87/87/87 94/94/94 92/92/92
f 95/95/95 93/93/93 91/91/91
f 95/95/95 96/96/96 93/93/93
f 97/97/97 96/96/96 95/95/95
f 94/94/94 98/98/98 92/92/92
f 94/94/94 99/99/99 98/98/98
f 99/99/99 100/100/100 98/98/98
f 103/103/103 102/102/102 101/101/101
f 101/101/101 102/102/102 104/104/104
f 102/102/102 105/105/105 104/104/104
f 104/104/104 105/105/105 106/106/106
f 105/105/105 107/107/107 106/106/106
f 106/106/106 107/107/107 108/108/108
f 107/107/107 109/109/109 108/108/108
f 108/108/108 109/109/109 110/110/110
f 113/113/113 112/112/112 111/111/111
f 111/111/111 112/112/112 114/114/114
f 111/111/111 114/114/114 115/115/115
f 115/115/115 114/114/114 116/116/116
f 115/115/115 116/116/116 117/117/117
f 117/117/117 116/116/116 118/118/118
f 117/117/117 118/118/118 119/119/119
f 119/119/119 118/118/118 120/120/120
f 123/123/123 122/122/122 121/121/121
f 124/124/124 122/122/122 123/123/123
f 125/125/125 124/124/124 123/123/123
f 126/126/126 124/124/124 125/125/125
f 129/129/129 128/128/128 127/127/127
f 127/127/127 128/128/128 130/130/130
f 128/128/128 131/131/131 130/130/130
f 130/130/130 131/131/131 132/132/132
f 135/135/135 134/134/134 133/133/133
f 136/136/136 134/134/134 135/135/135
f 137/137/137 136/136/136 135/135/135
f 138/138/138 136/136/136 137/137/137
f 141/141/141 140/140/140 139/139/139
f 139/139/139 140/140/140 142/142/142
f 140/140/140 143/143/143 142/142/142
f 142/142/142 143/143/143 144/144/144
f 147/147/147 146/146/146 145/145/145
f 147/147/147 145/145/145 148/148/148
f 149/149/149 147/147/147 148/148/148
f 149/149/149 148/148/148 150/150/150
f 151/151/151 149/149/149 150/150/150
f 151/151/151 150/150/150 152/152/152
f 153/153/153 151/151/151 152/152/152
f 153/153/153 152/152/152 154/154/154
f 157/157/157 156/156/156 155/155/155
f 157/157/157 155/155/155 158/158/158
f 158/158/158 155/155/155 159/159/159
f 158/158/158 159/159/159 160/160/160
f 160/160/160 159/159/159 161/161/161
f 160/160/160 161/161/161 162/162/162
f 165/165/165 164/164/164 163/163/163
f 165/165/165 166/166/166 164/164/164
f 169/169/169 168/168/168 167/167/167
f 169/169/169 170/170/170 168/168/168
f 170/170/170 171/171/171 168/168/168
f 170/170/170 172/172/172 171/171/171
f 175/175/175 174/174/174 173/173/173
f 175/175/175 173/173/173 176/176/176
f 177/177/177 175/175/175 176/176/176
f 177/177/177 176/176/176 178/178/178
f 181/181/181 180/180/180 179/179/179
f 181/181/181 182/182/182 180/180/180
f 182/182/182 183/183/183 180/180/180
f 182/182/182 184/184/184 183/183/183
f 187/187/187 186/186/186 185/185/185
f 187/187/187 185/185/185 188/188/188
f 189/189/189 187/187/187 188/188/188
f 189/189/189 188/188/188 190/190/190
f 193/193/193 192/192/192 191/191/191
f 194/194/194 193/193/193 191/191/191
f 193/193/193 194/194/194 195/195/195
f 195/195/195 194/194/194 196/196/196
f 195/195/195 197/197/197 193/193/193
f 198/198/198 197/197/197 195/195/195
f 198/198/198 199/199/199 197/197/197
f 197/197/197 200/200/200 193/193/193
f 193/193/193 200/200/200 201/201/201
f 197/197/197 202/202/202 200/200/200
f 197/197/197 199/199/199 203/203/203
f 204/204/204 203/203/203 199/199/199
f 204/204/204 199/199/199 205/205/205
f 206/206/206 204/204/204 205/205/205
f 206/206/206 205/205/205 207/207/207
f 210/210/210 209/209/209 208/208/208
f 209/209/209 211/211/211 208/208/208
f 209/209/209 212/212/212 211/211/211
f 211/211/211 212/212/212 213/213/213
f 214/214/214 212/212/212 209/209/209
f 214/214/214 215/215/215 212/212/212
f 216/216/216 215/215/215 214/214/214
f 217/217/217 214/214/214 209/209/209
f 217/217/217 209/209/209 218/218/218
f 219/219/219 214/214/214 217/217/217
f 216/216/216 214/214/214 220/220/220
f 221/221/221 216/216/216 220/220/220
f 221/221/221 222/222/222 216/216/216
f 223/223/223 222/222/222 221/221/221
f 223/223/223 224/224/224 222/222/222
f 227/227/227 226/226/226 225/225/225
f 227/227/227 228/228/228 226/226/226
f 228/228/228 227/227/227 229/229/229
f 232/232/232 231/231/231 230/230/230
f 232/232/232 233/233/233 231/231/231
f 236/236/236 235/235/235 234/234/234
f 236/236/236 234/234/234 237/237/237
f 238/238/238 237/237/237 234/234/234
f 238/238/238 234/234/234 239/239/239
f 242/242/242 241/241/241 240/240/240
f 242/242/242 243/243/243 241/241/241
f 246/246/246 245/245/245 244/244/244
f 246/246/246 247/247/247 245/245/245
f 246/246/246 248/248/248 247/247/247
f 246/246/246 249/249/249 248/248/248
f 252/252/252 251/251/251 250/250/250
f 253/253/253 251/251/251 252/252/252
f 253/253/253 254/254/254 251/251/251
f 254/254/254 255/255/255 251/251/251
f 258/258/258 257/257/257 256/256/256
f 258/258/258 259/259/259 257/257/257
f 259/259/259 260/260/260 257/257/257
f 261/261/261 259/259/259 258/258/258
f 259/259/259 262/262/262 260/260/260
f 261/261/261 263/263/263 259/259/259
f 263/263/263 262/262/262 259/259/259
f 264/264/264 263/263/263 261/261/261
f 263/263/263 265/265/265 262/262/262
f 264/264/264 266/266/266 263/263/263
f 266/266/266 265/265/265 263/263/263
f 267/267/267 266/266/266 264/264/264
f 266/266/266 268/268/268 265/265/265
f 267/267/267 269/269/269 266/266/266
f 269/269/269 268/268/268 266/266/266
f 269/269/269 270/270/270 268/268/268
f 273/273/273 272/272/272 271/271/271
f 273/273/273 274/274/274 272/272/272
f 274/274/274 275/275/275 272/272/272
f 276/276/276 274/274/274 273/273/273
f 274/274/274 277/277/277 275/275/275
f 276/276/276 278/278/278 274/274/274
f 278/278/278 277/277/277 274/274/274
f 279/279/279 278/278/278 276/276/276
f 278/278/278 280/280/280 277/277/277
f 279/279/279 281/281/281 278/278/278
f 281/281/281 280/280/280 278/278/278
f 282/282/282 281/281/281 279/279/279
f 281/281/281 283/283/283 280/280/280
f 282/282/282 284/284/284 281/281/281
f 284/284/284 283/283/283 281/281/281
f 284/284/284 285/285/285 283/283/283
f 288/288/288 287/287/287 286/286/286
f 288/288/288 289/289/289 287/287/287
f 289/289/289 290/290/290 287/287/287
f 288/288/288 291/291/291 289/289/289
f 288/288/288 292/292/292 291/291/291
f 289/289/289 291/291/291 293/293/293
f 289/289/289 294/294/294 290/290/290
f 289/289/289 293/293/293 294/294/294
f 294/294/294 295/295/295 290/290/290
f 294/294/294 293/293/293 296/296/296
f 294/294/294 297/297/297 295/295/295
f 294/294/294 296/296/296 297/297/297
f 297/297/297 298/298/298 295/295/295
f 297/297/297 296/296/296 299/299/299
f 297/297/297 300/300/300 298/298/298
f 297/297/297 299/299/299 300/300/300
f 303/303/303 302/302/302 301/301/301
f 303/303/303 304/304/304 302/302/302
f 304/304/304 305/305/305 302/302/302
f 303/303/303 306/306/306 304/304/304
f 303/303/303 307/307/307 306/306/306
f 304/304/304 306/306/306 308/308/308
f 304/304/304 309/309/309 305/305/305
f 304/304/304 308/308/308 309/309/309
f 309/309/309 310/310/310 305/305/305
f 308/308/308 311/311/311 309/309/309
f 309/309/309 311/311/311 310/310/310
f 308/308/308 312/312/312 311/311/311
f 311/311/311 313/313/313 310/310/310
f 311/311/311 312/312/312 314/314/314
f 311/311/311 315/315/315 313/313/313
f 311/311/311 314/314/314 315/315/315
f 318/318/318 317/317/317 316/316/316
f 318/318/318 319/319/319 317/317/317
f 319/319/319 320/320/320 317/317/317
f 321/321/321 319/319/319 318/318/318
f 319/319/319 322/322/322 320/320/320
f 321/321/321 323/323/323 319/319/319
f 323/323/323 322/322/322 319/319/319
f 324/324/324 323/323/323 321/321/321
f 323/323/323 325/325/325 322/322/322
f 324/324/324 326/326/326 323/323/323
f 326/326/326 325/325/325 323/323/323
f 327/327/327 326/326/326 324/324/324
f 326/326/326 328/328/328 325/325/325
f 327/327/327 329/329/329 326/326/326
f 329/329/329 328/328/328 326/326/326
f 329/329/329 330/330/330 328/328/328
f 333/333/333 332/332/332 331/331/331
f 333/333/333 334/334/334 332/332/332
f 334/334/334 335/335/335 332/332/332
f 336/336/336 334/334/334 333/333/333
f 334/334/334 337/337/337 335/335/335
f 336/336/336 338/338/338 334/334/334
f 338/338/338 337/337/337 334/334/334
f 339/339/339 338/338/338 336/336/336
f 338/338/338 340/340/340 337/337/337
f 339/339/339 341/341/341 338/338/338
f 341/341/341 340/340/340 338/338/338
f 342/342/342 341/341/341 339/339/339
f 341/341/341 343/343/343 340/340/340
f 342/342/342 344/344/344 341/341/341
f 344/344/344 343/343/343 341/341/341
f 344/344/344 345/345/345 343/343/343
f 348/348/348 347/347/347 346/346/346
f 348/348/348 349/349/349 347/347/347
f 349/349/349 350/350/350 347/347/347
f 348/348/348 351/351/351 349/349/349
f 348/348/348 352/352/352 351/351/351
f 349/349/349 351/351/351 353/353/353
f 349/349/349 354/354/354 350/350/350
f 349/349/349 353/353/353 354/354/354
f 354/354/354 355/355/355 350/350/350
f 354/354/354 353/353/353 356/356/356
f 354/354/354 357/357/357 355/355/355
f 354/354/354 356/356/356 357/357/357
f 357/357/357 358/358/358 355/355/355
f 357/357/357 356/356/356 359/359/359
f 357/357/357 360/360/360 358/358/358
f 357/357/357 359/359/359 360/360/360
f 363/363/363 362/362/362 361/361/361
f 363/363/363 364/364/364 362/362/362
f 364/364/364 365/365/365 362/362/362
f 363/363/363 366/366/366 364/364/364
f 363/363/363 367/367/367 366/366/366
f 364/364/364 366/366/366 368/368/368
f 364/364/364 369/369/369 365/365/365
f 364/364/364 368/368/368 369/369/369
f 369/369/369 370/370/370 365/365/365
f 368/368/368 371/371/371 369/369/369
f 369/369/369 371/371/371 370/370/370
f 368/368/368 372/372/372 371/371/371
f 371/371/371 373/373/373 370/370/370
f 371/371/371 372/372/372 374/374/374
f 371/371/371 375/375/375 373/373/373
f 371/371/371 374/374/374 375/375/375
f 378/378/378 377/377/377 376/376/376
f 379/379/379 377/377/377 378/378/378
f 380/380/380 379/379/379 378/378/378
f 379/379/379 381/381/381 377/377/377
f 382/382/382 379/379/379 380/380/380
f 383/383/383 381/381/381 379/379/379
f 382/382/382 383/383/383 379/379/379
f 383/383/383 384/384/384 381/381/381
f 385/385/385 383/383/383 382/382/382
f 386/386/386 384/384/384 383/383/383
f 385/385/385 386/386/386 383/383/383
f 386/386/386 387/387/387 384/384/384
f 388/388/388 386/386/386 385/385/385
f 389/389/389 387/387/387 386/386/386
f 388/388/388 389/389/389 386/386/386
f 390/390/390 389/389/389 388/388/388
f 393/393/393 392/392/392 391/391/391
f 394/394/394 392/392/392 393/393/393
f 395/395/395 394/394/394 393/393/393
f 394/394/394 396/396/396 392/392/392
f 397/397/397 394/394/394 395/395/395
f 398/398/398 396/396/396 394/394/394
f 397/397/397 398/398/398 394/394/394
f 398/398/398 399/399/399 396/396/396
f 400/400/400 398/398/398 397/397/397
f 401/401/401 399/399/399 398/398/398
f 400/400/400 401/401/401 398/398/398
f 401/401/401 402/402/402 399/399/399
f 403/403/403 401/401/401 400/400/400
f 404/404/404 402/402/402 401/401/401
f 403/403/403 404/404/404 401/401/401
f 405/405/405 404/404/404 403/403/403
f 408/408/408 407/407/407 406/406/406
f 409/409/409 407/407/407 408/408/408
f 410/410/410 409/409/409 408/408/408
f 411/411/411 407/407/407 409/409/409
f 412/412/412 407/407/407 411/411/411
f 411/411/411 409/409/409 413/413/413
f 414/414/414 409/409/409 410/410/410
f 413/413/413 409/409/409 414/414/414
f 415/415/415 414/414/414 410/410/410
f 413/413/413 414/414/414 416/416/416
f 417/417/417 414/414/414 415/415/415
f 416/416/416 414/414/414 417/417/417
f 418/418/418 417/417/417 415/415/415
f 416/416/416 417/417/417 419/419/419
f 420/420/420 417/417/417 418/418/418
f 419/419/419 417/417/417 420/420/420
f 423/423/423 422/422/422 421/421/421
f 424/424/424 422/422/422 423/423/423
f 425/425/425 424/424/424 423/423/423
f 426/426/426 422/422/422 424/424/424
f 427/427/427 422/422/422 426/426/426
f 426/426/426 424/424/424 428/428/428
f 429/429/429 424/424/424 425/425/425
f 428/428/428 424/424/424 429/429/429
f 430/430/430 429/429/429 425/425/425
f 431/431/431 428/428/428 429/429/429
f 431/431/431 429/429/429 430/430/430
f 432/432/432 428/428/428 431/431/431
f 433/433/433 431/431/431 430/430/430
f 432/432/432 431/431/431 434/434/434
f 435/435/435 431/431/431 433/433/433
f 434/434/434 431/431/431 435/435/435
f 438/438/438 437/437/437 436/436/436
f 439/439/439 437/437/437 438/438/438
f 440/440/440 439/439/439 438/438/438
f 439/439/439 441/441/441 437/437/437
f 442/442/442 439/439/439 440/440/440
f 443/443/443 441/441/441 439/439/439
f 442/442/442 443/443/443 439/439/439
f 443/443/443 444/444/444 441/441/441
f 445/445/445 443/443/443 442/442/442
f 446/446/446 444/444/444 443/443/443
f 445/445/445 446/446/446 443/443/443
f 446/446/446 447/447/447 444/444/444
f 448/448/448 446/446/446 445/445/445
f 449/449/449 447/447/447 446/446/446
f 448/448/448 449/449/449 446/446/446
f 450/450/450 449/449/449 448/448/448
f 453/453/453 452/452/452 451/451/451
f 454/454/454 452/452/452 453/453/453
f 455/455/455 454/454/454 453/453/453
f 454/454/454 456/456/456 452/452/452
f 457/457/457 454/454/454 455/455/455
f 458/458/458 456/456/456 454/454/454
f 457/457/457 458/458/458 454/454/454
f 458/458/458 459/459/459 456/456/456
f 460/460/460 458/458/458 457/457/457
f 461/461/461 459/459/459 458/458/458
f 460/460/460 461/461/461 458/458/458
f 461/461/461 462/462/462 459/459/459
f 463/463/463 461/461/461 460/460/460
f 464/464/464 462/462/462 461/461/461
f 463/463/463 464/464/464 461/461/461
f 465/465/465 464/464/464 463/463/463
f 468/468/468 467/467/467 466/466/466
f 469/469/469 467/467/467 468/468/468
f 470/470/470 469/469/469 468/468/468
f 471/471/471 467/467/467 469/469/469
f 472/472/472 467/467/467 471/471/471
f 471/471/471 469/469/469 473/473/473
f 474/474/474 469/469/469 470/470/470
f 473/473/473 469/469/469 474/474/474
f 475/475/475 474/474/474 470/470/470
f 473/473/473 474/474/474 476/476/476
f 477/477/477 474/474/474 475/475/475
f 476/476/476 474/474/474 477/477/477
f 478/478/478 477/477/477 475/475/475
f 476/476/476 477/477/477 479/479/479
f 480/480/480 477/477/477 478/478/478
f 479/479/479 477/477/477 480/480/480
f 483/483/483 482/482/482 481/481/481
f 484/484/484 482/482/482 483/483/483
f 485/485/485 484/484/484 483/483/483
f 486/486/486 482/482/482 484/484/484
f 487/487/487 482/482/482 486/486/486
f 486/486/486 484/484/484 488/488/488
f 489/489/489 484/484/484 485/485/485
f 488/488/488 484/484/484 489/489/489
f 490/490/490 489/489/489 485/485/485
f 491/491/491 488/488/488 489/489/489
f 491/491/491 489/489/489 490/490/490
f 492/492/492 488/488/488 491/491/491
f 493/493/493 491/491/491 490/490/490
f 492/492/492 491/491/491 494/494/494
f 495/495/495 491/491/491 493/493/493
f 494/494/494 491/491/491 495/495/495
f 498/498/498 497/497/497 496/496/496
f 498/498/498 499/499/499 497/497/497
f 500/500/500 497/497/497 499/499/499
f 498/498/498 501/501/501 499/499/499
f 498/498/498 502/502/502 501/501/501
f 500/500/500 499/499/499 503/503/503
f 501/501/501 503/503/503 499/499/499
f 502/502/502 504/504/504 501/501/501
f 502/502/502 505/505/505 504/504/504
f 505/505/505 506/506/506 504/504/504
f 505/505/505 507/507/507 506/506/506
f 506/506/506 507/507/507 508/508/508
f 504/504/504 509/509/509 501/501/501
f 501/501/501 509/509/509 503/503/503
f 500/500/500 503/503/503 510/510/510
f 500/500/500 510/510/510 511/511/511
f 512/512/512 510/510/510 503/503/503
f 512/512/512 503/503/503 509/509/509
f 513/513/513 511/511/511 510/510/510
f 512/512/512 513/513/513 510/510/510
f 513/513/513 514/514/514 511/511/511
f 504/504/504 515/515/515 509/509/509
f 506/506/506 515/515/515 504/504/504
f 509/509/509 516/516/516 512/512/512
f 509/509/509 515/515/515 516/516/516
f 517/517/517 516/516/516 515/515/515
f 518/518/518 514/514/514 513/513/513
f 518/518/518 519/519/519 514/514/514
f 512/512/512 520/520/520 513/513/513
f 520/520/520 518/518/518 513/513/513
f 516/516/516 520/520/520 512/512/512
f 520/520/520 521/521/521 518/518/518
f 520/520/520 522/522/522 521/521/521
f 516/516/516 523/523/523 520/520/520
f 520/520/520 523/523/523 522/522/522
f 523/523/523 516/516/516 517/517/517
f 524/524/524 522/522/522 523/523/523
f 523/523/523 517/517/517 524/524/524
f 524/524/524 525/525/525 522/522/522
f 524/524/524 526/526/526 525/525/525
f 524/524/524 527/527/527 526/526/526
f 517/517/517 527/527/527 524/524/524
f 527/527/527 528/528/528 526/526/526
f 527/527/527 529/529/529 528/528/528
f 529/529/529 530/530/530 528/528/528
f 517/517/517 531/531/531 527/527/527
f 531/531/531 529/529/529 527/527/527
f 529/529/529 532/532/532 530/530/530
f 533/533/533 530/530/530 532/532/532
f 533/533/533 534/534/534 530/530/530
f 535/535/535 533/533/533 532/532/532
f 536/536/536 532/532/532 529/529/529
f 531/531/531 536/536/536 529/529/529
f 535/535/535 532/532/532 537/537/537
f 536/536/536 537/537/537 532/532/532
f 538/538/538 535/535/535 537/537/537
f 536/536/536 539/539/539 537/537/537
f 538/538/538 537/537/537 539/539/539
f 531/531/531 540/540/540 536/536/536
f 536/536/536 540/540/540 539/539/539
f 517/517/517 541/541/541 531/531/531
f 531/531/531 541/541/541 540/540/540
f 542/542/542 538/538/538 539/539/539
f 542/542/542 543/543/543 538/538/538
f 539/539/539 540/540/540 544/544/544
f 539/539/539 544/544/544 542/542/542
f 543/543/543 542/542/542 545/545/545
f 545/545/545 542/542/542 544/544/544
f 543/543/543 545/545/545 546/546/546
f 545/545/545 544/544/544 547/547/547
f 540/540/540 548/548/548 544/544/544
f 547/547/547 544/544/544 548/548/548
f 540/540/540 541/541/541 548/548/548
f 547/547/547 548/548/548 508/508/508
f 506/506/506 508/508/508 548/548/548
f 541/541/541 506/506/506 548/548/548
f 517/517/517 549/549/549 541/541/541
f 541/541/541 549/549/549 506/506/506
f 517/517/517 515/515/515 549/549/549
f 506/506/506 549/549/549 515/515/515
f 552/552/552 551/551/551 550/550/550
f 552/552/552 550/550/550 553/553/553
f 553/553/553 550/550/550 554/554/554
f 555/555/555 552/552/552 553/553/553
f 553/553/553 554/554/554 556/556/556
f 555/555/555 553/553/553 557/557/557
f 557/557/557 553/553/553 556/556/556
f 558/558/558 555/555/555 557/557/557
f 557/557/557 556/556/556 559/559/559
f 558/558/558 557/557/557 560/560/560
f 560/560/560 557/557/557 559/559/559
f 560/560/560 559/559/559 561/561/561
f 564/564/564 563/563/563 562/562/562
f 564/564/564 562/562/562 565/565/565
f 565/565/565 562/562/562 566/566/566
f 567/567/567 564/564/564 565/565/565
f 565/565/565 566/566/566 568/568/568
f 567/567/567 565/565/565 569/569/569
f 569/569/569 565/565/565 568/568/568
f 570/570/570 567/567/567 569/569/569
f 569/569/569 568/568/568 571/571/571
f 570/570/570 569/569/569 572/572/572
f 572/572/572 569/569/569 571/571/571
f 572/572/572 571/571/571 573/573/573
f 576/576/576 575/575/575 574/574/574
f 576/576/576 577/577/577 575/575/575
f 576/576/576 578/578/578 577/577/577
f 576/576/576 579/579/579 578/578/578
f 582/582/582 581/581/581 580/580/580
f 582/582/582 580/580/580 583/583/583
f 584/584/584 582/582/582 583/583/583
f 583/583/583 580/580/580 585/585/585
f 584/584/584 583/583/583 586/586/586
f 583/583/583 585/585/585 587/587/587
f 586/586/586 583/583/583 587/587/587
f 587/587/587 585/585/585 588/588/588
f 586/586/586 587/587/587 589/589/589
f 587/587/587 588/588/588 590/590/590
f 589/589/589 587/587/587 590/590/590
f 589/589/589 590/590/590 591/591/591
f 594/594/594 593/593/593 592/592/592
f 594/594/594 592/592/592 595/595/595
f 596/596/596 594/594/594 595/595/595
f 595/595/595 592/592/592 597/597/597
f 596/596/596 595/595/595 598/598/598
f 595/595/595 597/597/597 599/599/599
f 598/598/598 595/595/595 599/599/599
f 599/599/599 597/597/597 600/600/600
f 598/598/598 599/599/599 601/601/601
f 599/599/599 600/600/600 602/602/602
f 601/601/601 599/599/599 602/602/602
f 601/601/601 602/602/602 603/603/603
f 606/606/606 605/605/605 604/604/604
f 607/607/607 605/605/605 606/606/606
f 608/608/608 605/605/605 607/607/607
f 609/609/609 605/605/605 608/608/608
f 612/612/612 611/611/611 610/610/610
f 613/613/613 611/611/611 612/612/612
f 612/612/612 614/614/614 613/613/613
f 615/615/615 611/611/611 613/613/613
f 616/616/616 611/611/611 615/615/615
f 613/613/613 614/614/614 617/617/617
f 617/617/617 615/615/615 613/613/613
f 618/618/618 616/616/616 615/615/615
f 619/619/619 616/616/616 618/618/618
f 620/620/620 619/619/619 618/618/618
f 621/621/621 619/619/619 620/620/620
f 621/621/621 620/620/620 622/622/622
f 623/623/623 618/618/618 615/615/615
f 623/623/623 615/615/615 617/617/617
f 617/617/617 614/614/614 624/624/624
f 624/624/624 614/614/614 625/625/625
f 624/624/624 626/626/626 617/617/617
f 617/617/617 626/626/626 623/623/623
f 625/625/625 627/627/627 624/624/624
f 627/627/627 626/626/626 624/624/624
f 628/628/628 627/627/627 625/625/625
f 629/629/629 618/618/618 623/623/623
f 629/629/629 620/620/620 618/618/618
f 630/630/630 623/623/623 626/626/626
f 629/629/629 623/623/623 630/630/630
f 630/630/630 631/631/631 629/629/629
f 632/632/632 626/626/626 627/627/627
f 632/632/632 630/630/630 626/626/626
f 628/628/628 633/633/633 627/627/627
f 633/633/633 632/632/632 627/627/627
f 634/634/634 633/633/633 628/628/628
f 635/635/635 632/632/632 633/633/633
f 636/636/636 632/632/632 635/635/635
f 637/637/637 630/630/630 632/632/632
f 637/637/637 632/632/632 636/636/636
f 630/630/630 637/637/637 631/631/631
f 636/636/636 638/638/638 637/637/637
f 631/631/631 637/637/637 638/638/638
f 639/639/639 638/638/638 636/636/636
f 640/640/640 638/638/638 639/639/639
f 641/641/641 638/638/638 640/640/640
f 641/641/641 631/631/631 638/638/638
f 642/642/642 641/641/641 640/640/640
f 643/643/643 641/641/641 642/642/642
f 644/644/644 643/643/643 642/642/642
f 645/645/645 631/631/631 641/641/641
f 643/643/643 645/645/645 641/641/641
f 646/646/646 643/643/643 644/644/644
f 644/644/644 647/647/647 646/646/646
f 648/648/648 647/647/647 644/644/644
f 647/647/647 649/649/649 646/646/646
f 646/646/646 650/650/650 643/643/643
f 650/650/650 645/645/645 643/643/643
f 646/646/646 649/649/649 651/651/651
f 651/651/651 650/650/650 646/646/646
f 649/649/649 652/652/652 651/651/651
f 653/653/653 650/650/650 651/651/651
f 651/651/651 652/652/652 653/653/653
f 654/654/654 645/645/645 650/650/650
f 654/654/654 650/650/650 653/653/653
f 655/655/655 631/631/631 645/645/645
f 655/655/655 645/645/645 654/654/654
f 652/652/652 656/656/656 653/653/653
f 657/657/657 656/656/656 652/652/652
f 654/654/654 653/653/653 658/658/658
f 658/658/658 653/653/653 656/656/656
f 656/656/656 657/657/657 659/659/659
f 656/656/656 659/659/659 658/658/658
f 659/659/659 657/657/657 660/660/660
f 658/658/658 659/659/659 661/661/661
f 662/662/662 654/654/654 658/658/658
f 658/658/658 661/661/661 662/662/662
f 655/655/655 654/654/654 662/662/662
f 662/662/662 661/661/661 622/622/622
f 622/622/622 620/620/620 662/662/662
f 620/620/620 655/655/655 662/662/662
f 663/663/663 631/631/631 655/655/655
f 663/663/663 655/655/655 620/620/620
f 629/629/629 631/631/631 663/663/663
f 663/663/663 620/620/620 629/629/629
f 666/666/666 665/665/665 664/664/664
f 664/664/664 665/665/665 667/667/667
f 664/664/664 667/667/667 668/668/668
f 665/665/665 669/669/669 667/667/667
f 668/668/668 667/667/667 670/670/670
f 667/667/667 669/669/669 671/671/671
f 667/667/667 671/671/671 670/670/670
f 669/669/669 672/672/672 671/671/671
f 670/670/670 671/671/671 673/673/673
f 671/671/671 672/672/672 674/674/674
f 671/671/671 674/674/674 673/673/673
f 673/673/673 674/674/674 675/675/675
f 678/678/678 677/677/677 676/676/676
f 676/676/676 677/677/677 679/679/679
f 676/676/676 679/679/679 680/680/680
f 677/677/677 681/681/681 679/679/679
f 680/680/680 679/679/679 682/682/682
f 679/679/679 681/681/681 683/683/683
f 679/679/679 683/683/683 682/682/682
f 681/681/681 684/684/684 683/683/683
f 682/682/682 683/683/683 685/685/685
f 683/683/683 684/684/684 686/686/686
f 683/683/683 686/686/686 685/685/685
f 685/685/685 686/686/686 687/687/687
f 690/690/690 689/689/689 688/688/688
f 691/691/691 689/689/689 690/690/690
f 692/692/692 689/689/689 691/691/691
f 693/693/693 689/689/689 692/692/692
f 696/696/696 695/695/695 694/694/694
f 694/694/694 695/695/695 697/697/697
f 695/695/695 698/698/698 697/697/697
f 694/694/694 697/697/697 699/699/699
f 697/697/697 698/698/698 700/700/700
f 699/699/699 697/697/697 701/701/701
f 697/697/697 700/700/700 701/701/701
f 699/699/699 701/701/701 702/702/702
f 701/701/701 700/700/700 703/703/703
f 702/702/702 701/701/701 704/704/704
f 701/701/701 703/703/703 704/704/704
f 704/704/704 703/703/703 705/705/705
f 708/708/708 707/707/707 706/706/706
f 706/706/706 707/707/707 709/709/709
f 707/707/707 710/710/710 709/709/709
f 706/706/706 709/709/709 711/711/711
f 709/709/709 710/710/710 712/712/712
f 711/711/711 709/709/709 713/713/713
f 709/709/709 712/712/712 713/713/713
f 711/711/711 713/713/713 714/714/714
f 713/713/713 712/712/712 715/715/715
f 714/714/714 713/713/713 716/716/716
f 713/713/713 715/715/715 716/716/716
f 716/716/716 715/715/715 717/717/717
f 720/720/720 719/719/719 718/718/718
f 720/720/720 721/721/721 719/719/719
f 720/720/720 722/722/722 721/721/721
f 720/720/720 723/723/723 722/722/722
f 726/726/726 725/725/725 724/724/724
f 724/724/724 725/725/725 727/727/727
f 728/728/728 725/725/725 726/726/726
f 727/727/727 725/725/725 729/729/729
f 730/730/730 725/725/725 728/728/728
f 729/729/729 725/725/725 731/731/731
f 732/732/732 725/725/725 730/730/730
f 731/731/731 725/725/725 732/732/732
f 735/735/735 734/734/734 733/733/733
f 735/735/735 733/733/733 736/736/736
f 735/735/735 737/737/737 734/734/734
f 735/735/735 736/736/736 738/738/738
f 735/735/735 739/739/739 737/737/737
f 735/735/735 738/738/738 740/740/740
f 735/735/735 741/741/741 739/739/739
f 735/735/735 740/740/740 741/741/741
f 744/744/744 743/743/743 742/742/742
f 742/742/742 743/743/743 745/745/745
f 746/746/746 743/743/743 744/744/744
f 745/745/745 743/743/743 747/747/747
f 748/748/748 743/743/743 746/746/746
f 747/747/747 743/743/743 749/749/749
f 750/750/750 743/743/743 748/748/748
f 749/749/749 743/743/743 750/750/750
f 753/753/753 752/752/752 751/751/751
f 753/753/753 751/751/751 754/754/754
f 753/753/753 755/755/755 752/752/752
f 753/753/753 754/754/754 756/756/756
f 753/753/753 757/757/757 755/755/755
f 753/753/753 756/756/756 758/758/758
f 753/753/753 759/759/759 757/757/757
f 753/753/753 758/758/758 759/759/759
f 762/762/762 761/761/761 760/760/760
f 762/762/762 760/760/760 763/763/763
f 762/762/762 764/764/764 761/761/761
f 762/762/762 763/763/763 765/765/765
f 762/762/762 766/766/766 764/764/764
f 762/762/762 765/765/765 767/767/767
f 762/762/762 768/768/768 766/766/766
f 762/762/762 767/767/767 768/768/768
f 771/771/771 770/770/770 769/769/769
f 769/769/769 770/770/770 772/772/772
f 773/773/773 770/770/770 771/771/771
f 772/772/772 770/770/770 774/774/774
f 775/775/775 770/770/770 773/773/773
f 774/774/774 770/770/770 776/776/776
f 777/777/777 770/770/770 775/775/775
f 776/776/776 770/770/770 777/777/777
f 780/780/780 779/779/779 778/778/778
f 780/780/780 778/778/778 781/781/781
f 780/780/780 782/782/782 779/779/779
f 780/780/780 781/781/781 783/783/783
f 780/780/780 784/784/784 782/782/782
f 780/780/780 783/783/783 785/785/785
f 780/780/780 786/786/786 784/784/784
f 780/780/780 785/785/785 786/786/786
f 789/789/789 788/788/788 787/787/787
f 787/787/787 788/788/788 790/790/790
f 791/791/791 788/788/788 789/789/789
f 790/790/790 788/788/788 792/792/792
f 793/793/793 788/788/788 791/791/791
f 792/792/792 788/788/788 794/794/794
f 795/795/795 788/788/788 793/793/793
f 794/794/794 788/788/788 795/795/795
f 798/798/798 797/797/797 796/796/796
f 796/796/796 799/799/799 798/798/798
f 796/796/796 800/800/800 799/799/799
f 798/798/798 801/801/801 797/797/797
f 801/801/801 798/798/798 802/802/802
f 799/799/799 802/802/802 798/798/798
f 801/801/801 802/802/802 803/803/803
f 804/804/804 803/803/803 802/802/802
f 804/804/804 802/802/802 799/799/799
f 804/804/804 799/799/799 805/805/805
f 804/804/804 805/805/805 806/806/806
f 806/806/806 805/805/805 807/807/807
f 806/806/806 807/807/807 808/808/808
f 799/799/799 809/809/809 805/805/805
f 809/809/809 807/807/807 805/805/805
f 808/808/808 807/807/807 810/810/810
f 808/808/808 810/810/810 811/811/811
f 812/812/812 810/810/810 807/807/807
f 809/809/809 812/812/812 807/807/807
f 811/811/811 810/810/810 813/813/813
f 812/812/812 813/813/813 810/810/810
f 811/811/811 813/813/813 814/814/814
f 815/815/815 814/814/814 813/813/813
f 815/815/815 813/813/813 812/812/812
f 816/816/816 815/815/815 812/812/812
f 816/816/816 812/812/812 809/809/809
f 817/817/817 816/816/816 809/809/809
f 817/817/817 809/809/809 818/818/818
f 818/818/818 809/809/809 799/799/799
f 819/819/819 817/817/817 818/818/818
f 818/818/818 799/799/799 820/820/820
f 819/819/819 818/818/818 820/820/820
f 820/820/820 799/799/799 800/800/800
f 819/819/819 820/820/820 821/821/821
f 819/819/819 821/821/821 822/822/822
f 820/820/820 823/823/823 821/821/821
f 822/822/822 821/821/821 823/823/823
f 823/823/823 820/820/820 800/800/800
f 822/822/822 823/823/823 824/824/824
f 824/824/824 823/823/823 825/825/825
f 825/825/825 823/823/823 800/800/800
f 824/824/824 825/825/825 826/826/826
f 800/800/800 827/827/827 825/825/825
f 826/826/826 825/825/825 827/827/827
f 828/828/828 827/827/827 800/800/800
f 826/826/826 827/827/827 829/829/829
f 828/828/828 829/829/829 827/827/827
f 832/832/832 831/831/831 830/830/830
f 832/832/832 833/833/833 831/831/831
f 834/834/834 833/833/833 832/832/832
f 834/834/834 835/835/835 833/833/833
f 830/830/830 836/836/836 832/832/832
f 836/836/836 834/834/834 832/832/832
f 830/830/830 837/837/837 836/836/836
f 836/836/836 837/837/837 838/838/838
f 836/836/836 838/838/838 834/834/834
f 838/838/838 839/839/839 834/834/834
f 838/838/838 840/840/840 839/839/839
f 840/840/840 841/841/841 839/839/839
f 840/840/840 842/842/842 841/841/841
f 843/843/843 834/834/834 839/839/839
f 843/843/843 839/839/839 841/841/841
f 842/842/842 844/844/844 841/841/841
f 842/842/842 845/845/845 844/844/844
f 846/846/846 841/841/841 844/844/844
f 843/843/843 841/841/841 846/846/846
f 845/845/845 847/847/847 844/844/844
f 846/846/846 844/844/844 847/847/847
f 845/845/845 848/848/848 847/847/847
f 847/847/847 848/848/848 849/849/849
f 847/847/847 849/849/849 846/846/846
f 846/846/846 849/849/849 850/850/850
f 846/846/846 850/850/850 843/843/843
f 843/843/843 850/850/850 851/851/851
f 843/843/843 851/851/851 852/852/852
f 843/843/843 852/852/852 834/834/834
f 852/852/852 851/851/851 853/853/853
f 834/834/834 852/852/852 854/854/854
f 852/852/852 853/853/853 854/854/854
f 834/834/834 854/854/854 835/835/835
f 853/853/853 855/855/855 854/854/854
f 853/853/853 856/856/856 855/855/855
f 857/857/857 854/854/854 855/855/855
f 856/856/856 857/857/857 855/855/855
f 854/854/854 857/857/857 835/835/835
f 856/856/856 858/858/858 857/857/857
f 858/858/858 859/859/859 857/857/857
f 857/857/857 859/859/859 835/835/835
f 858/858/858 860/860/860 859/859/859
f 861/861/861 835/835/835 859/859/859
f 860/860/860 861/861/861 859/859/859
f 861/861/861 862/862/862 835/835/835
f 860/860/860 863/863/863 861/861/861
f 861/861/861 863/863/863 862/862/862
f 866/866/866 865/865/865 864/864/864
f 867/867/867 865/865/865 866/866/866
f 864/864/864 865/865/865 868/868/868
f 865/865/865 867/867/867 869/869/869
f 870/870/870 868/868/868 865/865/865
f 870/870/870 865/865/865 869/869/869
f 870/870/870 871/871/871 868/868/868
f 870/870/870 872/872/872 871/871/871
f 873/873/873 870/870/870 869/869/869
f 870/870/870 873/873/873 872/872/872
f 874/874/874 873/873/873 869/869/869
f 873/873/873 875/875/875 872/872/872
f 873/873/873 874/874/874 875/875/875
f 878/878/878 877/877/877 876/876/876
f 878/878/878 876/876/876 879/879/879
f 876/876/876 877/877/877 880/880/880
f 879/879/879 876/876/876 881/881/881
f 881/881/881 876/876/876 880/880/880
f 879/879/879 881/881/881 882/882/882
f 883/883/883 882/882/882 881/881/881
f 881/881/881 880/880/880 884/884/884
f 883/883/883 881/881/881 884/884/884
f 880/880/880 885/885/885 884/884/884
f 886/886/886 883/883/883 884/884/884
f 884/884/884 885/885/885 887/887/887
f 884/884/884 887/887/887 886/886/886
f 890/890/890 889/889/889 888/888/888
f 890/890/890 891/891/891 889/889/889
f 892/892/892 890/890/890 888/888/888
f 893/893/893 891/891/891 890/890/890
f 892/892/892 894/894/894 890/890/890
f 894/894/894 893/893/893 890/890/890
f 892/892/892 895/895/895 894/894/894
f 896/896/896 894/894/894 895/895/895
f 893/893/893 894/894/894 897/897/897
f 896/896/896 897/897/897 894/894/894
f 893/893/893 897/897/897 898/898/898
f 899/899/899 897/897/897 896/896/896
f 899/899/899 898/898/898 897/897/897
f 902/902/902 901/901/901 900/900/900
f 900/900/900 901/901/901 903/903/903
f 904/904/904 901/901/901 902/902/902
f 903/903/903 901/901/901 905/905/905
f 906/906/906 901/901/901 904/904/904
f 905/905/905 901/901/901 907/907/907
f 908/908/908 901/901/901 906/906/906
f 907/907/907 901/901/901 908/908/908
f 911/911/911 910/910/910 909/909/909
f 911/911/911 909/909/909 912/912/912
f 911/911/911 913/913/913 910/910/910
f 911/911/911 912/912/912 914/914/914
f 911/911/911 915/915/915 913/913/913
f 911/911/911 914/914/914 916/916/916
f 911/911/911 917/917/917 915/915/915
f 911/911/911 916/916/916 917/917/917
f 920/920/920 919/919/919 918/918/918
f 918/918/918 919/919/919 921/921/921
f 922/922/922 919/919/919 920/920/920
f 921/921/921 919/919/919 923/923/923
f 924/924/924 919/919/919 922/922/922
f 923/923/923 919/919/919 925/925/925
f 926/926/926 919/919/919 924/924/924
f 925/925/925 919/919/919 926/926/926
f 929/929/929 928/928/928 927/927/927
f 929/929/929 927/927/927 930/930/930
f 929/929/929 931/931/931 928/928/928
f 929/929/929 930/930/930 932/932/932
f 929/929/929 933/933/933 931/931/931
f 929/929/929 932/932/932 934/934/934
f 929/929/929 935/935/935 933/933/933
f 929/929/929 934/934/934 935/935/935
f 938/938/938 937/937/937 936/936/936
f 938/938/938 936/936/936 939/939/939
f 938/938/938 940/940/940 937/937/937
f 938/938/938 939/939/939 941/941/941
f 938/938/938 942/942/942 940/940/940
f 938/938/938 941/941/941 943/943/943
f 938/938/938 944/944/944 942/942/942
f 938/938/938 943/943/943 944/944/944
f 947/947/947 946/946/946 945/945/945
f 945/945/945 946/946/946 948/948/948
f 949/949/949 946/946/946 947/947/947
f 948/948/948 946/946/946 950/950/950
f 951/951/951 946/946/946 949/949/949
f 950/950/950 946/946/946 952/952/952
f 953/953/953 946/946/946 951/951/951
f 952/952/952 946/946/946 953/953/953
f 956/956/956 955/955/955 954/954/954
f 956/956/956 954/954/954 957/957/957
f 956/956/956 958/958/958 955/955/955
f 956/956/956 957/957/957 959/959/959
f 956/956/956 960/960/960 958/958/958
f 956/956/956 959/959/959 961/961/961
f 956/956/956 962/962/962 960/960/960
f 956/956/956 961/961/961 962/962/962
f 965/965/965 964/964/964 963/963/963
f 963/963/963 964/964/964 966/966/966
f 967/967/967 964/964/964 965/965/965
f 966/966/966 964/964/964 968/968/968
f 969/969/969 964/964/964 967/967/967
f 968/968/968 964/964/964 970/970/970
f 971/971/971 964/964/964 969/969/969
f 970/970/970 964/964/964 971/971/971
f 974/974/974 973/973/973 972/972/972
f 975/975/975 972/972/972 973/973/973
f 975/975/975 976/976/976 972/972/972
f 977/977/977 976/976/976 975/975/975
f 974/974/974 972/972/972 978/978/978
f 976/976/976 978/978/978 972/972/972
f 974/974/974 978/978/978 979/979/979
f 978/978/978 976/976/976 979/979/979
f 974/974/974 979/979/979 980/980/980
f 981/981/981 980/980/980 979/979/979
f 977/977/977 982/982/982 976/976/976
f 983/983/983 979/979/979 976/976/976
f 982/982/982 983/983/983 976/976/976
f 977/977/977 984/984/984 982/982/982
f 977/977/977 985/985/985 984/984/984
f 986/986/986 982/982/982 984/984/984
f 986/986/986 983/983/983 982/982/982
f 985/985/985 987/987/987 984/984/984
f 984/984/984 987/987/987 986/986/986
f 985/985/985 988/988/988 987/987/987
f 987/987/987 988/988/988 989/989/989
f 987/987/987 989/989/989 990/990/990
f 987/987/987 990/990/990 986/986/986
f 990/990/990 989/989/989 991/991/991
f 992/992/992 986/986/986 990/990/990
f 983/983/983 986/986/986 992/992/992
f 990/990/990 991/991/991 992/992/992
f 983/983/983 992/992/992 993/993/993
f 991/991/991 993/993/993 992/992/992
f 993/993/993 979/979/979 983/983/983
f 991/991/991 994/994/994 993/993/993
f 995/995/995 979/979/979 993/993/993
f 981/981/981 979/979/979 995/995/995
f 994/994/994 996/996/996 993/993/993
f 995/995/995 993/993/993 996/996/996
f 996/996/996 981/981/981 995/995/995
f 994/994/994 997/997/997 996/996/996
f 996/996/996 997/997/997 981/981/981
f 1000/1000/1000 999/999/999 998/998/998
f 998/998/998 999/999/999 1001/1001/1001
f 1002/1002/1002 1001/1001/1001 999/999/999
f 999/999/999 1000/1000/1000 1003/1003/1003
f 1004/1004/1004 1002/1002/1002 999/999/999
f 1004/1004/1004 999/999/999 1003/1003/1003
f 1004/1004/1004 1005/1005/1005 1002/1002/1002
f 1004/1004/1004 1006/1006/1006 1005/1005/1005
f 1004/1004/1004 1003/1003/1003 1007/1007/1007
f 1004/1004/1004 1007/1007/1007 1006/1006/1006
f 1003/1003/1003 1008/1008/1008 1007/1007/1007
f 1007/1007/1007 1009/1009/1009 1006/1006/1006
f 1007/1007/1007 1008/1008/1008 1009/1009/1009
f 1012/1012/1012 1011/1011/1011 1010/1010/1010
f 1010/1010/1010 1011/1011/1011 1013/1013/1013
f 1013/1013/1013 1011/1011/1011 1014/1014/1014
f 1010/1010/1010 1013/1013/1013 1015/1015/1015
f 1012/1012/1012 1016/1016/1016 1011/1011/1011
f 1014/1014/1014 1011/1011/1011 1016/1016/1016
f 1017/1017/1017 1016/1016/1016 1012/1012/1012
f 1015/1015/1015 1013/1013/1013 1018/1018/1018
f 1018/1018/1018 1013/1013/1013 1014/1014/1014
f 1015/1015/1015 1018/1018/1018 1019/1019/1019
f 1017/1017/1017 1020/1020/1020 1016/1016/1016
f 1014/1014/1014 1016/1016/1016 1020/1020/1020
f 1021/1021/1021 1020/1020/1020 1017/1017/1017
f 1019/1019/1019 1018/1018/1018 1022/1022/1022
f 1022/1022/1022 1018/1018/1018 1014/1014/1014
f 1019/1019/1019 1022/1022/1022 1023/1023/1023
f 1021/1021/1021 1024/1024/1024 1020/1020/1020
f 1014/1014/1014 1020/1020/1020 1024/1024/1024
f 1025/1025/1025 1024/1024/1024 1021/1021/1021
f 1023/1023/1023 1026/1026/1026 1025/1025/1025
f 1023/1023/1023 1022/1022/1022 1026/1026/1026
f 1022/1022/1022 1014/1014/1014 1026/1026/1026
f 1026/1026/1026 1014/1014/1014 1024/1024/1024
f 1025/1025/1025 1026/1026/1026 1024/1024/1024
f 1029/1029/1029 1028/1028/1028 1027/1027/1027
f 1027/1027/1027 1028/1028/1028 1030/1030/1030
f 1027/1027/1027 1030/1030/1030 1031/1031/1031
f 1029/1029/1029 1032/1032/1032 1028/1028/1028
f 1030/1030/1030 1028/1028/1028 1032/1032/1032
f 1033/1033/1033 1032/1032/1032 1029/1029/1029
f 1031/1031/1031 1034/1034/1034 1033/1033/1033
f 1031/1031/1031 1030/1030/1030 1034/1034/1034
f 1030/1030/1030 1032/1032/1032 1034/1034/1034
f 1033/1033/1033 1034/1034/1034 1032/1032/1032
