g TowerMirrorFrameMesh
v 2.23791812E-08 -1.11188436 -0.153851196
v 0.452980608 -0.193690985 -0.243718788
v -0.452980608 -0.193690985 -0.243718788
v -2.23791758E-08 0.724502265 -0.153851226
v -0.452980608 -0.193690985 -0.243718788
v 0.452980608 -0.193690985 -0.243718788
v 0.0665574148 -1.79215872 0.18624714
v -0 -1.79215872 0.225803435
v -0 -1.7122817 0.18624714
v -0 -1.7122817 0.18624714
v -0 -1.79215872 0.225803435
v -0.0665574148 -1.79215872 0.18624714
v -0.0665574148 -1.79215872 0.18624714
v -0 -1.79215872 0.225803435
v -0 -1.8720361 0.18624714
v -0 -1.79215872 0.225803435
v 0.0665574148 -1.79215872 0.18624714
v -0 -1.8720361 0.18624714
v -0 -1.79215872 0.146690875
v 0.0665574148 -1.79215872 0.18624714
v -0 -1.7122817 0.18624714
v -0 -1.79215872 0.146690875
v -0 -1.7122817 0.18624714
v -0.0665574148 -1.79215872 0.18624714
v -0 -1.79215872 0.146690875
v -0.0665574148 -1.79215872 0.18624714
v -0 -1.8720361 0.18624714
v -0 -1.79215872 0.146690875
v -0 -1.8720361 0.18624714
v 0.0665574148 -1.79215872 0.18624714
v 0.0665574148 -1.79215872 -0.0163909644
v -3.330669E-18 -1.7122817 -0.0163909644
v -5.86511421E-18 -1.79215872 -0.0559472367
v -3.330669E-18 -1.7122817 -0.0163909644
v -0.0665574148 -1.79215872 -0.0163909644
v -5.86511421E-18 -1.79215872 -0.0559472367
v -0.0665574148 -1.79215872 -0.0163909644
v 3.03317411E-18 -1.8720361 -0.0163909644
v -5.86511421E-18 -1.79215872 -0.0559472367
v -5.86511421E-18 -1.79215872 -0.0559472367
v 3.03317411E-18 -1.8720361 -0.0163909644
v 0.0665574148 -1.79215872 -0.0163909644
v 6.67083072E-18 -1.79215872 0.0231653135
v -3.330669E-18 -1.7122817 -0.0163909644
v 0.0665574148 -1.79215872 -0.0163909644
v 6.67083072E-18 -1.79215872 0.0231653135
v -0.0665574148 -1.79215872 -0.0163909644
v -3.330669E-18 -1.7122817 -0.0163909644
v 6.67083072E-18 -1.79215872 0.0231653135
v 3.03317411E-18 -1.8720361 -0.0163909644
v -0.0665574148 -1.79215872 -0.0163909644
v 6.67083072E-18 -1.79215872 0.0231653135
v 0.0665574148 -1.79215872 -0.0163909644
v 3.03317411E-18 -1.8720361 -0.0163909644
v -1.10888994 -0.578420639 0.170536339
v -1.15999997 -0.578420639 0.202696353
v -1.15999997 -0.525320649 0.170536339
v -1.15999997 -0.525320649 0.170536339
v -1.15999997 -0.578420639 0.202696353
v -1.21111 -0.578420639 0.170536339
v -1.21111 -0.578420639 0.170536339
v -1.15999997 -0.578420639 0.202696353
v -1.15999997 -0.631520629 0.170536339
v -1.15999997 -0.578420639 0.202696353
v -1.10888994 -0.578420639 0.170536339
v -1.15999997 -0.631520629 0.170536339
v -1.15999997 -0.578420639 0.13837634
v -1.10888994 -0.578420639 0.170536339
v -1.15999997 -0.525320649 0.170536339
v -1.15999997 -0.578420639 0.13837634
v -1.15999997 -0.525320649 0.170536339
v -1.21111 -0.578420639 0.170536339
v -1.15999997 -0.578420639 0.13837634
v -1.21111 -0.578420639 0.170536339
v -1.15999997 -0.631520629 0.170536339
v -1.15999997 -0.578420639 0.13837634
v -1.15999997 -0.631520629 0.170536339
v -1.10888994 -0.578420639 0.170536339
v -1.10888994 -0.578420639 -0.000680153375
v -1.15999997 -0.525320649 -0.000680153375
v -1.15999997 -0.578420639 -0.0328401774
v -1.15999997 -0.525320649 -0.000680153375
v -1.21111 -0.578420639 -0.000680153375
v -1.15999997 -0.578420639 -0.0328401774
v -1.21111 -0.578420639 -0.000680153375
v -1.15999997 -0.631520629 -0.000680153375
v -1.15999997 -0.578420639 -0.0328401774
v -1.15999997 -0.578420639 -0.0328401774
v -1.15999997 -0.631520629 -0.000680153375
v -1.10888994 -0.578420639 -0.000680153375
v -1.15999997 -0.578420639 0.0314798318
v -1.15999997 -0.525320649 -0.000680153375
v -1.10888994 -0.578420639 -0.000680153375
v -1.15999997 -0.578420639 0.0314798318
v -1.21111 -0.578420639 -0.000680153375
v -1.15999997 -0.525320649 -0.000680153375
v -1.15999997 -0.578420639 0.0314798318
v -1.15999997 -0.631520629 -0.000680153375
v -1.21111 -0.578420639 -0.000680153375
v -1.15999997 -0.578420639 0.0314798318
v -1.10888994 -0.578420639 -0.000680153375
v -1.15999997 -0.631520629 -0.000680153375
v 1.21111381 -0.578420758 0.170536339
v 1.16000009 -0.578420758 0.202701226
v 1.16000009 -0.525320947 0.170536339
v 1.16000009 -0.525320947 0.170536339
v 1.16000009 -0.578420758 0.202701226
v 1.10888612 -0.578420758 0.170536339
v 1.10888612 -0.578420758 0.170536339
v 1.16000009 -0.578420758 0.202701226
v 1.16000009 -0.63152045 0.170536339
v 1.16000009 -0.578420758 0.202701226
v 1.21111381 -0.578420758 0.170536339
v 1.16000009 -0.63152045 0.170536339
v 1.16000009 -0.578420758 0.138371468
v 1.21111381 -0.578420758 0.170536339
v 1.16000009 -0.525320947 0.170536339
v 1.16000009 -0.578420758 0.138371468
v 1.16000009 -0.525320947 0.170536339
v 1.10888612 -0.578420758 0.170536339
v 1.16000009 -0.578420758 0.138371468
v 1.10888612 -0.578420758 0.170536339
v 1.16000009 -0.63152045 0.170536339
v 1.16000009 -0.578420758 0.138371468
v 1.16000009 -0.63152045 0.170536339
v 1.21111381 -0.578420758 0.170536339
v 1.21111381 -0.578420758 -0.000680162862
v 1.16000009 -0.525320947 -0.000680162862
v 1.16000009 -0.578420758 -0.0328450501
v 1.16000009 -0.525320947 -0.000680162862
v 1.10888612 -0.578420758 -0.000680162862
v 1.16000009 -0.578420758 -0.0328450501
v 1.10888612 -0.578420758 -0.000680162862
v 1.16000009 -0.63152045 -0.000680162862
v 1.16000009 -0.578420758 -0.0328450501
v 1.16000009 -0.578420758 -0.0328450501
v 1.16000009 -0.63152045 -0.000680162862
v 1.21111381 -0.578420758 -0.000680162862
v 1.16000009 -0.578420758 0.0314847119
v 1.16000009 -0.525320947 -0.000680162862
v 1.21111381 -0.578420758 -0.000680162862
v 1.16000009 -0.578420758 0.0314847119
v 1.10888612 -0.578420758 -0.000680162862
v 1.16000009 -0.525320947 -0.000680162862
v 1.16000009 -0.578420758 0.0314847119
v 1.16000009 -0.63152045 -0.000680162862
v 1.10888612 -0.578420758 -0.000680162862
v 1.16000009 -0.578420758 0.0314847119
v 1.21111381 -0.578420758 -0.000680162862
v 1.16000009 -0.63152045 -0.000680162862
v 0.0839999914 1.74644554 0.113995127
v -0 1.74644554 0.164820328
v -0 1.88768911 0.113995127
v -0 1.88768911 0.113995127
v -0 1.74644554 0.164820328
v -0.0839999914 1.74644554 0.113995127
v -0.0839999914 1.74644554 0.113995127
v -0 1.74644554 0.164820328
v -0 1.64025569 0.113995127
v -0 1.74644554 0.164820328
v 0.0839999914 1.74644554 0.113995127
v -0 1.64025569 0.113995127
v -0 1.74644554 0.0739951432
v 0.0839999914 1.74644554 0.113995127
v -0 1.88768911 0.113995127
v -0 1.74644554 0.0739951432
v -0 1.88768911 0.113995127
v -0.0839999914 1.74644554 0.113995127
v -0 1.74644554 0.0739951432
v -0.0839999914 1.74644554 0.113995127
v -0 1.64025569 0.113995127
v -0 1.74644554 0.0739951432
v -0 1.64025569 0.113995127
v 0.0839999914 1.74644554 0.113995127
v 0.0839999914 1.74644554 0.0558610484
v 1.56494135E-17 1.88768911 0.0558610484
v -0 1.74644554 0.00503585069
v 1.56494135E-17 1.88768911 0.0558610484
v -0.0839999914 1.74644554 0.0558610484
v -0 1.74644554 0.00503585069
v -0.0839999914 1.74644554 0.0558610484
v -0 1.64025569 0.0558610484
v -0 1.74644554 0.00503585069
v -0 1.74644554 0.00503585069
v -0 1.64025569 0.0558610484
v 0.0839999914 1.74644554 0.0558610484
v 1.46693418E-17 1.74644554 0.095861055
v 1.56494135E-17 1.88768911 0.0558610484
v 0.0839999914 1.74644554 0.0558610484
v 1.46693418E-17 1.74644554 0.095861055
v -0.0839999914 1.74644554 0.0558610484
v 1.56494135E-17 1.88768911 0.0558610484
v 1.46693418E-17 1.74644554 0.095861055
v -0 1.64025569 0.0558610484
v -0.0839999914 1.74644554 0.0558610484
v 1.46693418E-17 1.74644554 0.095861055
v 0.0839999914 1.74644554 0.0558610484
v -0 1.64025569 0.0558610484
v -0.426302791 1.59260833 0.133268669
v -0.385163844 1.5512768 0.084588863
v -0.501582146 1.57599151 0.084588863
v 0.426302761 1.59260833 0.133268669
v 0.501582146 1.57599151 0.084588863
v 0.385163784 1.5512768 0.084588863
v -0.426302791 1.59260833 0.0359090492
v -0.501582146 1.57599151 0.084588863
v -0.385163844 1.5512768 0.084588863
v 0.426302761 1.59260833 0.0359090492
v 0.385163784 1.5512768 0.084588863
v 0.501582146 1.57599151 0.084588863
v -1.0839287 -1.14531147 0.0849274844
v -1.14855051 -1.14531147 0.0849274844
v -1.14855051 -1.14531147 0.146377966
v 1.98506403E-19 1.5432241 0.145370588
v -0 1.66310632 0.0849274844
v -0 1.66077638 0.0849274844
v 1.0839287 -1.14531147 0.0849274844
v 1.14855051 -1.14531147 0.146377966
v 1.14855051 -1.14531147 0.0849274844
v 1.14855051 -1.14531147 0.146377966
v 1.0839287 -1.14531147 0.0849274844
v 1.07764161 -1.03007054 0.146377996
v 1.98506403E-19 1.5432241 0.145370588
v -0 1.66077638 0.0849274844
v -0 1.66310632 0.0849274844
v -1.0839287 -1.14531147 0.0849274844
v -1.14855051 -1.14531147 0.0234769937
v -1.14855051 -1.14531147 0.0849274844
v -8.91597406E-19 1.5432241 0.0244843699
v -0 1.66077638 0.0849274844
v -0 1.66310632 0.0849274844
v 1.0839287 -1.14531147 0.0849274844
v 1.14855051 -1.14531147 0.0849274844
v 1.14855051 -1.14531147 0.0234769937
v 1.14855051 -1.14531147 0.0234769937
v 1.07764161 -1.03007054 0.0234769788
v 1.0839287 -1.14531147 0.0849274844
v -8.91597406E-19 1.5432241 0.0244843699
v -0 1.66310632 0.0849274844
v -0 1.66077638 0.0849274844
v -0.718572438 1.2718873 0.167957261
v -0.673084021 1.19548285 0.145370588
v -0.751026034 1.24030244 0.167957261
v -0.664676547 1.32044435 0.145370588
v -0.718572438 1.2718873 0.167957261
v -0.749491274 1.32899284 0.129061997
v -0.664676547 1.32044435 0.145370588
v -0.673084021 1.19548285 0.145370588
v -0.718572438 1.2718873 0.167957261
v -0.751026034 1.24030244 0.167957261
v -0.673084021 1.19548285 0.145370588
v -0.799842536 1.19260073 0.145370588
v -0.806267917 1.27529216 0.129061997
v -0.751026034 1.24030244 0.167957261
v -0.799842536 1.19260073 0.145370588
v -0.721401572 0.992103934 0.145492226
v -0.787797391 0.906796038 0.21133481
v -0.919924915 1.00963199 0.145492226
v -0.919924915 1.00963199 0.145492226
v -0.787797391 0.906796038 0.21133481
v -0.854193091 0.821488082 0.145492226
v -0.854193091 0.821488082 0.145492226
v -0.787797391 0.906796038 0.21133481
v -0.655669868 0.803960025 0.145491526
v -0.787797391 0.906796038 0.21133481
v -0.721401572 0.992103934 0.145492226
v -0.655669868 0.803960025 0.145491526
v -0.787797391 0.906796038 0.0796496496
v -0.721401572 0.992103934 0.145492226
v -0.919924915 1.00963199 0.145492226
v -0.787797391 0.906796038 0.0796496496
v -0.919924915 1.00963199 0.145492226
v -0.854193091 0.821488082 0.145492226
v -0.787797391 0.906796038 0.0796496496
v -0.854193091 0.821488082 0.145492226
v -0.655669868 0.803960025 0.145491526
v -0.787797391 0.906796038 0.0796496496
v -0.655669868 0.803960025 0.145491526
v -0.721401572 0.992103934 0.145492226
v 0.718572438 1.2718873 0.167957261
v 0.751026034 1.24030244 0.167957261
v 0.673084021 1.19548285 0.145370588
v 0.664676547 1.32044435 0.145370588
v 0.749491274 1.32899284 0.129061997
v 0.718572438 1.2718873 0.167957261
v 0.664676547 1.32044435 0.145370588
v 0.718572438 1.2718873 0.167957261
v 0.673084021 1.19548285 0.145370588
v 0.751026034 1.24030244 0.167957261
v 0.799842536 1.19260073 0.145370588
v 0.673084021 1.19548285 0.145370588
v 0.806267917 1.27529216 0.129061997
v 0.799842536 1.19260073 0.145370588
v 0.751026034 1.24030244 0.167957261
v 0.721401572 0.992103934 0.145492226
v 0.919924915 1.00963199 0.145492226
v 0.787797391 0.906796038 0.21133481
v 0.919924915 1.00963199 0.145492226
v 0.854193091 0.821488082 0.145492226
v 0.787797391 0.906796038 0.21133481
v 0.854193091 0.821488082 0.145492226
v 0.655669868 0.803960025 0.145491526
v 0.787797391 0.906796038 0.21133481
v 0.787797391 0.906796038 0.21133481
v 0.655669868 0.803960025 0.145491526
v 0.721401572 0.992103934 0.145492226
v 0.787797391 0.906796038 0.0796496496
v 0.919924915 1.00963199 0.145492226
v 0.721401572 0.992103934 0.145492226
v 0.787797391 0.906796038 0.0796496496
v 0.854193091 0.821488082 0.145492226
v 0.919924915 1.00963199 0.145492226
v 0.787797391 0.906796038 0.0796496496
v 0.655669868 0.803960025 0.145491526
v 0.854193091 0.821488082 0.145492226
v 0.787797391 0.906796038 0.0796496496
v 0.721401572 0.992103934 0.145492226
v 0.655669868 0.803960025 0.145491526
v -0.718572438 1.2718873 0.00189891574
v -0.751026034 1.24030244 0.00189891574
v -0.673084021 1.19548285 0.0244855899
v -0.664676547 1.32044435 0.0244855899
v -0.749491274 1.32899284 0.0407941826
v -0.718572438 1.2718873 0.00189891574
v -0.664676547 1.32044435 0.0244855899
v -0.718572438 1.2718873 0.00189891574
v -0.673084021 1.19548285 0.0244855899
v -0.751026034 1.24030244 0.00189891574
v -0.799842536 1.19260073 0.0244855899
v -0.673084021 1.19548285 0.0244855899
v -0.806267917 1.27529216 0.0407941826
v -0.799842536 1.19260073 0.0244855899
v -0.751026034 1.24030244 0.00189891574
v -0.721401572 0.992103934 0.0243639592
v -0.919924915 1.00963199 0.0243639592
v -0.787797391 0.906796038 -0.0414786339
v -0.919924915 1.00963199 0.0243639592
v -0.854193091 0.821488082 0.0243639592
v -0.787797391 0.906796038 -0.0414786339
v -0.854193091 0.821488082 0.0243639592
v -0.655669987 0.803960025 -0.0283309575
v -0.787797391 0.906796038 -0.0414786339
v -0.787797391 0.906796038 -0.0414786339
v -0.655669987 0.803960025 -0.0283309575
v -0.721401572 0.992103934 0.0243639592
v -0.787797391 0.906796038 0.0902065337
v -0.919924915 1.00963199 0.0243639592
v -0.721401572 0.992103934 0.0243639592
v -0.787797391 0.906796038 0.0902065337
v -0.854193091 0.821488082 0.0243639592
v -0.919924915 1.00963199 0.0243639592
v -0.787797391 0.906796038 0.0902065337
v -0.655669987 0.803960025 -0.0283309575
v -0.854193091 0.821488082 0.0243639592
v -0.787797391 0.906796038 0.0902065337
v -0.721401572 0.992103934 0.0243639592
v -0.655669987 0.803960025 -0.0283309575
v 0.718572438 1.2718873 0.00189891574
v 0.673084021 1.19548285 0.0244855899
v 0.751026034 1.24030244 0.00189891574
v 0.664676547 1.32044435 0.0244855899
v 0.718572438 1.2718873 0.00189891574
v 0.749491274 1.32899284 0.0407941826
v 0.664676547 1.32044435 0.0244855899
v 0.673084021 1.19548285 0.0244855899
v 0.718572438 1.2718873 0.00189891574
v 0.751026034 1.24030244 0.00189891574
v 0.673084021 1.19548285 0.0244855899
v 0.799842536 1.19260073 0.0244855899
v 0.806267917 1.27529216 0.0407941826
v 0.751026034 1.24030244 0.00189891574
v 0.799842536 1.19260073 0.0244855899
v 0.721401572 0.992103934 0.0243639592
v 0.787797391 0.906796038 -0.0414786339
v 0.919924915 1.00963199 0.0243639592
v 0.919924915 1.00963199 0.0243639592
v 0.787797391 0.906796038 -0.0414786339
v 0.854193091 0.821488082 0.0243639592
v 0.854193091 0.821488082 0.0243639592
v 0.787797391 0.906796038 -0.0414786339
v 0.655669689 0.803960025 -0.0283309575
v 0.787797391 0.906796038 -0.0414786339
v 0.721401572 0.992103934 0.0243639592
v 0.655669689 0.803960025 -0.0283309575
v 0.787797391 0.906796038 0.0902065337
v 0.721401572 0.992103934 0.0243639592
v 0.919924915 1.00963199 0.0243639592
v 0.787797391 0.906796038 0.0902065337
v 0.919924915 1.00963199 0.0243639592
v 0.854193091 0.821488082 0.0243639592
v 0.787797391 0.906796038 0.0902065337
v 0.854193091 0.821488082 0.0243639592
v 0.655669689 0.803960025 -0.0283309575
v 0.787797391 0.906796038 0.0902065337
v 0.655669689 0.803960025 -0.0283309575
v 0.721401572 0.992103934 0.0243639592
v 2.23791812E-08 -1.11188436 -0.153851196
v -0.39084217 -1.50592983 0.00777946692
v 3.42050228E-08 -1.55385339 0.00777946226
v 3.81469718E-08 -1.7011764 0.061656341
v -0.521122873 -1.63727844 0.0616563596
v 0.521122932 -1.63727844 0.0616563298
v 0.390842229 -1.50592983 0.00777944783
v 2.23791812E-08 -1.11188436 -0.153851196
v 2.23791812E-08 -1.11188436 -0.153851196
v 0.940404654 -0.629013181 -0.0115802027
v 0.452980608 -0.193690985 -0.243718788
v 0.827159464 -0.858561456 0.0108866906
v 1.10287929 -0.774120569 0.0657993257
v -0.452980608 -0.193690985 -0.243718788
v -0.827159464 -0.858561456 0.0108866477
v 2.23791812E-08 -1.11188436 -0.153851196
v -0.940404654 -0.629013181 -0.0115802595
v -1.10287929 -0.774120569 0.0657992661
v -2.23791758E-08 0.724502265 -0.153851226
v -0.390842229 1.11854804 0.00777943851
v -0.669776917 0.794863641 0.00933306944
v -0.81942153 0.473549187 0.00934558641
v -1.10287929 0.38673842 0.0657993257
v -0.81942153 0.473549187 0.00934558641
v -0.893035889 0.818317473 0.0637278259
v -0.521122932 1.24989665 0.0616563298
v -0.390842229 1.11854804 0.00777943851
v -0.940404654 0.241631076 -0.0115802027
v -0.452980608 -0.193690985 -0.243718788
v -2.23791758E-08 0.724502265 -0.153851226
v -0.81942153 0.473549187 0.00934558641
v -1.10287929 0.38673842 0.0657993257
v 0.452980608 -0.193690985 -0.243718788
v 0.827159464 0.471179426 0.0108866477
v -2.23791758E-08 0.724502265 -0.153851226
v 0.940404654 0.241631076 -0.0115802595
v 1.10287929 0.38673842 0.0657992661
v 0.940404654 -0.629013181 -0.0115802027
v 1.10287929 -0.774120569 0.0657993257
v 1.15250981 -0.19369106 0.0657992959
v 0.977627516 -0.193691045 -0.0115802214
v 0.452980608 -0.193690985 -0.243718788
v 1.10287929 0.38673842 0.0657992661
v 0.940404654 0.241631076 -0.0115802595
v 0.893035889 -1.20569944 0.0637278259
v 1.10287929 -0.774120569 0.0657993257
v 0.827159464 -0.858561456 0.0108866906
v 0.669776917 -1.18224573 0.00933306944
v 0.521122932 -1.63727844 0.0616563298
v 2.23791812E-08 -1.11188436 -0.153851196
v 0.390842229 -1.50592983 0.00777944783
v -0.827159464 -0.858561456 0.0108866477
v -1.10287929 -0.774120569 0.0657992661
v -0.89303571 -1.20569944 0.0637278184
v -0.669776738 -1.18224573 0.00933305919
v 2.23791812E-08 -1.11188436 -0.153851196
v -0.521122873 -1.63727844 0.0616563596
v -0.39084217 -1.50592983 0.00777946692
v -0.940404654 0.241631076 -0.0115802027
v -1.10287929 0.38673842 0.0657993257
v -1.15250981 -0.19369106 0.0657992959
v -0.977627516 -0.193691045 -0.0115802214
v -0.452980608 -0.193690985 -0.243718788
v -1.10287929 -0.774120569 0.0657992661
v -0.940404654 -0.629013181 -0.0115802595
v -3.81469718E-08 1.31379485 0.061656341
v -0.521122932 1.24989665 0.0616563298
v -0.390842229 1.11854804 0.00777943851
v -3.42050228E-08 1.1664716 0.00777945761
v 0.521122873 1.24989665 0.0616563596
v -2.23791758E-08 0.724502265 -0.153851226
v 0.39084217 1.11854804 0.00777946692
v 0.827159464 0.471179426 0.0108866477
v 1.10287929 0.38673842 0.0657992661
v 0.893035769 0.818317473 0.0637278184
v 0.669776797 0.794863641 0.00933305454
v -2.23791758E-08 0.724502265 -0.153851226
v 0.521122873 1.24989665 0.0616563596
v 0.39084217 1.11854804 0.00777946692
v -0 1.74644554 0.153514028
v -0 1.60220671 0.0849282146
v -0.128570005 1.74644554 0.0849282146
v -0 1.95170867 0.0849282146
v -0 1.74644554 0.153514028
v 0.128570005 1.74644554 0.0849282146
v -0 1.60220671 0.0849282146
v -0 1.95170867 0.0849282146
v -0 1.74644554 0.0163417887
v -0.128570005 1.74644554 0.0849282146
v -0 1.60220671 0.0849282146
v -0 1.95170867 0.0849282146
v -0 1.74644554 0.0163417887
v -0 1.60220671 0.0849282146
v 0.128570005 1.74644554 0.0849282146
v -0 1.95170867 0.0849282146
v -0.426302791 1.59260833 0.133268669
v -0.501582146 1.57599151 0.084588863
v -0.488075256 1.61294246 0.084588863
v -0.41985178 1.60630941 0.140296564
v -0.466548413 1.65014708 0.084588863
v -0.443610549 1.67836761 0.084588863
v -0.409375399 1.64454615 0.143369377
v -0.39259848 1.63027465 0.149012074
v -0.369334698 1.64626181 0.154875726
v -0.39064303 1.67089474 0.146119624
v -0.415427685 1.70386076 0.084588863
v -0.348886609 1.65377557 0.158387691
v -0.377578259 1.7229718 0.084588863
v -0.360089868 1.69106591 0.149192125
v -0.326080441 1.6522814 0.164287642
v -0.326707006 1.69740045 0.153326347
v -0.32747671 1.73274934 0.084588863
v -0.301123828 1.64625514 0.169935524
v -0.277900398 1.72848845 0.084588863
v -0.288597584 1.69308496 0.159096003
v -0.275690347 1.6278677 0.17419669
v -0.243084833 1.67408013 0.165178448
v -0.231374964 1.71214902 0.084588863
v -0.192010418 1.6862576 0.084588863
v -0.25477758 1.5947156 0.182078466
v -0.202108249 1.62961912 0.173982769
v -0.162721455 1.64509332 0.084588863
v -0.155104995 1.59562159 0.180577919
v -0.133432493 1.60392904 0.084588863
v -0.256029725 1.55194032 0.189528733
v -0.0969176814 1.57533109 0.084588863
v -0.0969176814 1.55916381 0.189528733
v -1.43051144E-08 1.58657348 0.084588863
v -1.43051144E-08 1.57040644 0.189528733
v -0.292774141 1.49373162 0.189528733
v -1.43051144E-08 1.40588343 0.189528733
v -0.311469495 1.40898955 0.189528733
v -0.0713392645 1.3320663 0.189528733
v -0.228927225 1.30050838 0.189528733
v -0.297788829 1.31865847 0.189528733
v -0.2502985 1.24180114 0.189528733
v -0.221591294 1.23272777 0.189528733
v -0.192884058 1.22365391 0.189528733
v -0.185335726 1.24775457 0.189528733
v -0.163660049 1.27185488 0.189528733
v -0.138497144 1.28776944 0.189528733
v -0.111886583 1.29355073 0.189528733
v -0.0832951739 1.28752589 0.189528733
v -0.0518084839 1.27353919 0.189528733
v -0.0295233633 1.24595892 0.189528733
v -1.43051144E-08 1.22923589 0.189528733
v -0.385163844 1.5512768 0.084588863
v -0.426302791 1.59260833 0.133268669
v -0.380953312 1.5710541 0.084588863
v -0.371751279 1.59083152 0.084588863
v -0.41985178 1.60630941 0.140296564
v -0.39259848 1.63027465 0.149012074
v -0.362819344 1.60236633 0.084588863
v -0.350114584 1.61107171 0.084588863
v -0.369334698 1.64626181 0.154875726
v -0.348886609 1.65377557 0.158387691
v -0.338246733 1.61457491 0.084588863
v -0.326378852 1.6150521 0.084588863
v -0.326080441 1.6522814 0.164287642
v -0.301123828 1.64625514 0.169935524
v -0.310006618 1.61082125 0.084588863
v -0.293634385 1.59598482 0.084588863
v -0.275690347 1.6278677 0.17419669
v -0.25477758 1.5947156 0.182078466
v -0.284779191 1.57477748 0.084588863
v -0.256029725 1.55194032 0.189528733
v -0.287242681 1.55121183 0.084588863
v -0.302969724 1.52558982 0.084588863
v -0.292774141 1.49373162 0.189528733
v -0.340390921 1.49336541 0.084588863
v -0.311469495 1.40898955 0.189528733
v -0.356774896 1.40898955 0.084588863
v -0.297788829 1.31865847 0.189528733
v -0.347060114 1.31786525 0.084588863
v -0.302850157 1.24285531 0.084588863
v -0.2502985 1.24180114 0.189528733
v -0.272748917 1.21070802 0.084588863
v -0.218910977 1.1844095 0.084588863
v -0.221591294 1.23272777 0.189528733
v -0.192884058 1.22365391 0.189528733
v -0.150324821 1.16505075 0.084588863
v -0.185335726 1.24775457 0.189528733
v -0.14472279 1.19612372 0.084588863
v -0.163660049 1.27185488 0.189528733
v -0.124271616 1.21988559 0.084588863
v -0.138497144 1.28776944 0.189528733
v -0.111886583 1.29355073 0.189528733
v -0.0968801305 1.23063445 0.084588863
v -0.0739023983 1.22976899 0.084588863
v -0.0832951739 1.28752589 0.189528733
v -0.0518084839 1.27353919 0.189528733
v -0.0509246737 1.22196293 0.084588863
v -0.0254623424 1.20220041 0.0847579241
v -0.0295233633 1.24595892 0.189528733
v -1.43051144E-08 1.22923589 0.189528733
v -1.43051144E-08 1.18764353 0.0849269927
v 0.426302761 1.59260833 0.133268669
v 0.488075197 1.61294246 0.084588863
v 0.501582146 1.57599151 0.084588863
v 0.41985175 1.60630941 0.140296564
v 0.466548383 1.65014708 0.084588863
v 0.443610519 1.67836761 0.084588863
v 0.40937537 1.64454615 0.143369377
v 0.39259845 1.63027465 0.149012074
v 0.369334668 1.64626181 0.154875726
v 0.390643001 1.67089474 0.146119624
v 0.415427655 1.70386076 0.084588863
v 0.348886549 1.65377557 0.158387691
v 0.377578229 1.7229718 0.084588863
v 0.360089839 1.69106591 0.149192125
v 0.326080382 1.6522814 0.164287642
v 0.326706946 1.69740045 0.153326347
v 0.32747668 1.73274934 0.084588863
v 0.301123798 1.64625514 0.169935524
v 0.277900398 1.72848845 0.084588863
v 0.288597554 1.69308496 0.159096003
v 0.275690347 1.6278677 0.17419669
v 0.243084788 1.67408013 0.165178448
v 0.231374919 1.71214902 0.084588863
v 0.192010373 1.6862576 0.084588863
v 0.254777551 1.5947156 0.182078466
v 0.202108219 1.62961912 0.173982769
v 0.16272144 1.64509332 0.084588863
v 0.155104965 1.59562159 0.180577919
v 0.133432478 1.60392904 0.084588863
v 0.256029695 1.55194032 0.189528733
v 0.096917659 1.57533109 0.084588863
v 0.096917659 1.55916381 0.189528733
v -1.43051144E-08 1.58657348 0.084588863
v -1.43051144E-08 1.57040644 0.189528733
v 0.292774111 1.49373162 0.189528733
v -1.43051144E-08 1.40588343 0.189528733
v 0.311469465 1.40898955 0.189528733
v 0.0713392347 1.3320663 0.189528733
v 0.22892718 1.30050838 0.189528733
v 0.297788799 1.31865847 0.189528733
v 0.2502985 1.24180114 0.189528733
v 0.221591264 1.23272777 0.189528733
v 0.192884028 1.22365391 0.189528733
v 0.185335696 1.24775457 0.189528733
v 0.163660005 1.27185488 0.189528733
v 0.138497114 1.28776944 0.189528733
v 0.111886553 1.29355073 0.189528733
v 0.0832951441 1.28752589 0.189528733
v 0.0518084578 1.27353919 0.189528733
v 0.0295233335 1.24595892 0.189528733
v -1.43051144E-08 1.22923589 0.189528733
v 0.385163784 1.5512768 0.084588863
v 0.380953282 1.5710541 0.084588863
v 0.426302761 1.59260833 0.133268669
v 0.371751249 1.59083152 0.084588863
v 0.41985175 1.60630941 0.140296564
v 0.39259845 1.63027465 0.149012074
v 0.362819314 1.60236633 0.084588863
v 0.350114554 1.61107171 0.084588863
v 0.369334668 1.64626181 0.154875726
v 0.348886549 1.65377557 0.158387691
v 0.338246673 1.61457491 0.084588863
v 0.326378822 1.6150521 0.084588863
v 0.326080382 1.6522814 0.164287642
v 0.301123798 1.64625514 0.169935524
v 0.310006589 1.61082125 0.084588863
v 0.293634355 1.59598482 0.084588863
v 0.275690347 1.6278677 0.17419669
v 0.254777551 1.5947156 0.182078466
v 0.284779161 1.57477748 0.084588863
v 0.256029695 1.55194032 0.189528733
v 0.287242651 1.55121183 0.084588863
v 0.302969694 1.52558982 0.084588863
v 0.292774111 1.49373162 0.189528733
v 0.340390891 1.49336541 0.084588863
v 0.311469465 1.40898955 0.189528733
v 0.356774867 1.40898955 0.084588863
v 0.297788799 1.31865847 0.189528733
v 0.347060084 1.31786525 0.084588863
v 0.302850097 1.24285531 0.084588863
v 0.2502985 1.24180114 0.189528733
v 0.272748858 1.21070802 0.084588863
v 0.218910933 1.1844095 0.084588863
v 0.221591264 1.23272777 0.189528733
v 0.192884028 1.22365391 0.189528733
v 0.150324792 1.16505075 0.084588863
v 0.185335696 1.24775457 0.189528733
v 0.14472276 1.19612372 0.084588863
v 0.163660005 1.27185488 0.189528733
v 0.124271594 1.21988559 0.084588863
v 0.138497114 1.28776944 0.189528733
v 0.111886553 1.29355073 0.189528733
v 0.0968801007 1.23063445 0.084588863
v 0.0739023685 1.22976899 0.084588863
v 0.0832951441 1.28752589 0.189528733
v 0.0518084578 1.27353919 0.189528733
v 0.0509246439 1.22196293 0.084588863
v 0.0254623145 1.20220041 0.0847579241
v 0.0295233335 1.24595892 0.189528733
v -1.43051144E-08 1.22923589 0.189528733
v -1.43051144E-08 1.18764353 0.0849269927
v -0.426302791 1.59260833 0.0359090492
v -0.488075256 1.61294246 0.084588863
v -0.501582146 1.57599151 0.084588863
v -0.41985178 1.60630941 0.0288814604
v -0.466548413 1.65014708 0.084588863
v -0.443610549 1.67836761 0.084588863
v -0.409375399 1.64454615 0.0258083418
v -0.39259848 1.63027465 0.0201656409
v -0.369334698 1.64626181 0.0143019939
v -0.39064303 1.67089474 0.0230580959
v -0.415427685 1.70386076 0.084588863
v -0.348886609 1.65377557 0.0107900305
v -0.377578259 1.7229718 0.084588863
v -0.360089868 1.69106591 0.0199855864
v -0.326080441 1.6522814 0.00488976249
v -0.326707006 1.69740045 0.0158516765
v -0.32747671 1.73274934 0.084588863
v -0.301123828 1.64625514 -0.000757820613
v -0.277900398 1.72848845 0.084588863
v -0.288597584 1.69308496 0.0100814123
v -0.275690347 1.6278677 -0.00501868455
v -0.243084833 1.67408013 0.00399925932
v -0.231374964 1.71214902 0.084588863
v -0.192010418 1.6862576 0.084588863
v -0.25477758 1.5947156 -0.0129007651
v -0.202108249 1.62961912 -0.0048050615
v -0.162721455 1.64509332 0.084588863
v -0.155104995 1.59562159 -0.0114005208
v -0.133432493 1.60392904 0.084588863
v -0.256029725 1.55194032 -0.0203507151
v -0.0969176814 1.57533109 0.084588863
v -0.0969176814 1.55916381 -0.0203507151
v -1.43051144E-08 1.58657348 0.084588863
v -1.43051144E-08 1.57040644 -0.0203507151
v -0.292774141 1.49373162 -0.0203507151
v -1.43051144E-08 1.40588343 -0.0203507151
v -0.311469495 1.40898955 -0.0203507151
v -0.0713392645 1.3320663 -0.0203507151
v -0.228927225 1.30050838 -0.0203507151
v -0.297788829 1.31865847 -0.0203507151
v -0.2502985 1.24180114 -0.0203507151
v -0.221591294 1.23272777 -0.0203507151
v -0.192884058 1.22365391 -0.0203507151
v -0.185335726 1.24775457 -0.0203507151
v -0.163660049 1.27185488 -0.0203507151
v -0.138497144 1.28776944 -0.0203507151
v -0.111886583 1.29355073 -0.0203507151
v -0.0832951739 1.28752589 -0.0203507151
v -0.0518084839 1.27353919 -0.0203507151
v -0.0295233633 1.24595892 -0.0203507151
v -1.43051144E-08 1.22923589 -0.0203507151
v -0.385163844 1.5512768 0.084588863
v -0.380953312 1.5710541 0.084588863
v -0.426302791 1.59260833 0.0359090492
v -0.371751279 1.59083152 0.084588863
v -0.41985178 1.60630941 0.0288814604
v -0.39259848 1.63027465 0.0201656409
v -0.362819344 1.60236633 0.084588863
v -0.350114584 1.61107171 0.084588863
v -0.369334698 1.64626181 0.0143019939
v -0.348886609 1.65377557 0.0107900305
v -0.338246733 1.61457491 0.084588863
v -0.326378852 1.6150521 0.084588863
v -0.326080441 1.6522814 0.00488976249
v -0.301123828 1.64625514 -0.000757820613
v -0.310006618 1.61082125 0.084588863
v -0.293634385 1.59598482 0.084588863
v -0.275690347 1.6278677 -0.00501868455
v -0.25477758 1.5947156 -0.0129007651
v -0.284779191 1.57477748 0.084588863
v -0.256029725 1.55194032 -0.0203507151
v -0.287242681 1.55121183 0.084588863
v -0.302969724 1.52558982 0.084588863
v -0.292774141 1.49373162 -0.0203507151
v -0.340390921 1.49336541 0.084588863
v -0.311469495 1.40898955 -0.0203507151
v -0.356774896 1.40898955 0.084588863
v -0.297788829 1.31865847 -0.0203507151
v -0.347060114 1.31786525 0.084588863
v -0.302850157 1.24285531 0.084588863
v -0.2502985 1.24180114 -0.0203507151
v -0.272748917 1.21070802 0.084588863
v -0.218910977 1.1844095 0.084588863
v -0.221591294 1.23272777 -0.0203507151
v -0.192884058 1.22365391 -0.0203507151
v -0.150324821 1.16505075 0.084588863
v -0.185335726 1.24775457 -0.0203507151
v -0.14472279 1.19612372 0.084588863
v -0.163660049 1.27185488 -0.0203507151
v -0.124271616 1.21988559 0.084588863
v -0.138497144 1.28776944 -0.0203507151
v -0.111886583 1.29355073 -0.0203507151
v -0.0968801305 1.23063445 0.084588863
v -0.0739023983 1.22976899 0.084588863
v -0.0832951739 1.28752589 -0.0203507151
v -0.0518084839 1.27353919 -0.0203507151
v -0.0509246737 1.22196293 0.084588863
v -0.0254623424 1.20220041 0.0844197944
v -0.0295233633 1.24595892 -0.0203507151
v -1.43051144E-08 1.22923589 -0.0203507151
v -1.43051144E-08 1.18764353 0.0842507258
v 0.426302761 1.59260833 0.0359090492
v 0.501582146 1.57599151 0.084588863
v 0.488075197 1.61294246 0.084588863
v 0.41985175 1.60630941 0.0288814604
v 0.466548383 1.65014708 0.084588863
v 0.443610519 1.67836761 0.084588863
v 0.40937537 1.64454615 0.0258083418
v 0.39259845 1.63027465 0.0201656409
v 0.369334668 1.64626181 0.0143019939
v 0.390643001 1.67089474 0.0230580959
v 0.415427655 1.70386076 0.084588863
v 0.348886549 1.65377557 0.0107900305
v 0.377578229 1.7229718 0.084588863
v 0.360089839 1.69106591 0.0199855864
v 0.326080382 1.6522814 0.00488976249
v 0.326706946 1.69740045 0.0158516765
v 0.32747668 1.73274934 0.084588863
v 0.301123798 1.64625514 -0.000757820613
v 0.277900398 1.72848845 0.084588863
v 0.288597554 1.69308496 0.0100814123
v 0.275690347 1.6278677 -0.00501868455
v 0.243084788 1.67408013 0.00399925932
v 0.231374919 1.71214902 0.084588863
v 0.192010373 1.6862576 0.084588863
v 0.254777551 1.5947156 -0.0129007651
v 0.202108219 1.62961912 -0.0048050615
v 0.16272144 1.64509332 0.084588863
v 0.155104965 1.59562159 -0.0114005208
v 0.133432478 1.60392904 0.084588863
v 0.256029695 1.55194032 -0.0203507151
v 0.096917659 1.57533109 0.084588863
v 0.096917659 1.55916381 -0.0203507151
v -1.43051144E-08 1.58657348 0.084588863
v -1.43051144E-08 1.57040644 -0.0203507151
v 0.292774111 1.49373162 -0.0203507151
v -1.43051144E-08 1.40588343 -0.0203507151
v 0.311469465 1.40898955 -0.0203507151
v 0.0713392347 1.3320663 -0.0203507151
v 0.22892718 1.30050838 -0.0203507151
v 0.297788799 1.31865847 -0.0203507151
v 0.2502985 1.24180114 -0.0203507151
v 0.221591264 1.23272777 -0.0203507151
v 0.192884028 1.22365391 -0.0203507151
v 0.185335696 1.24775457 -0.0203507151
v 0.163660005 1.27185488 -0.0203507151
v 0.138497114 1.28776944 -0.0203507151
v 0.111886553 1.29355073 -0.0203507151
v 0.0832951441 1.28752589 -0.0203507151
v 0.0518084578 1.27353919 -0.0203507151
v 0.0295233335 1.24595892 -0.0203507151
v -1.43051144E-08 1.22923589 -0.0203507151
v 0.385163784 1.5512768 0.084588863
v 0.426302761 1.59260833 0.0359090492
v 0.380953282 1.5710541 0.084588863
v 0.371751249 1.59083152 0.084588863
v 0.41985175 1.60630941 0.0288814604
v 0.39259845 1.63027465 0.0201656409
v 0.362819314 1.60236633 0.084588863
v 0.350114554 1.61107171 0.084588863
v 0.369334668 1.64626181 0.0143019939
v 0.348886549 1.65377557 0.0107900305
v 0.338246673 1.61457491 0.084588863
v 0.326378822 1.6150521 0.084588863
v 0.326080382 1.6522814 0.00488976249
v 0.301123798 1.64625514 -0.000757820613
v 0.310006589 1.61082125 0.084588863
v 0.293634355 1.59598482 0.084588863
v 0.275690347 1.6278677 -0.00501868455
v 0.254777551 1.5947156 -0.0129007651
v 0.284779161 1.57477748 0.084588863
v 0.256029695 1.55194032 -0.0203507151
v 0.287242651 1.55121183 0.084588863
v 0.302969694 1.52558982 0.084588863
v 0.292774111 1.49373162 -0.0203507151
v 0.340390891 1.49336541 0.084588863
v 0.311469465 1.40898955 -0.0203507151
v 0.356774867 1.40898955 0.084588863
v 0.297788799 1.31865847 -0.0203507151
v 0.347060084 1.31786525 0.084588863
v 0.302850097 1.24285531 0.084588863
v 0.2502985 1.24180114 -0.0203507151
v 0.272748858 1.21070802 0.084588863
v 0.218910933 1.1844095 0.084588863
v 0.221591264 1.23272777 -0.0203507151
v 0.192884028 1.22365391 -0.0203507151
v 0.150324792 1.16505075 0.084588863
v 0.185335696 1.24775457 -0.0203507151
v 0.14472276 1.19612372 0.084588863
v 0.163660005 1.27185488 -0.0203507151
v 0.124271594 1.21988559 0.084588863
v 0.138497114 1.28776944 -0.0203507151
v 0.111886553 1.29355073 -0.0203507151
v 0.0968801007 1.23063445 0.084588863
v 0.0739023685 1.22976899 0.084588863
v 0.0832951441 1.28752589 -0.0203507151
v 0.0518084578 1.27353919 -0.0203507151
v 0.0509246439 1.22196293 0.084588863
v 0.0254623145 1.20220041 0.0844197944
v 0.0295233335 1.24595892 -0.0203507151
v -1.43051144E-08 1.22923589 -0.0203507151
v -1.43051144E-08 1.18764353 0.0842507258
v -0.0355722196 1.25838053 0.133629382
v 1.32950289E-18 1.27810335 0.199964821
v 1.18557502E-18 1.25838053 0.133629382
v -0.0323109366 1.27810335 0.199964821
v -2.64036569E-18 1.30679047 0.243718788
v -0.0508541204 1.33982873 0.243718788
v -0.0778056607 1.31417871 0.199964821
v -0.0902487636 1.30173647 0.133629382
v -0.171439454 1.38352168 0.133629382
v -0.158996642 1.39596403 0.199964821
v -0.134720355 1.42688596 0.243718788
v -0.164855763 1.47349274 0.243718788
v -0.195403501 1.44257081 0.199964821
v -0.215126395 1.43944824 0.133629382
v -0.219906971 1.50070822 0.133629382
v -0.199745804 1.49821436 0.199964821
v -0.134720355 1.52012753 0.243718788
v -0.158852816 1.55092216 0.199964821
v -0.171296194 1.56336367 0.133629382
v -0.0902397335 1.64528406 0.133629382
v -0.0777968541 1.63284171 0.199964821
v -0.0508541204 1.60718477 0.243718788
v 1.56946354E-17 1.64019465 0.243718788
v -0.0323109366 1.66891015 0.199964821
v -0.0355722196 1.68863308 0.133629382
v -1.86374359E-18 1.66891015 0.199961156
v -1.00153178E-18 1.68863308 0.133629382
v -0.0508541204 1.60718477 0.243718788
v 1.56946354E-17 1.64019465 0.243718788
v -2.64036569E-18 1.30679047 0.243718788
v -0.0508541204 1.33982873 0.243718788
v -0.134720355 1.52012753 0.243718788
v -0.134720355 1.42688596 0.243718788
v -0.164855763 1.47349274 0.243718788
v -1.00153178E-18 1.68863308 0.133629382
v -0.0355722196 1.68863308 0.133629382
v -7.40239019E-19 1.55499542 0.133629382
v -0.0902397335 1.64528406 0.133629382
v -0.171296194 1.56336367 0.133629382
v -4.440892E-18 1.47350669 0.133629382
v -0.219906971 1.50070822 0.133629382
v -0.215126395 1.43944824 0.133629382
v -0.171439454 1.38352168 0.133629382
v -0.0902487636 1.30173647 0.133629382
v 7.40239019E-19 1.39201808 0.133629382
v -0.0355722196 1.25838053 0.133629382
v 1.18557502E-18 1.25838053 0.133629382
v 0.0355722196 1.25838053 0.133629382
v 1.18557502E-18 1.25838053 0.133629382
v 1.32950289E-18 1.27810335 0.199964821
v 0.0323109366 1.27810335 0.199964821
v -2.64036569E-18 1.30679047 0.243718788
v 0.0508541204 1.33982873 0.243718788
v 0.0778056607 1.31417871 0.199964821
v 0.0902487636 1.30173647 0.133629382
v 0.171439454 1.38352168 0.133629382
v 0.158996642 1.39596403 0.199964821
v 0.134720355 1.42688596 0.243718788
v 0.164855763 1.47349274 0.243718788
v 0.195403501 1.44257081 0.199964821
v 0.215126395 1.43944824 0.133629382
v 0.219906971 1.50070822 0.133629382
v 0.199745804 1.49821436 0.199964821
v 0.134720355 1.52012753 0.243718788
v 0.158852816 1.55092216 0.199964821
v 0.171296194 1.56336367 0.133629382
v 0.0902397335 1.64528406 0.133629382
v 0.0777968541 1.63284171 0.199964821
v 0.0508541204 1.60718477 0.243718788
v 1.56946354E-17 1.64019465 0.243718788
v 0.0323109366 1.66891015 0.199964821
v 0.0355722196 1.68863308 0.133629382
v -1.86374359E-18 1.66891015 0.199961156
v -1.00153178E-18 1.68863308 0.133629382
v 0.0508541204 1.60718477 0.243718788
v -2.64036569E-18 1.30679047 0.243718788
v 1.56946354E-17 1.64019465 0.243718788
v 0.0508541204 1.33982873 0.243718788
v 0.134720355 1.52012753 0.243718788
v 0.134720355 1.42688596 0.243718788
v 0.164855763 1.47349274 0.243718788
v -1.00153178E-18 1.68863308 0.133629382
v -7.40239019E-19 1.55499542 0.133629382
v 0.0355722196 1.68863308 0.133629382
v 0.0902397335 1.64528406 0.133629382
v 0.171296194 1.56336367 0.133629382
v -4.440892E-18 1.47350669 0.133629382
v 0.219906971 1.50070822 0.133629382
v 0.215126395 1.43944824 0.133629382
v 0.171439454 1.38352168 0.133629382
v 0.0902487636 1.30173647 0.133629382
v 7.40239019E-19 1.39201808 0.133629382
v 0.0355722196 1.25838053 0.133629382
v 1.18557502E-18 1.25838053 0.133629382
v -0.0355722196 1.25838053 0.0362270437
v 1.03579821E-19 1.25838053 0.0362270437
v 1.64971842E-19 1.27810335 -0.0301084053
v -0.0323109366 1.27810335 -0.0301084053
v -3.02171592E-17 1.30679047 -0.0738626719
v -0.0508541204 1.33982873 -0.0738626719
v -0.0778056607 1.31417871 -0.0301084053
v -0.0902487636 1.30173647 0.0362270437
v -0.171439454 1.38352168 0.0362270437
v -0.158996642 1.39596403 -0.0301084053
v -0.134720355 1.42688596 -0.0738626719
v -0.164855763 1.47349274 -0.0738626719
v -0.195403501 1.44257081 -0.0301084053
v -0.215126395 1.43944824 0.0362270437
v -0.219906971 1.50070822 0.0362270437
v -0.199745804 1.49821436 -0.0301084053
v -0.134720355 1.52012753 -0.0738626719
v -0.158852816 1.55092216 -0.0301084053
v -0.171296194 1.56336367 0.0362270437
v -0.0902397335 1.64528406 0.0362270437
v -0.0777968541 1.63284171 -0.0301084053
v -0.0508541204 1.60718477 -0.0738626719
v 3.01215401E-18 1.64019465 -0.0738626719
v -0.0323109366 1.66891015 -0.0301084053
v -0.0355722196 1.68863308 0.0362270437
v -6.62296788E-19 1.66891015 -0.0301047433
v 2.10777795E-19 1.68863308 0.0362270437
v -0.0508541204 1.60718477 -0.0738626719
v -3.02171592E-17 1.30679047 -0.0738626719
v 3.01215401E-18 1.64019465 -0.0738626719
v -0.0508541204 1.33982873 -0.0738626719
v -0.134720355 1.52012753 -0.0738626719
v -0.134720355 1.42688596 -0.0738626719
v -0.164855763 1.47349274 -0.0738626719
v 2.10777795E-19 1.68863308 0.0362270437
v -2.22053658E-18 1.55499542 0.0362270437
v -0.0355722196 1.68863308 0.0362270437
v -0.0902397335 1.64528406 0.0362270437
v -0.171296194 1.56336367 0.0362270437
v -3.55271385E-18 1.47350669 0.0362270437
v -0.219906971 1.50070822 0.0362270437
v -0.215126395 1.43944824 0.0362270437
v -0.171439454 1.38352168 0.0362270437
v -0.0902487636 1.30173647 0.0362270437
v 2.96068497E-18 1.39201808 0.0362270437
v -0.0355722196 1.25838053 0.0362270437
v 1.03579821E-19 1.25838053 0.0362270437
v 0.0355722196 1.25838053 0.0362270437
v 1.64971842E-19 1.27810335 -0.0301084053
v 1.03579821E-19 1.25838053 0.0362270437
v 0.0323109366 1.27810335 -0.0301084053
v -3.02171592E-17 1.30679047 -0.0738626719
v 0.0508541204 1.33982873 -0.0738626719
v 0.0778056607 1.31417871 -0.0301084053
v 0.0902487636 1.30173647 0.0362270437
v 0.171439454 1.38352168 0.0362270437
v 0.158996642 1.39596403 -0.0301084053
v 0.134720355 1.42688596 -0.0738626719
v 0.164855763 1.47349274 -0.0738626719
v 0.195403501 1.44257081 -0.0301084053
v 0.215126395 1.43944824 0.0362270437
v 0.219906971 1.50070822 0.0362270437
v 0.199745804 1.49821436 -0.0301084053
v 0.134720355 1.52012753 -0.0738626719
v 0.158852816 1.55092216 -0.0301084053
v 0.171296194 1.56336367 0.0362270437
v 0.0902397335 1.64528406 0.0362270437
v 0.0777968541 1.63284171 -0.0301084053
v 0.0508541204 1.60718477 -0.0738626719
v 3.01215401E-18 1.64019465 -0.0738626719
v 0.0323109366 1.66891015 -0.0301084053
v 0.0355722196 1.68863308 0.0362270437
v -6.62296788E-19 1.66891015 -0.0301047433
v 2.10777795E-19 1.68863308 0.0362270437
v 0.0508541204 1.60718477 -0.0738626719
v 3.01215401E-18 1.64019465 -0.0738626719
v -3.02171592E-17 1.30679047 -0.0738626719
v 0.0508541204 1.33982873 -0.0738626719
v 0.134720355 1.52012753 -0.0738626719
v 0.134720355 1.42688596 -0.0738626719
v 0.164855763 1.47349274 -0.0738626719
v 2.10777795E-19 1.68863308 0.0362270437
v 0.0355722196 1.68863308 0.0362270437
v -2.22053658E-18 1.55499542 0.0362270437
v 0.0902397335 1.64528406 0.0362270437
v 0.171296194 1.56336367 0.0362270437
v -3.55271385E-18 1.47350669 0.0362270437
v 0.219906971 1.50070822 0.0362270437
v 0.215126395 1.43944824 0.0362270437
v 0.171439454 1.38352168 0.0362270437
v 0.0902487636 1.30173647 0.0362270437
v 2.96068497E-18 1.39201808 0.0362270437
v 0.0355722196 1.25838053 0.0362270437
v 1.03579821E-19 1.25838053 0.0362270437
v -1.22682726 0.331500918 0.163609728
v -1.07533455 0.331500918 0.163610339
v -1.02182734 0.310671449 0.190189317
v -1.28589058 0.310671449 0.190189317
v -1.0209465 0.284052491 0.190189317
v -1.28572512 0.284053415 0.190189317
v -1.05981851 0.246181712 0.16081737
v -1.25206554 0.246292338 0.16081737
v -1.09388757 0.159543678 0.145370588
v -1.22396636 0.15964058 0.145370588
v -1.10638535 0.0293808747 0.137311518
v -1.21837366 0.0294593032 0.137311518
v -1.2185818 -0.08859016 0.132769585
v -1.10858417 -0.0886502787 0.132769585
v -1.10189879 -0.205454022 0.137311518
v -1.22286034 -0.20541206 0.137311518
v -1.231691 -0.310102165 0.145370588
v -1.0841732 -0.310125947 0.145370588
v -1.04922569 -0.355505586 0.170207933
v -1.2626586 -0.355489403 0.170207933
v -0.981746435 -0.400616378 0.229423329
v -1.33013773 -0.400607824 0.229423329
v -1.30541611 -0.474583358 0.199768782
v -1.01840723 -0.474583358 0.199768782
v -1.06218255 -0.547045529 0.162160143
v -1.25681591 -0.547045648 0.162160143
v -1.06757998 -0.630462229 0.144702867
v -1.23904097 -0.628707469 0.144702867
v -1.22924089 -0.740004361 0.140528679
v -1.06500256 -0.743514001 0.140528679
v -1.0214113 -0.856437266 0.149328724
v -1.2276268 -0.856437564 0.149328724
v -0.965705454 -0.875401795 0.185086787
v -1.27102304 -0.875401974 0.185086787
v -1.22682726 0.331500918 0.0849274844
v -1.22682726 0.331500918 0.163609728
v -1.28589058 0.310671449 0.190189317
v -1.28589058 0.310671449 0.0849274844
v -1.28572512 0.284053415 0.190189317
v -1.28572512 0.284053415 0.0849274844
v -1.25206554 0.246292338 0.0849274844
v -1.25206554 0.246292338 0.16081737
v -1.22396636 0.15964058 0.145370588
v -1.22396636 0.15964058 0.0849274844
v -1.21837366 0.0294593032 0.137311518
v -1.21837366 0.0294593032 0.0849274844
v -1.2185818 -0.08859016 0.0849274844
v -1.2185818 -0.08859016 0.132769585
v -1.22286034 -0.20541206 0.137311518
v -1.22286034 -0.20541206 0.0849274844
v -1.231691 -0.310102165 0.0849274844
v -1.231691 -0.310102165 0.145370588
v -1.2626586 -0.355489403 0.170207933
v -1.2626586 -0.355489403 0.0849274844
v -1.33013773 -0.400607824 0.229423329
v -1.33013773 -0.400607824 0.0849274844
v -1.30541611 -0.474583358 0.0849274844
v -1.30541611 -0.474583358 0.199768782
v -1.25681591 -0.547045648 0.162160143
v -1.25681591 -0.547045648 0.0849274844
v -1.23904097 -0.628707469 0.144702867
v -1.23904097 -0.628707469 0.0849274844
v -1.22924089 -0.740004361 0.0849274844
v -1.22924089 -0.740004361 0.140528679
v -1.2276268 -0.856437564 0.149328724
v -1.2276268 -0.856437564 0.0849274844
v -1.27102304 -0.875401974 0.185086787
v -1.27102304 -0.875401974 0.0849274844
v -1.24562502 -1.03909767 0.146377996
v -1.14855051 -1.14531147 0.146377966
v -1.14855051 -1.14531147 0.0849274844
v -1.24562502 -1.03909767 0.0849274844
v -1.1332196 0.686584234 0.145370588
v -1.0694555 0.482881844 0.145370588
v -1.09567058 0.48946175 0.199570581
v -1.22734177 0.376505792 0.158673212
v -1.1332196 0.686584234 0.0849274844
v -1.24467552 0.544137955 0.145370588
v -1.24467552 0.544137955 0.0849274844
v -1.1332196 0.686584234 0.145370588
v -1.07459366 0.810309172 0.145370588
v -1.07459366 0.810309172 0.0849274844
v -1.00907707 0.927576363 0.0849274844
v -1.00907707 0.927576363 0.145370588
v -0.922646224 1.05419838 0.0849274844
v -0.922646224 1.05419838 0.145370588
v -0.799842536 1.19260073 0.0849274844
v -0.799842536 1.19260073 0.145370588
v -0.664676547 1.32044435 0.0849274844
v -0.664676547 1.32044435 0.145370588
v -0.526453376 1.40915704 0.145370588
v -0.526453376 1.40915704 0.0849274844
v -0.334296674 1.49826539 0.0849274844
v -0.334296674 1.49826539 0.145370588
v -0.10028901 1.52973664 0.145370588
v -0.208310306 1.51488185 0.0849274844
v -0.211512804 1.66584563 0.0849274844
v -0.185643345 1.67700708 0.0849274844
v -0.16866909 1.74284267 0.0849274844
v -0.109135017 1.67120874 0.0849274844
v -0 1.66310632 0.0849274844
v 1.98506403E-19 1.5432241 0.145370588
v -0.0824752823 1.28891146 0.145370588
v 6.23355658E-18 1.30596864 0.145370588
v -0.334296674 1.49826539 0.145370588
v -0.274917573 1.26355529 0.145370588
v -0.424699306 1.2160697 0.145370588
v -0.526453376 1.40915704 0.145370588
v -0.560190618 1.15209663 0.145370588
v -0.664676547 1.32044435 0.145370588
v -0.681663275 1.05656898 0.145370588
v -0.799842536 1.19260073 0.145370588
v -0.922646224 1.05419838 0.145370588
v -0.789072871 0.930166066 0.145370588
v -0.861370921 0.824423909 0.145370588
v -1.00907707 0.927576363 0.145370588
v -0.918805897 0.733284354 0.145370588
v -1.07459366 0.810309172 0.145370588
v -0.985729575 0.608269393 0.145370588
v -1.1332196 0.686584234 0.145370588
v -1.04176784 0.475038826 0.145370588
v -1.0694555 0.482881844 0.145370588
v -1.22734177 0.376505792 0.158673212
v -1.07047641 0.378259033 0.158673212
v -1.07533455 0.331500918 0.163610339
v -1.22682726 0.331500918 0.163609728
v -1.33013773 -0.400607824 0.229423329
v -0.981746435 -0.400616378 0.229423329
v -0.97993499 -0.422261268 0.229423329
v -1.33194911 -0.422255009 0.229423329
v -1.33013773 -0.400607824 0.0849274844
v -1.33013773 -0.400607824 0.229423329
v -1.33194911 -0.422255009 0.229423329
v -1.33194911 -0.422255009 0.0849274844
v -1.33194911 -0.422255009 0.229423329
v -0.97993499 -0.422261268 0.229423329
v -1.05251813 -0.462522507 0.145370588
v -1.25936615 -0.462522656 0.145370588
v -1.33194911 -0.422255009 0.0849274844
v -1.33194911 -0.422255009 0.229423329
v -1.25936615 -0.462522656 0.145370588
v -1.25936615 -0.462522656 0.0849274844
v -1.22734177 0.376505792 0.0849274844
v -1.22682726 0.331500918 0.163609728
v -1.22682726 0.331500918 0.0849274844
v -1.22734177 0.376505792 0.158673212
v -1.24467552 0.544137955 0.0849274844
v -1.24467552 0.544137955 0.145370588
v -1.24467552 0.544137955 0.145370588
v -1.09567058 0.48946175 0.199570581
v -1.22734177 0.376505792 0.158673212
v -1.1332196 0.686584234 0.145370588
v -1.25936615 -0.462522656 0.145370588
v -1.05251813 -0.462522507 0.145370588
v -1.01840723 -0.474583358 0.199768782
v -1.30541611 -0.474583358 0.199768782
v -1.25936615 -0.462522656 0.145370588
v -1.30541611 -0.474583358 0.199768782
v -1.30541611 -0.474583358 0.0849274844
v -1.25936615 -0.462522656 0.0849274844
v -1.27102304 -0.875401974 0.185086787
v -0.965705454 -0.875401795 0.185086787
v -0.965705216 -0.908345222 0.185086787
v -1.27102304 -0.90834552 0.185086787
v -1.27102304 -0.875401974 0.0849274844
v -1.27102304 -0.875401974 0.185086787
v -1.27102304 -0.90834552 0.185086787
v -1.27102304 -0.90834552 0.0849274844
v -0.986569405 -0.917509794 0.146377996
v -1.27102304 -0.90834552 0.185086787
v -0.965705216 -0.908345222 0.185086787
v -1.23298049 -0.917509794 0.146377996
v -0.969091117 -0.985496104 0.146377996
v -1.07764161 -1.03007054 0.146377996
v -1.22533393 -0.980529845 0.146377996
v -0.914995193 -1.10183454 0.146377966
v -1.14855051 -1.14531147 0.146377966
v -1.24562502 -1.03909767 0.146377996
v -1.0839287 -1.14531147 0.0849274844
v -1.04559338 -1.14531147 0.146377966
v -1.0839287 -1.14531147 0.0849274844
v -1.04559338 -1.14531147 0.0849274844
v -0.978353322 -1.24166536 0.0849274844
v -0.859476507 -1.18345428 0.145870402
v -0.978353322 -1.24166536 0.145870715
v -0.978353322 -1.24166536 0.145870715
v -0.901823461 -1.33143795 0.0849274844
v -0.901823461 -1.33143783 0.145371199
v -0.901823461 -1.33143783 0.145371199
v -0.799657404 -1.25867832 0.145370588
v -0.813282073 -1.42709482 0.145371199
v -0.813282073 -1.42709482 0.0849274844
v -0.709793329 -1.51962459 0.0849274844
v -0.709793389 -1.51962459 0.145371199
v -0.723960638 -1.34429872 0.14537093
v -0.813282073 -1.42709482 0.145371199
v -0.597513556 -1.60570586 0.0849274844
v -0.597513616 -1.60570586 0.145370588
v -0.709793389 -1.51962459 0.145371199
v -0.632501841 -1.42697144 0.145371199
v -0.526967943 -1.51046991 0.145371199
v -0.597513616 -1.60570586 0.145370588
v -0.461812168 -1.69104552 0.145370588
v -0.461812109 -1.69104552 0.0849274844
v -0.328490585 -1.76236665 0.0849274844
v -0.328490645 -1.76236689 0.145370588
v -0.38951841 -1.59419799 0.145370901
v -0.461812168 -1.69104552 0.145370588
v -0.328490645 -1.76236689 0.145370588
v -0.252068937 -1.66121578 0.145370588
v -1.23298049 -0.917509794 0.146377996
v -1.27102304 -0.90834552 0.0849274844
v -1.27102304 -0.90834552 0.185086787
v -1.23298049 -0.917509794 0.0849274844
v -1.22533393 -0.980529845 0.146377996
v -1.22533393 -0.980529845 0.0849274844
v -1.24562502 -1.03909767 0.146377996
v -1.24562502 -1.03909767 0.0849274844
v -0.252068937 -1.66121578 0.145370588
v -0.38951838 -1.59419799 0.0849274844
v -0.252068877 -1.66121578 0.0849274844
v -0.38951841 -1.59419799 0.145370901
v -0.526967883 -1.51046991 0.0849274844
v -0.526967943 -1.51046991 0.145371199
v -0.632501841 -1.42697144 0.145371199
v -0.632501721 -1.42697144 0.0849274844
v -0.723960638 -1.34429872 0.0849274844
v -0.723960638 -1.34429872 0.14537093
v -0.799657404 -1.25867844 0.0849274844
v -0.799657404 -1.25867832 0.145370588
v -0.859476507 -1.18345428 0.145870402
v -0.859476507 -1.18345428 0.0849274844
v -0.914995253 -1.10183465 0.0849274844
v -0.914995193 -1.10183454 0.146377966
v -0.969091177 -0.985496104 0.0849274844
v -0.969091117 -0.985496104 0.146377996
v -0.986569405 -0.917509794 0.146377996
v -0.986569524 -0.917509794 0.0849274844
v -0.965705216 -0.908345222 0.185086787
v -0.965705216 -0.908345222 0.0849274844
v -1.07533455 0.331500918 0.0849274844
v -1.07533455 0.331500918 0.163610339
v -1.07047641 0.378259033 0.158673212
v -1.07047641 0.378259033 0.0849274844
v -1.04176784 0.475038826 0.145370588
v -1.04176784 0.475038826 0.0849274844
v -0.985729575 0.608269393 0.145370588
v -0.985729516 0.608269393 0.0849274844
v -0.918805897 0.733284354 0.145370588
v -0.918805838 0.733284354 0.0849274844
v -0.861370921 0.824423909 0.0849274844
v -0.861370921 0.824423909 0.145370588
v -0.789072871 0.930166066 0.145370588
v -0.789072871 0.930166066 0.0849274844
v -0.681663275 1.05656898 0.145370588
v -0.681663215 1.05656898 0.0849274844
v -0.560190558 1.15209663 0.0849274844
v -0.560190618 1.15209663 0.145370588
v -0.424699306 1.2160697 0.145370588
v -0.424699306 1.2160697 0.0849274844
v -0.274917573 1.26355529 0.0849274844
v -0.274917573 1.26355529 0.145370588
v -0.0824752823 1.28891146 0.145370588
v -0.0824752674 1.28891146 0.0849274844
v 4.73332806E-18 1.30596864 0.0849274844
v 6.23355658E-18 1.30596864 0.145370588
v -1.02182734 0.310671449 0.0849274844
v -1.07533455 0.331500918 0.163610339
v -1.07533455 0.331500918 0.0849274844
v -1.02182734 0.310671449 0.190189317
v -1.0209465 0.284052491 0.190189317
v -1.0209465 0.284052491 0.0849274844
v -1.05981851 0.246181712 0.0849274844
v -1.05981851 0.246181712 0.16081737
v -1.09388757 0.159543678 0.0849274844
v -1.09388757 0.159543678 0.145370588
v -1.10638535 0.0293808747 0.137311518
v -1.10638535 0.0293808747 0.0849274844
v -1.10858417 -0.0886502787 0.0849274844
v -1.10858417 -0.0886502787 0.132769585
v -1.10189879 -0.205454022 0.137311518
v -1.10189879 -0.205454022 0.0849274844
v -1.0841732 -0.310125947 0.0849274844
v -1.0841732 -0.310125947 0.145370588
v -1.04922569 -0.355505586 0.0849274844
v -1.04922569 -0.355505586 0.170207933
v -0.981746435 -0.400616378 0.0849274844
v -0.981746435 -0.400616378 0.229423329
v -0.97993499 -0.422261268 0.0849274844
v -0.97993499 -0.422261268 0.229423329
v -0.981746435 -0.400616378 0.229423329
v -0.981746435 -0.400616378 0.0849274844
v -1.05251813 -0.462522507 0.145370588
v -0.97993499 -0.422261268 0.229423329
v -0.97993499 -0.422261268 0.0849274844
v -1.05251813 -0.462522507 0.0849274844
v -1.01840723 -0.474583358 0.0849274844
v -1.01840723 -0.474583358 0.199768782
v -1.05251813 -0.462522507 0.145370588
v -1.05251813 -0.462522507 0.0849274844
v -1.06218255 -0.547045529 0.0849274844
v -1.01840723 -0.474583358 0.199768782
v -1.01840723 -0.474583358 0.0849274844
v -1.06218255 -0.547045529 0.162160143
v -1.06757998 -0.630462229 0.144702867
v -1.06757998 -0.630462229 0.0849274844
v -1.06500256 -0.743514001 0.0849274844
v -1.06500256 -0.743514001 0.140528679
v -1.0214113 -0.856437266 0.0849274844
v -1.0214113 -0.856437266 0.149328724
v -0.965705574 -0.875401795 0.0849274844
v -0.965705454 -0.875401795 0.185086787
v -0.965705216 -0.908345222 0.185086787
v -0.965705454 -0.875401795 0.185086787
v -0.965705574 -0.875401795 0.0849274844
v -0.965705216 -0.908345222 0.0849274844
v 1.22682726 0.331500918 0.163609728
v 1.28589058 0.310671449 0.190189317
v 1.02182734 0.310671449 0.190189317
v 1.07533455 0.331500918 0.163610339
v 1.30541611 -0.474583358 0.199768782
v 1.06218255 -0.547045529 0.162160143
v 1.01840723 -0.474583358 0.199768782
v 1.25681591 -0.547045648 0.162160143
v 1.06757998 -0.630462229 0.144702867
v 1.23904097 -0.628707469 0.144702867
v 1.22924089 -0.740004361 0.140528679
v 1.06500256 -0.743514001 0.140528679
v 1.0214113 -0.856437266 0.149328724
v 1.2276268 -0.856437564 0.149328724
v 0.965705454 -0.875401795 0.185086787
v 1.27102304 -0.875401974 0.185086787
v 1.22682726 0.331500918 0.0849274844
v 1.28589058 0.310671449 0.0849274844
v 1.28589058 0.310671449 0.190189317
v 1.22682726 0.331500918 0.163609728
v 1.30541611 -0.474583358 0.0849274844
v 1.25681591 -0.547045648 0.162160143
v 1.30541611 -0.474583358 0.199768782
v 1.25681591 -0.547045648 0.0849274844
v 1.23904097 -0.628707469 0.144702867
v 1.23904097 -0.628707469 0.0849274844
v 1.22924089 -0.740004361 0.0849274844
v 1.22924089 -0.740004361 0.140528679
v 1.2276268 -0.856437564 0.149328724
v 1.2276268 -0.856437564 0.0849274844
v 1.27102304 -0.875401974 0.185086787
v 1.27102304 -0.875401974 0.0849274844
v 1.24562502 -1.03909767 0.146377996
v 1.24562502 -1.03909767 0.0849274844
v 1.14855051 -1.14531147 0.0849274844
v 1.14855051 -1.14531147 0.146377966
v 1.1332196 0.686584234 0.145370588
v 1.09567058 0.48946175 0.199570581
v 1.0694555 0.482881844 0.145370588
v 1.22734177 0.376505792 0.158673212
v 1.1332196 0.686584234 0.0849274844
v 1.24467552 0.544137955 0.0849274844
v 1.24467552 0.544137955 0.145370588
v 1.1332196 0.686584234 0.145370588
v 1.07459366 0.810309172 0.145370588
v 1.07459366 0.810309172 0.0849274844
v 1.00907707 0.927576363 0.0849274844
v 1.00907707 0.927576363 0.145370588
v 0.922646224 1.05419838 0.0849274844
v 0.922646224 1.05419838 0.145370588
v 0.799842536 1.19260073 0.0849274844
v 0.799842536 1.19260073 0.145370588
v 0.664676547 1.32044435 0.0849274844
v 0.664676547 1.32044435 0.145370588
v 0.526453376 1.40915704 0.145370588
v 0.526453376 1.40915704 0.0849274844
v 0.334296674 1.49826539 0.0849274844
v 0.334296674 1.49826539 0.145370588
v 0.10028901 1.52973664 0.145370588
v 0.208310306 1.51488185 0.0849274844
v 0.211512804 1.66584563 0.0849274844
v 0.185643345 1.67700708 0.0849274844
v 0.16866909 1.74284267 0.0849274844
v 0.109135017 1.67120874 0.0849274844
v -0 1.66310632 0.0849274844
v 1.98506403E-19 1.5432241 0.145370588
v 0.0824752823 1.28891146 0.145370588
v 6.23355658E-18 1.30596864 0.145370588
v 0.334296674 1.49826539 0.145370588
v 0.274917573 1.26355529 0.145370588
v 0.424699306 1.2160697 0.145370588
v 0.526453376 1.40915704 0.145370588
v 0.560190618 1.15209663 0.145370588
v 0.664676547 1.32044435 0.145370588
v 0.681663275 1.05656898 0.145370588
v 0.799842536 1.19260073 0.145370588
v 0.922646224 1.05419838 0.145370588
v 0.789072871 0.930166066 0.145370588
v 0.861370921 0.824423909 0.145370588
v 1.00907707 0.927576363 0.145370588
v 0.918805897 0.733284354 0.145370588
v 1.07459366 0.810309172 0.145370588
v 0.985729575 0.608269393 0.145370588
v 1.1332196 0.686584234 0.145370588
v 1.04176784 0.475038826 0.145370588
v 1.0694555 0.482881844 0.145370588
v 1.22734177 0.376505792 0.158673212
v 1.07047641 0.378259033 0.158673212
v 1.07533455 0.331500918 0.163610339
v 1.22682726 0.331500918 0.163609728
v 1.28572512 0.284053415 0.190189317
v 1.05981851 0.246181712 0.16081737
v 1.0209465 0.284052491 0.190189317
v 1.25206554 0.246292338 0.16081737
v 1.09388757 0.159543678 0.145370588
v 1.22396636 0.15964058 0.145370588
v 1.10638535 0.0293808747 0.137311518
v 1.21837366 0.0294593032 0.137311518
v 1.2185818 -0.08859016 0.132769585
v 1.10858417 -0.0886502787 0.132769585
v 1.10189879 -0.205454022 0.137311518
v 1.22286034 -0.20541206 0.137311518
v 1.231691 -0.310102165 0.145370588
v 1.0841732 -0.310125947 0.145370588
v 1.04922569 -0.355505586 0.170207933
v 1.2626586 -0.355489403 0.170207933
v 0.981746435 -0.400616378 0.229423329
v 1.33013773 -0.400607824 0.229423329
v 1.28572512 0.284053415 0.190189317
v 1.28572512 0.284053415 0.0849274844
v 1.25206554 0.246292338 0.0849274844
v 1.25206554 0.246292338 0.16081737
v 1.22396636 0.15964058 0.145370588
v 1.22396636 0.15964058 0.0849274844
v 1.21837366 0.0294593032 0.137311518
v 1.21837366 0.0294593032 0.0849274844
v 1.2185818 -0.08859016 0.0849274844
v 1.2185818 -0.08859016 0.132769585
v 1.22286034 -0.20541206 0.137311518
v 1.22286034 -0.20541206 0.0849274844
v 1.231691 -0.310102165 0.0849274844
v 1.231691 -0.310102165 0.145370588
v 1.2626586 -0.355489403 0.170207933
v 1.2626586 -0.355489403 0.0849274844
v 1.33013773 -0.400607824 0.229423329
v 1.33013773 -0.400607824 0.0849274844
v 1.28589058 0.310671449 0.190189317
v 1.28572512 0.284053415 0.190189317
v 1.0209465 0.284052491 0.190189317
v 1.02182734 0.310671449 0.190189317
v 1.28589058 0.310671449 0.0849274844
v 1.28572512 0.284053415 0.0849274844
v 1.28572512 0.284053415 0.190189317
v 1.28589058 0.310671449 0.190189317
v 1.33013773 -0.400607824 0.229423329
v 1.33194911 -0.422255009 0.229423329
v 0.97993499 -0.422261268 0.229423329
v 0.981746435 -0.400616378 0.229423329
v 1.33013773 -0.400607824 0.0849274844
v 1.33194911 -0.422255009 0.0849274844
v 1.33194911 -0.422255009 0.229423329
v 1.33013773 -0.400607824 0.229423329
v 1.33194911 -0.422255009 0.229423329
v 1.25936615 -0.462522656 0.145370588
v 1.05251813 -0.462522507 0.145370588
v 0.97993499 -0.422261268 0.229423329
v 1.33194911 -0.422255009 0.0849274844
v 1.25936615 -0.462522656 0.0849274844
v 1.25936615 -0.462522656 0.145370588
v 1.33194911 -0.422255009 0.229423329
v 1.22734177 0.376505792 0.0849274844
v 1.22682726 0.331500918 0.0849274844
v 1.22682726 0.331500918 0.163609728
v 1.22734177 0.376505792 0.158673212
v 1.24467552 0.544137955 0.0849274844
v 1.24467552 0.544137955 0.145370588
v 1.24467552 0.544137955 0.145370588
v 1.22734177 0.376505792 0.158673212
v 1.09567058 0.48946175 0.199570581
v 1.1332196 0.686584234 0.145370588
v 1.25936615 -0.462522656 0.145370588
v 1.30541611 -0.474583358 0.199768782
v 1.01840723 -0.474583358 0.199768782
v 1.05251813 -0.462522507 0.145370588
v 1.25936615 -0.462522656 0.145370588
v 1.25936615 -0.462522656 0.0849274844
v 1.30541611 -0.474583358 0.0849274844
v 1.30541611 -0.474583358 0.199768782
v 1.27102304 -0.875401974 0.185086787
v 1.27102304 -0.90834552 0.185086787
v 0.965705216 -0.908345222 0.185086787
v 0.965705454 -0.875401795 0.185086787
v 1.27102304 -0.875401974 0.0849274844
v 1.27102304 -0.90834552 0.0849274844
v 1.27102304 -0.90834552 0.185086787
v 1.27102304 -0.875401974 0.185086787
v 0.986569405 -0.917509794 0.146377996
v 0.965705216 -0.908345222 0.185086787
v 1.27102304 -0.90834552 0.185086787
v 1.23298049 -0.917509794 0.146377996
v 0.969091117 -0.985496104 0.146377996
v 1.07764161 -1.03007054 0.146377996
v 1.22533393 -0.980529845 0.146377996
v 0.914995193 -1.10183454 0.146377966
v 1.14855051 -1.14531147 0.146377966
v 1.24562502 -1.03909767 0.146377996
v 1.04559338 -1.14531147 0.146377966
v 0.859476507 -1.18345428 0.145870402
v 0.978353322 -1.24166536 0.145870715
v 0.901823461 -1.33143783 0.145371199
v 0.799657404 -1.25867832 0.145370588
v 0.723960638 -1.34429872 0.14537093
v 0.813282073 -1.42709482 0.145371199
v 0.709793389 -1.51962459 0.145371199
v 0.632501841 -1.42697144 0.145371199
v 0.526967943 -1.51046991 0.145371199
v 0.597513616 -1.60570586 0.145370588
v 0.38951841 -1.59419799 0.145370901
v 0.461812168 -1.69104552 0.145370588
v 0.328490645 -1.76236689 0.145370588
v 0.252068937 -1.66121578 0.145370588
v 1.23298049 -0.917509794 0.146377996
v 1.27102304 -0.90834552 0.185086787
v 1.27102304 -0.90834552 0.0849274844
v 1.23298049 -0.917509794 0.0849274844
v 1.22533393 -0.980529845 0.146377996
v 1.22533393 -0.980529845 0.0849274844
v 1.24562502 -1.03909767 0.146377996
v 1.24562502 -1.03909767 0.0849274844
v 1.0839287 -1.14531147 0.0849274844
v 1.04559338 -1.14531147 0.146377966
v 1.07764161 -1.03007054 0.146377996
v 1.04559338 -1.14531147 0.0849274844
v 0.978353322 -1.24166536 0.0849274844
v 0.978353322 -1.24166536 0.145870715
v 0.901823461 -1.33143795 0.0849274844
v 0.901823461 -1.33143783 0.145371199
v 0.813282073 -1.42709482 0.145371199
v 0.813282073 -1.42709482 0.0849274844
v 0.709793329 -1.51962459 0.0849274844
v 0.709793389 -1.51962459 0.145371199
v 0.597513556 -1.60570586 0.0849274844
v 0.597513616 -1.60570586 0.145370588
v 0.461812168 -1.69104552 0.145370588
v 0.461812109 -1.69104552 0.0849274844
v 0.328490585 -1.76236665 0.0849274844
v 0.328490645 -1.76236689 0.145370588
v 0.252068937 -1.66121578 0.145370588
v 0.252068877 -1.66121578 0.0849274844
v 0.38951838 -1.59419799 0.0849274844
v 0.38951841 -1.59419799 0.145370901
v 0.526967883 -1.51046991 0.0849274844
v 0.526967943 -1.51046991 0.145371199
v 0.632501841 -1.42697144 0.145371199
v 0.632501721 -1.42697144 0.0849274844
v 0.723960638 -1.34429872 0.0849274844
v 0.723960638 -1.34429872 0.14537093
v 0.799657404 -1.25867844 0.0849274844
v 0.799657404 -1.25867832 0.145370588
v 0.859476507 -1.18345428 0.145870402
v 0.859476507 -1.18345428 0.0849274844
v 0.914995253 -1.10183465 0.0849274844
v 0.914995193 -1.10183454 0.146377966
v 0.969091177 -0.985496104 0.0849274844
v 0.969091117 -0.985496104 0.146377996
v 0.986569405 -0.917509794 0.146377996
v 0.986569524 -0.917509794 0.0849274844
v 0.965705216 -0.908345222 0.185086787
v 0.965705216 -0.908345222 0.0849274844
v 1.07533455 0.331500918 0.0849274844
v 1.07047641 0.378259033 0.158673212
v 1.07533455 0.331500918 0.163610339
v 1.07047641 0.378259033 0.0849274844
v 1.04176784 0.475038826 0.145370588
v 1.04176784 0.475038826 0.0849274844
v 0.985729575 0.608269393 0.145370588
v 0.985729516 0.608269393 0.0849274844
v 0.918805897 0.733284354 0.145370588
v 0.918805838 0.733284354 0.0849274844
v 0.861370921 0.824423909 0.0849274844
v 0.861370921 0.824423909 0.145370588
v 0.789072871 0.930166066 0.145370588
v 0.789072871 0.930166066 0.0849274844
v 0.681663275 1.05656898 0.145370588
v 0.681663215 1.05656898 0.0849274844
v 0.560190558 1.15209663 0.0849274844
v 0.560190618 1.15209663 0.145370588
v 0.424699306 1.2160697 0.145370588
v 0.424699306 1.2160697 0.0849274844
v 0.274917573 1.26355529 0.0849274844
v 0.274917573 1.26355529 0.145370588
v 0.0824752823 1.28891146 0.145370588
v 0.0824752674 1.28891146 0.0849274844
v 4.73332806E-18 1.30596864 0.0849274844
v 6.23355658E-18 1.30596864 0.145370588
v 1.02182734 0.310671449 0.0849274844
v 1.07533455 0.331500918 0.0849274844
v 1.07533455 0.331500918 0.163610339
v 1.02182734 0.310671449 0.190189317
v 1.0209465 0.284052491 0.190189317
v 1.0209465 0.284052491 0.0849274844
v 1.02182734 0.310671449 0.0849274844
v 1.02182734 0.310671449 0.190189317
v 1.05981851 0.246181712 0.0849274844
v 1.0209465 0.284052491 0.0849274844
v 1.0209465 0.284052491 0.190189317
v 1.05981851 0.246181712 0.16081737
v 1.09388757 0.159543678 0.0849274844
v 1.09388757 0.159543678 0.145370588
v 1.10638535 0.0293808747 0.137311518
v 1.10638535 0.0293808747 0.0849274844
v 1.10858417 -0.0886502787 0.0849274844
v 1.10858417 -0.0886502787 0.132769585
v 1.10189879 -0.205454022 0.137311518
v 1.10189879 -0.205454022 0.0849274844
v 1.0841732 -0.310125947 0.0849274844
v 1.0841732 -0.310125947 0.145370588
v 1.04922569 -0.355505586 0.0849274844
v 1.04922569 -0.355505586 0.170207933
v 0.981746435 -0.400616378 0.0849274844
v 0.981746435 -0.400616378 0.229423329
v 0.97993499 -0.422261268 0.0849274844
v 0.981746435 -0.400616378 0.0849274844
v 0.981746435 -0.400616378 0.229423329
v 0.97993499 -0.422261268 0.229423329
v 1.05251813 -0.462522507 0.145370588
v 1.05251813 -0.462522507 0.0849274844
v 0.97993499 -0.422261268 0.0849274844
v 0.97993499 -0.422261268 0.229423329
v 1.01840723 -0.474583358 0.0849274844
v 1.05251813 -0.462522507 0.0849274844
v 1.05251813 -0.462522507 0.145370588
v 1.01840723 -0.474583358 0.199768782
v 1.06218255 -0.547045529 0.0849274844
v 1.01840723 -0.474583358 0.0849274844
v 1.01840723 -0.474583358 0.199768782
v 1.06218255 -0.547045529 0.162160143
v 1.06757998 -0.630462229 0.144702867
v 1.06757998 -0.630462229 0.0849274844
v 1.06500256 -0.743514001 0.0849274844
v 1.06500256 -0.743514001 0.140528679
v 1.0214113 -0.856437266 0.0849274844
v 1.0214113 -0.856437266 0.149328724
v 0.965705574 -0.875401795 0.0849274844
v 0.965705454 -0.875401795 0.185086787
v 0.965705216 -0.908345222 0.185086787
v 0.965705216 -0.908345222 0.0849274844
v 0.965705574 -0.875401795 0.0849274844
v 0.965705454 -0.875401795 0.185086787
v -1.22682726 0.331500918 0.00624523405
v -1.02182734 0.310671449 -0.0203343593
v -1.07533455 0.331500918 0.00624462357
v -1.28589058 0.310671449 -0.0203343593
v -1.0209465 0.284052491 -0.0203343593
v -1.28572512 0.284053415 -0.0203343593
v -1.05981851 0.246181712 0.00903759245
v -1.25206554 0.246292338 0.00903759245
v -1.09388757 0.159543678 0.0244843699
v -1.22396636 0.15964058 0.0244843699
v -1.10638535 0.0293808747 0.0325434506
v -1.21837366 0.0294593032 0.0325434506
v -1.2185818 -0.08859016 0.0370853804
v -1.10858417 -0.0886502787 0.0370853804
v -1.10189879 -0.205454022 0.0325434506
v -1.22286034 -0.20541206 0.0325434506
v -1.231691 -0.310102165 0.0244843699
v -1.0841732 -0.310125947 0.0244843699
v -1.04922569 -0.355505586 -0.00035297632
v -1.2626586 -0.355489403 -0.00035297632
v -0.981746435 -0.400616378 -0.0595683642
v -1.33013773 -0.400607824 -0.0595683642
v -1.30541611 -0.474583358 -0.0299138278
v -1.06218255 -0.547045529 0.00769481901
v -1.01840723 -0.474583358 -0.0299138278
v -1.25681591 -0.547045648 0.00769481901
v -1.06757998 -0.630462229 0.0251520947
v -1.23904097 -0.628707469 0.0251520947
v -1.22924089 -0.740004361 0.029326288
v -1.06500256 -0.743514001 0.029326288
v -1.0214113 -0.856437266 0.0205262396
v -1.2276268 -0.856437564 0.0205262396
v -0.965705454 -0.875401795 -0.0152318208
v -1.27102304 -0.875401974 -0.0152318208
v -1.22682726 0.331500918 0.0849274844
v -1.28589058 0.310671449 -0.0203343593
v -1.22682726 0.331500918 0.00624523405
v -1.28589058 0.310671449 0.0849274844
v -1.28572512 0.284053415 -0.0203343593
v -1.28572512 0.284053415 0.0849274844
v -1.25206554 0.246292338 0.0849274844
v -1.25206554 0.246292338 0.00903759245
v -1.22396636 0.15964058 0.0244843699
v -1.22396636 0.15964058 0.0849274844
v -1.21837366 0.0294593032 0.0325434506
v -1.21837366 0.0294593032 0.0849274844
v -1.2185818 -0.08859016 0.0849274844
v -1.2185818 -0.08859016 0.0370853804
v -1.22286034 -0.20541206 0.0325434506
v -1.22286034 -0.20541206 0.0849274844
v -1.231691 -0.310102165 0.0849274844
v -1.231691 -0.310102165 0.0244843699
v -1.2626586 -0.355489403 -0.00035297632
v -1.2626586 -0.355489403 0.0849274844
v -1.33013773 -0.400607824 -0.0595683642
v -1.33013773 -0.400607824 0.0849274844
v -1.30541611 -0.474583358 0.0849274844
v -1.25681591 -0.547045648 0.00769481901
v -1.30541611 -0.474583358 -0.0299138278
v -1.25681591 -0.547045648 0.0849274844
v -1.23904097 -0.628707469 0.0251520947
v -1.23904097 -0.628707469 0.0849274844
v -1.22924089 -0.740004361 0.0849274844
v -1.22924089 -0.740004361 0.029326288
v -1.2276268 -0.856437564 0.0205262396
v -1.2276268 -0.856437564 0.0849274844
v -1.27102304 -0.875401974 -0.0152318208
v -1.27102304 -0.875401974 0.0849274844
v -1.24562502 -1.03909767 0.023476975
v -1.24562502 -1.03909767 0.0849274844
v -1.14855051 -1.14531147 0.0849274844
v -1.14855051 -1.14531147 0.0234769937
v -1.1332196 0.686584234 0.0244843699
v -1.09567058 0.48946175 -0.0297156163
v -1.0694555 0.482881844 0.0244843699
v -1.22734177 0.376505792 0.0111817569
v -1.1332196 0.686584234 0.0849274844
v -1.24467552 0.544137955 0.0849274844
v -1.24467552 0.544137955 0.0244843699
v -1.1332196 0.686584234 0.0244843699
v -1.07459366 0.810309172 0.0244843699
v -1.07459366 0.810309172 0.0849274844
v -1.00907707 0.927576363 0.0849274844
v -1.00907707 0.927576363 0.0244843699
v -0.922646224 1.05419838 0.0849274844
v -0.922646224 1.05419838 0.0244843699
v -0.799842536 1.19260073 0.0849274844
v -0.799842536 1.19260073 0.0244843699
v -0.664676547 1.32044435 0.0849274844
v -0.664676547 1.32044435 0.0244843699
v -0.526453376 1.40915704 0.0244843699
v -0.526453376 1.40915704 0.0849274844
v -0.334296674 1.49826539 0.0849274844
v -0.334296674 1.49826539 0.0244843699
v -0.10028901 1.52973664 0.0244843699
v -0.208310306 1.51488185 0.0849274844
v -0.211512804 1.66584563 0.0849274844
v -0.185643345 1.67700708 0.0849274844
v -0.16866909 1.74284267 0.0849274844
v -0.109135017 1.67120874 0.0849274844
v -0 1.66310632 0.0849274844
v -8.91597406E-19 1.5432241 0.0244843699
v -0.0824752823 1.28891146 0.0244843699
v -0 1.30596864 0.0244843699
v -0.334296674 1.49826539 0.0244843699
v -0.274917573 1.26355529 0.0244843699
v -0.424699306 1.2160697 0.0244843699
v -0.526453376 1.40915704 0.0244843699
v -0.560190618 1.15209663 0.0244843699
v -0.664676547 1.32044435 0.0244843699
v -0.681663275 1.05656898 0.0244843699
v -0.799842536 1.19260073 0.0244843699
v -0.922646224 1.05419838 0.0244843699
v -0.789072871 0.930166066 0.0244843699
v -0.861370921 0.824423909 0.0244843699
v -1.00907707 0.927576363 0.0244843699
v -0.918805897 0.733284354 0.0244844072
v -1.07459366 0.810309172 0.0244843699
v -0.985729575 0.608269393 0.0244843699
v -1.1332196 0.686584234 0.0244843699
v -1.04176784 0.475038826 0.0244843699
v -1.0694555 0.482881844 0.0244843699
v -1.22734177 0.376505792 0.0111817569
v -1.07047641 0.378259033 0.0111817569
v -1.07533455 0.331500918 0.00624462357
v -1.22682726 0.331500918 0.00624523405
v -1.33013773 -0.400607824 -0.0595683642
v -1.33194911 -0.422255009 -0.0595683642
v -0.97993499 -0.422261268 -0.0595683642
v -0.981746435 -0.400616378 -0.0595683642
v -1.33013773 -0.400607824 0.0849274844
v -1.33194911 -0.422255009 0.0849274844
v -1.33194911 -0.422255009 -0.0595683642
v -1.33013773 -0.400607824 -0.0595683642
v -1.33194911 -0.422255009 -0.0595683642
v -1.25936615 -0.462522656 0.0244843699
v -1.05251813 -0.462522507 0.0244843699
v -0.97993499 -0.422261268 -0.0595683642
v -1.33194911 -0.422255009 0.0849274844
v -1.25936615 -0.462522656 0.0849274844
v -1.25936615 -0.462522656 0.0244843699
v -1.33194911 -0.422255009 -0.0595683642
v -1.22734177 0.376505792 0.0849274844
v -1.22682726 0.331500918 0.0849274844
v -1.22682726 0.331500918 0.00624523405
v -1.22734177 0.376505792 0.0111817569
v -1.24467552 0.544137955 0.0849274844
v -1.24467552 0.544137955 0.0244843699
v -1.24467552 0.544137955 0.0244843699
v -1.22734177 0.376505792 0.0111817569
v -1.09567058 0.48946175 -0.0297156163
v -1.1332196 0.686584234 0.0244843699
v -1.25936615 -0.462522656 0.0244843699
v -1.30541611 -0.474583358 -0.0299138278
v -1.01840723 -0.474583358 -0.0299138278
v -1.05251813 -0.462522507 0.0244843699
v -1.25936615 -0.462522656 0.0244843699
v -1.25936615 -0.462522656 0.0849274844
v -1.30541611 -0.474583358 0.0849274844
v -1.30541611 -0.474583358 -0.0299138278
v -1.27102304 -0.875401974 -0.0152318208
v -1.27102304 -0.90834552 -0.0152318208
v -0.965705216 -0.908345222 -0.0152318208
v -0.965705454 -0.875401795 -0.0152318208
v -1.27102304 -0.875401974 0.0849274844
v -1.27102304 -0.90834552 0.0849274844
v -1.27102304 -0.90834552 -0.0152318208
v -1.27102304 -0.875401974 -0.0152318208
v -0.986569405 -0.917509794 0.023476975
v -0.965705216 -0.908345222 -0.0152318208
v -1.27102304 -0.90834552 -0.0152318208
v -1.23298049 -0.917509794 0.023476975
v -0.969091117 -0.985496104 0.0234769788
v -1.07764161 -1.03007054 0.0234769788
v -1.22533393 -0.980529845 0.023476975
v -0.914995193 -1.10183454 0.0234769937
v -1.14855051 -1.14531147 0.0234769937
v -1.24562502 -1.03909767 0.023476975
v -1.0839287 -1.14531147 0.0849274844
v -1.04559338 -1.14531147 0.0234769937
v -0.859476507 -1.18345428 0.0239845589
v -0.978353322 -1.24166536 0.0239842534
v -0.901823461 -1.33143783 0.024483759
v -0.799657404 -1.25867832 0.0244843699
v -0.723960638 -1.34429872 0.0244840346
v -0.813282073 -1.42709482 0.024483759
v -0.709793389 -1.51962459 0.024483759
v -0.632501841 -1.42697144 0.024483759
v -0.526967943 -1.51046991 0.024483759
v -0.597513616 -1.60570586 0.0244843699
v -0.38951841 -1.59419799 0.0244840644
v -0.461812168 -1.69104552 0.0244843699
v -0.328490645 -1.76236689 0.0244843699
v -0.252068937 -1.66121578 0.0244843699
v -1.23298049 -0.917509794 0.023476975
v -1.27102304 -0.90834552 -0.0152318208
v -1.27102304 -0.90834552 0.0849274844
v -1.23298049 -0.917509794 0.0849274844
v -1.22533393 -0.980529845 0.023476975
v -1.22533393 -0.980529845 0.0849274844
v -1.24562502 -1.03909767 0.023476975
v -1.24562502 -1.03909767 0.0849274844
v -1.0839287 -1.14531147 0.0849274844
v -1.04559338 -1.14531147 0.0234769937
v -1.07764161 -1.03007054 0.0234769788
v -1.04559338 -1.14531147 0.0849274844
v -0.978353322 -1.24166536 0.0849274844
v -0.978353322 -1.24166536 0.0239842534
v -0.901823461 -1.33143795 0.0849274844
v -0.901823461 -1.33143783 0.024483759
v -0.813282073 -1.42709482 0.024483759
v -0.813282073 -1.42709482 0.0849274844
v -0.709793329 -1.51962459 0.0849274844
v -0.709793389 -1.51962459 0.024483759
v -0.597513556 -1.60570586 0.0849274844
v -0.597513616 -1.60570586 0.0244843699
v -0.461812168 -1.69104552 0.0244843699
v -0.461812109 -1.69104552 0.0849274844
v -0.328490585 -1.76236665 0.0849274844
v -0.328490645 -1.76236689 0.0244843699
v -0.252068937 -1.66121578 0.0244843699
v -0.252068877 -1.66121578 0.0849274844
v -0.38951838 -1.59419799 0.0849274844
v -0.38951841 -1.59419799 0.0244840644
v -0.526967883 -1.51046991 0.0849274844
v -0.526967943 -1.51046991 0.024483759
v -0.632501841 -1.42697144 0.024483759
v -0.632501721 -1.42697144 0.0849274844
v -0.723960638 -1.34429872 0.0849274844
v -0.723960638 -1.34429872 0.0244840346
v -0.799657404 -1.25867844 0.0849274844
v -0.799657404 -1.25867832 0.0244843699
v -0.859476507 -1.18345428 0.0239845589
v -0.859476507 -1.18345428 0.0849274844
v -0.914995253 -1.10183465 0.0849274844
v -0.914995193 -1.10183454 0.0234769937
v -0.969091177 -0.985496104 0.0849274844
v -0.969091117 -0.985496104 0.0234769788
v -0.986569405 -0.917509794 0.023476975
v -0.986569524 -0.917509794 0.0849274844
v -0.965705216 -0.908345222 -0.0152318208
v -0.965705216 -0.908345222 0.0849274844
v -1.07533455 0.331500918 0.0849274844
v -1.07047641 0.378259033 0.0111817569
v -1.07533455 0.331500918 0.00624462357
v -1.07047641 0.378259033 0.0849274844
v -1.04176784 0.475038826 0.0244843699
v -1.04176784 0.475038826 0.0849274844
v -0.985729575 0.608269393 0.0244843699
v -0.985729516 0.608269393 0.0849274844
v -0.918805897 0.733284354 0.0244844072
v -0.918805838 0.733284354 0.0849274844
v -0.861370921 0.824423909 0.0849274844
v -0.861370921 0.824423909 0.0244843699
v -0.789072871 0.930166066 0.0244843699
v -0.789072871 0.930166066 0.0849274844
v -0.681663275 1.05656898 0.0244843699
v -0.681663215 1.05656898 0.0849274844
v -0.560190558 1.15209663 0.0849274844
v -0.560190618 1.15209663 0.0244843699
v -0.424699306 1.2160697 0.0244843699
v -0.424699306 1.2160697 0.0849274844
v -0.274917573 1.26355529 0.0849274844
v -0.274917573 1.26355529 0.0244843699
v -0.0824752823 1.28891146 0.0244843699
v -0.0824752674 1.28891146 0.0849274844
v 4.73332806E-18 1.30596864 0.0849274844
v -0 1.30596864 0.0244843699
v -1.02182734 0.310671449 0.0849274844
v -1.07533455 0.331500918 0.0849274844
v -1.07533455 0.331500918 0.00624462357
v -1.02182734 0.310671449 -0.0203343593
v -1.0209465 0.284052491 -0.0203343593
v -1.0209465 0.284052491 0.0849274844
v -1.05981851 0.246181712 0.0849274844
v -1.05981851 0.246181712 0.00903759245
v -1.09388757 0.159543678 0.0849274844
v -1.09388757 0.159543678 0.0244843699
v -1.10638535 0.0293808747 0.0325434506
v -1.10638535 0.0293808747 0.0849274844
v -1.10858417 -0.0886502787 0.0849274844
v -1.10858417 -0.0886502787 0.0370853804
v -1.10189879 -0.205454022 0.0325434506
v -1.10189879 -0.205454022 0.0849274844
v -1.0841732 -0.310125947 0.0849274844
v -1.0841732 -0.310125947 0.0244843699
v -1.04922569 -0.355505586 0.0849274844
v -1.04922569 -0.355505586 -0.00035297632
v -0.981746435 -0.400616378 0.0849274844
v -0.981746435 -0.400616378 -0.0595683642
v -0.97993499 -0.422261268 0.0849274844
v -0.981746435 -0.400616378 0.0849274844
v -0.981746435 -0.400616378 -0.0595683642
v -0.97993499 -0.422261268 -0.0595683642
v -1.05251813 -0.462522507 0.0244843699
v -1.05251813 -0.462522507 0.0849274844
v -0.97993499 -0.422261268 0.0849274844
v -0.97993499 -0.422261268 -0.0595683642
v -1.01840723 -0.474583358 0.0849274844
v -1.05251813 -0.462522507 0.0849274844
v -1.05251813 -0.462522507 0.0244843699
v -1.01840723 -0.474583358 -0.0299138278
v -1.06218255 -0.547045529 0.0849274844
v -1.01840723 -0.474583358 0.0849274844
v -1.01840723 -0.474583358 -0.0299138278
v -1.06218255 -0.547045529 0.00769481901
v -1.06757998 -0.630462229 0.0251520947
v -1.06757998 -0.630462229 0.0849274844
v -1.06500256 -0.743514001 0.0849274844
v -1.06500256 -0.743514001 0.029326288
v -1.0214113 -0.856437266 0.0849274844
v -1.0214113 -0.856437266 0.0205262396
v -0.965705574 -0.875401795 0.0849274844
v -0.965705454 -0.875401795 -0.0152318208
v -0.965705216 -0.908345222 -0.0152318208
v -0.965705216 -0.908345222 0.0849274844
v -0.965705574 -0.875401795 0.0849274844
v -0.965705454 -0.875401795 -0.0152318208
v 1.22682726 0.331500918 0.00624523405
v 1.07533455 0.331500918 0.00624462357
v 1.02182734 0.310671449 -0.0203343593
v 1.28589058 0.310671449 -0.0203343593
v 1.30541611 -0.474583358 -0.0299138278
v 1.01840723 -0.474583358 -0.0299138278
v 1.06218255 -0.547045529 0.00769481901
v 1.25681591 -0.547045648 0.00769481901
v 1.06757998 -0.630462229 0.0251520947
v 1.23904097 -0.628707469 0.0251520947
v 1.22924089 -0.740004361 0.029326288
v 1.06500256 -0.743514001 0.029326288
v 1.0214113 -0.856437266 0.0205262396
v 1.2276268 -0.856437564 0.0205262396
v 0.965705454 -0.875401795 -0.0152318208
v 1.27102304 -0.875401974 -0.0152318208
v 1.22682726 0.331500918 0.0849274844
v 1.22682726 0.331500918 0.00624523405
v 1.28589058 0.310671449 -0.0203343593
v 1.28589058 0.310671449 0.0849274844
v 1.30541611 -0.474583358 0.0849274844
v 1.30541611 -0.474583358 -0.0299138278
v 1.25681591 -0.547045648 0.00769481901
v 1.25681591 -0.547045648 0.0849274844
v 1.23904097 -0.628707469 0.0251520947
v 1.23904097 -0.628707469 0.0849274844
v 1.22924089 -0.740004361 0.0849274844
v 1.22924089 -0.740004361 0.029326288
v 1.2276268 -0.856437564 0.0205262396
v 1.2276268 -0.856437564 0.0849274844
v 1.27102304 -0.875401974 -0.0152318208
v 1.27102304 -0.875401974 0.0849274844
v 1.24562502 -1.03909767 0.023476975
v 1.14855051 -1.14531147 0.0234769937
v 1.14855051 -1.14531147 0.0849274844
v 1.24562502 -1.03909767 0.0849274844
v 1.1332196 0.686584234 0.0244843699
v 1.0694555 0.482881844 0.0244843699
v 1.09567058 0.48946175 -0.0297156163
v 1.22734177 0.376505792 0.0111817569
v 1.1332196 0.686584234 0.0849274844
v 1.24467552 0.544137955 0.0244843699
v 1.24467552 0.544137955 0.0849274844
v 1.1332196 0.686584234 0.0244843699
v 1.07459366 0.810309172 0.0244843699
v 1.07459366 0.810309172 0.0849274844
v 1.00907707 0.927576363 0.0849274844
v 1.00907707 0.927576363 0.0244843699
v 0.922646224 1.05419838 0.0849274844
v 0.922646224 1.05419838 0.0244843699
v 0.799842536 1.19260073 0.0849274844
v 0.799842536 1.19260073 0.0244843699
v 0.664676547 1.32044435 0.0849274844
v 0.664676547 1.32044435 0.0244843699
v 0.526453376 1.40915704 0.0244843699
v 0.526453376 1.40915704 0.0849274844
v 0.334296674 1.49826539 0.0849274844
v 0.334296674 1.49826539 0.0244843699
v 0.10028901 1.52973664 0.0244843699
v 0.208310306 1.51488185 0.0849274844
v 0.211512804 1.66584563 0.0849274844
v 0.185643345 1.67700708 0.0849274844
v 0.16866909 1.74284267 0.0849274844
v 0.109135017 1.67120874 0.0849274844
v -0 1.66310632 0.0849274844
v -8.91597406E-19 1.5432241 0.0244843699
v 0.0824752823 1.28891146 0.0244843699
v -0 1.30596864 0.0244843699
v 0.334296674 1.49826539 0.0244843699
v 0.274917573 1.26355529 0.0244843699
v 0.424699306 1.2160697 0.0244843699
v 0.526453376 1.40915704 0.0244843699
v 0.560190618 1.15209663 0.0244843699
v 0.664676547 1.32044435 0.0244843699
v 0.681663275 1.05656898 0.0244843699
v 0.799842536 1.19260073 0.0244843699
v 0.922646224 1.05419838 0.0244843699
v 0.789072871 0.930166066 0.0244843699
v 0.861370921 0.824423909 0.0244843699
v 1.00907707 0.927576363 0.0244843699
v 0.918805897 0.733284354 0.0244843699
v 1.07459366 0.810309172 0.0244843699
v 0.985729575 0.608269393 0.0244843699
v 1.1332196 0.686584234 0.0244843699
v 1.04176784 0.475038826 0.0244843699
v 1.0694555 0.482881844 0.0244843699
v 1.22734177 0.376505792 0.0111817569
v 1.07047641 0.378259033 0.0111817569
v 1.07533455 0.331500918 0.00624462357
v 1.22682726 0.331500918 0.00624523405
v 1.28572512 0.284053415 -0.0203343593
v 1.0209465 0.284052491 -0.0203343593
v 1.05981851 0.246181712 0.00903759245
v 1.25206554 0.246292338 0.00903759245
v 1.09388757 0.159543678 0.0244843699
v 1.22396636 0.15964058 0.0244843699
v 1.10638535 0.0293808747 0.0325434506
v 1.21837366 0.0294593032 0.0325434506
v 1.2185818 -0.08859016 0.0370853804
v 1.10858417 -0.0886502787 0.0370853804
v 1.10189879 -0.205454022 0.0325434506
v 1.22286034 -0.20541206 0.0325434506
v 1.231691 -0.310102165 0.0244843699
v 1.0841732 -0.310125947 0.0244843699
v 1.04922569 -0.355505586 -0.00035297632
v 1.2626586 -0.355489403 -0.00035297632
v 0.981746435 -0.400616378 -0.0595683642
v 1.33013773 -0.400607824 -0.0595683642
v 1.28572512 0.284053415 -0.0203343593
v 1.25206554 0.246292338 0.0849274844
v 1.28572512 0.284053415 0.0849274844
v 1.25206554 0.246292338 0.00903759245
v 1.22396636 0.15964058 0.0244843699
v 1.22396636 0.15964058 0.0849274844
v 1.21837366 0.0294593032 0.0325434506
v 1.21837366 0.0294593032 0.0849274844
v 1.2185818 -0.08859016 0.0849274844
v 1.2185818 -0.08859016 0.0370853804
v 1.22286034 -0.20541206 0.0325434506
v 1.22286034 -0.20541206 0.0849274844
v 1.231691 -0.310102165 0.0849274844
v 1.231691 -0.310102165 0.0244843699
v 1.2626586 -0.355489403 -0.00035297632
v 1.2626586 -0.355489403 0.0849274844
v 1.33013773 -0.400607824 -0.0595683642
v 1.33013773 -0.400607824 0.0849274844
v 1.28589058 0.310671449 -0.0203343593
v 1.02182734 0.310671449 -0.0203343593
v 1.0209465 0.284052491 -0.0203343593
v 1.28572512 0.284053415 -0.0203343593
v 1.28589058 0.310671449 0.0849274844
v 1.28589058 0.310671449 -0.0203343593
v 1.28572512 0.284053415 -0.0203343593
v 1.28572512 0.284053415 0.0849274844
v 1.33013773 -0.400607824 -0.0595683642
v 0.981746435 -0.400616378 -0.0595683642
v 0.97993499 -0.422261268 -0.0595683642
v 1.33194911 -0.422255009 -0.0595683642
v 1.33013773 -0.400607824 0.0849274844
v 1.33013773 -0.400607824 -0.0595683642
v 1.33194911 -0.422255009 -0.0595683642
v 1.33194911 -0.422255009 0.0849274844
v 1.33194911 -0.422255009 -0.0595683642
v 0.97993499 -0.422261268 -0.0595683642
v 1.05251813 -0.462522507 0.0244843699
v 1.25936615 -0.462522656 0.0244843699
v 1.33194911 -0.422255009 0.0849274844
v 1.33194911 -0.422255009 -0.0595683642
v 1.25936615 -0.462522656 0.0244843699
v 1.25936615 -0.462522656 0.0849274844
v 1.22734177 0.376505792 0.0849274844
v 1.22682726 0.331500918 0.00624523405
v 1.22682726 0.331500918 0.0849274844
v 1.22734177 0.376505792 0.0111817569
v 1.24467552 0.544137955 0.0849274844
v 1.24467552 0.544137955 0.0244843699
v 1.24467552 0.544137955 0.0244843699
v 1.09567058 0.48946175 -0.0297156163
v 1.22734177 0.376505792 0.0111817569
v 1.1332196 0.686584234 0.0244843699
v 1.25936615 -0.462522656 0.0244843699
v 1.05251813 -0.462522507 0.0244843699
v 1.01840723 -0.474583358 -0.0299138278
v 1.30541611 -0.474583358 -0.0299138278
v 1.25936615 -0.462522656 0.0244843699
v 1.30541611 -0.474583358 -0.0299138278
v 1.30541611 -0.474583358 0.0849274844
v 1.25936615 -0.462522656 0.0849274844
v 1.27102304 -0.875401974 -0.0152318208
v 0.965705454 -0.875401795 -0.0152318208
v 0.965705216 -0.908345222 -0.0152318208
v 1.27102304 -0.90834552 -0.0152318208
v 1.27102304 -0.875401974 0.0849274844
v 1.27102304 -0.875401974 -0.0152318208
v 1.27102304 -0.90834552 -0.0152318208
v 1.27102304 -0.90834552 0.0849274844
v 0.986569405 -0.917509794 0.023476975
v 1.27102304 -0.90834552 -0.0152318208
v 0.965705216 -0.908345222 -0.0152318208
v 1.23298049 -0.917509794 0.023476975
v 0.969091117 -0.985496104 0.0234769788
v 1.07764161 -1.03007054 0.0234769788
v 1.22533393 -0.980529845 0.023476975
v 0.914995193 -1.10183454 0.0234769937
v 1.14855051 -1.14531147 0.0234769937
v 1.24562502 -1.03909767 0.023476975
v 1.04559338 -1.14531147 0.0234769937
v 0.859476507 -1.18345428 0.0239845589
v 0.978353322 -1.24166536 0.0239842534
v 0.901823461 -1.33143783 0.024483759
v 0.799657404 -1.25867832 0.0244843699
v 0.723960638 -1.34429872 0.0244840346
v 0.813282073 -1.42709482 0.024483759
v 0.709793389 -1.51962459 0.024483759
v 0.632501841 -1.42697144 0.024483759
v 0.526967943 -1.51046991 0.024483759
v 0.597513616 -1.60570586 0.0244843699
v 0.38951841 -1.59419799 0.0244840644
v 0.461812168 -1.69104552 0.0244843699
v 0.328490645 -1.76236689 0.0244843699
v 0.252068937 -1.66121578 0.0244843699
v 1.23298049 -0.917509794 0.023476975
v 1.27102304 -0.90834552 0.0849274844
v 1.27102304 -0.90834552 -0.0152318208
v 1.23298049 -0.917509794 0.0849274844
v 1.22533393 -0.980529845 0.023476975
v 1.22533393 -0.980529845 0.0849274844
v 1.24562502 -1.03909767 0.023476975
v 1.24562502 -1.03909767 0.0849274844
v 1.0839287 -1.14531147 0.0849274844
v 1.07764161 -1.03007054 0.0234769788
v 1.04559338 -1.14531147 0.0234769937
v 1.04559338 -1.14531147 0.0849274844
v 0.978353322 -1.24166536 0.0849274844
v 0.978353322 -1.24166536 0.0239842534
v 0.901823461 -1.33143795 0.0849274844
v 0.901823461 -1.33143783 0.024483759
v 0.813282073 -1.42709482 0.024483759
v 0.813282073 -1.42709482 0.0849274844
v 0.709793329 -1.51962459 0.0849274844
v 0.709793389 -1.51962459 0.024483759
v 0.597513556 -1.60570586 0.0849274844
v 0.597513616 -1.60570586 0.0244843699
v 0.461812168 -1.69104552 0.0244843699
v 0.461812109 -1.69104552 0.0849274844
v 0.328490585 -1.76236665 0.0849274844
v 0.328490645 -1.76236689 0.0244843699
v 0.252068937 -1.66121578 0.0244843699
v 0.38951838 -1.59419799 0.0849274844
v 0.252068877 -1.66121578 0.0849274844
v 0.38951841 -1.59419799 0.0244840644
v 0.526967883 -1.51046991 0.0849274844
v 0.526967943 -1.51046991 0.024483759
v 0.632501841 -1.42697144 0.024483759
v 0.632501721 -1.42697144 0.0849274844
v 0.723960638 -1.34429872 0.0849274844
v 0.723960638 -1.34429872 0.0244840346
v 0.799657404 -1.25867844 0.0849274844
v 0.799657404 -1.25867832 0.0244843699
v 0.859476507 -1.18345428 0.0239845589
v 0.859476507 -1.18345428 0.0849274844
v 0.914995253 -1.10183465 0.0849274844
v 0.914995193 -1.10183454 0.0234769937
v 0.969091177 -0.985496104 0.0849274844
v 0.969091117 -0.985496104 0.0234769788
v 0.986569405 -0.917509794 0.023476975
v 0.986569524 -0.917509794 0.0849274844
v 0.965705216 -0.908345222 -0.0152318208
v 0.965705216 -0.908345222 0.0849274844
v 1.07533455 0.331500918 0.0849274844
v 1.07533455 0.331500918 0.00624462357
v 1.07047641 0.378259033 0.0111817569
v 1.07047641 0.378259033 0.0849274844
v 1.04176784 0.475038826 0.0244843699
v 1.04176784 0.475038826 0.0849274844
v 0.985729575 0.608269393 0.0244843699
v 0.985729516 0.608269393 0.0849274844
v 0.918805897 0.733284354 0.0244843699
v 0.918805838 0.733284354 0.0849274844
v 0.861370921 0.824423909 0.0849274844
v 0.861370921 0.824423909 0.0244843699
v 0.789072871 0.930166066 0.0244843699
v 0.789072871 0.930166066 0.0849274844
v 0.681663275 1.05656898 0.0244843699
v 0.681663215 1.05656898 0.0849274844
v 0.560190558 1.15209663 0.0849274844
v 0.560190618 1.15209663 0.0244843699
v 0.424699306 1.2160697 0.0244843699
v 0.424699306 1.2160697 0.0849274844
v 0.274917573 1.26355529 0.0849274844
v 0.274917573 1.26355529 0.0244843699
v 0.0824752823 1.28891146 0.0244843699
v 0.0824752674 1.28891146 0.0849274844
v 4.73332806E-18 1.30596864 0.0849274844
v -0 1.30596864 0.0244843699
v 1.02182734 0.310671449 0.0849274844
v 1.02182734 0.310671449 -0.0203343593
v 1.07533455 0.331500918 0.00624462357
v 1.07533455 0.331500918 0.0849274844
v 1.0209465 0.284052491 -0.0203343593
v 1.02182734 0.310671449 -0.0203343593
v 1.02182734 0.310671449 0.0849274844
v 1.0209465 0.284052491 0.0849274844
v 1.05981851 0.246181712 0.0849274844
v 1.0209465 0.284052491 -0.0203343593
v 1.0209465 0.284052491 0.0849274844
v 1.05981851 0.246181712 0.00903759245
v 1.09388757 0.159543678 0.0849274844
v 1.09388757 0.159543678 0.0244843699
v 1.10638535 0.0293808747 0.0325434506
v 1.10638535 0.0293808747 0.0849274844
v 1.10858417 -0.0886502787 0.0849274844
v 1.10858417 -0.0886502787 0.0370853804
v 1.10189879 -0.205454022 0.0325434506
v 1.10189879 -0.205454022 0.0849274844
v 1.0841732 -0.310125947 0.0849274844
v 1.0841732 -0.310125947 0.0244843699
v 1.04922569 -0.355505586 0.0849274844
v 1.04922569 -0.355505586 -0.00035297632
v 0.981746435 -0.400616378 0.0849274844
v 0.981746435 -0.400616378 -0.0595683642
v 0.97993499 -0.422261268 0.0849274844
v 0.97993499 -0.422261268 -0.0595683642
v 0.981746435 -0.400616378 -0.0595683642
v 0.981746435 -0.400616378 0.0849274844
v 1.05251813 -0.462522507 0.0244843699
v 0.97993499 -0.422261268 -0.0595683642
v 0.97993499 -0.422261268 0.0849274844
v 1.05251813 -0.462522507 0.0849274844
v 1.01840723 -0.474583358 0.0849274844
v 1.01840723 -0.474583358 -0.0299138278
v 1.05251813 -0.462522507 0.0244843699
v 1.05251813 -0.462522507 0.0849274844
v 1.06218255 -0.547045529 0.0849274844
v 1.01840723 -0.474583358 -0.0299138278
v 1.01840723 -0.474583358 0.0849274844
v 1.06218255 -0.547045529 0.00769481901
v 1.06757998 -0.630462229 0.0251520947
v 1.06757998 -0.630462229 0.0849274844
v 1.06500256 -0.743514001 0.0849274844
v 1.06500256 -0.743514001 0.029326288
v 1.0214113 -0.856437266 0.0849274844
v 1.0214113 -0.856437266 0.0205262396
v 0.965705574 -0.875401795 0.0849274844
v 0.965705454 -0.875401795 -0.0152318208
v 0.965705216 -0.908345222 -0.0152318208
v 0.965705454 -0.875401795 -0.0152318208
v 0.965705574 -0.875401795 0.0849274844
v 0.965705216 -0.908345222 0.0849274844
v 4.87586244E-18 -1.69198239 0.178956822
v -0.0506253801 -1.62646699 0.0849282146
v 8.881784E-18 -1.6632272 0.0849282146
v -0.0506253913 -1.65522218 0.178956822
v -0.109794393 -1.62800658 0.178956822
v -0.109794378 -1.59925139 0.0849282146
v -0.185902476 -1.58940971 0.0849282146
v -0.185902491 -1.6181649 0.178956822
v -0.25640896 -1.62515688 0.178956822
v -0.25640896 -1.59640169 0.0849282146
v -0.32498458 -1.65357018 0.178956822
v -0.32498455 -1.62481499 0.0849282146
v -0.395713151 -1.7295202 0.178956822
v -0.430415988 -1.73039854 0.0849282146
v -0.271527499 -1.74964869 0.178956822
v -0.312336564 -1.79974329 0.178956822
v -0.329677641 -1.77256799 0.178956822
v -0.348839134 -1.75531769 0.178956822
v -0.32498458 -1.65357018 0.178956822
v -0.370845318 -1.74157166 0.178956822
v -0.395713151 -1.7295202 0.178956822
v -0.25640896 -1.62515688 0.178956822
v -0.185902491 -1.6181649 0.178956822
v -0.227262378 -1.73414791 0.178956822
v -0.19814308 -1.73406219 0.178956822
v -0.161154807 -1.74654412 0.178956822
v -0.121359088 -1.77119172 0.178956822
v -0.109794393 -1.62800658 0.178956822
v -0.0739375502 -1.82601893 0.178956822
v -0.0506253913 -1.65522218 0.178956822
v 4.87586244E-18 -1.69198239 0.178956822
v -0.0286471434 -1.88294673 0.178956822
v -3.77859283E-19 -1.90040159 0.178956822
v -0.0307071824 -1.92743587 0.0849282146
v -3.77859283E-19 -1.90040159 0.178956822
v 6.68336499E-19 -1.95170867 0.0849282146
v -0.0286471434 -1.88294673 0.178956822
v -0.0758674592 -1.86536276 0.0849282146
v -0.0739375502 -1.82601893 0.178956822
v -0.121359088 -1.77119172 0.178956822
v -0.124257103 -1.80352354 0.0849282146
v -0.161154807 -1.74654412 0.178956822
v -0.162603796 -1.77771139 0.0849282146
v -0.198143065 -1.76406527 0.0849282146
v -0.19814308 -1.73406219 0.178956822
v -0.227262378 -1.73414791 0.178956822
v -0.227262378 -1.76415062 0.0849282146
v -0.271527469 -1.7796514 0.0849282146
v -0.271527499 -1.74964869 0.178956822
v -0.312336504 -1.82898283 0.0849282146
v -0.312336564 -1.79974329 0.178956822
v -0.329677641 -1.77256799 0.178956822
v -0.312336564 -1.79974329 0.178956822
v -0.312336504 -1.82898283 0.0849282146
v -0.336209893 -1.79233027 0.0849282146
v -0.348839134 -1.75531769 0.178956822
v -0.360619605 -1.76746547 0.0849282146
v -0.370845318 -1.74157166 0.178956822
v -0.393292069 -1.74847555 0.0849282146
v -0.395713151 -1.7295202 0.178956822
v -0.430415988 -1.73039854 0.0849282146
v 4.87586244E-18 -1.69198239 0.178956822
v 8.881784E-18 -1.6632272 0.0849282146
v 0.0506253801 -1.62646699 0.0849282146
v 0.0506253913 -1.65522218 0.178956822
v 0.109794393 -1.62800658 0.178956822
v 0.109794378 -1.59925139 0.0849282146
v 0.185902476 -1.58940971 0.0849282146
v 0.185902491 -1.6181649 0.178956822
v 0.25640896 -1.62515688 0.178956822
v 0.25640896 -1.59640169 0.0849282146
v 0.32498458 -1.65357018 0.178956822
v 0.32498455 -1.62481499 0.0849282146
v 0.395713151 -1.7295202 0.178956822
v 0.430415988 -1.73039854 0.0849282146
v 0.271527499 -1.74964869 0.178956822
v 0.329677641 -1.77256799 0.178956822
v 0.312336564 -1.79974329 0.178956822
v 0.348839134 -1.75531769 0.178956822
v 0.32498458 -1.65357018 0.178956822
v 0.370845318 -1.74157166 0.178956822
v 0.395713151 -1.7295202 0.178956822
v 0.25640896 -1.62515688 0.178956822
v 0.185902491 -1.6181649 0.178956822
v 0.227262378 -1.73414791 0.178956822
v 0.19814308 -1.73406219 0.178956822
v 0.161154807 -1.74654412 0.178956822
v 0.121359088 -1.77119172 0.178956822
v 0.109794393 -1.62800658 0.178956822
v 0.0739375502 -1.82601893 0.178956822
v 0.0506253913 -1.65522218 0.178956822
v 4.87586244E-18 -1.69198239 0.178956822
v 0.0286471434 -1.88294673 0.178956822
v -3.77859283E-19 -1.90040159 0.178956822
v 0.0307071824 -1.92743587 0.0849282146
v 6.68336499E-19 -1.95170867 0.0849282146
v -3.77859283E-19 -1.90040159 0.178956822
v 0.0286471434 -1.88294673 0.178956822
v 0.0758674592 -1.86536276 0.0849282146
v 0.0739375502 -1.82601893 0.178956822
v 0.121359088 -1.77119172 0.178956822
v 0.124257103 -1.80352354 0.0849282146
v 0.161154807 -1.74654412 0.178956822
v 0.162603796 -1.77771139 0.0849282146
v 0.198143065 -1.76406527 0.0849282146
v 0.19814308 -1.73406219 0.178956822
v 0.227262378 -1.73414791 0.178956822
v 0.227262378 -1.76415062 0.0849282146
v 0.271527469 -1.7796514 0.0849282146
v 0.271527499 -1.74964869 0.178956822
v 0.312336504 -1.82898283 0.0849282146
v 0.312336564 -1.79974329 0.178956822
v 0.329677641 -1.77256799 0.178956822
v 0.312336504 -1.82898283 0.0849282146
v 0.312336564 -1.79974329 0.178956822
v 0.336209893 -1.79233027 0.0849282146
v 0.348839134 -1.75531769 0.178956822
v 0.360619605 -1.76746547 0.0849282146
v 0.370845318 -1.74157166 0.178956822
v 0.393292069 -1.74847555 0.0849282146
v 0.395713151 -1.7295202 0.178956822
v 0.430415988 -1.73039854 0.0849282146
v 1.48029668E-18 -1.69198239 -0.00910071563
v 8.881784E-18 -1.6632272 0.0849282146
v -0.0506253801 -1.62646699 0.0849282146
v -0.0506253913 -1.65522218 -0.00910071563
v -0.109794393 -1.62800658 -0.00910071563
v -0.109794378 -1.59925139 0.0849282146
v -0.185902476 -1.58940971 0.0849282146
v -0.185902491 -1.6181649 -0.00910010561
v -0.25640896 -1.62515688 -0.00910010561
v -0.25640896 -1.59640169 0.0849282146
v -0.32498458 -1.65357018 -0.00910010561
v -0.32498455 -1.62481499 0.0849282146
v -0.395713151 -1.7295202 -0.00910010561
v -0.430415988 -1.73039854 0.0849282146
v -0.271527499 -1.74964869 -0.00910010561
v -0.329677641 -1.77256799 -0.00910010561
v -0.312336564 -1.79974329 -0.00910010561
v -0.348839134 -1.75531769 -0.00910010561
v -0.32498458 -1.65357018 -0.00910010561
v -0.370845318 -1.74157166 -0.00910010561
v -0.395713151 -1.7295202 -0.00910010561
v -0.25640896 -1.62515688 -0.00910010561
v -0.185902491 -1.6181649 -0.00910010561
v -0.227262378 -1.73414791 -0.00910010561
v -0.19814308 -1.73406219 -0.00910010561
v -0.161154807 -1.74654412 -0.00910010561
v -0.121359088 -1.77119172 -0.00910071563
v -0.109794393 -1.62800658 -0.00910071563
v -0.0739375502 -1.82601893 -0.00910071563
v -0.0506253913 -1.65522218 -0.00910071563
v 1.48029668E-18 -1.69198239 -0.00910071563
v -0.0286471434 -1.88294673 -0.00910071563
v -3.77859283E-19 -1.90040159 -0.00910071563
v -0.0307071824 -1.92743587 0.0849282146
v 6.68336499E-19 -1.95170867 0.0849282146
v -3.77859283E-19 -1.90040159 -0.00910071563
v -0.0286471434 -1.88294673 -0.00910071563
v -0.0758674592 -1.86536276 0.0849282146
v -0.0739375502 -1.82601893 -0.00910071563
v -0.121359088 -1.77119172 -0.00910071563
v -0.124257103 -1.80352354 0.0849282146
v -0.161154807 -1.74654412 -0.00910010561
v -0.162603796 -1.77771139 0.0849282146
v -0.198143065 -1.76406527 0.0849282146
v -0.19814308 -1.73406219 -0.00910010561
v -0.227262378 -1.73414791 -0.00910010561
v -0.227262378 -1.76415062 0.0849282146
v -0.271527469 -1.7796514 0.0849282146
v -0.271527499 -1.74964869 -0.00910010561
v -0.312336504 -1.82898283 0.0849282146
v -0.312336564 -1.79974329 -0.00910010561
v -0.329677641 -1.77256799 -0.00910010561
v -0.312336504 -1.82898283 0.0849282146
v -0.312336564 -1.79974329 -0.00910010561
v -0.336209893 -1.79233027 0.0849282146
v -0.348839134 -1.75531769 -0.00910010561
v -0.360619605 -1.76746547 0.0849282146
v -0.370845318 -1.74157166 -0.00910010561
v -0.393292069 -1.74847555 0.0849282146
v -0.395713151 -1.7295202 -0.00910010561
v -0.430415988 -1.73039854 0.0849282146
v 1.48029668E-18 -1.69198239 -0.00910071563
v 0.0506253801 -1.62646699 0.0849282146
v 8.881784E-18 -1.6632272 0.0849282146
v 0.0506253913 -1.65522218 -0.00910071563
v 0.109794393 -1.62800658 -0.00910071563
v 0.109794378 -1.59925139 0.0849282146
v 0.185902476 -1.58940971 0.0849282146
v 0.185902491 -1.6181649 -0.00910010561
v 0.25640896 -1.62515688 -0.00910010561
v 0.25640896 -1.59640169 0.0849282146
v 0.32498458 -1.65357018 -0.00910010561
v 0.32498455 -1.62481499 0.0849282146
v 0.395713151 -1.7295202 -0.00910010561
v 0.430415988 -1.73039854 0.0849282146
v 0.271527499 -1.74964869 -0.00910010561
v 0.312336564 -1.79974329 -0.00910010561
v 0.329677641 -1.77256799 -0.00910010561
v 0.348839134 -1.75531769 -0.00910010561
v 0.32498458 -1.65357018 -0.00910010561
v 0.370845318 -1.74157166 -0.00910010561
v 0.395713151 -1.7295202 -0.00910010561
v 0.25640896 -1.62515688 -0.00910010561
v 0.185902491 -1.6181649 -0.00910010561
v 0.227262378 -1.73414791 -0.00910010561
v 0.19814308 -1.73406219 -0.00910010561
v 0.161154807 -1.74654412 -0.00910010561
v 0.121359088 -1.77119172 -0.00910071563
v 0.109794393 -1.62800658 -0.00910071563
v 0.0739375502 -1.82601893 -0.00910071563
v 0.0506253913 -1.65522218 -0.00910071563
v 1.48029668E-18 -1.69198239 -0.00910071563
v 0.0286471434 -1.88294673 -0.00910071563
v -3.77859283E-19 -1.90040159 -0.00910071563
v 0.0307071824 -1.92743587 0.0849282146
v -3.77859283E-19 -1.90040159 -0.00910071563
v 6.68336499E-19 -1.95170867 0.0849282146
v 0.0286471434 -1.88294673 -0.00910071563
v 0.0758674592 -1.86536276 0.0849282146
v 0.0739375502 -1.82601893 -0.00910071563
v 0.121359088 -1.77119172 -0.00910071563
v 0.124257103 -1.80352354 0.0849282146
v 0.161154807 -1.74654412 -0.00910010561
v 0.162603796 -1.77771139 0.0849282146
v 0.198143065 -1.76406527 0.0849282146
v 0.19814308 -1.73406219 -0.00910010561
v 0.227262378 -1.73414791 -0.00910010561
v 0.227262378 -1.76415062 0.0849282146
v 0.271527469 -1.7796514 0.0849282146
v 0.271527499 -1.74964869 -0.00910010561
v 0.312336504 -1.82898283 0.0849282146
v 0.312336564 -1.79974329 -0.00910010561
v 0.329677641 -1.77256799 -0.00910010561
v 0.312336564 -1.79974329 -0.00910010561
v 0.312336504 -1.82898283 0.0849282146
v 0.336209893 -1.79233027 0.0849282146
v 0.348839134 -1.75531769 -0.00910010561
v 0.360619605 -1.76746547 0.0849282146
v 0.370845318 -1.74157166 -0.00910010561
v 0.393292069 -1.74847555 0.0849282146
v 0.395713151 -1.7295202 -0.00910010561
v 0.430415988 -1.73039854 0.0849282146
v -0.749491274 1.32899284 0.129061997
v -0.718572438 1.2718873 0.167957261
v -0.751026034 1.24030244 0.167957261
v -0.806267917 1.27529216 0.129061997
v -0.799842536 1.19260073 0.145370588
v -0.799842536 1.19260073 0.0849280879
v -0.806267917 1.27529216 0.0849280879
v -0.806267917 1.27529216 0.129061997
v -0.749491274 1.32899284 0.0849280879
v -0.749491274 1.32899284 0.129061997
v -0.806267917 1.27529216 0.129061997
v -0.806267917 1.27529216 0.0849280879
v -0.664676547 1.32044435 0.0849280879
v -0.664676547 1.32044435 0.145370588
v -0.749491274 1.32899284 0.129061997
v -0.749491274 1.32899284 0.0849280879
v -0.673083961 1.19548285 0.0849280879
v -0.664676547 1.32044435 0.145370588
v -0.664676547 1.32044435 0.0849280879
v -0.673084021 1.19548285 0.145370588
v -0.799842536 1.19260073 0.0849280879
v -0.799842536 1.19260073 0.145370588
v 0.749491274 1.32899284 0.129061997
v 0.806267917 1.27529216 0.129061997
v 0.751026034 1.24030244 0.167957261
v 0.718572438 1.2718873 0.167957261
v 0.799842536 1.19260073 0.145370588
v 0.806267917 1.27529216 0.129061997
v 0.806267917 1.27529216 0.0849280879
v 0.799842536 1.19260073 0.0849280879
v 0.749491274 1.32899284 0.0849280879
v 0.806267917 1.27529216 0.0849280879
v 0.806267917 1.27529216 0.129061997
v 0.749491274 1.32899284 0.129061997
v 0.664676547 1.32044435 0.0849280879
v 0.749491274 1.32899284 0.0849280879
v 0.749491274 1.32899284 0.129061997
v 0.664676547 1.32044435 0.145370588
v 0.673083961 1.19548285 0.0849280879
v 0.664676547 1.32044435 0.0849280879
v 0.664676547 1.32044435 0.145370588
v 0.673084021 1.19548285 0.145370588
v 0.673084021 1.19548285 0.145370588
v 0.799842536 1.19260073 0.145370588
v 0.799842536 1.19260073 0.0849280879
v 0.673083961 1.19548285 0.0849280879
v -0.749491274 1.32899284 0.0407941826
v -0.806267917 1.27529216 0.0407941826
v -0.751026034 1.24030244 0.00189891574
v -0.718572438 1.2718873 0.00189891574
v -0.799842536 1.19260073 0.0244855899
v -0.806267917 1.27529216 0.0407941826
v -0.806267917 1.27529216 0.0849280879
v -0.799842536 1.19260073 0.0849280879
v -0.749491274 1.32899284 0.0849280879
v -0.806267917 1.27529216 0.0849280879
v -0.806267917 1.27529216 0.0407941826
v -0.749491274 1.32899284 0.0407941826
v -0.664676547 1.32044435 0.0849280879
v -0.749491274 1.32899284 0.0849280879
v -0.749491274 1.32899284 0.0407941826
v -0.664676547 1.32044435 0.0244855899
v -0.673083961 1.19548285 0.0849280879
v -0.664676547 1.32044435 0.0849280879
v -0.664676547 1.32044435 0.0244855899
v -0.673084021 1.19548285 0.0244855899
v -0.799842536 1.19260073 0.0849280879
v -0.799842536 1.19260073 0.0244855899
v 0.749491274 1.32899284 0.0407941826
v 0.718572438 1.2718873 0.00189891574
v 0.751026034 1.24030244 0.00189891574
v 0.806267917 1.27529216 0.0407941826
v 0.799842536 1.19260073 0.0244855899
v 0.799842536 1.19260073 0.0849280879
v 0.806267917 1.27529216 0.0849280879
v 0.806267917 1.27529216 0.0407941826
v 0.749491274 1.32899284 0.0849280879
v 0.749491274 1.32899284 0.0407941826
v 0.806267917 1.27529216 0.0407941826
v 0.806267917 1.27529216 0.0849280879
v 0.664676547 1.32044435 0.0849280879
v 0.664676547 1.32044435 0.0244855899
v 0.749491274 1.32899284 0.0407941826
v 0.749491274 1.32899284 0.0849280879
v 0.673083961 1.19548285 0.0849280879
v 0.664676547 1.32044435 0.0244855899
v 0.664676547 1.32044435 0.0849280879
v 0.673084021 1.19548285 0.0244855899
v 0.799842536 1.19260073 0.0849280879
v 0.799842536 1.19260073 0.0244855899
vt 0.275634766 0.886230469
vt 0.216064453 0.770996094
vt 0.335205078 0.770996094
vt 0.275634766 0.886230469
vt 0.216064453 0.770996094
vt 0.335205078 0.770996094
vt 0.865722656 0.0653686523
vt 0.828613281 0.0653686523
vt 0.828613281 0.110046387
vt 0.828613281 0.110046387
vt 0.828613281 0.0653686523
vt 0.791015625 0.0653686523
vt 0.791015625 0.0653686523
vt 0.828613281 0.0653686523
vt 0.828613281 0.0207061768
vt 0.828613281 0.0653686523
vt 0.865722656 0.0653686523
vt 0.828613281 0.0207061768
vt 0.875 0.208374023
vt 0.892578125 0.208374023
vt 0.875 0.229248047
vt 0.875 0.208374023
vt 0.875 0.229248047
vt 0.857910156 0.208374023
vt 0.875 0.208374023
vt 0.857910156 0.208374023
vt 0.875 0.1875
vt 0.875 0.208374023
vt 0.875 0.1875
vt 0.892578125 0.208374023
vt 0.865722656 0.0653686523
vt 0.828613281 0.110046387
vt 0.828613281 0.0653686523
vt 0.828613281 0.110046387
vt 0.791015625 0.0653686523
vt 0.828613281 0.0653686523
vt 0.791015625 0.0653686523
vt 0.828613281 0.0207061768
vt 0.828613281 0.0653686523
vt 0.828613281 0.0653686523
vt 0.828613281 0.0207061768
vt 0.865722656 0.0653686523
vt 0.875 0.208374023
vt 0.875 0.229248047
vt 0.892578125 0.208374023
vt 0.875 0.208374023
vt 0.857910156 0.208374023
vt 0.875 0.229248047
vt 0.875 0.208374023
vt 0.875 0.1875
vt 0.857910156 0.208374023
vt 0.875 0.208374023
vt 0.892578125 0.208374023
vt 0.875 0.1875
vt 0.865722656 0.0653686523
vt 0.828613281 0.0653686523
vt 0.828613281 0.110046387
vt 0.828613281 0.110046387
vt 0.828613281 0.0653686523
vt 0.791015625 0.0653686523
vt 0.791015625 0.0653686523
vt 0.828613281 0.0653686523
vt 0.828613281 0.0207061768
vt 0.828613281 0.0653686523
vt 0.865722656 0.0653686523
vt 0.828613281 0.0207061768
vt 0.875 0.208374023
vt 0.892578125 0.208374023
vt 0.875 0.229248047
vt 0.875 0.208374023
vt 0.875 0.229248047
vt 0.857910156 0.208374023
vt 0.875 0.208374023
vt 0.857910156 0.208374023
vt 0.875 0.1875
vt 0.875 0.208374023
vt 0.875 0.1875
vt 0.892578125 0.208374023
vt 0.865722656 0.0653686523
vt 0.828613281 0.110046387
vt 0.828613281 0.0653686523
vt 0.828613281 0.110046387
vt 0.791015625 0.0653686523
vt 0.828613281 0.0653686523
vt 0.791015625 0.0653686523
vt 0.828613281 0.0207061768
vt 0.828613281 0.0653686523
vt 0.828613281 0.0653686523
vt 0.828613281 0.0207061768
vt 0.865722656 0.0653686523
vt 0.875 0.208374023
vt 0.875 0.229248047
vt 0.892578125 0.208374023
vt 0.875 0.208374023
vt 0.857910156 0.208374023
vt 0.875 0.229248047
vt 0.875 0.208374023
vt 0.875 0.1875
vt 0.857910156 0.208374023
vt 0.875 0.208374023
vt 0.892578125 0.208374023
vt 0.875 0.1875
vt 0.865722656 0.0653686523
vt 0.828613281 0.0653686523
vt 0.828613281 0.110046387
vt 0.828613281 0.110046387
vt 0.828613281 0.0653686523
vt 0.791015625 0.0653686523
vt 0.791015625 0.0653686523
vt 0.828613281 0.0653686523
vt 0.828613281 0.0207061768
vt 0.828613281 0.0653686523
vt 0.865722656 0.0653686523
vt 0.828613281 0.0207061768
vt 0.875 0.208374023
vt 0.892578125 0.208374023
vt 0.875 0.229248047
vt 0.875 0.208374023
vt 0.875 0.229248047
vt 0.857910156 0.208374023
vt 0.875 0.208374023
vt 0.857910156 0.208374023
vt 0.875 0.1875
vt 0.875 0.208374023
vt 0.875 0.1875
vt 0.892578125 0.208374023
vt 0.865722656 0.0653686523
vt 0.828613281 0.110046387
vt 0.828613281 0.0653686523
vt 0.828613281 0.110046387
vt 0.791015625 0.0653686523
vt 0.828613281 0.0653686523
vt 0.791015625 0.0653686523
vt 0.828613281 0.0207061768
vt 0.828613281 0.0653686523
vt 0.828613281 0.0653686523
vt 0.828613281 0.0207061768
vt 0.865722656 0.0653686523
vt 0.875 0.208374023
vt 0.875 0.229248047
vt 0.892578125 0.208374023
vt 0.875 0.208374023
vt 0.857910156 0.208374023
vt 0.875 0.229248047
vt 0.875 0.208374023
vt 0.875 0.1875
vt 0.857910156 0.208374023
vt 0.875 0.208374023
vt 0.892578125 0.208374023
vt 0.875 0.1875
vt 0.865722656 0.0653686523
vt 0.828613281 0.0653686523
vt 0.828613281 0.110046387
vt 0.828613281 0.110046387
vt 0.828613281 0.0653686523
vt 0.791015625 0.0653686523
vt 0.791015625 0.0653686523
vt 0.828613281 0.0653686523
vt 0.828613281 0.0207061768
vt 0.828613281 0.0653686523
vt 0.865722656 0.0653686523
vt 0.828613281 0.0207061768
vt 0.875 0.208374023
vt 0.892578125 0.208374023
vt 0.875 0.229248047
vt 0.875 0.208374023
vt 0.875 0.229248047
vt 0.857910156 0.208374023
vt 0.875 0.208374023
vt 0.857910156 0.208374023
vt 0.875 0.1875
vt 0.875 0.208374023
vt 0.875 0.1875
vt 0.892578125 0.208374023
vt 0.865722656 0.0653686523
vt 0.828613281 0.110046387
vt 0.828613281 0.0653686523
vt 0.828613281 0.110046387
vt 0.791015625 0.0653686523
vt 0.828613281 0.0653686523
vt 0.791015625 0.0653686523
vt 0.828613281 0.0207061768
vt 0.828613281 0.0653686523
vt 0.828613281 0.0653686523
vt 0.828613281 0.0207061768
vt 0.865722656 0.0653686523
vt 0.875 0.208374023
vt 0.875 0.229248047
vt 0.892578125 0.208374023
vt 0.875 0.208374023
vt 0.857910156 0.208374023
vt 0.875 0.229248047
vt 0.875 0.208374023
vt 0.875 0.1875
vt 0.857910156 0.208374023
vt 0.875 0.208374023
vt 0.892578125 0.208374023
vt 0.875 0.1875
vt 0.849609375 0.331787109
vt 0.862304688 0.35546875
vt 0.814453125 0.35546875
vt 0.849609375 0.331787109
vt 0.814453125 0.35546875
vt 0.862304688 0.35546875
vt 0.849609375 0.331787109
vt 0.814453125 0.35546875
vt 0.862304688 0.35546875
vt 0.849609375 0.331787109
vt 0.862304688 0.35546875
vt 0.814453125 0.35546875
vt 0.887695312 0.716796875
vt 0.874023438 0.72265625
vt 0.882324219 0.729492188
vt 0.84765625 0.971191406
vt 0.829589844 0.990234375
vt 0.830078125 0.990234375
vt 0.887695312 0.716796875
vt 0.882324219 0.729492188
vt 0.874023438 0.72265625
vt 0.882324219 0.729492188
vt 0.887695312 0.716796875
vt 0.906738281 0.739257812
vt 0.84765625 0.971191406
vt 0.830078125 0.990234375
vt 0.829589844 0.990234375
vt 0.887695312 0.716796875
vt 0.882324219 0.729492188
vt 0.874023438 0.72265625
vt 0.84765625 0.971191406
vt 0.830078125 0.990234375
vt 0.829589844 0.990234375
vt 0.887695312 0.716796875
vt 0.874023438 0.72265625
vt 0.882324219 0.729492188
vt 0.882324219 0.729492188
vt 0.906738281 0.739257812
vt 0.887695312 0.716796875
vt 0.84765625 0.971191406
vt 0.829589844 0.990234375
vt 0.830078125 0.990234375
vt 0.968261719 0.952148438
vt 0.987792969 0.943847656
vt 0.968261719 0.935546875
vt 0.961425781 0.978515625
vt 0.968261719 0.952148438
vt 0.951171875 0.958984375
vt 0.961425781 0.978515625
vt 0.987792969 0.943847656
vt 0.968261719 0.952148438
vt 0.968261719 0.935546875
vt 0.987792969 0.943847656
vt 0.961425781 0.910644531
vt 0.951171875 0.930664062
vt 0.968261719 0.935546875
vt 0.961425781 0.910644531
vt 0.984375 0.196044922
vt 0.951660156 0.196044922
vt 0.951660156 0.246826172
vt 0.951660156 0.246826172
vt 0.951660156 0.196044922
vt 0.918945312 0.195922852
vt 0.918945312 0.195922852
vt 0.951660156 0.196044922
vt 0.951660156 0.145263672
vt 0.951660156 0.196044922
vt 0.984375 0.196044922
vt 0.951660156 0.145263672
vt 0.903320312 0.23449707
vt 0.918457031 0.234619141
vt 0.903320312 0.258300781
vt 0.903320312 0.23449707
vt 0.903320312 0.258300781
vt 0.888183594 0.23449707
vt 0.903320312 0.23449707
vt 0.888183594 0.23449707
vt 0.903320312 0.2109375
vt 0.903320312 0.23449707
vt 0.903320312 0.2109375
vt 0.918457031 0.234619141
vt 0.968261719 0.952148438
vt 0.968261719 0.935546875
vt 0.987792969 0.943847656
vt 0.961425781 0.978515625
vt 0.951171875 0.958984375
vt 0.968261719 0.952148438
vt 0.961425781 0.978515625
vt 0.968261719 0.952148438
vt 0.987792969 0.943847656
vt 0.968261719 0.935546875
vt 0.961425781 0.910644531
vt 0.987792969 0.943847656
vt 0.951171875 0.930664062
vt 0.961425781 0.910644531
vt 0.968261719 0.935546875
vt 0.984375 0.196044922
vt 0.951660156 0.246826172
vt 0.951660156 0.196044922
vt 0.951660156 0.246826172
vt 0.918945312 0.195922852
vt 0.951660156 0.196044922
vt 0.918945312 0.195922852
vt 0.951660156 0.145263672
vt 0.951660156 0.196044922
vt 0.951660156 0.196044922
vt 0.951660156 0.145263672
vt 0.984375 0.196044922
vt 0.903320312 0.23449707
vt 0.903320312 0.258300781
vt 0.918457031 0.234619141
vt 0.903320312 0.23449707
vt 0.888183594 0.23449707
vt 0.903320312 0.258300781
vt 0.903320312 0.23449707
vt 0.903320312 0.2109375
vt 0.888183594 0.23449707
vt 0.903320312 0.23449707
vt 0.918457031 0.234619141
vt 0.903320312 0.2109375
vt 0.968261719 0.952148438
vt 0.968261719 0.935546875
vt 0.987792969 0.943847656
vt 0.961425781 0.978515625
vt 0.951171875 0.958984375
vt 0.968261719 0.952148438
vt 0.961425781 0.978515625
vt 0.968261719 0.952148438
vt 0.987792969 0.943847656
vt 0.968261719 0.935546875
vt 0.961425781 0.910644531
vt 0.987792969 0.943847656
vt 0.951171875 0.930664062
vt 0.961425781 0.910644531
vt 0.968261719 0.935546875
vt 0.984375 0.196044922
vt 0.951660156 0.246826172
vt 0.951660156 0.196044922
vt 0.951660156 0.246826172
vt 0.918945312 0.195922852
vt 0.951660156 0.196044922
vt 0.918945312 0.195922852
vt 0.951660156 0.145263672
vt 0.951660156 0.196044922
vt 0.951660156 0.196044922
vt 0.951660156 0.145263672
vt 0.984375 0.196044922
vt 0.903320312 0.23449707
vt 0.903320312 0.258300781
vt 0.918457031 0.234619141
vt 0.903320312 0.23449707
vt 0.888183594 0.23449707
vt 0.903320312 0.258300781
vt 0.903320312 0.23449707
vt 0.903320312 0.2109375
vt 0.888183594 0.23449707
vt 0.903320312 0.23449707
vt 0.918457031 0.234619141
vt 0.903320312 0.2109375
vt 0.968261719 0.952148438
vt 0.987792969 0.943847656
vt 0.968261719 0.935546875
vt 0.961425781 0.978515625
vt 0.968261719 0.952148438
vt 0.951171875 0.958984375
vt 0.961425781 0.978515625
vt 0.987792969 0.943847656
vt 0.968261719 0.952148438
vt 0.968261719 0.935546875
vt 0.987792969 0.943847656
vt 0.961425781 0.910644531
vt 0.951171875 0.930664062
vt 0.968261719 0.935546875
vt 0.961425781 0.910644531
vt 0.984375 0.196044922
vt 0.951660156 0.196044922
vt 0.951660156 0.246826172
vt 0.951660156 0.246826172
vt 0.951660156 0.196044922
vt 0.918945312 0.195922852
vt 0.918945312 0.195922852
vt 0.951660156 0.196044922
vt 0.951660156 0.145263672
vt 0.951660156 0.196044922
vt 0.984375 0.196044922
vt 0.951660156 0.145263672
vt 0.903320312 0.23449707
vt 0.918457031 0.234619141
vt 0.903320312 0.258300781
vt 0.903320312 0.23449707
vt 0.903320312 0.258300781
vt 0.888183594 0.23449707
vt 0.903320312 0.23449707
vt 0.888183594 0.23449707
vt 0.903320312 0.2109375
vt 0.903320312 0.23449707
vt 0.903320312 0.2109375
vt 0.918457031 0.234619141
vt 0.275634766 0.886230469
vt 0.230957031 0.799804688
vt 0.275634766 0.799804688
vt 0.275634766 0.770996094
vt 0.216064453 0.770996094
vt 0.335205078 0.770996094
vt 0.3203125 0.799804688
vt 0.275634766 0.886230469
vt 0.215332031 0.770507812
vt 0.320800781 0.799316406
vt 0.275634766 0.886230469
vt 0.305908203 0.770507812
vt 0.3359375 0.770507812
vt 0.275634766 0.886230469
vt 0.245483398 0.770507812
vt 0.3359375 0.770507812
vt 0.23034668 0.799316406
vt 0.215332031 0.770507812
vt 0.336669922 0.770019531
vt 0.291015625 0.857421875
vt 0.268066406 0.813964844
vt 0.24597168 0.770019531
vt 0.214599609 0.770019531
vt 0.24597168 0.770019531
vt 0.245239258 0.828613281
vt 0.275634766 0.886230469
vt 0.291015625 0.857421875
vt 0.320800781 0.799316406
vt 0.275634766 0.886230469
vt 0.215332031 0.770507812
vt 0.304931641 0.770507812
vt 0.3359375 0.770507812
vt 0.275634766 0.886230469
vt 0.245483398 0.770507812
vt 0.3359375 0.770507812
vt 0.23034668 0.799316406
vt 0.215332031 0.770507812
vt 0.305419922 0.770996094
vt 0.335205078 0.770996094
vt 0.305419922 0.828613281
vt 0.283203125 0.814453125
vt 0.216064453 0.770996094
vt 0.275634766 0.886230469
vt 0.260742188 0.857421875
vt 0.245239258 0.828613281
vt 0.214599609 0.770019531
vt 0.245117188 0.770019531
vt 0.268066406 0.813964844
vt 0.275634766 0.886230469
vt 0.336669922 0.770019531
vt 0.291015625 0.857421875
vt 0.306152344 0.770019531
vt 0.336669922 0.770019531
vt 0.305908203 0.828613281
vt 0.283203125 0.813964844
vt 0.214599609 0.770019531
vt 0.275634766 0.886230469
vt 0.260253906 0.857421875
vt 0.230957031 0.799804688
vt 0.216064453 0.770996094
vt 0.275634766 0.770996094
vt 0.275634766 0.799804688
vt 0.275634766 0.886230469
vt 0.335205078 0.770996094
vt 0.3203125 0.799804688
vt 0.275634766 0.770996094
vt 0.335205078 0.770996094
vt 0.3203125 0.799804688
vt 0.275634766 0.799804688
vt 0.216064453 0.770996094
vt 0.275634766 0.886230469
vt 0.230957031 0.799804688
vt 0.306152344 0.770019531
vt 0.336669922 0.770019531
vt 0.305908203 0.828613281
vt 0.283203125 0.813964844
vt 0.214599609 0.770019531
vt 0.275634766 0.886230469
vt 0.260253906 0.857421875
vt 0.83984375 0.242797852
vt 0.83984375 0.183227539
vt 0.787109375 0.242797852
vt 0.83984375 0.327392578
vt 0.83984375 0.242797852
vt 0.787109375 0.242797852
vt 0.83984375 0.183227539
vt 0.83984375 0.327392578
vt 0.83984375 0.242797852
vt 0.787109375 0.242797852
vt 0.83984375 0.183227539
vt 0.83984375 0.327392578
vt 0.83984375 0.242797852
vt 0.83984375 0.183227539
vt 0.787109375 0.242797852
vt 0.83984375 0.327392578
vt 0.868164062 0.123596191
vt 0.845703125 0.122192383
vt 0.850585938 0.131225586
vt 0.869628906 0.129882812
vt 0.85546875 0.140258789
vt 0.861816406 0.147216797
vt 0.870117188 0.14050293
vt 0.874023438 0.135375977
vt 0.878417969 0.138427734
vt 0.875488281 0.145996094
vt 0.868164062 0.154052734
vt 0.8828125 0.138793945
vt 0.878417969 0.158081055
vt 0.881347656 0.147827148
vt 0.887207031 0.139282227
vt 0.887695312 0.149536133
vt 0.888671875 0.161987305
vt 0.894042969 0.137207031
vt 0.899414062 0.160644531
vt 0.898925781 0.146240234
vt 0.900390625 0.133789062
vt 0.91015625 0.142944336
vt 0.91015625 0.159423828
vt 0.925292969 0.147216797
vt 0.905273438 0.126464844
vt 0.919921875 0.133911133
vt 0.931640625 0.138183594
vt 0.930175781 0.12487793
vt 0.938476562 0.129150391
vt 0.907714844 0.116088867
vt 0.947753906 0.122009277
vt 0.947753906 0.117919922
vt 0.972167969 0.124816895
vt 0.972167969 0.120788574
vt 0.895996094 0.101806641
vt 0.972167969 0.0792236328
vt 0.892578125 0.0801391602
vt 0.954101562 0.0607910156
vt 0.914550781 0.0528259277
vt 0.896972656 0.0574035645
vt 0.909179688 0.0380554199
vt 0.916503906 0.0357666016
vt 0.923339844 0.0334777832
vt 0.927246094 0.0395507812
vt 0.930664062 0.0456237793
vt 0.9375 0.0483398438
vt 0.943847656 0.0510864258
vt 0.951171875 0.0480957031
vt 0.958496094 0.045135498
vt 0.965332031 0.0400085449
vt 0.972167969 0.0348815918
vt 0.875 0.115966797
vt 0.868164062 0.123596191
vt 0.876953125 0.120910645
vt 0.878417969 0.125854492
vt 0.869628906 0.129882812
vt 0.874023438 0.135375977
vt 0.881347656 0.128417969
vt 0.883789062 0.130981445
vt 0.878417969 0.138427734
vt 0.8828125 0.138793945
vt 0.88671875 0.131347656
vt 0.890136719 0.131713867
vt 0.887207031 0.139282227
vt 0.894042969 0.137207031
vt 0.894042969 0.129394531
vt 0.897949219 0.127197266
vt 0.900390625 0.133789062
vt 0.905273438 0.126464844
vt 0.900878906 0.122619629
vt 0.907714844 0.116088867
vt 0.901367188 0.117736816
vt 0.894042969 0.110290527
vt 0.895996094 0.101806641
vt 0.886230469 0.102905273
vt 0.892578125 0.0801391602
vt 0.882324219 0.0801391602
vt 0.896972656 0.0574035645
vt 0.884765625 0.0571899414
vt 0.897949219 0.0383300781
vt 0.909179688 0.0380554199
vt 0.903320312 0.0302276611
vt 0.91796875 0.0251464844
vt 0.916503906 0.0357666016
vt 0.923339844 0.0334777832
vt 0.932617188 0.0200500488
vt 0.927246094 0.0395507812
vt 0.938476562 0.0315856934
vt 0.930664062 0.0456237793
vt 0.94140625 0.033416748
vt 0.9375 0.0483398438
vt 0.943847656 0.0510864258
vt 0.944335938 0.0352478027
vt 0.952148438 0.034576416
vt 0.951171875 0.0480957031
vt 0.958496094 0.045135498
vt 0.959960938 0.0339050293
vt 0.965820312 0.028503418
vt 0.965332031 0.0400085449
vt 0.972167969 0.0348815918
vt 0.972167969 0.0231170654
vt 0.868164062 0.123596191
vt 0.850585938 0.131225586
vt 0.845703125 0.122192383
vt 0.869628906 0.129882812
vt 0.85546875 0.140258789
vt 0.861816406 0.147216797
vt 0.870117188 0.14050293
vt 0.874023438 0.135375977
vt 0.878417969 0.138427734
vt 0.875488281 0.145996094
vt 0.868164062 0.154052734
vt 0.8828125 0.138793945
vt 0.878417969 0.158081055
vt 0.881347656 0.147827148
vt 0.887207031 0.139282227
vt 0.887695312 0.149536133
vt 0.888671875 0.161987305
vt 0.894042969 0.137207031
vt 0.899414062 0.160644531
vt 0.898925781 0.146240234
vt 0.900390625 0.133789062
vt 0.91015625 0.142944336
vt 0.91015625 0.159423828
vt 0.925292969 0.147216797
vt 0.905273438 0.126464844
vt 0.919921875 0.133911133
vt 0.931640625 0.138183594
vt 0.930175781 0.12487793
vt 0.938476562 0.129150391
vt 0.907714844 0.116088867
vt 0.947753906 0.122009277
vt 0.947753906 0.117919922
vt 0.972167969 0.124816895
vt 0.972167969 0.120788574
vt 0.895996094 0.101806641
vt 0.972167969 0.0792236328
vt 0.892578125 0.0801391602
vt 0.954101562 0.0607910156
vt 0.914550781 0.0528259277
vt 0.896972656 0.0574035645
vt 0.909179688 0.0380554199
vt 0.916503906 0.0357666016
vt 0.923339844 0.0334777832
vt 0.927246094 0.0395507812
vt 0.930664062 0.0456237793
vt 0.9375 0.0483398438
vt 0.943847656 0.0510864258
vt 0.951171875 0.0480957031
vt 0.958496094 0.045135498
vt 0.965332031 0.0400085449
vt 0.972167969 0.0348815918
vt 0.875 0.115966797
vt 0.876953125 0.120910645
vt 0.868164062 0.123596191
vt 0.878417969 0.125854492
vt 0.869628906 0.129882812
vt 0.874023438 0.135375977
vt 0.881347656 0.128417969
vt 0.883789062 0.130981445
vt 0.878417969 0.138427734
vt 0.8828125 0.138793945
vt 0.88671875 0.131347656
vt 0.890136719 0.131713867
vt 0.887207031 0.139282227
vt 0.894042969 0.137207031
vt 0.894042969 0.129394531
vt 0.897949219 0.127197266
vt 0.900390625 0.133789062
vt 0.905273438 0.126464844
vt 0.900878906 0.122619629
vt 0.907714844 0.116088867
vt 0.901367188 0.117736816
vt 0.894042969 0.110290527
vt 0.895996094 0.101806641
vt 0.886230469 0.102905273
vt 0.892578125 0.0801391602
vt 0.882324219 0.0801391602
vt 0.896972656 0.0574035645
vt 0.884765625 0.0571899414
vt 0.897949219 0.0383300781
vt 0.909179688 0.0380554199
vt 0.903320312 0.0302276611
vt 0.91796875 0.0251464844
vt 0.916503906 0.0357666016
vt 0.923339844 0.0334777832
vt 0.932617188 0.0200500488
vt 0.927246094 0.0395507812
vt 0.938476562 0.0315856934
vt 0.930664062 0.0456237793
vt 0.94140625 0.033416748
vt 0.9375 0.0483398438
vt 0.943847656 0.0510864258
vt 0.944335938 0.0352478027
vt 0.952148438 0.034576416
vt 0.951171875 0.0480957031
vt 0.958496094 0.045135498
vt 0.959960938 0.0339050293
vt 0.965820312 0.028503418
vt 0.965332031 0.0400085449
vt 0.972167969 0.0348815918
vt 0.972167969 0.0231170654
vt 0.868164062 0.123596191
vt 0.850585938 0.131225586
vt 0.845703125 0.122192383
vt 0.869628906 0.129882812
vt 0.85546875 0.140258789
vt 0.861816406 0.147216797
vt 0.870117188 0.14050293
vt 0.874023438 0.135375977
vt 0.878417969 0.138427734
vt 0.875488281 0.145996094
vt 0.868164062 0.154052734
vt 0.8828125 0.138793945
vt 0.878417969 0.158081055
vt 0.881347656 0.147827148
vt 0.887207031 0.139282227
vt 0.887695312 0.149536133
vt 0.888671875 0.161987305
vt 0.894042969 0.137207031
vt 0.899414062 0.160644531
vt 0.898925781 0.146240234
vt 0.900390625 0.133789062
vt 0.91015625 0.142944336
vt 0.91015625 0.159423828
vt 0.925292969 0.147216797
vt 0.905273438 0.126464844
vt 0.919921875 0.133911133
vt 0.931640625 0.138183594
vt 0.930175781 0.12487793
vt 0.938476562 0.129150391
vt 0.907714844 0.116088867
vt 0.947753906 0.122009277
vt 0.947753906 0.117919922
vt 0.972167969 0.124816895
vt 0.972167969 0.120788574
vt 0.895996094 0.101806641
vt 0.972167969 0.0792236328
vt 0.892578125 0.0801391602
vt 0.954101562 0.0607910156
vt 0.914550781 0.0528259277
vt 0.896972656 0.0574035645
vt 0.909179688 0.0380554199
vt 0.916503906 0.0357666016
vt 0.923339844 0.0334777832
vt 0.927246094 0.0395507812
vt 0.930664062 0.0456237793
vt 0.9375 0.0483398438
vt 0.943847656 0.0510864258
vt 0.951171875 0.0480957031
vt 0.958496094 0.045135498
vt 0.965332031 0.0400085449
vt 0.972167969 0.0348815918
vt 0.875 0.115966797
vt 0.876953125 0.120910645
vt 0.868164062 0.123596191
vt 0.878417969 0.125854492
vt 0.869628906 0.129882812
vt 0.874023438 0.135375977
vt 0.881347656 0.128417969
vt 0.883789062 0.130981445
vt 0.878417969 0.138427734
vt 0.8828125 0.138793945
vt 0.88671875 0.131347656
vt 0.890136719 0.131713867
vt 0.887207031 0.139282227
vt 0.894042969 0.137207031
vt 0.894042969 0.129394531
vt 0.897949219 0.127197266
vt 0.900390625 0.133789062
vt 0.905273438 0.126464844
vt 0.900878906 0.122619629
vt 0.907714844 0.116088867
vt 0.901367188 0.117736816
vt 0.894042969 0.110290527
vt 0.895996094 0.101806641
vt 0.886230469 0.102905273
vt 0.892578125 0.0801391602
vt 0.882324219 0.0801391602
vt 0.896972656 0.0574035645
vt 0.884765625 0.0571899414
vt 0.897949219 0.0383300781
vt 0.909179688 0.0380554199
vt 0.903320312 0.0302276611
vt 0.91796875 0.0251464844
vt 0.916503906 0.0357666016
vt 0.923339844 0.0334777832
vt 0.932617188 0.0200500488
vt 0.927246094 0.0395507812
vt 0.938476562 0.0315856934
vt 0.930664062 0.0456237793
vt 0.94140625 0.033416748
vt 0.9375 0.0483398438
vt 0.943847656 0.0510864258
vt 0.944335938 0.0352478027
vt 0.952148438 0.034576416
vt 0.951171875 0.0480957031
vt 0.958496094 0.045135498
vt 0.959960938 0.0339050293
vt 0.965820312 0.028503418
vt 0.965332031 0.0400085449
vt 0.972167969 0.0348815918
vt 0.972167969 0.0231170654
vt 0.868164062 0.123596191
vt 0.845703125 0.122192383
vt 0.850585938 0.131225586
vt 0.869628906 0.129882812
vt 0.85546875 0.140258789
vt 0.861816406 0.147216797
vt 0.870117188 0.14050293
vt 0.874023438 0.135375977
vt 0.878417969 0.138427734
vt 0.875488281 0.145996094
vt 0.868164062 0.154052734
vt 0.8828125 0.138793945
vt 0.878417969 0.158081055
vt 0.881347656 0.147827148
vt 0.887207031 0.139282227
vt 0.887695312 0.149536133
vt 0.888671875 0.161987305
vt 0.894042969 0.137207031
vt 0.899414062 0.160644531
vt 0.898925781 0.146240234
vt 0.900390625 0.133789062
vt 0.91015625 0.142944336
vt 0.91015625 0.159423828
vt 0.925292969 0.147216797
vt 0.905273438 0.126464844
vt 0.919921875 0.133911133
vt 0.931640625 0.138183594
vt 0.930175781 0.12487793
vt 0.938476562 0.129150391
vt 0.907714844 0.116088867
vt 0.947753906 0.122009277
vt 0.947753906 0.117919922
vt 0.972167969 0.124816895
vt 0.972167969 0.120788574
vt 0.895996094 0.101806641
vt 0.972167969 0.0792236328
vt 0.892578125 0.0801391602
vt 0.954101562 0.0607910156
vt 0.914550781 0.0528259277
vt 0.896972656 0.0574035645
vt 0.909179688 0.0380554199
vt 0.916503906 0.0357666016
vt 0.923339844 0.0334777832
vt 0.927246094 0.0395507812
vt 0.930664062 0.0456237793
vt 0.9375 0.0483398438
vt 0.943847656 0.0510864258
vt 0.951171875 0.0480957031
vt 0.958496094 0.045135498
vt 0.965332031 0.0400085449
vt 0.972167969 0.0348815918
vt 0.875 0.115966797
vt 0.868164062 0.123596191
vt 0.876953125 0.120910645
vt 0.878417969 0.125854492
vt 0.869628906 0.129882812
vt 0.874023438 0.135375977
vt 0.881347656 0.128417969
vt 0.883789062 0.130981445
vt 0.878417969 0.138427734
vt 0.8828125 0.138793945
vt 0.88671875 0.131347656
vt 0.890136719 0.131713867
vt 0.887207031 0.139282227
vt 0.894042969 0.137207031
vt 0.894042969 0.129394531
vt 0.897949219 0.127197266
vt 0.900390625 0.133789062
vt 0.905273438 0.126464844
vt 0.900878906 0.122619629
vt 0.907714844 0.116088867
vt 0.901367188 0.117736816
vt 0.894042969 0.110290527
vt 0.895996094 0.101806641
vt 0.886230469 0.102905273
vt 0.892578125 0.0801391602
vt 0.882324219 0.0801391602
vt 0.896972656 0.0574035645
vt 0.884765625 0.0571899414
vt 0.897949219 0.0383300781
vt 0.909179688 0.0380554199
vt 0.903320312 0.0302276611
vt 0.91796875 0.0251464844
vt 0.916503906 0.0357666016
vt 0.923339844 0.0334777832
vt 0.932617188 0.0200500488
vt 0.927246094 0.0395507812
vt 0.938476562 0.0315856934
vt 0.930664062 0.0456237793
vt 0.94140625 0.033416748
vt 0.9375 0.0483398438
vt 0.943847656 0.0510864258
vt 0.944335938 0.0352478027
vt 0.952148438 0.034576416
vt 0.951171875 0.0480957031
vt 0.958496094 0.045135498
vt 0.959960938 0.0339050293
vt 0.965820312 0.028503418
vt 0.965332031 0.0400085449
vt 0.972167969 0.0348815918
vt 0.972167969 0.0231170654
vt 0.961914062 0.365234375
vt 0.97265625 0.371337891
vt 0.97265625 0.365234375
vt 0.962890625 0.371337891
vt 0.97265625 0.37890625
vt 0.957519531 0.390625
vt 0.948730469 0.382324219
vt 0.9453125 0.378417969
vt 0.920410156 0.403320312
vt 0.924316406 0.406982422
vt 0.932617188 0.415039062
vt 0.921386719 0.430664062
vt 0.913085938 0.421142578
vt 0.907226562 0.420166016
vt 0.905761719 0.438720703
vt 0.912109375 0.437988281
vt 0.932617188 0.445068359
vt 0.924316406 0.454101562
vt 0.920410156 0.457763672
vt 0.9453125 0.482666016
vt 0.948730469 0.479003906
vt 0.957519531 0.470458984
vt 0.97265625 0.482177734
vt 0.962890625 0.489746094
vt 0.961914062 0.495849609
vt 0.97265625 0.489746094
vt 0.97265625 0.495849609
vt 0.957519531 0.470458984
vt 0.97265625 0.482177734
vt 0.97265625 0.37890625
vt 0.957519531 0.390625
vt 0.932617188 0.445068359
vt 0.932617188 0.415039062
vt 0.921386719 0.430664062
vt 0.803222656 0.174804688
vt 0.803222656 0.170288086
vt 0.819824219 0.174926758
vt 0.80859375 0.163452148
vt 0.818847656 0.153442383
vt 0.830078125 0.175048828
vt 0.827148438 0.147338867
vt 0.834960938 0.148071289
vt 0.841796875 0.153686523
vt 0.852050781 0.1640625
vt 0.840332031 0.175170898
vt 0.857421875 0.171020508
vt 0.856933594 0.175415039
vt 0.961914062 0.365234375
vt 0.97265625 0.365234375
vt 0.97265625 0.371337891
vt 0.962890625 0.371337891
vt 0.97265625 0.37890625
vt 0.957519531 0.390625
vt 0.948730469 0.382324219
vt 0.9453125 0.378417969
vt 0.920410156 0.403320312
vt 0.924316406 0.406982422
vt 0.932617188 0.415039062
vt 0.921386719 0.430664062
vt 0.913085938 0.421142578
vt 0.907226562 0.420166016
vt 0.905761719 0.438720703
vt 0.912109375 0.437988281
vt 0.932617188 0.445068359
vt 0.924316406 0.454101562
vt 0.920410156 0.457763672
vt 0.9453125 0.482666016
vt 0.948730469 0.479003906
vt 0.957519531 0.470458984
vt 0.97265625 0.482177734
vt 0.962890625 0.489746094
vt 0.961914062 0.495849609
vt 0.97265625 0.489746094
vt 0.97265625 0.495849609
vt 0.957519531 0.470458984
vt 0.97265625 0.37890625
vt 0.97265625 0.482177734
vt 0.957519531 0.390625
vt 0.932617188 0.445068359
vt 0.932617188 0.415039062
vt 0.921386719 0.430664062
vt 0.803222656 0.174804688
vt 0.819824219 0.174926758
vt 0.803222656 0.170288086
vt 0.80859375 0.163452148
vt 0.818847656 0.153442383
vt 0.830078125 0.175048828
vt 0.827148438 0.147338867
vt 0.834960938 0.148071289
vt 0.841796875 0.153686523
vt 0.852050781 0.1640625
vt 0.840332031 0.175170898
vt 0.857421875 0.171020508
vt 0.856933594 0.175415039
vt 0.961914062 0.365234375
vt 0.97265625 0.365234375
vt 0.97265625 0.371337891
vt 0.962890625 0.371337891
vt 0.97265625 0.37890625
vt 0.957519531 0.390625
vt 0.948730469 0.382324219
vt 0.9453125 0.378417969
vt 0.920410156 0.403320312
vt 0.924316406 0.406982422
vt 0.932617188 0.415039062
vt 0.921386719 0.430664062
vt 0.913085938 0.421142578
vt 0.907226562 0.420166016
vt 0.905761719 0.438720703
vt 0.912109375 0.437988281
vt 0.932617188 0.445068359
vt 0.924316406 0.454101562
vt 0.920410156 0.457763672
vt 0.9453125 0.482666016
vt 0.948730469 0.479003906
vt 0.957519531 0.470458984
vt 0.97265625 0.482177734
vt 0.962890625 0.489746094
vt 0.961914062 0.495849609
vt 0.97265625 0.489746094
vt 0.97265625 0.495849609
vt 0.957519531 0.470458984
vt 0.97265625 0.37890625
vt 0.97265625 0.482177734
vt 0.957519531 0.390625
vt 0.932617188 0.445068359
vt 0.932617188 0.415039062
vt 0.921386719 0.430664062
vt 0.803222656 0.174804688
vt 0.819824219 0.174926758
vt 0.803222656 0.170288086
vt 0.80859375 0.163452148
vt 0.818847656 0.153442383
vt 0.830078125 0.175048828
vt 0.827148438 0.147338867
vt 0.834960938 0.148071289
vt 0.841796875 0.153686523
vt 0.852050781 0.1640625
vt 0.840332031 0.175170898
vt 0.857421875 0.171020508
vt 0.856933594 0.175415039
vt 0.961914062 0.365234375
vt 0.97265625 0.371337891
vt 0.97265625 0.365234375
vt 0.962890625 0.371337891
vt 0.97265625 0.37890625
vt 0.957519531 0.390625
vt 0.948730469 0.382324219
vt 0.9453125 0.378417969
vt 0.920410156 0.403320312
vt 0.924316406 0.406982422
vt 0.932617188 0.415039062
vt 0.921386719 0.430664062
vt 0.913085938 0.421142578
vt 0.907226562 0.420166016
vt 0.905761719 0.438720703
vt 0.912109375 0.437988281
vt 0.932617188 0.445068359
vt 0.924316406 0.454101562
vt 0.920410156 0.457763672
vt 0.9453125 0.482666016
vt 0.948730469 0.479003906
vt 0.957519531 0.470458984
vt 0.97265625 0.482177734
vt 0.962890625 0.489746094
vt 0.961914062 0.495849609
vt 0.97265625 0.489746094
vt 0.97265625 0.495849609
vt 0.957519531 0.470458984
vt 0.97265625 0.482177734
vt 0.97265625 0.37890625
vt 0.957519531 0.390625
vt 0.932617188 0.445068359
vt 0.932617188 0.415039062
vt 0.921386719 0.430664062
vt 0.803222656 0.174804688
vt 0.803222656 0.170288086
vt 0.819824219 0.174926758
vt 0.80859375 0.163452148
vt 0.818847656 0.153442383
vt 0.830078125 0.175048828
vt 0.827148438 0.147338867
vt 0.834960938 0.148071289
vt 0.841796875 0.153686523
vt 0.852050781 0.1640625
vt 0.840332031 0.175170898
vt 0.857421875 0.171020508
vt 0.856933594 0.175415039
vt 0.836914062 0.576171875
vt 0.864257812 0.576660156
vt 0.87109375 0.569335938
vt 0.829101562 0.567871094
vt 0.871582031 0.563964844
vt 0.829101562 0.5625
vt 0.869628906 0.553710938
vt 0.831054688 0.553222656
vt 0.864746094 0.534179688
vt 0.835449219 0.53515625
vt 0.860839844 0.506347656
vt 0.836914062 0.506835938
vt 0.8359375 0.478759766
vt 0.859863281 0.477783203
vt 0.859863281 0.454833984
vt 0.834472656 0.456054688
vt 0.830078125 0.433349609
vt 0.863769531 0.431884766
vt 0.8671875 0.419921875
vt 0.825195312 0.422363281
vt 0.869140625 0.403808594
vt 0.819335938 0.409179688
vt 0.920898438 0.872070312
vt 0.955566406 0.853027344
vt 0.948730469 0.840332031
vt 0.9140625 0.856445312
vt 0.942871094 0.825195312
vt 0.908691406 0.839355469
vt 0.902832031 0.81640625
vt 0.935546875 0.802734375
vt 0.93359375 0.77734375
vt 0.895019531 0.793945312
vt 0.936035156 0.766601562
vt 0.888183594 0.788574219
vt 0.8203125 0.583007812
vt 0.836914062 0.576171875
vt 0.829101562 0.567871094
vt 0.813476562 0.570800781
vt 0.829101562 0.5625
vt 0.8125 0.563964844
vt 0.815429688 0.551757812
vt 0.831054688 0.553222656
vt 0.835449219 0.53515625
vt 0.822265625 0.532714844
vt 0.836914062 0.506835938
vt 0.825683594 0.505859375
vt 0.826171875 0.479248047
vt 0.8359375 0.478759766
vt 0.834472656 0.456054688
vt 0.823242188 0.458496094
vt 0.817871094 0.438476562
vt 0.830078125 0.433349609
vt 0.825195312 0.422363281
vt 0.811035156 0.4296875
vt 0.819335938 0.409179688
vt 0.80078125 0.412597656
vt 0.909179688 0.8828125
vt 0.920898438 0.872070312
vt 0.9140625 0.856445312
vt 0.900390625 0.862792969
vt 0.908691406 0.839355469
vt 0.896972656 0.843261719
vt 0.891601562 0.820800781
vt 0.902832031 0.81640625
vt 0.895019531 0.793945312
vt 0.882324219 0.800292969
vt 0.888183594 0.788574219
vt 0.875976562 0.79296875
vt 0.876953125 0.751464844
vt 0.882324219 0.729492188
vt 0.874023438 0.72265625
vt 0.864257812 0.750976562
vt 0.793945312 0.686523438
vt 0.826660156 0.65625
vt 0.818847656 0.654785156
vt 0.806640625 0.621582031
vt 0.781738281 0.686523438
vt 0.7890625 0.652832031
vt 0.777832031 0.650878906
vt 0.793945312 0.686523438
vt 0.791992188 0.713378906
vt 0.779785156 0.712890625
vt 0.779296875 0.739746094
vt 0.791015625 0.739746094
vt 0.779785156 0.770507812
vt 0.791992188 0.770019531
vt 0.782714844 0.806640625
vt 0.794921875 0.805664062
vt 0.786132812 0.842773438
vt 0.798339844 0.841308594
vt 0.8046875 0.872070312
vt 0.79296875 0.875
vt 0.804199219 0.915039062
vt 0.815429688 0.911132812
vt 0.835449219 0.954101562
vt 0.814941406 0.938476562
vt 0.797851562 0.961425781
vt 0.800292969 0.966308594
vt 0.794433594 0.979003906
vt 0.812988281 0.977050781
vt 0.829589844 0.990234375
vt 0.84765625 0.971191406
vt 0.877441406 0.926757812
vt 0.885742188 0.940917969
vt 0.815429688 0.911132812
vt 0.859375 0.891601562
vt 0.846679688 0.861328125
vt 0.8046875 0.872070312
vt 0.837402344 0.831054688
vt 0.798339844 0.841308594
vt 0.831054688 0.799316406
vt 0.794921875 0.805664062
vt 0.791992188 0.770019531
vt 0.828125 0.764648438
vt 0.827148438 0.73828125
vt 0.791015625 0.739746094
vt 0.827148438 0.715820312
vt 0.791992188 0.713378906
vt 0.829101562 0.690429688
vt 0.793945312 0.686523438
vt 0.833496094 0.658203125
vt 0.826660156 0.65625
vt 0.806640625 0.621582031
vt 0.835449219 0.63671875
vt 0.838378906 0.627441406
vt 0.810546875 0.613769531
vt 0.819335938 0.409179688
vt 0.869140625 0.403808594
vt 0.868652344 0.399658203
vt 0.818847656 0.405029297
vt 0.80078125 0.412597656
vt 0.819335938 0.409179688
vt 0.818847656 0.405029297
vt 0.799804688 0.406738281
vt 0.818847656 0.405029297
vt 0.868652344 0.399658203
vt 0.864257812 0.384277344
vt 0.818359375 0.385742188
vt 0.799804688 0.406738281
vt 0.818847656 0.405029297
vt 0.818359375 0.385742188
vt 0.803710938 0.38671875
vt 0.791992188 0.616210938
vt 0.810546875 0.613769531
vt 0.795410156 0.607910156
vt 0.806640625 0.621582031
vt 0.777832031 0.650878906
vt 0.7890625 0.652832031
vt 0.7890625 0.652832031
vt 0.818847656 0.654785156
vt 0.806640625 0.621582031
vt 0.793945312 0.686523438
vt 0.927734375 0.880371094
vt 0.960449219 0.860351562
vt 0.955566406 0.853027344
vt 0.920898438 0.872070312
vt 0.927734375 0.880371094
vt 0.920898438 0.872070312
vt 0.909179688 0.8828125
vt 0.918457031 0.889648438
vt 0.888183594 0.788574219
vt 0.936035156 0.766601562
vt 0.93359375 0.760253906
vt 0.885742188 0.782714844
vt 0.875976562 0.79296875
vt 0.888183594 0.788574219
vt 0.885742188 0.782714844
vt 0.873046875 0.786132812
vt 0.933105469 0.754882812
vt 0.885742188 0.782714844
vt 0.93359375 0.760253906
vt 0.88671875 0.7734375
vt 0.930175781 0.73828125
vt 0.906738281 0.739257812
vt 0.881835938 0.760742188
vt 0.9296875 0.709960938
vt 0.882324219 0.729492188
vt 0.876953125 0.751464844
vt 0.887695312 0.716796875
vt 0.901855469 0.713378906
vt 0.887695312 0.716796875
vt 0.889648438 0.710449219
vt 0.893066406 0.687988281
vt 0.932128906 0.690429688
vt 0.905273438 0.690429688
vt 0.905273438 0.690429688
vt 0.896484375 0.665527344
vt 0.908691406 0.66796875
vt 0.908691406 0.66796875
vt 0.934082031 0.670898438
vt 0.913085938 0.643554688
vt 0.900878906 0.641113281
vt 0.904785156 0.621582031
vt 0.916992188 0.624023438
vt 0.937988281 0.647949219
vt 0.913085938 0.643554688
vt 0.915039062 0.582519531
vt 0.926757812 0.5859375
vt 0.916992188 0.624023438
vt 0.940917969 0.62890625
vt 0.950683594 0.591796875
vt 0.926757812 0.5859375
vt 0.935546875 0.555175781
vt 0.923828125 0.551269531
vt 0.932617188 0.521972656
vt 0.944335938 0.525390625
vt 0.959960938 0.559082031
vt 0.935546875 0.555175781
vt 0.944335938 0.525390625
vt 0.970214844 0.529296875
vt 0.88671875 0.7734375
vt 0.873046875 0.786132812
vt 0.885742188 0.782714844
vt 0.872558594 0.776367188
vt 0.881835938 0.760742188
vt 0.868652344 0.763183594
vt 0.876953125 0.751464844
vt 0.864257812 0.750976562
vt 0.970214844 0.529296875
vt 0.971679688 0.562988281
vt 0.981933594 0.533203125
vt 0.959960938 0.559082031
vt 0.962402344 0.594726562
vt 0.950683594 0.591796875
vt 0.940917969 0.62890625
vt 0.953125 0.631347656
vt 0.950195312 0.649902344
vt 0.937988281 0.647949219
vt 0.946289062 0.672363281
vt 0.934082031 0.670898438
vt 0.932128906 0.690429688
vt 0.944335938 0.69140625
vt 0.942382812 0.710449219
vt 0.9296875 0.709960938
vt 0.942871094 0.736328125
vt 0.930175781 0.73828125
vt 0.933105469 0.754882812
vt 0.9453125 0.751464844
vt 0.93359375 0.760253906
vt 0.946777344 0.755371094
vt 0.853027344 0.632324219
vt 0.838378906 0.627441406
vt 0.835449219 0.63671875
vt 0.850097656 0.641113281
vt 0.833496094 0.658203125
vt 0.845703125 0.660644531
vt 0.829101562 0.690429688
vt 0.840820312 0.691894531
vt 0.827148438 0.715820312
vt 0.838867188 0.716308594
vt 0.839355469 0.737792969
vt 0.827148438 0.73828125
vt 0.828125 0.764648438
vt 0.840332031 0.764160156
vt 0.831054688 0.799316406
vt 0.842773438 0.797363281
vt 0.849121094 0.828125
vt 0.837402344 0.831054688
vt 0.846679688 0.861328125
vt 0.857910156 0.857421875
vt 0.870605469 0.88671875
vt 0.859375 0.891601562
vt 0.877441406 0.926757812
vt 0.888183594 0.920898438
vt 0.895996094 0.935546875
vt 0.885742188 0.940917969
vt 0.88671875 0.572753906
vt 0.864257812 0.576660156
vt 0.880371094 0.583984375
vt 0.87109375 0.569335938
vt 0.871582031 0.563964844
vt 0.888183594 0.565429688
vt 0.885253906 0.552246094
vt 0.869628906 0.553710938
vt 0.877929688 0.531738281
vt 0.864746094 0.534179688
vt 0.860839844 0.506347656
vt 0.872070312 0.504882812
vt 0.869628906 0.477783203
vt 0.859863281 0.477783203
vt 0.859863281 0.454833984
vt 0.87109375 0.456542969
vt 0.876464844 0.435546875
vt 0.863769531 0.431884766
vt 0.8828125 0.423828125
vt 0.8671875 0.419921875
vt 0.888671875 0.403320312
vt 0.869140625 0.403808594
vt 0.887695312 0.397460938
vt 0.868652344 0.399658203
vt 0.869140625 0.403808594
vt 0.888671875 0.403320312
vt 0.864257812 0.384277344
vt 0.868652344 0.399658203
vt 0.887695312 0.397460938
vt 0.877441406 0.379638672
vt 0.971679688 0.850585938
vt 0.955566406 0.853027344
vt 0.960449219 0.860351562
vt 0.972167969 0.858398438
vt 0.962890625 0.834960938
vt 0.955566406 0.853027344
vt 0.971679688 0.850585938
vt 0.948730469 0.840332031
vt 0.942871094 0.825195312
vt 0.954589844 0.820800781
vt 0.947265625 0.801269531
vt 0.935546875 0.802734375
vt 0.947265625 0.776855469
vt 0.93359375 0.77734375
vt 0.94921875 0.763183594
vt 0.936035156 0.766601562
vt 0.93359375 0.760253906
vt 0.936035156 0.766601562
vt 0.94921875 0.763183594
vt 0.946777344 0.755371094
vt 0.836914062 0.576171875
vt 0.829101562 0.567871094
vt 0.87109375 0.569335938
vt 0.864257812 0.576660156
vt 0.920898438 0.872070312
vt 0.948730469 0.840332031
vt 0.955566406 0.853027344
vt 0.9140625 0.856445312
vt 0.942871094 0.825195312
vt 0.908691406 0.839355469
vt 0.902832031 0.81640625
vt 0.935546875 0.802734375
vt 0.93359375 0.77734375
vt 0.895019531 0.793945312
vt 0.936035156 0.766601562
vt 0.888183594 0.788574219
vt 0.8203125 0.583007812
vt 0.813476562 0.570800781
vt 0.829101562 0.567871094
vt 0.836914062 0.576171875
vt 0.909179688 0.8828125
vt 0.9140625 0.856445312
vt 0.920898438 0.872070312
vt 0.900390625 0.862792969
vt 0.908691406 0.839355469
vt 0.896972656 0.843261719
vt 0.891601562 0.820800781
vt 0.902832031 0.81640625
vt 0.895019531 0.793945312
vt 0.882324219 0.800292969
vt 0.888183594 0.788574219
vt 0.875976562 0.79296875
vt 0.876953125 0.751464844
vt 0.864257812 0.750976562
vt 0.874023438 0.72265625
vt 0.882324219 0.729492188
vt 0.793945312 0.686523438
vt 0.818847656 0.654785156
vt 0.826660156 0.65625
vt 0.806640625 0.621582031
vt 0.781738281 0.686523438
vt 0.777832031 0.650878906
vt 0.7890625 0.652832031
vt 0.793945312 0.686523438
vt 0.791992188 0.713378906
vt 0.779785156 0.712890625
vt 0.779296875 0.739746094
vt 0.791015625 0.739746094
vt 0.779785156 0.770507812
vt 0.791992188 0.770019531
vt 0.782714844 0.806640625
vt 0.794921875 0.805664062
vt 0.786132812 0.842773438
vt 0.798339844 0.841308594
vt 0.8046875 0.872070312
vt 0.79296875 0.875
vt 0.804199219 0.915039062
vt 0.815429688 0.911132812
vt 0.835449219 0.954101562
vt 0.814941406 0.938476562
vt 0.797851562 0.961425781
vt 0.800292969 0.966308594
vt 0.794433594 0.979003906
vt 0.812988281 0.977050781
vt 0.829589844 0.990234375
vt 0.84765625 0.971191406
vt 0.877441406 0.926757812
vt 0.885742188 0.940917969
vt 0.815429688 0.911132812
vt 0.859375 0.891601562
vt 0.846679688 0.861328125
vt 0.8046875 0.872070312
vt 0.837402344 0.831054688
vt 0.798339844 0.841308594
vt 0.831054688 0.799316406
vt 0.794921875 0.805664062
vt 0.791992188 0.770019531
vt 0.828125 0.764648438
vt 0.827148438 0.73828125
vt 0.791015625 0.739746094
vt 0.827148438 0.715820312
vt 0.791992188 0.713378906
vt 0.829101562 0.690429688
vt 0.793945312 0.686523438
vt 0.833496094 0.658203125
vt 0.826660156 0.65625
vt 0.806640625 0.621582031
vt 0.835449219 0.63671875
vt 0.838378906 0.627441406
vt 0.810546875 0.613769531
vt 0.829101562 0.5625
vt 0.869628906 0.553710938
vt 0.871582031 0.563964844
vt 0.831054688 0.553222656
vt 0.864746094 0.534179688
vt 0.835449219 0.53515625
vt 0.860839844 0.506347656
vt 0.836914062 0.506835938
vt 0.8359375 0.478759766
vt 0.859863281 0.477783203
vt 0.859863281 0.454833984
vt 0.834472656 0.456054688
vt 0.830078125 0.433349609
vt 0.863769531 0.431884766
vt 0.8671875 0.419921875
vt 0.825195312 0.422363281
vt 0.869140625 0.403808594
vt 0.819335938 0.409179688
vt 0.829101562 0.5625
vt 0.8125 0.563964844
vt 0.815429688 0.551757812
vt 0.831054688 0.553222656
vt 0.835449219 0.53515625
vt 0.822265625 0.532714844
vt 0.836914062 0.506835938
vt 0.825683594 0.505859375
vt 0.826171875 0.479248047
vt 0.8359375 0.478759766
vt 0.834472656 0.456054688
vt 0.823242188 0.458496094
vt 0.817871094 0.438476562
vt 0.830078125 0.433349609
vt 0.825195312 0.422363281
vt 0.811035156 0.4296875
vt 0.819335938 0.409179688
vt 0.80078125 0.412597656
vt 0.829101562 0.567871094
vt 0.829101562 0.5625
vt 0.871582031 0.563964844
vt 0.87109375 0.569335938
vt 0.813476562 0.570800781
vt 0.8125 0.563964844
vt 0.829101562 0.5625
vt 0.829101562 0.567871094
vt 0.819335938 0.409179688
vt 0.818847656 0.405029297
vt 0.868652344 0.399658203
vt 0.869140625 0.403808594
vt 0.80078125 0.412597656
vt 0.799804688 0.406738281
vt 0.818847656 0.405029297
vt 0.819335938 0.409179688
vt 0.818847656 0.405029297
vt 0.818359375 0.385742188
vt 0.864257812 0.384277344
vt 0.868652344 0.399658203
vt 0.799804688 0.406738281
vt 0.803710938 0.38671875
vt 0.818359375 0.385742188
vt 0.818847656 0.405029297
vt 0.791992188 0.616210938
vt 0.795410156 0.607910156
vt 0.810546875 0.613769531
vt 0.806640625 0.621582031
vt 0.777832031 0.650878906
vt 0.7890625 0.652832031
vt 0.7890625 0.652832031
vt 0.806640625 0.621582031
vt 0.818847656 0.654785156
vt 0.793945312 0.686523438
vt 0.927734375 0.880371094
vt 0.920898438 0.872070312
vt 0.955566406 0.853027344
vt 0.960449219 0.860351562
vt 0.927734375 0.880371094
vt 0.918457031 0.889648438
vt 0.909179688 0.8828125
vt 0.920898438 0.872070312
vt 0.888183594 0.788574219
vt 0.885742188 0.782714844
vt 0.93359375 0.760253906
vt 0.936035156 0.766601562
vt 0.875976562 0.79296875
vt 0.873046875 0.786132812
vt 0.885742188 0.782714844
vt 0.888183594 0.788574219
vt 0.933105469 0.754882812
vt 0.93359375 0.760253906
vt 0.885742188 0.782714844
vt 0.88671875 0.7734375
vt 0.930175781 0.73828125
vt 0.906738281 0.739257812
vt 0.881835938 0.760742188
vt 0.9296875 0.709960938
vt 0.882324219 0.729492188
vt 0.876953125 0.751464844
vt 0.901855469 0.713378906
vt 0.932128906 0.690429688
vt 0.905273438 0.690429688
vt 0.908691406 0.66796875
vt 0.934082031 0.670898438
vt 0.937988281 0.647949219
vt 0.913085938 0.643554688
vt 0.916992188 0.624023438
vt 0.940917969 0.62890625
vt 0.950683594 0.591796875
vt 0.926757812 0.5859375
vt 0.959960938 0.559082031
vt 0.935546875 0.555175781
vt 0.944335938 0.525390625
vt 0.970214844 0.529296875
vt 0.88671875 0.7734375
vt 0.885742188 0.782714844
vt 0.873046875 0.786132812
vt 0.872558594 0.776367188
vt 0.881835938 0.760742188
vt 0.868652344 0.763183594
vt 0.876953125 0.751464844
vt 0.864257812 0.750976562
vt 0.887695312 0.716796875
vt 0.901855469 0.713378906
vt 0.906738281 0.739257812
vt 0.889648438 0.710449219
vt 0.893066406 0.687988281
vt 0.905273438 0.690429688
vt 0.896484375 0.665527344
vt 0.908691406 0.66796875
vt 0.913085938 0.643554688
vt 0.900878906 0.641113281
vt 0.904785156 0.621582031
vt 0.916992188 0.624023438
vt 0.915039062 0.582519531
vt 0.926757812 0.5859375
vt 0.935546875 0.555175781
vt 0.923828125 0.551269531
vt 0.932617188 0.521972656
vt 0.944335938 0.525390625
vt 0.970214844 0.529296875
vt 0.981933594 0.533203125
vt 0.971679688 0.562988281
vt 0.959960938 0.559082031
vt 0.962402344 0.594726562
vt 0.950683594 0.591796875
vt 0.940917969 0.62890625
vt 0.953125 0.631347656
vt 0.950195312 0.649902344
vt 0.937988281 0.647949219
vt 0.946289062 0.672363281
vt 0.934082031 0.670898438
vt 0.932128906 0.690429688
vt 0.944335938 0.69140625
vt 0.942382812 0.710449219
vt 0.9296875 0.709960938
vt 0.942871094 0.736328125
vt 0.930175781 0.73828125
vt 0.933105469 0.754882812
vt 0.9453125 0.751464844
vt 0.93359375 0.760253906
vt 0.946777344 0.755371094
vt 0.853027344 0.632324219
vt 0.835449219 0.63671875
vt 0.838378906 0.627441406
vt 0.850097656 0.641113281
vt 0.833496094 0.658203125
vt 0.845703125 0.660644531
vt 0.829101562 0.690429688
vt 0.840820312 0.691894531
vt 0.827148438 0.715820312
vt 0.838867188 0.716308594
vt 0.839355469 0.737792969
vt 0.827148438 0.73828125
vt 0.828125 0.764648438
vt 0.840332031 0.764160156
vt 0.831054688 0.799316406
vt 0.842773438 0.797363281
vt 0.849121094 0.828125
vt 0.837402344 0.831054688
vt 0.846679688 0.861328125
vt 0.857910156 0.857421875
vt 0.870605469 0.88671875
vt 0.859375 0.891601562
vt 0.877441406 0.926757812
vt 0.888183594 0.920898438
vt 0.895996094 0.935546875
vt 0.885742188 0.940917969
vt 0.88671875 0.572753906
vt 0.880371094 0.583984375
vt 0.864257812 0.576660156
vt 0.87109375 0.569335938
vt 0.871582031 0.563964844
vt 0.888183594 0.565429688
vt 0.88671875 0.572753906
vt 0.87109375 0.569335938
vt 0.885253906 0.552246094
vt 0.888183594 0.565429688
vt 0.871582031 0.563964844
vt 0.869628906 0.553710938
vt 0.877929688 0.531738281
vt 0.864746094 0.534179688
vt 0.860839844 0.506347656
vt 0.872070312 0.504882812
vt 0.869628906 0.477783203
vt 0.859863281 0.477783203
vt 0.859863281 0.454833984
vt 0.87109375 0.456542969
vt 0.876464844 0.435546875
vt 0.863769531 0.431884766
vt 0.8828125 0.423828125
vt 0.8671875 0.419921875
vt 0.888671875 0.403320312
vt 0.869140625 0.403808594
vt 0.887695312 0.397460938
vt 0.888671875 0.403320312
vt 0.869140625 0.403808594
vt 0.868652344 0.399658203
vt 0.864257812 0.384277344
vt 0.877441406 0.379638672
vt 0.887695312 0.397460938
vt 0.868652344 0.399658203
vt 0.971679688 0.850585938
vt 0.972167969 0.858398438
vt 0.960449219 0.860351562
vt 0.955566406 0.853027344
vt 0.962890625 0.834960938
vt 0.971679688 0.850585938
vt 0.955566406 0.853027344
vt 0.948730469 0.840332031
vt 0.942871094 0.825195312
vt 0.954589844 0.820800781
vt 0.947265625 0.801269531
vt 0.935546875 0.802734375
vt 0.947265625 0.776855469
vt 0.93359375 0.77734375
vt 0.94921875 0.763183594
vt 0.936035156 0.766601562
vt 0.93359375 0.760253906
vt 0.946777344 0.755371094
vt 0.94921875 0.763183594
vt 0.936035156 0.766601562
vt 0.836914062 0.576171875
vt 0.87109375 0.569335938
vt 0.864257812 0.576660156
vt 0.829101562 0.567871094
vt 0.871582031 0.563964844
vt 0.829101562 0.5625
vt 0.869628906 0.553710938
vt 0.831054688 0.553222656
vt 0.864746094 0.534179688
vt 0.835449219 0.53515625
vt 0.860839844 0.506347656
vt 0.836914062 0.506835938
vt 0.8359375 0.478759766
vt 0.859863281 0.477783203
vt 0.859863281 0.454833984
vt 0.834472656 0.456054688
vt 0.830078125 0.433349609
vt 0.863769531 0.431884766
vt 0.8671875 0.419921875
vt 0.825195312 0.422363281
vt 0.869140625 0.403808594
vt 0.819335938 0.409179688
vt 0.920898438 0.872070312
vt 0.948730469 0.840332031
vt 0.955566406 0.853027344
vt 0.9140625 0.856445312
vt 0.942871094 0.825195312
vt 0.908691406 0.839355469
vt 0.902832031 0.81640625
vt 0.935546875 0.802734375
vt 0.93359375 0.77734375
vt 0.895019531 0.793945312
vt 0.936035156 0.766601562
vt 0.888183594 0.788574219
vt 0.8203125 0.583007812
vt 0.829101562 0.567871094
vt 0.836914062 0.576171875
vt 0.813476562 0.570800781
vt 0.829101562 0.5625
vt 0.8125 0.563964844
vt 0.815429688 0.551757812
vt 0.831054688 0.553222656
vt 0.835449219 0.53515625
vt 0.822265625 0.532714844
vt 0.836914062 0.506835938
vt 0.825683594 0.505859375
vt 0.826171875 0.479248047
vt 0.8359375 0.478759766
vt 0.834472656 0.456054688
vt 0.823242188 0.458496094
vt 0.817871094 0.438476562
vt 0.830078125 0.433349609
vt 0.825195312 0.422363281
vt 0.811035156 0.4296875
vt 0.819335938 0.409179688
vt 0.80078125 0.412597656
vt 0.909179688 0.8828125
vt 0.9140625 0.856445312
vt 0.920898438 0.872070312
vt 0.900390625 0.862792969
vt 0.908691406 0.839355469
vt 0.896972656 0.843261719
vt 0.891601562 0.820800781
vt 0.902832031 0.81640625
vt 0.895019531 0.793945312
vt 0.882324219 0.800292969
vt 0.888183594 0.788574219
vt 0.875976562 0.79296875
vt 0.876953125 0.751464844
vt 0.864257812 0.750976562
vt 0.874023438 0.72265625
vt 0.882324219 0.729492188
vt 0.793945312 0.686523438
vt 0.818847656 0.654785156
vt 0.826660156 0.65625
vt 0.806640625 0.621582031
vt 0.781738281 0.686523438
vt 0.777832031 0.650878906
vt 0.7890625 0.652832031
vt 0.793945312 0.686523438
vt 0.791992188 0.713378906
vt 0.779785156 0.712890625
vt 0.779296875 0.739746094
vt 0.791015625 0.739746094
vt 0.779785156 0.770507812
vt 0.791992188 0.770019531
vt 0.782714844 0.806640625
vt 0.794921875 0.805664062
vt 0.786132812 0.842773438
vt 0.798339844 0.841308594
vt 0.8046875 0.872070312
vt 0.79296875 0.875
vt 0.804199219 0.915039062
vt 0.815429688 0.911132812
vt 0.835449219 0.954101562
vt 0.814941406 0.938476562
vt 0.797851562 0.961425781
vt 0.800292969 0.966308594
vt 0.794433594 0.979003906
vt 0.812988281 0.977050781
vt 0.829589844 0.990234375
vt 0.84765625 0.971191406
vt 0.877441406 0.926757812
vt 0.885742188 0.940917969
vt 0.815429688 0.911132812
vt 0.859375 0.891601562
vt 0.846679688 0.861328125
vt 0.8046875 0.872070312
vt 0.837402344 0.831054688
vt 0.798339844 0.841308594
vt 0.831054688 0.799316406
vt 0.794921875 0.805664062
vt 0.791992188 0.770019531
vt 0.828125 0.764648438
vt 0.827148438 0.73828125
vt 0.791015625 0.739746094
vt 0.827148438 0.715820312
vt 0.791992188 0.713378906
vt 0.829101562 0.690429688
vt 0.793945312 0.686523438
vt 0.833496094 0.658203125
vt 0.826660156 0.65625
vt 0.806640625 0.621582031
vt 0.835449219 0.63671875
vt 0.838378906 0.627441406
vt 0.810546875 0.613769531
vt 0.819335938 0.409179688
vt 0.818847656 0.405029297
vt 0.868652344 0.399658203
vt 0.869140625 0.403808594
vt 0.80078125 0.412597656
vt 0.799804688 0.406738281
vt 0.818847656 0.405029297
vt 0.819335938 0.409179688
vt 0.818847656 0.405029297
vt 0.818359375 0.385742188
vt 0.864257812 0.384277344
vt 0.868652344 0.399658203
vt 0.799804688 0.406738281
vt 0.803710938 0.38671875
vt 0.818359375 0.385742188
vt 0.818847656 0.405029297
vt 0.791992188 0.616210938
vt 0.795410156 0.607910156
vt 0.810546875 0.613769531
vt 0.806640625 0.621582031
vt 0.777832031 0.650878906
vt 0.7890625 0.652832031
vt 0.7890625 0.652832031
vt 0.806640625 0.621582031
vt 0.818847656 0.654785156
vt 0.793945312 0.686523438
vt 0.927734375 0.880371094
vt 0.920898438 0.872070312
vt 0.955566406 0.853027344
vt 0.960449219 0.860351562
vt 0.927734375 0.880371094
vt 0.918457031 0.889648438
vt 0.909179688 0.8828125
vt 0.920898438 0.872070312
vt 0.888183594 0.788574219
vt 0.885742188 0.782714844
vt 0.93359375 0.760253906
vt 0.936035156 0.766601562
vt 0.875976562 0.79296875
vt 0.873046875 0.786132812
vt 0.885742188 0.782714844
vt 0.888183594 0.788574219
vt 0.933105469 0.754882812
vt 0.93359375 0.760253906
vt 0.885742188 0.782714844
vt 0.88671875 0.7734375
vt 0.930175781 0.73828125
vt 0.906738281 0.739257812
vt 0.881835938 0.760742188
vt 0.9296875 0.709960938
vt 0.882324219 0.729492188
vt 0.876953125 0.751464844
vt 0.887695312 0.716796875
vt 0.901855469 0.713378906
vt 0.932128906 0.690429688
vt 0.905273438 0.690429688
vt 0.908691406 0.66796875
vt 0.934082031 0.670898438
vt 0.937988281 0.647949219
vt 0.913085938 0.643554688
vt 0.916992188 0.624023438
vt 0.940917969 0.62890625
vt 0.950683594 0.591796875
vt 0.926757812 0.5859375
vt 0.959960938 0.559082031
vt 0.935546875 0.555175781
vt 0.944335938 0.525390625
vt 0.970214844 0.529296875
vt 0.88671875 0.7734375
vt 0.885742188 0.782714844
vt 0.873046875 0.786132812
vt 0.872558594 0.776367188
vt 0.881835938 0.760742188
vt 0.868652344 0.763183594
vt 0.876953125 0.751464844
vt 0.864257812 0.750976562
vt 0.887695312 0.716796875
vt 0.901855469 0.713378906
vt 0.906738281 0.739257812
vt 0.889648438 0.710449219
vt 0.893066406 0.687988281
vt 0.905273438 0.690429688
vt 0.896484375 0.665527344
vt 0.908691406 0.66796875
vt 0.913085938 0.643554688
vt 0.900878906 0.641113281
vt 0.904785156 0.621582031
vt 0.916992188 0.624023438
vt 0.915039062 0.582519531
vt 0.926757812 0.5859375
vt 0.935546875 0.555175781
vt 0.923828125 0.551269531
vt 0.932617188 0.521972656
vt 0.944335938 0.525390625
vt 0.970214844 0.529296875
vt 0.981933594 0.533203125
vt 0.971679688 0.562988281
vt 0.959960938 0.559082031
vt 0.962402344 0.594726562
vt 0.950683594 0.591796875
vt 0.940917969 0.62890625
vt 0.953125 0.631347656
vt 0.950195312 0.649902344
vt 0.937988281 0.647949219
vt 0.946289062 0.672363281
vt 0.934082031 0.670898438
vt 0.932128906 0.690429688
vt 0.944335938 0.69140625
vt 0.942382812 0.710449219
vt 0.9296875 0.709960938
vt 0.942871094 0.736328125
vt 0.930175781 0.73828125
vt 0.933105469 0.754882812
vt 0.9453125 0.751464844
vt 0.93359375 0.760253906
vt 0.946777344 0.755371094
vt 0.853027344 0.632324219
vt 0.835449219 0.63671875
vt 0.838378906 0.627441406
vt 0.850097656 0.641113281
vt 0.833496094 0.658203125
vt 0.845703125 0.660644531
vt 0.829101562 0.690429688
vt 0.840820312 0.691894531
vt 0.827148438 0.715820312
vt 0.838867188 0.716308594
vt 0.839355469 0.737792969
vt 0.827148438 0.73828125
vt 0.828125 0.764648438
vt 0.840332031 0.764160156
vt 0.831054688 0.799316406
vt 0.842773438 0.797363281
vt 0.849121094 0.828125
vt 0.837402344 0.831054688
vt 0.846679688 0.861328125
vt 0.857910156 0.857421875
vt 0.870605469 0.88671875
vt 0.859375 0.891601562
vt 0.877441406 0.926757812
vt 0.888183594 0.920898438
vt 0.895996094 0.935546875
vt 0.885742188 0.940917969
vt 0.88671875 0.572753906
vt 0.880371094 0.583984375
vt 0.864257812 0.576660156
vt 0.87109375 0.569335938
vt 0.871582031 0.563964844
vt 0.888183594 0.565429688
vt 0.885253906 0.552246094
vt 0.869628906 0.553710938
vt 0.877929688 0.531738281
vt 0.864746094 0.534179688
vt 0.860839844 0.506347656
vt 0.872070312 0.504882812
vt 0.869628906 0.477783203
vt 0.859863281 0.477783203
vt 0.859863281 0.454833984
vt 0.87109375 0.456542969
vt 0.876464844 0.435546875
vt 0.863769531 0.431884766
vt 0.8828125 0.423828125
vt 0.8671875 0.419921875
vt 0.888671875 0.403320312
vt 0.869140625 0.403808594
vt 0.887695312 0.397460938
vt 0.888671875 0.403320312
vt 0.869140625 0.403808594
vt 0.868652344 0.399658203
vt 0.864257812 0.384277344
vt 0.877441406 0.379638672
vt 0.887695312 0.397460938
vt 0.868652344 0.399658203
vt 0.971679688 0.850585938
vt 0.972167969 0.858398438
vt 0.960449219 0.860351562
vt 0.955566406 0.853027344
vt 0.962890625 0.834960938
vt 0.971679688 0.850585938
vt 0.955566406 0.853027344
vt 0.948730469 0.840332031
vt 0.942871094 0.825195312
vt 0.954589844 0.820800781
vt 0.947265625 0.801269531
vt 0.935546875 0.802734375
vt 0.947265625 0.776855469
vt 0.93359375 0.77734375
vt 0.94921875 0.763183594
vt 0.936035156 0.766601562
vt 0.93359375 0.760253906
vt 0.946777344 0.755371094
vt 0.94921875 0.763183594
vt 0.936035156 0.766601562
vt 0.836914062 0.576171875
vt 0.864257812 0.576660156
vt 0.87109375 0.569335938
vt 0.829101562 0.567871094
vt 0.920898438 0.872070312
vt 0.955566406 0.853027344
vt 0.948730469 0.840332031
vt 0.9140625 0.856445312
vt 0.942871094 0.825195312
vt 0.908691406 0.839355469
vt 0.902832031 0.81640625
vt 0.935546875 0.802734375
vt 0.93359375 0.77734375
vt 0.895019531 0.793945312
vt 0.936035156 0.766601562
vt 0.888183594 0.788574219
vt 0.8203125 0.583007812
vt 0.836914062 0.576171875
vt 0.829101562 0.567871094
vt 0.813476562 0.570800781
vt 0.909179688 0.8828125
vt 0.920898438 0.872070312
vt 0.9140625 0.856445312
vt 0.900390625 0.862792969
vt 0.908691406 0.839355469
vt 0.896972656 0.843261719
vt 0.891601562 0.820800781
vt 0.902832031 0.81640625
vt 0.895019531 0.793945312
vt 0.882324219 0.800292969
vt 0.888183594 0.788574219
vt 0.875976562 0.79296875
vt 0.876953125 0.751464844
vt 0.882324219 0.729492188
vt 0.874023438 0.72265625
vt 0.864257812 0.750976562
vt 0.793945312 0.686523438
vt 0.826660156 0.65625
vt 0.818847656 0.654785156
vt 0.806640625 0.621582031
vt 0.781738281 0.686523438
vt 0.7890625 0.652832031
vt 0.777832031 0.650878906
vt 0.793945312 0.686523438
vt 0.791992188 0.713378906
vt 0.779785156 0.712890625
vt 0.779296875 0.739746094
vt 0.791015625 0.739746094
vt 0.779785156 0.770507812
vt 0.791992188 0.770019531
vt 0.782714844 0.806640625
vt 0.794921875 0.805664062
vt 0.786132812 0.842773438
vt 0.798339844 0.841308594
vt 0.8046875 0.872070312
vt 0.79296875 0.875
vt 0.804199219 0.915039062
vt 0.815429688 0.911132812
vt 0.835449219 0.954101562
vt 0.814941406 0.938476562
vt 0.797851562 0.961425781
vt 0.800292969 0.966308594
vt 0.794433594 0.979003906
vt 0.812988281 0.977050781
vt 0.829589844 0.990234375
vt 0.84765625 0.971191406
vt 0.877441406 0.926757812
vt 0.885742188 0.940917969
vt 0.815429688 0.911132812
vt 0.859375 0.891601562
vt 0.846679688 0.861328125
vt 0.8046875 0.872070312
vt 0.837402344 0.831054688
vt 0.798339844 0.841308594
vt 0.831054688 0.799316406
vt 0.794921875 0.805664062
vt 0.791992188 0.770019531
vt 0.828125 0.764648438
vt 0.827148438 0.73828125
vt 0.791015625 0.739746094
vt 0.827148438 0.715820312
vt 0.791992188 0.713378906
vt 0.829101562 0.690429688
vt 0.793945312 0.686523438
vt 0.833496094 0.658203125
vt 0.826660156 0.65625
vt 0.806640625 0.621582031
vt 0.835449219 0.63671875
vt 0.838378906 0.627441406
vt 0.810546875 0.613769531
vt 0.829101562 0.5625
vt 0.871582031 0.563964844
vt 0.869628906 0.553710938
vt 0.831054688 0.553222656
vt 0.864746094 0.534179688
vt 0.835449219 0.53515625
vt 0.860839844 0.506347656
vt 0.836914062 0.506835938
vt 0.8359375 0.478759766
vt 0.859863281 0.477783203
vt 0.859863281 0.454833984
vt 0.834472656 0.456054688
vt 0.830078125 0.433349609
vt 0.863769531 0.431884766
vt 0.8671875 0.419921875
vt 0.825195312 0.422363281
vt 0.869140625 0.403808594
vt 0.819335938 0.409179688
vt 0.829101562 0.5625
vt 0.815429688 0.551757812
vt 0.8125 0.563964844
vt 0.831054688 0.553222656
vt 0.835449219 0.53515625
vt 0.822265625 0.532714844
vt 0.836914062 0.506835938
vt 0.825683594 0.505859375
vt 0.826171875 0.479248047
vt 0.8359375 0.478759766
vt 0.834472656 0.456054688
vt 0.823242188 0.458496094
vt 0.817871094 0.438476562
vt 0.830078125 0.433349609
vt 0.825195312 0.422363281
vt 0.811035156 0.4296875
vt 0.819335938 0.409179688
vt 0.80078125 0.412597656
vt 0.829101562 0.567871094
vt 0.87109375 0.569335938
vt 0.871582031 0.563964844
vt 0.829101562 0.5625
vt 0.813476562 0.570800781
vt 0.829101562 0.567871094
vt 0.829101562 0.5625
vt 0.8125 0.563964844
vt 0.819335938 0.409179688
vt 0.869140625 0.403808594
vt 0.868652344 0.399658203
vt 0.818847656 0.405029297
vt 0.80078125 0.412597656
vt 0.819335938 0.409179688
vt 0.818847656 0.405029297
vt 0.799804688 0.406738281
vt 0.818847656 0.405029297
vt 0.868652344 0.399658203
vt 0.864257812 0.384277344
vt 0.818359375 0.385742188
vt 0.799804688 0.406738281
vt 0.818847656 0.405029297
vt 0.818359375 0.385742188
vt 0.803710938 0.38671875
vt 0.791992188 0.616210938
vt 0.810546875 0.613769531
vt 0.795410156 0.607910156
vt 0.806640625 0.621582031
vt 0.777832031 0.650878906
vt 0.7890625 0.652832031
vt 0.7890625 0.652832031
vt 0.818847656 0.654785156
vt 0.806640625 0.621582031
vt 0.793945312 0.686523438
vt 0.927734375 0.880371094
vt 0.960449219 0.860351562
vt 0.955566406 0.853027344
vt 0.920898438 0.872070312
vt 0.927734375 0.880371094
vt 0.920898438 0.872070312
vt 0.909179688 0.8828125
vt 0.918457031 0.889648438
vt 0.888183594 0.788574219
vt 0.936035156 0.766601562
vt 0.93359375 0.760253906
vt 0.885742188 0.782714844
vt 0.875976562 0.79296875
vt 0.888183594 0.788574219
vt 0.885742188 0.782714844
vt 0.873046875 0.786132812
vt 0.933105469 0.754882812
vt 0.885742188 0.782714844
vt 0.93359375 0.760253906
vt 0.88671875 0.7734375
vt 0.930175781 0.73828125
vt 0.906738281 0.739257812
vt 0.881835938 0.760742188
vt 0.9296875 0.709960938
vt 0.882324219 0.729492188
vt 0.876953125 0.751464844
vt 0.901855469 0.713378906
vt 0.932128906 0.690429688
vt 0.905273438 0.690429688
vt 0.908691406 0.66796875
vt 0.934082031 0.670898438
vt 0.937988281 0.647949219
vt 0.913085938 0.643554688
vt 0.916992188 0.624023438
vt 0.940917969 0.62890625
vt 0.950683594 0.591796875
vt 0.926757812 0.5859375
vt 0.959960938 0.559082031
vt 0.935546875 0.555175781
vt 0.944335938 0.525390625
vt 0.970214844 0.529296875
vt 0.88671875 0.7734375
vt 0.873046875 0.786132812
vt 0.885742188 0.782714844
vt 0.872558594 0.776367188
vt 0.881835938 0.760742188
vt 0.868652344 0.763183594
vt 0.876953125 0.751464844
vt 0.864257812 0.750976562
vt 0.887695312 0.716796875
vt 0.906738281 0.739257812
vt 0.901855469 0.713378906
vt 0.889648438 0.710449219
vt 0.893066406 0.687988281
vt 0.905273438 0.690429688
vt 0.896484375 0.665527344
vt 0.908691406 0.66796875
vt 0.913085938 0.643554688
vt 0.900878906 0.641113281
vt 0.904785156 0.621582031
vt 0.916992188 0.624023438
vt 0.915039062 0.582519531
vt 0.926757812 0.5859375
vt 0.935546875 0.555175781
vt 0.923828125 0.551269531
vt 0.932617188 0.521972656
vt 0.944335938 0.525390625
vt 0.970214844 0.529296875
vt 0.971679688 0.562988281
vt 0.981933594 0.533203125
vt 0.959960938 0.559082031
vt 0.962402344 0.594726562
vt 0.950683594 0.591796875
vt 0.940917969 0.62890625
vt 0.953125 0.631347656
vt 0.950195312 0.649902344
vt 0.937988281 0.647949219
vt 0.946289062 0.672363281
vt 0.934082031 0.670898438
vt 0.932128906 0.690429688
vt 0.944335938 0.69140625
vt 0.942382812 0.710449219
vt 0.9296875 0.709960938
vt 0.942871094 0.736328125
vt 0.930175781 0.73828125
vt 0.933105469 0.754882812
vt 0.9453125 0.751464844
vt 0.93359375 0.760253906
vt 0.946777344 0.755371094
vt 0.853027344 0.632324219
vt 0.838378906 0.627441406
vt 0.835449219 0.63671875
vt 0.850097656 0.641113281
vt 0.833496094 0.658203125
vt 0.845703125 0.660644531
vt 0.829101562 0.690429688
vt 0.840820312 0.691894531
vt 0.827148438 0.715820312
vt 0.838867188 0.716308594
vt 0.839355469 0.737792969
vt 0.827148438 0.73828125
vt 0.828125 0.764648438
vt 0.840332031 0.764160156
vt 0.831054688 0.799316406
vt 0.842773438 0.797363281
vt 0.849121094 0.828125
vt 0.837402344 0.831054688
vt 0.846679688 0.861328125
vt 0.857910156 0.857421875
vt 0.870605469 0.88671875
vt 0.859375 0.891601562
vt 0.877441406 0.926757812
vt 0.888183594 0.920898438
vt 0.895996094 0.935546875
vt 0.885742188 0.940917969
vt 0.88671875 0.572753906
vt 0.87109375 0.569335938
vt 0.864257812 0.576660156
vt 0.880371094 0.583984375
vt 0.871582031 0.563964844
vt 0.87109375 0.569335938
vt 0.88671875 0.572753906
vt 0.888183594 0.565429688
vt 0.885253906 0.552246094
vt 0.871582031 0.563964844
vt 0.888183594 0.565429688
vt 0.869628906 0.553710938
vt 0.877929688 0.531738281
vt 0.864746094 0.534179688
vt 0.860839844 0.506347656
vt 0.872070312 0.504882812
vt 0.869628906 0.477783203
vt 0.859863281 0.477783203
vt 0.859863281 0.454833984
vt 0.87109375 0.456542969
vt 0.876464844 0.435546875
vt 0.863769531 0.431884766
vt 0.8828125 0.423828125
vt 0.8671875 0.419921875
vt 0.888671875 0.403320312
vt 0.869140625 0.403808594
vt 0.887695312 0.397460938
vt 0.868652344 0.399658203
vt 0.869140625 0.403808594
vt 0.888671875 0.403320312
vt 0.864257812 0.384277344
vt 0.868652344 0.399658203
vt 0.887695312 0.397460938
vt 0.877441406 0.379638672
vt 0.971679688 0.850585938
vt 0.955566406 0.853027344
vt 0.960449219 0.860351562
vt 0.972167969 0.858398438
vt 0.962890625 0.834960938
vt 0.955566406 0.853027344
vt 0.971679688 0.850585938
vt 0.948730469 0.840332031
vt 0.942871094 0.825195312
vt 0.954589844 0.820800781
vt 0.947265625 0.801269531
vt 0.935546875 0.802734375
vt 0.947265625 0.776855469
vt 0.93359375 0.77734375
vt 0.94921875 0.763183594
vt 0.936035156 0.766601562
vt 0.93359375 0.760253906
vt 0.936035156 0.766601562
vt 0.94921875 0.763183594
vt 0.946777344 0.755371094
vt 0.967285156 0.318847656
vt 0.958007812 0.340576172
vt 0.970703125 0.338378906
vt 0.956054688 0.322021484
vt 0.944824219 0.323974609
vt 0.944824219 0.342529297
vt 0.928222656 0.341796875
vt 0.931152344 0.32421875
vt 0.919433594 0.322265625
vt 0.913085938 0.339355469
vt 0.908203125 0.317626953
vt 0.896972656 0.333007812
vt 0.893066406 0.305175781
vt 0.877929688 0.306152344
vt 0.919433594 0.293701172
vt 0.905761719 0.288574219
vt 0.903320312 0.292724609
vt 0.901367188 0.296142578
vt 0.908203125 0.317626953
vt 0.897460938 0.300292969
vt 0.893066406 0.305175781
vt 0.919433594 0.322265625
vt 0.931152344 0.32421875
vt 0.92578125 0.293945312
vt 0.931640625 0.294189453
vt 0.938476562 0.292724609
vt 0.945800781 0.291259766
vt 0.944824219 0.323974609
vt 0.961914062 0.282958984
vt 0.956054688 0.322021484
vt 0.967285156 0.318847656
vt 0.973632812 0.275390625
vt 0.979980469 0.273681641
vt 0.971191406 0.255371094
vt 0.979980469 0.273681641
vt 0.978515625 0.252685547
vt 0.973632812 0.275390625
vt 0.958007812 0.262695312
vt 0.961914062 0.282958984
vt 0.945800781 0.291259766
vt 0.94140625 0.271240234
vt 0.938476562 0.292724609
vt 0.935058594 0.272705078
vt 0.928710938 0.274169922
vt 0.931640625 0.294189453
vt 0.92578125 0.293945312
vt 0.922363281 0.273925781
vt 0.916503906 0.273681641
vt 0.919433594 0.293701172
vt 0.897460938 0.274414062
vt 0.905761719 0.288574219
vt 0.903320312 0.292724609
vt 0.905761719 0.288574219
vt 0.897460938 0.274414062
vt 0.890136719 0.281738281
vt 0.901367188 0.296142578
vt 0.884277344 0.287597656
vt 0.897460938 0.300292969
vt 0.881347656 0.296142578
vt 0.893066406 0.305175781
vt 0.877929688 0.306152344
vt 0.967285156 0.318847656
vt 0.970703125 0.338378906
vt 0.958007812 0.340576172
vt 0.956054688 0.322021484
vt 0.944824219 0.323974609
vt 0.944824219 0.342529297
vt 0.928222656 0.341796875
vt 0.931152344 0.32421875
vt 0.919433594 0.322265625
vt 0.913085938 0.339355469
vt 0.908203125 0.317626953
vt 0.896972656 0.333007812
vt 0.893066406 0.305175781
vt 0.877929688 0.306152344
vt 0.919433594 0.293701172
vt 0.903320312 0.292724609
vt 0.905761719 0.288574219
vt 0.901367188 0.296142578
vt 0.908203125 0.317626953
vt 0.897460938 0.300292969
vt 0.893066406 0.305175781
vt 0.919433594 0.322265625
vt 0.931152344 0.32421875
vt 0.92578125 0.293945312
vt 0.931640625 0.294189453
vt 0.938476562 0.292724609
vt 0.945800781 0.291259766
vt 0.944824219 0.323974609
vt 0.961914062 0.282958984
vt 0.956054688 0.322021484
vt 0.967285156 0.318847656
vt 0.973632812 0.275390625
vt 0.979980469 0.273681641
vt 0.971191406 0.255371094
vt 0.978515625 0.252685547
vt 0.979980469 0.273681641
vt 0.973632812 0.275390625
vt 0.958007812 0.262695312
vt 0.961914062 0.282958984
vt 0.945800781 0.291259766
vt 0.94140625 0.271240234
vt 0.938476562 0.292724609
vt 0.935058594 0.272705078
vt 0.928710938 0.274169922
vt 0.931640625 0.294189453
vt 0.92578125 0.293945312
vt 0.922363281 0.273925781
vt 0.916503906 0.273681641
vt 0.919433594 0.293701172
vt 0.897460938 0.274414062
vt 0.905761719 0.288574219
vt 0.903320312 0.292724609
vt 0.897460938 0.274414062
vt 0.905761719 0.288574219
vt 0.890136719 0.281738281
vt 0.901367188 0.296142578
vt 0.884277344 0.287597656
vt 0.897460938 0.300292969
vt 0.881347656 0.296142578
vt 0.893066406 0.305175781
vt 0.877929688 0.306152344
vt 0.967285156 0.318847656
vt 0.970703125 0.338378906
vt 0.958007812 0.340576172
vt 0.956054688 0.322021484
vt 0.944824219 0.323974609
vt 0.944824219 0.342529297
vt 0.928222656 0.341796875
vt 0.931152344 0.32421875
vt 0.919433594 0.322265625
vt 0.913085938 0.339355469
vt 0.908203125 0.317626953
vt 0.896972656 0.333007812
vt 0.893066406 0.305175781
vt 0.877929688 0.306152344
vt 0.919433594 0.293701172
vt 0.903320312 0.292724609
vt 0.905761719 0.288574219
vt 0.901367188 0.296142578
vt 0.908203125 0.317626953
vt 0.897460938 0.300292969
vt 0.893066406 0.305175781
vt 0.919433594 0.322265625
vt 0.931152344 0.32421875
vt 0.92578125 0.293945312
vt 0.931640625 0.294189453
vt 0.938476562 0.292724609
vt 0.945800781 0.291259766
vt 0.944824219 0.323974609
vt 0.961914062 0.282958984
vt 0.956054688 0.322021484
vt 0.967285156 0.318847656
vt 0.973632812 0.275390625
vt 0.979980469 0.273681641
vt 0.971191406 0.255371094
vt 0.978515625 0.252685547
vt 0.979980469 0.273681641
vt 0.973632812 0.275390625
vt 0.958007812 0.262695312
vt 0.961914062 0.282958984
vt 0.945800781 0.291259766
vt 0.94140625 0.271240234
vt 0.938476562 0.292724609
vt 0.935058594 0.272705078
vt 0.928710938 0.274169922
vt 0.931640625 0.294189453
vt 0.92578125 0.293945312
vt 0.922363281 0.273925781
vt 0.916503906 0.273681641
vt 0.919433594 0.293701172
vt 0.897460938 0.274414062
vt 0.905761719 0.288574219
vt 0.903320312 0.292724609
vt 0.897460938 0.274414062
vt 0.905761719 0.288574219
vt 0.890136719 0.281738281
vt 0.901367188 0.296142578
vt 0.884277344 0.287597656
vt 0.897460938 0.300292969
vt 0.881347656 0.296142578
vt 0.893066406 0.305175781
vt 0.877929688 0.306152344
vt 0.967285156 0.318847656
vt 0.958007812 0.340576172
vt 0.970703125 0.338378906
vt 0.956054688 0.322021484
vt 0.944824219 0.323974609
vt 0.944824219 0.342529297
vt 0.928222656 0.341796875
vt 0.931152344 0.32421875
vt 0.919433594 0.322265625
vt 0.913085938 0.339355469
vt 0.908203125 0.317626953
vt 0.896972656 0.333007812
vt 0.893066406 0.305175781
vt 0.877929688 0.306152344
vt 0.919433594 0.293701172
vt 0.905761719 0.288574219
vt 0.903320312 0.292724609
vt 0.901367188 0.296142578
vt 0.908203125 0.317626953
vt 0.897460938 0.300292969
vt 0.893066406 0.305175781
vt 0.919433594 0.322265625
vt 0.931152344 0.32421875
vt 0.92578125 0.293945312
vt 0.931640625 0.294189453
vt 0.938476562 0.292724609
vt 0.945800781 0.291259766
vt 0.944824219 0.323974609
vt 0.961914062 0.282958984
vt 0.956054688 0.322021484
vt 0.967285156 0.318847656
vt 0.973632812 0.275390625
vt 0.979980469 0.273681641
vt 0.971191406 0.255371094
vt 0.979980469 0.273681641
vt 0.978515625 0.252685547
vt 0.973632812 0.275390625
vt 0.958007812 0.262695312
vt 0.961914062 0.282958984
vt 0.945800781 0.291259766
vt 0.94140625 0.271240234
vt 0.938476562 0.292724609
vt 0.935058594 0.272705078
vt 0.928710938 0.274169922
vt 0.931640625 0.294189453
vt 0.92578125 0.293945312
vt 0.922363281 0.273925781
vt 0.916503906 0.273681641
vt 0.919433594 0.293701172
vt 0.897460938 0.274414062
vt 0.905761719 0.288574219
vt 0.903320312 0.292724609
vt 0.905761719 0.288574219
vt 0.897460938 0.274414062
vt 0.890136719 0.281738281
vt 0.901367188 0.296142578
vt 0.884277344 0.287597656
vt 0.897460938 0.300292969
vt 0.881347656 0.296142578
vt 0.893066406 0.305175781
vt 0.877929688 0.306152344
vt 0.951171875 0.958984375
vt 0.968261719 0.952148438
vt 0.968261719 0.935546875
vt 0.951171875 0.930664062
vt 0.961425781 0.910644531
vt 0.931152344 0.910644531
vt 0.931152344 0.930664062
vt 0.951171875 0.930664062
vt 0.931152344 0.958984375
vt 0.951171875 0.958984375
vt 0.951171875 0.930664062
vt 0.931152344 0.930664062
vt 0.931152344 0.978515625
vt 0.961425781 0.978515625
vt 0.951171875 0.958984375
vt 0.931152344 0.958984375
vt 0.967285156 0.787109375
vt 0.987792969 0.811035156
vt 0.967285156 0.811035156
vt 0.98828125 0.787109375
vt 0.967285156 0.764648438
vt 0.987792969 0.764648438
vt 0.951171875 0.958984375
vt 0.951171875 0.930664062
vt 0.968261719 0.935546875
vt 0.968261719 0.952148438
vt 0.961425781 0.910644531
vt 0.951171875 0.930664062
vt 0.931152344 0.930664062
vt 0.931152344 0.910644531
vt 0.931152344 0.958984375
vt 0.931152344 0.930664062
vt 0.951171875 0.930664062
vt 0.951171875 0.958984375
vt 0.931152344 0.978515625
vt 0.931152344 0.958984375
vt 0.951171875 0.958984375
vt 0.961425781 0.978515625
vt 0.967285156 0.787109375
vt 0.967285156 0.811035156
vt 0.987792969 0.811035156
vt 0.98828125 0.787109375
vt 0.98828125 0.787109375
vt 0.987792969 0.764648438
vt 0.967285156 0.764648438
vt 0.967285156 0.787109375
vt 0.951171875 0.958984375
vt 0.951171875 0.930664062
vt 0.968261719 0.935546875
vt 0.968261719 0.952148438
vt 0.961425781 0.910644531
vt 0.951171875 0.930664062
vt 0.931152344 0.930664062
vt 0.931152344 0.910644531
vt 0.931152344 0.958984375
vt 0.931152344 0.930664062
vt 0.951171875 0.930664062
vt 0.951171875 0.958984375
vt 0.931152344 0.978515625
vt 0.931152344 0.958984375
vt 0.951171875 0.958984375
vt 0.961425781 0.978515625
vt 0.967285156 0.787109375
vt 0.967285156 0.811035156
vt 0.987792969 0.811035156
vt 0.98828125 0.787109375
vt 0.967285156 0.764648438
vt 0.987792969 0.764648438
vt 0.951171875 0.958984375
vt 0.968261719 0.952148438
vt 0.968261719 0.935546875
vt 0.951171875 0.930664062
vt 0.961425781 0.910644531
vt 0.931152344 0.910644531
vt 0.931152344 0.930664062
vt 0.951171875 0.930664062
vt 0.931152344 0.958984375
vt 0.951171875 0.958984375
vt 0.951171875 0.930664062
vt 0.931152344 0.930664062
vt 0.931152344 0.978515625
vt 0.961425781 0.978515625
vt 0.951171875 0.958984375
vt 0.931152344 0.958984375
vt 0.967285156 0.787109375
vt 0.987792969 0.811035156
vt 0.967285156 0.811035156
vt 0.98828125 0.787109375
vt 0.967285156 0.764648438
vt 0.987792969 0.764648438
vn -0 -0.0974121094 -0.995117188
vn -0 -0.0974121094 -0.995117188
vn -0 -0.0974121094 -0.995117188
vn -0 0.0974121094 -0.995117188
vn -0 0.0974121094 -0.995117188
vn -0 0.0974121094 -0.995117188
vn 0.469970703 0.391601562 0.791015625
vn 0.469970703 0.391601562 0.791015625
vn 0.469970703 0.391601562 0.791015625
vn -0.469970703 0.391601562 0.791015625
vn -0.469970703 0.391601562 0.791015625
vn -0.469970703 0.391601562 0.791015625
vn -0.469970703 -0.391601562 0.791015625
vn -0.469970703 -0.391601562 0.791015625
vn -0.469970703 -0.391601562 0.791015625
vn 0.469970703 -0.391601562 0.791015625
vn 0.469970703 -0.391601562 0.791015625
vn 0.469970703 -0.391601562 0.791015625
vn 0.469970703 0.391601562 -0.791015625
vn 0.469970703 0.391601562 -0.791015625
vn 0.469970703 0.391601562 -0.791015625
vn -0.469970703 0.391601562 -0.791015625
vn -0.469970703 0.391601562 -0.791015625
vn -0.469970703 0.391601562 -0.791015625
vn -0.469970703 -0.391601562 -0.791015625
vn -0.469970703 -0.391601562 -0.791015625
vn -0.469970703 -0.391601562 -0.791015625
vn 0.469970703 -0.391601562 -0.791015625
vn 0.469970703 -0.391601562 -0.791015625
vn 0.469970703 -0.391601562 -0.791015625
vn 0.469970703 0.391601562 -0.791015625
vn 0.469970703 0.391601562 -0.791015625
vn 0.469970703 0.391601562 -0.791015625
vn -0.469970703 0.391601562 -0.791015625
vn -0.469970703 0.391601562 -0.791015625
vn -0.469970703 0.391601562 -0.791015625
vn -0.469970703 -0.391601562 -0.791015625
vn -0.469970703 -0.391601562 -0.791015625
vn -0.469970703 -0.391601562 -0.791015625
vn 0.469970703 -0.391601562 -0.791015625
vn 0.469970703 -0.391601562 -0.791015625
vn 0.469970703 -0.391601562 -0.791015625
vn 0.469970703 0.391601562 0.791015625
vn 0.469970703 0.391601562 0.791015625
vn 0.469970703 0.391601562 0.791015625
vn -0.469970703 0.391601562 0.791015625
vn -0.469970703 0.391601562 0.791015625
vn -0.469970703 0.391601562 0.791015625
vn -0.469970703 -0.391601562 0.791015625
vn -0.469970703 -0.391601562 0.791015625
vn -0.469970703 -0.391601562 0.791015625
vn 0.469970703 -0.391601562 0.791015625
vn 0.469970703 -0.391601562 0.791015625
vn 0.469970703 -0.391601562 0.791015625
vn 0.473876953 0.456054688 0.753417969
vn 0.473876953 0.456054688 0.753417969
vn 0.473876953 0.456054688 0.753417969
vn -0.473876953 0.456054688 0.753417969
vn -0.473876953 0.456054688 0.753417969
vn -0.473876953 0.456054688 0.753417969
vn -0.473876953 -0.456054688 0.753417969
vn -0.473876953 -0.456054688 0.753417969
vn -0.473876953 -0.456054688 0.753417969
vn 0.473876953 -0.456054688 0.753417969
vn 0.473876953 -0.456054688 0.753417969
vn 0.473876953 -0.456054688 0.753417969
vn 0.473876953 0.456054688 -0.753417969
vn 0.473876953 0.456054688 -0.753417969
vn 0.473876953 0.456054688 -0.753417969
vn -0.473876953 0.456054688 -0.753417969
vn -0.473876953 0.456054688 -0.753417969
vn -0.473876953 0.456054688 -0.753417969
vn -0.473876953 -0.456054688 -0.753417969
vn -0.473876953 -0.456054688 -0.753417969
vn -0.473876953 -0.456054688 -0.753417969
vn 0.473876953 -0.456054688 -0.753417969
vn 0.473876953 -0.456054688 -0.753417969
vn 0.473876953 -0.456054688 -0.753417969
vn 0.473876953 0.456054688 -0.753417969
vn 0.473876953 0.456054688 -0.753417969
vn 0.473876953 0.456054688 -0.753417969
vn -0.473876953 0.456054688 -0.753417969
vn -0.473876953 0.456054688 -0.753417969
vn -0.473876953 0.456054688 -0.753417969
vn -0.473876953 -0.456054688 -0.753417969
vn -0.473876953 -0.456054688 -0.753417969
vn -0.473876953 -0.456054688 -0.753417969
vn 0.473876953 -0.456054688 -0.753417969
vn 0.473876953 -0.456054688 -0.753417969
vn 0.473876953 -0.456054688 -0.753417969
vn 0.473876953 0.456054688 0.753417969
vn 0.473876953 0.456054688 0.753417969
vn 0.473876953 0.456054688 0.753417969
vn -0.473876953 0.456054688 0.753417969
vn -0.473876953 0.456054688 0.753417969
vn -0.473876953 0.456054688 0.753417969
vn -0.473876953 -0.456054688 0.753417969
vn -0.473876953 -0.456054688 0.753417969
vn -0.473876953 -0.456054688 0.753417969
vn 0.473876953 -0.456054688 0.753417969
vn 0.473876953 -0.456054688 0.753417969
vn 0.473876953 -0.456054688 0.753417969
vn 0.473876953 0.456298828 0.752929688
vn 0.473876953 0.456298828 0.752929688
vn 0.473876953 0.456298828 0.752929688
vn -0.473876953 0.456298828 0.752929688
vn -0.473876953 0.456298828 0.752929688
vn -0.473876953 0.456298828 0.752929688
vn -0.473876953 -0.456298828 0.752929688
vn -0.473876953 -0.456298828 0.752929688
vn -0.473876953 -0.456298828 0.752929688
vn 0.473876953 -0.456298828 0.752929688
vn 0.473876953 -0.456298828 0.752929688
vn 0.473876953 -0.456298828 0.752929688
vn 0.473876953 0.456298828 -0.752929688
vn 0.473876953 0.456298828 -0.752929688
vn 0.473876953 0.456298828 -0.752929688
vn -0.473876953 0.456298828 -0.752929688
vn -0.473876953 0.456298828 -0.752929688
vn -0.473876953 0.456298828 -0.752929688
vn -0.473876953 -0.456298828 -0.752929688
vn -0.473876953 -0.456298828 -0.752929688
vn -0.473876953 -0.456298828 -0.752929688
vn 0.473876953 -0.456298828 -0.752929688
vn 0.473876953 -0.456298828 -0.752929688
vn 0.473876953 -0.456298828 -0.752929688
vn 0.473876953 0.456298828 -0.752929688
vn 0.473876953 0.456298828 -0.752929688
vn 0.473876953 0.456298828 -0.752929688
vn -0.473876953 0.456298828 -0.752929688
vn -0.473876953 0.456298828 -0.752929688
vn -0.473876953 0.456298828 -0.752929688
vn -0.473876953 -0.456298828 -0.752929688
vn -0.473876953 -0.456298828 -0.752929688
vn -0.473876953 -0.456298828 -0.752929688
vn 0.473876953 -0.456298828 -0.752929688
vn 0.473876953 -0.456298828 -0.752929688
vn 0.473876953 -0.456298828 -0.752929688
vn 0.473876953 0.456298828 0.752929688
vn 0.473876953 0.456298828 0.752929688
vn 0.473876953 0.456298828 0.752929688
vn -0.473876953 0.456298828 0.752929688
vn -0.473876953 0.456298828 0.752929688
vn -0.473876953 0.456298828 0.752929688
vn -0.473876953 -0.456298828 0.752929688
vn -0.473876953 -0.456298828 0.752929688
vn -0.473876953 -0.456298828 0.752929688
vn 0.473876953 -0.456298828 0.752929688
vn 0.473876953 -0.456298828 0.752929688
vn 0.473876953 -0.456298828 0.752929688
vn 0.494873047 0.294189453 0.817871094
vn 0.494873047 0.294189453 0.817871094
vn 0.494873047 0.294189453 0.817871094
vn -0.494873047 0.294189453 0.817871094
vn -0.494873047 0.294189453 0.817871094
vn -0.494873047 0.294189453 0.817871094
vn -0.479003906 -0.37890625 0.791992188
vn -0.479003906 -0.37890625 0.791992188
vn -0.479003906 -0.37890625 0.791992188
vn 0.479003906 -0.37890625 0.791992188
vn 0.479003906 -0.37890625 0.791992188
vn 0.479003906 -0.37890625 0.791992188
vn 0.416503906 0.247680664 -0.874511719
vn 0.416503906 0.247680664 -0.874511719
vn 0.416503906 0.247680664 -0.874511719
vn -0.416503906 0.247680664 -0.874511719
vn -0.416503906 0.247680664 -0.874511719
vn -0.416503906 0.247680664 -0.874511719
vn -0.406982422 -0.322021484 -0.854980469
vn -0.406982422 -0.322021484 -0.854980469
vn -0.406982422 -0.322021484 -0.854980469
vn 0.406982422 -0.322021484 -0.854980469
vn 0.406982422 -0.322021484 -0.854980469
vn 0.406982422 -0.322021484 -0.854980469
vn 0.494873047 0.294189453 -0.817871094
vn 0.494873047 0.294189453 -0.817871094
vn 0.494873047 0.294189453 -0.817871094
vn -0.494873047 0.294189453 -0.817871094
vn -0.494873047 0.294189453 -0.817871094
vn -0.494873047 0.294189453 -0.817871094
vn -0.479003906 -0.37890625 -0.791992188
vn -0.479003906 -0.37890625 -0.791992188
vn -0.479003906 -0.37890625 -0.791992188
vn 0.479003906 -0.37890625 -0.791992188
vn 0.479003906 -0.37890625 -0.791992188
vn 0.479003906 -0.37890625 -0.791992188
vn 0.416503906 0.247680664 0.874511719
vn 0.416503906 0.247680664 0.874511719
vn 0.416503906 0.247680664 0.874511719
vn -0.416503906 0.247680664 0.874511719
vn -0.416503906 0.247680664 0.874511719
vn -0.416503906 0.247680664 0.874511719
vn -0.406982422 -0.322021484 0.854980469
vn -0.406982422 -0.322021484 0.854980469
vn -0.406982422 -0.322021484 0.854980469
vn 0.406982422 -0.322021484 0.854980469
vn 0.406982422 -0.322021484 0.854980469
vn 0.406982422 -0.322021484 0.854980469
vn -0.173706055 -0.818359375 0.547851562
vn -0.173706055 -0.818359375 0.547851562
vn -0.173706055 -0.818359375 0.547851562
vn 0.173706055 -0.818359375 0.547851562
vn 0.173706055 -0.818359375 0.547851562
vn 0.173706055 -0.818359375 0.547851562
vn -0.173706055 -0.818359375 -0.547851562
vn -0.173706055 -0.818359375 -0.547851562
vn -0.173706055 -0.818359375 -0.547851562
vn 0.173706055 -0.818359375 -0.547851562
vn 0.173706055 -0.818359375 -0.547851562
vn 0.173706055 -0.818359375 -0.547851562
vn -0 -1 0
vn -0 -1 0
vn -0 -1 0
vn 1 0 0
vn 1 0 0
vn 1 0 0
vn -0 -1 0
vn -0 -1 0
vn -0 -1 0
vn -0.634277344 -0.390380859 0.666992188
vn -0.634277344 -0.390380859 0.666992188
vn -0.634277344 -0.390380859 0.666992188
vn -1 0 0
vn -1 0 0
vn -1 0 0
vn -0 -1 0
vn -0 -1 0
vn -0 -1 0
vn 1 0 0
vn 1 0 0
vn 1 0 0
vn -0 -1 0
vn -0 -1 0
vn -0 -1 0
vn -0.634277344 -0.390380859 -0.666992188
vn -0.634277344 -0.390380859 -0.666992188
vn -0.634277344 -0.390380859 -0.666992188
vn -1 0 0
vn -1 0 0
vn -1 0 0
vn 0.176269531 -0.181152344 0.967773438
vn 0.176269531 -0.181152344 0.967773438
vn 0.176269531 -0.181152344 0.967773438
vn -0.110961914 0.517578125 0.848144531
vn -0.110961914 0.517578125 0.848144531
vn -0.110961914 0.517578125 0.848144531
vn 0.407226562 -0.0274047852 0.913085938
vn 0.407226562 -0.0274047852 0.913085938
vn 0.407226562 -0.0274047852 0.913085938
vn 0.00991821289 -0.436279297 0.899902344
vn 0.00991821289 -0.436279297 0.899902344
vn 0.00991821289 -0.436279297 0.899902344
vn -0.516113281 0.126953125 0.847167969
vn -0.516113281 0.126953125 0.847167969
vn -0.516113281 0.126953125 0.847167969
vn 0.0516357422 0.584472656 0.809570312
vn 0.0516357422 0.584472656 0.809570312
vn 0.0516357422 0.584472656 0.809570312
vn -0.554199219 -0.193603516 0.809570312
vn -0.554199219 -0.193603516 0.809570312
vn -0.554199219 -0.193603516 0.809570312
vn -0.0516357422 -0.584472656 0.809570312
vn -0.0516357422 -0.584472656 0.809570312
vn -0.0516357422 -0.584472656 0.809570312
vn 0.554199219 0.193603516 0.809570312
vn 0.554199219 0.193603516 0.809570312
vn 0.554199219 0.193603516 0.809570312
vn 0.0516357422 0.584472656 -0.809570312
vn 0.0516357422 0.584472656 -0.809570312
vn 0.0516357422 0.584472656 -0.809570312
vn -0.554199219 -0.193603516 -0.809570312
vn -0.554199219 -0.193603516 -0.809570312
vn -0.554199219 -0.193603516 -0.809570312
vn -0.0516357422 -0.584472656 -0.809570312
vn -0.0516357422 -0.584472656 -0.809570312
vn -0.0516357422 -0.584472656 -0.809570312
vn 0.554199219 0.193603516 -0.809570312
vn 0.554199219 0.193603516 -0.809570312
vn 0.554199219 0.193603516 -0.809570312
vn -0.176269531 -0.181152344 0.967773438
vn -0.176269531 -0.181152344 0.967773438
vn -0.176269531 -0.181152344 0.967773438
vn 0.110961914 0.517578125 0.848144531
vn 0.110961914 0.517578125 0.848144531
vn 0.110961914 0.517578125 0.848144531
vn -0.407226562 -0.0274047852 0.913085938
vn -0.407226562 -0.0274047852 0.913085938
vn -0.407226562 -0.0274047852 0.913085938
vn -0.00991821289 -0.436279297 0.899902344
vn -0.00991821289 -0.436279297 0.899902344
vn -0.00991821289 -0.436279297 0.899902344
vn 0.516113281 0.126953125 0.847167969
vn 0.516113281 0.126953125 0.847167969
vn 0.516113281 0.126953125 0.847167969
vn -0.0516357422 0.584472656 0.809570312
vn -0.0516357422 0.584472656 0.809570312
vn -0.0516357422 0.584472656 0.809570312
vn 0.554199219 -0.193603516 0.809570312
vn 0.554199219 -0.193603516 0.809570312
vn 0.554199219 -0.193603516 0.809570312
vn 0.0516357422 -0.584472656 0.809570312
vn 0.0516357422 -0.584472656 0.809570312
vn 0.0516357422 -0.584472656 0.809570312
vn -0.554199219 0.193603516 0.809570312
vn -0.554199219 0.193603516 0.809570312
vn -0.554199219 0.193603516 0.809570312
vn -0.0516357422 0.584472656 -0.809570312
vn -0.0516357422 0.584472656 -0.809570312
vn -0.0516357422 0.584472656 -0.809570312
vn 0.554199219 -0.193603516 -0.809570312
vn 0.554199219 -0.193603516 -0.809570312
vn 0.554199219 -0.193603516 -0.809570312
vn 0.0516357422 -0.584472656 -0.809570312
vn 0.0516357422 -0.584472656 -0.809570312
vn 0.0516357422 -0.584472656 -0.809570312
vn -0.554199219 0.193603516 -0.809570312
vn -0.554199219 0.193603516 -0.809570312
vn -0.554199219 0.193603516 -0.809570312
vn 0.176269531 -0.181152344 -0.967773438
vn 0.176269531 -0.181152344 -0.967773438
vn 0.176269531 -0.181152344 -0.967773438
vn -0.110961914 0.517578125 -0.848144531
vn -0.110961914 0.517578125 -0.848144531
vn -0.110961914 0.517578125 -0.848144531
vn 0.407226562 -0.0274047852 -0.913085938
vn 0.407226562 -0.0274047852 -0.913085938
vn 0.407226562 -0.0274047852 -0.913085938
vn 0.00991821289 -0.436279297 -0.899902344
vn 0.00991821289 -0.436279297 -0.899902344
vn 0.00991821289 -0.436279297 -0.899902344
vn -0.516113281 0.126953125 -0.847167969
vn -0.516113281 0.126953125 -0.847167969
vn -0.516113281 0.126953125 -0.847167969
vn 0.0516357422 0.584472656 -0.809570312
vn 0.0516357422 0.584472656 -0.809570312
vn 0.0516357422 0.584472656 -0.809570312
vn -0.554199219 -0.193603516 -0.809570312
vn -0.554199219 -0.193603516 -0.809570312
vn -0.554199219 -0.193603516 -0.809570312
vn -0.265869141 -0.450683594 -0.852050781
vn -0.265869141 -0.450683594 -0.852050781
vn -0.265869141 -0.450683594 -0.852050781
vn 0.371582031 0.368408203 -0.852050781
vn 0.371582031 0.368408203 -0.852050781
vn 0.371582031 0.368408203 -0.852050781
vn 0.0516357422 0.584472656 0.809570312
vn 0.0516357422 0.584472656 0.809570312
vn 0.0516357422 0.584472656 0.809570312
vn -0.554199219 -0.193603516 0.809570312
vn -0.554199219 -0.193603516 0.809570312
vn -0.554199219 -0.193603516 0.809570312
vn 0.134887695 -0.668945312 0.730957031
vn 0.134887695 -0.668945312 0.730957031
vn 0.134887695 -0.668945312 0.730957031
vn 0.681640625 0.0334777832 0.730957031
vn 0.681640625 0.0334777832 0.730957031
vn 0.681640625 0.0334777832 0.730957031
vn -0.176269531 -0.181152344 -0.967773438
vn -0.176269531 -0.181152344 -0.967773438
vn -0.176269531 -0.181152344 -0.967773438
vn 0.110961914 0.517578125 -0.848144531
vn 0.110961914 0.517578125 -0.848144531
vn 0.110961914 0.517578125 -0.848144531
vn -0.407226562 -0.0274047852 -0.913085938
vn -0.407226562 -0.0274047852 -0.913085938
vn -0.407226562 -0.0274047852 -0.913085938
vn -0.00991821289 -0.436279297 -0.899902344
vn -0.00991821289 -0.436279297 -0.899902344
vn -0.00991821289 -0.436279297 -0.899902344
vn 0.516113281 0.126953125 -0.847167969
vn 0.516113281 0.126953125 -0.847167969
vn 0.516113281 0.126953125 -0.847167969
vn -0.0516357422 0.584472656 -0.809570312
vn -0.0516357422 0.584472656 -0.809570312
vn -0.0516357422 0.584472656 -0.809570312
vn 0.554199219 -0.193603516 -0.809570312
vn 0.554199219 -0.193603516 -0.809570312
vn 0.554199219 -0.193603516 -0.809570312
vn 0.265869141 -0.450683594 -0.852050781
vn 0.265869141 -0.450683594 -0.852050781
vn 0.265869141 -0.450683594 -0.852050781
vn -0.371582031 0.368408203 -0.852050781
vn -0.371582031 0.368408203 -0.852050781
vn -0.371582031 0.368408203 -0.852050781
vn -0.0516357422 0.584472656 0.809570312
vn -0.0516357422 0.584472656 0.809570312
vn -0.0516357422 0.584472656 0.809570312
vn 0.554199219 -0.193603516 0.809570312
vn 0.554199219 -0.193603516 0.809570312
vn 0.554199219 -0.193603516 0.809570312
vn -0.134887695 -0.668945312 0.730957031
vn -0.134887695 -0.668945312 0.730957031
vn -0.134887695 -0.668945312 0.730957031
vn -0.681640625 0.0334777832 0.730957031
vn -0.681640625 0.0334777832 0.730957031
vn -0.681640625 0.0334777832 0.730957031
vn -0.0747680664 0 -0.997070312
vn -0.0420837402 -0.343261719 -0.938476562
vn -0 -0.343505859 -0.938964844
vn -0 -0.343505859 -0.938964844
vn -0.0420837402 -0.343261719 -0.938476562
vn 0.0420837402 -0.343261719 -0.938476562
vn 0.0420837402 -0.343261719 -0.938476562
vn 0.0420837402 -0.343261719 -0.938476562
vn 0.254394531 -0.217651367 -0.942382812
vn 0.254394531 -0.217651367 -0.942382812
vn 0.254394531 -0.217651367 -0.942382812
vn 0.254394531 -0.217651367 -0.942382812
vn 0.254394531 -0.217651367 -0.942382812
vn -0.254394531 -0.217651367 -0.942382812
vn -0.254394531 -0.217651367 -0.942382812
vn -0.254394531 -0.217651367 -0.942382812
vn -0.254394531 -0.217651367 -0.942382812
vn -0.254394531 -0.217651367 -0.942382812
vn -0.0747680664 0 -0.997070312
vn -0.0747680664 0 -0.997070312
vn -0.0747680664 0 -0.997070312
vn -0.0747680664 0 -0.997070312
vn -0.0747680664 0 -0.997070312
vn -0.184326172 0 -0.982910156
vn -0.0747680664 0 -0.997070312
vn -0.0747680664 0 -0.997070312
vn -0.184326172 0 -0.982910156
vn -0.254394531 0.217651367 -0.942382812
vn -0.254394531 0.217651367 -0.942382812
vn -0.254394531 0.217651367 -0.942382812
vn -0.254394531 0.217651367 -0.942382812
vn -0.254394531 0.217651367 -0.942382812
vn 0.254394531 0.217651367 -0.942382812
vn 0.254394531 0.217651367 -0.942382812
vn 0.254394531 0.217651367 -0.942382812
vn 0.254394531 0.217651367 -0.942382812
vn 0.254394531 0.217651367 -0.942382812
vn 0.404296875 -0.034576416 -0.9140625
vn 0.404296875 -0.034576416 -0.9140625
vn 0.404541016 0 -0.914550781
vn 0.404541016 0 -0.914550781
vn 0.404541016 0 -0.914550781
vn 0.404296875 0.034576416 -0.9140625
vn 0.404296875 0.034576416 -0.9140625
vn 0.0747680664 0 -0.997070312
vn 0.0747680664 0 -0.997070312
vn 0.0747680664 0 -0.997070312
vn 0.0747680664 0 -0.997070312
vn 0.0747680664 0 -0.997070312
vn 0.0747680664 0 -0.997070312
vn 0.0747680664 0 -0.997070312
vn -0.0747680664 0 -0.997070312
vn -0.0747680664 0 -0.997070312
vn -0.0747680664 0 -0.997070312
vn -0.0747680664 0 -0.997070312
vn -0.0747680664 0 -0.997070312
vn -0.0747680664 0 -0.997070312
vn -0.0747680664 0 -0.997070312
vn -0.404296875 0.034576416 -0.9140625
vn -0.404296875 0.034576416 -0.9140625
vn -0.404541016 0 -0.914550781
vn -0.404541016 0 -0.914550781
vn -0.404541016 0 -0.914550781
vn -0.404296875 -0.034576416 -0.9140625
vn -0.404296875 -0.034576416 -0.9140625
vn -0 0.343505859 -0.938964844
vn -0.0420837402 0.343261719 -0.938476562
vn -0.0420837402 0.343261719 -0.938476562
vn -0 0.343505859 -0.938964844
vn 0.0420837402 0.343261719 -0.938476562
vn -0 0.343505859 -0.938964844
vn 0.0420837402 0.343261719 -0.938476562
vn 0.0747680664 0 -0.997070312
vn 0.0747680664 0 -0.997070312
vn 0.0747680664 0 -0.997070312
vn 0.0747680664 0 -0.997070312
vn 0.0747680664 0 -0.997070312
vn 0.0747680664 0 -0.997070312
vn 0.0747680664 0 -0.997070312
vn -0 0.00754547119 1
vn -0 -0.429443359 0.903320312
vn -0.470458984 0.0236358643 0.881835938
vn -0 0.316894531 0.948242188
vn -0 0.00754547119 1
vn 0.470458984 0.0236358643 0.881835938
vn -0 -0.429443359 0.903320312
vn -0 0.316894531 0.948242188
vn -0 0.00754547119 -1
vn -0.470458984 0.0236358643 -0.881835938
vn -0 -0.429443359 -0.903320312
vn -0 0.316894531 -0.948242188
vn -0 0.00754547119 -1
vn -0 -0.429443359 -0.903320312
vn 0.470458984 0.0236358643 -0.881835938
vn -0 0.316894531 -0.948242188
vn -0.59765625 0.223022461 0.770019531
vn -0.939453125 0.343261719 0
vn -0.9375 0.34765625 -5.36441803E-07
vn -0.62890625 0.258789062 0.732910156
vn -0.920410156 0.390625 1.1920929E-07
vn -0.84375 0.537109375 7.74860382E-07
vn -0.603027344 0.353271484 0.715332031
vn -0.287597656 0.0623779297 0.955566406
vn -0.23840332 0.135375977 0.961914062
vn -0.485595703 0.548339844 0.681152344
vn -0.639648438 0.768554688 1.78813934E-07
vn -0.199707031 0.190673828 0.9609375
vn -0.369873047 0.929199219 -2.38418579E-07
vn -0.295654297 0.708496094 0.640625
vn -0.154907227 0.230957031 0.960449219
vn -0.0856933594 0.76953125 0.633300781
vn -0.0663452148 0.997558594 1.1920929E-07
vn -0.0653076172 0.229858398 0.971191406
vn 0.21484375 0.9765625 0
vn 0.128417969 0.745117188 0.654785156
vn -0.0105819702 0.212890625 0.977050781
vn 0.379150391 0.616699219 0.689453125
vn 0.400878906 0.916015625 -2.38418579E-07
vn 0.709472656 0.704589844 0
vn -0.000158905983 0.204589844 0.979003906
vn 0.509277344 0.56640625 0.647949219
vn 0.715332031 0.698730469 -1.78813934E-07
vn 0.391357422 0.607421875 0.69140625
vn 0.615722656 0.788085938 0
vn -9.43541527E-05 0.0282897949 0.999511719
vn 0.142456055 0.989746094 1.1920929E-07
vn 0.037689209 0.341552734 0.938964844
vn -0.115234375 0.993164062 0
vn -0.087097168 0.750488281 0.654785156
vn -0 0 1
vn -0 0 1
vn -0 0 1
vn -0 0 1
vn -0 0 1
vn -0 0 1
vn -0 0 1
vn -0 0 1
vn -1.1920929E-07 0 1
vn -0 0 1
vn -0 0 1
vn -0 0 1
vn -0 0 1
vn 2.38418579E-07 0 1
vn -0 0 1
vn -0 0 1
vn -0 0 1
vn 0.978027344 -0.208251953 0
vn 0.604003906 -0.404541016 0.686523438
vn 0.890625 -0.455078125 -3.57627869E-07
vn 0.687988281 -0.725585938 -5.36441803E-07
vn 0.546875 -0.565917969 0.6171875
vn 0.468505859 -0.702636719 0.536132812
vn 0.557617188 -0.830078125 -5.36441803E-07
vn 0.395263672 -0.918457031 -5.96046448E-07
vn 0.334472656 -0.799804688 0.498291016
vn 0.0485229492 -0.883789062 0.465087891
vn 0.0649414062 -0.998046875 -2.98023224E-07
vn -0.219970703 -0.975585938 0
vn -0.206054688 -0.885253906 0.416503906
vn -0.476806641 -0.789550781 0.385986328
vn -0.516113281 -0.856445312 -1.78813934E-07
vn -0.814453125 -0.580566406 -2.38418579E-07
vn -0.754394531 -0.553710938 0.353027344
vn -0.938964844 -0.141967773 0.313720703
vn -0.990234375 -0.138793945 1.78813934E-07
vn -0.898925781 0.3515625 0.261962891
vn -0.926269531 0.377197266 1.1920929E-07
vn -0.798339844 0.602050781 0
vn -0.87890625 0.325439453 0.348388672
vn -0.950195312 0.311279297 0
vn -0.912597656 0.0316162109 0.407714844
vn -0.999511719 0.0314331055 0
vn -0.877929688 -0.252441406 0.406494141
vn -0.970703125 -0.240844727 -1.1920929E-07
vn -0.828125 -0.561035156 0
vn -0.583007812 -0.715820312 0.384521484
vn -0.479736328 -0.801269531 0.358154297
vn -0.303466797 -0.873535156 0.380371094
vn -0.314697266 -0.87109375 0.376708984
vn 0.17578125 -0.828125 0.531738281
vn 0.217041016 -0.813476562 0.539550781
vn 0.783203125 -0.375244141 0.49609375
vn 0.76171875 -0.408935547 0.502929688
vn 0.579101562 -0.622070312 0.526855469
vn 0.433349609 -0.721679688 0.539550781
vn 0.402832031 -0.73828125 0.540527344
vn 0.0924072266 -0.847167969 0.5234375
vn 0.0738525391 -0.850097656 0.520996094
vn -0.243530273 -0.857910156 0.451904297
vn -0.216186523 -0.861328125 0.459716797
vn -0.490966797 -0.787109375 0.373779297
vn -0.544433594 -0.760742188 0.353027344
vn -0.562011719 -0.765136719 0.313720703
vn -0.595703125 -0.741699219 0.308349609
vn -0.468261719 -0.821289062 0.325683594
vn -0.468261719 -0.821289062 0.325683594
vn 0.59765625 0.223022461 0.770019531
vn 0.9375 0.34765625 5.96046448E-07
vn 0.939453125 0.343261719 0
vn 0.62890625 0.258789062 0.732910156
vn 0.920410156 0.390625 -1.1920929E-07
vn 0.84375 0.537109375 -8.94069672E-07
vn 0.603027344 0.353271484 0.715332031
vn 0.287597656 0.0623779297 0.955566406
vn 0.23840332 0.135375977 0.961914062
vn 0.485595703 0.548339844 0.681152344
vn 0.639648438 0.768554688 -2.38418579E-07
vn 0.199707031 0.190673828 0.9609375
vn 0.369873047 0.929199219 2.38418579E-07
vn 0.295654297 0.708496094 0.640625
vn 0.154907227 0.230957031 0.960449219
vn 0.0856933594 0.76953125 0.633300781
vn 0.0663452148 0.997558594 0
vn 0.0653076172 0.229858398 0.971191406
vn -0.21484375 0.9765625 0
vn -0.128417969 0.745117188 0.654785156
vn 0.0105819702 0.212890625 0.977050781
vn -0.379150391 0.616699219 0.689453125
vn -0.400878906 0.916015625 2.38418579E-07
vn -0.709472656 0.704589844 0
vn 0.000158905983 0.204589844 0.979003906
vn -0.509277344 0.56640625 0.647949219
vn -0.715332031 0.698730469 1.78813934E-07
vn -0.391357422 0.607421875 0.69140625
vn -0.615722656 0.788085938 0
vn 9.43541527E-05 0.0282897949 0.999511719
vn -0.142456055 0.989746094 -1.1920929E-07
vn -0.037689209 0.341552734 0.938964844
vn 0.115234375 0.993164062 0
vn 0.087097168 0.750488281 0.654785156
vn -0 0 1
vn -0 0 1
vn -0 0 1
vn -0 0 1
vn -0 0 1
vn -0 0 1
vn 1.1920929E-07 0 1
vn -0 0 1
vn -0 0 1
vn -0 0 1
vn -0 0 1
vn 1.1920929E-07 0 1
vn -0 0 1
vn -2.38418579E-07 0 1
vn -0 0 1
vn -0 0 1
vn -0 0 1
vn -0.978027344 -0.208251953 0
vn -0.890625 -0.455078125 4.76837158E-07
vn -0.604003906 -0.404541016 0.686523438
vn -0.687988281 -0.725585938 4.17232513E-07
vn -0.546875 -0.565917969 0.6171875
vn -0.468505859 -0.702636719 0.536132812
vn -0.557617188 -0.830078125 5.96046448E-07
vn -0.395263672 -0.918457031 6.55651093E-07
vn -0.334472656 -0.799804688 0.498291016
vn -0.0485229492 -0.883789062 0.465087891
vn -0.0649414062 -0.998046875 0
vn 0.219970703 -0.975585938 0
vn 0.206054688 -0.885253906 0.416503906
vn 0.476806641 -0.789550781 0.385986328
vn 0.516113281 -0.856445312 0
vn 0.814453125 -0.580566406 -1.78813934E-07
vn 0.754394531 -0.553710938 0.353027344
vn 0.938964844 -0.141967773 0.313720703
vn 0.990234375 -0.138793945 0
vn 0.898925781 0.3515625 0.261962891
vn 0.926269531 0.377197266 0
vn 0.798339844 0.602050781 -1.1920929E-07
vn 0.87890625 0.325439453 0.348388672
vn 0.950195312 0.311279297 0
vn 0.912597656 0.0316162109 0.407714844
vn 0.999511719 0.0314331055 0
vn 0.877929688 -0.252441406 0.406494141
vn 0.970703125 -0.240844727 0
vn 0.828125 -0.561035156 1.1920929E-07
vn 0.583007812 -0.715820312 0.384521484
vn 0.479736328 -0.801269531 0.358154297
vn 0.303466797 -0.873535156 0.380371094
vn 0.314697266 -0.87109375 0.376708984
vn -0.17578125 -0.828125 0.531738281
vn -0.217041016 -0.813476562 0.539550781
vn -0.783203125 -0.375244141 0.49609375
vn -0.76171875 -0.408935547 0.502929688
vn -0.579101562 -0.622070312 0.526855469
vn -0.433349609 -0.721679688 0.539550781
vn -0.402832031 -0.73828125 0.540527344
vn -0.0924072266 -0.847167969 0.5234375
vn -0.0738525391 -0.850097656 0.520996094
vn 0.243530273 -0.857910156 0.451904297
vn 0.216186523 -0.861328125 0.459716797
vn 0.490966797 -0.787109375 0.373779297
vn 0.544433594 -0.760742188 0.353027344
vn 0.562011719 -0.765136719 0.313720703
vn 0.595703125 -0.741699219 0.308349609
vn 0.468261719 -0.821289062 0.325683594
vn 0.468261719 -0.821289062 0.325683594
vn -0.59765625 0.223022461 -0.770019531
vn -0.9375 0.34765625 -5.36441803E-07
vn -0.939453125 0.343261719 0
vn -0.62890625 0.258789062 -0.732910156
vn -0.920410156 0.390625 1.1920929E-07
vn -0.84375 0.537109375 7.74860382E-07
vn -0.603027344 0.353271484 -0.715332031
vn -0.287597656 0.0623779297 -0.955566406
vn -0.23840332 0.135375977 -0.961914062
vn -0.485595703 0.548339844 -0.681152344
vn -0.639648438 0.768554688 1.78813934E-07
vn -0.199707031 0.190673828 -0.9609375
vn -0.369873047 0.929199219 -2.38418579E-07
vn -0.295654297 0.708496094 -0.640625
vn -0.154907227 0.230957031 -0.960449219
vn -0.0856933594 0.76953125 -0.633300781
vn -0.0663452148 0.997558594 1.1920929E-07
vn -0.0653076172 0.229858398 -0.971191406
vn 0.21484375 0.9765625 0
vn 0.128417969 0.745117188 -0.654785156
vn -0.0105819702 0.212890625 -0.977050781
vn 0.379150391 0.616699219 -0.689453125
vn 0.400878906 0.916015625 -2.38418579E-07
vn 0.709472656 0.704589844 0
vn -0.000160932541 0.204589844 -0.979003906
vn 0.509277344 0.56640625 -0.647949219
vn 0.715332031 0.698730469 -1.78813934E-07
vn 0.391357422 0.607421875 -0.69140625
vn 0.615722656 0.788085938 0
vn -9.4473362E-05 0.0282897949 -0.999511719
vn 0.142456055 0.989746094 1.1920929E-07
vn 0.037689209 0.341552734 -0.938964844
vn -0.115234375 0.993164062 0
vn -0.087097168 0.750488281 -0.654785156
vn -0 0 -1
vn -0 0 -1
vn -0 0 -1
vn -0 0 -1
vn -0 0 -1
vn -0 0 -1
vn 3.57627869E-07 0 -1
vn 1.78813934E-07 0 -1
vn -0 0 -1
vn -0 0 -1
vn -0 0 -1
vn -0 0 -1
vn -0 0 -1
vn -0 0 -1
vn -1.1920929E-07 0 -1
vn -0 0 -1
vn -0 0 -1
vn 0.978027344 -0.208251953 0
vn 0.890625 -0.455078125 -3.57627869E-07
vn 0.604003906 -0.404541016 -0.686523438
vn 0.687988281 -0.725585938 -5.36441803E-07
vn 0.546875 -0.565917969 -0.6171875
vn 0.468505859 -0.702636719 -0.536132812
vn 0.557617188 -0.830078125 -5.36441803E-07
vn 0.395263672 -0.918457031 -5.96046448E-07
vn 0.334472656 -0.799804688 -0.498291016
vn 0.0485229492 -0.883789062 -0.465087891
vn 0.0649414062 -0.998046875 -2.98023224E-07
vn -0.219970703 -0.975585938 0
vn -0.206054688 -0.885253906 -0.416503906
vn -0.476806641 -0.789550781 -0.385986328
vn -0.516113281 -0.856445312 -1.78813934E-07
vn -0.814453125 -0.580566406 -2.38418579E-07
vn -0.754394531 -0.553710938 -0.353027344
vn -0.938964844 -0.141967773 -0.313720703
vn -0.990234375 -0.138793945 1.78813934E-07
vn -0.898925781 0.3515625 -0.261962891
vn -0.926269531 0.377197266 1.1920929E-07
vn -0.798339844 0.602050781 0
vn -0.87890625 0.325439453 -0.348388672
vn -0.950195312 0.311279297 0
vn -0.912597656 0.0316162109 -0.407714844
vn -0.999511719 0.0314331055 0
vn -0.877929688 -0.252441406 -0.406494141
vn -0.970703125 -0.240844727 -1.1920929E-07
vn -0.828125 -0.561035156 0
vn -0.583007812 -0.715820312 -0.384521484
vn -0.479736328 -0.801269531 -0.358154297
vn -0.303466797 -0.873535156 -0.380371094
vn -0.314697266 -0.87109375 -0.376708984
vn 0.17578125 -0.828125 -0.531738281
vn 0.217041016 -0.813476562 -0.539550781
vn 0.783203125 -0.375244141 -0.49609375
vn 0.76171875 -0.408935547 -0.502929688
vn 0.579101562 -0.622070312 -0.526855469
vn 0.433349609 -0.721679688 -0.539550781
vn 0.402832031 -0.73828125 -0.540527344
vn 0.0924072266 -0.847167969 -0.5234375
vn 0.0738525391 -0.850097656 -0.520996094
vn -0.243530273 -0.857910156 -0.451904297
vn -0.216186523 -0.861328125 -0.459716797
vn -0.490966797 -0.787109375 -0.373779297
vn -0.544433594 -0.760742188 -0.353027344
vn -0.562011719 -0.765136719 -0.313720703
vn -0.595703125 -0.741699219 -0.308349609
vn -0.468261719 -0.821289062 -0.325683594
vn -0.468261719 -0.821289062 -0.325683594
vn 0.59765625 0.223022461 -0.770019531
vn 0.939453125 0.343261719 0
vn 0.9375 0.34765625 5.96046448E-07
vn 0.62890625 0.258789062 -0.732910156
vn 0.920410156 0.390625 -1.1920929E-07
vn 0.84375 0.537109375 -8.94069672E-07
vn 0.603027344 0.353271484 -0.715332031
vn 0.287597656 0.0623779297 -0.955566406
vn 0.23840332 0.135375977 -0.961914062
vn 0.485595703 0.548339844 -0.681152344
vn 0.639648438 0.768554688 -2.38418579E-07
vn 0.199707031 0.190673828 -0.9609375
vn 0.369873047 0.929199219 2.38418579E-07
vn 0.295654297 0.708496094 -0.640625
vn 0.154907227 0.230957031 -0.960449219
vn 0.0856933594 0.76953125 -0.633300781
vn 0.0663452148 0.997558594 0
vn 0.0653076172 0.229858398 -0.971191406
vn -0.21484375 0.9765625 0
vn -0.128417969 0.745117188 -0.654785156
vn 0.0105819702 0.212890625 -0.977050781
vn -0.379150391 0.616699219 -0.689453125
vn -0.400878906 0.916015625 2.38418579E-07
vn -0.709472656 0.704589844 0
vn 0.000160932541 0.204589844 -0.979003906
vn -0.509277344 0.56640625 -0.647949219
vn -0.715332031 0.698730469 1.78813934E-07
vn -0.391357422 0.607421875 -0.69140625
vn -0.615722656 0.788085938 0
vn 9.4473362E-05 0.0282897949 -0.999511719
vn -0.142456055 0.989746094 -1.1920929E-07
vn -0.037689209 0.341552734 -0.938964844
vn 0.115234375 0.993164062 0
vn 0.087097168 0.750488281 -0.654785156
vn -0 0 -1
vn -0 0 -1
vn -0 0 -1
vn -0 0 -1
vn -0 0 -1
vn -0 0 -1
vn -1.78813934E-07 0 -1
vn -0 0 -1
vn 1.78813934E-07 0 -1
vn 1.78813934E-07 0 -1
vn -0 0 -1
vn -0 0 -1
vn -0 0 -1
vn -0 0 -1
vn 2.98023224E-07 0 -1
vn 1.1920929E-07 0 -1
vn -0 0 -1
vn -0.978027344 -0.208251953 0
vn -0.604003906 -0.404541016 -0.686523438
vn -0.890625 -0.455078125 4.76837158E-07
vn -0.687988281 -0.725585938 4.17232513E-07
vn -0.546875 -0.565917969 -0.6171875
vn -0.468505859 -0.702636719 -0.536132812
vn -0.557617188 -0.830078125 5.96046448E-07
vn -0.395263672 -0.918457031 6.55651093E-07
vn -0.334472656 -0.799804688 -0.498291016
vn -0.0485229492 -0.883789062 -0.465087891
vn -0.0649414062 -0.998046875 0
vn 0.219970703 -0.975585938 0
vn 0.206054688 -0.885253906 -0.416503906
vn 0.476806641 -0.789550781 -0.385986328
vn 0.516113281 -0.856445312 0
vn 0.814453125 -0.580566406 -1.78813934E-07
vn 0.754394531 -0.553710938 -0.353027344
vn 0.938964844 -0.141967773 -0.313720703
vn 0.990234375 -0.138793945 0
vn 0.898925781 0.3515625 -0.261962891
vn 0.926269531 0.377197266 0
vn 0.798339844 0.602050781 -1.1920929E-07
vn 0.87890625 0.325439453 -0.348388672
vn 0.950195312 0.311279297 0
vn 0.912597656 0.0316162109 -0.407714844
vn 0.999511719 0.0314331055 0
vn 0.877929688 -0.252441406 -0.406494141
vn 0.970703125 -0.240844727 0
vn 0.828125 -0.561035156 1.1920929E-07
vn 0.583007812 -0.715820312 -0.384521484
vn 0.479736328 -0.801269531 -0.358154297
vn 0.303466797 -0.873535156 -0.380371094
vn 0.314697266 -0.87109375 -0.376708984
vn -0.17578125 -0.828125 -0.531738281
vn -0.217041016 -0.813476562 -0.539550781
vn -0.783203125 -0.375244141 -0.49609375
vn -0.76171875 -0.408935547 -0.502929688
vn -0.579101562 -0.622070312 -0.526855469
vn -0.433349609 -0.721679688 -0.539550781
vn -0.402832031 -0.73828125 -0.540527344
vn -0.0924072266 -0.847167969 -0.5234375
vn -0.0738525391 -0.850097656 -0.520996094
vn 0.243530273 -0.857910156 -0.451904297
vn 0.216186523 -0.861328125 -0.459716797
vn 0.490966797 -0.787109375 -0.373779297
vn 0.544433594 -0.760742188 -0.353027344
vn 0.562011719 -0.765136719 -0.313720703
vn 0.595703125 -0.741699219 -0.308349609
vn 0.468261719 -0.821289062 -0.325683594
vn 0.468261719 -0.821289062 -0.325683594
vn -0.354736328 -0.770019531 -0.530273438
vn -0 -0.934082031 0.357666016
vn -0 -0.796875 -0.604492188
vn -0.414794922 -0.799316406 0.435302734
vn -1.1920929E-07 -0.688476562 0.725097656
vn -0.502441406 -0.556152344 0.662109375
vn -0.604492188 -0.65625 0.451416016
vn -0.415039062 -0.447753906 -0.791992188
vn -0.439697266 -0.401123047 -0.803710938
vn -0.661621094 -0.59765625 0.452392578
vn -0.5625 -0.490478516 0.665527344
vn -0.682128906 0.0222015381 0.730957031
vn -0.824707031 -0.372314453 0.426025391
vn -0.603515625 -0.237060547 -0.761230469
vn -0.630859375 0.209960938 -0.746582031
vn -0.842285156 0.330566406 0.425537109
vn -0.564453125 0.489501953 0.664550781
vn -0.665527344 0.596191406 0.449462891
vn -0.441162109 0.398193359 -0.804199219
vn -0.415771484 0.447753906 -0.791503906
vn -0.604980469 0.65625 0.450927734
vn -0.502929688 0.556152344 0.661621094
vn -1.1920929E-07 0.688476562 0.725097656
vn -0.414794922 0.799316406 0.435302734
vn -0.354736328 0.770019531 -0.530273438
vn -0 0.93359375 0.357666016
vn -0 0.796875 -0.604492188
vn -0 0 1
vn -0 0 1
vn -0 0 1
vn -0 0 1
vn -0 0 1
vn -0 0 1
vn -5.36441803E-07 0 1
vn -0 0.796875 -0.604492188
vn -0.354736328 0.770019531 -0.530273438
vn -0 0 -1
vn -0.415771484 0.447753906 -0.791503906
vn -0.441162109 0.398193359 -0.804199219
vn -0 0 -1
vn -0.630859375 0.209960938 -0.746582031
vn -0.603515625 -0.237060547 -0.761230469
vn -0.439697266 -0.401123047 -0.803710938
vn -0.415039062 -0.447753906 -0.791992188
vn -0 0 -1
vn -0.354736328 -0.770019531 -0.530273438
vn -0 -0.796875 -0.604492188
vn 0.354736328 -0.770019531 -0.530273438
vn -0 -0.796875 -0.604492188
vn -0 -0.934082031 0.357666016
vn 0.414794922 -0.799316406 0.435302734
vn -1.1920929E-07 -0.688476562 0.725097656
vn 0.502441406 -0.556152344 0.662109375
vn 0.604492188 -0.65625 0.451416016
vn 0.415039062 -0.447753906 -0.791992188
vn 0.439697266 -0.401123047 -0.803710938
vn 0.661621094 -0.59765625 0.452392578
vn 0.5625 -0.490478516 0.665527344
vn 0.682128906 0.0222015381 0.730957031
vn 0.824707031 -0.372314453 0.426025391
vn 0.603515625 -0.237060547 -0.761230469
vn 0.630859375 0.209960938 -0.746582031
vn 0.842285156 0.330566406 0.425537109
vn 0.564453125 0.489501953 0.664550781
vn 0.665527344 0.596191406 0.449462891
vn 0.441162109 0.398193359 -0.804199219
vn 0.415771484 0.447753906 -0.791503906
vn 0.604980469 0.65625 0.450927734
vn 0.502929688 0.556152344 0.661621094
vn -1.1920929E-07 0.688476562 0.725097656
vn 0.414794922 0.799316406 0.435302734
vn 0.354736328 0.770019531 -0.530273438
vn -0 0.93359375 0.357666016
vn -0 0.796875 -0.604492188
vn -0 0 1
vn -0 0 1
vn -0 0 1
vn -0 0 1
vn -0 0 1
vn -0 0 1
vn 5.36441803E-07 0 1
vn -0 0.796875 -0.604492188
vn -0 0 -1
vn 0.354736328 0.770019531 -0.530273438
vn 0.415771484 0.447753906 -0.791503906
vn 0.441162109 0.398193359 -0.804199219
vn -0 0 -1
vn 0.630859375 0.209960938 -0.746582031
vn 0.603515625 -0.237060547 -0.761230469
vn 0.439697266 -0.401123047 -0.803710938
vn 0.415039062 -0.447753906 -0.791992188
vn -0 0 -1
vn 0.354736328 -0.770019531 -0.530273438
vn -0 -0.796875 -0.604492188
vn -0.354736328 -0.770019531 0.530273438
vn -0 -0.796875 0.604492188
vn -0 -0.934082031 -0.357666016
vn -0.414794922 -0.799316406 -0.435302734
vn 1.1920929E-07 -0.688476562 -0.725097656
vn -0.502441406 -0.556152344 -0.662109375
vn -0.604492188 -0.65625 -0.451416016
vn -0.415039062 -0.447753906 0.791992188
vn -0.439697266 -0.401123047 0.803710938
vn -0.661621094 -0.59765625 -0.452392578
vn -0.5625 -0.490478516 -0.665527344
vn -0.682128906 0.0222015381 -0.730957031
vn -0.824707031 -0.372314453 -0.426025391
vn -0.603515625 -0.237060547 0.761230469
vn -0.630859375 0.209960938 0.746582031
vn -0.842285156 0.330566406 -0.425537109
vn -0.564453125 0.489501953 -0.664550781
vn -0.665527344 0.596191406 -0.449462891
vn -0.441162109 0.398193359 0.804199219
vn -0.415771484 0.447753906 0.791503906
vn -0.604980469 0.65625 -0.450927734
vn -0.502929688 0.556152344 -0.661621094
vn 1.1920929E-07 0.688476562 -0.725097656
vn -0.414794922 0.799316406 -0.435302734
vn -0.354736328 0.770019531 0.530273438
vn -0 0.93359375 -0.357666016
vn -0 0.796875 0.604492188
vn -1.1920929E-07 0 -1
vn -0 0 -1
vn -0 0 -1
vn -1.1920929E-07 0 -1
vn -0 0 -1
vn -0 0 -1
vn -5.36441803E-07 0 -1
vn -0 0.796875 0.604492188
vn -0 0 1
vn -0.354736328 0.770019531 0.530273438
vn -0.415771484 0.447753906 0.791503906
vn -0.441162109 0.398193359 0.804199219
vn -0 0 1
vn -0.630859375 0.209960938 0.746582031
vn -0.603515625 -0.237060547 0.761230469
vn -0.439697266 -0.401123047 0.803710938
vn -0.415039062 -0.447753906 0.791992188
vn -0 0 1
vn -0.354736328 -0.770019531 0.530273438
vn -0 -0.796875 0.604492188
vn 0.354736328 -0.770019531 0.530273438
vn -0 -0.934082031 -0.357666016
vn -0 -0.796875 0.604492188
vn 0.414794922 -0.799316406 -0.435302734
vn 1.1920929E-07 -0.688476562 -0.725097656
vn 0.502441406 -0.556152344 -0.662109375
vn 0.604492188 -0.65625 -0.451416016
vn 0.415039062 -0.447753906 0.791992188
vn 0.439697266 -0.401123047 0.803710938
vn 0.661621094 -0.59765625 -0.452392578
vn 0.5625 -0.490478516 -0.665527344
vn 0.682128906 0.0222015381 -0.730957031
vn 0.824707031 -0.372314453 -0.426025391
vn 0.603515625 -0.237060547 0.761230469
vn 0.630859375 0.209960938 0.746582031
vn 0.842285156 0.330566406 -0.425537109
vn 0.564453125 0.489501953 -0.664550781
vn 0.665527344 0.596191406 -0.449462891
vn 0.441162109 0.398193359 0.804199219
vn 0.415771484 0.447753906 0.791503906
vn 0.604980469 0.65625 -0.450927734
vn 0.502929688 0.556152344 -0.661621094
vn 1.1920929E-07 0.688476562 -0.725097656
vn 0.414794922 0.799316406 -0.435302734
vn 0.354736328 0.770019531 0.530273438
vn -0 0.93359375 -0.357666016
vn -0 0.796875 0.604492188
vn 2.38418579E-07 0 -1
vn -0 0 -1
vn -0 0 -1
vn 2.38418579E-07 0 -1
vn -0 0 -1
vn -0 0 -1
vn 5.36441803E-07 0 -1
vn -0 0.796875 0.604492188
vn 0.354736328 0.770019531 0.530273438
vn -0 0 1
vn 0.415771484 0.447753906 0.791503906
vn 0.441162109 0.398193359 0.804199219
vn -0 0 1
vn 0.630859375 0.209960938 0.746582031
vn 0.603515625 -0.237060547 0.761230469
vn 0.439697266 -0.401123047 0.803710938
vn 0.415039062 -0.447753906 0.791992188
vn -0 0 1
vn 0.354736328 -0.770019531 0.530273438
vn -0 -0.796875 0.604492188
vn -0.000250816345 0.571289062 0.820800781
vn -0.000262498856 0.559082031 0.829101562
vn -2.98023224E-07 0.220947266 0.975097656
vn -2.38418579E-07 0.211425781 0.977539062
vn -7.49230385E-05 -0.306884766 0.951660156
vn -7.68899918E-05 -0.314941406 0.94921875
vn -0.000138640404 -0.446777344 0.89453125
vn -0.000137925148 -0.438476562 0.898925781
vn -8.18371773E-05 -0.123535156 0.9921875
vn -8.0704689E-05 -0.121704102 0.992675781
vn -3.57031822E-05 -0.0516052246 0.998535156
vn -3.54647636E-05 -0.051361084 0.998535156
vn -2.86102295E-06 0.00121974945 1
vn -2.86102295E-06 0.00124263763 1
vn 1.80602074E-05 0.0595397949 0.998046875
vn 1.80602074E-05 0.0589294434 0.998046875
vn 3.6239624E-05 0.278320312 0.960449219
vn 3.70144844E-05 0.287109375 0.958007812
vn 3.83257866E-05 0.75390625 0.656738281
vn 3.85046005E-05 0.751953125 0.659179688
vn 3.49879265E-05 0.795410156 0.605957031
vn 3.49879265E-05 0.795410156 0.605957031
vn 1.78813934E-07 -0.460693359 0.887695312
vn 1.78813934E-07 -0.460693359 0.887695312
vn -0.000364780426 -0.371337891 0.928710938
vn -0.000336408615 -0.378417969 0.92578125
vn -0.000771999359 -0.114685059 0.993164062
vn -0.000790596008 -0.122436523 0.992675781
vn 8.18967819E-05 0.0206604004 1
vn 0.000191807747 0.0302124023 0.999511719
vn 0.000410556793 0.551757812 0.833984375
vn 0.000475883484 0.475830078 0.879394531
vn -7.74860382E-07 0.883300781 0.468505859
vn -7.74860382E-07 0.883300781 0.468505859
vn -0.704101562 0.710449219 0
vn -0.636230469 0.771484375 0
vn -0.724121094 0.689453125 0
vn -0.656738281 0.75390625 0
vn -0.927734375 -0.373779297 0
vn -0.896972656 -0.442138672 0
vn -0.8828125 -0.469726562 0
vn -0.862304688 -0.506347656 0
vn -0.984375 -0.175537109 0
vn -0.986328125 -0.166015625 0
vn -0.999511719 -0.0236968994 0
vn -0.999511719 -0.0229949951 0
vn -1 0.0191040039 0
vn -1 0.0191040039 0
vn -0.998046875 0.061340332 0
vn -0.998046875 0.0604858398 0
vn -0.958007812 0.286376953 0
vn -0.946777344 0.322021484 0
vn -0.611816406 0.791015625 0
vn -0.646972656 0.762695312 0
vn -0.555664062 0.831054688 0
vn -0.555664062 0.831054688 0
vn -0.830566406 -0.557128906 0
vn -0.830566406 -0.557128906 0
vn -0.891113281 -0.453613281 0
vn -0.905273438 -0.424560547 0
vn -0.98828125 -0.151367188 0
vn -0.989257812 -0.146850586 0
vn -0.999023438 -0.0493469238 0
vn -0.999023438 -0.0488891602 0
vn -0.873046875 0.487792969 0
vn -0.926269531 0.376464844 0
vn -0.400390625 0.916503906 0
vn -0.400390625 0.916503906 0
vn -0.73828125 -0.674804688 0
vn -0.73828125 -0.674804688 0
vn -0.73828125 -0.674804688 0
vn -0.73828125 -0.674804688 0
vn 0.878417969 0.274902344 0.391357422
vn 0.870117188 -0.209838867 0.446289062
vn 0.855957031 -0.26171875 0.445800781
vn 0.54296875 -0.761230469 0.354980469
vn -0.842773438 0.538574219 -6.55651093E-07
vn -0.787597656 0.616210938 -5.36441803E-07
vn -0.787597656 0.616210938 -5.36441803E-07
vn -0.842773438 0.538574219 -6.55651093E-07
vn -0.889160156 0.458007812 -3.57627869E-07
vn -0.889160156 0.458007812 -3.57627869E-07
vn -0.848632812 0.528808594 0
vn -0.848632812 0.528808594 0
vn -0.784667969 0.619628906 0
vn -0.784667969 0.619628906 0
vn -0.718261719 0.695800781 0
vn -0.718261719 0.695800781 0
vn -0.62109375 0.783691406 0
vn -0.62109375 0.783691406 0
vn -0.473876953 0.880371094 0
vn -0.473876953 0.880371094 0
vn -0.291015625 0.956542969 -0.00162792206
vn -0.291015625 0.956542969 -0.00162792206
vn -0.0355224609 0.107543945 0.993652344
vn -0.322509766 0.873535156 0.364990234
vn -0.381591797 0.0963134766 0.919433594
vn -0.354492188 0.17175293 0.918945312
vn -0.05078125 0.257324219 0.96484375
vn 0.153076172 0.414550781 0.896972656
vn -0.0107879639 0.419433594 0.907714844
vn -0.00493240356 0.191772461 0.981445312
vn -0 0 1
vn -0 0 1
vn -0 0 1
vn -0 0 1
vn -0 0 1
vn -0 0 1
vn -0 0 1
vn -0 0 1
vn -0 0 1
vn -0 0 1
vn -0 0 1
vn -0 0 1
vn -0 0 1
vn -0 0 1
vn -0 0 1
vn -0 0 1
vn -0 0 1
vn -0 0 1
vn 0.00158596039 0.0480651855 0.999023438
vn 0.00172328949 0.0522155762 0.998535156
vn 0.00100135803 0.113464355 0.993652344
vn 0.00242805481 0.119140625 0.992675781
vn -0.000262498856 0.559082031 0.829101562
vn -0.000250816345 0.571289062 0.820800781
vn -0 0 1
vn -0 0 1
vn -0 0 1
vn -0 0 1
vn -0.996582031 0.0833740234 0
vn -0.996582031 0.0833740234 0
vn -0.996582031 0.0833740234 0
vn -0.996582031 0.0833740234 0
vn -9.83476639E-06 -0.901855469 0.432128906
vn -9.83476639E-06 -0.901855469 0.432128906
vn -9.83476639E-06 -0.901855469 0.432128906
vn -9.83476639E-06 -0.901855469 0.432128906
vn -0.485107422 -0.874511719 0
vn -0.485107422 -0.874511719 0
vn -0.485107422 -0.874511719 0
vn -0.485107422 -0.874511719 0
vn -0.996582031 -0.0816650391 0
vn -0.636230469 0.771484375 0
vn -0.704101562 0.710449219 0
vn -0.996582031 -0.0796508789 0
vn -0.994628906 -0.102844238 0
vn -0.994628906 -0.102844238 0
vn -0.294189453 0.136108398 0.945800781
vn -0.296875 0.12902832 0.946289062
vn -0.328125 0.0409545898 0.943847656
vn -0.266113281 0.208129883 0.94140625
vn -2.98023224E-07 0.976074219 0.216430664
vn -2.98023224E-07 0.976074219 0.216430664
vn -2.98023224E-07 0.976074219 0.216430664
vn -2.98023224E-07 0.976074219 0.216430664
vn -0.253417969 0.967285156 0
vn -0.253417969 0.967285156 0
vn -0.253417969 0.967285156 0
vn -0.253417969 0.967285156 0
vn -0 0 1
vn -0 0 1
vn -0 0 1
vn -0 0 1
vn -1 -3.69548798E-06 0
vn -1 -3.69548798E-06 0
vn -1 -3.69548798E-06 0
vn -1 -3.69548798E-06 0
vn 2.98023224E-07 -0.500976562 0.865722656
vn 5.36441803E-07 -0.973144531 0.23034668
vn 5.36441803E-07 -0.973144531 0.23034668
vn 4.17232513E-07 -0.767089844 0.641113281
vn -0 0 1
vn 0.00407409668 -0.0231323242 0.999511719
vn -0 0 1
vn 0.000968933105 -0.0023765564 1
vn 0.17980957 -0.110656738 0.977539062
vn -0 -1.1920929E-07 1
vn 0.634277344 -0.390380859 0.666992188
vn -0.295410156 -0.177856445 0.938476562
vn -0.762207031 -0.438720703 0.475585938
vn -0.744140625 -0.66796875 0
vn -0.791503906 -0.611328125 0
vn 0.00214004517 -0.00423812866 1
vn -0.791503906 -0.610839844 0
vn 0.00206756592 -0.00428771973 1
vn -0.747070312 -0.665039062 0
vn -0.747070312 -0.665039062 0
vn 0.00122833252 -0.00206565857 1
vn 0.00108528137 -0.00182437897 1
vn -0.699707031 -0.714355469 0
vn -0.699707031 -0.714355469 0
vn -0.637695312 -0.770507812 0
vn -0.637695312 -0.770507812 0
vn 8.94069672E-07 2.50339508E-06 1
vn 8.94069672E-07 2.50339508E-06 1
vn -0.568847656 -0.822753906 -4.17232513E-07
vn -0.568847656 -0.822753906 -4.17232513E-07
vn -0 -9.53674316E-07 1
vn -0 -9.53674316E-07 1
vn -5.96046448E-07 -3.63588333E-06 1
vn -5.96046448E-07 -3.63588333E-06 1
vn -0.503417969 -0.864257812 -1.66893005E-06
vn -0.503417969 -0.864257812 -1.66893005E-06
vn -0.471679688 -0.881835938 -2.68220901E-06
vn -0.471679688 -0.881835938 -2.68220901E-06
vn -4.76837158E-07 -2.68220901E-06 1
vn -5.96046448E-07 -2.86102295E-06 1
vn 2.38418579E-07 -1.7285347E-06 1
vn 2.38418579E-07 -1.7285347E-06 1
vn -0.700683594 -0.713378906 0
vn -0.23425293 -0.972167969 0
vn -0.23425293 -0.972167969 0
vn -0.79296875 -0.609375 0
vn -0.994628906 0.10345459 0
vn -0.994628906 0.10345459 0
vn -0.944824219 0.327392578 0
vn -0.944824219 0.327392578 0
vn 0.438232422 0.898925781 0
vn 0.480712891 0.876953125 0
vn 0.438232422 0.898925781 0
vn 0.480712891 0.876953125 0
vn 0.566894531 0.823730469 0
vn 0.566894531 0.823730469 0
vn 0.645019531 0.764160156 0
vn 0.645019531 0.764160156 0
vn 0.709472656 0.704589844 0
vn 0.709472656 0.704589844 0
vn 0.764648438 0.644042969 0
vn 0.764648438 0.644042969 0
vn 0.805664062 0.592285156 -5.36441803E-07
vn 0.805664062 0.592285156 -5.36441803E-07
vn 0.875 0.484375 -1.07288361E-06
vn 0.875 0.484130859 -1.07288361E-06
vn 0.932128906 0.362060547 -1.1920929E-06
vn 0.932128906 0.362060547 -1.1920929E-06
vn 0.952636719 -0.304199219 -1.07288361E-06
vn 0.9921875 -0.123474121 -1.1920929E-06
vn 0.402099609 -0.915527344 -1.78813934E-07
vn 0.402099609 -0.915527344 -1.78813934E-07
vn 0.769042969 0.639160156 0
vn 0.697265625 0.716796875 0
vn 0.9765625 -0.216308594 0
vn 0.975097656 -0.22265625 0
vn 0.939941406 -0.341064453 1.78813934E-07
vn 0.939453125 -0.343017578 1.78813934E-07
vn 0.902832031 -0.429931641 8.94069672E-07
vn 0.902832031 -0.429931641 8.94069672E-07
vn 0.866699219 -0.498779297 7.74860382E-07
vn 0.866699219 -0.498779297 7.74860382E-07
vn 0.834960938 -0.550292969 0
vn 0.834960938 -0.550292969 0
vn 0.790527344 -0.612304688 -1.1920929E-07
vn 0.790527344 -0.612304688 -1.1920929E-07
vn 0.696289062 -0.717773438 -1.1920929E-07
vn 0.696289062 -0.717773438 -1.1920929E-07
vn 0.52734375 -0.849609375 5.36441803E-07
vn 0.52734375 -0.849609375 5.36441803E-07
vn 0.364013672 -0.931640625 5.36441803E-07
vn 0.364013672 -0.931640625 5.36441803E-07
vn 0.208129883 -0.978027344 1.01327896E-06
vn 0.208129883 -0.978027344 1.01327896E-06
vn 0.15246582 -0.98828125 1.25169754E-06
vn 0.15246582 -0.98828125 1.25169754E-06
vn 0.202514648 -0.979492188 0
vn 0.202514648 -0.979492188 0
vn 0.685058594 0.728515625 0
vn 0.697265625 0.716796875 0
vn 0.769042969 0.639160156 0
vn 0.753417969 0.657714844 0
vn 0.912109375 -0.41015625 0
vn 0.875976562 -0.481933594 0
vn 0.84765625 -0.530761719 0
vn 0.825195312 -0.564941406 0
vn 0.975097656 -0.22277832 0
vn 0.97265625 -0.232299805 0
vn 0.998046875 -0.0625610352 0
vn 0.998046875 -0.0613708496 0
vn 1 0.0191040039 0
vn 1 0.0191040039 0
vn 0.993164062 0.114807129 0
vn 0.993652344 0.112792969 0
vn 0.933105469 0.359375 0
vn 0.920410156 0.391357422 0
vn 0.636230469 0.771484375 0
vn 0.605957031 0.795410156 0
vn 0.555664062 0.831542969 0
vn 0.555664062 0.831542969 0
vn 0.996582031 0.0833740234 0
vn 0.996582031 0.0833740234 0
vn 0.996582031 0.0833740234 0
vn 0.996582031 0.0833740234 0
vn 0.485107422 -0.874511719 0
vn 0.485107422 -0.874511719 0
vn 0.485107422 -0.874511719 0
vn 0.485107422 -0.874511719 0
vn 0.333251953 0.942871094 0
vn 0.333251953 0.942871094 0
vn 0.333251953 0.942871094 0
vn 0.333251953 0.942871094 0
vn 0.940429688 -0.339355469 -6.55651093E-07
vn 0.855957031 -0.517089844 -2.98023224E-07
vn 0.855957031 -0.517089844 -2.98023224E-07
vn 0.925292969 -0.379150391 -5.96046448E-07
vn 1 -0.021270752 -8.94069672E-07
vn 1 -0.0180664062 -8.94069672E-07
vn 0.979003906 0.203491211 -6.55651093E-07
vn 0.978515625 0.205444336 -6.55651093E-07
vn 0.756835938 0.653808594 -5.36441803E-07
vn 0.702636719 0.711425781 -5.36441803E-07
vn 0.322265625 0.946777344 -2.98023224E-07
vn 0.322265625 0.946777344 -2.98023224E-07
vn 1 9.23871994E-06 -3.57627869E-07
vn 1 9.23871994E-06 -3.57627869E-07
vn 1 9.23871994E-06 -3.57627869E-07
vn 1 9.23871994E-06 -3.57627869E-07
vn 0.000250816345 0.571289062 0.820800781
vn 8.94069672E-07 0.787109375 0.616699219
vn 8.94069672E-07 0.787109375 0.616699219
vn 0.000262498856 0.559082031 0.829101562
vn -1.78813934E-07 -0.460693359 0.887695312
vn 0.000364780426 -0.371337891 0.928710938
vn -1.78813934E-07 -0.460693359 0.887695312
vn 0.000336408615 -0.378417969 0.92578125
vn 0.000771522522 -0.114685059 0.993164062
vn 0.000790596008 -0.122436523 0.992675781
vn -8.18967819E-05 0.0206604004 1
vn -0.000191807747 0.0302124023 0.999511719
vn -0.000410556793 0.551757812 0.833984375
vn -0.000475883484 0.475830078 0.879394531
vn 7.74860382E-07 0.883300781 0.468505859
vn 7.74860382E-07 0.883300781 0.468505859
vn 0.704101562 0.710449219 0
vn 0.332519531 0.942871094 0
vn 0.332519531 0.942871094 0
vn 0.636230469 0.771484375 0
vn 0.830566406 -0.557128906 0
vn 0.891113281 -0.453613281 0
vn 0.830566406 -0.557128906 0
vn 0.905273438 -0.424560547 0
vn 0.98828125 -0.151367188 0
vn 0.989257812 -0.146850586 0
vn 0.999023438 -0.0493469238 0
vn 0.999023438 -0.0488891602 0
vn 0.873046875 0.487792969 0
vn 0.926269531 0.376464844 0
vn 0.400390625 0.916503906 0
vn 0.400390625 0.916503906 0
vn 0.73828125 -0.674804688 0
vn 0.73828125 -0.674804688 0
vn 0.73828125 -0.674804688 0
vn 0.73828125 -0.674804688 0
vn -0.878417969 0.274902344 0.391357422
vn -0.855957031 -0.26171875 0.445800781
vn -0.870117188 -0.209838867 0.446289062
vn -0.54296875 -0.761230469 0.354980469
vn 0.842773438 0.538574219 -6.55651093E-07
vn 0.787597656 0.616210938 -5.36441803E-07
vn 0.787597656 0.616210938 -5.36441803E-07
vn 0.842773438 0.538574219 -6.55651093E-07
vn 0.889160156 0.458007812 -3.57627869E-07
vn 0.889160156 0.458007812 -3.57627869E-07
vn 0.848632812 0.528808594 0
vn 0.848632812 0.528808594 0
vn 0.784667969 0.619628906 0
vn 0.784667969 0.619628906 0
vn 0.718261719 0.695800781 0
vn 0.718261719 0.695800781 0
vn 0.62109375 0.783691406 0
vn 0.62109375 0.783691406 0
vn 0.473876953 0.880371094 0
vn 0.473876953 0.880371094 0
vn 0.291015625 0.956542969 -0.00162792206
vn 0.291015625 0.956542969 -0.00162792206
vn 0.0355224609 0.107543945 0.993652344
vn 0.322509766 0.873535156 0.364990234
vn 0.381591797 0.0963134766 0.919433594
vn 0.354492188 0.17175293 0.918945312
vn 0.05078125 0.257324219 0.96484375
vn -0.153076172 0.414550781 0.896972656
vn 0.0107879639 0.419433594 0.907714844
vn 0.00493240356 0.191772461 0.981445312
vn -0 0 1
vn -0 0 1
vn -0 0 1
vn -0 0 1
vn -0 0 1
vn -0 0 1
vn -0 0 1
vn -0 0 1
vn -0 0 1
vn -0 0 1
vn -0 0 1
vn -0 0 1
vn -0 0 1
vn -0 0 1
vn -0 0 1
vn -0 0 1
vn -0 0 1
vn -0 0 1
vn -0.00158596039 0.0480651855 0.999023438
vn -0.00172328949 0.0522155762 0.998535156
vn -0.00100135803 0.113464355 0.993652344
vn -0.00242805481 0.119140625 0.992675781
vn 0.000262498856 0.559082031 0.829101562
vn 0.000250816345 0.571289062 0.820800781
vn 0.000149726868 -0.61328125 0.789550781
vn 0.000138640404 -0.446777344 0.89453125
vn 0.000149726868 -0.61328125 0.789550781
vn 0.000137925148 -0.438476562 0.898925781
vn 8.17775726E-05 -0.123535156 0.9921875
vn 8.0704689E-05 -0.121704102 0.992675781
vn 3.57031822E-05 -0.0516052246 0.998535156
vn 3.54647636E-05 -0.051361084 0.998535156
vn 2.86102295E-06 0.00121974945 1
vn 2.86102295E-06 0.00124263763 1
vn -1.80602074E-05 0.0595397949 0.998046875
vn -1.80602074E-05 0.0589294434 0.998046875
vn -3.6239624E-05 0.278320312 0.960449219
vn -3.70144844E-05 0.287109375 0.958007812
vn -3.83257866E-05 0.75390625 0.656738281
vn -3.85046005E-05 0.751953125 0.659179688
vn -3.49879265E-05 0.795410156 0.605957031
vn -3.49879265E-05 0.795410156 0.605957031
vn 0.746582031 -0.665527344 0
vn 0.746582031 -0.665527344 0
vn 0.8828125 -0.469726562 0
vn 0.862304688 -0.506347656 0
vn 0.984375 -0.175537109 0
vn 0.986328125 -0.166015625 0
vn 0.999511719 -0.0236968994 0
vn 0.999511719 -0.0229949951 0
vn 1 0.0191040039 0
vn 1 0.0191040039 0
vn 0.998046875 0.061340332 0
vn 0.998046875 0.0604858398 0
vn 0.958007812 0.286376953 0
vn 0.946777344 0.322021484 0
vn 0.611816406 0.791015625 0
vn 0.646972656 0.762695312 0
vn 0.555664062 0.831054688 0
vn 0.555664062 0.831054688 0
vn -0 0 1
vn -0 0 1
vn -0 0 1
vn -0 0 1
vn 1 -0.00621795654 0
vn 1 -0.00621795654 0
vn 1 -0.00621795654 0
vn 1 -0.00621795654 0
vn -0 0 1
vn -0 0 1
vn -0 0 1
vn -0 0 1
vn 0.996582031 0.0833740234 0
vn 0.996582031 0.0833740234 0
vn 0.996582031 0.0833740234 0
vn 0.996582031 0.0833740234 0
vn 9.83476639E-06 -0.901855469 0.432128906
vn 9.83476639E-06 -0.901855469 0.432128906
vn 9.83476639E-06 -0.901855469 0.432128906
vn 9.83476639E-06 -0.901855469 0.432128906
vn 0.485107422 -0.874511719 0
vn 0.485107422 -0.874511719 0
vn 0.485107422 -0.874511719 0
vn 0.485107422 -0.874511719 0
vn 0.996582031 -0.0816650391 0
vn 0.704101562 0.710449219 0
vn 0.636230469 0.771484375 0
vn 0.996582031 -0.0796508789 0
vn 0.994628906 -0.102844238 0
vn 0.994628906 -0.102844238 0
vn 0.294189453 0.136108398 0.945800781
vn 0.328125 0.0409545898 0.943847656
vn 0.296875 0.12902832 0.946289062
vn 0.266113281 0.208129883 0.94140625
vn 2.98023224E-07 0.976074219 0.216430664
vn 2.98023224E-07 0.976074219 0.216430664
vn 2.98023224E-07 0.976074219 0.216430664
vn 2.98023224E-07 0.976074219 0.216430664
vn 0.253417969 0.967285156 0
vn 0.253417969 0.967285156 0
vn 0.253417969 0.967285156 0
vn 0.253417969 0.967285156 0
vn -0 0 1
vn -0 0 1
vn -0 0 1
vn -0 0 1
vn 1 -3.69548798E-06 0
vn 1 -3.69548798E-06 0
vn 1 -3.69548798E-06 0
vn 1 -3.69548798E-06 0
vn -2.98023224E-07 -0.500976562 0.865722656
vn -5.36441803E-07 -0.973144531 0.23034668
vn -5.36441803E-07 -0.973144531 0.23034668
vn -4.17232513E-07 -0.767089844 0.641113281
vn -0 0 1
vn -0 0 1
vn -0 0 1
vn -0.000968933105 -0.0023765564 1
vn -0 -1.1920929E-07 1
vn -0 -1.1920929E-07 1
vn -0.000784873962 -0.00192451477 1
vn -0.00214004517 -0.00423812866 1
vn -0.00206756592 -0.00428771973 1
vn -0.00122833252 -0.00206565857 1
vn -0.00108528137 -0.00182437897 1
vn -8.34465027E-07 2.50339508E-06 1
vn -8.94069672E-07 2.50339508E-06 1
vn -0 -9.53674316E-07 1
vn -0 -9.53674316E-07 1
vn 5.96046448E-07 -3.63588333E-06 1
vn 5.96046448E-07 -3.63588333E-06 1
vn 4.76837158E-07 -2.68220901E-06 1
vn 5.96046448E-07 -2.86102295E-06 1
vn -2.38418579E-07 -1.7285347E-06 1
vn -2.38418579E-07 -1.7285347E-06 1
vn 0.700683594 -0.713378906 0
vn 0.23425293 -0.972167969 0
vn 0.23425293 -0.972167969 0
vn 0.79296875 -0.609375 0
vn 0.994628906 0.10345459 0
vn 0.994628906 0.10345459 0
vn 0.944824219 0.327392578 0
vn 0.944824219 0.327392578 0
vn 0.762207031 -0.438720703 0.475585938
vn 0.844238281 -0.502441406 0.186401367
vn 0.825683594 -0.229614258 0.515136719
vn 0.744140625 -0.66796875 0
vn 0.791503906 -0.611328125 0
vn 0.791503906 -0.610839844 0
vn 0.747070312 -0.665039062 0
vn 0.747070312 -0.665039062 0
vn 0.699707031 -0.714355469 0
vn 0.699707031 -0.714355469 0
vn 0.637695312 -0.770507812 1.78813934E-07
vn 0.637695312 -0.770507812 1.78813934E-07
vn 0.568847656 -0.822753906 -4.76837158E-07
vn 0.568847656 -0.822753906 -4.76837158E-07
vn 0.503417969 -0.864257812 -2.14576721E-06
vn 0.503417969 -0.864257812 -2.14576721E-06
vn 0.471679688 -0.881835938 -3.09944153E-06
vn 0.471679688 -0.881835938 -3.09944153E-06
vn -0.438232422 0.898925781 -1.78813934E-07
vn -0.438232422 0.898925781 -1.78813934E-07
vn -0.480712891 0.876953125 1.78813934E-07
vn -0.480712891 0.876953125 1.78813934E-07
vn -0.566894531 0.823730469 2.38418579E-07
vn -0.566894531 0.823730469 2.38418579E-07
vn -0.645019531 0.764160156 -2.38418579E-07
vn -0.645019531 0.764160156 -2.38418579E-07
vn -0.709472656 0.704589844 -2.38418579E-07
vn -0.709472656 0.704589844 -2.38418579E-07
vn -0.764648438 0.644042969 0
vn -0.764648438 0.644042969 0
vn -0.805664062 0.592285156 -5.36441803E-07
vn -0.805664062 0.592285156 -5.36441803E-07
vn -0.875 0.484375 -1.01327896E-06
vn -0.875 0.484130859 -1.01327896E-06
vn -0.932128906 0.362060547 -1.1920929E-06
vn -0.932128906 0.362060547 -1.1920929E-06
vn -0.952636719 -0.304199219 -1.07288361E-06
vn -0.9921875 -0.123474121 -1.25169754E-06
vn -0.402099609 -0.915527344 0
vn -0.402099609 -0.915527344 0
vn -0.769042969 0.639160156 0
vn -0.9765625 -0.216308594 0
vn -0.697265625 0.716796875 0
vn -0.975097656 -0.22265625 0
vn -0.939941406 -0.341064453 1.78813934E-07
vn -0.939453125 -0.343017578 1.78813934E-07
vn -0.902832031 -0.429931641 8.94069672E-07
vn -0.902832031 -0.429931641 8.94069672E-07
vn -0.866699219 -0.498779297 9.53674316E-07
vn -0.866699219 -0.498779297 9.53674316E-07
vn -0.834960938 -0.550292969 1.78813934E-07
vn -0.834960938 -0.550292969 1.78813934E-07
vn -0.790527344 -0.612304688 0
vn -0.790527344 -0.612304688 0
vn -0.696289062 -0.717773438 1.1920929E-07
vn -0.696289062 -0.717773438 1.1920929E-07
vn -0.52734375 -0.849609375 7.74860382E-07
vn -0.52734375 -0.849609375 7.74860382E-07
vn -0.364013672 -0.931640625 6.55651093E-07
vn -0.364013672 -0.931640625 6.55651093E-07
vn -0.208129883 -0.978027344 1.13248825E-06
vn -0.208129883 -0.978027344 1.13248825E-06
vn -0.15246582 -0.98828125 1.31130219E-06
vn -0.15246582 -0.98828125 1.31130219E-06
vn -0.202514648 -0.979492188 -3.57627869E-07
vn -0.202514648 -0.979492188 -3.57627869E-07
vn -0.362792969 0.931640625 0
vn -0.769042969 0.639160156 0
vn -0.697265625 0.716796875 0
vn -0.362792969 0.931640625 0
vn -0.999511719 0.0330810547 0
vn -0.999511719 0.0330810547 0
vn -0.999511719 0.0330810547 0
vn -0.999511719 0.0330810547 0
vn -0.84765625 -0.530761719 0
vn -0.697753906 -0.716308594 0
vn -0.697753906 -0.716308594 0
vn -0.825195312 -0.564941406 0
vn -0.975097656 -0.22277832 0
vn -0.97265625 -0.232299805 0
vn -0.998046875 -0.0625610352 0
vn -0.998046875 -0.0613708496 0
vn -1 0.0191040039 0
vn -1 0.0191040039 0
vn -0.993164062 0.114807129 0
vn -0.993652344 0.112792969 0
vn -0.933105469 0.359375 0
vn -0.920410156 0.391357422 0
vn -0.636230469 0.771484375 0
vn -0.605957031 0.795410156 0
vn -0.555664062 0.831542969 0
vn -0.555664062 0.831542969 0
vn -0.996582031 0.0833740234 0
vn -0.996582031 0.0833740234 0
vn -0.996582031 0.0833740234 0
vn -0.996582031 0.0833740234 0
vn -0.485107422 -0.874511719 0
vn -0.485107422 -0.874511719 0
vn -0.485107422 -0.874511719 0
vn -0.485107422 -0.874511719 0
vn -0.333251953 0.942871094 0
vn -0.333251953 0.942871094 0
vn -0.333251953 0.942871094 0
vn -0.333251953 0.942871094 0
vn -0.940429688 -0.339355469 -7.15255737E-07
vn -0.855957031 -0.517089844 -3.57627869E-07
vn -0.855957031 -0.517089844 -3.57627869E-07
vn -0.925292969 -0.379150391 -6.55651093E-07
vn -1 -0.021270752 -8.94069672E-07
vn -1 -0.0180664062 -8.94069672E-07
vn -0.979003906 0.203491211 -7.74860382E-07
vn -0.978515625 0.205444336 -7.74860382E-07
vn -0.756835938 0.653808594 -5.36441803E-07
vn -0.702636719 0.711425781 -4.76837158E-07
vn -0.322265625 0.946777344 0
vn -0.322265625 0.946777344 0
vn -1 9.23871994E-06 -3.57627869E-07
vn -1 9.23871994E-06 -3.57627869E-07
vn -1 9.23871994E-06 -3.57627869E-07
vn -1 9.23871994E-06 -3.57627869E-07
vn -0.000250816345 0.571289062 -0.820800781
vn -2.98023224E-07 0.220947266 -0.975097656
vn -0.000262498856 0.559082031 -0.829101562
vn -2.38418579E-07 0.211425781 -0.977539062
vn -7.49230385E-05 -0.306884766 -0.951660156
vn -7.68899918E-05 -0.314941406 -0.94921875
vn -0.000138640404 -0.446777344 -0.89453125
vn -0.000137925148 -0.438476562 -0.898925781
vn -8.18371773E-05 -0.123535156 -0.9921875
vn -8.0704689E-05 -0.121704102 -0.992675781
vn -3.57031822E-05 -0.0516052246 -0.998535156
vn -3.54647636E-05 -0.051361084 -0.998535156
vn -2.86102295E-06 0.00121974945 -1
vn -2.86102295E-06 0.00124263763 -1
vn 1.80602074E-05 0.0595397949 -0.998046875
vn 1.80602074E-05 0.0589294434 -0.998046875
vn 3.6239624E-05 0.278320312 -0.960449219
vn 3.70144844E-05 0.287109375 -0.958007812
vn 3.83257866E-05 0.75390625 -0.656738281
vn 3.85046005E-05 0.751953125 -0.659179688
vn 3.49879265E-05 0.795410156 -0.605957031
vn 3.49879265E-05 0.795410156 -0.605957031
vn 1.78813934E-07 -0.460693359 -0.887695312
vn -0.000364780426 -0.371337891 -0.928710938
vn 1.78813934E-07 -0.460693359 -0.887695312
vn -0.000336408615 -0.378417969 -0.92578125
vn -0.000771522522 -0.114685059 -0.993164062
vn -0.000790596008 -0.122436523 -0.992675781
vn 8.18967819E-05 0.0206604004 -1
vn 0.000191807747 0.0302124023 -0.999511719
vn 0.000410556793 0.551757812 -0.833984375
vn 0.000475883484 0.475830078 -0.879394531
vn -7.74860382E-07 0.883300781 -0.468505859
vn -7.74860382E-07 0.883300781 -0.468505859
vn -0.704101562 0.710449219 0
vn -0.724121094 0.689453125 0
vn -0.636230469 0.771484375 0
vn -0.656738281 0.75390625 0
vn -0.927734375 -0.373779297 0
vn -0.896972656 -0.442138672 0
vn -0.8828125 -0.469726562 0
vn -0.862304688 -0.506347656 0
vn -0.984375 -0.175537109 0
vn -0.986328125 -0.166015625 0
vn -0.999511719 -0.0236968994 0
vn -0.999511719 -0.0229949951 0
vn -1 0.0191040039 0
vn -1 0.0191040039 0
vn -0.998046875 0.061340332 0
vn -0.998046875 0.0604858398 0
vn -0.958007812 0.286376953 0
vn -0.946777344 0.322021484 0
vn -0.611816406 0.791015625 0
vn -0.646972656 0.762695312 0
vn -0.555664062 0.831054688 0
vn -0.555664062 0.831054688 0
vn -0.830566406 -0.557128906 0
vn -0.891113281 -0.453613281 0
vn -0.830566406 -0.557128906 0
vn -0.905273438 -0.424560547 0
vn -0.98828125 -0.151367188 0
vn -0.989257812 -0.146850586 0
vn -0.999023438 -0.0493469238 0
vn -0.999023438 -0.0488891602 0
vn -0.873046875 0.487792969 0
vn -0.926269531 0.376464844 0
vn -0.400390625 0.916503906 0
vn -0.400390625 0.916503906 0
vn -0.73828125 -0.674804688 0
vn -0.73828125 -0.674804688 0
vn -0.73828125 -0.674804688 0
vn -0.73828125 -0.674804688 0
vn 0.878417969 0.274902344 -0.391357422
vn 0.855957031 -0.26171875 -0.445800781
vn 0.870117188 -0.209838867 -0.446289062
vn 0.54296875 -0.761230469 -0.354980469
vn -0.842773438 0.538574219 6.55651093E-07
vn -0.787597656 0.616210938 5.36441803E-07
vn -0.787597656 0.616210938 5.36441803E-07
vn -0.842773438 0.538574219 6.55651093E-07
vn -0.889160156 0.458007812 3.57627869E-07
vn -0.889160156 0.458007812 3.57627869E-07
vn -0.848632812 0.528808594 0
vn -0.848632812 0.528808594 0
vn -0.784667969 0.619628906 0
vn -0.784667969 0.619628906 0
vn -0.718261719 0.695800781 0
vn -0.718261719 0.695800781 0
vn -0.62109375 0.783691406 0
vn -0.62109375 0.783691406 0
vn -0.473876953 0.880371094 0
vn -0.473876953 0.880371094 0
vn -0.291015625 0.956542969 0.00162792206
vn -0.291015625 0.956542969 0.00162792206
vn -0.0355224609 0.107543945 -0.993652344
vn -0.322509766 0.873535156 -0.364990234
vn -0.381591797 0.0963134766 -0.919433594
vn -0.354492188 0.17175293 -0.918945312
vn -0.05078125 0.257324219 -0.96484375
vn 0.153076172 0.414550781 -0.896972656
vn -0.0107879639 0.419433594 -0.907714844
vn -0.00493240356 0.191772461 -0.981445312
vn -0 0 -1
vn -0 0 -1
vn -0 0 -1
vn -0 0 -1
vn -0 0 -1
vn -0 0 -1
vn -0 0 -1
vn -0 0 -1
vn -0 0 -1
vn -0 0 -1
vn -0 0 -1
vn -0 0 -1
vn -0 0 -1
vn -0 0 -1
vn -0 0 -1
vn 1.1920929E-07 0 -1
vn 1.1920929E-07 0 -1
vn 1.1920929E-07 0 -1
vn 0.00158596039 0.0480651855 -0.999023438
vn 0.00172328949 0.0522155762 -0.998535156
vn 0.00100135803 0.113464355 -0.993652344
vn 0.00242805481 0.119140625 -0.992675781
vn -0.000262498856 0.559082031 -0.829101562
vn -0.000250816345 0.571289062 -0.820800781
vn -0 0 -1
vn -0 0 -1
vn -0 0 -1
vn -0 0 -1
vn -0.996582031 0.0833740234 0
vn -0.996582031 0.0833740234 0
vn -0.996582031 0.0833740234 0
vn -0.996582031 0.0833740234 0
vn -9.83476639E-06 -0.901855469 -0.432128906
vn -9.83476639E-06 -0.901855469 -0.432128906
vn -9.83476639E-06 -0.901855469 -0.432128906
vn -9.83476639E-06 -0.901855469 -0.432128906
vn -0.485107422 -0.874511719 0
vn -0.485107422 -0.874511719 0
vn -0.485107422 -0.874511719 0
vn -0.485107422 -0.874511719 0
vn -0.996582031 -0.0816650391 0
vn -0.704101562 0.710449219 0
vn -0.636230469 0.771484375 0
vn -0.996582031 -0.0796508789 0
vn -0.994628906 -0.102844238 0
vn -0.994628906 -0.102844238 0
vn -0.294189453 0.136108398 -0.945800781
vn -0.328125 0.0409545898 -0.943847656
vn -0.296875 0.12902832 -0.946289062
vn -0.266113281 0.208129883 -0.94140625
vn -2.98023224E-07 0.976074219 -0.216430664
vn -2.98023224E-07 0.976074219 -0.216430664
vn -2.98023224E-07 0.976074219 -0.216430664
vn -2.98023224E-07 0.976074219 -0.216430664
vn -0.253417969 0.967285156 0
vn -0.253417969 0.967285156 0
vn -0.253417969 0.967285156 0
vn -0.253417969 0.967285156 0
vn -0 0 -1
vn -0 0 -1
vn -0 0 -1
vn -0 0 -1
vn -1 -3.69548798E-06 0
vn -1 -3.69548798E-06 0
vn -1 -3.69548798E-06 0
vn -1 -3.69548798E-06 0
vn 2.98023224E-07 -0.500976562 -0.865722656
vn 5.36441803E-07 -0.973144531 -0.23034668
vn 5.36441803E-07 -0.973144531 -0.23034668
vn 4.17232513E-07 -0.767089844 -0.641113281
vn -0 0 -1
vn 0.027557373 -0.0169525146 -0.999511719
vn -0 0 -1
vn 0.000968933105 -0.0023765564 -1
vn 0.17980957 -0.110656738 -0.977539062
vn -0 -1.1920929E-07 -1
vn 0.634277344 -0.390380859 -0.666992188
vn 0.000784873962 -0.00192451477 -1
vn 0.00214004517 -0.00423812866 -1
vn 0.00206756592 -0.00428771973 -1
vn 0.00122833252 -0.00206565857 -1
vn 0.00108528137 -0.00182437897 -1
vn 8.34465027E-07 2.50339508E-06 -1
vn 8.94069672E-07 2.50339508E-06 -1
vn -0 -9.53674316E-07 -1
vn -0 -9.53674316E-07 -1
vn -5.96046448E-07 -3.63588333E-06 -1
vn -5.96046448E-07 -3.63588333E-06 -1
vn -4.76837158E-07 -2.68220901E-06 -1
vn -5.96046448E-07 -2.86102295E-06 -1
vn 2.38418579E-07 -1.7285347E-06 -1
vn 2.38418579E-07 -1.7285347E-06 -1
vn -0.700683594 -0.713378906 0
vn -0.23425293 -0.972167969 0
vn -0.23425293 -0.972167969 0
vn -0.79296875 -0.609375 0
vn -0.994628906 0.10345459 0
vn -0.994628906 0.10345459 0
vn -0.944824219 0.327392578 0
vn -0.944824219 0.327392578 0
vn -0.762207031 -0.438720703 -0.475585938
vn -0.844238281 -0.502441406 -0.186401367
vn -0.825683594 -0.229614258 -0.515136719
vn -0.744140625 -0.66796875 0
vn -0.791503906 -0.611328125 0
vn -0.791503906 -0.610839844 0
vn -0.747070312 -0.665039062 0
vn -0.747070312 -0.665039062 0
vn -0.699707031 -0.714355469 0
vn -0.699707031 -0.714355469 0
vn -0.637695312 -0.770507812 -1.78813934E-07
vn -0.637695312 -0.770507812 -1.78813934E-07
vn -0.568847656 -0.822753906 4.76837158E-07
vn -0.568847656 -0.822753906 4.76837158E-07
vn -0.503417969 -0.864257812 2.14576721E-06
vn -0.503417969 -0.864257812 2.14576721E-06
vn -0.471679688 -0.881835938 3.09944153E-06
vn -0.471679688 -0.881835938 3.09944153E-06
vn 0.438232422 0.898925781 1.78813934E-07
vn 0.438232422 0.898925781 1.78813934E-07
vn 0.480712891 0.876953125 -1.78813934E-07
vn 0.480712891 0.876953125 -1.78813934E-07
vn 0.566894531 0.823730469 -2.38418579E-07
vn 0.566894531 0.823730469 -2.38418579E-07
vn 0.645019531 0.764160156 2.38418579E-07
vn 0.645019531 0.764160156 2.38418579E-07
vn 0.709472656 0.704589844 2.38418579E-07
vn 0.709472656 0.704589844 2.38418579E-07
vn 0.764648438 0.644042969 0
vn 0.764648438 0.644042969 0
vn 0.805664062 0.592285156 5.36441803E-07
vn 0.805664062 0.592285156 5.36441803E-07
vn 0.875 0.484375 1.01327896E-06
vn 0.875 0.484130859 1.01327896E-06
vn 0.932128906 0.362060547 1.1920929E-06
vn 0.932128906 0.362060547 1.1920929E-06
vn 0.952636719 -0.304199219 1.07288361E-06
vn 0.9921875 -0.123474121 1.25169754E-06
vn 0.402099609 -0.915527344 0
vn 0.402099609 -0.915527344 0
vn 0.769042969 0.639160156 0
vn 0.9765625 -0.216308594 0
vn 0.697265625 0.716796875 0
vn 0.975097656 -0.22265625 0
vn 0.939941406 -0.341064453 -1.78813934E-07
vn 0.939453125 -0.343017578 -1.78813934E-07
vn 0.902832031 -0.429931641 -8.94069672E-07
vn 0.902832031 -0.429931641 -8.94069672E-07
vn 0.866699219 -0.498779297 -9.53674316E-07
vn 0.866699219 -0.498779297 -9.53674316E-07
vn 0.834960938 -0.550292969 -1.78813934E-07
vn 0.834960938 -0.550292969 -1.78813934E-07
vn 0.790527344 -0.612304688 0
vn 0.790527344 -0.612304688 0
vn 0.696289062 -0.717773438 -1.1920929E-07
vn 0.696289062 -0.717773438 -1.1920929E-07
vn 0.52734375 -0.849609375 -7.74860382E-07
vn 0.52734375 -0.849609375 -7.74860382E-07
vn 0.364013672 -0.931640625 -6.55651093E-07
vn 0.364013672 -0.931640625 -6.55651093E-07
vn 0.208129883 -0.978027344 -1.13248825E-06
vn 0.208129883 -0.978027344 -1.13248825E-06
vn 0.15246582 -0.98828125 -1.31130219E-06
vn 0.15246582 -0.98828125 -1.31130219E-06
vn 0.202514648 -0.979492188 3.57627869E-07
vn 0.202514648 -0.979492188 3.57627869E-07
vn 0.685058594 0.728515625 0
vn 0.769042969 0.639160156 0
vn 0.697265625 0.716796875 0
vn 0.753417969 0.657714844 0
vn 0.912109375 -0.41015625 0
vn 0.875976562 -0.481933594 0
vn 0.84765625 -0.530761719 0
vn 0.825195312 -0.564941406 0
vn 0.975097656 -0.22277832 0
vn 0.97265625 -0.232299805 0
vn 0.998046875 -0.0625610352 0
vn 0.998046875 -0.0613708496 0
vn 1 0.0191040039 0
vn 1 0.0191040039 0
vn 0.993164062 0.114807129 0
vn 0.993652344 0.112792969 0
vn 0.933105469 0.359375 0
vn 0.920410156 0.391357422 0
vn 0.636230469 0.771484375 0
vn 0.605957031 0.795410156 0
vn 0.555664062 0.831542969 0
vn 0.555664062 0.831542969 0
vn 0.996582031 0.0833740234 0
vn 0.996582031 0.0833740234 0
vn 0.996582031 0.0833740234 0
vn 0.996582031 0.0833740234 0
vn 0.485107422 -0.874511719 0
vn 0.485107422 -0.874511719 0
vn 0.485107422 -0.874511719 0
vn 0.485107422 -0.874511719 0
vn 0.333251953 0.942871094 0
vn 0.333251953 0.942871094 0
vn 0.333251953 0.942871094 0
vn 0.333251953 0.942871094 0
vn 0.940429688 -0.339355469 7.15255737E-07
vn 0.855957031 -0.517089844 3.57627869E-07
vn 0.855957031 -0.517089844 3.57627869E-07
vn 0.925292969 -0.379150391 6.55651093E-07
vn 1 -0.021270752 8.94069672E-07
vn 1 -0.0180664062 8.94069672E-07
vn 0.979003906 0.203491211 7.74860382E-07
vn 0.978515625 0.205444336 7.74860382E-07
vn 0.756835938 0.653808594 5.36441803E-07
vn 0.702636719 0.711425781 4.76837158E-07
vn 0.322265625 0.946777344 0
vn 0.322265625 0.946777344 0
vn 1 9.23871994E-06 3.57627869E-07
vn 1 9.23871994E-06 3.57627869E-07
vn 1 9.23871994E-06 3.57627869E-07
vn 1 9.23871994E-06 3.57627869E-07
vn 0.000250816345 0.571289062 -0.820800781
vn 0.000262498856 0.559082031 -0.829101562
vn 8.94069672E-07 0.787109375 -0.616699219
vn 8.94069672E-07 0.787109375 -0.616699219
vn -1.78813934E-07 -0.460693359 -0.887695312
vn -1.78813934E-07 -0.460693359 -0.887695312
vn 0.000364780426 -0.371337891 -0.928710938
vn 0.000336408615 -0.378417969 -0.92578125
vn 0.000771522522 -0.114685059 -0.993164062
vn 0.000790596008 -0.122436523 -0.992675781
vn -8.18967819E-05 0.0206604004 -1
vn -0.000191807747 0.0302124023 -0.999511719
vn -0.000410556793 0.551757812 -0.833984375
vn -0.000475883484 0.475830078 -0.879394531
vn 7.74860382E-07 0.883300781 -0.468505859
vn 7.74860382E-07 0.883300781 -0.468505859
vn 0.704101562 0.710449219 0
vn 0.636230469 0.771484375 0
vn 0.332519531 0.942871094 0
vn 0.332519531 0.942871094 0
vn 0.830566406 -0.557128906 0
vn 0.830566406 -0.557128906 0
vn 0.891113281 -0.453613281 0
vn 0.905273438 -0.424560547 0
vn 0.98828125 -0.151367188 0
vn 0.989257812 -0.146850586 0
vn 0.999023438 -0.0493469238 0
vn 0.999023438 -0.0488891602 0
vn 0.873046875 0.487792969 0
vn 0.926269531 0.376464844 0
vn 0.400390625 0.916503906 0
vn 0.400390625 0.916503906 0
vn 0.73828125 -0.674804688 0
vn 0.73828125 -0.674804688 0
vn 0.73828125 -0.674804688 0
vn 0.73828125 -0.674804688 0
vn -0.878417969 0.274902344 -0.391357422
vn -0.870117188 -0.209838867 -0.446289062
vn -0.855957031 -0.26171875 -0.445800781
vn -0.54296875 -0.761230469 -0.354980469
vn 0.842773438 0.538574219 6.55651093E-07
vn 0.787597656 0.616210938 5.36441803E-07
vn 0.787597656 0.616210938 5.36441803E-07
vn 0.842773438 0.538574219 6.55651093E-07
vn 0.889160156 0.458007812 3.57627869E-07
vn 0.889160156 0.458007812 3.57627869E-07
vn 0.848632812 0.528808594 0
vn 0.848632812 0.528808594 0
vn 0.784667969 0.619628906 0
vn 0.784667969 0.619628906 0
vn 0.718261719 0.695800781 0
vn 0.718261719 0.695800781 0
vn 0.62109375 0.783691406 0
vn 0.62109375 0.783691406 0
vn 0.473876953 0.880371094 0
vn 0.473876953 0.880371094 0
vn 0.291015625 0.956542969 0.00162792206
vn 0.291015625 0.956542969 0.00162792206
vn 0.0355224609 0.107543945 -0.993652344
vn 0.322509766 0.873535156 -0.364990234
vn 0.381591797 0.0963134766 -0.919433594
vn 0.354492188 0.17175293 -0.918945312
vn 0.05078125 0.257324219 -0.96484375
vn -0.153076172 0.414550781 -0.896972656
vn 0.0107879639 0.419433594 -0.907714844
vn 0.00493240356 0.191772461 -0.981445312
vn -0 0 -1
vn -0 0 -1
vn -0 0 -1
vn -0 0 -1
vn -0 0 -1
vn -0 0 -1
vn -0 0 -1
vn -0 0 -1
vn -0 0 -1
vn -0 0 -1
vn -0 0 -1
vn -0 0 -1
vn -0 0 -1
vn -0 0 -1
vn -0 0 -1
vn -0 0 -1
vn -0 0 -1
vn -0 0 -1
vn -0.00158596039 0.0480651855 -0.999023438
vn -0.00172328949 0.0522155762 -0.998535156
vn -0.00100135803 0.113464355 -0.993652344
vn -0.00242805481 0.119140625 -0.992675781
vn 0.000262498856 0.559082031 -0.829101562
vn 0.000250816345 0.571289062 -0.820800781
vn 0.000149726868 -0.61328125 -0.789550781
vn 0.000149726868 -0.61328125 -0.789550781
vn 0.000138640404 -0.446777344 -0.89453125
vn 0.000137925148 -0.438476562 -0.898925781
vn 8.18371773E-05 -0.123535156 -0.9921875
vn 8.0704689E-05 -0.121704102 -0.992675781
vn 3.57031822E-05 -0.0516052246 -0.998535156
vn 3.54647636E-05 -0.051361084 -0.998535156
vn 2.86102295E-06 0.00121974945 -1
vn 2.86102295E-06 0.00124263763 -1
vn -1.80602074E-05 0.0595397949 -0.998046875
vn -1.80602074E-05 0.0589294434 -0.998046875
vn -3.6239624E-05 0.278320312 -0.960449219
vn -3.70144844E-05 0.287109375 -0.958007812
vn -3.83257866E-05 0.75390625 -0.656738281
vn -3.85046005E-05 0.751953125 -0.659179688
vn -3.49879265E-05 0.795410156 -0.605957031
vn -3.49879265E-05 0.795410156 -0.605957031
vn 0.746582031 -0.665527344 0
vn 0.8828125 -0.469726562 0
vn 0.746582031 -0.665527344 0
vn 0.862304688 -0.506347656 0
vn 0.984375 -0.175537109 0
vn 0.986328125 -0.166015625 0
vn 0.999511719 -0.0236968994 0
vn 0.999511719 -0.0229949951 0
vn 1 0.0191040039 0
vn 1 0.0191040039 0
vn 0.998046875 0.061340332 0
vn 0.998046875 0.0604858398 0
vn 0.958007812 0.286376953 0
vn 0.946777344 0.322021484 0
vn 0.611816406 0.791015625 0
vn 0.646972656 0.762695312 0
vn 0.555664062 0.831054688 0
vn 0.555664062 0.831054688 0
vn -0 0 -1
vn -0 0 -1
vn -0 0 -1
vn -0 0 -1
vn 1 -0.00621795654 0
vn 1 -0.00621795654 0
vn 1 -0.00621795654 0
vn 1 -0.00621795654 0
vn -0 0 -1
vn -0 0 -1
vn -0 0 -1
vn -0 0 -1
vn 0.996582031 0.0833740234 0
vn 0.996582031 0.0833740234 0
vn 0.996582031 0.0833740234 0
vn 0.996582031 0.0833740234 0
vn 9.83476639E-06 -0.901855469 -0.432128906
vn 9.83476639E-06 -0.901855469 -0.432128906
vn 9.83476639E-06 -0.901855469 -0.432128906
vn 9.83476639E-06 -0.901855469 -0.432128906
vn 0.485107422 -0.874511719 0
vn 0.485107422 -0.874511719 0
vn 0.485107422 -0.874511719 0
vn 0.485107422 -0.874511719 0
vn 0.996582031 -0.0816650391 0
vn 0.636230469 0.771484375 0
vn 0.704101562 0.710449219 0
vn 0.996582031 -0.0796508789 0
vn 0.994628906 -0.102844238 0
vn 0.994628906 -0.102844238 0
vn 0.294189453 0.136108398 -0.945800781
vn 0.296875 0.12902832 -0.946289062
vn 0.328125 0.0409545898 -0.943847656
vn 0.266113281 0.208129883 -0.94140625
vn 2.98023224E-07 0.976074219 -0.216430664
vn 2.98023224E-07 0.976074219 -0.216430664
vn 2.98023224E-07 0.976074219 -0.216430664
vn 2.98023224E-07 0.976074219 -0.216430664
vn 0.253417969 0.967285156 0
vn 0.253417969 0.967285156 0
vn 0.253417969 0.967285156 0
vn 0.253417969 0.967285156 0
vn -0 0 -1
vn -0 0 -1
vn -0 0 -1
vn -0 0 -1
vn 1 -3.69548798E-06 0
vn 1 -3.69548798E-06 0
vn 1 -3.69548798E-06 0
vn 1 -3.69548798E-06 0
vn -2.38418579E-07 -0.500976562 -0.865722656
vn -5.36441803E-07 -0.973144531 -0.23034668
vn -5.36441803E-07 -0.973144531 -0.23034668
vn -4.17232513E-07 -0.767089844 -0.641113281
vn -0 0 -1
vn -0 0 -1
vn -0 0 -1
vn -0.000968933105 -0.0023765564 -1
vn -0 -1.1920929E-07 -1
vn -0 -1.1920929E-07 -1
vn -0.000784873962 -0.00192451477 -1
vn -0.00214004517 -0.00423812866 -1
vn -0.00206756592 -0.00428771973 -1
vn -0.00122833252 -0.00206565857 -1
vn -0.00108528137 -0.00182437897 -1
vn -8.34465027E-07 2.50339508E-06 -1
vn -8.94069672E-07 2.50339508E-06 -1
vn -0 -9.53674316E-07 -1
vn -0 -9.53674316E-07 -1
vn 5.96046448E-07 -3.63588333E-06 -1
vn 5.96046448E-07 -3.63588333E-06 -1
vn 4.76837158E-07 -2.68220901E-06 -1
vn 5.96046448E-07 -2.86102295E-06 -1
vn -1.78813934E-07 -1.7285347E-06 -1
vn -1.78813934E-07 -1.7285347E-06 -1
vn 0.700683594 -0.713378906 0
vn 0.23425293 -0.972167969 0
vn 0.23425293 -0.972167969 0
vn 0.79296875 -0.609375 0
vn 0.994628906 0.10345459 0
vn 0.994628906 0.10345459 0
vn 0.944824219 0.327392578 0
vn 0.944824219 0.327392578 0
vn 0.762207031 -0.438720703 -0.475585938
vn 0.825683594 -0.229614258 -0.515136719
vn 0.844238281 -0.502441406 -0.186401367
vn 0.744140625 -0.66796875 0
vn 0.791503906 -0.611328125 0
vn 0.791503906 -0.610839844 0
vn 0.747070312 -0.665039062 0
vn 0.747070312 -0.665039062 0
vn 0.699707031 -0.714355469 0
vn 0.699707031 -0.714355469 0
vn 0.637695312 -0.770507812 0
vn 0.637695312 -0.770507812 0
vn 0.568847656 -0.822753906 4.17232513E-07
vn 0.568847656 -0.822753906 4.17232513E-07
vn 0.503417969 -0.864257812 1.66893005E-06
vn 0.503417969 -0.864257812 1.66893005E-06
vn 0.471679688 -0.881835938 2.68220901E-06
vn 0.471679688 -0.881835938 2.68220901E-06
vn -0.438232422 0.898925781 0
vn -0.480712891 0.876953125 0
vn -0.438232422 0.898925781 0
vn -0.480712891 0.876953125 0
vn -0.566894531 0.823730469 0
vn -0.566894531 0.823730469 0
vn -0.645019531 0.764160156 0
vn -0.645019531 0.764160156 0
vn -0.709472656 0.704589844 0
vn -0.709472656 0.704589844 0
vn -0.764648438 0.644042969 0
vn -0.764648438 0.644042969 0
vn -0.805664062 0.592285156 5.36441803E-07
vn -0.805664062 0.592285156 5.36441803E-07
vn -0.875 0.484375 1.07288361E-06
vn -0.875 0.484130859 1.07288361E-06
vn -0.932128906 0.362060547 1.1920929E-06
vn -0.932128906 0.362060547 1.1920929E-06
vn -0.952636719 -0.304199219 1.07288361E-06
vn -0.9921875 -0.123474121 1.1920929E-06
vn -0.402099609 -0.915527344 1.78813934E-07
vn -0.402099609 -0.915527344 1.78813934E-07
vn -0.769042969 0.639160156 0
vn -0.697265625 0.716796875 0
vn -0.9765625 -0.216308594 0
vn -0.975097656 -0.22265625 0
vn -0.939941406 -0.341064453 -1.78813934E-07
vn -0.939453125 -0.343017578 -1.78813934E-07
vn -0.902832031 -0.429931641 -8.94069672E-07
vn -0.902832031 -0.429931641 -8.94069672E-07
vn -0.866699219 -0.498779297 -7.74860382E-07
vn -0.866699219 -0.498779297 -7.74860382E-07
vn -0.834960938 -0.550292969 0
vn -0.834960938 -0.550292969 0
vn -0.790527344 -0.612304688 1.1920929E-07
vn -0.790527344 -0.612304688 1.1920929E-07
vn -0.696289062 -0.717773438 1.1920929E-07
vn -0.696289062 -0.717773438 1.1920929E-07
vn -0.52734375 -0.849609375 -5.36441803E-07
vn -0.52734375 -0.849609375 -5.36441803E-07
vn -0.364013672 -0.931640625 -5.36441803E-07
vn -0.364013672 -0.931640625 -5.36441803E-07
vn -0.208129883 -0.978027344 -1.01327896E-06
vn -0.208129883 -0.978027344 -1.01327896E-06
vn -0.15246582 -0.98828125 -1.25169754E-06
vn -0.15246582 -0.98828125 -1.25169754E-06
vn -0.202514648 -0.979492188 0
vn -0.202514648 -0.979492188 0
vn -0.362792969 0.931640625 0
vn -0.362792969 0.931640625 0
vn -0.697265625 0.716796875 0
vn -0.769042969 0.639160156 0
vn -0.999511719 0.0330810547 0
vn -0.999511719 0.0330810547 0
vn -0.999511719 0.0330810547 0
vn -0.999511719 0.0330810547 0
vn -0.84765625 -0.530761719 0
vn -0.697753906 -0.716308594 0
vn -0.697753906 -0.716308594 0
vn -0.825195312 -0.564941406 0
vn -0.975097656 -0.22277832 0
vn -0.97265625 -0.232299805 0
vn -0.998046875 -0.0625610352 0
vn -0.998046875 -0.0613708496 0
vn -1 0.0191040039 0
vn -1 0.0191040039 0
vn -0.993164062 0.114807129 0
vn -0.993652344 0.112792969 0
vn -0.933105469 0.359375 0
vn -0.920410156 0.391357422 0
vn -0.636230469 0.771484375 0
vn -0.605957031 0.795410156 0
vn -0.555664062 0.831542969 0
vn -0.555664062 0.831542969 0
vn -0.996582031 0.0833740234 0
vn -0.996582031 0.0833740234 0
vn -0.996582031 0.0833740234 0
vn -0.996582031 0.0833740234 0
vn -0.485107422 -0.874511719 0
vn -0.485107422 -0.874511719 0
vn -0.485107422 -0.874511719 0
vn -0.485107422 -0.874511719 0
vn -0.333251953 0.942871094 0
vn -0.333251953 0.942871094 0
vn -0.333251953 0.942871094 0
vn -0.333251953 0.942871094 0
vn -0.940429688 -0.339355469 6.55651093E-07
vn -0.855957031 -0.517089844 2.98023224E-07
vn -0.855957031 -0.517089844 2.98023224E-07
vn -0.925292969 -0.379150391 5.96046448E-07
vn -1 -0.021270752 8.94069672E-07
vn -1 -0.0180664062 8.94069672E-07
vn -0.979003906 0.203491211 6.55651093E-07
vn -0.978515625 0.205444336 6.55651093E-07
vn -0.756835938 0.653808594 5.36441803E-07
vn -0.702636719 0.711425781 5.36441803E-07
vn -0.322265625 0.946777344 2.98023224E-07
vn -0.322265625 0.946777344 2.98023224E-07
vn -1 9.23871994E-06 3.57627869E-07
vn -1 9.23871994E-06 3.57627869E-07
vn -1 9.23871994E-06 3.57627869E-07
vn -1 9.23871994E-06 3.57627869E-07
vn -1.1920929E-07 0.956054688 0.292480469
vn 0.495361328 0.868652344 0
vn -0 1 0
vn 0.494628906 0.831054688 0.254150391
vn 0.260498047 0.923339844 0.282470703
vn 0.256591797 0.966308594 0
vn 0.0191192627 1 0
vn 0.0188751221 0.956054688 0.292480469
vn -0.242553711 0.927734375 0.283691406
vn -0.240112305 0.970703125 1.78813934E-07
vn -0.601074219 0.759765625 0.247558594
vn -0.588867188 0.808105469 0
vn -0.698730469 0.677734375 0.229370117
vn -0.717773438 0.696289062 -1.78813934E-07
vn -0 0 1
vn -0 0 1
vn -0 0 1
vn -0 0 1
vn -0 0 1
vn 2.98023224E-07 0 1
vn 5.36441803E-07 0 1
vn -0 0 1
vn -0 0 1
vn 1.1920929E-07 0 1
vn -0 0 1
vn -0 0 1
vn -0 0 1
vn -0 0 1
vn -0 0 1
vn -0 0 1
vn -0 0 1
vn -0 0 1
vn -0 0 1
vn -0.711914062 -0.702148438 0
vn -0 -0.888183594 0.459228516
vn -0 -1 -1.78813934E-07
vn -0.709472656 -0.633789062 0.308837891
vn -0.786621094 -0.6171875 0
vn -0.754882812 -0.601074219 0.262451172
vn -0.654296875 -0.706542969 0.269775391
vn -0.705566406 -0.708984375 2.38418579E-07
vn -0.42578125 -0.856445312 0.291015625
vn -0.461425781 -0.887207031 0
vn -0.200317383 -0.979492188 0
vn -0.180419922 -0.935546875 0.302978516
vn 0.193359375 -0.934570312 0.298339844
vn 0.212646484 -0.977050781 0
vn 0.629882812 -0.776367188 0
vn 0.564941406 -0.786621094 0.249633789
vn 0.772949219 -0.634277344 1.1920929E-07
vn 0.7578125 -0.622070312 0.196044922
vn -0.763183594 -0.62109375 0.177978516
vn -0.828125 -0.534667969 0.16809082
vn -0.83984375 -0.542480469 0
vn -0.786132812 -0.618164062 0
vn -0.597167969 -0.78125 0.183105469
vn -0.604980469 -0.796386719 0
vn -0.471191406 -0.864746094 0.173095703
vn -0.470214844 -0.882324219 2.38418579E-07
vn -0.430908203 -0.88671875 0.167602539
vn -0.437011719 -0.899414062 5.36441803E-07
vn -1.1920929E-07 0.956054688 0.292480469
vn -0 1 0
vn -0.495361328 0.868652344 0
vn -0.494628906 0.831054688 0.254150391
vn -0.260498047 0.923339844 0.282470703
vn -0.256591797 0.966308594 0
vn -0.0191192627 1 0
vn -0.0188751221 0.956054688 0.292480469
vn 0.242553711 0.927734375 0.283691406
vn 0.240112305 0.970703125 -1.78813934E-07
vn 0.601074219 0.759765625 0.247558594
vn 0.588867188 0.808105469 0
vn 0.698730469 0.677734375 0.229370117
vn 0.717773438 0.696289062 2.98023224E-07
vn -0 0 1
vn -0 0 1
vn -0 0 1
vn -0 0 1
vn 1.1920929E-07 0 1
vn -2.38418579E-07 0 1
vn -4.17232513E-07 0 1
vn -0 0 1
vn 1.1920929E-07 0 1
vn -0 0 1
vn -0 0 1
vn 1.78813934E-07 0 1
vn -0 0 1
vn 1.1920929E-07 0 1
vn -0 0 1
vn -0 0 1
vn -0 0 1
vn -0 0 1
vn -0 0 1
vn 0.711914062 -0.702148438 0
vn -0 -1 -1.78813934E-07
vn -0 -0.888183594 0.459228516
vn 0.709472656 -0.633789062 0.308837891
vn 0.786621094 -0.6171875 0
vn 0.754882812 -0.601074219 0.262451172
vn 0.654296875 -0.706542969 0.269775391
vn 0.705566406 -0.708984375 -2.38418579E-07
vn 0.42578125 -0.856445312 0.291015625
vn 0.461425781 -0.887207031 -1.78813934E-07
vn 0.200317383 -0.979492188 0
vn 0.180419922 -0.935546875 0.302978516
vn -0.193359375 -0.934570312 0.298339844
vn -0.212646484 -0.977050781 0
vn -0.629882812 -0.776367188 0
vn -0.564941406 -0.786621094 0.249633789
vn -0.772949219 -0.634277344 0
vn -0.7578125 -0.622070312 0.196044922
vn 0.763183594 -0.62109375 0.177978516
vn 0.83984375 -0.542480469 0
vn 0.828125 -0.534667969 0.16809082
vn 0.786132812 -0.618164062 0
vn 0.597167969 -0.78125 0.183105469
vn 0.604980469 -0.796386719 0
vn 0.471191406 -0.864746094 0.173095703
vn 0.470214844 -0.882324219 -2.38418579E-07
vn 0.430908203 -0.88671875 0.167602539
vn 0.437011719 -0.899414062 -3.57627869E-07
vn -0 0.956054688 -0.292480469
vn -0 1 0
vn 0.495361328 0.868652344 0
vn 0.494628906 0.831054688 -0.254150391
vn 0.260498047 0.923339844 -0.282470703
vn 0.256591797 0.966308594 0
vn 0.0191192627 1 0
vn 0.0188751221 0.956054688 -0.292480469
vn -0.242553711 0.927734375 -0.283691406
vn -0.240112305 0.970703125 1.78813934E-07
vn -0.601074219 0.759765625 -0.247558594
vn -0.588867188 0.808105469 0
vn -0.698730469 0.677734375 -0.229370117
vn -0.717773438 0.696289062 -1.78813934E-07
vn -0 0 -1
vn -0 0 -1
vn -1.78813934E-07 0 -1
vn -0 0 -1
vn -0 0 -1
vn -0 0 -1
vn -1.1920929E-07 0 -1
vn -0 0 -1
vn -5.66244125E-06 -2.98023224E-07 -1
vn -0 0 -1
vn -0 0 -1
vn -9.35792923E-06 -4.76837158E-07 -1
vn -3.03983688E-06 -1.1920929E-07 -1
vn -5.66244125E-06 -2.98023224E-07 -1
vn -0 0 -1
vn -0 0 -1
vn -0 0 -1
vn -0 0 -1
vn -0 0 -1
vn -0.711914062 -0.702148438 0
vn -0 -1 -1.78813934E-07
vn -0 -0.888183594 -0.459228516
vn -0.709472656 -0.633789062 -0.308837891
vn -0.786621094 -0.6171875 0
vn -0.754882812 -0.601074219 -0.262451172
vn -0.654296875 -0.706542969 -0.269775391
vn -0.705566406 -0.708984375 2.38418579E-07
vn -0.42578125 -0.856445312 -0.291015625
vn -0.461425781 -0.887207031 0
vn -0.200317383 -0.979492188 0
vn -0.180419922 -0.935546875 -0.302978516
vn 0.193359375 -0.934570312 -0.298339844
vn 0.212646484 -0.977050781 0
vn 0.629882812 -0.776367188 0
vn 0.564941406 -0.786621094 -0.249633789
vn 0.772949219 -0.634277344 1.1920929E-07
vn 0.7578125 -0.622070312 -0.196044922
vn -0.763183594 -0.62109375 -0.177978516
vn -0.83984375 -0.542480469 0
vn -0.828125 -0.534667969 -0.16809082
vn -0.786132812 -0.618164062 0
vn -0.597167969 -0.78125 -0.183105469
vn -0.604980469 -0.796386719 0
vn -0.471191406 -0.864746094 -0.173095703
vn -0.470214844 -0.882324219 2.38418579E-07
vn -0.430908203 -0.88671875 -0.167602539
vn -0.437011719 -0.899414062 5.36441803E-07
vn -0 0.956054688 -0.292480469
vn -0.495361328 0.868652344 0
vn -0 1 0
vn -0.494628906 0.831054688 -0.254150391
vn -0.260498047 0.923339844 -0.282470703
vn -0.256591797 0.966308594 0
vn -0.0191192627 1 0
vn -0.0188751221 0.956054688 -0.292480469
vn 0.242553711 0.927734375 -0.283691406
vn 0.240112305 0.970703125 -1.78813934E-07
vn 0.601074219 0.759765625 -0.247558594
vn 0.588867188 0.808105469 0
vn 0.698730469 0.677734375 -0.229370117
vn 0.717773438 0.696289062 2.98023224E-07
vn -0 0 -1
vn 3.57627869E-07 0 -1
vn 1.78813934E-07 0 -1
vn -0 0 -1
vn -0 0 -1
vn -0 0 -1
vn -0 0 -1
vn -0 0 -1
vn 5.66244125E-06 -2.98023224E-07 -1
vn -0 0 -1
vn -0 0 -1
vn 9.35792923E-06 -4.76837158E-07 -1
vn 3.03983688E-06 -1.1920929E-07 -1
vn 5.66244125E-06 -2.98023224E-07 -1
vn -0 0 -1
vn -0 0 -1
vn -0 0 -1
vn -0 0 -1
vn -0 0 -1
vn 0.711914062 -0.702148438 0
vn -0 -0.888183594 -0.459228516
vn -0 -1 -1.78813934E-07
vn 0.709472656 -0.633789062 -0.308837891
vn 0.786621094 -0.6171875 0
vn 0.754882812 -0.601074219 -0.262451172
vn 0.654296875 -0.706542969 -0.269775391
vn 0.705566406 -0.708984375 -2.38418579E-07
vn 0.42578125 -0.856445312 -0.291015625
vn 0.461425781 -0.887207031 -1.78813934E-07
vn 0.200317383 -0.979492188 0
vn 0.180419922 -0.935546875 -0.302978516
vn -0.193359375 -0.934570312 -0.298339844
vn -0.212646484 -0.977050781 0
vn -0.629882812 -0.776367188 0
vn -0.564941406 -0.786621094 -0.249633789
vn -0.772949219 -0.634277344 0
vn -0.7578125 -0.622070312 -0.196044922
vn 0.763183594 -0.62109375 -0.177978516
vn 0.828125 -0.534667969 -0.16809082
vn 0.83984375 -0.542480469 0
vn 0.786132812 -0.618164062 0
vn 0.597167969 -0.78125 -0.183105469
vn 0.604980469 -0.796386719 0
vn 0.471191406 -0.864746094 -0.173095703
vn 0.470214844 -0.882324219 -2.38418579E-07
vn 0.430908203 -0.88671875 -0.167602539
vn 0.437011719 -0.899414062 -3.57627869E-07
vn -0.362792969 0.379638672 0.851074219
vn -0.362792969 0.379638672 0.851074219
vn -0.362792969 0.379638672 0.851074219
vn -0.362792969 0.379638672 0.851074219
vn -0.997070312 -0.0774536133 0
vn -0.997070312 -0.0774536133 0
vn -0.997070312 -0.0774536133 0
vn -0.997070312 -0.0774536133 0
vn -0.687011719 0.7265625 0
vn -0.687011719 0.7265625 0
vn -0.687011719 0.7265625 0
vn -0.687011719 0.7265625 0
vn 0.100280762 0.995117188 0
vn 0.100280762 0.995117188 0
vn 0.100280762 0.995117188 0
vn 0.100280762 0.995117188 0
vn 0.687011719 -0.7265625 1.1920929E-06
vn 0.997558594 -0.0671386719 7.15255737E-07
vn 0.997558594 -0.0671386719 7.15255737E-07
vn 0.687011719 -0.7265625 1.1920929E-06
vn 0.0227355957 -0.999511719 1.07288361E-06
vn 0.0227355957 -0.999511719 1.07288361E-06
vn 0.362792969 0.379638672 0.851074219
vn 0.362792969 0.379638672 0.851074219
vn 0.362792969 0.379638672 0.851074219
vn 0.362792969 0.379638672 0.851074219
vn 0.997070312 -0.0774536133 0
vn 0.997070312 -0.0774536133 0
vn 0.997070312 -0.0774536133 0
vn 0.997070312 -0.0774536133 0
vn 0.687011719 0.7265625 0
vn 0.687011719 0.7265625 0
vn 0.687011719 0.7265625 0
vn 0.687011719 0.7265625 0
vn -0.100280762 0.995117188 0
vn -0.100280762 0.995117188 0
vn -0.100280762 0.995117188 0
vn -0.100280762 0.995117188 0
vn -0.997558594 -0.0671386719 7.15255737E-07
vn -0.997558594 -0.0671386719 7.15255737E-07
vn -0.997558594 -0.0671386719 7.15255737E-07
vn -0.997558594 -0.0671386719 7.15255737E-07
vn -0.0227355957 -0.999511719 1.60932541E-06
vn -0.0227355957 -0.999511719 1.60932541E-06
vn -0.0227355957 -0.999511719 1.60932541E-06
vn -0.0227355957 -0.999511719 1.60932541E-06
vn -0.362792969 0.379638672 -0.851074219
vn -0.362792969 0.379638672 -0.851074219
vn -0.362792969 0.379638672 -0.851074219
vn -0.362792969 0.379638672 -0.851074219
vn -0.997070312 -0.0774536133 0
vn -0.997070312 -0.0774536133 0
vn -0.997070312 -0.0774536133 0
vn -0.997070312 -0.0774536133 0
vn -0.687011719 0.7265625 0
vn -0.687011719 0.7265625 0
vn -0.687011719 0.7265625 0
vn -0.687011719 0.7265625 0
vn 0.100280762 0.995117188 0
vn 0.100280762 0.995117188 0
vn 0.100280762 0.995117188 0
vn 0.100280762 0.995117188 0
vn 0.687011719 -0.7265625 -1.54972076E-06
vn 0.997558594 -0.0671386719 -7.15255737E-07
vn 0.997558594 -0.0671386719 -7.15255737E-07
vn 0.687011719 -0.7265625 -1.54972076E-06
vn 0.0227355957 -0.999511719 -1.60932541E-06
vn 0.0227355957 -0.999511719 -1.60932541E-06
vn 0.362792969 0.379638672 -0.851074219
vn 0.362792969 0.379638672 -0.851074219
vn 0.362792969 0.379638672 -0.851074219
vn 0.362792969 0.379638672 -0.851074219
vn 0.997070312 -0.0774536133 0
vn 0.997070312 -0.0774536133 0
vn 0.997070312 -0.0774536133 0
vn 0.997070312 -0.0774536133 0
vn 0.687011719 0.7265625 0
vn 0.687011719 0.7265625 0
vn 0.687011719 0.7265625 0
vn 0.687011719 0.7265625 0
vn -0.100280762 0.995117188 0
vn -0.100280762 0.995117188 0
vn -0.100280762 0.995117188 0
vn -0.100280762 0.995117188 0
vn -0.687011719 -0.7265625 -1.1920929E-06
vn -0.997558594 -0.0671386719 -7.15255737E-07
vn -0.997558594 -0.0671386719 -7.15255737E-07
vn -0.687011719 -0.7265625 -1.1920929E-06
vn -0.0227355957 -0.999511719 -1.07288361E-06
vn -0.0227355957 -0.999511719 -1.07288361E-06
g TowerMirrorFrameMesh_0
f 3/3/3 2/2/2 1/1/1
f 6/6/6 5/5/5 4/4/4
f 9/9/9 8/8/8 7/7/7
f 12/12/12 11/11/11 10/10/10
f 15/15/15 14/14/14 13/13/13
f 18/18/18 17/17/17 16/16/16
f 21/21/21 20/20/20 19/19/19
f 24/24/24 23/23/23 22/22/22
f 27/27/27 26/26/26 25/25/25
f 30/30/30 29/29/29 28/28/28
f 33/33/33 32/32/32 31/31/31
f 36/36/36 35/35/35 34/34/34
f 39/39/39 38/38/38 37/37/37
f 42/42/42 41/41/41 40/40/40
f 45/45/45 44/44/44 43/43/43
f 48/48/48 47/47/47 46/46/46
f 51/51/51 50/50/50 49/49/49
f 54/54/54 53/53/53 52/52/52
f 57/57/57 56/56/56 55/55/55
f 60/60/60 59/59/59 58/58/58
f 63/63/63 62/62/62 61/61/61
f 66/66/66 65/65/65 64/64/64
f 69/69/69 68/68/68 67/67/67
f 72/72/72 71/71/71 70/70/70
f 75/75/75 74/74/74 73/73/73
f 78/78/78 77/77/77 76/76/76
f 81/81/81 80/80/80 79/79/79
f 84/84/84 83/83/83 82/82/82
f 87/87/87 86/86/86 85/85/85
f 90/90/90 89/89/89 88/88/88
f 93/93/93 92/92/92 91/91/91
f 96/96/96 95/95/95 94/94/94
f 99/99/99 98/98/98 97/97/97
f 102/102/102 101/101/101 100/100/100
f 105/105/105 104/104/104 103/103/103
f 108/108/108 107/107/107 106/106/106
f 111/111/111 110/110/110 109/109/109
f 114/114/114 113/113/113 112/112/112
f 117/117/117 116/116/116 115/115/115
f 120/120/120 119/119/119 118/118/118
f 123/123/123 122/122/122 121/121/121
f 126/126/126 125/125/125 124/124/124
f 129/129/129 128/128/128 127/127/127
f 132/132/132 131/131/131 130/130/130
f 135/135/135 134/134/134 133/133/133
f 138/138/138 137/137/137 136/136/136
f 141/141/141 140/140/140 139/139/139
f 144/144/144 143/143/143 142/142/142
f 147/147/147 146/146/146 145/145/145
f 150/150/150 149/149/149 148/148/148
f 153/153/153 152/152/152 151/151/151
f 156/156/156 155/155/155 154/154/154
f 159/159/159 158/158/158 157/157/157
f 162/162/162 161/161/161 160/160/160
f 165/165/165 164/164/164 163/163/163
f 168/168/168 167/167/167 166/166/166
f 171/171/171 170/170/170 169/169/169
f 174/174/174 173/173/173 172/172/172
f 177/177/177 176/176/176 175/175/175
f 180/180/180 179/179/179 178/178/178
f 183/183/183 182/182/182 181/181/181
f 186/186/186 185/185/185 184/184/184
f 189/189/189 188/188/188 187/187/187
f 192/192/192 191/191/191 190/190/190
f 195/195/195 194/194/194 193/193/193
f 198/198/198 197/197/197 196/196/196
f 201/201/201 200/200/200 199/199/199
f 204/204/204 203/203/203 202/202/202
f 207/207/207 206/206/206 205/205/205
f 210/210/210 209/209/209 208/208/208
f 213/213/213 212/212/212 211/211/211
f 216/216/216 215/215/215 214/214/214
f 219/219/219 218/218/218 217/217/217
f 222/222/222 221/221/221 220/220/220
f 225/225/225 224/224/224 223/223/223
f 228/228/228 227/227/227 226/226/226
f 231/231/231 230/230/230 229/229/229
f 234/234/234 233/233/233 232/232/232
f 237/237/237 236/236/236 235/235/235
f 240/240/240 239/239/239 238/238/238
f 243/243/243 242/242/242 241/241/241
f 246/246/246 245/245/245 244/244/244
f 249/249/249 248/248/248 247/247/247
f 252/252/252 251/251/251 250/250/250
f 255/255/255 254/254/254 253/253/253
f 258/258/258 257/257/257 256/256/256
f 261/261/261 260/260/260 259/259/259
f 264/264/264 263/263/263 262/262/262
f 267/267/267 266/266/266 265/265/265
f 270/270/270 269/269/269 268/268/268
f 273/273/273 272/272/272 271/271/271
f 276/276/276 275/275/275 274/274/274
f 279/279/279 278/278/278 277/277/277
f 282/282/282 281/281/281 280/280/280
f 285/285/285 284/284/284 283/283/283
f 288/288/288 287/287/287 286/286/286
f 291/291/291 290/290/290 289/289/289
f 294/294/294 293/293/293 292/292/292
f 297/297/297 296/296/296 295/295/295
f 300/300/300 299/299/299 298/298/298
f 303/303/303 302/302/302 301/301/301
f 306/306/306 305/305/305 304/304/304
f 309/309/309 308/308/308 307/307/307
f 312/312/312 311/311/311 310/310/310
f 315/315/315 314/314/314 313/313/313
f 318/318/318 317/317/317 316/316/316
f 321/321/321 320/320/320 319/319/319
f 324/324/324 323/323/323 322/322/322
f 327/327/327 326/326/326 325/325/325
f 330/330/330 329/329/329 328/328/328
f 333/333/333 332/332/332 331/331/331
f 336/336/336 335/335/335 334/334/334
f 339/339/339 338/338/338 337/337/337
f 342/342/342 341/341/341 340/340/340
f 345/345/345 344/344/344 343/343/343
f 348/348/348 347/347/347 346/346/346
f 351/351/351 350/350/350 349/349/349
f 354/354/354 353/353/353 352/352/352
f 357/357/357 356/356/356 355/355/355
f 360/360/360 359/359/359 358/358/358
f 363/363/363 362/362/362 361/361/361
f 366/366/366 365/365/365 364/364/364
f 369/369/369 368/368/368 367/367/367
f 372/372/372 371/371/371 370/370/370
f 375/375/375 374/374/374 373/373/373
f 378/378/378 377/377/377 376/376/376
f 381/381/381 380/380/380 379/379/379
f 384/384/384 383/383/383 382/382/382
f 387/387/387 386/386/386 385/385/385
f 390/390/390 389/389/389 388/388/388
f 393/393/393 392/392/392 391/391/391
f 396/396/396 395/395/395 394/394/394
f 399/399/399 398/398/398 397/397/397
f 399/399/399 400/400/400 398/398/398
f 400/400/400 401/401/401 398/398/398
f 402/402/402 400/400/400 399/399/399
f 403/403/403 402/402/402 399/399/399
f 403/403/403 399/399/399 404/404/404
f 407/407/407 406/406/406 405/405/405
f 406/406/406 408/408/408 405/405/405
f 408/408/408 406/406/406 409/409/409
f 412/412/412 411/411/411 410/410/410
f 411/411/411 413/413/413 410/410/410
f 411/411/411 414/414/414 413/413/413
f 417/417/417 416/416/416 415/415/415
f 418/418/418 417/417/417 415/415/415
f 417/417/417 420/420/420 419/419/419
f 421/421/421 417/417/417 419/419/419
f 417/417/417 421/421/421 422/422/422
f 423/423/423 417/417/417 422/422/422
f 426/426/426 425/425/425 424/424/424
f 427/427/427 426/426/426 424/424/424
f 428/428/428 427/427/427 424/424/424
f 431/431/431 430/430/430 429/429/429
f 430/430/430 432/432/432 429/429/429
f 430/430/430 433/433/433 432/432/432
f 436/436/436 435/435/435 434/434/434
f 437/437/437 436/436/436 434/434/434
f 437/437/437 434/434/434 438/438/438
f 436/436/436 437/437/437 439/439/439
f 440/440/440 437/437/437 438/438/438
f 437/437/437 440/440/440 439/439/439
f 443/443/443 442/442/442 441/441/441
f 444/444/444 443/443/443 441/441/441
f 444/444/444 441/441/441 445/445/445
f 443/443/443 444/444/444 446/446/446
f 447/447/447 444/444/444 445/445/445
f 444/444/444 447/447/447 446/446/446
f 450/450/450 449/449/449 448/448/448
f 451/451/451 450/450/450 448/448/448
f 451/451/451 448/448/448 452/452/452
f 450/450/450 451/451/451 453/453/453
f 454/454/454 451/451/451 452/452/452
f 451/451/451 454/454/454 453/453/453
f 457/457/457 456/456/456 455/455/455
f 458/458/458 457/457/457 455/455/455
f 458/458/458 455/455/455 459/459/459
f 460/460/460 457/457/457 458/458/458
f 461/461/461 458/458/458 459/459/459
f 461/461/461 460/460/460 458/458/458
f 464/464/464 463/463/463 462/462/462
f 465/465/465 464/464/464 462/462/462
f 465/465/465 462/462/462 466/466/466
f 464/464/464 465/465/465 467/467/467
f 468/468/468 465/465/465 466/466/466
f 465/465/465 468/468/468 467/467/467
f 471/471/471 470/470/470 469/469/469
f 472/472/472 471/471/471 469/469/469
f 472/472/472 469/469/469 473/473/473
f 471/471/471 472/472/472 474/474/474
f 475/475/475 472/472/472 473/473/473
f 472/472/472 475/475/475 474/474/474
f 478/478/478 477/477/477 476/476/476
f 479/479/479 478/478/478 476/476/476
f 482/482/482 481/481/481 480/480/480
f 481/481/481 483/483/483 480/480/480
f 486/486/486 485/485/485 484/484/484
f 485/485/485 487/487/487 484/484/484
f 490/490/490 489/489/489 488/488/488
f 491/491/491 490/490/490 488/488/488
f 494/494/494 493/493/493 492/492/492
f 492/492/492 495/495/495 494/494/494
f 495/495/495 496/496/496 494/494/494
f 497/497/497 496/496/496 495/495/495
f 498/498/498 497/497/497 495/495/495
f 498/498/498 495/495/495 499/499/499
f 498/498/498 499/499/499 500/500/500
f 498/498/498 501/501/501 497/497/497
f 501/501/501 498/498/498 500/500/500
f 501/501/501 502/502/502 497/497/497
f 501/501/501 500/500/500 503/503/503
f 504/504/504 502/502/502 501/501/501
f 505/505/505 501/501/501 503/503/503
f 505/505/505 504/504/504 501/501/501
f 505/505/505 503/503/503 506/506/506
f 505/505/505 507/507/507 504/504/504
f 507/507/507 505/505/505 506/506/506
f 507/507/507 508/508/508 504/504/504
f 507/507/507 506/506/506 509/509/509
f 510/510/510 508/508/508 507/507/507
f 511/511/511 507/507/507 509/509/509
f 511/511/511 510/510/510 507/507/507
f 511/511/511 509/509/509 512/512/512
f 511/511/511 513/513/513 510/510/510
f 513/513/513 511/511/511 512/512/512
f 513/513/513 514/514/514 510/510/510
f 513/513/513 515/515/515 514/514/514
f 513/513/513 512/512/512 516/516/516
f 515/515/515 513/513/513 517/517/517
f 517/517/517 513/513/513 516/516/516
f 518/518/518 515/515/515 517/517/517
f 517/517/517 516/516/516 519/519/519
f 518/518/518 517/517/517 519/519/519
f 520/520/520 518/518/518 519/519/519
f 516/516/516 521/521/521 519/519/519
f 522/522/522 520/520/520 519/519/519
f 521/521/521 523/523/523 519/519/519
f 523/523/523 522/522/522 519/519/519
f 524/524/524 522/522/522 523/523/523
f 525/525/525 524/524/524 523/523/523
f 523/523/523 521/521/521 526/526/526
f 523/523/523 527/527/527 525/525/525
f 527/527/527 523/523/523 526/526/526
f 526/526/526 528/528/528 527/527/527
f 527/527/527 528/528/528 529/529/529
f 528/528/528 530/530/530 529/529/529
f 530/530/530 528/528/528 531/531/531
f 530/530/530 531/531/531 532/532/532
f 530/530/530 532/532/532 533/533/533
f 530/530/530 533/533/533 534/534/534
f 535/535/535 530/530/530 534/534/534
f 535/535/535 536/536/536 530/530/530
f 530/530/530 536/536/536 537/537/537
f 530/530/530 537/537/537 538/538/538
f 529/529/529 530/530/530 538/538/538
f 538/538/538 539/539/539 529/529/529
f 539/539/539 540/540/540 529/529/529
f 529/529/529 540/540/540 527/527/527
f 540/540/540 541/541/541 527/527/527
f 541/541/541 542/542/542 527/527/527
f 545/545/545 544/544/544 543/543/543
f 545/545/545 546/546/546 544/544/544
f 546/546/546 547/547/547 544/544/544
f 548/548/548 547/547/547 546/546/546
f 549/549/549 548/548/548 546/546/546
f 549/549/549 550/550/550 548/548/548
f 550/550/550 551/551/551 548/548/548
f 552/552/552 551/551/551 550/550/550
f 553/553/553 552/552/552 550/550/550
f 553/553/553 554/554/554 552/552/552
f 554/554/554 555/555/555 552/552/552
f 556/556/556 555/555/555 554/554/554
f 557/557/557 556/556/556 554/554/554
f 557/557/557 558/558/558 556/556/556
f 558/558/558 559/559/559 556/556/556
f 560/560/560 559/559/559 558/558/558
f 561/561/561 560/560/560 558/558/558
f 562/562/562 560/560/560 561/561/561
f 563/563/563 562/562/562 561/561/561
f 563/563/563 564/564/564 562/562/562
f 564/564/564 565/565/565 562/562/562
f 564/564/564 566/566/566 565/565/565
f 567/567/567 565/565/565 566/566/566
f 568/568/568 567/567/567 566/566/566
f 569/569/569 567/567/567 568/568/568
f 570/570/570 569/569/569 568/568/568
f 571/571/571 569/569/569 570/570/570
f 571/571/571 572/572/572 569/569/569
f 571/571/571 573/573/573 572/572/572
f 573/573/573 574/574/574 572/572/572
f 574/574/574 575/575/575 572/572/572
f 576/576/576 575/575/575 574/574/574
f 577/577/577 576/576/576 574/574/574
f 578/578/578 576/576/576 577/577/577
f 579/579/579 578/578/578 577/577/577
f 579/579/579 580/580/580 578/578/578
f 580/580/580 579/579/579 581/581/581
f 582/582/582 580/580/580 581/581/581
f 582/582/582 581/581/581 583/583/583
f 581/581/581 584/584/584 583/583/583
f 583/583/583 584/584/584 585/585/585
f 586/586/586 583/583/583 585/585/585
f 586/586/586 585/585/585 587/587/587
f 585/585/585 588/588/588 587/587/587
f 587/587/587 588/588/588 589/589/589
f 590/590/590 587/587/587 589/589/589
f 590/590/590 589/589/589 591/591/591
f 589/589/589 592/592/592 591/591/591
f 595/595/595 594/594/594 593/593/593
f 596/596/596 593/593/593 594/594/594
f 597/597/597 596/596/596 594/594/594
f 597/597/597 598/598/598 596/596/596
f 598/598/598 599/599/599 596/596/596
f 596/596/596 599/599/599 600/600/600
f 600/600/600 599/599/599 601/601/601
f 602/602/602 599/599/599 598/598/598
f 599/599/599 602/602/602 601/601/601
f 603/603/603 602/602/602 598/598/598
f 601/601/601 602/602/602 604/604/604
f 603/603/603 605/605/605 602/602/602
f 602/602/602 606/606/606 604/604/604
f 605/605/605 606/606/606 602/602/602
f 604/604/604 606/606/606 607/607/607
f 608/608/608 606/606/606 605/605/605
f 606/606/606 608/608/608 607/607/607
f 609/609/609 608/608/608 605/605/605
f 607/607/607 608/608/608 610/610/610
f 609/609/609 611/611/611 608/608/608
f 608/608/608 612/612/612 610/610/610
f 611/611/611 612/612/612 608/608/608
f 610/610/610 612/612/612 613/613/613
f 614/614/614 612/612/612 611/611/611
f 612/612/612 614/614/614 613/613/613
f 615/615/615 614/614/614 611/611/611
f 616/616/616 614/614/614 615/615/615
f 613/613/613 614/614/614 617/617/617
f 614/614/614 616/616/616 618/618/618
f 614/614/614 618/618/618 617/617/617
f 616/616/616 619/619/619 618/618/618
f 617/617/617 618/618/618 620/620/620
f 618/618/618 619/619/619 620/620/620
f 619/619/619 621/621/621 620/620/620
f 622/622/622 617/617/617 620/620/620
f 621/621/621 623/623/623 620/620/620
f 624/624/624 622/622/622 620/620/620
f 623/623/623 624/624/624 620/620/620
f 623/623/623 625/625/625 624/624/624
f 625/625/625 626/626/626 624/624/624
f 622/622/622 624/624/624 627/627/627
f 628/628/628 624/624/624 626/626/626
f 624/624/624 628/628/628 627/627/627
f 629/629/629 627/627/627 628/628/628
f 629/629/629 628/628/628 630/630/630
f 631/631/631 629/629/629 630/630/630
f 629/629/629 631/631/631 632/632/632
f 632/632/632 631/631/631 633/633/633
f 633/633/633 631/631/631 634/634/634
f 634/634/634 631/631/631 635/635/635
f 631/631/631 636/636/636 635/635/635
f 637/637/637 636/636/636 631/631/631
f 637/637/637 631/631/631 638/638/638
f 638/638/638 631/631/631 639/639/639
f 631/631/631 630/630/630 639/639/639
f 640/640/640 639/639/639 630/630/630
f 641/641/641 640/640/640 630/630/630
f 641/641/641 630/630/630 628/628/628
f 642/642/642 641/641/641 628/628/628
f 643/643/643 642/642/642 628/628/628
f 646/646/646 645/645/645 644/644/644
f 647/647/647 645/645/645 646/646/646
f 648/648/648 647/647/647 646/646/646
f 648/648/648 649/649/649 647/647/647
f 649/649/649 650/650/650 647/647/647
f 651/651/651 650/650/650 649/649/649
f 652/652/652 651/651/651 649/649/649
f 652/652/652 653/653/653 651/651/651
f 653/653/653 654/654/654 651/651/651
f 655/655/655 654/654/654 653/653/653
f 656/656/656 655/655/655 653/653/653
f 656/656/656 657/657/657 655/655/655
f 657/657/657 658/658/658 655/655/655
f 659/659/659 658/658/658 657/657/657
f 660/660/660 659/659/659 657/657/657
f 660/660/660 661/661/661 659/659/659
f 661/661/661 662/662/662 659/659/659
f 661/661/661 663/663/663 662/662/662
f 663/663/663 664/664/664 662/662/662
f 665/665/665 664/664/664 663/663/663
f 666/666/666 665/665/665 663/663/663
f 667/667/667 665/665/665 666/666/666
f 666/666/666 668/668/668 667/667/667
f 668/668/668 669/669/669 667/667/667
f 668/668/668 670/670/670 669/669/669
f 670/670/670 671/671/671 669/669/669
f 670/670/670 672/672/672 671/671/671
f 673/673/673 672/672/672 670/670/670
f 674/674/674 672/672/672 673/673/673
f 675/675/675 674/674/674 673/673/673
f 676/676/676 675/675/675 673/673/673
f 676/676/676 677/677/677 675/675/675
f 677/677/677 678/678/678 675/675/675
f 677/677/677 679/679/679 678/678/678
f 679/679/679 680/680/680 678/678/678
f 681/681/681 680/680/680 679/679/679
f 680/680/680 681/681/681 682/682/682
f 681/681/681 683/683/683 682/682/682
f 682/682/682 683/683/683 684/684/684
f 685/685/685 682/682/682 684/684/684
f 685/685/685 684/684/684 686/686/686
f 684/684/684 687/687/687 686/686/686
f 686/686/686 687/687/687 688/688/688
f 689/689/689 686/686/686 688/688/688
f 689/689/689 688/688/688 690/690/690
f 688/688/688 691/691/691 690/690/690
f 690/690/690 691/691/691 692/692/692
f 693/693/693 690/690/690 692/692/692
f 696/696/696 695/695/695 694/694/694
f 697/697/697 694/694/694 695/695/695
f 698/698/698 697/697/697 695/695/695
f 698/698/698 699/699/699 697/697/697
f 699/699/699 700/700/700 697/697/697
f 697/697/697 700/700/700 701/701/701
f 701/701/701 700/700/700 702/702/702
f 703/703/703 700/700/700 699/699/699
f 700/700/700 703/703/703 702/702/702
f 704/704/704 703/703/703 699/699/699
f 702/702/702 703/703/703 705/705/705
f 704/704/704 706/706/706 703/703/703
f 703/703/703 707/707/707 705/705/705
f 706/706/706 707/707/707 703/703/703
f 705/705/705 707/707/707 708/708/708
f 709/709/709 707/707/707 706/706/706
f 707/707/707 709/709/709 708/708/708
f 710/710/710 709/709/709 706/706/706
f 708/708/708 709/709/709 711/711/711
f 710/710/710 712/712/712 709/709/709
f 709/709/709 713/713/713 711/711/711
f 712/712/712 713/713/713 709/709/709
f 711/711/711 713/713/713 714/714/714
f 715/715/715 713/713/713 712/712/712
f 713/713/713 715/715/715 714/714/714
f 716/716/716 715/715/715 712/712/712
f 717/717/717 715/715/715 716/716/716
f 714/714/714 715/715/715 718/718/718
f 715/715/715 717/717/717 719/719/719
f 715/715/715 719/719/719 718/718/718
f 717/717/717 720/720/720 719/719/719
f 718/718/718 719/719/719 721/721/721
f 719/719/719 720/720/720 721/721/721
f 720/720/720 722/722/722 721/721/721
f 723/723/723 718/718/718 721/721/721
f 722/722/722 724/724/724 721/721/721
f 725/725/725 723/723/723 721/721/721
f 724/724/724 725/725/725 721/721/721
f 724/724/724 726/726/726 725/725/725
f 726/726/726 727/727/727 725/725/725
f 723/723/723 725/725/725 728/728/728
f 729/729/729 725/725/725 727/727/727
f 725/725/725 729/729/729 728/728/728
f 730/730/730 728/728/728 729/729/729
f 730/730/730 729/729/729 731/731/731
f 732/732/732 730/730/730 731/731/731
f 730/730/730 732/732/732 733/733/733
f 733/733/733 732/732/732 734/734/734
f 734/734/734 732/732/732 735/735/735
f 735/735/735 732/732/732 736/736/736
f 732/732/732 737/737/737 736/736/736
f 738/738/738 737/737/737 732/732/732
f 738/738/738 732/732/732 739/739/739
f 739/739/739 732/732/732 740/740/740
f 732/732/732 731/731/731 740/740/740
f 741/741/741 740/740/740 731/731/731
f 742/742/742 741/741/741 731/731/731
f 742/742/742 731/731/731 729/729/729
f 743/743/743 742/742/742 729/729/729
f 744/744/744 743/743/743 729/729/729
f 747/747/747 746/746/746 745/745/745
f 748/748/748 746/746/746 747/747/747
f 749/749/749 748/748/748 747/747/747
f 749/749/749 750/750/750 748/748/748
f 750/750/750 751/751/751 748/748/748
f 752/752/752 751/751/751 750/750/750
f 753/753/753 752/752/752 750/750/750
f 753/753/753 754/754/754 752/752/752
f 754/754/754 755/755/755 752/752/752
f 756/756/756 755/755/755 754/754/754
f 757/757/757 756/756/756 754/754/754
f 757/757/757 758/758/758 756/756/756
f 758/758/758 759/759/759 756/756/756
f 760/760/760 759/759/759 758/758/758
f 761/761/761 760/760/760 758/758/758
f 761/761/761 762/762/762 760/760/760
f 762/762/762 763/763/763 760/760/760
f 762/762/762 764/764/764 763/763/763
f 764/764/764 765/765/765 763/763/763
f 766/766/766 765/765/765 764/764/764
f 767/767/767 766/766/766 764/764/764
f 768/768/768 766/766/766 767/767/767
f 767/767/767 769/769/769 768/768/768
f 769/769/769 770/770/770 768/768/768
f 769/769/769 771/771/771 770/770/770
f 771/771/771 772/772/772 770/770/770
f 771/771/771 773/773/773 772/772/772
f 774/774/774 773/773/773 771/771/771
f 775/775/775 773/773/773 774/774/774
f 776/776/776 775/775/775 774/774/774
f 777/777/777 776/776/776 774/774/774
f 777/777/777 778/778/778 776/776/776
f 778/778/778 779/779/779 776/776/776
f 778/778/778 780/780/780 779/779/779
f 780/780/780 781/781/781 779/779/779
f 782/782/782 781/781/781 780/780/780
f 781/781/781 782/782/782 783/783/783
f 782/782/782 784/784/784 783/783/783
f 783/783/783 784/784/784 785/785/785
f 786/786/786 783/783/783 785/785/785
f 786/786/786 785/785/785 787/787/787
f 785/785/785 788/788/788 787/787/787
f 787/787/787 788/788/788 789/789/789
f 790/790/790 787/787/787 789/789/789
f 790/790/790 789/789/789 791/791/791
f 789/789/789 792/792/792 791/791/791
f 791/791/791 792/792/792 793/793/793
f 794/794/794 791/791/791 793/793/793
f 797/797/797 796/796/796 795/795/795
f 795/795/795 798/798/798 797/797/797
f 798/798/798 799/799/799 797/797/797
f 800/800/800 799/799/799 798/798/798
f 801/801/801 800/800/800 798/798/798
f 801/801/801 798/798/798 802/802/802
f 801/801/801 802/802/802 803/803/803
f 801/801/801 804/804/804 800/800/800
f 804/804/804 801/801/801 803/803/803
f 804/804/804 805/805/805 800/800/800
f 804/804/804 803/803/803 806/806/806
f 807/807/807 805/805/805 804/804/804
f 808/808/808 804/804/804 806/806/806
f 808/808/808 807/807/807 804/804/804
f 808/808/808 806/806/806 809/809/809
f 808/808/808 810/810/810 807/807/807
f 810/810/810 808/808/808 809/809/809
f 810/810/810 811/811/811 807/807/807
f 810/810/810 809/809/809 812/812/812
f 813/813/813 811/811/811 810/810/810
f 814/814/814 810/810/810 812/812/812
f 814/814/814 813/813/813 810/810/810
f 814/814/814 812/812/812 815/815/815
f 814/814/814 816/816/816 813/813/813
f 816/816/816 814/814/814 815/815/815
f 816/816/816 817/817/817 813/813/813
f 816/816/816 818/818/818 817/817/817
f 816/816/816 815/815/815 819/819/819
f 818/818/818 816/816/816 820/820/820
f 820/820/820 816/816/816 819/819/819
f 821/821/821 818/818/818 820/820/820
f 820/820/820 819/819/819 822/822/822
f 821/821/821 820/820/820 822/822/822
f 823/823/823 821/821/821 822/822/822
f 819/819/819 824/824/824 822/822/822
f 825/825/825 823/823/823 822/822/822
f 824/824/824 826/826/826 822/822/822
f 826/826/826 825/825/825 822/822/822
f 827/827/827 825/825/825 826/826/826
f 828/828/828 827/827/827 826/826/826
f 826/826/826 824/824/824 829/829/829
f 826/826/826 830/830/830 828/828/828
f 830/830/830 826/826/826 829/829/829
f 829/829/829 831/831/831 830/830/830
f 830/830/830 831/831/831 832/832/832
f 831/831/831 833/833/833 832/832/832
f 833/833/833 831/831/831 834/834/834
f 833/833/833 834/834/834 835/835/835
f 833/833/833 835/835/835 836/836/836
f 833/833/833 836/836/836 837/837/837
f 838/838/838 833/833/833 837/837/837
f 838/838/838 839/839/839 833/833/833
f 833/833/833 839/839/839 840/840/840
f 833/833/833 840/840/840 841/841/841
f 832/832/832 833/833/833 841/841/841
f 841/841/841 842/842/842 832/832/832
f 842/842/842 843/843/843 832/832/832
f 832/832/832 843/843/843 830/830/830
f 843/843/843 844/844/844 830/830/830
f 844/844/844 845/845/845 830/830/830
f 848/848/848 847/847/847 846/846/846
f 848/848/848 849/849/849 847/847/847
f 849/849/849 850/850/850 847/847/847
f 851/851/851 850/850/850 849/849/849
f 852/852/852 851/851/851 849/849/849
f 852/852/852 853/853/853 851/851/851
f 853/853/853 854/854/854 851/851/851
f 855/855/855 854/854/854 853/853/853
f 856/856/856 855/855/855 853/853/853
f 856/856/856 857/857/857 855/855/855
f 857/857/857 858/858/858 855/855/855
f 859/859/859 858/858/858 857/857/857
f 860/860/860 859/859/859 857/857/857
f 860/860/860 861/861/861 859/859/859
f 861/861/861 862/862/862 859/859/859
f 863/863/863 862/862/862 861/861/861
f 864/864/864 863/863/863 861/861/861
f 865/865/865 863/863/863 864/864/864
f 866/866/866 865/865/865 864/864/864
f 866/866/866 867/867/867 865/865/865
f 867/867/867 868/868/868 865/865/865
f 867/867/867 869/869/869 868/868/868
f 870/870/870 868/868/868 869/869/869
f 871/871/871 870/870/870 869/869/869
f 872/872/872 870/870/870 871/871/871
f 873/873/873 872/872/872 871/871/871
f 874/874/874 872/872/872 873/873/873
f 874/874/874 875/875/875 872/872/872
f 874/874/874 876/876/876 875/875/875
f 876/876/876 877/877/877 875/875/875
f 877/877/877 878/878/878 875/875/875
f 879/879/879 878/878/878 877/877/877
f 880/880/880 879/879/879 877/877/877
f 881/881/881 879/879/879 880/880/880
f 882/882/882 881/881/881 880/880/880
f 882/882/882 883/883/883 881/881/881
f 883/883/883 882/882/882 884/884/884
f 885/885/885 883/883/883 884/884/884
f 885/885/885 884/884/884 886/886/886
f 884/884/884 887/887/887 886/886/886
f 886/886/886 887/887/887 888/888/888
f 889/889/889 886/886/886 888/888/888
f 889/889/889 888/888/888 890/890/890
f 888/888/888 891/891/891 890/890/890
f 890/890/890 891/891/891 892/892/892
f 893/893/893 890/890/890 892/892/892
f 893/893/893 892/892/892 894/894/894
f 892/892/892 895/895/895 894/894/894
f 898/898/898 897/897/897 896/896/896
f 897/897/897 899/899/899 896/896/896
f 900/900/900 899/899/899 897/897/897
f 899/899/899 900/900/900 901/901/901
f 896/896/896 899/899/899 902/902/902
f 902/902/902 899/899/899 901/901/901
f 903/903/903 896/896/896 902/902/902
f 903/903/903 902/902/902 904/904/904
f 902/902/902 901/901/901 905/905/905
f 902/902/902 905/905/905 904/904/904
f 901/901/901 906/906/906 905/905/905
f 905/905/905 906/906/906 907/907/907
f 904/904/904 905/905/905 908/908/908
f 908/908/908 905/905/905 907/907/907
f 909/909/909 904/904/904 908/908/908
f 909/909/909 908/908/908 910/910/910
f 907/907/907 911/911/911 908/908/908
f 908/908/908 911/911/911 910/910/910
f 907/907/907 912/912/912 911/911/911
f 910/910/910 911/911/911 913/913/913
f 912/912/912 913/913/913 911/911/911
f 914/914/914 910/910/910 913/913/913
f 914/914/914 913/913/913 915/915/915
f 916/916/916 913/913/913 912/912/912
f 913/913/913 916/916/916 915/915/915
f 917/917/917 916/916/916 912/912/912
f 917/917/917 918/918/918 916/916/916
f 915/915/915 916/916/916 919/919/919
f 918/918/918 919/919/919 916/916/916
f 920/920/920 915/915/915 919/919/919
f 918/918/918 921/921/921 919/919/919
f 922/922/922 920/920/920 919/919/919
f 921/921/921 922/922/922 919/919/919
f 925/925/925 924/924/924 923/923/923
f 926/926/926 925/925/925 923/923/923
f 926/926/926 923/923/923 927/927/927
f 928/928/928 926/926/926 927/927/927
f 928/928/928 927/927/927 929/929/929
f 932/932/932 931/931/931 930/930/930
f 932/932/932 933/933/933 931/931/931
f 934/934/934 933/933/933 932/932/932
f 935/935/935 934/934/934 932/932/932
f 935/935/935 936/936/936 934/934/934
f 935/935/935 937/937/937 936/936/936
f 935/935/935 938/938/938 937/937/937
f 939/939/939 938/938/938 935/935/935
f 940/940/940 939/939/939 935/935/935
f 940/940/940 941/941/941 939/939/939
f 940/940/940 942/942/942 941/941/941
f 945/945/945 944/944/944 943/943/943
f 946/946/946 945/945/945 943/943/943
f 946/946/946 947/947/947 945/945/945
f 947/947/947 946/946/946 948/948/948
f 946/946/946 943/943/943 949/949/949
f 946/946/946 949/949/949 948/948/948
f 943/943/943 950/950/950 949/949/949
f 949/949/949 950/950/950 951/951/951
f 948/948/948 949/949/949 952/952/952
f 952/952/952 949/949/949 951/951/951
f 953/953/953 948/948/948 952/952/952
f 953/953/953 952/952/952 954/954/954
f 952/952/952 951/951/951 955/955/955
f 952/952/952 955/955/955 954/954/954
f 951/951/951 956/956/956 955/955/955
f 955/955/955 956/956/956 957/957/957
f 958/958/958 954/954/954 955/955/955
f 958/958/958 955/955/955 957/957/957
f 959/959/959 954/954/954 958/958/958
f 958/958/958 957/957/957 960/960/960
f 960/960/960 959/959/959 958/958/958
f 957/957/957 961/961/961 960/960/960
f 960/960/960 961/961/961 962/962/962
f 960/960/960 963/963/963 959/959/959
f 963/963/963 960/960/960 962/962/962
f 963/963/963 964/964/964 959/959/959
f 965/965/965 964/964/964 963/963/963
f 963/963/963 962/962/962 966/966/966
f 966/966/966 965/965/965 963/963/963
f 962/962/962 967/967/967 966/966/966
f 968/968/968 965/965/965 966/966/966
f 967/967/967 969/969/969 966/966/966
f 969/969/969 968/968/968 966/966/966
f 972/972/972 971/971/971 970/970/970
f 971/971/971 973/973/973 970/970/970
f 970/970/970 973/973/973 974/974/974
f 973/973/973 975/975/975 974/974/974
f 974/974/974 975/975/975 976/976/976
f 979/979/979 978/978/978 977/977/977
f 980/980/980 978/978/978 979/979/979
f 980/980/980 981/981/981 978/978/978
f 981/981/981 982/982/982 978/978/978
f 983/983/983 982/982/982 981/981/981
f 984/984/984 982/982/982 983/983/983
f 985/985/985 982/982/982 984/984/984
f 985/985/985 986/986/986 982/982/982
f 986/986/986 987/987/987 982/982/982
f 988/988/988 987/987/987 986/986/986
f 989/989/989 987/987/987 988/988/988
f 992/992/992 991/991/991 990/990/990
f 993/993/993 992/992/992 990/990/990
f 993/993/993 994/994/994 992/992/992
f 994/994/994 993/993/993 995/995/995
f 993/993/993 990/990/990 996/996/996
f 993/993/993 996/996/996 995/995/995
f 990/990/990 997/997/997 996/996/996
f 996/996/996 997/997/997 998/998/998
f 995/995/995 996/996/996 999/999/999
f 999/999/999 996/996/996 998/998/998
f 1000/1000/1000 995/995/995 999/999/999
f 1000/1000/1000 999/999/999 1001/1001/1001
f 999/999/999 998/998/998 1002/1002/1002
f 999/999/999 1002/1002/1002 1001/1001/1001
f 998/998/998 1003/1003/1003 1002/1002/1002
f 1002/1002/1002 1003/1003/1003 1004/1004/1004
f 1005/1005/1005 1001/1001/1001 1002/1002/1002
f 1005/1005/1005 1002/1002/1002 1004/1004/1004
f 1006/1006/1006 1001/1001/1001 1005/1005/1005
f 1005/1005/1005 1004/1004/1004 1007/1007/1007
f 1007/1007/1007 1006/1006/1006 1005/1005/1005
f 1004/1004/1004 1008/1008/1008 1007/1007/1007
f 1007/1007/1007 1008/1008/1008 1009/1009/1009
f 1007/1007/1007 1010/1010/1010 1006/1006/1006
f 1010/1010/1010 1007/1007/1007 1009/1009/1009
f 1010/1010/1010 1011/1011/1011 1006/1006/1006
f 1012/1012/1012 1011/1011/1011 1010/1010/1010
f 1010/1010/1010 1009/1009/1009 1013/1013/1013
f 1013/1013/1013 1012/1012/1012 1010/1010/1010
f 1009/1009/1009 1014/1014/1014 1013/1013/1013
f 1015/1015/1015 1012/1012/1012 1013/1013/1013
f 1014/1014/1014 1016/1016/1016 1013/1013/1013
f 1016/1016/1016 1015/1015/1015 1013/1013/1013
f 1019/1019/1019 1018/1018/1018 1017/1017/1017
f 1018/1018/1018 1020/1020/1020 1017/1017/1017
f 1017/1017/1017 1020/1020/1020 1021/1021/1021
f 1020/1020/1020 1022/1022/1022 1021/1021/1021
f 1021/1021/1021 1022/1022/1022 1023/1023/1023
f 1026/1026/1026 1025/1025/1025 1024/1024/1024
f 1027/1027/1027 1025/1025/1025 1026/1026/1026
f 1027/1027/1027 1028/1028/1028 1025/1025/1025
f 1028/1028/1028 1029/1029/1029 1025/1025/1025
f 1030/1030/1030 1029/1029/1029 1028/1028/1028
f 1031/1031/1031 1029/1029/1029 1030/1030/1030
f 1032/1032/1032 1029/1029/1029 1031/1031/1031
f 1032/1032/1032 1033/1033/1033 1029/1029/1029
f 1033/1033/1033 1034/1034/1034 1029/1029/1029
f 1035/1035/1035 1034/1034/1034 1033/1033/1033
f 1036/1036/1036 1034/1034/1034 1035/1035/1035
f 1039/1039/1039 1038/1038/1038 1037/1037/1037
f 1038/1038/1038 1040/1040/1040 1037/1037/1037
f 1041/1041/1041 1040/1040/1040 1038/1038/1038
f 1040/1040/1040 1041/1041/1041 1042/1042/1042
f 1037/1037/1037 1040/1040/1040 1043/1043/1043
f 1043/1043/1043 1040/1040/1040 1042/1042/1042
f 1044/1044/1044 1037/1037/1037 1043/1043/1043
f 1044/1044/1044 1043/1043/1043 1045/1045/1045
f 1043/1043/1043 1042/1042/1042 1046/1046/1046
f 1043/1043/1043 1046/1046/1046 1045/1045/1045
f 1042/1042/1042 1047/1047/1047 1046/1046/1046
f 1046/1046/1046 1047/1047/1047 1048/1048/1048
f 1045/1045/1045 1046/1046/1046 1049/1049/1049
f 1049/1049/1049 1046/1046/1046 1048/1048/1048
f 1050/1050/1050 1045/1045/1045 1049/1049/1049
f 1050/1050/1050 1049/1049/1049 1051/1051/1051
f 1048/1048/1048 1052/1052/1052 1049/1049/1049
f 1049/1049/1049 1052/1052/1052 1051/1051/1051
f 1048/1048/1048 1053/1053/1053 1052/1052/1052
f 1051/1051/1051 1052/1052/1052 1054/1054/1054
f 1053/1053/1053 1054/1054/1054 1052/1052/1052
f 1055/1055/1055 1051/1051/1051 1054/1054/1054
f 1055/1055/1055 1054/1054/1054 1056/1056/1056
f 1057/1057/1057 1054/1054/1054 1053/1053/1053
f 1054/1054/1054 1057/1057/1057 1056/1056/1056
f 1058/1058/1058 1057/1057/1057 1053/1053/1053
f 1058/1058/1058 1059/1059/1059 1057/1057/1057
f 1056/1056/1056 1057/1057/1057 1060/1060/1060
f 1059/1059/1059 1060/1060/1060 1057/1057/1057
f 1061/1061/1061 1056/1056/1056 1060/1060/1060
f 1059/1059/1059 1062/1062/1062 1060/1060/1060
f 1063/1063/1063 1061/1061/1061 1060/1060/1060
f 1062/1062/1062 1063/1063/1063 1060/1060/1060
f 1066/1066/1066 1065/1065/1065 1064/1064/1064
f 1067/1067/1067 1066/1066/1066 1064/1064/1064
f 1067/1067/1067 1064/1064/1064 1068/1068/1068
f 1069/1069/1069 1067/1067/1067 1068/1068/1068
f 1069/1069/1069 1068/1068/1068 1070/1070/1070
f 1073/1073/1073 1072/1072/1072 1071/1071/1071
f 1073/1073/1073 1074/1074/1074 1072/1072/1072
f 1075/1075/1075 1074/1074/1074 1073/1073/1073
f 1076/1076/1076 1075/1075/1075 1073/1073/1073
f 1076/1076/1076 1077/1077/1077 1075/1075/1075
f 1076/1076/1076 1078/1078/1078 1077/1077/1077
f 1076/1076/1076 1079/1079/1079 1078/1078/1078
f 1080/1080/1080 1079/1079/1079 1076/1076/1076
f 1081/1081/1081 1080/1080/1080 1076/1076/1076
f 1081/1081/1081 1082/1082/1082 1080/1080/1080
f 1081/1081/1081 1083/1083/1083 1082/1082/1082
f 1086/1086/1086 1085/1085/1085 1084/1084/1084
f 1087/1087/1087 1086/1086/1086 1084/1084/1084
f 1088/1088/1088 1086/1086/1086 1087/1087/1087
f 1089/1089/1089 1088/1088/1088 1087/1087/1087
f 1090/1090/1090 1088/1088/1088 1089/1089/1089
f 1091/1091/1091 1090/1090/1090 1089/1089/1089
f 1092/1092/1092 1090/1090/1090 1091/1091/1091
f 1093/1093/1093 1092/1092/1092 1091/1091/1091
f 1094/1094/1094 1092/1092/1092 1093/1093/1093
f 1095/1095/1095 1094/1094/1094 1093/1093/1093
f 1095/1095/1095 1096/1096/1096 1094/1094/1094
f 1096/1096/1096 1097/1097/1097 1094/1094/1094
f 1098/1098/1098 1097/1097/1097 1096/1096/1096
f 1099/1099/1099 1098/1098/1098 1096/1096/1096
f 1099/1099/1099 1100/1100/1100 1098/1098/1098
f 1100/1100/1100 1101/1101/1101 1098/1098/1098
f 1102/1102/1102 1101/1101/1101 1100/1100/1100
f 1103/1103/1103 1102/1102/1102 1100/1100/1100
f 1104/1104/1104 1102/1102/1102 1103/1103/1103
f 1105/1105/1105 1104/1104/1104 1103/1103/1103
f 1108/1108/1108 1107/1107/1107 1106/1106/1106
f 1109/1109/1109 1108/1108/1108 1106/1106/1106
f 1110/1110/1110 1108/1108/1108 1109/1109/1109
f 1111/1111/1111 1110/1110/1110 1109/1109/1109
f 1111/1111/1111 1112/1112/1112 1110/1110/1110
f 1112/1112/1112 1113/1113/1113 1110/1110/1110
f 1114/1114/1114 1113/1113/1113 1112/1112/1112
f 1115/1115/1115 1114/1114/1114 1112/1112/1112
f 1116/1116/1116 1114/1114/1114 1115/1115/1115
f 1117/1117/1117 1116/1116/1116 1115/1115/1115
f 1120/1120/1120 1119/1119/1119 1118/1118/1118
f 1121/1121/1121 1120/1120/1120 1118/1118/1118
f 1122/1122/1122 1120/1120/1120 1121/1121/1121
f 1123/1123/1123 1122/1122/1122 1121/1121/1121
f 1123/1123/1123 1124/1124/1124 1122/1122/1122
f 1124/1124/1124 1125/1125/1125 1122/1122/1122
f 1126/1126/1126 1125/1125/1125 1124/1124/1124
f 1127/1127/1127 1126/1126/1126 1124/1124/1124
f 1128/1128/1128 1126/1126/1126 1127/1127/1127
f 1129/1129/1129 1128/1128/1128 1127/1127/1127
f 1129/1129/1129 1130/1130/1130 1128/1128/1128
f 1130/1130/1130 1131/1131/1131 1128/1128/1128
f 1132/1132/1132 1131/1131/1131 1130/1130/1130
f 1133/1133/1133 1132/1132/1132 1130/1130/1130
f 1133/1133/1133 1134/1134/1134 1132/1132/1132
f 1134/1134/1134 1135/1135/1135 1132/1132/1132
f 1136/1136/1136 1135/1135/1135 1134/1134/1134
f 1137/1137/1137 1136/1136/1136 1134/1134/1134
f 1138/1138/1138 1136/1136/1136 1137/1137/1137
f 1139/1139/1139 1138/1138/1138 1137/1137/1137
f 1142/1142/1142 1141/1141/1141 1140/1140/1140
f 1143/1143/1143 1142/1142/1142 1140/1140/1140
f 1144/1144/1144 1142/1142/1142 1143/1143/1143
f 1145/1145/1145 1144/1144/1144 1143/1143/1143
f 1145/1145/1145 1146/1146/1146 1144/1144/1144
f 1146/1146/1146 1147/1147/1147 1144/1144/1144
f 1148/1148/1148 1147/1147/1147 1146/1146/1146
f 1149/1149/1149 1148/1148/1148 1146/1146/1146
f 1150/1150/1150 1148/1148/1148 1149/1149/1149
f 1151/1151/1151 1150/1150/1150 1149/1149/1149
f 1154/1154/1154 1153/1153/1153 1152/1152/1152
f 1155/1155/1155 1154/1154/1154 1152/1152/1152
f 1158/1158/1158 1157/1157/1157 1156/1156/1156
f 1157/1157/1157 1158/1158/1158 1159/1159/1159
f 1162/1162/1162 1161/1161/1161 1160/1160/1160
f 1161/1161/1161 1163/1163/1163 1160/1160/1160
f 1160/1160/1160 1163/1163/1163 1164/1164/1164
f 1165/1165/1165 1160/1160/1160 1164/1164/1164
f 1165/1165/1165 1164/1164/1164 1166/1166/1166
f 1164/1164/1164 1167/1167/1167 1166/1166/1166
f 1166/1166/1166 1167/1167/1167 1168/1168/1168
f 1167/1167/1167 1169/1169/1169 1168/1168/1168
f 1168/1168/1168 1169/1169/1169 1170/1170/1170
f 1169/1169/1169 1171/1171/1171 1170/1170/1170
f 1170/1170/1170 1171/1171/1171 1172/1172/1172
f 1171/1171/1171 1173/1173/1173 1172/1172/1172
f 1172/1172/1172 1173/1173/1173 1174/1174/1174
f 1175/1175/1175 1172/1172/1172 1174/1174/1174
f 1175/1175/1175 1174/1174/1174 1176/1176/1176
f 1174/1174/1174 1177/1177/1177 1176/1176/1176
f 1176/1176/1176 1177/1177/1177 1178/1178/1178
f 1179/1179/1179 1176/1176/1176 1178/1178/1178
f 1179/1179/1179 1178/1178/1178 1180/1180/1180
f 1178/1178/1178 1181/1181/1181 1180/1180/1180
f 1182/1182/1182 1181/1181/1181 1178/1178/1178
f 1183/1183/1183 1182/1182/1182 1178/1178/1178
f 1184/1184/1184 1183/1183/1183 1178/1178/1178
f 1185/1185/1185 1184/1184/1184 1178/1178/1178
f 1178/1178/1178 1186/1186/1186 1185/1185/1185
f 1186/1186/1186 1187/1187/1187 1185/1185/1185
f 1178/1178/1178 1188/1188/1188 1186/1186/1186
f 1188/1188/1188 1189/1189/1189 1186/1186/1186
f 1190/1190/1190 1189/1189/1189 1188/1188/1188
f 1191/1191/1191 1190/1190/1190 1188/1188/1188
f 1192/1192/1192 1190/1190/1190 1191/1191/1191
f 1193/1193/1193 1192/1192/1192 1191/1191/1191
f 1194/1194/1194 1192/1192/1192 1193/1193/1193
f 1195/1195/1195 1194/1194/1194 1193/1193/1193
f 1194/1194/1194 1195/1195/1195 1196/1196/1196
f 1197/1197/1197 1194/1194/1194 1196/1196/1196
f 1197/1197/1197 1196/1196/1196 1198/1198/1198
f 1196/1196/1196 1199/1199/1199 1198/1198/1198
f 1200/1200/1200 1198/1198/1198 1199/1199/1199
f 1201/1201/1201 1200/1200/1200 1199/1199/1199
f 1202/1202/1202 1200/1200/1200 1201/1201/1201
f 1203/1203/1203 1202/1202/1202 1201/1201/1201
f 1204/1204/1204 1202/1202/1202 1203/1203/1203
f 1205/1205/1205 1204/1204/1204 1203/1203/1203
f 1204/1204/1204 1205/1205/1205 1206/1206/1206
f 1207/1207/1207 1204/1204/1204 1206/1206/1206
f 1208/1208/1208 1207/1207/1207 1206/1206/1206
f 1209/1209/1209 1208/1208/1208 1206/1206/1206
f 1212/1212/1212 1211/1211/1211 1210/1210/1210
f 1213/1213/1213 1212/1212/1212 1210/1210/1210
f 1216/1216/1216 1215/1215/1215 1214/1214/1214
f 1217/1217/1217 1216/1216/1216 1214/1214/1214
f 1220/1220/1220 1219/1219/1219 1218/1218/1218
f 1221/1221/1221 1220/1220/1220 1218/1218/1218
f 1224/1224/1224 1223/1223/1223 1222/1222/1222
f 1225/1225/1225 1224/1224/1224 1222/1222/1222
f 1228/1228/1228 1227/1227/1227 1226/1226/1226
f 1227/1227/1227 1229/1229/1229 1226/1226/1226
f 1226/1226/1226 1229/1229/1229 1230/1230/1230
f 1229/1229/1229 1231/1231/1231 1230/1230/1230
f 1234/1234/1234 1233/1233/1233 1232/1232/1232
f 1232/1232/1232 1233/1233/1233 1235/1235/1235
f 1238/1238/1238 1237/1237/1237 1236/1236/1236
f 1239/1239/1239 1238/1238/1238 1236/1236/1236
f 1242/1242/1242 1241/1241/1241 1240/1240/1240
f 1243/1243/1243 1242/1242/1242 1240/1240/1240
f 1246/1246/1246 1245/1245/1245 1244/1244/1244
f 1247/1247/1247 1246/1246/1246 1244/1244/1244
f 1250/1250/1250 1249/1249/1249 1248/1248/1248
f 1251/1251/1251 1250/1250/1250 1248/1248/1248
f 1254/1254/1254 1253/1253/1253 1252/1252/1252
f 1253/1253/1253 1255/1255/1255 1252/1252/1252
f 1256/1256/1256 1252/1252/1252 1255/1255/1255
f 1257/1257/1257 1256/1256/1256 1255/1255/1255
f 1258/1258/1258 1257/1257/1257 1255/1255/1255
f 1259/1259/1259 1256/1256/1256 1257/1257/1257
f 1260/1260/1260 1257/1257/1257 1258/1258/1258
f 1261/1261/1261 1260/1260/1260 1258/1258/1258
f 1262/1262/1262 1257/1257/1257 1260/1260/1260
f 1263/1263/1263 1259/1259/1259 1257/1257/1257
f 1263/1263/1263 1257/1257/1257 1264/1264/1264
f 1264/1264/1264 1265/1265/1265 1263/1263/1263
f 1265/1265/1265 1266/1266/1266 1263/1263/1263
f 1267/1267/1267 1259/1259/1259 1263/1263/1263
f 1266/1266/1266 1268/1268/1268 1263/1263/1263
f 1269/1269/1269 1267/1267/1267 1263/1263/1263
f 1266/1266/1266 1270/1270/1270 1268/1268/1268
f 1270/1270/1270 1271/1271/1271 1268/1268/1268
f 1269/1269/1269 1272/1272/1272 1267/1267/1267
f 1272/1272/1272 1273/1273/1273 1267/1267/1267
f 1274/1274/1274 1271/1271/1271 1270/1270/1270
f 1275/1275/1275 1274/1274/1274 1270/1270/1270
f 1275/1275/1275 1276/1276/1276 1274/1274/1274
f 1276/1276/1276 1277/1277/1277 1274/1274/1274
f 1278/1278/1278 1273/1273/1273 1272/1272/1272
f 1279/1279/1279 1278/1278/1278 1272/1272/1272
f 1276/1276/1276 1280/1280/1280 1277/1277/1277
f 1280/1280/1280 1281/1281/1281 1277/1277/1277
f 1279/1279/1279 1282/1282/1282 1278/1278/1278
f 1282/1282/1282 1283/1283/1283 1278/1278/1278
f 1284/1284/1284 1283/1283/1283 1282/1282/1282
f 1285/1285/1285 1284/1284/1284 1282/1282/1282
f 1286/1286/1286 1281/1281/1281 1280/1280/1280
f 1287/1287/1287 1286/1286/1286 1280/1280/1280
f 1287/1287/1287 1288/1288/1288 1286/1286/1286
f 1288/1288/1288 1289/1289/1289 1286/1286/1286
f 1290/1290/1290 1284/1284/1284 1285/1285/1285
f 1291/1291/1291 1290/1290/1290 1285/1285/1285
f 1291/1291/1291 1292/1292/1292 1290/1290/1290
f 1292/1292/1292 1293/1293/1293 1290/1290/1290
f 1296/1296/1296 1295/1295/1295 1294/1294/1294
f 1295/1295/1295 1297/1297/1297 1294/1294/1294
f 1298/1298/1298 1294/1294/1294 1297/1297/1297
f 1299/1299/1299 1298/1298/1298 1297/1297/1297
f 1300/1300/1300 1298/1298/1298 1299/1299/1299
f 1301/1301/1301 1300/1300/1300 1299/1299/1299
f 1304/1304/1304 1303/1303/1303 1302/1302/1302
f 1303/1303/1303 1305/1305/1305 1302/1302/1302
f 1303/1303/1303 1306/1306/1306 1305/1305/1305
f 1306/1306/1306 1307/1307/1307 1305/1305/1305
f 1308/1308/1308 1307/1307/1307 1306/1306/1306
f 1309/1309/1309 1308/1308/1308 1306/1306/1306
f 1309/1309/1309 1310/1310/1310 1308/1308/1308
f 1310/1310/1310 1311/1311/1311 1308/1308/1308
f 1310/1310/1310 1312/1312/1312 1311/1311/1311
f 1312/1312/1312 1313/1313/1313 1311/1311/1311
f 1314/1314/1314 1313/1313/1313 1312/1312/1312
f 1315/1315/1315 1314/1314/1314 1312/1312/1312
f 1315/1315/1315 1316/1316/1316 1314/1314/1314
f 1316/1316/1316 1317/1317/1317 1314/1314/1314
f 1316/1316/1316 1318/1318/1318 1317/1317/1317
f 1318/1318/1318 1319/1319/1319 1317/1317/1317
f 1320/1320/1320 1319/1319/1319 1318/1318/1318
f 1321/1321/1321 1320/1320/1320 1318/1318/1318
f 1322/1322/1322 1320/1320/1320 1321/1321/1321
f 1323/1323/1323 1322/1322/1322 1321/1321/1321
f 1326/1326/1326 1325/1325/1325 1324/1324/1324
f 1327/1327/1327 1326/1326/1326 1324/1324/1324
f 1328/1328/1328 1326/1326/1326 1327/1327/1327
f 1329/1329/1329 1328/1328/1328 1327/1327/1327
f 1330/1330/1330 1328/1328/1328 1329/1329/1329
f 1331/1331/1331 1330/1330/1330 1329/1329/1329
f 1332/1332/1332 1330/1330/1330 1331/1331/1331
f 1333/1333/1333 1332/1332/1332 1331/1331/1331
f 1333/1333/1333 1334/1334/1334 1332/1332/1332
f 1334/1334/1334 1335/1335/1335 1332/1332/1332
f 1336/1336/1336 1335/1335/1335 1334/1334/1334
f 1337/1337/1337 1336/1336/1336 1334/1334/1334
f 1336/1336/1336 1337/1337/1337 1338/1338/1338
f 1337/1337/1337 1339/1339/1339 1338/1338/1338
f 1339/1339/1339 1340/1340/1340 1338/1338/1338
f 1340/1340/1340 1341/1341/1341 1338/1338/1338
f 1342/1342/1342 1341/1341/1341 1340/1340/1340
f 1343/1343/1343 1342/1342/1342 1340/1340/1340
f 1343/1343/1343 1344/1344/1344 1342/1342/1342
f 1344/1344/1344 1345/1345/1345 1342/1342/1342
f 1346/1346/1346 1345/1345/1345 1344/1344/1344
f 1347/1347/1347 1346/1346/1346 1344/1344/1344
f 1347/1347/1347 1348/1348/1348 1346/1346/1346
f 1348/1348/1348 1349/1349/1349 1346/1346/1346
f 1352/1352/1352 1351/1351/1351 1350/1350/1350
f 1351/1351/1351 1353/1353/1353 1350/1350/1350
f 1350/1350/1350 1353/1353/1353 1354/1354/1354
f 1355/1355/1355 1350/1350/1350 1354/1354/1354
f 1355/1355/1355 1354/1354/1354 1356/1356/1356
f 1354/1354/1354 1357/1357/1357 1356/1356/1356
f 1356/1356/1356 1357/1357/1357 1358/1358/1358
f 1357/1357/1357 1359/1359/1359 1358/1358/1358
f 1358/1358/1358 1359/1359/1359 1360/1360/1360
f 1361/1361/1361 1358/1358/1358 1360/1360/1360
f 1361/1361/1361 1360/1360/1360 1362/1362/1362
f 1360/1360/1360 1363/1363/1363 1362/1362/1362
f 1362/1362/1362 1363/1363/1363 1364/1364/1364
f 1365/1365/1365 1362/1362/1362 1364/1364/1364
f 1365/1365/1365 1364/1364/1364 1366/1366/1366
f 1364/1364/1364 1367/1367/1367 1366/1366/1366
f 1366/1366/1366 1367/1367/1367 1368/1368/1368
f 1367/1367/1367 1369/1369/1369 1368/1368/1368
f 1368/1368/1368 1369/1369/1369 1370/1370/1370
f 1369/1369/1369 1371/1371/1371 1370/1370/1370
f 1374/1374/1374 1373/1373/1373 1372/1372/1372
f 1375/1375/1375 1374/1374/1374 1372/1372/1372
f 1378/1378/1378 1377/1377/1377 1376/1376/1376
f 1379/1379/1379 1378/1378/1378 1376/1376/1376
f 1382/1382/1382 1381/1381/1381 1380/1380/1380
f 1383/1383/1383 1382/1382/1382 1380/1380/1380
f 1386/1386/1386 1385/1385/1385 1384/1384/1384
f 1385/1385/1385 1387/1387/1387 1384/1384/1384
f 1384/1384/1384 1387/1387/1387 1388/1388/1388
f 1389/1389/1389 1384/1384/1384 1388/1388/1388
f 1389/1389/1389 1388/1388/1388 1390/1390/1390
f 1388/1388/1388 1391/1391/1391 1390/1390/1390
f 1390/1390/1390 1391/1391/1391 1392/1392/1392
f 1391/1391/1391 1393/1393/1393 1392/1392/1392
f 1394/1394/1394 1392/1392/1392 1393/1393/1393
f 1395/1395/1395 1394/1394/1394 1393/1393/1393
f 1398/1398/1398 1397/1397/1397 1396/1396/1396
f 1399/1399/1399 1398/1398/1398 1396/1396/1396
f 1402/1402/1402 1401/1401/1401 1400/1400/1400
f 1403/1403/1403 1402/1402/1402 1400/1400/1400
f 1406/1406/1406 1405/1405/1405 1404/1404/1404
f 1405/1405/1405 1407/1407/1407 1404/1404/1404
f 1405/1405/1405 1408/1408/1408 1407/1407/1407
f 1408/1408/1408 1409/1409/1409 1407/1407/1407
f 1410/1410/1410 1409/1409/1409 1408/1408/1408
f 1411/1411/1411 1410/1410/1410 1408/1408/1408
f 1411/1411/1411 1412/1412/1412 1410/1410/1410
f 1412/1412/1412 1413/1413/1413 1410/1410/1410
f 1412/1412/1412 1414/1414/1414 1413/1413/1413
f 1414/1414/1414 1415/1415/1415 1413/1413/1413
f 1418/1418/1418 1417/1417/1417 1416/1416/1416
f 1419/1419/1419 1418/1418/1418 1416/1416/1416
f 1422/1422/1422 1421/1421/1421 1420/1420/1420
f 1421/1421/1421 1423/1423/1423 1420/1420/1420
f 1421/1421/1421 1424/1424/1424 1423/1423/1423
f 1424/1424/1424 1425/1425/1425 1423/1423/1423
f 1426/1426/1426 1425/1425/1425 1424/1424/1424
f 1427/1427/1427 1426/1426/1426 1424/1424/1424
f 1427/1427/1427 1428/1428/1428 1426/1426/1426
f 1428/1428/1428 1429/1429/1429 1426/1426/1426
f 1428/1428/1428 1430/1430/1430 1429/1429/1429
f 1430/1430/1430 1431/1431/1431 1429/1429/1429
f 1434/1434/1434 1433/1433/1433 1432/1432/1432
f 1435/1435/1435 1434/1434/1434 1432/1432/1432
f 1438/1438/1438 1437/1437/1437 1436/1436/1436
f 1437/1437/1437 1438/1438/1438 1439/1439/1439
f 1442/1442/1442 1441/1441/1441 1440/1440/1440
f 1443/1443/1443 1442/1442/1442 1440/1440/1440
f 1443/1443/1443 1440/1440/1440 1444/1444/1444
f 1440/1440/1440 1445/1445/1445 1444/1444/1444
f 1444/1444/1444 1445/1445/1445 1446/1446/1446
f 1447/1447/1447 1444/1444/1444 1446/1446/1446
f 1447/1447/1447 1446/1446/1446 1448/1448/1448
f 1449/1449/1449 1447/1447/1447 1448/1448/1448
f 1449/1449/1449 1448/1448/1448 1450/1450/1450
f 1451/1451/1451 1449/1449/1449 1450/1450/1450
f 1451/1451/1451 1450/1450/1450 1452/1452/1452
f 1453/1453/1453 1451/1451/1451 1452/1452/1452
f 1453/1453/1453 1452/1452/1452 1454/1454/1454
f 1452/1452/1452 1455/1455/1455 1454/1454/1454
f 1454/1454/1454 1455/1455/1455 1456/1456/1456
f 1457/1457/1457 1454/1454/1454 1456/1456/1456
f 1457/1457/1457 1456/1456/1456 1458/1458/1458
f 1456/1456/1456 1459/1459/1459 1458/1458/1458
f 1458/1458/1458 1459/1459/1459 1460/1460/1460
f 1461/1461/1461 1458/1458/1458 1460/1460/1460
f 1461/1461/1461 1462/1462/1462 1458/1458/1458
f 1462/1462/1462 1463/1463/1463 1458/1458/1458
f 1463/1463/1463 1464/1464/1464 1458/1458/1458
f 1464/1464/1464 1465/1465/1465 1458/1458/1458
f 1466/1466/1466 1458/1458/1458 1465/1465/1465
f 1467/1467/1467 1466/1466/1466 1465/1465/1465
f 1468/1468/1468 1458/1458/1458 1466/1466/1466
f 1469/1469/1469 1468/1468/1468 1466/1466/1466
f 1469/1469/1469 1470/1470/1470 1468/1468/1468
f 1470/1470/1470 1471/1471/1471 1468/1468/1468
f 1470/1470/1470 1472/1472/1472 1471/1471/1471
f 1472/1472/1472 1473/1473/1473 1471/1471/1471
f 1472/1472/1472 1474/1474/1474 1473/1473/1473
f 1474/1474/1474 1475/1475/1475 1473/1473/1473
f 1475/1475/1475 1474/1474/1474 1476/1476/1476
f 1474/1474/1474 1477/1477/1477 1476/1476/1476
f 1476/1476/1476 1477/1477/1477 1478/1478/1478
f 1479/1479/1479 1476/1476/1476 1478/1478/1478
f 1478/1478/1478 1480/1480/1480 1479/1479/1479
f 1480/1480/1480 1481/1481/1481 1479/1479/1479
f 1480/1480/1480 1482/1482/1482 1481/1481/1481
f 1482/1482/1482 1483/1483/1483 1481/1481/1481
f 1482/1482/1482 1484/1484/1484 1483/1483/1483
f 1484/1484/1484 1485/1485/1485 1483/1483/1483
f 1485/1485/1485 1484/1484/1484 1486/1486/1486
f 1484/1484/1484 1487/1487/1487 1486/1486/1486
f 1487/1487/1487 1488/1488/1488 1486/1486/1486
f 1488/1488/1488 1489/1489/1489 1486/1486/1486
f 1492/1492/1492 1491/1491/1491 1490/1490/1490
f 1491/1491/1491 1493/1493/1493 1490/1490/1490
f 1491/1491/1491 1494/1494/1494 1493/1493/1493
f 1494/1494/1494 1495/1495/1495 1493/1493/1493
f 1494/1494/1494 1496/1496/1496 1495/1495/1495
f 1496/1496/1496 1497/1497/1497 1495/1495/1495
f 1498/1498/1498 1497/1497/1497 1496/1496/1496
f 1499/1499/1499 1498/1498/1498 1496/1496/1496
f 1499/1499/1499 1500/1500/1500 1498/1498/1498
f 1500/1500/1500 1501/1501/1501 1498/1498/1498
f 1502/1502/1502 1501/1501/1501 1500/1500/1500
f 1503/1503/1503 1502/1502/1502 1500/1500/1500
f 1503/1503/1503 1504/1504/1504 1502/1502/1502
f 1504/1504/1504 1505/1505/1505 1502/1502/1502
f 1504/1504/1504 1506/1506/1506 1505/1505/1505
f 1506/1506/1506 1507/1507/1507 1505/1505/1505
f 1510/1510/1510 1509/1509/1509 1508/1508/1508
f 1511/1511/1511 1510/1510/1510 1508/1508/1508
f 1511/1511/1511 1512/1512/1512 1510/1510/1510
f 1512/1512/1512 1513/1513/1513 1510/1510/1510
f 1512/1512/1512 1514/1514/1514 1513/1513/1513
f 1514/1514/1514 1515/1515/1515 1513/1513/1513
f 1516/1516/1516 1515/1515/1515 1514/1514/1514
f 1517/1517/1517 1516/1516/1516 1514/1514/1514
f 1517/1517/1517 1518/1518/1518 1516/1516/1516
f 1518/1518/1518 1519/1519/1519 1516/1516/1516
f 1520/1520/1520 1519/1519/1519 1518/1518/1518
f 1521/1521/1521 1520/1520/1520 1518/1518/1518
f 1521/1521/1521 1522/1522/1522 1520/1520/1520
f 1522/1522/1522 1523/1523/1523 1520/1520/1520
f 1522/1522/1522 1524/1524/1524 1523/1523/1523
f 1524/1524/1524 1525/1525/1525 1523/1523/1523
f 1528/1528/1528 1527/1527/1527 1526/1526/1526
f 1529/1529/1529 1528/1528/1528 1526/1526/1526
f 1532/1532/1532 1531/1531/1531 1530/1530/1530
f 1533/1533/1533 1532/1532/1532 1530/1530/1530
f 1536/1536/1536 1535/1535/1535 1534/1534/1534
f 1537/1537/1537 1536/1536/1536 1534/1534/1534
f 1540/1540/1540 1539/1539/1539 1538/1538/1538
f 1541/1541/1541 1540/1540/1540 1538/1538/1538
f 1544/1544/1544 1543/1543/1543 1542/1542/1542
f 1545/1545/1545 1544/1544/1544 1542/1542/1542
f 1548/1548/1548 1547/1547/1547 1546/1546/1546
f 1549/1549/1549 1548/1548/1548 1546/1546/1546
f 1552/1552/1552 1551/1551/1551 1550/1550/1550
f 1553/1553/1553 1552/1552/1552 1550/1550/1550
f 1553/1553/1553 1550/1550/1550 1554/1554/1554
f 1555/1555/1555 1553/1553/1553 1554/1554/1554
f 1558/1558/1558 1557/1557/1557 1556/1556/1556
f 1558/1558/1558 1556/1556/1556 1559/1559/1559
f 1562/1562/1562 1561/1561/1561 1560/1560/1560
f 1563/1563/1563 1562/1562/1562 1560/1560/1560
f 1566/1566/1566 1565/1565/1565 1564/1564/1564
f 1567/1567/1567 1566/1566/1566 1564/1564/1564
f 1570/1570/1570 1569/1569/1569 1568/1568/1568
f 1571/1571/1571 1570/1570/1570 1568/1568/1568
f 1574/1574/1574 1573/1573/1573 1572/1572/1572
f 1575/1575/1575 1574/1574/1574 1572/1572/1572
f 1578/1578/1578 1577/1577/1577 1576/1576/1576
f 1579/1579/1579 1578/1578/1578 1576/1576/1576
f 1576/1576/1576 1580/1580/1580 1579/1579/1579
f 1580/1580/1580 1581/1581/1581 1579/1579/1579
f 1581/1581/1581 1582/1582/1582 1579/1579/1579
f 1580/1580/1580 1583/1583/1583 1581/1581/1581
f 1581/1581/1581 1584/1584/1584 1582/1582/1582
f 1584/1584/1584 1585/1585/1585 1582/1582/1582
f 1583/1583/1583 1586/1586/1586 1581/1581/1581
f 1583/1583/1583 1587/1587/1587 1586/1586/1586
f 1587/1587/1587 1588/1588/1588 1586/1586/1586
f 1589/1589/1589 1588/1588/1588 1587/1587/1587
f 1590/1590/1590 1589/1589/1589 1587/1587/1587
f 1590/1590/1590 1591/1591/1591 1589/1589/1589
f 1591/1591/1591 1592/1592/1592 1589/1589/1589
f 1593/1593/1593 1592/1592/1592 1591/1591/1591
f 1594/1594/1594 1593/1593/1593 1591/1591/1591
f 1594/1594/1594 1595/1595/1595 1593/1593/1593
f 1595/1595/1595 1596/1596/1596 1593/1593/1593
f 1595/1595/1595 1597/1597/1597 1596/1596/1596
f 1597/1597/1597 1598/1598/1598 1596/1596/1596
f 1599/1599/1599 1598/1598/1598 1597/1597/1597
f 1600/1600/1600 1599/1599/1599 1597/1597/1597
f 1603/1603/1603 1602/1602/1602 1601/1601/1601
f 1604/1604/1604 1603/1603/1603 1601/1601/1601
f 1601/1601/1601 1605/1605/1605 1604/1604/1604
f 1605/1605/1605 1606/1606/1606 1604/1604/1604
f 1605/1605/1605 1607/1607/1607 1606/1606/1606
f 1607/1607/1607 1608/1608/1608 1606/1606/1606
f 1611/1611/1611 1610/1610/1610 1609/1609/1609
f 1612/1612/1612 1609/1609/1609 1610/1610/1610
f 1613/1613/1613 1612/1612/1612 1610/1610/1610
f 1614/1614/1614 1613/1613/1613 1610/1610/1610
f 1615/1615/1615 1613/1613/1613 1614/1614/1614
f 1616/1616/1616 1615/1615/1615 1614/1614/1614
f 1616/1616/1616 1617/1617/1617 1615/1615/1615
f 1617/1617/1617 1618/1618/1618 1615/1615/1615
f 1619/1619/1619 1618/1618/1618 1617/1617/1617
f 1620/1620/1620 1619/1619/1619 1617/1617/1617
f 1621/1621/1621 1619/1619/1619 1620/1620/1620
f 1622/1622/1622 1621/1621/1621 1620/1620/1620
f 1622/1622/1622 1623/1623/1623 1621/1621/1621
f 1623/1623/1623 1624/1624/1624 1621/1621/1621
f 1625/1625/1625 1624/1624/1624 1623/1623/1623
f 1626/1626/1626 1625/1625/1625 1623/1623/1623
f 1629/1629/1629 1628/1628/1628 1627/1627/1627
f 1630/1630/1630 1629/1629/1629 1627/1627/1627
f 1631/1631/1631 1629/1629/1629 1630/1630/1630
f 1632/1632/1632 1631/1631/1631 1630/1630/1630
f 1632/1632/1632 1633/1633/1633 1631/1631/1631
f 1633/1633/1633 1634/1634/1634 1631/1631/1631
f 1635/1635/1635 1634/1634/1634 1633/1633/1633
f 1636/1636/1636 1635/1635/1635 1633/1633/1633
f 1637/1637/1637 1635/1635/1635 1636/1636/1636
f 1638/1638/1638 1637/1637/1637 1636/1636/1636
f 1638/1638/1638 1639/1639/1639 1637/1637/1637
f 1639/1639/1639 1640/1640/1640 1637/1637/1637
f 1641/1641/1641 1640/1640/1640 1639/1639/1639
f 1642/1642/1642 1641/1641/1641 1639/1639/1639
f 1643/1643/1643 1641/1641/1641 1642/1642/1642
f 1644/1644/1644 1643/1643/1643 1642/1642/1642
f 1644/1644/1644 1645/1645/1645 1643/1643/1643
f 1645/1645/1645 1646/1646/1646 1643/1643/1643
f 1645/1645/1645 1647/1647/1647 1646/1646/1646
f 1647/1647/1647 1648/1648/1648 1646/1646/1646
f 1651/1651/1651 1650/1650/1650 1649/1649/1649
f 1650/1650/1650 1652/1652/1652 1649/1649/1649
f 1650/1650/1650 1653/1653/1653 1652/1652/1652
f 1653/1653/1653 1654/1654/1654 1652/1652/1652
f 1653/1653/1653 1655/1655/1655 1654/1654/1654
f 1655/1655/1655 1656/1656/1656 1654/1654/1654
f 1655/1655/1655 1657/1657/1657 1656/1656/1656
f 1657/1657/1657 1658/1658/1658 1656/1656/1656
f 1659/1659/1659 1658/1658/1658 1657/1657/1657
f 1660/1660/1660 1659/1659/1659 1657/1657/1657
f 1660/1660/1660 1661/1661/1661 1659/1659/1659
f 1661/1661/1661 1662/1662/1662 1659/1659/1659
f 1662/1662/1662 1661/1661/1661 1663/1663/1663
f 1664/1664/1664 1662/1662/1662 1663/1663/1663
f 1665/1665/1665 1664/1664/1664 1663/1663/1663
f 1666/1666/1666 1665/1665/1665 1663/1663/1663
f 1666/1666/1666 1667/1667/1667 1665/1665/1665
f 1667/1667/1667 1668/1668/1668 1665/1665/1665
f 1669/1669/1669 1668/1668/1668 1667/1667/1667
f 1670/1670/1670 1669/1669/1669 1667/1667/1667
f 1670/1670/1670 1671/1671/1671 1669/1669/1669
f 1671/1671/1671 1672/1672/1672 1669/1669/1669
f 1673/1673/1673 1672/1672/1672 1671/1671/1671
f 1674/1674/1674 1673/1673/1673 1671/1671/1671
f 1677/1677/1677 1676/1676/1676 1675/1675/1675
f 1678/1678/1678 1677/1677/1677 1675/1675/1675
f 1681/1681/1681 1680/1680/1680 1679/1679/1679
f 1682/1682/1682 1681/1681/1681 1679/1679/1679
f 1685/1685/1685 1684/1684/1684 1683/1683/1683
f 1686/1686/1686 1685/1685/1685 1683/1683/1683
f 1686/1686/1686 1683/1683/1683 1687/1687/1687
f 1688/1688/1688 1686/1686/1686 1687/1687/1687
f 1688/1688/1688 1687/1687/1687 1689/1689/1689
f 1687/1687/1687 1690/1690/1690 1689/1689/1689
f 1689/1689/1689 1690/1690/1690 1691/1691/1691
f 1692/1692/1692 1689/1689/1689 1691/1691/1691
f 1692/1692/1692 1691/1691/1691 1693/1693/1693
f 1691/1691/1691 1694/1694/1694 1693/1693/1693
f 1693/1693/1693 1694/1694/1694 1695/1695/1695
f 1696/1696/1696 1693/1693/1693 1695/1695/1695
f 1696/1696/1696 1695/1695/1695 1697/1697/1697
f 1698/1698/1698 1696/1696/1696 1697/1697/1697
f 1698/1698/1698 1697/1697/1697 1699/1699/1699
f 1700/1700/1700 1698/1698/1698 1699/1699/1699
f 1703/1703/1703 1702/1702/1702 1701/1701/1701
f 1704/1704/1704 1703/1703/1703 1701/1701/1701
f 1707/1707/1707 1706/1706/1706 1705/1705/1705
f 1708/1708/1708 1707/1707/1707 1705/1705/1705
f 1711/1711/1711 1710/1710/1710 1709/1709/1709
f 1712/1712/1712 1711/1711/1711 1709/1709/1709
f 1715/1715/1715 1714/1714/1714 1713/1713/1713
f 1716/1716/1716 1715/1715/1715 1713/1713/1713
f 1716/1716/1716 1713/1713/1713 1717/1717/1717
f 1713/1713/1713 1718/1718/1718 1717/1717/1717
f 1717/1717/1717 1718/1718/1718 1719/1719/1719
f 1720/1720/1720 1717/1717/1717 1719/1719/1719
f 1720/1720/1720 1719/1719/1719 1721/1721/1721
f 1722/1722/1722 1720/1720/1720 1721/1721/1721
f 1721/1721/1721 1723/1723/1723 1722/1722/1722
f 1723/1723/1723 1724/1724/1724 1722/1722/1722
f 1727/1727/1727 1726/1726/1726 1725/1725/1725
f 1728/1728/1728 1727/1727/1727 1725/1725/1725
f 1731/1731/1731 1730/1730/1730 1729/1729/1729
f 1730/1730/1730 1732/1732/1732 1729/1729/1729
f 1730/1730/1730 1733/1733/1733 1732/1732/1732
f 1733/1733/1733 1734/1734/1734 1732/1732/1732
f 1733/1733/1733 1735/1735/1735 1734/1734/1734
f 1735/1735/1735 1736/1736/1736 1734/1734/1734
f 1735/1735/1735 1737/1737/1737 1736/1736/1736
f 1737/1737/1737 1738/1738/1738 1736/1736/1736
f 1737/1737/1737 1739/1739/1739 1738/1738/1738
f 1739/1739/1739 1740/1740/1740 1738/1738/1738
f 1741/1741/1741 1740/1740/1740 1739/1739/1739
f 1742/1742/1742 1741/1741/1741 1739/1739/1739
f 1742/1742/1742 1743/1743/1743 1741/1741/1741
f 1743/1743/1743 1744/1744/1744 1741/1741/1741
f 1745/1745/1745 1744/1744/1744 1743/1743/1743
f 1746/1746/1746 1745/1745/1745 1743/1743/1743
f 1746/1746/1746 1747/1747/1747 1745/1745/1745
f 1747/1747/1747 1748/1748/1748 1745/1745/1745
f 1747/1747/1747 1749/1749/1749 1748/1748/1748
f 1749/1749/1749 1750/1750/1750 1748/1748/1748
f 1753/1753/1753 1752/1752/1752 1751/1751/1751
f 1752/1752/1752 1754/1754/1754 1751/1751/1751
f 1752/1752/1752 1755/1755/1755 1754/1754/1754
f 1755/1755/1755 1756/1756/1756 1754/1754/1754
f 1757/1757/1757 1756/1756/1756 1755/1755/1755
f 1758/1758/1758 1757/1757/1757 1755/1755/1755
f 1758/1758/1758 1759/1759/1759 1757/1757/1757
f 1759/1759/1759 1760/1760/1760 1757/1757/1757
f 1759/1759/1759 1761/1761/1761 1760/1760/1760
f 1761/1761/1761 1762/1762/1762 1760/1760/1760
f 1765/1765/1765 1764/1764/1764 1763/1763/1763
f 1764/1764/1764 1766/1766/1766 1763/1763/1763
f 1764/1764/1764 1767/1767/1767 1766/1766/1766
f 1767/1767/1767 1768/1768/1768 1766/1766/1766
f 1769/1769/1769 1768/1768/1768 1767/1767/1767
f 1770/1770/1770 1769/1769/1769 1767/1767/1767
f 1770/1770/1770 1771/1771/1771 1769/1769/1769
f 1771/1771/1771 1772/1772/1772 1769/1769/1769
f 1771/1771/1771 1773/1773/1773 1772/1772/1772
f 1773/1773/1773 1774/1774/1774 1772/1772/1772
f 1775/1775/1775 1774/1774/1774 1773/1773/1773
f 1776/1776/1776 1775/1775/1775 1773/1773/1773
f 1776/1776/1776 1777/1777/1777 1775/1775/1775
f 1777/1777/1777 1778/1778/1778 1775/1775/1775
f 1779/1779/1779 1778/1778/1778 1777/1777/1777
f 1780/1780/1780 1779/1779/1779 1777/1777/1777
f 1780/1780/1780 1781/1781/1781 1779/1779/1779
f 1781/1781/1781 1782/1782/1782 1779/1779/1779
f 1781/1781/1781 1783/1783/1783 1782/1782/1782
f 1783/1783/1783 1784/1784/1784 1782/1782/1782
f 1787/1787/1787 1786/1786/1786 1785/1785/1785
f 1786/1786/1786 1788/1788/1788 1785/1785/1785
f 1786/1786/1786 1789/1789/1789 1788/1788/1788
f 1789/1789/1789 1790/1790/1790 1788/1788/1788
f 1791/1791/1791 1790/1790/1790 1789/1789/1789
f 1792/1792/1792 1791/1791/1791 1789/1789/1789
f 1792/1792/1792 1793/1793/1793 1791/1791/1791
f 1793/1793/1793 1794/1794/1794 1791/1791/1791
f 1793/1793/1793 1795/1795/1795 1794/1794/1794
f 1795/1795/1795 1796/1796/1796 1794/1794/1794
f 1799/1799/1799 1798/1798/1798 1797/1797/1797
f 1800/1800/1800 1799/1799/1799 1797/1797/1797
f 1803/1803/1803 1802/1802/1802 1801/1801/1801
f 1802/1802/1802 1803/1803/1803 1804/1804/1804
f 1807/1807/1807 1806/1806/1806 1805/1805/1805
f 1808/1808/1808 1807/1807/1807 1805/1805/1805
f 1808/1808/1808 1805/1805/1805 1809/1809/1809
f 1805/1805/1805 1810/1810/1810 1809/1809/1809
f 1809/1809/1809 1810/1810/1810 1811/1811/1811
f 1812/1812/1812 1809/1809/1809 1811/1811/1811
f 1812/1812/1812 1811/1811/1811 1813/1813/1813
f 1814/1814/1814 1812/1812/1812 1813/1813/1813
f 1814/1814/1814 1813/1813/1813 1815/1815/1815
f 1816/1816/1816 1814/1814/1814 1815/1815/1815
f 1816/1816/1816 1815/1815/1815 1817/1817/1817
f 1818/1818/1818 1816/1816/1816 1817/1817/1817
f 1818/1818/1818 1817/1817/1817 1819/1819/1819
f 1817/1817/1817 1820/1820/1820 1819/1819/1819
f 1819/1819/1819 1820/1820/1820 1821/1821/1821
f 1822/1822/1822 1819/1819/1819 1821/1821/1821
f 1822/1822/1822 1821/1821/1821 1823/1823/1823
f 1821/1821/1821 1824/1824/1824 1823/1823/1823
f 1823/1823/1823 1824/1824/1824 1825/1825/1825
f 1826/1826/1826 1823/1823/1823 1825/1825/1825
f 1826/1826/1826 1827/1827/1827 1823/1823/1823
f 1827/1827/1827 1828/1828/1828 1823/1823/1823
f 1828/1828/1828 1829/1829/1829 1823/1823/1823
f 1829/1829/1829 1830/1830/1830 1823/1823/1823
f 1831/1831/1831 1823/1823/1823 1830/1830/1830
f 1832/1832/1832 1831/1831/1831 1830/1830/1830
f 1833/1833/1833 1823/1823/1823 1831/1831/1831
f 1834/1834/1834 1833/1833/1833 1831/1831/1831
f 1834/1834/1834 1835/1835/1835 1833/1833/1833
f 1835/1835/1835 1836/1836/1836 1833/1833/1833
f 1835/1835/1835 1837/1837/1837 1836/1836/1836
f 1837/1837/1837 1838/1838/1838 1836/1836/1836
f 1837/1837/1837 1839/1839/1839 1838/1838/1838
f 1839/1839/1839 1840/1840/1840 1838/1838/1838
f 1840/1840/1840 1839/1839/1839 1841/1841/1841
f 1839/1839/1839 1842/1842/1842 1841/1841/1841
f 1841/1841/1841 1842/1842/1842 1843/1843/1843
f 1844/1844/1844 1841/1841/1841 1843/1843/1843
f 1843/1843/1843 1845/1845/1845 1844/1844/1844
f 1845/1845/1845 1846/1846/1846 1844/1844/1844
f 1845/1845/1845 1847/1847/1847 1846/1846/1846
f 1847/1847/1847 1848/1848/1848 1846/1846/1846
f 1847/1847/1847 1849/1849/1849 1848/1848/1848
f 1849/1849/1849 1850/1850/1850 1848/1848/1848
f 1850/1850/1850 1849/1849/1849 1851/1851/1851
f 1849/1849/1849 1852/1852/1852 1851/1851/1851
f 1852/1852/1852 1853/1853/1853 1851/1851/1851
f 1853/1853/1853 1854/1854/1854 1851/1851/1851
f 1857/1857/1857 1856/1856/1856 1855/1855/1855
f 1858/1858/1858 1857/1857/1857 1855/1855/1855
f 1861/1861/1861 1860/1860/1860 1859/1859/1859
f 1862/1862/1862 1861/1861/1861 1859/1859/1859
f 1865/1865/1865 1864/1864/1864 1863/1863/1863
f 1866/1866/1866 1865/1865/1865 1863/1863/1863
f 1869/1869/1869 1868/1868/1868 1867/1867/1867
f 1870/1870/1870 1869/1869/1869 1867/1867/1867
f 1873/1873/1873 1872/1872/1872 1871/1871/1871
f 1874/1874/1874 1873/1873/1873 1871/1871/1871
f 1874/1874/1874 1871/1871/1871 1875/1875/1875
f 1876/1876/1876 1874/1874/1874 1875/1875/1875
f 1879/1879/1879 1878/1878/1878 1877/1877/1877
f 1879/1879/1879 1877/1877/1877 1880/1880/1880
f 1883/1883/1883 1882/1882/1882 1881/1881/1881
f 1884/1884/1884 1883/1883/1883 1881/1881/1881
f 1887/1887/1887 1886/1886/1886 1885/1885/1885
f 1888/1888/1888 1887/1887/1887 1885/1885/1885
f 1891/1891/1891 1890/1890/1890 1889/1889/1889
f 1892/1892/1892 1891/1891/1891 1889/1889/1889
f 1895/1895/1895 1894/1894/1894 1893/1893/1893
f 1896/1896/1896 1895/1895/1895 1893/1893/1893
f 1899/1899/1899 1898/1898/1898 1897/1897/1897
f 1900/1900/1900 1899/1899/1899 1897/1897/1897
f 1897/1897/1897 1901/1901/1901 1900/1900/1900
f 1901/1901/1901 1902/1902/1902 1900/1900/1900
f 1902/1902/1902 1903/1903/1903 1900/1900/1900
f 1901/1901/1901 1904/1904/1904 1902/1902/1902
f 1902/1902/1902 1905/1905/1905 1903/1903/1903
f 1905/1905/1905 1906/1906/1906 1903/1903/1903
f 1902/1902/1902 1907/1907/1907 1905/1905/1905
f 1904/1904/1904 1908/1908/1908 1902/1902/1902
f 1904/1904/1904 1909/1909/1909 1908/1908/1908
f 1909/1909/1909 1910/1910/1910 1908/1908/1908
f 1911/1911/1911 1910/1910/1910 1909/1909/1909
f 1912/1912/1912 1911/1911/1911 1909/1909/1909
f 1912/1912/1912 1913/1913/1913 1911/1911/1911
f 1913/1913/1913 1914/1914/1914 1911/1911/1911
f 1915/1915/1915 1914/1914/1914 1913/1913/1913
f 1916/1916/1916 1915/1915/1915 1913/1913/1913
f 1916/1916/1916 1917/1917/1917 1915/1915/1915
f 1917/1917/1917 1918/1918/1918 1915/1915/1915
f 1917/1917/1917 1919/1919/1919 1918/1918/1918
f 1919/1919/1919 1920/1920/1920 1918/1918/1918
f 1921/1921/1921 1920/1920/1920 1919/1919/1919
f 1922/1922/1922 1921/1921/1921 1919/1919/1919
f 1925/1925/1925 1924/1924/1924 1923/1923/1923
f 1926/1926/1926 1925/1925/1925 1923/1923/1923
f 1923/1923/1923 1927/1927/1927 1926/1926/1926
f 1927/1927/1927 1928/1928/1928 1926/1926/1926
f 1927/1927/1927 1929/1929/1929 1928/1928/1928
f 1929/1929/1929 1930/1930/1930 1928/1928/1928
f 1933/1933/1933 1932/1932/1932 1931/1931/1931
f 1934/1934/1934 1931/1931/1931 1932/1932/1932
f 1935/1935/1935 1934/1934/1934 1932/1932/1932
f 1936/1936/1936 1935/1935/1935 1932/1932/1932
f 1937/1937/1937 1935/1935/1935 1936/1936/1936
f 1938/1938/1938 1937/1937/1937 1936/1936/1936
f 1938/1938/1938 1939/1939/1939 1937/1937/1937
f 1939/1939/1939 1940/1940/1940 1937/1937/1937
f 1941/1941/1941 1940/1940/1940 1939/1939/1939
f 1942/1942/1942 1941/1941/1941 1939/1939/1939
f 1943/1943/1943 1941/1941/1941 1942/1942/1942
f 1944/1944/1944 1943/1943/1943 1942/1942/1942
f 1944/1944/1944 1945/1945/1945 1943/1943/1943
f 1945/1945/1945 1946/1946/1946 1943/1943/1943
f 1947/1947/1947 1946/1946/1946 1945/1945/1945
f 1948/1948/1948 1947/1947/1947 1945/1945/1945
f 1951/1951/1951 1950/1950/1950 1949/1949/1949
f 1952/1952/1952 1951/1951/1951 1949/1949/1949
f 1953/1953/1953 1951/1951/1951 1952/1952/1952
f 1954/1954/1954 1953/1953/1953 1952/1952/1952
f 1954/1954/1954 1955/1955/1955 1953/1953/1953
f 1955/1955/1955 1956/1956/1956 1953/1953/1953
f 1957/1957/1957 1956/1956/1956 1955/1955/1955
f 1958/1958/1958 1957/1957/1957 1955/1955/1955
f 1959/1959/1959 1957/1957/1957 1958/1958/1958
f 1960/1960/1960 1959/1959/1959 1958/1958/1958
f 1960/1960/1960 1961/1961/1961 1959/1959/1959
f 1961/1961/1961 1962/1962/1962 1959/1959/1959
f 1963/1963/1963 1962/1962/1962 1961/1961/1961
f 1964/1964/1964 1963/1963/1963 1961/1961/1961
f 1965/1965/1965 1963/1963/1963 1964/1964/1964
f 1966/1966/1966 1965/1965/1965 1964/1964/1964
f 1966/1966/1966 1967/1967/1967 1965/1965/1965
f 1967/1967/1967 1968/1968/1968 1965/1965/1965
f 1967/1967/1967 1969/1969/1969 1968/1968/1968
f 1969/1969/1969 1970/1970/1970 1968/1968/1968
f 1973/1973/1973 1972/1972/1972 1971/1971/1971
f 1972/1972/1972 1974/1974/1974 1971/1971/1971
f 1972/1972/1972 1975/1975/1975 1974/1974/1974
f 1975/1975/1975 1976/1976/1976 1974/1974/1974
f 1975/1975/1975 1977/1977/1977 1976/1976/1976
f 1977/1977/1977 1978/1978/1978 1976/1976/1976
f 1977/1977/1977 1979/1979/1979 1978/1978/1978
f 1979/1979/1979 1980/1980/1980 1978/1978/1978
f 1981/1981/1981 1980/1980/1980 1979/1979/1979
f 1982/1982/1982 1981/1981/1981 1979/1979/1979
f 1982/1982/1982 1983/1983/1983 1981/1981/1981
f 1983/1983/1983 1984/1984/1984 1981/1981/1981
f 1984/1984/1984 1983/1983/1983 1985/1985/1985
f 1986/1986/1986 1984/1984/1984 1985/1985/1985
f 1987/1987/1987 1986/1986/1986 1985/1985/1985
f 1988/1988/1988 1987/1987/1987 1985/1985/1985
f 1988/1988/1988 1989/1989/1989 1987/1987/1987
f 1989/1989/1989 1990/1990/1990 1987/1987/1987
f 1991/1991/1991 1990/1990/1990 1989/1989/1989
f 1992/1992/1992 1991/1991/1991 1989/1989/1989
f 1992/1992/1992 1993/1993/1993 1991/1991/1991
f 1993/1993/1993 1994/1994/1994 1991/1991/1991
f 1995/1995/1995 1994/1994/1994 1993/1993/1993
f 1996/1996/1996 1995/1995/1995 1993/1993/1993
f 1999/1999/1999 1998/1998/1998 1997/1997/1997
f 2000/2000/2000 1999/1999/1999 1997/1997/1997
f 2000/2000/2000 1997/1997/1997 2001/2001/2001
f 1997/1997/1997 2002/2002/2002 2001/2001/2001
f 2001/2001/2001 2002/2002/2002 2003/2003/2003
f 2004/2004/2004 2001/2001/2001 2003/2003/2003
f 2004/2004/2004 2003/2003/2003 2005/2005/2005
f 2006/2006/2006 2004/2004/2004 2005/2005/2005
f 2006/2006/2006 2005/2005/2005 2007/2007/2007
f 2005/2005/2005 2008/2008/2008 2007/2007/2007
f 2007/2007/2007 2008/2008/2008 2009/2009/2009
f 2010/2010/2010 2007/2007/2007 2009/2009/2009
f 2010/2010/2010 2009/2009/2009 2011/2011/2011
f 2009/2009/2009 2012/2012/2012 2011/2011/2011
f 2011/2011/2011 2012/2012/2012 2013/2013/2013
f 2014/2014/2014 2011/2011/2011 2013/2013/2013
f 2014/2014/2014 2013/2013/2013 2015/2015/2015
f 2016/2016/2016 2014/2014/2014 2015/2015/2015
f 2016/2016/2016 2015/2015/2015 2017/2017/2017
f 2018/2018/2018 2016/2016/2016 2017/2017/2017
f 2021/2021/2021 2020/2020/2020 2019/2019/2019
f 2022/2022/2022 2021/2021/2021 2019/2019/2019
f 2025/2025/2025 2024/2024/2024 2023/2023/2023
f 2026/2026/2026 2025/2025/2025 2023/2023/2023
f 2029/2029/2029 2028/2028/2028 2027/2027/2027
f 2030/2030/2030 2029/2029/2029 2027/2027/2027
f 2033/2033/2033 2032/2032/2032 2031/2031/2031
f 2034/2034/2034 2033/2033/2033 2031/2031/2031
f 2034/2034/2034 2031/2031/2031 2035/2035/2035
f 2031/2031/2031 2036/2036/2036 2035/2035/2035
f 2035/2035/2035 2036/2036/2036 2037/2037/2037
f 2038/2038/2038 2035/2035/2035 2037/2037/2037
f 2038/2038/2038 2037/2037/2037 2039/2039/2039
f 2040/2040/2040 2038/2038/2038 2039/2039/2039
f 2039/2039/2039 2041/2041/2041 2040/2040/2040
f 2041/2041/2041 2042/2042/2042 2040/2040/2040
f 2045/2045/2045 2044/2044/2044 2043/2043/2043
f 2046/2046/2046 2045/2045/2045 2043/2043/2043
f 2049/2049/2049 2048/2048/2048 2047/2047/2047
f 2050/2050/2050 2049/2049/2049 2047/2047/2047
f 2053/2053/2053 2052/2052/2052 2051/2051/2051
f 2054/2054/2054 2053/2053/2053 2051/2051/2051
f 2055/2055/2055 2053/2053/2053 2054/2054/2054
f 2056/2056/2056 2055/2055/2055 2054/2054/2054
f 2056/2056/2056 2057/2057/2057 2055/2055/2055
f 2057/2057/2057 2058/2058/2058 2055/2055/2055
f 2059/2059/2059 2058/2058/2058 2057/2057/2057
f 2060/2060/2060 2059/2059/2059 2057/2057/2057
f 2061/2061/2061 2059/2059/2059 2060/2060/2060
f 2062/2062/2062 2061/2061/2061 2060/2060/2060
f 2065/2065/2065 2064/2064/2064 2063/2063/2063
f 2066/2066/2066 2065/2065/2065 2063/2063/2063
f 2069/2069/2069 2068/2068/2068 2067/2067/2067
f 2070/2070/2070 2069/2069/2069 2067/2067/2067
f 2071/2071/2071 2069/2069/2069 2070/2070/2070
f 2072/2072/2072 2071/2071/2071 2070/2070/2070
f 2072/2072/2072 2073/2073/2073 2071/2071/2071
f 2073/2073/2073 2074/2074/2074 2071/2071/2071
f 2075/2075/2075 2074/2074/2074 2073/2073/2073
f 2076/2076/2076 2075/2075/2075 2073/2073/2073
f 2077/2077/2077 2075/2075/2075 2076/2076/2076
f 2078/2078/2078 2077/2077/2077 2076/2076/2076
f 2081/2081/2081 2080/2080/2080 2079/2079/2079
f 2082/2082/2082 2081/2081/2081 2079/2079/2079
f 2085/2085/2085 2084/2084/2084 2083/2083/2083
f 2084/2084/2084 2085/2085/2085 2086/2086/2086
f 2089/2089/2089 2088/2088/2088 2087/2087/2087
f 2088/2088/2088 2090/2090/2090 2087/2087/2087
f 2087/2087/2087 2090/2090/2090 2091/2091/2091
f 2092/2092/2092 2087/2087/2087 2091/2091/2091
f 2092/2092/2092 2091/2091/2091 2093/2093/2093
f 2091/2091/2091 2094/2094/2094 2093/2093/2093
f 2093/2093/2093 2094/2094/2094 2095/2095/2095
f 2094/2094/2094 2096/2096/2096 2095/2095/2095
f 2095/2095/2095 2096/2096/2096 2097/2097/2097
f 2096/2096/2096 2098/2098/2098 2097/2097/2097
f 2097/2097/2097 2098/2098/2098 2099/2099/2099
f 2098/2098/2098 2100/2100/2100 2099/2099/2099
f 2099/2099/2099 2100/2100/2100 2101/2101/2101
f 2102/2102/2102 2099/2099/2099 2101/2101/2101
f 2102/2102/2102 2101/2101/2101 2103/2103/2103
f 2101/2101/2101 2104/2104/2104 2103/2103/2103
f 2103/2103/2103 2104/2104/2104 2105/2105/2105
f 2106/2106/2106 2103/2103/2103 2105/2105/2105
f 2106/2106/2106 2105/2105/2105 2107/2107/2107
f 2105/2105/2105 2108/2108/2108 2107/2107/2107
f 2109/2109/2109 2108/2108/2108 2105/2105/2105
f 2110/2110/2110 2109/2109/2109 2105/2105/2105
f 2111/2111/2111 2110/2110/2110 2105/2105/2105
f 2112/2112/2112 2111/2111/2111 2105/2105/2105
f 2105/2105/2105 2113/2113/2113 2112/2112/2112
f 2113/2113/2113 2114/2114/2114 2112/2112/2112
f 2105/2105/2105 2115/2115/2115 2113/2113/2113
f 2115/2115/2115 2116/2116/2116 2113/2113/2113
f 2117/2117/2117 2116/2116/2116 2115/2115/2115
f 2118/2118/2118 2117/2117/2117 2115/2115/2115
f 2119/2119/2119 2117/2117/2117 2118/2118/2118
f 2120/2120/2120 2119/2119/2119 2118/2118/2118
f 2121/2121/2121 2119/2119/2119 2120/2120/2120
f 2122/2122/2122 2121/2121/2121 2120/2120/2120
f 2121/2121/2121 2122/2122/2122 2123/2123/2123
f 2124/2124/2124 2121/2121/2121 2123/2123/2123
f 2124/2124/2124 2123/2123/2123 2125/2125/2125
f 2123/2123/2123 2126/2126/2126 2125/2125/2125
f 2127/2127/2127 2125/2125/2125 2126/2126/2126
f 2128/2128/2128 2127/2127/2127 2126/2126/2126
f 2129/2129/2129 2127/2127/2127 2128/2128/2128
f 2130/2130/2130 2129/2129/2129 2128/2128/2128
f 2131/2131/2131 2129/2129/2129 2130/2130/2130
f 2132/2132/2132 2131/2131/2131 2130/2130/2130
f 2131/2131/2131 2132/2132/2132 2133/2133/2133
f 2134/2134/2134 2131/2131/2131 2133/2133/2133
f 2135/2135/2135 2134/2134/2134 2133/2133/2133
f 2136/2136/2136 2135/2135/2135 2133/2133/2133
f 2139/2139/2139 2138/2138/2138 2137/2137/2137
f 2140/2140/2140 2139/2139/2139 2137/2137/2137
f 2141/2141/2141 2139/2139/2139 2140/2140/2140
f 2142/2142/2142 2141/2141/2141 2140/2140/2140
f 2143/2143/2143 2141/2141/2141 2142/2142/2142
f 2144/2144/2144 2143/2143/2143 2142/2142/2142
f 2144/2144/2144 2145/2145/2145 2143/2143/2143
f 2145/2145/2145 2146/2146/2146 2143/2143/2143
f 2147/2147/2147 2146/2146/2146 2145/2145/2145
f 2148/2148/2148 2147/2147/2147 2145/2145/2145
f 2148/2148/2148 2149/2149/2149 2147/2147/2147
f 2149/2149/2149 2150/2150/2150 2147/2147/2147
f 2151/2151/2151 2150/2150/2150 2149/2149/2149
f 2152/2152/2152 2151/2151/2151 2149/2149/2149
f 2153/2153/2153 2151/2151/2151 2152/2152/2152
f 2154/2154/2154 2153/2153/2153 2152/2152/2152
f 2157/2157/2157 2156/2156/2156 2155/2155/2155
f 2156/2156/2156 2158/2158/2158 2155/2155/2155
f 2159/2159/2159 2158/2158/2158 2156/2156/2156
f 2160/2160/2160 2159/2159/2159 2156/2156/2156
f 2161/2161/2161 2159/2159/2159 2160/2160/2160
f 2162/2162/2162 2161/2161/2161 2160/2160/2160
f 2162/2162/2162 2163/2163/2163 2161/2161/2161
f 2163/2163/2163 2164/2164/2164 2161/2161/2161
f 2165/2165/2165 2164/2164/2164 2163/2163/2163
f 2166/2166/2166 2165/2165/2165 2163/2163/2163
f 2166/2166/2166 2167/2167/2167 2165/2165/2165
f 2167/2167/2167 2168/2168/2168 2165/2165/2165
f 2169/2169/2169 2168/2168/2168 2167/2167/2167
f 2170/2170/2170 2169/2169/2169 2167/2167/2167
f 2171/2171/2171 2169/2169/2169 2170/2170/2170
f 2172/2172/2172 2171/2171/2171 2170/2170/2170
f 2175/2175/2175 2174/2174/2174 2173/2173/2173
f 2176/2176/2176 2175/2175/2175 2173/2173/2173
f 2179/2179/2179 2178/2178/2178 2177/2177/2177
f 2180/2180/2180 2179/2179/2179 2177/2177/2177
f 2183/2183/2183 2182/2182/2182 2181/2181/2181
f 2184/2184/2184 2183/2183/2183 2181/2181/2181
f 2187/2187/2187 2186/2186/2186 2185/2185/2185
f 2188/2188/2188 2187/2187/2187 2185/2185/2185
f 2191/2191/2191 2190/2190/2190 2189/2189/2189
f 2192/2192/2192 2191/2191/2191 2189/2189/2189
f 2195/2195/2195 2194/2194/2194 2193/2193/2193
f 2196/2196/2196 2195/2195/2195 2193/2193/2193
f 2199/2199/2199 2198/2198/2198 2197/2197/2197
f 2198/2198/2198 2200/2200/2200 2197/2197/2197
f 2197/2197/2197 2200/2200/2200 2201/2201/2201
f 2200/2200/2200 2202/2202/2202 2201/2201/2201
f 2205/2205/2205 2204/2204/2204 2203/2203/2203
f 2203/2203/2203 2204/2204/2204 2206/2206/2206
f 2209/2209/2209 2208/2208/2208 2207/2207/2207
f 2210/2210/2210 2209/2209/2209 2207/2207/2207
f 2213/2213/2213 2212/2212/2212 2211/2211/2211
f 2214/2214/2214 2213/2213/2213 2211/2211/2211
f 2217/2217/2217 2216/2216/2216 2215/2215/2215
f 2218/2218/2218 2217/2217/2217 2215/2215/2215
f 2221/2221/2221 2220/2220/2220 2219/2219/2219
f 2222/2222/2222 2221/2221/2221 2219/2219/2219
f 2225/2225/2225 2224/2224/2224 2223/2223/2223
f 2224/2224/2224 2226/2226/2226 2223/2223/2223
f 2227/2227/2227 2223/2223/2223 2226/2226/2226
f 2228/2228/2228 2227/2227/2227 2226/2226/2226
f 2229/2229/2229 2228/2228/2228 2226/2226/2226
f 2230/2230/2230 2227/2227/2227 2228/2228/2228
f 2231/2231/2231 2228/2228/2228 2229/2229/2229
f 2232/2232/2232 2231/2231/2231 2229/2229/2229
f 2233/2233/2233 2230/2230/2230 2228/2228/2228
f 2234/2234/2234 2230/2230/2230 2233/2233/2233
f 2235/2235/2235 2234/2234/2234 2233/2233/2233
f 2235/2235/2235 2236/2236/2236 2234/2234/2234
f 2236/2236/2236 2237/2237/2237 2234/2234/2234
f 2238/2238/2238 2237/2237/2237 2236/2236/2236
f 2239/2239/2239 2238/2238/2238 2236/2236/2236
f 2239/2239/2239 2240/2240/2240 2238/2238/2238
f 2240/2240/2240 2241/2241/2241 2238/2238/2238
f 2242/2242/2242 2241/2241/2241 2240/2240/2240
f 2243/2243/2243 2242/2242/2242 2240/2240/2240
f 2244/2244/2244 2242/2242/2242 2243/2243/2243
f 2245/2245/2245 2244/2244/2244 2243/2243/2243
f 2245/2245/2245 2246/2246/2246 2244/2244/2244
f 2246/2246/2246 2247/2247/2247 2244/2244/2244
f 2250/2250/2250 2249/2249/2249 2248/2248/2248
f 2249/2249/2249 2251/2251/2251 2248/2248/2248
f 2252/2252/2252 2248/2248/2248 2251/2251/2251
f 2253/2253/2253 2252/2252/2252 2251/2251/2251
f 2254/2254/2254 2252/2252/2252 2253/2253/2253
f 2255/2255/2255 2254/2254/2254 2253/2253/2253
f 2258/2258/2258 2257/2257/2257 2256/2256/2256
f 2256/2256/2256 2259/2259/2259 2258/2258/2258
f 2259/2259/2259 2260/2260/2260 2258/2258/2258
f 2260/2260/2260 2261/2261/2261 2258/2258/2258
f 2260/2260/2260 2262/2262/2262 2261/2261/2261
f 2262/2262/2262 2263/2263/2263 2261/2261/2261
f 2264/2264/2264 2263/2263/2263 2262/2262/2262
f 2265/2265/2265 2264/2264/2264 2262/2262/2262
f 2265/2265/2265 2266/2266/2266 2264/2264/2264
f 2266/2266/2266 2267/2267/2267 2264/2264/2264
f 2266/2266/2266 2268/2268/2268 2267/2267/2267
f 2268/2268/2268 2269/2269/2269 2267/2267/2267
f 2270/2270/2270 2269/2269/2269 2268/2268/2268
f 2271/2271/2271 2270/2270/2270 2268/2268/2268
f 2271/2271/2271 2272/2272/2272 2270/2270/2270
f 2272/2272/2272 2273/2273/2273 2270/2270/2270
f 2276/2276/2276 2275/2275/2275 2274/2274/2274
f 2275/2275/2275 2277/2277/2277 2274/2274/2274
f 2275/2275/2275 2278/2278/2278 2277/2277/2277
f 2278/2278/2278 2279/2279/2279 2277/2277/2277
f 2280/2280/2280 2279/2279/2279 2278/2278/2278
f 2281/2281/2281 2280/2280/2280 2278/2278/2278
f 2281/2281/2281 2282/2282/2282 2280/2280/2280
f 2282/2282/2282 2283/2283/2283 2280/2280/2280
f 2282/2282/2282 2284/2284/2284 2283/2283/2283
f 2284/2284/2284 2285/2285/2285 2283/2283/2283
f 2286/2286/2286 2285/2285/2285 2284/2284/2284
f 2287/2287/2287 2286/2286/2286 2284/2284/2284
f 2287/2287/2287 2288/2288/2288 2286/2286/2286
f 2288/2288/2288 2289/2289/2289 2286/2286/2286
f 2288/2288/2288 2290/2290/2290 2289/2289/2289
f 2290/2290/2290 2291/2291/2291 2289/2289/2289
f 2292/2292/2292 2291/2291/2291 2290/2290/2290
f 2293/2293/2293 2292/2292/2292 2290/2290/2290
f 2294/2294/2294 2292/2292/2292 2293/2293/2293
f 2295/2295/2295 2294/2294/2294 2293/2293/2293
f 2298/2298/2298 2297/2297/2297 2296/2296/2296
f 2299/2299/2299 2298/2298/2298 2296/2296/2296
f 2300/2300/2300 2298/2298/2298 2299/2299/2299
f 2301/2301/2301 2300/2300/2300 2299/2299/2299
f 2302/2302/2302 2300/2300/2300 2301/2301/2301
f 2303/2303/2303 2302/2302/2302 2301/2301/2301
f 2304/2304/2304 2302/2302/2302 2303/2303/2303
f 2305/2305/2305 2304/2304/2304 2303/2303/2303
f 2305/2305/2305 2306/2306/2306 2304/2304/2304
f 2306/2306/2306 2307/2307/2307 2304/2304/2304
f 2308/2308/2308 2307/2307/2307 2306/2306/2306
f 2309/2309/2309 2308/2308/2308 2306/2306/2306
f 2308/2308/2308 2309/2309/2309 2310/2310/2310
f 2309/2309/2309 2311/2311/2311 2310/2310/2310
f 2311/2311/2311 2312/2312/2312 2310/2310/2310
f 2312/2312/2312 2313/2313/2313 2310/2310/2310
f 2314/2314/2314 2313/2313/2313 2312/2312/2312
f 2315/2315/2315 2314/2314/2314 2312/2312/2312
f 2315/2315/2315 2316/2316/2316 2314/2314/2314
f 2316/2316/2316 2317/2317/2317 2314/2314/2314
f 2318/2318/2318 2317/2317/2317 2316/2316/2316
f 2319/2319/2319 2318/2318/2318 2316/2316/2316
f 2319/2319/2319 2320/2320/2320 2318/2318/2318
f 2320/2320/2320 2321/2321/2321 2318/2318/2318
f 2324/2324/2324 2323/2323/2323 2322/2322/2322
f 2325/2325/2325 2324/2324/2324 2322/2322/2322
f 2328/2328/2328 2327/2327/2327 2326/2326/2326
f 2329/2329/2329 2328/2328/2328 2326/2326/2326
f 2332/2332/2332 2331/2331/2331 2330/2330/2330
f 2331/2331/2331 2333/2333/2333 2330/2330/2330
f 2330/2330/2330 2333/2333/2333 2334/2334/2334
f 2333/2333/2333 2335/2335/2335 2334/2334/2334
f 2334/2334/2334 2335/2335/2335 2336/2336/2336
f 2337/2337/2337 2334/2334/2334 2336/2336/2336
f 2337/2337/2337 2336/2336/2336 2338/2338/2338
f 2336/2336/2336 2339/2339/2339 2338/2338/2338
f 2338/2338/2338 2339/2339/2339 2340/2340/2340
f 2341/2341/2341 2338/2338/2338 2340/2340/2340
f 2341/2341/2341 2340/2340/2340 2342/2342/2342
f 2340/2340/2340 2343/2343/2343 2342/2342/2342
f 2342/2342/2342 2343/2343/2343 2344/2344/2344
f 2343/2343/2343 2345/2345/2345 2344/2344/2344
f 2344/2344/2344 2345/2345/2345 2346/2346/2346
f 2345/2345/2345 2347/2347/2347 2346/2346/2346
f 2350/2350/2350 2349/2349/2349 2348/2348/2348
f 2351/2351/2351 2350/2350/2350 2348/2348/2348
f 2354/2354/2354 2353/2353/2353 2352/2352/2352
f 2355/2355/2355 2354/2354/2354 2352/2352/2352
f 2358/2358/2358 2357/2357/2357 2356/2356/2356
f 2359/2359/2359 2358/2358/2358 2356/2356/2356
f 2362/2362/2362 2361/2361/2361 2360/2360/2360
f 2361/2361/2361 2363/2363/2363 2360/2360/2360
f 2360/2360/2360 2363/2363/2363 2364/2364/2364
f 2365/2365/2365 2360/2360/2360 2364/2364/2364
f 2365/2365/2365 2364/2364/2364 2366/2366/2366
f 2364/2364/2364 2367/2367/2367 2366/2366/2366
f 2366/2366/2366 2367/2367/2367 2368/2368/2368
f 2367/2367/2367 2369/2369/2369 2368/2368/2368
f 2370/2370/2370 2368/2368/2368 2369/2369/2369
f 2371/2371/2371 2370/2370/2370 2369/2369/2369
f 2374/2374/2374 2373/2373/2373 2372/2372/2372
f 2375/2375/2375 2374/2374/2374 2372/2372/2372
f 2378/2378/2378 2377/2377/2377 2376/2376/2376
f 2377/2377/2377 2379/2379/2379 2376/2376/2376
f 2380/2380/2380 2379/2379/2379 2377/2377/2377
f 2381/2381/2381 2380/2380/2380 2377/2377/2377
f 2381/2381/2381 2382/2382/2382 2380/2380/2380
f 2382/2382/2382 2383/2383/2383 2380/2380/2380
f 2384/2384/2384 2383/2383/2383 2382/2382/2382
f 2385/2385/2385 2384/2384/2384 2382/2382/2382
f 2386/2386/2386 2384/2384/2384 2385/2385/2385
f 2387/2387/2387 2386/2386/2386 2385/2385/2385
f 2388/2388/2388 2386/2386/2386 2387/2387/2387
f 2389/2389/2389 2388/2388/2388 2387/2387/2387
f 2392/2392/2392 2391/2391/2391 2390/2390/2390
f 2393/2393/2393 2392/2392/2392 2390/2390/2390
f 2393/2393/2393 2390/2390/2390 2394/2394/2394
f 2395/2395/2395 2393/2393/2393 2394/2394/2394
f 2395/2395/2395 2394/2394/2394 2396/2396/2396
f 2390/2390/2390 2397/2397/2397 2394/2394/2394
f 2398/2398/2398 2397/2397/2397 2390/2390/2390
f 2399/2399/2399 2398/2398/2398 2390/2390/2390
f 2399/2399/2399 2400/2400/2400 2398/2398/2398
f 2401/2401/2401 2398/2398/2398 2400/2400/2400
f 2401/2401/2401 2402/2402/2402 2398/2398/2398
f 2402/2402/2402 2403/2403/2403 2398/2398/2398
f 2402/2402/2402 2404/2404/2404 2403/2403/2403
f 2404/2404/2404 2405/2405/2405 2403/2403/2403
f 2406/2406/2406 2405/2405/2405 2404/2404/2404
f 2407/2407/2407 2406/2406/2406 2404/2404/2404
f 2407/2407/2407 2408/2408/2408 2406/2406/2406
f 2411/2411/2411 2410/2410/2410 2409/2409/2409
f 2410/2410/2410 2412/2412/2412 2409/2409/2409
f 2409/2409/2409 2412/2412/2412 2413/2413/2413
f 2412/2412/2412 2414/2414/2414 2413/2413/2413
f 2413/2413/2413 2414/2414/2414 2415/2415/2415
f 2416/2416/2416 2413/2413/2413 2415/2415/2415
f 2416/2416/2416 2415/2415/2415 2417/2417/2417
f 2418/2418/2418 2416/2416/2416 2417/2417/2417
f 2418/2418/2418 2417/2417/2417 2419/2419/2419
f 2417/2417/2417 2420/2420/2420 2419/2419/2419
f 2419/2419/2419 2420/2420/2420 2421/2421/2421
f 2422/2422/2422 2419/2419/2419 2421/2421/2421
f 2422/2422/2422 2421/2421/2421 2423/2423/2423
f 2421/2421/2421 2424/2424/2424 2423/2423/2423
f 2423/2423/2423 2424/2424/2424 2425/2425/2425
f 2424/2424/2424 2426/2426/2426 2425/2425/2425
f 2429/2429/2429 2428/2428/2428 2427/2427/2427
f 2430/2430/2430 2429/2429/2429 2427/2427/2427
f 2430/2430/2430 2427/2427/2427 2431/2431/2431
f 2432/2432/2432 2430/2430/2430 2431/2431/2431
f 2432/2432/2432 2431/2431/2431 2433/2433/2433
f 2434/2434/2434 2432/2432/2432 2433/2433/2433
f 2434/2434/2434 2433/2433/2433 2435/2435/2435
f 2436/2436/2436 2434/2434/2434 2435/2435/2435
f 2439/2439/2439 2438/2438/2438 2437/2437/2437
f 2440/2440/2440 2439/2439/2439 2437/2437/2437
f 2440/2440/2440 2441/2441/2441 2439/2439/2439
f 2441/2441/2441 2442/2442/2442 2439/2439/2439
f 2443/2443/2443 2442/2442/2442 2441/2441/2441
f 2444/2444/2444 2443/2443/2443 2441/2441/2441
f 2444/2444/2444 2445/2445/2445 2443/2443/2443
f 2445/2445/2445 2446/2446/2446 2443/2443/2443
f 2445/2445/2445 2447/2447/2447 2446/2446/2446
f 2447/2447/2447 2448/2448/2448 2446/2446/2446
f 2447/2447/2447 2449/2449/2449 2448/2448/2448
f 2449/2449/2449 2450/2450/2450 2448/2448/2448
f 2453/2453/2453 2452/2452/2452 2451/2451/2451
f 2452/2452/2452 2454/2454/2454 2451/2451/2451
f 2451/2451/2451 2454/2454/2454 2455/2455/2455
f 2454/2454/2454 2456/2456/2456 2455/2455/2455
f 2455/2455/2455 2456/2456/2456 2457/2457/2457
f 2458/2458/2458 2451/2451/2451 2455/2455/2455
f 2458/2458/2458 2459/2459/2459 2451/2451/2451
f 2459/2459/2459 2460/2460/2460 2451/2451/2451
f 2461/2461/2461 2460/2460/2460 2459/2459/2459
f 2459/2459/2459 2462/2462/2462 2461/2461/2461
f 2463/2463/2463 2462/2462/2462 2459/2459/2459
f 2464/2464/2464 2463/2463/2463 2459/2459/2459
f 2465/2465/2465 2463/2463/2463 2464/2464/2464
f 2466/2466/2466 2465/2465/2465 2464/2464/2464
f 2466/2466/2466 2467/2467/2467 2465/2465/2465
f 2467/2467/2467 2468/2468/2468 2465/2465/2465
f 2469/2469/2469 2468/2468/2468 2467/2467/2467
f 2472/2472/2472 2471/2471/2471 2470/2470/2470
f 2473/2473/2473 2472/2472/2472 2470/2470/2470
f 2473/2473/2473 2470/2470/2470 2474/2474/2474
f 2475/2475/2475 2473/2473/2473 2474/2474/2474
f 2475/2475/2475 2474/2474/2474 2476/2476/2476
f 2474/2474/2474 2477/2477/2477 2476/2476/2476
f 2476/2476/2476 2477/2477/2477 2478/2478/2478
f 2477/2477/2477 2479/2479/2479 2478/2478/2478
f 2478/2478/2478 2479/2479/2479 2480/2480/2480
f 2481/2481/2481 2478/2478/2478 2480/2480/2480
f 2481/2481/2481 2480/2480/2480 2482/2482/2482
f 2480/2480/2480 2483/2483/2483 2482/2482/2482
f 2482/2482/2482 2483/2483/2483 2484/2484/2484
f 2485/2485/2485 2482/2482/2482 2484/2484/2484
f 2485/2485/2485 2484/2484/2484 2486/2486/2486
f 2487/2487/2487 2485/2485/2485 2486/2486/2486
f 2490/2490/2490 2489/2489/2489 2488/2488/2488
f 2489/2489/2489 2491/2491/2491 2488/2488/2488
f 2488/2488/2488 2491/2491/2491 2492/2492/2492
f 2491/2491/2491 2493/2493/2493 2492/2492/2492
f 2492/2492/2492 2493/2493/2493 2494/2494/2494
f 2493/2493/2493 2495/2495/2495 2494/2494/2494
f 2494/2494/2494 2495/2495/2495 2496/2496/2496
f 2495/2495/2495 2497/2497/2497 2496/2496/2496
f 2500/2500/2500 2499/2499/2499 2498/2498/2498
f 2501/2501/2501 2500/2500/2500 2498/2498/2498
f 2501/2501/2501 2502/2502/2502 2500/2500/2500
f 2502/2502/2502 2503/2503/2503 2500/2500/2500
f 2504/2504/2504 2503/2503/2503 2502/2502/2502
f 2505/2505/2505 2504/2504/2504 2502/2502/2502
f 2505/2505/2505 2506/2506/2506 2504/2504/2504
f 2506/2506/2506 2507/2507/2507 2504/2504/2504
f 2506/2506/2506 2508/2508/2508 2507/2507/2507
f 2508/2508/2508 2509/2509/2509 2507/2507/2507
f 2508/2508/2508 2510/2510/2510 2509/2509/2509
f 2510/2510/2510 2511/2511/2511 2509/2509/2509
f 2514/2514/2514 2513/2513/2513 2512/2512/2512
f 2513/2513/2513 2515/2515/2515 2512/2512/2512
f 2512/2512/2512 2515/2515/2515 2516/2516/2516
f 2515/2515/2515 2517/2517/2517 2516/2516/2516
f 2516/2516/2516 2517/2517/2517 2518/2518/2518
f 2519/2519/2519 2512/2512/2512 2516/2516/2516
f 2519/2519/2519 2520/2520/2520 2512/2512/2512
f 2520/2520/2520 2521/2521/2521 2512/2512/2512
f 2522/2522/2522 2521/2521/2521 2520/2520/2520
f 2520/2520/2520 2523/2523/2523 2522/2522/2522
f 2524/2524/2524 2523/2523/2523 2520/2520/2520
f 2525/2525/2525 2524/2524/2524 2520/2520/2520
f 2526/2526/2526 2524/2524/2524 2525/2525/2525
f 2527/2527/2527 2526/2526/2526 2525/2525/2525
f 2527/2527/2527 2528/2528/2528 2526/2526/2526
f 2528/2528/2528 2529/2529/2529 2526/2526/2526
f 2530/2530/2530 2529/2529/2529 2528/2528/2528
f 2533/2533/2533 2532/2532/2532 2531/2531/2531
f 2534/2534/2534 2533/2533/2533 2531/2531/2531
f 2534/2534/2534 2531/2531/2531 2535/2535/2535
f 2536/2536/2536 2534/2534/2534 2535/2535/2535
f 2536/2536/2536 2535/2535/2535 2537/2537/2537
f 2535/2535/2535 2538/2538/2538 2537/2537/2537
f 2537/2537/2537 2538/2538/2538 2539/2539/2539
f 2538/2538/2538 2540/2540/2540 2539/2539/2539
f 2539/2539/2539 2540/2540/2540 2541/2541/2541
f 2542/2542/2542 2539/2539/2539 2541/2541/2541
f 2542/2542/2542 2541/2541/2541 2543/2543/2543
f 2541/2541/2541 2544/2544/2544 2543/2543/2543
f 2543/2543/2543 2544/2544/2544 2545/2545/2545
f 2546/2546/2546 2543/2543/2543 2545/2545/2545
f 2546/2546/2546 2545/2545/2545 2547/2547/2547
f 2548/2548/2548 2546/2546/2546 2547/2547/2547
f 2551/2551/2551 2550/2550/2550 2549/2549/2549
f 2550/2550/2550 2552/2552/2552 2549/2549/2549
f 2549/2549/2549 2552/2552/2552 2553/2553/2553
f 2552/2552/2552 2554/2554/2554 2553/2553/2553
f 2553/2553/2553 2554/2554/2554 2555/2555/2555
f 2554/2554/2554 2556/2556/2556 2555/2555/2555
f 2555/2555/2555 2556/2556/2556 2557/2557/2557
f 2556/2556/2556 2558/2558/2558 2557/2557/2557
f 2561/2561/2561 2560/2560/2560 2559/2559/2559
f 2560/2560/2560 2562/2562/2562 2559/2559/2559
f 2563/2563/2563 2562/2562/2562 2560/2560/2560
f 2564/2564/2564 2563/2563/2563 2560/2560/2560
f 2564/2564/2564 2565/2565/2565 2563/2563/2563
f 2565/2565/2565 2566/2566/2566 2563/2563/2563
f 2567/2567/2567 2566/2566/2566 2565/2565/2565
f 2568/2568/2568 2567/2567/2567 2565/2565/2565
f 2569/2569/2569 2567/2567/2567 2568/2568/2568
f 2570/2570/2570 2569/2569/2569 2568/2568/2568
f 2571/2571/2571 2569/2569/2569 2570/2570/2570
f 2572/2572/2572 2571/2571/2571 2570/2570/2570
f 2575/2575/2575 2574/2574/2574 2573/2573/2573
f 2576/2576/2576 2575/2575/2575 2573/2573/2573
f 2576/2576/2576 2573/2573/2573 2577/2577/2577
f 2578/2578/2578 2576/2576/2576 2577/2577/2577
f 2578/2578/2578 2577/2577/2577 2579/2579/2579
f 2573/2573/2573 2580/2580/2580 2577/2577/2577
f 2581/2581/2581 2580/2580/2580 2573/2573/2573
f 2582/2582/2582 2581/2581/2581 2573/2573/2573
f 2582/2582/2582 2583/2583/2583 2581/2581/2581
f 2584/2584/2584 2581/2581/2581 2583/2583/2583
f 2584/2584/2584 2585/2585/2585 2581/2581/2581
f 2585/2585/2585 2586/2586/2586 2581/2581/2581
f 2585/2585/2585 2587/2587/2587 2586/2586/2586
f 2587/2587/2587 2588/2588/2588 2586/2586/2586
f 2589/2589/2589 2588/2588/2588 2587/2587/2587
f 2590/2590/2590 2589/2589/2589 2587/2587/2587
f 2590/2590/2590 2591/2591/2591 2589/2589/2589
f 2594/2594/2594 2593/2593/2593 2592/2592/2592
f 2593/2593/2593 2595/2595/2595 2592/2592/2592
f 2592/2592/2592 2595/2595/2595 2596/2596/2596
f 2595/2595/2595 2597/2597/2597 2596/2596/2596
f 2596/2596/2596 2597/2597/2597 2598/2598/2598
f 2599/2599/2599 2596/2596/2596 2598/2598/2598
f 2599/2599/2599 2598/2598/2598 2600/2600/2600
f 2601/2601/2601 2599/2599/2599 2600/2600/2600
f 2601/2601/2601 2600/2600/2600 2602/2602/2602
f 2600/2600/2600 2603/2603/2603 2602/2602/2602
f 2602/2602/2602 2603/2603/2603 2604/2604/2604
f 2605/2605/2605 2602/2602/2602 2604/2604/2604
f 2605/2605/2605 2604/2604/2604 2606/2606/2606
f 2604/2604/2604 2607/2607/2607 2606/2606/2606
f 2606/2606/2606 2607/2607/2607 2608/2608/2608
f 2607/2607/2607 2609/2609/2609 2608/2608/2608
f 2612/2612/2612 2611/2611/2611 2610/2610/2610
f 2613/2613/2613 2612/2612/2612 2610/2610/2610
f 2613/2613/2613 2610/2610/2610 2614/2614/2614
f 2615/2615/2615 2613/2613/2613 2614/2614/2614
f 2615/2615/2615 2614/2614/2614 2616/2616/2616
f 2617/2617/2617 2615/2615/2615 2616/2616/2616
f 2617/2617/2617 2616/2616/2616 2618/2618/2618
f 2619/2619/2619 2617/2617/2617 2618/2618/2618
f 2622/2622/2622 2621/2621/2621 2620/2620/2620
f 2623/2623/2623 2622/2622/2622 2620/2620/2620
f 2626/2626/2626 2625/2625/2625 2624/2624/2624
f 2627/2627/2627 2626/2626/2626 2624/2624/2624
f 2630/2630/2630 2629/2629/2629 2628/2628/2628
f 2631/2631/2631 2630/2630/2630 2628/2628/2628
f 2634/2634/2634 2633/2633/2633 2632/2632/2632
f 2635/2635/2635 2634/2634/2634 2632/2632/2632
f 2638/2638/2638 2637/2637/2637 2636/2636/2636
f 2637/2637/2637 2639/2639/2639 2636/2636/2636
f 2640/2640/2640 2636/2636/2636 2639/2639/2639
f 2641/2641/2641 2640/2640/2640 2639/2639/2639
f 2644/2644/2644 2643/2643/2643 2642/2642/2642
f 2645/2645/2645 2644/2644/2644 2642/2642/2642
f 2648/2648/2648 2647/2647/2647 2646/2646/2646
f 2649/2649/2649 2648/2648/2648 2646/2646/2646
f 2652/2652/2652 2651/2651/2651 2650/2650/2650
f 2653/2653/2653 2652/2652/2652 2650/2650/2650
f 2656/2656/2656 2655/2655/2655 2654/2654/2654
f 2657/2657/2657 2656/2656/2656 2654/2654/2654
f 2660/2660/2660 2659/2659/2659 2658/2658/2658
f 2661/2661/2661 2660/2660/2660 2658/2658/2658
f 2664/2664/2664 2663/2663/2663 2662/2662/2662
f 2665/2665/2665 2664/2664/2664 2662/2662/2662
f 2668/2668/2668 2667/2667/2667 2666/2666/2666
f 2669/2669/2669 2668/2668/2668 2666/2666/2666
f 2672/2672/2672 2671/2671/2671 2670/2670/2670
f 2673/2673/2673 2672/2672/2672 2670/2670/2670
f 2676/2676/2676 2675/2675/2675 2674/2674/2674
f 2677/2677/2677 2676/2676/2676 2674/2674/2674
f 2680/2680/2680 2679/2679/2679 2678/2678/2678
f 2681/2681/2681 2680/2680/2680 2678/2678/2678
f 2684/2684/2684 2683/2683/2683 2682/2682/2682
f 2685/2685/2685 2684/2684/2684 2682/2682/2682
f 2682/2682/2682 2686/2686/2686 2685/2685/2685
f 2686/2686/2686 2687/2687/2687 2685/2685/2685
f 2690/2690/2690 2689/2689/2689 2688/2688/2688
f 2691/2691/2691 2690/2690/2690 2688/2688/2688
f 2694/2694/2694 2693/2693/2693 2692/2692/2692
f 2695/2695/2695 2694/2694/2694 2692/2692/2692
f 2698/2698/2698 2697/2697/2697 2696/2696/2696
f 2699/2699/2699 2698/2698/2698 2696/2696/2696
f 2702/2702/2702 2701/2701/2701 2700/2700/2700
f 2703/2703/2703 2702/2702/2702 2700/2700/2700
f 2706/2706/2706 2705/2705/2705 2704/2704/2704
f 2705/2705/2705 2707/2707/2707 2704/2704/2704
f 2708/2708/2708 2704/2704/2704 2707/2707/2707
f 2709/2709/2709 2708/2708/2708 2707/2707/2707
