g TowerMirrorFrameLowMesh
v 2.23791812E-08 -1.11188436 -0.153850913
v 0.452980608 -0.193690985 -0.243718505
v -0.452980608 -0.193690985 -0.243718505
v -2.23791758E-08 0.724502265 -0.153850928
v -0.452980608 -0.193690985 -0.243718505
v 0.452980608 -0.193690985 -0.243718505
v -0 1.74644554 0.153513879
v -0 1.60220671 0.084928073
v -0.128570005 1.74644554 0.084928073
v -0 1.74644554 0.153513879
v -0.128570005 1.74644554 0.084928073
v -0 1.95170867 0.084928073
v -0 1.74644554 0.153513879
v 0.128570005 1.74644554 0.084928073
v -0 1.60220671 0.084928073
v -0 1.74644554 0.153513879
v -0 1.95170867 0.084928073
v 0.128570005 1.74644554 0.084928073
v -0 1.74644554 0.0163416509
v -0.128570005 1.74644554 0.084928073
v -0 1.60220671 0.084928073
v -0 1.74644554 0.0163416509
v -0 1.95170867 0.084928073
v -0.128570005 1.74644554 0.084928073
v -0 1.74644554 0.0163416509
v -0 1.60220671 0.084928073
v 0.128570005 1.74644554 0.084928073
v -0 1.74644554 0.0163416509
v 0.128570005 1.74644554 0.084928073
v -0 1.95170867 0.084928073
v -0.25477758 1.58543944 0.190302521
v -0.210429281 1.64882958 0.173402503
v -0.0969176814 1.55916381 0.197752774
v -0.426302791 1.59260833 0.14149271
v -0.385163844 1.5512768 0.0849277675
v -0.501582146 1.57599151 0.0849277675
v -0.40098694 1.63741028 0.154414758
v -0.360089868 1.67880213 0.157416165
v -0.348886609 1.65377557 0.166611731
v 0.25477758 1.58543944 0.190302521
v 0.0969176814 1.55916381 0.197752774
v 0.210429281 1.64882958 0.173402503
v 0.426302791 1.59260833 0.14149271
v 0.501582146 1.57599151 0.0849277675
v 0.385163844 1.5512768 0.0849277675
v 0.40098694 1.63741028 0.154414758
v 0.348886609 1.65377557 0.166611731
v 0.360089868 1.67880213 0.157416165
v -0.25477758 1.58543944 -0.0204469841
v -0.0969176814 1.55916381 -0.0278972406
v -0.210429281 1.64882958 -0.00354696019
v -0.426302791 1.59260833 0.0283628292
v -0.501582146 1.57599151 0.0849277675
v -0.385163844 1.5512768 0.0849277675
v -0.40098694 1.63741028 0.0154407714
v -0.348886609 1.65377557 0.00324381096
v -0.360089868 1.67880213 0.0124393674
v 0.25477758 1.58543944 -0.0204469841
v 0.210429281 1.64882958 -0.00354696019
v 0.0969176814 1.55916381 -0.0278972406
v 0.426302791 1.59260833 0.0283628292
v 0.385163844 1.5512768 0.0849277675
v 0.501582146 1.57599151 0.0849277675
v 0.40098694 1.63741028 0.0154407714
v 0.360089868 1.67880213 0.0124393674
v 0.348886609 1.65377557 0.00324381096
v -0.721401572 0.992103934 0.145491913
v -0.787797391 0.906796038 0.211334497
v -0.919924915 1.00963199 0.145491913
v -0.919924915 1.00963199 0.145491913
v -0.787797391 0.906796038 0.211334497
v -0.854193091 0.821488082 0.145491913
v -0.854193091 0.821488082 0.145491913
v -0.787797391 0.906796038 0.211334497
v -0.655669868 0.803960025 0.145491913
v -0.787797391 0.906796038 0.211334497
v -0.721401572 0.992103934 0.145491913
v -0.655669868 0.803960025 0.145491913
v -0.721401572 0.992103934 0.0243636388
v -0.919924915 1.00963199 0.0243636388
v -0.787797391 0.906796038 -0.041478958
v -0.919924915 1.00963199 0.0243636388
v -0.854193091 0.821488082 0.0243636388
v -0.787797391 0.906796038 -0.041478958
v -0.854193091 0.821488082 0.0243636388
v -0.655669868 0.803960025 -0.0100635504
v -0.787797391 0.906796038 -0.041478958
v -0.787797391 0.906796038 -0.041478958
v -0.655669868 0.803960025 -0.0100635504
v -0.721401572 0.992103934 0.0243636388
v 0.721401572 0.992103934 0.145491913
v 0.919924915 1.00963199 0.145491913
v 0.787797391 0.906796038 0.211334497
v 0.919924915 1.00963199 0.145491913
v 0.854193091 0.821488082 0.145491913
v 0.787797391 0.906796038 0.211334497
v 0.854193091 0.821488082 0.145491913
v 0.655669868 0.803960025 0.145491913
v 0.787797391 0.906796038 0.211334497
v 0.787797391 0.906796038 0.211334497
v 0.655669868 0.803960025 0.145491913
v 0.721401572 0.992103934 0.145491913
v 0.721401572 0.992103934 0.0243636388
v 0.787797391 0.906796038 -0.041478958
v 0.919924915 1.00963199 0.0243636388
v 0.919924915 1.00963199 0.0243636388
v 0.787797391 0.906796038 -0.041478958
v 0.854193091 0.821488082 0.0243636388
v 0.854193091 0.821488082 0.0243636388
v 0.787797391 0.906796038 -0.041478958
v 0.655669868 0.803960025 -0.0100635504
v 0.787797391 0.906796038 -0.041478958
v 0.721401572 0.992103934 0.0243636388
v 0.655669868 0.803960025 -0.0100635504
v -0.10028901 1.52973664 0.145370886
v -0.16866909 1.74284267 0.084927775
v -0.109135017 1.67120874 0.084927775
v -0.10028901 1.52973664 0.145370886
v -0.208310306 1.51488185 0.084927775
v -0.16866909 1.74284267 0.084927775
v 0.10028901 1.52973664 0.145370886
v 0.109135017 1.67120874 0.084927775
v 0.16866909 1.74284267 0.084927775
v 0.10028901 1.52973664 0.145370886
v 0.16866909 1.74284267 0.084927775
v 0.208310306 1.51488185 0.084927775
v -0.10028901 1.52973664 0.0244846605
v -0.109135017 1.67120874 0.084927775
v -0.16866909 1.74284267 0.084927775
v -0.10028901 1.52973664 0.0244846605
v -0.16866909 1.74284267 0.084927775
v -0.208310306 1.51488185 0.084927775
v 0.10028901 1.52973664 0.0244846605
v 0.16866909 1.74284267 0.084927775
v 0.109135017 1.67120874 0.084927775
v 0.10028901 1.52973664 0.0244846605
v 0.208310306 1.51488185 0.084927775
v 0.16866909 1.74284267 0.084927775
v -0.664676547 1.32044435 0.145370886
v -0.664488673 1.07001865 0.145370886
v -0.799842536 1.19260073 0.145370886
v -1.24467552 0.544137955 0.145370886
v -1.07047641 0.378259033 0.158673495
v -1.22734177 0.376505792 0.158673495
v -1.1332196 0.686584234 0.145370886
v -1.07047641 0.378259033 0.158673495
v -1.24467552 0.544137955 0.145370886
v -0.334296674 1.49826539 0.0244846605
v -0.10028901 1.52973664 0.0244846605
v -0.208310306 1.51488185 0.084927775
v -0.334296674 1.49826539 0.145370886
v -0.208310306 1.51488185 0.084927775
v -0.10028901 1.52973664 0.145370886
v -1.24467552 0.544137955 0.0244846605
v -1.22734177 0.376505792 0.0111820484
v -1.07047641 0.378259033 0.0111820484
v -1.1332196 0.686584234 0.0244846605
v -1.24467552 0.544137955 0.0244846605
v -1.07047641 0.378259033 0.0111820484
v -0.799842536 1.19260073 0.0244858768
v -0.664488673 1.07001865 0.0244846605
v -0.664676547 1.32044435 0.0244852696
v 0.664676547 1.32044435 0.145370886
v 0.799842536 1.19260073 0.145370886
v 0.664488673 1.07001865 0.145370886
v 0.499486595 1.42797422 0.145370886
v 0.664488673 1.07001865 0.145370886
v 0.469703138 1.18540657 0.145370886
v 0.334296674 1.49826539 0.145370886
v 0.274917573 1.26355529 0.145370886
v 0.799842536 1.19260073 0.145370886
v 0.93617028 1.0569663 0.145370886
v 0.804287374 0.942296505 0.145370886
v 0.10028901 1.52973664 0.145370886
v 0.334296674 1.49826539 0.145370886
v -0.274917573 1.26355529 0.145370886
v -0.10028901 1.52973664 0.145370886
v -0.334296674 1.49826539 0.145370886
v -0.508660257 1.16605294 0.145370886
v -0.532524645 1.41019225 0.145370886
v -0.664676547 1.32044435 0.145370886
v -0.664488673 1.07001865 0.145370886
v -0.804287374 0.942296505 0.145370886
v -0.93617028 1.0569663 0.145370886
v -0.799842536 1.19260073 0.145370886
v 1.24467552 0.544137955 0.145370886
v 1.22734177 0.376505792 0.158673495
v 1.07047641 0.378259033 0.158673495
v 1.1332196 0.686584234 0.145370886
v 1.24467552 0.544137955 0.145370886
v 1.07047641 0.378259033 0.158673495
v 0.334296674 1.49826539 0.145370886
v 0.10028901 1.52973664 0.145370886
v 0.208310306 1.51488185 0.084927775
v 0.208310306 1.51488185 0.084927775
v 0.334296674 1.49826539 0.0244846605
v 0.10028901 1.52973664 0.0244846605
v 1.24467552 0.544137955 0.0244846605
v 1.07047641 0.378259033 0.0111820484
v 1.22734177 0.376505792 0.0111820484
v 1.1332196 0.686584234 0.0244846605
v 1.07047641 0.378259033 0.0111820484
v 1.24467552 0.544137955 0.0244846605
v 0.799842536 1.19260073 0.0244858768
v 0.664676547 1.32044435 0.0244852696
v 0.664488673 1.07001865 0.0244846605
v 0.469703138 1.18540657 0.0244846605
v 0.499486595 1.42797422 0.024484966
v 0.334296674 1.49826539 0.0244846605
v 0.664488673 1.07001865 0.0244846605
v 0.274917573 1.26355529 0.0244846605
v 0.93617028 1.0569663 0.0244846605
v 0.799842536 1.19260073 0.0244858768
v 0.804287374 0.942296505 0.0244846605
v 0.334296674 1.49826539 0.0244846605
v 0.10028901 1.52973664 0.0244846605
v -0.274917573 1.26355529 0.0244846605
v -0.10028901 1.52973664 0.0244846605
v -0.334296674 1.49826539 0.0244846605
v -0.508660257 1.16605294 0.0244846549
v -0.532524645 1.41019225 0.0244850274
v -0.664488673 1.07001865 0.0244846605
v -0.664676547 1.32044435 0.0244852696
v -0.93617028 1.0569663 0.0244846605
v -0.804287374 0.942296505 0.0244846605
v -0.799842536 1.19260073 0.0244858768
v 2.23791812E-08 -1.11188436 -0.153850913
v -0.39084217 -1.50592983 0.00777975796
v 3.42050228E-08 -1.55385339 0.00777975284
v 3.81469718E-08 -1.7011764 0.0616566353
v -0.521122873 -1.63727844 0.0616566464
v 0.521122932 -1.63727844 0.0616566166
v 0.390842229 -1.50592983 0.00777973887
v 2.23791812E-08 -1.11188436 -0.153850913
v 2.23791812E-08 -1.11188436 -0.153850913
v 0.940404654 -0.629013181 -0.0115799112
v 0.452980608 -0.193690985 -0.243718505
v 0.827159464 -0.858561456 0.0108869812
v 1.10287929 -0.774120569 0.0657996163
v -0.452980608 -0.193690985 -0.243718505
v -0.827159464 -0.858561456 0.0108869383
v 2.23791812E-08 -1.11188436 -0.153850913
v -0.940404654 -0.629013181 -0.011579969
v -1.10287929 -0.774120569 0.0657995567
v -0.940404654 0.241631076 -0.0115799112
v -0.452980608 -0.193690985 -0.243718505
v -2.23791758E-08 0.724502265 -0.153850928
v -0.81942153 0.473549187 0.00934587698
v -1.10287929 0.38673842 0.0657996163
v 0.452980608 -0.193690985 -0.243718505
v 0.827159464 0.471179426 0.0108869383
v -2.23791758E-08 0.724502265 -0.153850928
v 0.940404654 0.241631076 -0.011579969
v 1.10287929 0.38673842 0.0657995567
v 0.940404654 -0.629013181 -0.0115799112
v 1.10287929 -0.774120569 0.0657996163
v 1.15250981 -0.19369106 0.0657995865
v 0.977627516 -0.193691045 -0.0115799308
v 0.452980608 -0.193690985 -0.243718505
v 1.10287929 0.38673842 0.0657995567
v 0.940404654 0.241631076 -0.011579969
v 0.893035889 -1.20569944 0.0637281239
v 1.10287929 -0.774120569 0.0657996163
v 0.827159464 -0.858561456 0.0108869812
v 0.669776917 -1.18224573 0.00933336001
v 0.521122932 -1.63727844 0.0616566166
v 2.23791812E-08 -1.11188436 -0.153850913
v 0.390842229 -1.50592983 0.00777973887
v -0.827159464 -0.858561456 0.0108869383
v -1.10287929 -0.774120569 0.0657995567
v -0.89303571 -1.20569944 0.0637281016
v -0.669776738 -1.18224573 0.0093333507
v 2.23791812E-08 -1.11188436 -0.153850913
v -0.521122873 -1.63727844 0.0616566464
v -0.39084217 -1.50592983 0.00777975796
v -0.940404654 0.241631076 -0.0115799112
v -1.10287929 0.38673842 0.0657996163
v -1.15250981 -0.19369106 0.0657995865
v -0.977627516 -0.193691045 -0.0115799308
v -0.452980608 -0.193690985 -0.243718505
v -1.10287929 -0.774120569 0.0657995567
v -0.940404654 -0.629013181 -0.011579969
v -3.81469718E-08 1.31379485 0.0616566353
v -0.521122932 1.24989665 0.0616566166
v -0.390842229 1.11854804 0.00777972909
v -3.42050228E-08 1.1664716 0.00777974818
v 0.521122873 1.24989665 0.0616566464
v -2.23791758E-08 0.724502265 -0.153850928
v 0.39084217 1.11854804 0.00777975796
v 0.827159464 0.471179426 0.0108869383
v 1.10287929 0.38673842 0.0657995567
v 0.893035769 0.818317473 0.0637281016
v 0.669776797 0.794863641 0.00933334604
v -2.23791758E-08 0.724502265 -0.153850928
v 0.521122873 1.24989665 0.0616566464
v 0.39084217 1.11854804 0.00777975796
v -0.292774141 1.49373162 0.197752774
v -0.25477758 1.58543944 0.190302521
v -0.0969176814 1.55916381 0.197752774
v -0 1.40588343 0.197752774
v 0.0969176814 1.55916381 0.197752774
v -0.311469495 1.40898955 0.197752774
v 0.292774141 1.49373162 0.197752774
v 0.25477758 1.58543944 0.190302521
v 0.311469495 1.40898955 0.197752774
v -0.111886583 1.29355073 0.197752774
v -0 1.22923589 0.197752774
v 0.111886583 1.29355073 0.197752774
v -0.185335726 1.24775457 0.197752774
v -0.297788829 1.31865847 0.197752774
v -0.2502985 1.24180114 0.197752774
v -0.192884058 1.22365391 0.197752774
v 0.185335726 1.24775457 0.197752774
v 0.297788829 1.31865847 0.197752774
v 0.2502985 1.24180114 0.197752774
v 0.192884058 1.22365391 0.197752774
v -0.426302791 1.59260833 0.14149271
v -0.501582146 1.57599151 0.0849277675
v -0.443610549 1.67836761 0.0849277675
v -0.40098694 1.63741028 0.154414758
v -0.377578259 1.7229718 0.0849277675
v -0.360089868 1.67880213 0.157416165
v -0.288597584 1.68388724 0.167320043
v -0.277900398 1.72848845 0.0849277675
v -0.210429281 1.64882958 0.173402503
v -0.192010418 1.6862576 0.0849277675
v -0.0969176814 1.55916381 0.197752774
v -0.0625845343 1.57533109 0.0849277675
v -2.220446E-18 1.18764353 0.0849277675
v -0.0968801305 1.23063445 0.0849277675
v -0.111886583 1.29355073 0.197752774
v -0 1.22923589 0.197752774
v -0.0968801305 1.23063445 0.0849277675
v -0.14472279 1.19612372 0.0849277675
v -0.185335726 1.24775457 0.197752774
v -0.111886583 1.29355073 0.197752774
v -0.150324821 1.16505075 0.0849277675
v -0.192884058 1.22365391 0.197752774
v -0.185335726 1.24775457 0.197752774
v -0.14472279 1.19612372 0.0849277675
v -0.371751279 1.59083152 0.0849277675
v -0.385163844 1.5512768 0.0849277675
v -0.426302791 1.59260833 0.14149271
v -0.40098694 1.63741028 0.154414758
v -0.338246733 1.61457491 0.0849277675
v -0.348886609 1.65377557 0.166611731
v -0.310006618 1.61082125 0.0849277675
v -0.301123828 1.64625514 0.17815958
v -0.284779191 1.58498132 0.0849277675
v -0.25477758 1.58543944 0.190302521
v -0.340390921 1.49336541 0.0849277675
v -0.292774141 1.49373162 0.197752774
v -0.311469495 1.40898955 0.197752774
v -0.356774896 1.40898955 0.0849277675
v -0.297788829 1.31865847 0.197752774
v -0.347060114 1.31786525 0.0849277675
v -0.272748917 1.21070802 0.0849277675
v -0.2502985 1.24180114 0.197752774
v -0.150324821 1.16505075 0.0849277675
v -0.192884058 1.22365391 0.197752774
v -0.25477758 1.58543944 0.190302521
v -0.301123828 1.64625514 0.17815958
v -0.288597584 1.68388724 0.167320043
v -0.210429281 1.64882958 0.173402503
v -0.301123828 1.64625514 0.17815958
v -0.348886609 1.65377557 0.166611731
v -0.360089868 1.67880213 0.157416165
v -0.288597584 1.68388724 0.167320043
v 0.426302791 1.59260833 0.14149271
v 0.443610549 1.67836761 0.0849277675
v 0.501582146 1.57599151 0.0849277675
v 0.40098694 1.63741028 0.154414758
v 0.377578259 1.7229718 0.0849277675
v 0.360089868 1.67880213 0.157416165
v 0.277900398 1.72848845 0.0849277675
v 0.288597584 1.68388724 0.167320043
v 0.210429281 1.64882958 0.173402503
v 0.192010418 1.6862576 0.0849277675
v 0.0969176814 1.55916381 0.197752774
v 0.0625845343 1.57533109 0.0849277675
v -2.220446E-18 1.18764353 0.0849277675
v -0 1.22923589 0.197752774
v 0.111886583 1.29355073 0.197752774
v 0.0968801305 1.23063445 0.0849277675
v 0.0968801305 1.23063445 0.0849277675
v 0.111886583 1.29355073 0.197752774
v 0.185335726 1.24775457 0.197752774
v 0.14472279 1.19612372 0.0849277675
v 0.150324821 1.16505075 0.0849277675
v 0.14472279 1.19612372 0.0849277675
v 0.185335726 1.24775457 0.197752774
v 0.192884058 1.22365391 0.197752774
v 0.356774896 1.40898955 0.0849277675
v 0.347060114 1.31786525 0.0849277824
v 0.297788829 1.31865847 0.197752774
v 0.311469495 1.40898955 0.197752774
v 0.340390921 1.49336541 0.0849277675
v 0.356774896 1.40898955 0.0849277675
v 0.311469495 1.40898955 0.197752774
v 0.292774141 1.49373162 0.197752774
v 0.371751279 1.59083152 0.0849277675
v 0.426302791 1.59260833 0.14149271
v 0.385163844 1.5512768 0.0849277675
v 0.40098694 1.63741028 0.154414758
v 0.338246733 1.61457491 0.0849277675
v 0.348886609 1.65377557 0.166611731
v 0.310006618 1.61082125 0.0849277675
v 0.301123828 1.64625514 0.17815958
v 0.284779191 1.58498132 0.0849277675
v 0.25477758 1.58543944 0.190302521
v 0.340390921 1.49336541 0.0849277675
v 0.292774141 1.49373162 0.197752774
v -0.0969176814 1.55916381 0.197752774
v -0.0625845343 1.57533109 0.0849277675
v 0.0625845343 1.57533109 0.0849277675
v 0.0969176814 1.55916381 0.197752774
v 0.25477758 1.58543944 0.190302521
v 0.210429281 1.64882958 0.173402503
v 0.288597584 1.68388724 0.167320043
v 0.301123828 1.64625514 0.17815958
v 0.301123828 1.64625514 0.17815958
v 0.288597584 1.68388724 0.167320043
v 0.360089868 1.67880213 0.157416165
v 0.348886609 1.65377557 0.166611731
v 0.2502985 1.24180114 0.197752774
v 0.150324821 1.16505075 0.0849277675
v 0.192884058 1.22365391 0.197752774
v 0.272748917 1.21070802 0.0849277675
v 0.297788829 1.31865847 0.197752774
v 0.347060114 1.31786525 0.0849277824
v -0.292774141 1.49373162 -0.0278972406
v -0.0969176814 1.55916381 -0.0278972406
v -0.25477758 1.58543944 -0.0204469841
v 2.220446E-18 1.40588343 -0.0278972406
v 0.0969176814 1.55916381 -0.0278972406
v -0.311469495 1.40898955 -0.0278972406
v 0.292774141 1.49373162 -0.0278972406
v 0.25477758 1.58543944 -0.0204469841
v 0.311469495 1.40898955 -0.0278972406
v -0.111886583 1.29355073 -0.0278972406
v -3.00332675E-18 1.22923589 -0.0278972406
v 0.111886583 1.29355073 -0.0278972406
v -0.185335726 1.24775457 -0.0278972406
v -0.297788829 1.31865847 -0.0278972406
v -0.2502985 1.24180114 -0.0278972406
v -0.192884058 1.22365391 -0.0278972406
v 0.185335726 1.24775457 -0.0278972406
v 0.297788829 1.31865847 -0.0278972406
v 0.2502985 1.24180114 -0.0278972406
v 0.192884058 1.22365391 -0.0278972406
v -0.426302791 1.59260833 0.0283628292
v -0.443610549 1.67836761 0.0849277675
v -0.501582146 1.57599151 0.0849277675
v -0.40098694 1.63741028 0.0154407714
v -0.377578259 1.7229718 0.0849277675
v -0.360089868 1.67880213 0.0124393674
v -0.288597584 1.68388724 0.002535498
v -0.277900398 1.72848845 0.0849277675
v -0.210429281 1.64882958 -0.00354696019
v -0.192010418 1.6862576 0.0849277675
v -0.0969176814 1.55916381 -0.0278972406
v -0.0625845343 1.57533109 0.0849277675
v -2.220446E-18 1.18764353 0.0849277675
v -3.00332675E-18 1.22923589 -0.0278972406
v -0.111886583 1.29355073 -0.0278972406
v -0.0968801305 1.23063445 0.0849277675
v -0.185335726 1.24775457 -0.0278972406
v -0.14472279 1.19612372 0.0849277675
v -0.150324821 1.16505075 0.0849277675
v -0.192884058 1.22365391 -0.0278972406
v -0.371751279 1.59083152 0.0849277675
v -0.426302791 1.59260833 0.0283628292
v -0.385163844 1.5512768 0.0849277675
v -0.40098694 1.63741028 0.0154407714
v -0.338246733 1.61457491 0.0849277675
v -0.348886609 1.65377557 0.00324381096
v -0.310006618 1.61082125 0.0849277675
v -0.301123828 1.64625514 -0.00830403995
v -0.284779191 1.58498132 0.0849277675
v -0.25477758 1.58543944 -0.0204469841
v -0.340390921 1.49336541 0.0849277675
v -0.292774141 1.49373162 -0.0278972406
v -0.311469495 1.40898955 -0.0278972406
v -0.356774896 1.40898955 0.0849277675
v -0.297788829 1.31865847 -0.0278972406
v -0.347060114 1.31786525 0.0849277675
v -0.272748917 1.21070802 0.0849277675
v -0.2502985 1.24180114 -0.0278972406
v -0.150324821 1.16505075 0.0849277675
v -0.192884058 1.22365391 -0.0278972406
v -0.0969176814 1.55916381 -0.0278972406
v 0.0969176814 1.55916381 -0.0278972406
v 0.0625845343 1.57533109 0.0849277675
v -0.0625845343 1.57533109 0.0849277675
v -0.25477758 1.58543944 -0.0204469841
v -0.210429281 1.64882958 -0.00354696019
v -0.288597584 1.68388724 0.002535498
v -0.301123828 1.64625514 -0.00830403995
v -0.301123828 1.64625514 -0.00830403995
v -0.288597584 1.68388724 0.002535498
v -0.360089868 1.67880213 0.0124393674
v -0.348886609 1.65377557 0.00324381096
v 0.426302791 1.59260833 0.0283628292
v 0.501582146 1.57599151 0.0849277675
v 0.443610549 1.67836761 0.0849277675
v 0.40098694 1.63741028 0.0154407714
v 0.377578259 1.7229718 0.0849277675
v 0.360089868 1.67880213 0.0124393674
v 0.277900398 1.72848845 0.0849277675
v 0.288597584 1.68388724 0.002535498
v 0.210429281 1.64882958 -0.00354696019
v 0.192010418 1.6862576 0.0849277675
v 0.0969176814 1.55916381 -0.0278972406
v 0.0625845343 1.57533109 0.0849277675
v -2.220446E-18 1.18764353 0.0849277675
v 0.111886583 1.29355073 -0.0278972406
v -3.00332675E-18 1.22923589 -0.0278972406
v 0.0968801305 1.23063445 0.0849277675
v 0.185335726 1.24775457 -0.0278972406
v 0.14472279 1.19612372 0.0849277675
v 0.150324821 1.16505075 0.0849277675
v 0.192884058 1.22365391 -0.0278972406
v 0.371751279 1.59083152 0.0849277675
v 0.385163844 1.5512768 0.0849277675
v 0.426302791 1.59260833 0.0283628292
v 0.40098694 1.63741028 0.0154407714
v 0.338246733 1.61457491 0.0849277675
v 0.348886609 1.65377557 0.00324381096
v 0.310006618 1.61082125 0.0849277675
v 0.301123828 1.64625514 -0.00830403995
v 0.284779191 1.58498132 0.0849277675
v 0.25477758 1.58543944 -0.0204469841
v 0.340390921 1.49336541 0.0849277675
v 0.292774141 1.49373162 -0.0278972406
v 0.311469495 1.40898955 -0.0278972406
v 0.356774896 1.40898955 0.0849277675
v 0.297788829 1.31865847 -0.0278972406
v 0.347060114 1.31786525 0.0849277824
v 0.272748917 1.21070802 0.0849277675
v 0.2502985 1.24180114 -0.0278972406
v 0.150324821 1.16505075 0.0849277675
v 0.192884058 1.22365391 -0.0278972406
v 0.25477758 1.58543944 -0.0204469841
v 0.301123828 1.64625514 -0.00830403995
v 0.288597584 1.68388724 0.002535498
v 0.210429281 1.64882958 -0.00354696019
v 0.301123828 1.64625514 -0.00830403995
v 0.348886609 1.65377557 0.00324381096
v 0.360089868 1.67880213 0.0124393674
v 0.288597584 1.68388724 0.002535498
v -0.164855763 1.47349274 0.243718505
v 4.99999992E-18 1.64019465 0.243718505
v -0 1.30679047 0.243718505
v 0.164855763 1.47349274 0.243718505
v -0.164855763 1.47349274 -0.0738629699
v -4.99999992E-18 1.30679047 -0.0738629699
v -0 1.64019465 -0.0738629699
v 0.164855763 1.47349274 -0.0738629699
v -0.919924915 1.00963199 0.145491913
v -0.919924915 1.00963199 0.0243636388
v -0.721401572 0.992103934 0.0243636388
v -0.721401572 0.992103934 0.145491913
v -0.655669868 0.803960025 0.145491913
v -0.655669868 0.803960025 -0.0100635504
v -0.854193091 0.821488082 0.0243636388
v -0.854193091 0.821488082 0.145491913
v -0.854193091 0.821488082 0.145491913
v -0.854193091 0.821488082 0.0243636388
v -0.919924915 1.00963199 0.0243636388
v -0.919924915 1.00963199 0.145491913
v -0.655669868 0.803960025 -0.0100635504
v -0.655669868 0.803960025 0.145491913
v -0.721401572 0.992103934 0.145491913
v -0.721401572 0.992103934 0.0243636388
v 0.919924915 1.00963199 0.145491913
v 0.721401572 0.992103934 0.145491913
v 0.721401572 0.992103934 0.0243636388
v 0.919924915 1.00963199 0.0243636388
v 0.655669868 0.803960025 0.145491913
v 0.854193091 0.821488082 0.145491913
v 0.854193091 0.821488082 0.0243636388
v 0.655669868 0.803960025 -0.0100635504
v 0.854193091 0.821488082 0.145491913
v 0.919924915 1.00963199 0.145491913
v 0.919924915 1.00963199 0.0243636388
v 0.854193091 0.821488082 0.0243636388
v 0.655669868 0.803960025 -0.0100635504
v 0.721401572 0.992103934 0.0243636388
v 0.721401572 0.992103934 0.145491913
v 0.655669868 0.803960025 0.145491913
v 0.10028901 1.52973664 0.145370886
v -0.10028901 1.52973664 0.145370886
v -0.109135017 1.67120874 0.084927775
v 0.109135017 1.67120874 0.084927775
v -0.806267917 1.27529216 0.129062295
v -0.749491274 1.32899284 0.129062295
v -0.664676547 1.32044435 0.145370886
v -0.799842536 1.19260073 0.145370886
v -0.806267917 1.27529216 0.0407944769
v -0.799842536 1.19260073 0.0244858768
v -0.664676547 1.32044435 0.0244852696
v -0.749491274 1.32899284 0.0407944769
v -0.806267917 1.27529216 0.129062295
v -0.799842536 1.19260073 0.145370886
v -0.799842536 1.19260073 0.0244858768
v -0.806267917 1.27529216 0.0407944769
v -0.749491274 1.32899284 0.129062295
v -0.806267917 1.27529216 0.129062295
v -0.806267917 1.27529216 0.0407944769
v -0.749491274 1.32899284 0.0407944769
v -0.664676547 1.32044435 0.0244852696
v -0.664676547 1.32044435 0.145370886
v -0.749491274 1.32899284 0.129062295
v -0.749491274 1.32899284 0.0407944769
v -1.22734177 0.376505792 0.158673495
v -1.07047641 0.378259033 0.158673495
v -1.00960267 0.310671449 0.1901896
v -1.30001092 0.310671449 0.1901896
v -0.597513616 -1.60570586 0.145370886
v -0.252068937 -1.66121578 0.145370886
v -0.328490645 -1.76236689 0.145370886
v -0.526967943 -1.51046991 0.145371497
v -0.723960638 -1.34429872 0.145371228
v -0.813282073 -1.42709482 0.145371497
v -0.859476507 -1.18345428 0.1458707
v -0.978353322 -1.24166536 0.145871013
v -1.04559338 -1.14531147 0.146378264
v -0.986569405 -0.917509794 0.146378279
v -1.14855051 -1.14531147 0.146378264
v -1.24562502 -1.03909767 0.146378279
v -1.23298049 -0.917509794 0.146378279
v -0.532524645 1.41019225 0.0244850274
v -0.334296674 1.49826539 0.0244846605
v -0.334296674 1.49826539 0.145370886
v -0.532524645 1.41019225 0.145370886
v -0.664676547 1.32044435 0.0244852696
v -0.664676547 1.32044435 0.145370886
v -1.1332196 0.686584234 0.145370886
v -1.1332196 0.686584234 0.0244846605
v -0.93617028 1.0569663 0.0244846605
v -0.93617028 1.0569663 0.145370886
v -0.799842536 1.19260073 0.145370886
v -0.799842536 1.19260073 0.0244858768
v -1.30001092 0.310671449 0.1901896
v -1.30001092 0.310671449 -0.0203340687
v -1.22734177 0.376505792 0.0111820484
v -1.22734177 0.376505792 0.158673495
v -1.14855051 -1.14531147 0.146378264
v -1.14855051 -1.14531147 0.0234772842
v -1.24562502 -1.03909767 0.0234772656
v -1.24562502 -1.03909767 0.146378279
v -0.328490645 -1.76236689 0.0244846605
v -0.597513616 -1.60570586 0.145370886
v -0.328490645 -1.76236689 0.145370886
v -0.597513616 -1.60570586 0.0244846605
v -0.813282073 -1.42709482 0.0244840495
v -0.813282073 -1.42709482 0.145371497
v -0.978353322 -1.24166536 0.023984544
v -0.978353322 -1.24166536 0.145871013
v -1.04559338 -1.14531147 0.0234772842
v -1.04559338 -1.14531147 0.146378264
v -1.24467552 0.544137955 0.145370886
v -1.24467552 0.544137955 0.0244846605
v -1.1332196 0.686584234 0.0244846605
v -1.1332196 0.686584234 0.145370886
v -1.30001092 0.310671449 0.1901896
v -1.00960267 0.310671449 0.1901896
v -1.0841732 0.175374985 0.145370886
v -1.231691 0.175471872 0.145370886
v -1.0841732 -0.331234366 0.145370886
v -1.231691 -0.331210554 0.145370886
v -0.97993499 -0.422261268 0.229423612
v -1.33194911 -0.422255009 0.229423612
v -1.231691 0.175471872 0.145370886
v -1.30001092 0.310671449 -0.0203340687
v -1.30001092 0.310671449 0.1901896
v -1.231691 0.175471872 0.0244846605
v -1.231691 -0.331210554 0.145370886
v -1.231691 -0.331210554 0.0244846605
v -1.33194911 -0.422255009 0.229423612
v -1.33194911 -0.422255009 -0.0595680811
v -1.07047641 0.378259033 0.158673495
v -1.1332196 0.686584234 0.145370886
v -0.93617028 1.0569663 0.145370886
v -0.804287374 0.942296505 0.145370886
v -0.97993499 -0.422261268 0.229423612
v -1.25681591 -0.547045648 0.162160426
v -1.33194911 -0.422255009 0.229423612
v -1.06218255 -0.547045529 0.162160426
v -1.0214113 -0.856437266 0.149329022
v -1.2276268 -0.856437564 0.149329022
v -0.965705454 -0.881966889 0.18508707
v -1.27102304 -0.881967068 0.18508707
v -1.22734177 0.376505792 0.158673495
v -1.22734177 0.376505792 0.0111820484
v -1.24467552 0.544137955 0.0244846605
v -1.24467552 0.544137955 0.145370886
v -1.25681591 -0.547045648 0.162160426
v -1.33194911 -0.422255009 -0.0595680811
v -1.33194911 -0.422255009 0.229423612
v -1.25681591 -0.547045648 0.00769510958
v -1.2276268 -0.856437564 0.149329022
v -1.2276268 -0.856437564 0.0205265302
v -1.27102304 -0.881967068 0.18508707
v -1.27102304 -0.881967068 -0.0152315302
v -0.986569405 -0.917509794 0.146378279
v -1.23298049 -0.917509794 0.146378279
v -1.27102304 -0.881967068 0.18508707
v -0.965705454 -0.881966889 0.18508707
v -1.23298049 -0.917509794 0.146378279
v -1.23298049 -0.917509794 0.0234772656
v -1.27102304 -0.881967068 -0.0152315302
v -1.27102304 -0.881967068 0.18508707
v -1.24562502 -1.03909767 0.146378279
v -1.24562502 -1.03909767 0.0234772656
v -1.23298049 -0.917509794 0.0234772656
v -1.23298049 -0.917509794 0.146378279
v -1.04559338 -1.14531147 0.146378264
v -1.04559338 -1.14531147 0.0234772842
v -1.14855051 -1.14531147 0.0234772842
v -1.14855051 -1.14531147 0.146378264
v -1.22734177 0.376505792 0.0111820484
v -1.30001092 0.310671449 -0.0203340687
v -1.00960267 0.310671449 -0.0203340687
v -1.07047641 0.378259033 0.0111820484
v -0.597513616 -1.60570586 0.0244846605
v -0.328490645 -1.76236689 0.0244846605
v -0.252068937 -1.66121578 0.0244846605
v -0.526967943 -1.51046991 0.0244840495
v -0.723960638 -1.34429872 0.0244843271
v -0.813282073 -1.42709482 0.0244840495
v -0.859476507 -1.18345428 0.0239848495
v -0.978353322 -1.24166536 0.023984544
v -1.04559338 -1.14531147 0.0234772842
v -0.986569405 -0.917509794 0.0234772656
v -1.14855051 -1.14531147 0.0234772842
v -1.24562502 -1.03909767 0.0234772656
v -1.23298049 -0.917509794 0.0234772656
v -1.30001092 0.310671449 -0.0203340687
v -1.0841732 0.175374985 0.0244846605
v -1.00960267 0.310671449 -0.0203340687
v -1.231691 0.175471872 0.0244846605
v -1.0841732 -0.331234366 0.0244846605
v -1.231691 -0.331210554 0.0244846605
v -0.97993499 -0.422261268 -0.0595680811
v -1.33194911 -0.422255009 -0.0595680811
v -1.06218255 -0.547045529 0.00769510958
v -0.97993499 -0.422261268 -0.0595680811
v -1.33194911 -0.422255009 -0.0595680811
v -1.25681591 -0.547045648 0.00769510958
v -1.0214113 -0.856437266 0.0205265302
v -1.2276268 -0.856437564 0.0205265302
v -0.965705454 -0.881966889 -0.0152315302
v -1.27102304 -0.881967068 -0.0152315302
v -0.986569405 -0.917509794 0.0234772656
v -0.965705454 -0.881966889 -0.0152315302
v -1.27102304 -0.881967068 -0.0152315302
v -1.23298049 -0.917509794 0.0234772656
v -0.508660257 1.16605294 0.145370886
v -0.274917573 1.26355529 0.145370886
v -0.274917573 1.26355529 0.0244846605
v -0.508660257 1.16605294 0.0244846549
v -0.664488673 1.07001865 0.0244846605
v -0.664488673 1.07001865 0.145370886
v -0.804287374 0.942296505 0.145370886
v -0.804287374 0.942296505 0.0244846605
v -1.07047641 0.378259033 0.158673495
v -0.804287374 0.942296505 0.145370886
v -0.804287374 0.942296505 0.0244846605
v -1.07047641 0.378259033 0.0111820484
v -1.00960267 0.310671449 0.1901896
v -1.07047641 0.378259033 0.158673495
v -1.07047641 0.378259033 0.0111820484
v -1.00960267 0.310671449 -0.0203340687
v -1.0841732 0.175374985 0.145370886
v -1.00960267 0.310671449 0.1901896
v -1.00960267 0.310671449 -0.0203340687
v -1.0841732 0.175374985 0.0244846605
v -1.0841732 -0.331234366 0.145370886
v -1.0841732 -0.331234366 0.0244846605
v -0.97993499 -0.422261268 0.229423612
v -0.97993499 -0.422261268 -0.0595680811
v -1.06218255 -0.547045529 0.162160426
v -0.97993499 -0.422261268 0.229423612
v -0.97993499 -0.422261268 -0.0595680811
v -1.06218255 -0.547045529 0.00769510958
v -1.0214113 -0.856437266 0.149329022
v -1.0214113 -0.856437266 0.0205265302
v -0.965705454 -0.881966889 0.18508707
v -0.965705454 -0.881966889 -0.0152315302
v -0.986569405 -0.917509794 0.146378279
v -0.965705454 -0.881966889 0.18508707
v -0.965705454 -0.881966889 -0.0152315302
v -0.986569405 -0.917509794 0.0234772656
v -0.252068937 -1.66121578 0.145370886
v -0.526967943 -1.51046991 0.0244840495
v -0.252068937 -1.66121578 0.0244846605
v -0.526967943 -1.51046991 0.145371497
v -0.723960638 -1.34429872 0.0244843271
v -0.723960638 -1.34429872 0.145371228
v -0.859476507 -1.18345428 0.0239848495
v -0.859476507 -1.18345428 0.1458707
v -0.986569405 -0.917509794 0.0234772656
v -0.986569405 -0.917509794 0.146378279
v -1.07047641 0.378259033 0.0111820484
v -0.804287374 0.942296505 0.0244846605
v -0.93617028 1.0569663 0.0244846605
v -1.1332196 0.686584234 0.0244846605
v 0.799842536 1.19260073 0.145370886
v 0.664676547 1.32044435 0.145370886
v 0.749491274 1.32899284 0.129062295
v 0.806267917 1.27529216 0.129062295
v 0.799842536 1.19260073 0.0244858768
v 0.806267917 1.27529216 0.0407944769
v 0.749491274 1.32899284 0.0407944769
v 0.664676547 1.32044435 0.0244852696
v 0.806267917 1.27529216 0.129062295
v 0.806267917 1.27529216 0.0407944769
v 0.799842536 1.19260073 0.0244858768
v 0.799842536 1.19260073 0.145370886
v 0.749491274 1.32899284 0.129062295
v 0.749491274 1.32899284 0.0407944769
v 0.806267917 1.27529216 0.0407944769
v 0.806267917 1.27529216 0.129062295
v 0.664676547 1.32044435 0.0244852696
v 0.749491274 1.32899284 0.0407944769
v 0.749491274 1.32899284 0.129062295
v 0.664676547 1.32044435 0.145370886
v 1.22734177 0.376505792 0.158673495
v 1.30001092 0.310671449 0.1901896
v 1.00960267 0.310671449 0.1901896
v 1.07047641 0.378259033 0.158673495
v 0.597513616 -1.60570586 0.145370886
v 0.328490645 -1.76236689 0.145370886
v 0.252068937 -1.66121578 0.145370886
v 0.526967943 -1.51046991 0.145371497
v 0.723960638 -1.34429872 0.145371228
v 0.813282073 -1.42709482 0.145371497
v 0.859476507 -1.18345428 0.1458707
v 0.978353322 -1.24166536 0.145871013
v 1.04559338 -1.14531147 0.146378264
v 0.986569405 -0.917509794 0.146378279
v 1.14855051 -1.14531147 0.146378264
v 1.24562502 -1.03909767 0.146378279
v 1.23298049 -0.917509794 0.146378279
v 0.664676547 1.32044435 0.0244852696
v 0.664676547 1.32044435 0.145370886
v 0.499486595 1.42797422 0.145370886
v 0.499486595 1.42797422 0.024484966
v 0.334296674 1.49826539 0.0244846605
v 0.334296674 1.49826539 0.145370886
v 1.1332196 0.686584234 0.145370886
v 0.93617028 1.0569663 0.0244846605
v 1.1332196 0.686584234 0.0244846605
v 0.93617028 1.0569663 0.145370886
v 0.799842536 1.19260073 0.145370886
v 0.799842536 1.19260073 0.0244858768
v 1.30001092 0.310671449 0.1901896
v 1.22734177 0.376505792 0.158673495
v 1.22734177 0.376505792 0.0111820484
v 1.30001092 0.310671449 -0.0203340687
v 1.14855051 -1.14531147 0.146378264
v 1.24562502 -1.03909767 0.146378279
v 1.24562502 -1.03909767 0.0234772656
v 1.14855051 -1.14531147 0.0234772842
v 0.328490645 -1.76236689 0.0244846605
v 0.328490645 -1.76236689 0.145370886
v 0.597513616 -1.60570586 0.145370886
v 0.597513616 -1.60570586 0.0244846605
v 0.813282073 -1.42709482 0.0244840495
v 0.813282073 -1.42709482 0.145371497
v 0.978353322 -1.24166536 0.023984544
v 0.978353322 -1.24166536 0.145871013
v 1.04559338 -1.14531147 0.0234772842
v 1.04559338 -1.14531147 0.146378264
v 1.24467552 0.544137955 0.145370886
v 1.1332196 0.686584234 0.145370886
v 1.1332196 0.686584234 0.0244846605
v 1.24467552 0.544137955 0.0244846605
v 1.30001092 0.310671449 0.1901896
v 1.0841732 0.175374985 0.145370886
v 1.00960267 0.310671449 0.1901896
v 1.231691 0.175471872 0.145370886
v 1.0841732 -0.331234366 0.145370886
v 1.231691 -0.331210554 0.145370886
v 0.97993499 -0.422261268 0.229423612
v 1.33194911 -0.422255009 0.229423612
v 1.231691 0.175471872 0.145370886
v 1.30001092 0.310671449 0.1901896
v 1.30001092 0.310671449 -0.0203340687
v 1.231691 0.175471872 0.0244846605
v 1.231691 -0.331210554 0.145370886
v 1.231691 -0.331210554 0.0244846605
v 1.33194911 -0.422255009 0.229423612
v 1.33194911 -0.422255009 -0.0595680811
v 1.07047641 0.378259033 0.158673495
v 0.804287374 0.942296505 0.145370886
v 0.93617028 1.0569663 0.145370886
v 1.1332196 0.686584234 0.145370886
v 0.97993499 -0.422261268 0.229423612
v 1.33194911 -0.422255009 0.229423612
v 1.25681591 -0.547045648 0.162160426
v 1.06218255 -0.547045529 0.162160426
v 1.0214113 -0.856437266 0.149329022
v 1.2276268 -0.856437564 0.149329022
v 0.965705454 -0.881966889 0.18508707
v 1.27102304 -0.881967068 0.18508707
v 1.22734177 0.376505792 0.158673495
v 1.24467552 0.544137955 0.145370886
v 1.24467552 0.544137955 0.0244846605
v 1.22734177 0.376505792 0.0111820484
v 1.25681591 -0.547045648 0.162160426
v 1.33194911 -0.422255009 0.229423612
v 1.33194911 -0.422255009 -0.0595680811
v 1.25681591 -0.547045648 0.00769510958
v 1.2276268 -0.856437564 0.149329022
v 1.2276268 -0.856437564 0.0205265302
v 1.27102304 -0.881967068 0.18508707
v 1.27102304 -0.881967068 -0.0152315302
v 0.986569405 -0.917509794 0.146378279
v 0.965705454 -0.881966889 0.18508707
v 1.27102304 -0.881967068 0.18508707
v 1.23298049 -0.917509794 0.146378279
v 1.23298049 -0.917509794 0.146378279
v 1.27102304 -0.881967068 0.18508707
v 1.27102304 -0.881967068 -0.0152315302
v 1.23298049 -0.917509794 0.0234772656
v 1.24562502 -1.03909767 0.146378279
v 1.23298049 -0.917509794 0.146378279
v 1.23298049 -0.917509794 0.0234772656
v 1.24562502 -1.03909767 0.0234772656
v 1.04559338 -1.14531147 0.146378264
v 1.14855051 -1.14531147 0.146378264
v 1.14855051 -1.14531147 0.0234772842
v 1.04559338 -1.14531147 0.0234772842
v 1.22734177 0.376505792 0.0111820484
v 1.07047641 0.378259033 0.0111820484
v 1.00960267 0.310671449 -0.0203340687
v 1.30001092 0.310671449 -0.0203340687
v 0.597513616 -1.60570586 0.0244846605
v 0.252068937 -1.66121578 0.0244846605
v 0.328490645 -1.76236689 0.0244846605
v 0.526967943 -1.51046991 0.0244840495
v 0.723960638 -1.34429872 0.0244843271
v 0.813282073 -1.42709482 0.0244840495
v 0.859476507 -1.18345428 0.0239848495
v 0.978353322 -1.24166536 0.023984544
v 1.04559338 -1.14531147 0.0234772842
v 0.986569405 -0.917509794 0.0234772656
v 1.14855051 -1.14531147 0.0234772842
v 1.24562502 -1.03909767 0.0234772656
v 1.23298049 -0.917509794 0.0234772656
v 1.30001092 0.310671449 -0.0203340687
v 1.00960267 0.310671449 -0.0203340687
v 1.0841732 0.175374985 0.0244846605
v 1.231691 0.175471872 0.0244846605
v 1.0841732 -0.331234366 0.0244846605
v 1.231691 -0.331210554 0.0244846605
v 0.97993499 -0.422261268 -0.0595680811
v 1.33194911 -0.422255009 -0.0595680811
v 1.06218255 -0.547045529 0.00769510958
v 1.33194911 -0.422255009 -0.0595680811
v 0.97993499 -0.422261268 -0.0595680811
v 1.25681591 -0.547045648 0.00769510958
v 1.0214113 -0.856437266 0.0205265302
v 1.2276268 -0.856437564 0.0205265302
v 0.965705454 -0.881966889 -0.0152315302
v 1.27102304 -0.881967068 -0.0152315302
v 0.986569405 -0.917509794 0.0234772656
v 1.23298049 -0.917509794 0.0234772656
v 1.27102304 -0.881967068 -0.0152315302
v 0.965705454 -0.881966889 -0.0152315302
v -0.274917573 1.26355529 0.0244846605
v -0.274917573 1.26355529 0.145370886
v 0.274917573 1.26355529 0.145370886
v 0.274917573 1.26355529 0.0244846605
v 1.07047641 0.378259033 0.158673495
v 1.07047641 0.378259033 0.0111820484
v 0.804287374 0.942296505 0.0244846605
v 0.804287374 0.942296505 0.145370886
v 1.00960267 0.310671449 0.1901896
v 1.00960267 0.310671449 -0.0203340687
v 1.07047641 0.378259033 0.0111820484
v 1.07047641 0.378259033 0.158673495
v 1.0841732 0.175374985 0.145370886
v 1.00960267 0.310671449 -0.0203340687
v 1.00960267 0.310671449 0.1901896
v 1.0841732 0.175374985 0.0244846605
v 1.0841732 -0.331234366 0.145370886
v 1.0841732 -0.331234366 0.0244846605
v 0.97993499 -0.422261268 0.229423612
v 0.97993499 -0.422261268 -0.0595680811
v 1.06218255 -0.547045529 0.162160426
v 0.97993499 -0.422261268 -0.0595680811
v 0.97993499 -0.422261268 0.229423612
v 1.06218255 -0.547045529 0.00769510958
v 1.0214113 -0.856437266 0.149329022
v 1.0214113 -0.856437266 0.0205265302
v 0.965705454 -0.881966889 0.18508707
v 0.965705454 -0.881966889 -0.0152315302
v 0.986569405 -0.917509794 0.146378279
v 0.986569405 -0.917509794 0.0234772656
v 0.965705454 -0.881966889 -0.0152315302
v 0.965705454 -0.881966889 0.18508707
v 0.252068937 -1.66121578 0.145370886
v 0.252068937 -1.66121578 0.0244846605
v 0.526967943 -1.51046991 0.0244840495
v 0.526967943 -1.51046991 0.145371497
v 0.723960638 -1.34429872 0.0244843271
v 0.723960638 -1.34429872 0.145371228
v 0.859476507 -1.18345428 0.0239848495
v 0.859476507 -1.18345428 0.1458707
v 0.986569405 -0.917509794 0.0234772656
v 0.986569405 -0.917509794 0.146378279
v 0.804287374 0.942296505 0.145370886
v 0.804287374 0.942296505 0.0244846605
v 0.664488673 1.07001865 0.0244846605
v 0.664488673 1.07001865 0.145370886
v 0.469703138 1.18540657 0.145370886
v 0.469703138 1.18540657 0.0244846605
v 0.274917573 1.26355529 0.145370886
v 0.274917573 1.26355529 0.0244846605
v 1.07047641 0.378259033 0.0111820484
v 1.1332196 0.686584234 0.0244846605
v 0.93617028 1.0569663 0.0244846605
v 0.804287374 0.942296505 0.0244846605
v 0.10028901 1.52973664 0.0244846605
v 0.109135017 1.67120874 0.084927775
v -0.109135017 1.67120874 0.084927775
v -0.10028901 1.52973664 0.0244846605
v 4.22606989E-18 -1.69198239 0.187180877
v -0.0573754348 -1.62646699 0.0849277675
v 1.84408635E-17 -1.6632272 0.0849277675
v -0.0573754422 -1.65522218 0.187180877
v -0.185902491 -1.6181649 0.187180877
v -0.185902476 -1.58940971 0.0849277675
v -0.32498458 -1.65357018 0.187180877
v -0.32498455 -1.62481499 0.0849277675
v -0.395713151 -1.7295202 0.187180877
v -0.430415988 -1.73039854 0.0849277675
v -0.161154807 -1.74654412 0.187180877
v -0.0731599778 -1.88761258 0.0849277675
v -0.162603796 -1.77771139 0.0849277675
v -0.0713158399 -1.84826875 0.187180877
v -3.33066921E-18 -1.90040159 0.187180877
v 1.110223E-18 -1.95170867 0.0849277675
v -0.227262378 -1.76415062 0.0849277675
v -0.227262378 -1.73414791 0.187180877
v -0.161154807 -1.74654412 0.187180877
v -0.162603796 -1.77771139 0.0849277675
v -0.312336504 -1.82898283 0.0849277675
v -0.312336564 -1.79974329 0.187180877
v -0.227262378 -1.73414791 0.187180877
v -0.227262378 -1.76415062 0.0849277675
v -0.395713151 -1.7295202 0.187180877
v -0.312336564 -1.79974329 0.187180877
v -0.312336504 -1.82898283 0.0849277675
v -0.430415988 -1.73039854 0.0849277675
v -0.395713151 -1.7295202 0.187180877
v -0.32498458 -1.65357018 0.187180877
v -0.312336564 -1.79974329 0.187180877
v -0.227262378 -1.73414791 0.187180877
v -0.185902491 -1.6181649 0.187180877
v -0.161154807 -1.74654412 0.187180877
v -0.0713158399 -1.84826875 0.187180877
v -0.0573754422 -1.65522218 0.187180877
v 4.22606989E-18 -1.69198239 0.187180877
v -3.33066921E-18 -1.90040159 0.187180877
v 0.0713158399 -1.84826875 0.187180877
v 0.0573754422 -1.65522218 0.187180877
v 0.185902491 -1.6181649 0.187180877
v 0.161154807 -1.74654412 0.187180877
v 0.227262378 -1.73414791 0.187180877
v 0.32498458 -1.65357018 0.187180877
v 0.312336564 -1.79974329 0.187180877
v 0.395713151 -1.7295202 0.187180877
v 1.45269012E-17 -1.69198239 -0.0173253417
v 1.84408635E-17 -1.6632272 0.0849277675
v -0.0573754348 -1.62646699 0.0849277675
v -0.0573754422 -1.65522218 -0.0173253417
v -0.185902491 -1.6181649 -0.0173253417
v -0.185902476 -1.58940971 0.0849277675
v -0.32498458 -1.65357018 -0.0173253417
v -0.32498455 -1.62481499 0.0849277675
v -0.395713151 -1.7295202 -0.0173253417
v -0.430415988 -1.73039854 0.0849277675
v -0.161154807 -1.74654412 -0.0173253417
v -0.162603796 -1.77771139 0.0849277675
v -0.0731599778 -1.88761258 0.0849277675
v -0.0713158399 -1.84826875 -0.0173253417
v 5.55111479E-18 -1.90040159 -0.0173253417
v 1.110223E-18 -1.95170867 0.0849277675
v -0.227262378 -1.76415062 0.0849277675
v -0.162603796 -1.77771139 0.0849277675
v -0.161154807 -1.74654412 -0.0173253417
v -0.227262378 -1.73414791 -0.0173253417
v -0.312336504 -1.82898283 0.0849277675
v -0.227262378 -1.76415062 0.0849277675
v -0.227262378 -1.73414791 -0.0173253417
v -0.312336564 -1.79974329 -0.0173253417
v -0.395713151 -1.7295202 -0.0173253417
v -0.430415988 -1.73039854 0.0849277675
v -0.312336504 -1.82898283 0.0849277675
v -0.312336564 -1.79974329 -0.0173253417
v -0.395713151 -1.7295202 -0.0173253417
v -0.312336564 -1.79974329 -0.0173253417
v -0.32498458 -1.65357018 -0.0173253417
v -0.227262378 -1.73414791 -0.0173253417
v -0.185902491 -1.6181649 -0.0173253417
v -0.161154807 -1.74654412 -0.0173253417
v -0.0713158399 -1.84826875 -0.0173253417
v -0.0573754422 -1.65522218 -0.0173253417
v 1.45269012E-17 -1.69198239 -0.0173253417
v 5.55111479E-18 -1.90040159 -0.0173253417
v 0.0713158399 -1.84826875 -0.0173253417
v 0.0573754422 -1.65522218 -0.0173253417
v 0.185902491 -1.6181649 -0.0173253417
v 0.161154807 -1.74654412 -0.0173253417
v 0.227262378 -1.73414791 -0.0173253417
v 0.32498458 -1.65357018 -0.0173253417
v 0.312336564 -1.79974329 -0.0173253417
v 0.395713151 -1.7295202 -0.0173253417
v 4.22606989E-18 -1.69198239 0.187180877
v 1.84408635E-17 -1.6632272 0.0849277675
v 0.0573754348 -1.62646699 0.0849277675
v 0.0573754422 -1.65522218 0.187180877
v 0.185902491 -1.6181649 0.187180877
v 0.185902476 -1.58940971 0.0849277675
v 0.32498458 -1.65357018 0.187180877
v 0.32498455 -1.62481499 0.0849277675
v 0.395713151 -1.7295202 0.187180877
v 0.430415988 -1.73039854 0.0849277675
v 0.161154807 -1.74654412 0.187180877
v 0.162603796 -1.77771139 0.0849277675
v 0.0731599778 -1.88761258 0.0849277675
v 0.0713158399 -1.84826875 0.187180877
v -3.33066921E-18 -1.90040159 0.187180877
v 1.110223E-18 -1.95170867 0.0849277675
v 0.227262378 -1.76415062 0.0849277675
v 0.162603796 -1.77771139 0.0849277675
v 0.161154807 -1.74654412 0.187180877
v 0.227262378 -1.73414791 0.187180877
v 0.312336504 -1.82898283 0.0849277675
v 0.227262378 -1.76415062 0.0849277675
v 0.227262378 -1.73414791 0.187180877
v 0.312336564 -1.79974329 0.187180877
v 0.395713151 -1.7295202 0.187180877
v 0.430415988 -1.73039854 0.0849277675
v 0.312336504 -1.82898283 0.0849277675
v 0.312336564 -1.79974329 0.187180877
v 1.45269012E-17 -1.69198239 -0.0173253417
v 0.0573754348 -1.62646699 0.0849277675
v 1.84408635E-17 -1.6632272 0.0849277675
v 0.0573754422 -1.65522218 -0.0173253417
v 0.185902491 -1.6181649 -0.0173253417
v 0.185902476 -1.58940971 0.0849277675
v 0.32498458 -1.65357018 -0.0173253417
v 0.32498455 -1.62481499 0.0849277675
v 0.395713151 -1.7295202 -0.0173253417
v 0.430415988 -1.73039854 0.0849277675
v 0.161154807 -1.74654412 -0.0173253417
v 0.0731599778 -1.88761258 0.0849277675
v 0.162603796 -1.77771139 0.0849277675
v 0.0713158399 -1.84826875 -0.0173253417
v 5.55111479E-18 -1.90040159 -0.0173253417
v 1.110223E-18 -1.95170867 0.0849277675
v 0.227262378 -1.76415062 0.0849277675
v 0.227262378 -1.73414791 -0.0173253417
v 0.161154807 -1.74654412 -0.0173253417
v 0.162603796 -1.77771139 0.0849277675
v 0.312336504 -1.82898283 0.0849277675
v 0.312336564 -1.79974329 -0.0173253417
v 0.227262378 -1.73414791 -0.0173253417
v 0.227262378 -1.76415062 0.0849277675
v 0.395713151 -1.7295202 -0.0173253417
v 0.312336564 -1.79974329 -0.0173253417
v 0.312336504 -1.82898283 0.0849277675
v 0.430415988 -1.73039854 0.0849277675
v -0.0323109366 1.27810335 -0.0301086958
v 0.0323109366 1.27810335 -0.0301086958
v -4.99999992E-18 1.30679047 -0.0738629699
v -0.195403501 1.44257081 -0.0301086958
v 0.195403501 1.44257081 -0.0301086958
v -0.164855763 1.47349274 -0.0738629699
v -0.199745804 1.49821436 -0.0301086958
v -0.0323109366 1.66891015 -0.0301086958
v -0 1.64019465 -0.0738629699
v 0.0323109366 1.66891015 -0.0301086958
v 0.164855763 1.47349274 -0.0738629699
v 0.199745804 1.49821436 -0.0301086958
v -1.10287929 0.38673842 0.0657996163
v -0.81942153 0.473549187 0.00934587698
v -0.669776917 0.794863641 0.00933336001
v -0.893035889 0.818317473 0.0637281239
v -2.23791758E-08 0.724502265 -0.153850928
v -0.521122932 1.24989665 0.0616566166
v -0.390842229 1.11854804 0.00777972909
v 0.195403501 1.44257081 0.199964538
v 0.195403501 1.44257081 -0.0301086958
v 0.0323109366 1.27810335 -0.0301086958
v 0.199745804 1.49821436 -0.0301086958
v 0.0323109366 1.27810335 0.199964538
v -0.0323109366 1.27810335 -0.0301086958
v -0.0323109366 1.27810335 0.199964538
v -0 1.30679047 0.243718505
v -0.195403501 1.44257081 0.199964538
v -0.195403501 1.44257081 -0.0301086958
v -0.199745804 1.49821436 -0.0301086958
v 0.164855763 1.47349274 0.243718505
v -0.164855763 1.47349274 0.243718505
v 0.199745804 1.49821436 0.199964538
v 0.0323109366 1.66891015 0.199964538
v 0.0323109366 1.66891015 -0.0301086958
v 4.99999992E-18 1.64019465 0.243718505
v -0.0323109366 1.66891015 -0.0301086958
v -0.0323109366 1.66891015 0.199964538
v -0.199745804 1.49821436 0.199964538
v -0 -0.19373481 0.0849277452
v 1.03690302 -1.13375497 0.0849277452
v 0.360744089 -1.69762969 0.0849277452
v -0.360744089 -1.69762969 0.0849277452
v 1.17977989 -0.19373481 0.0849277452
v -1.03690302 -1.13375497 0.0849277452
v 1.03690302 0.818259358 0.0849277452
v -1.17977989 -0.19373481 0.0849277452
v 0.360744089 1.38213408 0.0849277452
v -1.03690302 0.818259358 0.0849277452
v -0.360744089 1.38213408 0.0849277452
vt 0.34298557 0.580380321
vt 0.223083779 0.348081052
vt 0.462887317 0.348081052
vt 0.34298557 0.580380321
vt 0.223083779 0.348081052
vt 0.462887317 0.348081052
vt 0.342434525 0.926121175
vt 0.342434525 0.892284036
vt 0.312272996 0.926121175
vt 0.342434525 0.926121175
vt 0.312272996 0.926121175
vt 0.342434525 0.974274039
vt 0.342434525 0.926121175
vt 0.372595817 0.926121175
vt 0.342434525 0.892284036
vt 0.342434525 0.926121175
vt 0.342434525 0.974274039
vt 0.372595817 0.926121175
vt 0.342434525 0.926121175
vt 0.312272996 0.926121175
vt 0.342434525 0.892284036
vt 0.342434525 0.926121175
vt 0.342434525 0.974274039
vt 0.312272996 0.926121175
vt 0.342434525 0.926121175
vt 0.342434525 0.892284036
vt 0.372595817 0.926121175
vt 0.342434525 0.926121175
vt 0.372595817 0.926121175
vt 0.342434525 0.974274039
vt 0.278672695 0.886835933
vt 0.289939523 0.902484894
vt 0.318777204 0.880349278
vt 0.235096693 0.888605833
vt 0.245548099 0.878402233
vt 0.215971857 0.884503424
vt 0.241528213 0.899665833
vt 0.251918197 0.909883857
vt 0.254764318 0.903705835
vt 0.40812555 0.886835933
vt 0.36802122 0.880349278
vt 0.396858871 0.902484894
vt 0.451701581 0.888605833
vt 0.470826566 0.884503424
vt 0.441250384 0.878402233
vt 0.445270181 0.899665833
vt 0.432034045 0.903705835
vt 0.434880227 0.909883857
vt 0.278672695 0.886835933
vt 0.318777204 0.880349278
vt 0.289939523 0.902484894
vt 0.235096693 0.888605833
vt 0.215971857 0.884503424
vt 0.245548099 0.878402233
vt 0.241528213 0.899665833
vt 0.254764318 0.903705835
vt 0.251918197 0.909883857
vt 0.40812555 0.886835933
vt 0.396858871 0.902484894
vt 0.36802122 0.880349278
vt 0.451701581 0.888605833
vt 0.441250384 0.878402233
vt 0.470826566 0.884503424
vt 0.445270181 0.899665833
vt 0.434880227 0.909883857
vt 0.432034045 0.903705835
vt 0.731561244 0.636017442
vt 0.715366542 0.615209699
vt 0.683139026 0.640292645
vt 0.683139026 0.640292645
vt 0.715366542 0.615209699
vt 0.699171782 0.594402134
vt 0.699171782 0.594402134
vt 0.715366542 0.615209699
vt 0.747593999 0.590126872
vt 0.715366542 0.615209699
vt 0.731561244 0.636017442
vt 0.747593999 0.590126872
vt 0.731561244 0.636017442
vt 0.683139026 0.640292645
vt 0.715366542 0.615209699
vt 0.683139026 0.640292645
vt 0.699171782 0.594402134
vt 0.715366542 0.615209699
vt 0.699171782 0.594402134
vt 0.747593999 0.590126872
vt 0.715366542 0.615209699
vt 0.715366542 0.615209699
vt 0.747593999 0.590126872
vt 0.731561244 0.636017442
vt 0.731524765 0.636017442
vt 0.683102548 0.640292645
vt 0.715330184 0.615209699
vt 0.683102548 0.640292645
vt 0.699135482 0.594402134
vt 0.715330184 0.615209699
vt 0.699135482 0.594402134
vt 0.74755758 0.590126872
vt 0.715330184 0.615209699
vt 0.715330184 0.615209699
vt 0.74755758 0.590126872
vt 0.731524765 0.636017442
vt 0.731524765 0.636017442
vt 0.715330184 0.615209699
vt 0.683102548 0.640292645
vt 0.683102548 0.640292645
vt 0.715330184 0.615209699
vt 0.699135482 0.594402134
vt 0.699135482 0.594402134
vt 0.715330184 0.615209699
vt 0.74755758 0.590126872
vt 0.715330184 0.615209699
vt 0.731524765 0.636017442
vt 0.74755758 0.590126872
vt 0.315644562 0.872227192
vt 0.298941493 0.923864722
vt 0.313483894 0.906507313
vt 0.315644562 0.872227192
vt 0.289258361 0.868628085
vt 0.298941493 0.923864722
vt 0.366936743 0.872227192
vt 0.369097531 0.906507313
vt 0.383639872 0.923864722
vt 0.366936743 0.872227192
vt 0.383639872 0.923864722
vt 0.393323064 0.868628085
vt 0.315644562 0.872227192
vt 0.313483894 0.906507313
vt 0.298941493 0.923864722
vt 0.315644562 0.872227192
vt 0.298941493 0.923864722
vt 0.289258361 0.868628085
vt 0.366936743 0.872227192
vt 0.383639872 0.923864722
vt 0.369097531 0.906507313
vt 0.366936743 0.872227192
vt 0.393323064 0.868628085
vt 0.383639872 0.923864722
vt 0.180079177 0.820575058
vt 0.180125058 0.759242058
vt 0.147062317 0.791241765
vt 0.0376149043 0.629599333
vt 0.0801663771 0.585960031
vt 0.0418490171 0.585535169
vt 0.0648401529 0.666412294
vt 0.0801663771 0.585960031
vt 0.0376149043 0.629599333
vt 0.963242173 0.73239553
vt 0.963242173 0.743206501
vt 0.949861288 0.738106906
vt 0.936480641 0.73239553
vt 0.949861288 0.738106906
vt 0.936480641 0.743206501
vt 0.0376149043 0.629599333
vt 0.0418490171 0.585535169
vt 0.0801663771 0.585960031
vt 0.0648401529 0.666412294
vt 0.0376149043 0.629599333
vt 0.0801663771 0.585960031
vt 0.147062317 0.791241765
vt 0.180125058 0.759242058
vt 0.180079177 0.820575058
vt 0.505762339 0.820575118
vt 0.538779259 0.789907694
vt 0.507050455 0.759242058
vt 0.46607849 0.844667494
vt 0.507050455 0.759242058
vt 0.460572571 0.789548039
vt 0.426394641 0.861044228
vt 0.411890209 0.807729363
vt 0.538779259 0.789907694
vt 0.572891355 0.749577582
vt 0.541198909 0.72333616
vt 0.366936743 0.872227192
vt 0.426394641 0.861044228
vt 0.27298826 0.807729363
vt 0.315644562 0.872227192
vt 0.260780811 0.864601612
vt 0.213412523 0.784148216
vt 0.212359816 0.842043459
vt 0.180079177 0.820575058
vt 0.180125058 0.759242058
vt 0.145976588 0.72333616
vt 0.113761634 0.752452016
vt 0.147062317 0.791241765
vt 0.64877218 0.629311919
vt 0.645975351 0.585535169
vt 0.606220901 0.585960031
vt 0.620763123 0.666412294
vt 0.64877218 0.629311919
vt 0.606220901 0.585960031
vt 0.936480641 0.73239553
vt 0.936480641 0.743206501
vt 0.949861348 0.738107026
vt 0.949861348 0.738107026
vt 0.963242173 0.73239553
vt 0.963242173 0.743206501
vt 0.64877218 0.629311919
vt 0.606220901 0.585960031
vt 0.645975351 0.585535169
vt 0.620763123 0.666412294
vt 0.606220901 0.585960031
vt 0.64877218 0.629311919
vt 0.538779259 0.789907694
vt 0.505762339 0.820575118
vt 0.507050455 0.759242058
vt 0.460572571 0.789548039
vt 0.46607849 0.844667494
vt 0.426394641 0.861044228
vt 0.507050455 0.759242058
vt 0.411890209 0.807729363
vt 0.572891355 0.749577582
vt 0.538779259 0.789907694
vt 0.541198909 0.72333616
vt 0.426394641 0.861044228
vt 0.366936743 0.872227192
vt 0.27298826 0.807729363
vt 0.315644562 0.872227192
vt 0.260780811 0.864601612
vt 0.213412523 0.784148216
vt 0.212359816 0.842043459
vt 0.180125058 0.759242058
vt 0.180079177 0.820575058
vt 0.113761634 0.752452016
vt 0.145976588 0.72333616
vt 0.147062317 0.791241765
vt 0.34298557 0.580380321
vt 0.253059179 0.406155884
vt 0.342985511 0.406155884
vt 0.342985511 0.348081052
vt 0.223083779 0.348081052
vt 0.462887317 0.348081052
vt 0.432911903 0.406155884
vt 0.34298557 0.580380321
vt 0.221620426 0.346942484
vt 0.434009433 0.405301958
vt 0.34298557 0.580380321
vt 0.403668076 0.346942484
vt 0.4643507 0.346942484
vt 0.34298557 0.580380321
vt 0.282302916 0.346942484
vt 0.4643507 0.346942484
vt 0.251961678 0.405301958
vt 0.221620426 0.346942484
vt 0.434009433 0.405301958
vt 0.34298557 0.580380321
vt 0.221620426 0.346942484
vt 0.401965022 0.346942484
vt 0.4643507 0.346942484
vt 0.34298557 0.580380321
vt 0.282302916 0.346942484
vt 0.4643507 0.346942484
vt 0.251961678 0.405301958
vt 0.221620426 0.346942484
vt 0.402936429 0.348081052
vt 0.462887317 0.348081052
vt 0.402936429 0.464230657
vt 0.357973218 0.43519327
vt 0.223083779 0.348081052
vt 0.34298557 0.580380321
vt 0.313010097 0.522305489
vt 0.281937122 0.464230657
vt 0.220157087 0.346402019
vt 0.281571239 0.346402019
vt 0.327906311 0.434773475
vt 0.34298557 0.580380321
vt 0.465813994 0.346402019
vt 0.373692691 0.521885693
vt 0.404399753 0.346402019
vt 0.465813994 0.346402019
vt 0.40403387 0.464230657
vt 0.358064651 0.434773475
vt 0.220157087 0.346402019
vt 0.34298557 0.580380321
vt 0.31227845 0.521885693
vt 0.253059179 0.406155884
vt 0.223083779 0.348081052
vt 0.342985511 0.348081052
vt 0.342985511 0.406155884
vt 0.34298557 0.580380321
vt 0.462887317 0.348081052
vt 0.432911903 0.406155884
vt 0.342985511 0.348081052
vt 0.462887317 0.348081052
vt 0.432911903 0.406155884
vt 0.342985511 0.406155884
vt 0.223083779 0.348081052
vt 0.34298557 0.580380321
vt 0.253059179 0.406155884
vt 0.404399753 0.346402019
vt 0.465813994 0.346402019
vt 0.40403387 0.464230657
vt 0.358064651 0.434773475
vt 0.220157087 0.346402019
vt 0.34298557 0.580380321
vt 0.31227845 0.521885693
vt 0.269019663 0.864196122
vt 0.278672695 0.886835933
vt 0.318777204 0.880349278
vt 0.343399256 0.842508733
vt 0.36802122 0.880349278
vt 0.264270186 0.843275368
vt 0.415671915 0.864196122
vt 0.40812555 0.886835933
vt 0.419847012 0.843275368
vt 0.314974338 0.814777255
vt 0.343399256 0.798899949
vt 0.371824145 0.814777255
vt 0.296314567 0.803471684
vt 0.267745763 0.820975602
vt 0.279810816 0.802001774
vt 0.294396877 0.79752183
vt 0.390483886 0.803471684
vt 0.417137295 0.820975602
vt 0.406987756 0.802001774
vt 0.392401546 0.79752183
vt 0.235096693 0.888605833
vt 0.215971857 0.884503424
vt 0.230699658 0.909777045
vt 0.241528213 0.899665833
vt 0.247475177 0.920788407
vt 0.251918197 0.909883857
vt 0.270080805 0.911139727
vt 0.272798389 0.922150373
vt 0.289939523 0.902484894
vt 0.294618845 0.911724687
vt 0.318777204 0.880349278
vt 0.327499628 0.884340465
vt 0.343399256 0.788632095
vt 0.31878674 0.799245238
vt 0.314974338 0.814777255
vt 0.343399256 0.798899949
vt 0.31878674 0.799245238
vt 0.30663231 0.79072547
vt 0.296314567 0.803471684
vt 0.314974338 0.814777255
vt 0.30520913 0.783054531
vt 0.294396877 0.79752183
vt 0.296314567 0.803471684
vt 0.30663231 0.79072547
vt 0.248955548 0.888167024
vt 0.245548099 0.878402233
vt 0.235096693 0.888605833
vt 0.241528213 0.899665833
vt 0.257467449 0.894028306
vt 0.254764318 0.903705835
vt 0.264641821 0.893101454
vt 0.266898572 0.901849031
vt 0.27105087 0.886722922
vt 0.278672695 0.886835933
vt 0.267117947 0.864105642
vt 0.269019663 0.864196122
vt 0.264270186 0.843275368
vt 0.261979878 0.843275368
vt 0.267745763 0.820975602
vt 0.264730603 0.8207798
vt 0.277939737 0.796368718
vt 0.279810816 0.802001774
vt 0.30520913 0.783054531
vt 0.294396877 0.79752183
vt 0.278672695 0.886835933
vt 0.266898572 0.901849031
vt 0.270080805 0.911139727
vt 0.289939523 0.902484894
vt 0.266898572 0.901849031
vt 0.254764318 0.903705835
vt 0.251918197 0.909883857
vt 0.270080805 0.911139727
vt 0.451701581 0.888605833
vt 0.456098735 0.909777045
vt 0.470826566 0.884503424
vt 0.445270181 0.899665833
vt 0.439323395 0.920788407
vt 0.434880227 0.909883857
vt 0.414000064 0.922150373
vt 0.416717649 0.911139727
vt 0.396858871 0.902484894
vt 0.392179579 0.911724687
vt 0.36802122 0.880349278
vt 0.359298795 0.884340465
vt 0.343399256 0.788632095
vt 0.343399256 0.798899949
vt 0.371824145 0.814777255
vt 0.368011653 0.799245238
vt 0.368011653 0.799245238
vt 0.371824145 0.814777255
vt 0.390483886 0.803471684
vt 0.380166084 0.79072547
vt 0.381589323 0.783054531
vt 0.380166084 0.79072547
vt 0.390483886 0.803471684
vt 0.392401546 0.79752183
vt 0.423477858 0.843275368
vt 0.4200252 0.8207798
vt 0.417137295 0.820975602
vt 0.419847012 0.843275368
vt 0.418431133 0.864105642
vt 0.423477858 0.843275368
vt 0.419847012 0.843275368
vt 0.415671915 0.864196122
vt 0.437843025 0.888167024
vt 0.451701581 0.888605833
vt 0.441250384 0.878402233
vt 0.445270181 0.899665833
vt 0.429331064 0.894028306
vt 0.432034045 0.903705835
vt 0.422156483 0.893101454
vt 0.4199 0.901849031
vt 0.415747434 0.886722922
vt 0.40812555 0.886835933
vt 0.418431133 0.864105642
vt 0.415671915 0.864196122
vt 0.318777204 0.880349278
vt 0.327499628 0.884340465
vt 0.359298795 0.884340465
vt 0.36802122 0.880349278
vt 0.40812555 0.886835933
vt 0.396858871 0.902484894
vt 0.416717649 0.911139727
vt 0.4199 0.901849031
vt 0.4199 0.901849031
vt 0.416717649 0.911139727
vt 0.434880227 0.909883857
vt 0.432034045 0.903705835
vt 0.406987756 0.802001774
vt 0.381589323 0.783054531
vt 0.392401546 0.79752183
vt 0.408858716 0.796368718
vt 0.417137295 0.820975602
vt 0.4200252 0.8207798
vt 0.269019663 0.864196122
vt 0.318777204 0.880349278
vt 0.278672695 0.886835933
vt 0.343399256 0.842508733
vt 0.36802122 0.880349278
vt 0.264270186 0.843275368
vt 0.415671915 0.864196122
vt 0.40812555 0.886835933
vt 0.419847012 0.843275368
vt 0.314974338 0.814777255
vt 0.343399256 0.798899949
vt 0.371824145 0.814777255
vt 0.296314567 0.803471684
vt 0.267745763 0.820975602
vt 0.279810816 0.802001774
vt 0.294396877 0.79752183
vt 0.390483886 0.803471684
vt 0.417137295 0.820975602
vt 0.406987756 0.802001774
vt 0.392401546 0.79752183
vt 0.235096693 0.888605833
vt 0.230699658 0.909777045
vt 0.215971857 0.884503424
vt 0.241528213 0.899665833
vt 0.247475177 0.920788407
vt 0.251918197 0.909883857
vt 0.270080805 0.911139727
vt 0.272798389 0.922150373
vt 0.289939523 0.902484894
vt 0.294618845 0.911724687
vt 0.318777204 0.880349278
vt 0.327499628 0.884340465
vt 0.343399256 0.788632095
vt 0.343399256 0.798899949
vt 0.314974338 0.814777255
vt 0.31878674 0.799245238
vt 0.296314567 0.803471684
vt 0.30663231 0.79072547
vt 0.30520913 0.783054531
vt 0.294396877 0.79752183
vt 0.248955548 0.888167024
vt 0.235096693 0.888605833
vt 0.245548099 0.878402233
vt 0.241528213 0.899665833
vt 0.257467449 0.894028306
vt 0.254764318 0.903705835
vt 0.264641821 0.893101454
vt 0.266898572 0.901849031
vt 0.27105087 0.886722922
vt 0.278672695 0.886835933
vt 0.267117947 0.864105642
vt 0.269019663 0.864196122
vt 0.264270186 0.843275368
vt 0.261979878 0.843275368
vt 0.267745763 0.820975602
vt 0.264730603 0.8207798
vt 0.277939737 0.796368718
vt 0.279810816 0.802001774
vt 0.30520913 0.783054531
vt 0.294396877 0.79752183
vt 0.318777204 0.880349278
vt 0.36802122 0.880349278
vt 0.359298795 0.884340465
vt 0.327499628 0.884340465
vt 0.278672695 0.886835933
vt 0.289939523 0.902484894
vt 0.270080805 0.911139727
vt 0.266898572 0.901849031
vt 0.266898572 0.901849031
vt 0.270080805 0.911139727
vt 0.251918197 0.909883857
vt 0.254764318 0.903705835
vt 0.451701581 0.888605833
vt 0.470826566 0.884503424
vt 0.456098735 0.909777045
vt 0.445270181 0.899665833
vt 0.439323395 0.920788407
vt 0.434880227 0.909883857
vt 0.414000064 0.922150373
vt 0.416717649 0.911139727
vt 0.396858871 0.902484894
vt 0.392179579 0.911724687
vt 0.36802122 0.880349278
vt 0.359298795 0.884340465
vt 0.343399256 0.788632095
vt 0.371824145 0.814777255
vt 0.343399256 0.798899949
vt 0.368011653 0.799245238
vt 0.390483886 0.803471684
vt 0.380166084 0.79072547
vt 0.381589323 0.783054531
vt 0.392401546 0.79752183
vt 0.437843025 0.888167024
vt 0.441250384 0.878402233
vt 0.451701581 0.888605833
vt 0.445270181 0.899665833
vt 0.429331064 0.894028306
vt 0.432034045 0.903705835
vt 0.422156483 0.893101454
vt 0.4199 0.901849031
vt 0.415747434 0.886722922
vt 0.40812555 0.886835933
vt 0.418431133 0.864105642
vt 0.415671915 0.864196122
vt 0.419847012 0.843275368
vt 0.423477858 0.843275368
vt 0.417137295 0.820975602
vt 0.4200252 0.8207798
vt 0.408858716 0.796368718
vt 0.406987756 0.802001774
vt 0.381589323 0.783054531
vt 0.392401546 0.79752183
vt 0.40812555 0.886835933
vt 0.4199 0.901849031
vt 0.416717649 0.911139727
vt 0.396858871 0.902484894
vt 0.4199 0.901849031
vt 0.432034045 0.903705835
vt 0.434880227 0.909883857
vt 0.416717649 0.911139727
vt 0.301878303 0.859199584
vt 0.342402756 0.900177956
vt 0.342402756 0.818221211
vt 0.382927358 0.859199584
vt 0.301878303 0.859199584
vt 0.342402756 0.818221211
vt 0.342402756 0.900177956
vt 0.382927358 0.859199584
vt 0.683139026 0.640292645
vt 0.683139026 0.640292645
vt 0.731561244 0.636017442
vt 0.731561244 0.636017442
vt 0.747593999 0.590126872
vt 0.747593999 0.590126872
vt 0.699171782 0.594402134
vt 0.699171782 0.594402134
vt 0.699171782 0.594402134
vt 0.699171782 0.594402134
vt 0.683139026 0.640292645
vt 0.683139026 0.640292645
vt 0.747593999 0.590126872
vt 0.747593999 0.590126872
vt 0.731561244 0.636017442
vt 0.731561244 0.636017442
vt 0.683102548 0.640292645
vt 0.731524765 0.636017442
vt 0.731524765 0.636017442
vt 0.683102548 0.640292645
vt 0.74755758 0.590126872
vt 0.699135482 0.594402134
vt 0.699135482 0.594402134
vt 0.74755758 0.590126872
vt 0.699135482 0.594402134
vt 0.683102548 0.640292645
vt 0.683102548 0.640292645
vt 0.699135482 0.594402134
vt 0.74755758 0.590126872
vt 0.731524765 0.636017442
vt 0.731524765 0.636017442
vt 0.74755758 0.590126872
vt 0.366936743 0.872227192
vt 0.315644562 0.872227192
vt 0.313483894 0.906507313
vt 0.369097531 0.906507313
vt 0.145492777 0.811278641
vt 0.159361541 0.824290752
vt 0.180079177 0.820575058
vt 0.147062317 0.791241765
vt 0.145492777 0.811278641
vt 0.147062317 0.791241765
vt 0.180079177 0.820575058
vt 0.159361541 0.824290752
vt 0.940090895 0.697524667
vt 0.936480641 0.678012192
vt 0.963241696 0.678012192
vt 0.959631443 0.697524667
vt 0.940090895 0.709810853
vt 0.940090895 0.697524667
vt 0.959631443 0.697524667
vt 0.959631443 0.709810853
vt 0.963241935 0.722188234
vt 0.936480641 0.722188234
vt 0.940090895 0.709810853
vt 0.959631443 0.709810853
vt 0.0418490171 0.585535169
vt 0.0801663771 0.585960031
vt 0.0922650322 0.568366885
vt 0.0275877975 0.568367124
vt 0.195696697 0.105228655
vt 0.280078202 0.0917781964
vt 0.261410743 0.0672684684
vt 0.212928846 0.128305182
vt 0.164809555 0.168569893
vt 0.142991036 0.14850761
vt 0.131707251 0.20754379
vt 0.102669261 0.193438798
vt 0.0862445161 0.216786072
vt 0.100662373 0.271984398
vt 0.061095275 0.216786072
vt 0.0373829976 0.242522553
vt 0.0404716283 0.271984398
vt 0.963242054 0.726271152
vt 0.963242173 0.73239553
vt 0.936480641 0.73239553
vt 0.936480641 0.726271152
vt 0.963241935 0.722188234
vt 0.936480641 0.722188234
vt 0.936808586 0.561206222
vt 0.96291399 0.561206222
vt 0.963242173 0.601181984
vt 0.936480641 0.601181984
vt 0.936480641 0.678012192
vt 0.963241696 0.678012192
vt 0.925213993 0.471707553
vt 0.974508643 0.471707553
vt 0.96712923 0.48012951
vt 0.932593644 0.48012951
vt 0.93759191 0.147180274
vt 0.962130785 0.147180274
vt 0.962130785 0.16893512
vt 0.93759191 0.16893512
vt 0.961929679 0.0205529109
vt 0.937792897 0.0478762761
vt 0.937792897 0.0205529109
vt 0.961929679 0.0478762761
vt 0.961929679 0.0769301727
vt 0.937792957 0.0769301727
vt 0.962029457 0.114752181
vt 0.937693179 0.114752181
vt 0.962130785 0.147180274
vt 0.93759191 0.147180274
vt 0.935004115 0.526251912
vt 0.964718461 0.526251912
vt 0.96291399 0.561206222
vt 0.936808586 0.561206222
vt 0.0275877975 0.568367124
vt 0.0922650322 0.568366885
vt 0.0768206939 0.539790392
vt 0.0407866538 0.539813757
vt 0.0768206939 0.417782307
vt 0.0407866538 0.417788088
vt 0.102282874 0.397968948
vt 0.0162966363 0.397970498
vt 0.935708523 0.445318848
vt 0.974508643 0.471707553
vt 0.925213993 0.471707553
vt 0.964014173 0.445318848
vt 0.936332583 0.328544617
vt 0.963389993 0.328544617
vt 0.919441998 0.312096208
vt 0.980280638 0.312096208
vt 0.0801663771 0.585960031
vt 0.0648401529 0.666412294
vt 0.113761634 0.752452016
vt 0.145976588 0.72333616
vt 0.102282874 0.397968948
vt 0.0346493796 0.361750841
vt 0.0162966363 0.397970498
vt 0.082192339 0.36175102
vt 0.0921515301 0.286782682
vt 0.0417793542 0.286782622
vt 0.105758734 0.280596673
vt 0.0311789699 0.280596673
vt 0.932593644 0.48012951
vt 0.96712923 0.48012951
vt 0.964718461 0.526251912
vt 0.935004115 0.526251912
vt 0.933602273 0.273568004
vt 0.980280638 0.312096208
vt 0.919441998 0.312096208
vt 0.966120362 0.273568004
vt 0.935079753 0.21053566
vt 0.964642644 0.21053566
vt 0.92687279 0.205022588
vt 0.972849846 0.205022588
vt 0.100662373 0.271984398
vt 0.0404716283 0.271984398
vt 0.0311789699 0.280596673
vt 0.105758734 0.280596673
vt 0.935757041 0.197347194
vt 0.963965535 0.197347194
vt 0.972849846 0.205022588
vt 0.92687279 0.205022588
vt 0.93759191 0.16893512
vt 0.962130785 0.16893512
vt 0.963965535 0.197347194
vt 0.935757041 0.197347194
vt 0.93759191 0.147180274
vt 0.962130785 0.147180274
vt 0.962130785 0.147180274
vt 0.93759191 0.147180274
vt 0.0418490171 0.585535169
vt 0.0275877975 0.568367124
vt 0.0922650322 0.568366885
vt 0.0801663771 0.585960031
vt 0.195696697 0.105228655
vt 0.261410743 0.0672684684
vt 0.280078202 0.0917781964
vt 0.212928846 0.128305182
vt 0.164809555 0.168569893
vt 0.142991036 0.14850761
vt 0.131707251 0.20754379
vt 0.102669261 0.193438798
vt 0.0862445161 0.216786072
vt 0.100662373 0.271984398
vt 0.061095275 0.216786072
vt 0.0373829976 0.242522553
vt 0.0404716283 0.271984398
vt 0.0275877975 0.568367124
vt 0.0768206939 0.539790392
vt 0.0922650322 0.568366885
vt 0.0407866538 0.539813757
vt 0.0768206939 0.417782307
vt 0.0407866538 0.417788088
vt 0.102282874 0.397968948
vt 0.0162966363 0.397970498
vt 0.082192339 0.36175102
vt 0.102282874 0.397968948
vt 0.0162966363 0.397970498
vt 0.0346493796 0.361750841
vt 0.0921515301 0.286782682
vt 0.0417793542 0.286782622
vt 0.105758734 0.280596673
vt 0.0311789699 0.280596673
vt 0.100662373 0.271984398
vt 0.105758734 0.280596673
vt 0.0311789699 0.280596673
vt 0.0404716283 0.271984398
vt 0.824982047 0.631144404
vt 0.824717343 0.648848653
vt 0.846280515 0.648848653
vt 0.846015811 0.631144404
vt 0.845839322 0.619341612
vt 0.825158536 0.619341612
vt 0.823657453 0.564780951
vt 0.847340286 0.564780951
vt 0.818253696 0.481356889
vt 0.823657453 0.564780951
vt 0.847340286 0.564780951
vt 0.852744162 0.481356889
vt 0.81088382 0.47276184
vt 0.818253696 0.481356889
vt 0.852744162 0.481356889
vt 0.860114038 0.47276184
vt 0.821364343 0.446349263
vt 0.81088382 0.47276184
vt 0.860114038 0.47276184
vt 0.849633276 0.446349263
vt 0.821846664 0.327751935
vt 0.849151194 0.327751935
vt 0.80318135 0.313792586
vt 0.867816508 0.313792586
vt 0.824433029 0.272103101
vt 0.80318135 0.313792586
vt 0.867816508 0.313792586
vt 0.84656471 0.272103101
vt 0.823719919 0.21005109
vt 0.847278059 0.21005109
vt 0.810331047 0.20460403
vt 0.860666811 0.20460403
vt 0.822927415 0.196719825
vt 0.810331047 0.20460403
vt 0.860666811 0.20460403
vt 0.848070443 0.196719825
vt 0.823485553 0.0472264364
vt 0.847512186 0.0703745559
vt 0.847512066 0.0472264364
vt 0.823485553 0.0703745559
vt 0.847512066 0.0979600027
vt 0.823485553 0.0979600027
vt 0.847611606 0.133875981
vt 0.823386371 0.133875981
vt 0.848070443 0.196719825
vt 0.822927415 0.196719825
vt 0.0801663771 0.585960031
vt 0.145976588 0.72333616
vt 0.113761634 0.752452016
vt 0.0648401529 0.666412294
vt 0.538779259 0.789907694
vt 0.505762339 0.820575118
vt 0.526479959 0.822956681
vt 0.540348768 0.80994463
vt 0.538779259 0.789907694
vt 0.540348768 0.80994463
vt 0.526479959 0.822956681
vt 0.505762339 0.820575118
vt 0.940090835 0.697524667
vt 0.959631443 0.697524667
vt 0.963241696 0.678012192
vt 0.936480641 0.678012192
vt 0.940090835 0.709810853
vt 0.959631443 0.709810853
vt 0.959631443 0.697524667
vt 0.940090835 0.697524667
vt 0.963241816 0.722188234
vt 0.959631443 0.709810853
vt 0.940090835 0.709810853
vt 0.936480641 0.722188234
vt 0.645975351 0.585535169
vt 0.658799469 0.568367124
vt 0.594122231 0.568366885
vt 0.606220901 0.585960031
vt 0.490690589 0.105228655
vt 0.424976408 0.0672684684
vt 0.406308889 0.0917781964
vt 0.473458409 0.128305182
vt 0.521577656 0.168569893
vt 0.543396175 0.14850761
vt 0.554680169 0.20754379
vt 0.583718002 0.193438798
vt 0.600142658 0.216786072
vt 0.585725009 0.271984398
vt 0.625291884 0.216786072
vt 0.649004281 0.242522553
vt 0.645915568 0.271984398
vt 0.963241816 0.722188234
vt 0.936480641 0.722188234
vt 0.936480641 0.727291882
vt 0.963241994 0.727291882
vt 0.963242173 0.73239553
vt 0.936480641 0.73239553
vt 0.936808586 0.561206222
vt 0.963242173 0.601181984
vt 0.96291399 0.561206222
vt 0.936480641 0.601181984
vt 0.936480641 0.678012192
vt 0.963241696 0.678012192
vt 0.925213933 0.471707553
vt 0.932593644 0.48012951
vt 0.967129111 0.48012951
vt 0.974508643 0.471707553
vt 0.93759191 0.147180274
vt 0.93759191 0.16893512
vt 0.962130785 0.16893512
vt 0.962130785 0.147180274
vt 0.961929679 0.0205529109
vt 0.937792897 0.0205529109
vt 0.937792897 0.0478762761
vt 0.961929679 0.0478762761
vt 0.961929679 0.0769301727
vt 0.937792957 0.0769301727
vt 0.962029338 0.114752181
vt 0.937693179 0.114752181
vt 0.962130785 0.147180274
vt 0.93759191 0.147180274
vt 0.935004115 0.526251912
vt 0.936808586 0.561206222
vt 0.96291399 0.561206222
vt 0.964718461 0.526251912
vt 0.658799469 0.568367124
vt 0.609566629 0.539790392
vt 0.594122231 0.568366885
vt 0.645600617 0.539813757
vt 0.609566629 0.417782307
vt 0.645600617 0.417788088
vt 0.584104478 0.397968948
vt 0.670090497 0.397970498
vt 0.935708523 0.445318848
vt 0.925213933 0.471707553
vt 0.974508643 0.471707553
vt 0.964014173 0.445318848
vt 0.936332583 0.328544617
vt 0.963389993 0.328544617
vt 0.919442058 0.312096208
vt 0.980280638 0.312096208
vt 0.606220901 0.585960031
vt 0.541198909 0.72333616
vt 0.572891355 0.749577582
vt 0.620763123 0.666412294
vt 0.584104478 0.397968948
vt 0.670090497 0.397970498
vt 0.651737869 0.361750841
vt 0.604194939 0.36175102
vt 0.594235718 0.286782682
vt 0.644607842 0.286782622
vt 0.580628574 0.280596673
vt 0.655208111 0.280596673
vt 0.932593644 0.48012951
vt 0.935004115 0.526251912
vt 0.964718461 0.526251912
vt 0.967129111 0.48012951
vt 0.933602273 0.273568004
vt 0.919442058 0.312096208
vt 0.980280638 0.312096208
vt 0.966120243 0.273568004
vt 0.935079932 0.21053566
vt 0.964642644 0.21053566
vt 0.92687273 0.205022588
vt 0.972849846 0.205022588
vt 0.585725009 0.271984398
vt 0.580628574 0.280596673
vt 0.655208111 0.280596673
vt 0.645915568 0.271984398
vt 0.935757041 0.197347194
vt 0.92687273 0.205022588
vt 0.972849846 0.205022588
vt 0.963965535 0.197347194
vt 0.93759191 0.16893512
vt 0.935757041 0.197347194
vt 0.963965535 0.197347194
vt 0.962130785 0.16893512
vt 0.93759191 0.147180274
vt 0.93759191 0.147180274
vt 0.962130785 0.147180274
vt 0.962130785 0.147180274
vt 0.645975351 0.585535169
vt 0.606220901 0.585960031
vt 0.594122231 0.568366885
vt 0.658799469 0.568367124
vt 0.490690589 0.105228655
vt 0.406308889 0.0917781964
vt 0.424976408 0.0672684684
vt 0.473458409 0.128305182
vt 0.521577656 0.168569893
vt 0.543396175 0.14850761
vt 0.554680169 0.20754379
vt 0.583718002 0.193438798
vt 0.600142658 0.216786072
vt 0.585725009 0.271984398
vt 0.625291884 0.216786072
vt 0.649004281 0.242522553
vt 0.645915568 0.271984398
vt 0.658799469 0.568367124
vt 0.594122231 0.568366885
vt 0.609566629 0.539790392
vt 0.645600617 0.539813757
vt 0.609566629 0.417782307
vt 0.645600617 0.417788088
vt 0.584104478 0.397968948
vt 0.670090497 0.397970498
vt 0.604194939 0.36175102
vt 0.670090497 0.397970498
vt 0.584104478 0.397968948
vt 0.651737869 0.361750841
vt 0.594235718 0.286782682
vt 0.644607842 0.286782622
vt 0.580628574 0.280596673
vt 0.655208111 0.280596673
vt 0.585725009 0.271984398
vt 0.645915568 0.271984398
vt 0.655208111 0.280596673
vt 0.580628574 0.280596673
vt 0.846280515 0.648848653
vt 0.824717343 0.648848653
vt 0.824717343 0.648848653
vt 0.846280515 0.648848653
vt 0.818253696 0.481356889
vt 0.852744162 0.481356889
vt 0.847340286 0.564780951
vt 0.823657453 0.564780951
vt 0.81088382 0.47276184
vt 0.860114038 0.47276184
vt 0.852744162 0.481356889
vt 0.818253696 0.481356889
vt 0.821364343 0.446349263
vt 0.860114038 0.47276184
vt 0.81088382 0.47276184
vt 0.849633276 0.446349263
vt 0.821846664 0.327751935
vt 0.849151194 0.327751935
vt 0.80318135 0.313792586
vt 0.867816508 0.313792586
vt 0.824433029 0.272103101
vt 0.867816508 0.313792586
vt 0.80318135 0.313792586
vt 0.84656471 0.272103101
vt 0.823719919 0.21005109
vt 0.847278059 0.21005109
vt 0.810331047 0.20460403
vt 0.860666811 0.20460403
vt 0.822927415 0.196719825
vt 0.848070443 0.196719825
vt 0.860666811 0.20460403
vt 0.810331047 0.20460403
vt 0.823485553 0.0472264364
vt 0.847512066 0.0472264364
vt 0.847512186 0.0703745559
vt 0.823485553 0.0703745559
vt 0.847512066 0.0979600027
vt 0.823485553 0.0979600027
vt 0.847611606 0.133875981
vt 0.823386371 0.133875981
vt 0.848070443 0.196719825
vt 0.822927415 0.196719825
vt 0.823657453 0.564780951
vt 0.847340286 0.564780951
vt 0.845839322 0.619341612
vt 0.825158536 0.619341612
vt 0.82493794 0.634095132
vt 0.846059918 0.634095132
vt 0.824717343 0.648848653
vt 0.846280515 0.648848653
vt 0.606220901 0.585960031
vt 0.620763123 0.666412294
vt 0.572891355 0.749577582
vt 0.541198909 0.72333616
vt 0.366936743 0.872227192
vt 0.369097531 0.906507313
vt 0.313483894 0.906507313
vt 0.315644562 0.872227192
vt 0.342651069 0.0847169012
vt 0.328952312 0.100229442
vt 0.342651069 0.0915254802
vt 0.328952312 0.093420893
vt 0.298265398 0.102195233
vt 0.298265457 0.109003723
vt 0.265058428 0.0938120335
vt 0.265058428 0.100620568
vt 0.248171479 0.0758287758
vt 0.239885867 0.0756208152
vt 0.304174095 0.0717978776
vt 0.32518357 0.0383961312
vt 0.30382821 0.064418152
vt 0.32562387 0.0477118157
vt 0.342651069 0.0353679322
vt 0.342651069 0.0232195817
vt 0.288390398 0.0676290691
vt 0.288390398 0.0747330338
vt 0.304174095 0.0717978776
vt 0.30382821 0.064418152
vt 0.268078238 0.0522783101
vt 0.268078238 0.0592015535
vt 0.288390398 0.0747330338
vt 0.288390398 0.0676290691
vt 0.248171479 0.0758287758
vt 0.268078238 0.0592015535
vt 0.268078238 0.0522783101
vt 0.239885867 0.0756208152
vt 0.248171479 0.0758287758
vt 0.265058428 0.0938120335
vt 0.268078238 0.0592015535
vt 0.288390398 0.0747330338
vt 0.298265398 0.102195233
vt 0.304174095 0.0717978776
vt 0.32562387 0.0477118157
vt 0.328952312 0.093420893
vt 0.342651069 0.0847169012
vt 0.342651069 0.0353679322
vt 0.359678328 0.0477118157
vt 0.356349856 0.093420893
vt 0.387036741 0.102195233
vt 0.381128013 0.0717978776
vt 0.39691177 0.0747330338
vt 0.42024371 0.0938120335
vt 0.417223841 0.0592015535
vt 0.43713069 0.0758287758
vt 0.342651069 0.0847169012
vt 0.342651069 0.0915254802
vt 0.328952312 0.100229442
vt 0.328952312 0.093420893
vt 0.298265398 0.102195233
vt 0.298265457 0.109003723
vt 0.265058428 0.0938120335
vt 0.265058428 0.100620568
vt 0.248171479 0.0758287758
vt 0.239885867 0.0756208152
vt 0.304174095 0.0717978776
vt 0.30382821 0.064418152
vt 0.32518357 0.0383961312
vt 0.32562387 0.0477118157
vt 0.342651069 0.0353679322
vt 0.342651069 0.0232195817
vt 0.288390398 0.0676290691
vt 0.30382821 0.064418152
vt 0.304174095 0.0717978776
vt 0.288390398 0.0747330338
vt 0.268078238 0.0522783101
vt 0.288390398 0.0676290691
vt 0.288390398 0.0747330338
vt 0.268078238 0.0592015535
vt 0.248171479 0.0758287758
vt 0.239885867 0.0756208152
vt 0.268078238 0.0522783101
vt 0.268078238 0.0592015535
vt 0.248171479 0.0758287758
vt 0.268078238 0.0592015535
vt 0.265058428 0.0938120335
vt 0.288390398 0.0747330338
vt 0.298265398 0.102195233
vt 0.304174095 0.0717978776
vt 0.32562387 0.0477118157
vt 0.328952312 0.093420893
vt 0.342651069 0.0847169012
vt 0.342651069 0.0353679322
vt 0.359678328 0.0477118157
vt 0.356349856 0.093420893
vt 0.387036741 0.102195233
vt 0.381128013 0.0717978776
vt 0.39691177 0.0747330338
vt 0.42024371 0.0938120335
vt 0.417223841 0.0592015535
vt 0.43713069 0.0758287758
vt 0.342651069 0.0847169012
vt 0.342651069 0.0915254802
vt 0.356349856 0.100229442
vt 0.356349856 0.093420893
vt 0.387036741 0.102195233
vt 0.387036741 0.109003723
vt 0.42024371 0.0938120335
vt 0.420243651 0.100620568
vt 0.43713069 0.0758287758
vt 0.445416272 0.0756208152
vt 0.381128013 0.0717978776
vt 0.381474018 0.064418152
vt 0.360118628 0.0383961312
vt 0.359678328 0.0477118157
vt 0.342651069 0.0353679322
vt 0.342651069 0.0232195817
vt 0.39691177 0.0676290691
vt 0.381474018 0.064418152
vt 0.381128013 0.0717978776
vt 0.39691177 0.0747330338
vt 0.417223841 0.0522783101
vt 0.39691177 0.0676290691
vt 0.39691177 0.0747330338
vt 0.417223841 0.0592015535
vt 0.43713069 0.0758287758
vt 0.445416272 0.0756208152
vt 0.417223841 0.0522783101
vt 0.417223841 0.0592015535
vt 0.342651069 0.0847169012
vt 0.356349856 0.100229442
vt 0.342651069 0.0915254802
vt 0.356349856 0.093420893
vt 0.387036741 0.102195233
vt 0.387036741 0.109003723
vt 0.42024371 0.0938120335
vt 0.420243651 0.100620568
vt 0.43713069 0.0758287758
vt 0.445416272 0.0756208152
vt 0.381128013 0.0717978776
vt 0.360118628 0.0383961312
vt 0.381474018 0.064418152
vt 0.359678328 0.0477118157
vt 0.342651069 0.0353679322
vt 0.342651069 0.0232195817
vt 0.39691177 0.0676290691
vt 0.39691177 0.0747330338
vt 0.381128013 0.0717978776
vt 0.381474018 0.064418152
vt 0.417223841 0.0522783101
vt 0.417223841 0.0592015535
vt 0.39691177 0.0747330338
vt 0.39691177 0.0676290691
vt 0.43713069 0.0758287758
vt 0.417223841 0.0592015535
vt 0.417223841 0.0522783101
vt 0.445416272 0.0756208152
vt 0.334460199 0.811169386
vt 0.350345403 0.811169386
vt 0.342402756 0.818221211
vt 0.294369102 0.851598382
vt 0.390436471 0.851598382
vt 0.301878303 0.859199584
vt 0.293301672 0.865276635
vt 0.334460199 0.907236695
vt 0.342402756 0.900177956
vt 0.350345403 0.907236695
vt 0.382927358 0.859199584
vt 0.39150393 0.865276635
vt 0.220157087 0.346402019
vt 0.283294827 0.346402019
vt 0.327906311 0.434773475
vt 0.281937122 0.464230657
vt 0.465813994 0.346402019
vt 0.34298557 0.580380321
vt 0.373692691 0.521885693
vt 0.390436471 0.851598382
vt 0.390436471 0.851598382
vt 0.350345403 0.811169386
vt 0.39150393 0.865276635
vt 0.350345403 0.811169386
vt 0.334460199 0.811169386
vt 0.334460199 0.811169386
vt 0.342402756 0.818221211
vt 0.294369102 0.851598382
vt 0.294369102 0.851598382
vt 0.293301672 0.865276635
vt 0.382927358 0.859199584
vt 0.301878303 0.859199584
vt 0.39150393 0.865276635
vt 0.350345403 0.907236695
vt 0.350345403 0.907236695
vt 0.342402756 0.900177956
vt 0.334460199 0.907236695
vt 0.334460199 0.907236695
vt 0.293301672 0.865276635
vt 0.764050841 0.838796616
vt 0.870649457 0.956381798
vt 0.934593201 0.879705131
vt 0.934593201 0.7978881
vt 0.764050841 0.972584128
vt 0.870649457 0.721211374
vt 0.649290323 0.956381798
vt 0.764050841 0.705009103
vt 0.585346699 0.879705131
vt 0.649290323 0.721211374
vt 0.585346699 0.7978881
vn -0 -0.0974088982 -0.995244443
vn -0 -0.0974088982 -0.995244443
vn -0 -0.0974088982 -0.995244443
vn -0 0.0974089056 -0.995244443
vn -0 0.0974088982 -0.995244443
vn -0 0.0974088982 -0.995244443
vn -0.434019387 -0.386871189 0.813607931
vn -0.434019417 -0.386871189 0.813607872
vn -0.434019387 -0.386871159 0.813607931
vn -0.451458842 0.282778978 0.846298397
vn -0.451458842 0.282778889 0.846298397
vn -0.451458782 0.282778889 0.846298397
vn 0.434019387 -0.386871189 0.813607931
vn 0.434019387 -0.386871159 0.813607931
vn 0.434019417 -0.386871189 0.813607872
vn 0.451458842 0.282778978 0.846298397
vn 0.451458782 0.282778889 0.846298397
vn 0.451458842 0.282778889 0.846298397
vn -0.43402192 -0.386873484 -0.813605487
vn -0.43402192 -0.386873424 -0.813605487
vn -0.43402195 -0.386873513 -0.813605428
vn -0.451461643 0.282780737 -0.846296251
vn -0.451461673 0.282780737 -0.846296251
vn -0.451461673 0.282780737 -0.846296251
vn 0.43402192 -0.386873484 -0.813605487
vn 0.43402195 -0.386873513 -0.813605428
vn 0.43402192 -0.386873424 -0.813605487
vn 0.451461643 0.282780737 -0.846296251
vn 0.451461673 0.282780737 -0.846296251
vn 0.451461673 0.282780737 -0.846296251
vn -0.00243905419 0.259197682 0.965821207
vn -0.00243905443 0.259197712 0.965821207
vn -0.00243905419 0.259197682 0.965821207
vn -0.180899456 -0.8521263 0.491076648
vn -0.180899456 -0.8521263 0.491076648
vn -0.180899486 -0.8521263 0.491076708
vn -0.286133319 0.215004236 0.933756292
vn -0.286133409 0.215004265 0.933756292
vn -0.286133349 0.215004221 0.933756292
vn 0.00243905676 0.25919798 0.965821207
vn 0.00243905722 0.25919798 0.965821207
vn 0.00243905722 0.25919801 0.965821207
vn 0.180899456 -0.8521263 0.491076648
vn 0.180899486 -0.8521263 0.491076708
vn 0.180899456 -0.8521263 0.491076648
vn 0.286133319 0.21500434 0.933756292
vn 0.286133349 0.215004355 0.933756292
vn 0.286133379 0.21500434 0.933756292
vn -0.00243905676 0.25919798 -0.965821207
vn -0.00243905722 0.25919798 -0.965821207
vn -0.00243905722 0.25919801 -0.965821207
vn -0.180899456 -0.8521263 -0.491076648
vn -0.180899486 -0.8521263 -0.491076708
vn -0.180899456 -0.8521263 -0.491076648
vn -0.286133319 0.21500434 -0.933756292
vn -0.286133349 0.215004355 -0.933756292
vn -0.286133379 0.21500434 -0.933756292
vn 0.00243905419 0.259197682 -0.965821207
vn 0.00243905443 0.259197712 -0.965821207
vn 0.00243905419 0.259197682 -0.965821207
vn 0.180899456 -0.8521263 -0.491076648
vn 0.180899456 -0.8521263 -0.491076648
vn 0.180899486 -0.8521263 -0.491076708
vn 0.286133319 0.215004236 -0.933756292
vn 0.286133409 0.215004265 -0.933756292
vn 0.286133349 0.215004221 -0.933756292
vn 0.0516241007 0.584695995 0.809608281
vn 0.0516241007 0.584695935 0.80960834
vn 0.0516240969 0.584695995 0.809608281
vn -0.554125547 -0.193594843 0.809608519
vn -0.554125607 -0.193594828 0.809608459
vn -0.554125607 -0.193594843 0.809608519
vn -0.0516240485 -0.584694803 0.809609115
vn -0.0516240411 -0.584694862 0.809609115
vn -0.0516240411 -0.584694803 0.809609115
vn 0.554125547 0.193594277 0.809608579
vn 0.554125607 0.193594277 0.809608519
vn 0.554125667 0.193594292 0.809608519
vn 0.0516241454 0.584696054 -0.809608221
vn 0.0516241603 0.584696174 -0.809608221
vn 0.0516241454 0.584696114 -0.809608221
vn -0.554125488 -0.193594724 -0.809608579
vn -0.554125428 -0.193594724 -0.809608579
vn -0.554125488 -0.193594724 -0.809608579
vn -0.190609187 -0.50251931 -0.843292654
vn -0.190609187 -0.50251931 -0.843292654
vn -0.190609187 -0.50251931 -0.843292654
vn 0.440342456 0.308150321 -0.843292296
vn 0.440342486 0.308150351 -0.843292296
vn 0.440342486 0.308150351 -0.843292296
vn -0.0516241379 0.584696233 0.809608102
vn -0.0516241342 0.584696233 0.809608042
vn -0.0516241267 0.584696233 0.809608102
vn 0.554125309 -0.193594739 0.809608638
vn 0.554125249 -0.193594739 0.809608638
vn 0.554125309 -0.193594739 0.809608638
vn 0.0516240597 -0.584694803 0.809609115
vn 0.0516240597 -0.584694803 0.809609115
vn 0.0516240597 -0.584694862 0.809609115
vn -0.554125547 0.193594277 0.809608579
vn -0.554125667 0.193594292 0.809608519
vn -0.554125607 0.193594277 0.809608519
vn -0.0516241007 0.584695816 -0.80960834
vn -0.0516241007 0.584695816 -0.80960834
vn -0.0516241007 0.584695816 -0.80960834
vn 0.554125667 -0.193594813 -0.80960834
vn 0.554125667 -0.193594813 -0.80960834
vn 0.554125667 -0.193594813 -0.80960834
vn 0.190609187 -0.502519131 -0.843292713
vn 0.190609202 -0.50251919 -0.843292713
vn 0.190609187 -0.502519131 -0.843292832
vn -0.440342456 0.30815044 -0.843292296
vn -0.440342456 0.3081505 -0.843292236
vn -0.440342456 0.3081505 -0.843292236
vn 0.450529337 0.374429554 0.810447931
vn 0.450529337 0.374429554 0.810447931
vn 0.450529367 0.374429524 0.810447872
vn -0.495484859 0.086162284 0.864332616
vn -0.495484829 0.0861622691 0.864332497
vn -0.495484859 0.086162284 0.864332616
vn -0.450529307 0.374429494 0.81044805
vn -0.450529248 0.374429435 0.81044805
vn -0.450529248 0.374429435 0.81044805
vn 0.495484859 0.086162284 0.864332616
vn 0.495484859 0.086162284 0.864332616
vn 0.495484829 0.0861622691 0.864332497
vn 0.450529307 0.374429435 -0.81044805
vn 0.450529307 0.374429554 -0.81044805
vn 0.450529248 0.374429435 -0.81044805
vn -0.495484859 0.086162284 -0.864332616
vn -0.495484859 0.086162284 -0.864332616
vn -0.495484829 0.0861622691 -0.864332497
vn -0.450529456 0.374429524 -0.810447872
vn -0.450529397 0.374429494 -0.810447872
vn -0.450529456 0.374429524 -0.810447872
vn 0.495484859 0.086162284 -0.864332616
vn 0.495484829 0.0861622691 -0.864332497
vn 0.495484859 0.086162284 -0.864332616
vn -0 0 1
vn -0 0 1
vn -0 0 1
vn -0.000883160159 0.0790165067 0.996872962
vn -0.000883160101 0.0790165067 0.996872962
vn -0.000883160101 0.0790165067 0.996872962
vn -0.0436926335 0.0341870077 0.998459935
vn -0.0436926298 0.0341870077 0.998459935
vn -0.0436926335 0.0341870114 0.998459935
vn -0.133286223 0.991063118 0.00536463875
vn -0.133286208 0.991063118 0.00536463875
vn -0.133286223 0.991063118 0.00536463875
vn -0.133286223 0.991063118 -0.00536463875
vn -0.133286223 0.991063118 -0.00536463875
vn -0.133286208 0.991063118 -0.00536463875
vn -0.00088315981 0.0790165961 -0.996872962
vn -0.000883159868 0.079016611 -0.996872962
vn -0.000883159868 0.0790166035 -0.996872962
vn -0.0436926484 0.0341869444 -0.998459935
vn -0.043692641 0.0341869406 -0.998459935
vn -0.0436926335 0.0341869406 -0.998459935
vn -6.7570486E-06 2.43216368E-06 -1
vn -6.7570486E-06 2.43216346E-06 -1
vn -6.75704814E-06 2.43216368E-06 -1
vn -0 0 1
vn -0 0 1
vn -0 0 1
vn -0 0 1
vn -0 0 1
vn -0 0 1
vn -0 0 1
vn -0 0 1
vn -0 0 1
vn -0 0 1
vn -0 0 1
vn -0 0 1
vn -0 0 1
vn -0 0 1
vn -0 0 1
vn -0 0 1
vn -0 0 1
vn -0 0 1
vn -0 0 1
vn -0 0 1
vn -0 0 1
vn -0 0 1
vn -0 0 1
vn 0.00088315981 0.0790164769 0.996872962
vn 0.000883159868 0.0790164769 0.996872962
vn 0.000883159868 0.0790164918 0.996872962
vn 0.0436926074 0.0341870151 0.998459935
vn 0.0436926037 0.0341870114 0.998459935
vn 0.0436926 0.0341870114 0.998459935
vn 0.133286223 0.991063118 -0.00536463875
vn 0.133286208 0.991063118 -0.00536463875
vn 0.133286223 0.991063118 -0.00536463875
vn 0.133286223 0.991063118 0.00536463875
vn 0.133286223 0.991063118 0.00536463875
vn 0.133286208 0.991063118 0.00536463875
vn 0.000883160159 0.0790166259 -0.996872962
vn 0.000883160101 0.079016611 -0.996872962
vn 0.000883160101 0.0790166259 -0.996872962
vn 0.0436926335 0.0341869369 -0.998459935
vn 0.0436926298 0.0341869369 -0.998459935
vn 0.0436926298 0.0341869332 -0.998459935
vn 6.7570486E-06 2.43216641E-06 -1
vn 1.93897336E-06 1.7400306E-06 -1
vn 6.7570486E-06 2.43216618E-06 -1
vn 1.57313275E-06 1.22372035E-06 -1
vn 1.36617609E-06 9.31642717E-07 -1
vn 1.02251011E-06 4.46627467E-07 -1
vn 1.93897336E-06 1.74003037E-06 -1
vn -0 0 -1
vn 2.24575402E-07 4.86197496E-06 -1
vn 2.24575373E-07 4.86197496E-06 -1
vn 2.24575416E-07 4.86197541E-06 -1
vn -0 0 -1
vn -0 0 -1
vn -1.11199154E-06 5.8703904E-07 -1
vn -0 0 -1
vn -1.11199165E-06 5.87039096E-07 -1
vn -1.59089905E-06 1.25237091E-06 -1
vn -1.36652113E-06 9.40649556E-07 -1
vn -2.24575444E-07 4.86197632E-06 -1
vn -2.04636785E-06 1.88514025E-06 -1
vn -2.24575444E-07 4.86197632E-06 -1
vn -2.24575444E-07 4.86197632E-06 -1
vn -2.24575444E-07 4.86197632E-06 -1
vn -0.0747899413 0 -0.997199297
vn -0.0420763977 -0.343155056 -0.938335836
vn -0 -0.343459219 -0.939167559
vn -0 -0.343459308 -0.939167559
vn -0.0420764089 -0.343155116 -0.938335836
vn 0.0420763828 -0.343155146 -0.938335836
vn 0.0420763604 -0.343155086 -0.938335836
vn 0.0420762971 -0.343154967 -0.938335955
vn 0.254340768 -0.217702597 -0.942293108
vn 0.254340738 -0.217702627 -0.942293108
vn 0.254340768 -0.217702582 -0.942293108
vn 0.254340738 -0.217702642 -0.942293108
vn 0.254340768 -0.217702985 -0.942293108
vn -0.254340738 -0.217702582 -0.942293108
vn -0.254340738 -0.217702597 -0.942293108
vn -0.254340738 -0.217702582 -0.942293108
vn -0.254340738 -0.217702582 -0.942293108
vn -0.254340738 -0.217702791 -0.942293108
vn -0.254340857 0.217702597 -0.942293108
vn -0.254340887 0.217702657 -0.942293108
vn -0.254340887 0.217702627 -0.942293108
vn -0.254340827 0.217702582 -0.942293108
vn -0.254340857 0.217702627 -0.942293108
vn 0.254340857 0.217702642 -0.942293108
vn 0.254340857 0.217702642 -0.942293108
vn 0.254340827 0.217702627 -0.942293108
vn 0.254340827 0.217702642 -0.942293108
vn 0.254340917 0.217702895 -0.942292988
vn 0.404385298 -0.0345775634 -0.913934767
vn 0.404385328 -0.0345775448 -0.913934767
vn 0.404627323 0 -0.91448164
vn 0.404627323 0 -0.91448164
vn 0.404627264 0 -0.91448164
vn 0.404385328 0.0345774814 -0.913934767
vn 0.404385328 0.0345775187 -0.913934767
vn 0.0747899413 0 -0.997199297
vn 0.0747899413 0 -0.997199297
vn 0.0747899413 0 -0.997199297
vn 0.0747899413 0 -0.997199297
vn 0.0747899413 0 -0.997199297
vn 0.0747899413 0 -0.997199297
vn 0.0747899413 0 -0.997199297
vn -0.0747899413 0 -0.997199297
vn -0.0747899413 0 -0.997199297
vn -0.0747899413 0 -0.997199297
vn -0.0747899413 0 -0.997199297
vn -0.0747899413 0 -0.997199297
vn -0.0747899413 0 -0.997199297
vn -0.0747899413 0 -0.997199297
vn -0.404385328 0.0345775634 -0.913934886
vn -0.404385298 0.0345775485 -0.913934767
vn -0.404627293 0 -0.91448164
vn -0.404627264 0 -0.91448164
vn -0.404627383 0 -0.91448164
vn -0.404385328 -0.0345774852 -0.913934767
vn -0.404385328 -0.0345775224 -0.913934767
vn -0 0.343458921 -0.939167678
vn -0.0420763232 0.343154818 -0.938335955
vn -0.0420763046 0.343154818 -0.938335955
vn -0 0.34345898 -0.939167678
vn 0.0420763716 0.343154758 -0.938335955
vn -0 0.343458921 -0.939167678
vn 0.0420763455 0.343154818 -0.938335955
vn 0.0747899413 0 -0.997199297
vn 0.0747899413 0 -0.997199297
vn 0.0747899413 0 -0.997199297
vn 0.0747899413 0 -0.997199297
vn 0.0747899413 0 -0.997199297
vn 0.0747899413 0 -0.997199297
vn 0.0747899413 0 -0.997199297
vn -0.0093999207 0.0281365532 0.99955982
vn -0.00939991977 0.0281365551 0.99955982
vn -0 0 1
vn -0 0 1
vn -0 0 1
vn -1.66073193E-07 0 1
vn 0.00939991325 0.0281365365 0.99955982
vn 0.00939991418 0.0281365309 0.99955982
vn 1.66073221E-07 0 1
vn 1.5440601E-07 0 1
vn 1.5440601E-07 0 1
vn -0 0 1
vn -1.66073164E-07 0 1
vn -1.66073193E-07 0 1
vn -0 0 1
vn -2.50848871E-07 0 1
vn 1.66073221E-07 0 1
vn 1.66073235E-07 0 1
vn -0 0 1
vn -0 0 1
vn -0.662054896 0.314945191 0.680068195
vn -0.903029442 0.429578722 -2.55274159E-07
vn -0.792985082 0.609241009 -1.08821794E-07
vn -0.602428257 0.466182798 0.647884071
vn -0.345596403 0.938383281 0
vn -0.276072085 0.784505963 0.555278838
vn 0.168747947 0.857656538 0.485746354
vn 0.186147586 0.982521772 0
vn 0.516198456 0.766649961 0.38182053
vn 0.548021853 0.836464107 -2.16677861E-07
vn 0.575950682 0.739765406 0.347890884
vn 0.614324391 0.789053619 -3.49899182E-07
vn -0.427117616 -0.830969572 0.356454939
vn -0.427117676 -0.830969572 0.356454939
vn -0.427117676 -0.830969572 0.356454939
vn -0.427117676 -0.830969572 0.356454939
vn 0.481811017 -0.727703929 0.488164932
vn 0.481810957 -0.727703989 0.488164991
vn 0.481811017 -0.727703929 0.488164932
vn 0.481810987 -0.727704048 0.488164932
vn 0.879749656 -0.209684134 0.426700264
vn 0.879749715 -0.209684163 0.426700264
vn 0.879749656 -0.209684148 0.426700294
vn 0.879749715 -0.209684148 0.426700264
vn 0.503269792 -0.609919608 0.612141728
vn 0.653831184 -0.398685932 0.643081963
vn 0.653831124 -0.398685932 0.643081903
vn 0.443688393 -0.672880411 0.59192282
vn 0.070081763 -0.875862241 0.477445334
vn 0.0504992008 -0.880327463 0.471670687
vn -0.58309263 -0.746721089 0.320016682
vn -0.587350965 -0.743879735 0.318844706
vn -0.938426018 0.111687727 0.326928794
vn -0.930823863 0.167111903 0.32502383
vn -0.885967493 0.314540774 0.340772063
vn -0.88115406 0.333518922 0.335160464
vn -0.922944248 0.0319206752 0.383607775
vn -0.922998786 0.0291470643 0.38369742
vn -0.861522198 -0.360376656 0.357642382
vn -0.872841299 -0.326224923 0.362939924
vn -0.595017731 -0.727884471 0.340790421
vn -0.598397195 -0.725129724 0.340745866
vn -0.316102386 -0.890960157 0.325989604
vn -0.316102356 -0.890960217 0.325989634
vn 0.0439946763 0.241423696 0.969422102
vn 0.0439946838 0.241423726 0.969422102
vn 0.0439946838 0.241423741 0.969422102
vn 0.0439946763 0.241423696 0.969422102
vn -0.162673548 0.303617895 0.938804328
vn -0.162673578 0.303617954 0.938804328
vn -0.162673533 0.303617865 0.938804328
vn -0.162673563 0.303617924 0.938804328
vn 0.662054598 0.314945012 0.680068672
vn 0.792985082 0.609241009 1.36027225E-07
vn 0.903029442 0.429578722 2.55274159E-07
vn 0.602428079 0.466182739 0.64788425
vn 0.345596403 0.938383281 0
vn 0.276072085 0.784505904 0.555278838
vn -0.186147615 0.982521772 0
vn -0.168747932 0.857656419 0.485746384
vn -0.516198397 0.766649842 0.381820977
vn -0.548021853 0.836464107 2.16677861E-07
vn -0.575950503 0.739765167 0.34789151
vn -0.614324391 0.789053619 3.49899182E-07
vn 0.427117616 -0.830969572 0.356454939
vn 0.427117676 -0.830969512 0.356454968
vn 0.427117676 -0.830969572 0.356454939
vn 0.427117616 -0.830969572 0.356454939
vn -0.481811106 -0.727704167 0.488164753
vn -0.481811076 -0.727704048 0.488164723
vn -0.481811106 -0.727704167 0.488164753
vn -0.481811076 -0.727704048 0.488164663
vn -0.879749715 -0.209684163 0.426700115
vn -0.879749715 -0.209684163 0.426700145
vn -0.879749715 -0.209684148 0.426700145
vn -0.879749715 -0.209684193 0.426700115
vn 0.915670335 -0.118059605 0.384200186
vn 0.915670335 -0.118059605 0.384200126
vn 0.915670335 -0.118059613 0.384200186
vn 0.915670335 -0.118059613 0.384200215
vn 0.908218563 0.188387573 0.373696774
vn 0.908218563 0.188387558 0.373696834
vn 0.908218563 0.188387573 0.373696834
vn 0.908218563 0.188387573 0.373696774
vn -0.503269792 -0.609919965 0.61214143
vn -0.653830886 -0.398685843 0.643082201
vn -0.653830886 -0.398685843 0.643082201
vn -0.443688452 -0.672880888 0.591922224
vn -0.0700819269 -0.875862479 0.477444619
vn -0.0504993759 -0.88032788 0.471670121
vn 0.58309263 -0.746721089 0.320016503
vn 0.587350905 -0.743879795 0.318844527
vn 0.938425779 0.111687578 0.32692945
vn 0.930823684 0.167111859 0.325024605
vn 0.844928086 0.443581581 0.298884481
vn 0.844928086 0.443581641 0.298884511
vn -0 0.989888847 0.141845286
vn -0 1 -3.52653757E-07
vn -0 1 -3.52653757E-07
vn -0 0.989888847 0.141845286
vn -0.043994762 0.241423726 0.969422102
vn -0.043994762 0.241423741 0.969422102
vn -0.0439947657 0.241423756 0.969422102
vn -0.0439947657 0.241423756 0.969422102
vn 0.162673041 0.303616971 0.938804746
vn 0.162673056 0.303616941 0.938804746
vn 0.162673041 0.303616941 0.938804746
vn 0.162673041 0.303616971 0.938804746
vn 0.598397195 -0.725129724 0.340745777
vn 0.316102415 -0.890960217 0.325989395
vn 0.316102356 -0.890960217 0.325989336
vn 0.59501785 -0.727884412 0.340790331
vn 0.788757384 -0.52208811 0.324477702
vn 0.788757384 -0.52208811 0.324477702
vn -0.00939991325 0.0281365365 -0.99955982
vn -0.00939991325 0.0281365346 -0.99955982
vn -0.00939991418 0.0281365309 -0.99955982
vn -0 0 -1
vn -0 0 -1
vn -1.66073221E-07 0 -1
vn 0.0093999207 0.0281365532 -0.99955982
vn 0.00939991977 0.0281365551 -0.99955982
vn 1.66073193E-07 0 -1
vn -0 0 -1
vn -0 0 -1
vn -1.5440601E-07 0 -1
vn -1.66073221E-07 0 -1
vn -1.66073235E-07 0 -1
vn -0 0 -1
vn -0 0 -1
vn 1.66073164E-07 0 -1
vn 1.66073193E-07 0 -1
vn -0 0 -1
vn 2.50848871E-07 0 -1
vn -0.662054598 0.314945012 -0.680068672
vn -0.792985082 0.609241009 -1.08821794E-07
vn -0.903029442 0.429578722 -2.55274159E-07
vn -0.602428079 0.466182739 -0.64788425
vn -0.345596403 0.938383281 0
vn -0.276072085 0.784505904 -0.555278838
vn 0.168747932 0.857656419 -0.485746384
vn 0.186147586 0.982521772 0
vn 0.516198397 0.766649842 -0.381820977
vn 0.548021853 0.836464107 -2.16677861E-07
vn 0.575950503 0.739765167 -0.34789151
vn 0.614324391 0.789053619 -3.49899182E-07
vn -0.427117616 -0.830969572 -0.356454939
vn -0.427117676 -0.830969512 -0.356454968
vn -0.0369077064 -0.884399414 -0.465269327
vn -0.0877589956 -0.885853767 -0.455589235
vn 0.602109849 -0.627895355 -0.493164539
vn 0.635692835 -0.594588578 -0.492299855
vn 0.879749715 -0.209684163 -0.426700115
vn 0.879749715 -0.209684193 -0.426700115
vn 0.503269792 -0.609919965 -0.61214143
vn 0.653830886 -0.398685843 -0.643082201
vn 0.653830886 -0.398685843 -0.643082201
vn 0.443688452 -0.672880888 -0.591922224
vn 0.0700819269 -0.875862479 -0.477444619
vn 0.0504993759 -0.88032788 -0.471670121
vn -0.58309263 -0.746721089 -0.320016503
vn -0.587350905 -0.743879795 -0.318844527
vn -0.938425779 0.111687578 -0.32692945
vn -0.930823684 0.167111859 -0.325024605
vn -0.885967433 0.314540774 -0.340772539
vn -0.881153882 0.333518922 -0.33516103
vn -0.922944248 0.0319206864 -0.383607805
vn -0.922998667 0.0291470848 -0.38369748
vn -0.861522198 -0.360376626 -0.357642502
vn -0.872841179 -0.326224864 -0.362940043
vn -0.595017791 -0.727884471 -0.340790272
vn -0.598397136 -0.725129724 -0.340745747
vn -0.316102415 -0.890960217 -0.325989395
vn -0.316102356 -0.890960217 -0.325989336
vn -0 0.989888728 -0.141845942
vn -0 0.989888728 -0.141845942
vn -0 1 -3.52653757E-07
vn -0 1 -3.52653757E-07
vn 0.043994762 0.241423726 -0.969422102
vn 0.043994762 0.241423741 -0.969422102
vn 0.0439947657 0.241423756 -0.969422102
vn 0.0439947657 0.241423756 -0.969422102
vn -0.162673041 0.303616971 -0.938804746
vn -0.162673056 0.303616941 -0.938804746
vn -0.162673041 0.303616941 -0.938804746
vn -0.162673041 0.303616971 -0.938804746
vn 0.662054896 0.314945191 -0.680068195
vn 0.903029442 0.429578722 2.55274159E-07
vn 0.792985082 0.609241009 1.36027225E-07
vn 0.602428257 0.466182798 -0.647884071
vn 0.345596403 0.938383281 0
vn 0.276072085 0.784505963 -0.555278838
vn -0.186147615 0.982521772 0
vn -0.168747976 0.857656538 -0.485746384
vn -0.516198456 0.766649961 -0.38182053
vn -0.548021853 0.836464107 2.16677861E-07
vn -0.575950682 0.739765406 -0.347890884
vn -0.614324391 0.789053619 3.49899182E-07
vn 0.427117616 -0.830969572 -0.356454939
vn 0.0369077735 -0.884399295 -0.465269417
vn 0.427117676 -0.830969572 -0.356454939
vn 0.0877590403 -0.885853648 -0.455589354
vn -0.60210979 -0.627895236 -0.493164718
vn -0.635692716 -0.594588399 -0.492300093
vn -0.879749656 -0.209684134 -0.426700264
vn -0.879749715 -0.209684163 -0.426700264
vn -0.503269792 -0.609919608 -0.612141728
vn -0.653831184 -0.398685932 -0.643081963
vn -0.653831124 -0.398685932 -0.643081903
vn -0.443688393 -0.672880411 -0.59192282
vn -0.070081763 -0.875862241 -0.477445334
vn -0.0504992008 -0.880327463 -0.471670687
vn 0.58309263 -0.746721089 -0.320016682
vn 0.587350965 -0.743879735 -0.318844706
vn 0.938426018 0.111687727 -0.326928794
vn 0.930823863 0.167111903 -0.32502383
vn 0.885967493 0.314540774 -0.340772063
vn 0.88115406 0.333518922 -0.335160464
vn 0.922944367 0.0319206752 -0.383607715
vn 0.922998786 0.0291470643 -0.38369742
vn 0.861522198 -0.360376686 -0.357642323
vn 0.872841299 -0.326224983 -0.362939924
vn 0.595017731 -0.727884471 -0.340790391
vn 0.598397136 -0.725129724 -0.340745866
vn 0.316102386 -0.890960157 -0.325989604
vn 0.316102356 -0.890960217 -0.325989634
vn -0.0439946763 0.241423696 -0.969422102
vn -0.0439946838 0.241423726 -0.969422102
vn -0.0439946838 0.241423741 -0.969422102
vn -0.0439946763 0.241423696 -0.969422102
vn 0.162673548 0.303617895 -0.938804328
vn 0.162673578 0.303617954 -0.938804328
vn 0.162673533 0.303617865 -0.938804328
vn 0.162673563 0.303617924 -0.938804328
vn -0 0 1
vn -0 0 1
vn -0 0 1
vn -0 0 1
vn -0 0 -1
vn -0 0 -1
vn -0 0 -1
vn -0 0 -1
vn 0.0879501179 0.996124804 0
vn 0.0879501179 0.996124804 0
vn 0.0879501179 0.996124804 0
vn 0.0879501179 0.996124804 0
vn -0.0879501477 -0.996124804 0
vn -0.0879501477 -0.996124804 0
vn -0.0879501402 -0.996124804 0
vn -0.0879501477 -0.996124804 0
vn -0.944043577 -0.329820663 0
vn -0.944043577 -0.329820663 0
vn -0.944043577 -0.329820663 0
vn -0.944043577 -0.329820663 0
vn 0.944043815 0.329820037 0
vn 0.944043815 0.329820037 0
vn 0.944043815 0.329820037 0
vn 0.944043815 0.329820007 0
vn -0.0879501179 0.996124804 0
vn -0.0879501179 0.996124804 0
vn -0.0879501179 0.996124804 0
vn -0.0879501179 0.996124804 0
vn 0.08795017 -0.996124804 0
vn 0.08795017 -0.996124804 0
vn 0.0879501626 -0.996124804 0
vn 0.0879501551 -0.996124804 0
vn 0.944043577 -0.329820663 0
vn 0.944043577 -0.329820663 0
vn 0.944043577 -0.329820663 0
vn 0.944043577 -0.329820663 0
vn -0.944043815 0.329820246 0
vn -0.944043815 0.329820246 0
vn -0.944043815 0.329820246 0
vn -0.944043815 0.329820246 0
vn -0 0.392887801 0.91958642
vn -0 0.392887801 0.91958642
vn -0 0.392887771 0.91958642
vn -0 0.392887771 0.91958642
vn -0.168464467 0.17811358 0.969481885
vn -0.168464467 0.17811358 0.969481885
vn -0.168464482 0.178113595 0.969482005
vn -0.168464482 0.178113595 0.969481885
vn -0.168469101 0.178115129 -0.969480872
vn -0.168469101 0.178115115 -0.969480872
vn -0.168469101 0.178115115 -0.969480872
vn -0.168469086 0.178115115 -0.969480872
vn -0.996994615 -0.0774704069 0
vn -0.996994615 -0.0774703994 0
vn -0.996994615 -0.0774703994 0
vn -0.996994615 -0.0774704069 0
vn -0.687153816 0.726511896 0
vn -0.687153816 0.726511896 0
vn -0.687153816 0.726511896 0
vn -0.687153816 0.726511896 0
vn 0.100283228 0.994958937 0
vn 0.100283228 0.994958937 0
vn 0.100283228 0.994958937 0
vn 0.100283235 0.994958937 0
vn -0.00167484896 0.427278936 0.904118359
vn -0.00167484907 0.427278996 0.904118359
vn -0.00167484942 0.427278996 0.904118359
vn -0.00167484931 0.427278996 0.904118359
vn -4.41708181E-07 -2.77428558E-06 1
vn -4.41708181E-07 -2.7742858E-06 1
vn -4.4170821E-07 -2.77428603E-06 1
vn -4.4170821E-07 -2.77428558E-06 1
vn 0.00123223173 -0.00181528507 0.999997616
vn 0.00123223162 -0.00181528507 0.999997616
vn 0.0012322315 -0.00181528507 0.999997616
vn 0.00123223162 -0.0018152853 0.999997616
vn 0.00241897651 -0.00150360621 0.999995947
vn -0 0 1
vn -0 -1.25668876E-07 1
vn -0 0 1
vn -0 0 1
vn -0.473942995 0.88055557 0
vn -0.40602988 0.913859785 0
vn -0.406029969 0.913859785 0
vn -0.473943084 0.880555451 0
vn -0.561815977 0.827262163 0
vn -0.561815977 0.827262163 0
vn -0.88283515 0.469682872 0
vn -0.88283515 0.469682872 0
vn -0.835059941 0.550158978 0
vn -0.835059881 0.550159156 0
vn -0.705302 0.708906889 0
vn -0.705302 0.708906889 0
vn -0.671395302 0.741099477 0
vn -0.671395302 0.741099477 0
vn -0.671395183 0.741099477 0
vn -0.671395183 0.741099477 0
vn -0.738151252 -0.674635231 0
vn -0.738151252 -0.674635231 0
vn -0.738151252 -0.674635231 0
vn -0.738151252 -0.674635231 0
vn -0.503225744 -0.864154935 0
vn -0.568805456 -0.822472036 0
vn -0.503225744 -0.864154935 0
vn -0.568805456 -0.822472036 0
vn -0.691131949 -0.722728491 0
vn -0.691131949 -0.722728491 0
vn -0.771789849 -0.635877609 0
vn -0.771789849 -0.635877609 0
vn -0.820061207 -0.572275817 0
vn -0.820061207 -0.572275817 0
vn -0.787568808 0.616226673 0
vn -0.787568808 0.616226673 0
vn -0.787568808 0.616226673 0
vn -0.787568808 0.616226673 0
vn -6.95979179E-05 -0.314558566 0.949238122
vn -6.95979106E-05 -0.314558506 0.949238122
vn -2.48460128E-05 -0.112287045 0.993675768
vn -2.45936753E-05 -0.111146502 0.993804097
vn 1.63345812E-05 0.271423161 0.962460101
vn 1.62423221E-05 0.269890428 0.962891102
vn 4.08296546E-05 0.678366601 0.734723568
vn 4.08296546E-05 0.678366601 0.734723568
vn -0.988551974 -0.150881007 0
vn -0.892517447 -0.451012999 0
vn -0.892517447 -0.451012999 0
vn -0.988551974 -0.150881007 0
vn -0.952007651 0.306074291 0
vn -0.952007651 0.306074291 0
vn -0.672271192 0.740304947 0
vn -0.672271192 0.740304947 0
vn -0.0179993957 0.0231532939 0.999569833
vn -0.0179993957 0.0231532939 0.999569833
vn -0.0179993957 0.0231532957 0.999569833
vn -0.0179993957 0.0231532939 0.999569833
vn -5.3164149E-06 -0.474482268 0.880265057
vn -2.51475421E-06 -0.249248788 0.968439579
vn -5.3164149E-06 -0.474482298 0.880265057
vn -2.3462942E-06 -0.235620588 0.97184515
vn -1.5386712E-07 0.176630601 0.984277248
vn -1.24165652E-07 0.143642232 0.989629686
vn -7.29133262E-07 0.81386131 0.581059098
vn -7.29133205E-07 0.81386131 0.581059098
vn -0.994696379 -0.102854766 0
vn -0.994696379 -0.102854766 0
vn -0.994696379 -0.102854759 0
vn -0.994696379 -0.102854759 0
vn -0.951263428 -0.308379531 0
vn -0.856708288 -0.515801311 0
vn -0.856708288 -0.515801311 0
vn -0.951263428 -0.308379531 0
vn -0.993756652 0.111569002 0
vn -0.993756652 0.111569025 0
vn -0.507053792 0.861914396 0
vn -0.507053733 0.861914396 0
vn 1.97351554E-07 -0.736587465 0.676342249
vn 1.97351582E-07 -0.736587405 0.676342309
vn 1.97351568E-07 -0.736587405 0.676342309
vn 1.97351582E-07 -0.736587405 0.676342309
vn -0.682691038 -0.730707228 0
vn -0.682691038 -0.730707228 0
vn -0.682691038 -0.730707228 0
vn -0.682690978 -0.730707228 0
vn -0.99463588 0.103437379 0
vn -0.99463588 0.103437379 0
vn -0.99463588 0.103437379 0
vn -0.99463588 0.103437379 0
vn -0 -1 0
vn -0 -1 0
vn -0 -1 0
vn -0 -1 0
vn -0.00167485781 0.427278936 -0.904118359
vn -0.00167485792 0.427278996 -0.904118359
vn -0.00167485769 0.427278906 -0.904118359
vn -0.00167485792 0.427278996 -0.904118359
vn -4.41708039E-07 -2.77428489E-06 -1
vn -4.41708011E-07 -2.77428489E-06 -1
vn -4.41708039E-07 -2.77428512E-06 -1
vn -4.41708011E-07 -2.77428489E-06 -1
vn 0.00123225828 -0.00181528507 -0.999997616
vn 0.00123225828 -0.00181528507 -0.999997616
vn 0.00123225828 -0.00181528507 -0.999997616
vn 0.00123225839 -0.0018152853 -0.999997616
vn 0.00241901469 -0.0015036054 -0.999995947
vn -0 0 -1
vn -0 -1.25668919E-07 -1
vn -0 0 -1
vn -0 0 -1
vn -6.9597947E-05 -0.314558625 -0.949238122
vn -2.48709093E-05 -0.112287052 -0.993675768
vn -6.95979397E-05 -0.314558595 -0.949238122
vn -2.46187046E-05 -0.111146502 -0.993804097
vn 1.63074528E-05 0.271423191 -0.962460101
vn 1.62151209E-05 0.269890487 -0.962891102
vn 4.08253509E-05 0.678366661 -0.734723508
vn 4.08253545E-05 0.678366661 -0.734723508
vn -2.34234994E-06 -0.235620618 -0.97184509
vn -5.3164149E-06 -0.474482268 -0.880265057
vn -5.3164149E-06 -0.474482268 -0.880265057
vn -2.51102142E-06 -0.249248788 -0.968439579
vn -1.48376387E-07 0.176630691 -0.984277248
vn -1.18455851E-07 0.143642247 -0.989629686
vn -7.29845851E-07 0.81386131 -0.581059098
vn -7.29845851E-07 0.81386143 -0.581059039
vn 1.97351483E-07 -0.736587346 -0.676342487
vn 1.97351469E-07 -0.736587286 -0.676342428
vn 1.97351469E-07 -0.736587286 -0.676342428
vn 1.97351469E-07 -0.736587286 -0.676342428
vn 0.444915354 -0.895572603 0
vn 0.384984255 -0.922923148 0
vn 0.384984255 -0.922923148 0
vn 0.444915354 -0.895572603 0
vn 0.603508711 -0.797356308 0
vn 0.603508711 -0.797356308 0
vn 0.674499214 -0.738275528 0
vn 0.674499214 -0.738275528 0
vn 0.904348969 -0.426793873 0
vn 0.904348969 -0.426793844 0
vn 0.904348969 -0.426793844 0
vn 0.904348969 -0.426793873 0
vn 0.743049204 0.66923672 0
vn 0.743049204 0.66923672 0
vn 0.743049204 0.66923672 0
vn 0.743049204 0.66923672 0
vn 0.986461937 -0.163990542 0
vn 0.875785232 -0.482701004 0
vn 0.875785232 -0.482701004 0
vn 0.986461937 -0.163990542 0
vn 0.948708296 0.316152573 0
vn 0.948708296 0.316152573 0
vn 0.657761276 0.753226459 0
vn 0.657761276 0.753226459 0
vn 0.975556254 -0.219750106 0
vn 0.834947884 -0.550329089 0
vn 0.834947884 -0.550329089 0
vn 0.975556254 -0.219750106 0
vn 0.941087246 0.338163853 0
vn 0.941087246 0.338163793 0
vn 0.4166255 0.909078181 0
vn 0.4166255 0.909078181 0
vn 0.862396717 -0.506233037 0
vn 0.862396717 -0.506232977 0
vn 0.862396836 -0.506232977 0
vn 0.862396717 -0.506233037 0
vn 0.480820209 0.876819193 0
vn 0.557525992 0.830159485 0
vn 0.480820209 0.876819193 0
vn 0.557525992 0.830159485 0
vn 0.701362431 0.712804914 0
vn 0.701362431 0.712804914 0
vn 0.852038801 0.523478568 0
vn 0.852038801 0.523478568 0
vn 0.902263463 0.431185186 0
vn 0.902263463 0.431185186 0
vn -0.0179994125 0.0231533106 -0.999569833
vn -0.0179994125 0.0231533106 -0.999569833
vn -0.0179994125 0.0231533106 -0.999569833
vn -0.0179994125 0.0231533106 -0.999569833
vn 0.168464363 0.178113416 0.969482005
vn 0.168464363 0.178113401 0.969482005
vn 0.168464363 0.178113416 0.969482005
vn 0.168464363 0.178113416 0.969482005
vn 0.168468922 0.178114995 -0.969480872
vn 0.168468907 0.17811498 -0.969480872
vn 0.168468922 0.178114995 -0.969480872
vn 0.168468937 0.178115025 -0.969480872
vn 0.996994734 -0.0774702206 0
vn 0.996994734 -0.0774702206 0
vn 0.996994734 -0.0774702281 0
vn 0.996994734 -0.0774702281 0
vn 0.687153816 0.726511896 0
vn 0.687153816 0.726511896 0
vn 0.687153816 0.726511896 0
vn 0.687153816 0.726511896 0
vn -0.100283243 0.994958937 0
vn -0.100283228 0.994958937 0
vn -0.100283235 0.994958937 0
vn -0.100283235 0.994958937 0
vn 0.00167485781 0.427278936 0.904118359
vn 0.00167485792 0.427278996 0.904118359
vn 0.00167485769 0.427278906 0.904118359
vn 0.00167485792 0.427278996 0.904118359
vn 4.41708039E-07 -2.77428489E-06 1
vn 4.41708011E-07 -2.77428489E-06 1
vn 4.41708039E-07 -2.77428512E-06 1
vn 4.41708011E-07 -2.77428489E-06 1
vn -0.00123223173 -0.00181528507 0.999997616
vn -0.00123223162 -0.00181528507 0.999997616
vn -0.0012322315 -0.00181528507 0.999997616
vn -0.00123223162 -0.0018152853 0.999997616
vn -0.0024189637 -0.0015036054 0.999995947
vn -0 0 1
vn -0 -1.25668919E-07 1
vn -0 0 1
vn -0 0 1
vn 0.545546174 0.838080823 0
vn 0.545546234 0.838080823 0
vn 0.473942995 0.880555451 0
vn 0.473942906 0.88055557 0
vn 0.391543567 0.920159578 0
vn 0.391543537 0.920159578 0
vn 0.88283515 0.469682872 0
vn 0.835059941 0.550158918 0
vn 0.88283515 0.469682872 0
vn 0.835059762 0.550159156 0
vn 0.70530194 0.708907068 0
vn 0.705301881 0.708907068 0
vn 0.67139554 0.741099238 0
vn 0.6713956 0.741099179 0
vn 0.6713956 0.741099179 0
vn 0.67139554 0.741099238 0
vn 0.738151193 -0.674635291 0
vn 0.738151193 -0.674635291 0
vn 0.738151193 -0.674635291 0
vn 0.738151193 -0.674635291 0
vn 0.503225744 -0.864154935 0
vn 0.503225744 -0.864154935 0
vn 0.568805456 -0.822472155 0
vn 0.568805456 -0.822472155 0
vn 0.691132247 -0.722728372 0
vn 0.691132247 -0.722728372 0
vn 0.771790087 -0.63587749 0
vn 0.771790087 -0.63587749 0
vn 0.820061326 -0.572275698 0
vn 0.820061326 -0.572275698 0
vn 0.787568808 0.616226673 0
vn 0.787568808 0.616226673 0
vn 0.787568808 0.616226673 0
vn 0.787568808 0.616226673 0
vn 6.9597947E-05 -0.314558625 0.949238122
vn 2.48441702E-05 -0.112287052 0.993675768
vn 6.95979397E-05 -0.314558595 0.949238122
vn 2.45918181E-05 -0.111146502 0.993804097
vn -1.63347468E-05 0.271423191 0.962460101
vn -1.62425022E-05 0.269890487 0.962891102
vn -4.08253509E-05 0.678366661 0.734723508
vn -4.08253545E-05 0.678366661 0.734723508
vn 0.988551974 -0.150881082 0
vn 0.892517269 -0.451013267 0
vn 0.892517269 -0.451013207 0
vn 0.988551974 -0.150881082 0
vn 0.952007651 0.306074172 0
vn 0.952007651 0.306074172 0
vn 0.672271371 0.740304768 0
vn 0.672271371 0.740304768 0
vn 0.0179993771 0.0231532939 0.999569833
vn 0.017999379 0.0231532939 0.999569833
vn 0.017999379 0.0231532957 0.999569833
vn 0.0179993771 0.0231532939 0.999569833
vn 5.33346611E-06 -0.474482179 0.880265117
vn 5.33346565E-06 -0.474482119 0.880265117
vn 2.51916094E-06 -0.249248788 0.968439579
vn 2.34995377E-06 -0.235620588 0.97184515
vn 1.48376373E-07 0.176630661 0.984277248
vn 1.18455851E-07 0.143642232 0.989629686
vn 7.29846022E-07 0.813861251 0.581059277
vn 7.29846022E-07 0.813861251 0.581059217
vn 0.994696259 -0.102855295 0
vn 0.994696259 -0.102855287 0
vn 0.994696259 -0.102855287 0
vn 0.994696259 -0.102855295 0
vn 0.951263428 -0.308379292 0
vn 0.856708407 -0.515800893 0
vn 0.856708407 -0.515800893 0
vn 0.951263428 -0.308379292 0
vn 0.993756652 0.111569114 0
vn 0.993756652 0.111569136 0
vn 0.507053792 0.861914396 0
vn 0.507053733 0.861914396 0
vn -1.97351511E-07 -0.736587226 0.676342607
vn -1.9735154E-07 -0.736587167 0.676342666
vn -1.9735154E-07 -0.736587226 0.676342607
vn -1.9735154E-07 -0.736587226 0.676342607
vn 0.682691336 -0.730706871 0
vn 0.682691336 -0.730706871 0
vn 0.682691276 -0.730706871 0
vn 0.682691336 -0.730706871 0
vn 0.99463588 0.103437379 0
vn 0.99463588 0.103437379 0
vn 0.99463588 0.103437379 0
vn 0.99463588 0.103437379 0
vn -0 -1 0
vn -0 -1 0
vn -0 -1 0
vn -0 -1 0
vn 0.00167485001 0.427278936 -0.904118359
vn 0.00167485012 0.427278996 -0.904118359
vn 0.00167485012 0.427278996 -0.904118359
vn 0.00167485001 0.427278996 -0.904118359
vn 4.51747013E-07 -2.77428558E-06 -1
vn 4.51747042E-07 -2.7742858E-06 -1
vn 4.5174707E-07 -2.77428603E-06 -1
vn 4.51747013E-07 -2.77428558E-06 -1
vn -0.00123223173 -0.00181528507 -0.999997616
vn -0.00123223162 -0.00181528507 -0.999997616
vn -0.0012322315 -0.00181528507 -0.999997616
vn -0.00123223162 -0.0018152853 -0.999997616
vn -0.00241902703 -0.00150360621 -0.999995947
vn -0 0 -1
vn -0 -1.25668876E-07 -1
vn -0 0 -1
vn -0 0 -1
vn 6.95979179E-05 -0.314558566 -0.949238122
vn 6.95979106E-05 -0.314558506 -0.949238122
vn 2.48727411E-05 -0.112287045 -0.993675768
vn 2.46205436E-05 -0.111146487 -0.993804097
vn -1.63072964E-05 0.271423161 -0.962460101
vn -1.62149536E-05 0.269890428 -0.962891102
vn -4.08296546E-05 0.678366601 -0.734723568
vn -4.08296546E-05 0.678366601 -0.734723568
vn 2.34143386E-06 -0.235620588 -0.97184515
vn 5.30551733E-06 -0.474482298 -0.880265057
vn 5.30551733E-06 -0.474482268 -0.880265057
vn 2.50955145E-06 -0.249248788 -0.968439579
vn 1.53867191E-07 0.176630661 -0.984277248
vn 1.24165737E-07 0.143642262 -0.989629686
vn 7.29133319E-07 0.81386143 -0.581058919
vn 7.29133319E-07 0.81386143 -0.581058919
vn -1.97351554E-07 -0.736587584 -0.67634213
vn -1.97351554E-07 -0.736587524 -0.676342249
vn -1.97351554E-07 -0.736587524 -0.676342189
vn -1.97351554E-07 -0.736587524 -0.676342189
vn -0 -1 0
vn -0 -1 0
vn -0 -1 0
vn -0 -1 0
vn -0.904348969 -0.426793873 0
vn -0.904348969 -0.426793873 0
vn -0.904348969 -0.426793844 0
vn -0.904348969 -0.426793844 0
vn -0.743048906 0.669237196 0
vn -0.743048906 0.669237196 0
vn -0.743048787 0.669237137 0
vn -0.743048787 0.669237137 0
vn -0.986461937 -0.163990527 0
vn -0.875785232 -0.482700944 0
vn -0.875785232 -0.482700944 0
vn -0.986461937 -0.163990527 0
vn -0.948708296 0.316152573 0
vn -0.948708296 0.316152573 0
vn -0.657761276 0.753226459 0
vn -0.657761276 0.753226459 0
vn -0.975556254 -0.219749913 0
vn -0.834948063 -0.550328791 0
vn -0.834948063 -0.550328791 0
vn -0.975556254 -0.219749913 0
vn -0.941087246 0.338163882 0
vn -0.941087246 0.338163823 0
vn -0.4166255 0.909078181 0
vn -0.41662547 0.909078181 0
vn -0.862397015 -0.506232679 0
vn -0.862396896 -0.506232619 0
vn -0.862397015 -0.506232619 0
vn -0.862397015 -0.506232679 0
vn -0.480820209 0.876819193 0
vn -0.480820209 0.876819193 0
vn -0.557525992 0.830159485 0
vn -0.557525992 0.830159485 0
vn -0.701362431 0.712804914 0
vn -0.701362431 0.712804914 0
vn -0.852038801 0.523478627 0
vn -0.852038801 0.523478627 0
vn -0.902263403 0.431185365 0
vn -0.902263403 0.431185365 0
vn -0.674499214 -0.738275528 0
vn -0.674499214 -0.738275528 0
vn -0.58781743 -0.808993638 0
vn -0.58781743 -0.808993638 0
vn -0.444915354 -0.895572662 0
vn -0.444915354 -0.895572662 0
vn -0.372354031 -0.928090811 0
vn -0.372354031 -0.928090811 0
vn 0.0179994125 0.0231533106 -0.999569833
vn 0.0179994125 0.0231533106 -0.999569833
vn 0.0179994125 0.0231533106 -0.999569833
vn 0.0179994125 0.0231533106 -0.999569833
vn -0 0.392887652 -0.919586539
vn -0 0.392887652 -0.919586539
vn -0 0.392887652 -0.919586539
vn -0 0.392887652 -0.919586539
vn 0.524953485 0.819349527 0.230413139
vn 0.348722488 0.902230203 0.253719002
vn 0.524953425 0.819349647 0.230413154
vn 0.365368605 0.896104693 0.251996577
vn 0.00659628026 0.962638915 0.270707726
vn 0.0052259448 0.962646782 0.270709991
vn -0.490030587 0.836307645 0.245885059
vn -0.449604452 0.857506514 0.250077009
vn -0.701368451 0.680607498 0.211791635
vn -0.701368451 0.680607498 0.211791635
vn -0.742744088 -0.629230559 0.228910699
vn -0.672651947 -0.684769034 0.28041169
vn -0.742744148 -0.629230499 0.22891067
vn -0.694712937 -0.668662071 0.265075743
vn -0.591444016 -0.735180378 0.33121565
vn -0.591443956 -0.735180438 0.33121559
vn -0.186756462 -0.940840364 0.282739341
vn -0.186756462 -0.940840364 0.282739311
vn -0.186756462 -0.940840364 0.282739341
vn -0.186756462 -0.940840364 0.282739371
vn 0.5929057 -0.773471832 0.224062994
vn 0.5929057 -0.773471713 0.224062979
vn 0.59290576 -0.773471832 0.224062994
vn 0.59290576 -0.773471832 0.224062994
vn -0.627016902 -0.748287797 0.216598853
vn -0.627016902 -0.748287797 0.216598824
vn -0.627016842 -0.748287797 0.216598824
vn -0.627016902 -0.748287797 0.216598824
vn 1.35042868E-07 0 1
vn -0 0 1
vn -0 0 1
vn -0 0 1
vn -0 0 1
vn -0 0 1
vn 1.15368806E-07 0 1
vn 1.15368827E-07 0 1
vn 1.15368813E-07 0 1
vn 1.15368806E-07 0 1
vn -0 0 1
vn -0 0 1
vn -0 0 1
vn -0 0 1
vn -0 0 1
vn -0 0 1
vn -0 0 1
vn -1.35042868E-07 0 1
vn 0.524953485 0.819349527 -0.230413139
vn 0.524953365 0.819349527 -0.230413139
vn 0.348722517 0.902230203 -0.253718942
vn 0.365368605 0.896104693 -0.251996458
vn 0.0065962486 0.962639034 -0.270707667
vn 0.00522591826 0.962646782 -0.270709842
vn -0.490030587 0.836307645 -0.245885208
vn -0.449604392 0.857506394 -0.250077039
vn -0.701368392 0.680607438 -0.211792067
vn -0.701368392 0.680607438 -0.211792022
vn -0.742744029 -0.629230559 -0.228910923
vn -0.742744088 -0.62923044 -0.228910893
vn -0.672651947 -0.684769034 -0.280411661
vn -0.694712818 -0.668662012 -0.265075773
vn -0.591444016 -0.735180438 -0.331215352
vn -0.591444016 -0.735180438 -0.331215352
vn -0.186756536 -0.940840602 -0.282738566
vn -0.186756536 -0.940840602 -0.282738566
vn -0.186756536 -0.940840602 -0.282738537
vn -0.186756521 -0.940840602 -0.282738537
vn 0.5929057 -0.773471832 -0.22406289
vn 0.59290576 -0.773471832 -0.22406289
vn 0.59290576 -0.773471832 -0.224062949
vn 0.59290576 -0.773471713 -0.22406286
vn -0.627016962 -0.748287797 -0.216598868
vn -0.627017021 -0.748287797 -0.216598824
vn -0.627016842 -0.748287797 -0.216598824
vn -0.627016842 -0.748287797 -0.216598809
vn 1.35042868E-07 0 -1
vn -0 0 -1
vn -0 0 -1
vn -0 0 -1
vn -0 0 -1
vn -0 0 -1
vn -0 0 -1
vn -0 0 -1
vn -0 0 -1
vn -0 0 -1
vn -1.15368806E-07 0 -1
vn -1.15368827E-07 0 -1
vn -0 0 -1
vn -0 0 -1
vn -0 0 -1
vn -0 0 -1
vn -0 0 -1
vn -1.35042868E-07 0 -1
vn -0.524953485 0.819349527 0.230413139
vn -0.524953425 0.819349647 0.230413154
vn -0.348722517 0.902230203 0.253718942
vn -0.365368605 0.896104693 0.251996458
vn -0.0065962486 0.962639034 0.270707667
vn -0.00522591826 0.962646782 0.270709842
vn 0.490030587 0.836307645 0.245885208
vn 0.449604392 0.857506394 0.250077039
vn 0.701368392 0.680607438 0.211792067
vn 0.701368392 0.680607438 0.211792022
vn 0.742744029 -0.629230559 0.228910923
vn 0.742744088 -0.62923044 0.228910893
vn 0.672651947 -0.684769034 0.280411661
vn 0.694712818 -0.668662012 0.265075773
vn 0.591444016 -0.735180438 0.331215352
vn 0.591444016 -0.735180438 0.331215352
vn 0.186756536 -0.940840602 0.282738566
vn 0.186756536 -0.940840602 0.282738566
vn 0.186756536 -0.940840602 0.282738537
vn 0.186756521 -0.940840602 0.282738537
vn -0.5929057 -0.773471832 0.22406289
vn -0.59290576 -0.773471832 0.22406289
vn -0.59290576 -0.773471832 0.224062949
vn -0.59290576 -0.773471713 0.22406286
vn 0.627016962 -0.748287797 0.216598868
vn 0.627017021 -0.748287797 0.216598824
vn 0.627016842 -0.748287797 0.216598824
vn 0.627016842 -0.748287797 0.216598809
vn -0.524953485 0.819349527 -0.230413139
vn -0.348722488 0.902230203 -0.253719002
vn -0.524953365 0.819349527 -0.230413139
vn -0.365368605 0.896104693 -0.251996577
vn -0.00659628026 0.962638915 -0.270707726
vn -0.0052259448 0.962646782 -0.270709991
vn 0.490030587 0.836307645 -0.245885059
vn 0.449604452 0.857506514 -0.250077009
vn 0.701368451 0.680607498 -0.211791635
vn 0.701368451 0.680607498 -0.211791635
vn 0.742744088 -0.629230559 -0.228910699
vn 0.672651947 -0.684769034 -0.28041169
vn 0.742744148 -0.629230499 -0.22891067
vn 0.694712937 -0.668662071 -0.265075743
vn 0.591444016 -0.735180378 -0.33121565
vn 0.591443956 -0.735180438 -0.33121559
vn 0.186756462 -0.940840364 -0.282739341
vn 0.186756462 -0.940840364 -0.282739311
vn 0.186756462 -0.940840364 -0.282739341
vn 0.186756462 -0.940840364 -0.282739371
vn -0.5929057 -0.773471832 -0.224062994
vn -0.5929057 -0.773471713 -0.224062979
vn -0.59290576 -0.773471832 -0.224062994
vn -0.59290576 -0.773471832 -0.224062994
vn 0.627016902 -0.748287797 -0.216598853
vn 0.627016902 -0.748287797 -0.216598824
vn 0.627016842 -0.748287797 -0.216598824
vn 0.627016902 -0.748287797 -0.216598824
vn -0.59189707 -0.793214381 -0.143069074
vn 0.59189707 -0.7932145 -0.143069148
vn -2.30544359E-07 -0.593324482 -0.80496341
vn -0.780649841 -0.608356535 -0.143136933
vn 0.780649781 -0.608356476 -0.143136993
vn -0.594608843 0.0226055197 -0.803697228
vn -0.796833932 0.58919996 -0.133787304
vn -0.598317087 0.788986862 -0.139701143
vn 1.52842119E-07 0.597434044 -0.80191803
vn 0.598317087 0.788986862 -0.139701083
vn 0.594608843 0.0226057973 -0.803697228
vn 0.796833932 0.58919996 -0.133787259
vn -0.0747899413 0 -0.997199297
vn -0.0747899413 0 -0.997199297
vn -0.0747899413 0 -0.997199297
vn -0.0747899413 0 -0.997199297
vn -0.0747899413 0 -0.997199297
vn -0.0747899413 0 -0.997199297
vn -0.0747899413 0 -0.997199297
vn 0.780649841 -0.608356416 0.143137053
vn 0.780649781 -0.608356476 -0.143136993
vn 0.59189707 -0.7932145 -0.143069148
vn 0.796833932 0.58919996 -0.133787259
vn 0.591897011 -0.7932145 0.143069193
vn -0.59189707 -0.793214381 -0.143069074
vn -0.591896951 -0.7932145 0.143069267
vn 2.49756965E-07 -0.59332186 0.804965258
vn -0.780649781 -0.608356476 0.143137112
vn -0.780649841 -0.608356535 -0.143136933
vn -0.796833932 0.58919996 -0.133787304
vn 0.594606221 0.0226054452 0.803699195
vn -0.594606102 0.0226057712 0.803699255
vn 0.796833932 0.589199901 0.133787423
vn 0.598316908 0.788986862 0.139701292
vn 0.598317087 0.788986862 -0.139701083
vn -0 0.597431421 0.801920056
vn -0.598317087 0.788986862 -0.139701143
vn -0.598317027 0.788986862 0.139701232
vn -0.796833932 0.58919996 0.133787349
vn -0 0 1
vn -0 0 1
vn -0 0 1
vn -0 0 1
vn -0 0 1
vn -0 0 1
vn -0 0 1
vn -0 0 1
vn -0 0 1
vn -0 0 1
vn -0 0 1
g TowerMirrorFrameLowMesh_0
f 3/3/3 2/2/2 1/1/1
f 6/6/6 5/5/5 4/4/4
f 9/9/9 8/8/8 7/7/7
f 12/12/12 11/11/11 10/10/10
f 15/15/15 14/14/14 13/13/13
f 18/18/18 17/17/17 16/16/16
f 21/21/21 20/20/20 19/19/19
f 24/24/24 23/23/23 22/22/22
f 27/27/27 26/26/26 25/25/25
f 30/30/30 29/29/29 28/28/28
f 33/33/33 32/32/32 31/31/31
f 36/36/36 35/35/35 34/34/34
f 39/39/39 38/38/38 37/37/37
f 42/42/42 41/41/41 40/40/40
f 45/45/45 44/44/44 43/43/43
f 48/48/48 47/47/47 46/46/46
f 51/51/51 50/50/50 49/49/49
f 54/54/54 53/53/53 52/52/52
f 57/57/57 56/56/56 55/55/55
f 60/60/60 59/59/59 58/58/58
f 63/63/63 62/62/62 61/61/61
f 66/66/66 65/65/65 64/64/64
f 69/69/69 68/68/68 67/67/67
f 72/72/72 71/71/71 70/70/70
f 75/75/75 74/74/74 73/73/73
f 78/78/78 77/77/77 76/76/76
f 81/81/81 80/80/80 79/79/79
f 84/84/84 83/83/83 82/82/82
f 87/87/87 86/86/86 85/85/85
f 90/90/90 89/89/89 88/88/88
f 93/93/93 92/92/92 91/91/91
f 96/96/96 95/95/95 94/94/94
f 99/99/99 98/98/98 97/97/97
f 102/102/102 101/101/101 100/100/100
f 105/105/105 104/104/104 103/103/103
f 108/108/108 107/107/107 106/106/106
f 111/111/111 110/110/110 109/109/109
f 114/114/114 113/113/113 112/112/112
f 117/117/117 116/116/116 115/115/115
f 120/120/120 119/119/119 118/118/118
f 123/123/123 122/122/122 121/121/121
f 126/126/126 125/125/125 124/124/124
f 129/129/129 128/128/128 127/127/127
f 132/132/132 131/131/131 130/130/130
f 135/135/135 134/134/134 133/133/133
f 138/138/138 137/137/137 136/136/136
f 141/141/141 140/140/140 139/139/139
f 144/144/144 143/143/143 142/142/142
f 147/147/147 146/146/146 145/145/145
f 150/150/150 149/149/149 148/148/148
f 152/152/152 148/148/148 151/151/151
f 153/153/153 152/152/152 151/151/151
f 156/156/156 155/155/155 154/154/154
f 159/159/159 158/158/158 157/157/157
f 162/162/162 161/161/161 160/160/160
f 165/165/165 164/164/164 163/163/163
f 167/167/167 163/163/163 166/166/166
f 168/168/168 167/167/167 166/166/166
f 168/168/168 166/166/166 169/169/169
f 170/170/170 168/168/168 169/169/169
f 172/172/172 171/171/171 167/167/167
f 173/173/173 172/172/172 167/167/167
f 170/170/170 175/175/175 174/174/174
f 176/176/176 170/170/170 174/174/174
f 177/177/177 176/176/176 174/174/174
f 177/177/177 178/178/178 176/176/176
f 179/179/179 176/176/176 178/178/178
f 180/180/180 179/179/179 178/178/178
f 180/180/180 181/181/181 179/179/179
f 181/181/181 182/182/182 179/179/179
f 184/184/184 183/183/183 182/182/182
f 185/185/185 184/184/184 182/182/182
f 188/188/188 187/187/187 186/186/186
f 191/191/191 190/190/190 189/189/189
f 194/194/194 193/193/193 192/192/192
f 196/196/196 195/195/195 192/192/192
f 196/196/196 197/197/197 195/195/195
f 200/200/200 199/199/199 198/198/198
f 203/203/203 202/202/202 201/201/201
f 206/206/206 205/205/205 204/204/204
f 208/208/208 205/205/205 207/207/207
f 208/208/208 207/207/207 209/209/209
f 205/205/205 210/210/210 207/207/207
f 207/207/207 211/211/211 209/209/209
f 210/210/210 213/213/213 212/212/212
f 214/214/214 210/210/210 212/212/212
f 216/216/216 215/215/215 211/211/211
f 216/216/216 211/211/211 217/217/217
f 218/218/218 216/216/216 217/217/217
f 217/217/217 219/219/219 218/218/218
f 217/217/217 220/220/220 219/219/219
f 220/220/220 221/221/221 219/219/219
f 220/220/220 222/222/222 221/221/221
f 222/222/222 223/223/223 221/221/221
f 222/222/222 225/225/225 224/224/224
f 226/226/226 222/222/222 224/224/224
f 229/229/229 228/228/228 227/227/227
f 229/229/229 230/230/230 228/228/228
f 230/230/230 231/231/231 228/228/228
f 232/232/232 230/230/230 229/229/229
f 233/233/233 232/232/232 229/229/229
f 233/233/233 229/229/229 234/234/234
f 237/237/237 236/236/236 235/235/235
f 236/236/236 238/238/238 235/235/235
f 238/238/238 236/236/236 239/239/239
f 242/242/242 241/241/241 240/240/240
f 241/241/241 243/243/243 240/240/240
f 241/241/241 244/244/244 243/243/243
f 247/247/247 246/246/246 245/245/245
f 248/248/248 247/247/247 245/245/245
f 249/249/249 248/248/248 245/245/245
f 252/252/252 251/251/251 250/250/250
f 251/251/251 253/253/253 250/250/250
f 251/251/251 254/254/254 253/253/253
f 257/257/257 256/256/256 255/255/255
f 258/258/258 257/257/257 255/255/255
f 258/258/258 255/255/255 259/259/259
f 257/257/257 258/258/258 260/260/260
f 261/261/261 258/258/258 259/259/259
f 258/258/258 261/261/261 260/260/260
f 264/264/264 263/263/263 262/262/262
f 265/265/265 264/264/264 262/262/262
f 265/265/265 262/262/262 266/266/266
f 264/264/264 265/265/265 267/267/267
f 268/268/268 265/265/265 266/266/266
f 265/265/265 268/268/268 267/267/267
f 271/271/271 270/270/270 269/269/269
f 272/272/272 271/271/271 269/269/269
f 272/272/272 269/269/269 273/273/273
f 271/271/271 272/272/272 274/274/274
f 275/275/275 272/272/272 273/273/273
f 272/272/272 275/275/275 274/274/274
f 278/278/278 277/277/277 276/276/276
f 279/279/279 278/278/278 276/276/276
f 279/279/279 276/276/276 280/280/280
f 281/281/281 278/278/278 279/279/279
f 282/282/282 279/279/279 280/280/280
f 282/282/282 281/281/281 279/279/279
f 285/285/285 284/284/284 283/283/283
f 286/286/286 285/285/285 283/283/283
f 286/286/286 283/283/283 287/287/287
f 285/285/285 286/286/286 288/288/288
f 289/289/289 286/286/286 287/287/287
f 286/286/286 289/289/289 288/288/288
f 292/292/292 291/291/291 290/290/290
f 293/293/293 292/292/292 290/290/290
f 293/293/293 290/290/290 294/294/294
f 292/292/292 293/293/293 295/295/295
f 296/296/296 293/293/293 294/294/294
f 293/293/293 296/296/296 295/295/295
f 299/299/299 298/298/298 297/297/297
f 300/300/300 299/299/299 297/297/297
f 300/300/300 301/301/301 299/299/299
f 297/297/297 302/302/302 300/300/300
f 301/301/301 300/300/300 303/303/303
f 304/304/304 301/301/301 303/303/303
f 305/305/305 303/303/303 300/300/300
f 300/300/300 302/302/302 306/306/306
f 306/306/306 307/307/307 300/300/300
f 307/307/307 308/308/308 300/300/300
f 305/305/305 300/300/300 308/308/308
f 302/302/302 309/309/309 306/306/306
f 309/309/309 302/302/302 310/310/310
f 309/309/309 310/310/310 311/311/311
f 309/309/309 311/311/311 312/312/312
f 313/313/313 305/305/305 308/308/308
f 305/305/305 313/313/313 314/314/314
f 314/314/314 313/313/313 315/315/315
f 315/315/315 313/313/313 316/316/316
f 319/319/319 318/318/318 317/317/317
f 320/320/320 319/319/319 317/317/317
f 321/321/321 319/319/319 320/320/320
f 322/322/322 321/321/321 320/320/320
f 322/322/322 323/323/323 321/321/321
f 323/323/323 324/324/324 321/321/321
f 323/323/323 325/325/325 324/324/324
f 325/325/325 326/326/326 324/324/324
f 326/326/326 325/325/325 327/327/327
f 328/328/328 326/326/326 327/327/327
f 331/331/331 330/330/330 329/329/329
f 332/332/332 331/331/331 329/329/329
f 335/335/335 334/334/334 333/333/333
f 336/336/336 335/335/335 333/333/333
f 339/339/339 338/338/338 337/337/337
f 340/340/340 339/339/339 337/337/337
f 343/343/343 342/342/342 341/341/341
f 344/344/344 343/343/343 341/341/341
f 341/341/341 345/345/345 344/344/344
f 345/345/345 346/346/346 344/344/344
f 345/345/345 347/347/347 346/346/346
f 347/347/347 348/348/348 346/346/346
f 347/347/347 349/349/349 348/348/348
f 349/349/349 350/350/350 348/348/348
f 349/349/349 351/351/351 350/350/350
f 351/351/351 352/352/352 350/350/350
f 353/353/353 352/352/352 351/351/351
f 354/354/354 353/353/353 351/351/351
f 355/355/355 353/353/353 354/354/354
f 356/356/356 355/355/355 354/354/354
f 356/356/356 357/357/357 355/355/355
f 357/357/357 358/358/358 355/355/355
f 357/357/357 359/359/359 358/358/358
f 359/359/359 360/360/360 358/358/358
f 363/363/363 362/362/362 361/361/361
f 364/364/364 363/363/363 361/361/361
f 367/367/367 366/366/366 365/365/365
f 368/368/368 367/367/367 365/365/365
f 371/371/371 370/370/370 369/369/369
f 370/370/370 372/372/372 369/369/369
f 370/370/370 373/373/373 372/372/372
f 373/373/373 374/374/374 372/372/372
f 374/374/374 373/373/373 375/375/375
f 376/376/376 374/374/374 375/375/375
f 377/377/377 376/376/376 375/375/375
f 378/378/378 377/377/377 375/375/375
f 377/377/377 378/378/378 379/379/379
f 378/378/378 380/380/380 379/379/379
f 383/383/383 382/382/382 381/381/381
f 384/384/384 383/383/383 381/381/381
f 387/387/387 386/386/386 385/385/385
f 388/388/388 387/387/387 385/385/385
f 391/391/391 390/390/390 389/389/389
f 392/392/392 391/391/391 389/389/389
f 395/395/395 394/394/394 393/393/393
f 396/396/396 395/395/395 393/393/393
f 399/399/399 398/398/398 397/397/397
f 400/400/400 399/399/399 397/397/397
f 403/403/403 402/402/402 401/401/401
f 402/402/402 404/404/404 401/401/401
f 405/405/405 401/401/401 404/404/404
f 406/406/406 405/405/405 404/404/404
f 407/407/407 405/405/405 406/406/406
f 408/408/408 407/407/407 406/406/406
f 409/409/409 407/407/407 408/408/408
f 410/410/410 409/409/409 408/408/408
f 411/411/411 409/409/409 410/410/410
f 412/412/412 411/411/411 410/410/410
f 415/415/415 414/414/414 413/413/413
f 416/416/416 415/415/415 413/413/413
f 419/419/419 418/418/418 417/417/417
f 420/420/420 419/419/419 417/417/417
f 423/423/423 422/422/422 421/421/421
f 424/424/424 423/423/423 421/421/421
f 427/427/427 426/426/426 425/425/425
f 426/426/426 428/428/428 425/425/425
f 425/425/425 428/428/428 429/429/429
f 428/428/428 430/430/430 429/429/429
f 433/433/433 432/432/432 431/431/431
f 432/432/432 434/434/434 431/431/431
f 435/435/435 434/434/434 432/432/432
f 436/436/436 431/431/431 434/434/434
f 434/434/434 435/435/435 437/437/437
f 435/435/435 438/438/438 437/437/437
f 437/437/437 439/439/439 434/434/434
f 436/436/436 434/434/434 440/440/440
f 441/441/441 440/440/440 434/434/434
f 442/442/442 441/441/441 434/434/434
f 434/434/434 439/439/439 442/442/442
f 443/443/443 436/436/436 440/440/440
f 436/436/436 443/443/443 444/444/444
f 444/444/444 443/443/443 445/445/445
f 445/445/445 443/443/443 446/446/446
f 439/439/439 447/447/447 442/442/442
f 447/447/447 439/439/439 448/448/448
f 447/447/447 448/448/448 449/449/449
f 447/447/447 449/449/449 450/450/450
f 453/453/453 452/452/452 451/451/451
f 452/452/452 454/454/454 451/451/451
f 452/452/452 455/455/455 454/454/454
f 455/455/455 456/456/456 454/454/454
f 457/457/457 456/456/456 455/455/455
f 458/458/458 457/457/457 455/455/455
f 459/459/459 457/457/457 458/458/458
f 460/460/460 459/459/459 458/458/458
f 459/459/459 460/460/460 461/461/461
f 460/460/460 462/462/462 461/461/461
f 465/465/465 464/464/464 463/463/463
f 466/466/466 465/465/465 463/463/463
f 467/467/467 465/465/465 466/466/466
f 468/468/468 467/467/467 466/466/466
f 467/467/467 468/468/468 469/469/469
f 470/470/470 467/467/467 469/469/469
f 473/473/473 472/472/472 471/471/471
f 472/472/472 474/474/474 471/471/471
f 475/475/475 471/471/471 474/474/474
f 476/476/476 475/475/475 474/474/474
f 477/477/477 475/475/475 476/476/476
f 478/478/478 477/477/477 476/476/476
f 479/479/479 477/477/477 478/478/478
f 480/480/480 479/479/479 478/478/478
f 481/481/481 479/479/479 480/480/480
f 482/482/482 481/481/481 480/480/480
f 482/482/482 483/483/483 481/481/481
f 483/483/483 484/484/484 481/481/481
f 483/483/483 485/485/485 484/484/484
f 485/485/485 486/486/486 484/484/484
f 487/487/487 486/486/486 485/485/485
f 488/488/488 487/487/487 485/485/485
f 489/489/489 487/487/487 488/488/488
f 490/490/490 489/489/489 488/488/488
f 493/493/493 492/492/492 491/491/491
f 494/494/494 493/493/493 491/491/491
f 497/497/497 496/496/496 495/495/495
f 498/498/498 497/497/497 495/495/495
f 501/501/501 500/500/500 499/499/499
f 502/502/502 501/501/501 499/499/499
f 505/505/505 504/504/504 503/503/503
f 506/506/506 505/505/505 503/503/503
f 507/507/507 505/505/505 506/506/506
f 508/508/508 507/507/507 506/506/506
f 507/507/507 508/508/508 509/509/509
f 508/508/508 510/510/510 509/509/509
f 510/510/510 511/511/511 509/509/509
f 511/511/511 512/512/512 509/509/509
f 512/512/512 511/511/511 513/513/513
f 514/514/514 512/512/512 513/513/513
f 517/517/517 516/516/516 515/515/515
f 516/516/516 518/518/518 515/515/515
f 516/516/516 519/519/519 518/518/518
f 519/519/519 520/520/520 518/518/518
f 520/520/520 519/519/519 521/521/521
f 519/519/519 522/522/522 521/521/521
f 525/525/525 524/524/524 523/523/523
f 526/526/526 525/525/525 523/523/523
f 523/523/523 527/527/527 526/526/526
f 527/527/527 528/528/528 526/526/526
f 527/527/527 529/529/529 528/528/528
f 529/529/529 530/530/530 528/528/528
f 529/529/529 531/531/531 530/530/530
f 531/531/531 532/532/532 530/530/530
f 531/531/531 533/533/533 532/532/532
f 533/533/533 534/534/534 532/532/532
f 535/535/535 534/534/534 533/533/533
f 536/536/536 535/535/535 533/533/533
f 537/537/537 535/535/535 536/536/536
f 538/538/538 537/537/537 536/536/536
f 538/538/538 539/539/539 537/537/537
f 539/539/539 540/540/540 537/537/537
f 539/539/539 541/541/541 540/540/540
f 541/541/541 542/542/542 540/540/540
f 545/545/545 544/544/544 543/543/543
f 546/546/546 545/545/545 543/543/543
f 549/549/549 548/548/548 547/547/547
f 550/550/550 549/549/549 547/547/547
f 553/553/553 552/552/552 551/551/551
f 552/552/552 553/553/553 554/554/554
f 557/557/557 556/556/556 555/555/555
f 556/556/556 557/557/557 558/558/558
f 561/561/561 560/560/560 559/559/559
f 562/562/562 561/561/561 559/559/559
f 565/565/565 564/564/564 563/563/563
f 566/566/566 565/565/565 563/563/563
f 569/569/569 568/568/568 567/567/567
f 570/570/570 569/569/569 567/567/567
f 573/573/573 572/572/572 571/571/571
f 574/574/574 573/573/573 571/571/571
f 577/577/577 576/576/576 575/575/575
f 578/578/578 577/577/577 575/575/575
f 581/581/581 580/580/580 579/579/579
f 582/582/582 581/581/581 579/579/579
f 585/585/585 584/584/584 583/583/583
f 586/586/586 585/585/585 583/583/583
f 589/589/589 588/588/588 587/587/587
f 590/590/590 589/589/589 587/587/587
f 593/593/593 592/592/592 591/591/591
f 594/594/594 593/593/593 591/591/591
f 597/597/597 596/596/596 595/595/595
f 598/598/598 597/597/597 595/595/595
f 601/601/601 600/600/600 599/599/599
f 602/602/602 601/601/601 599/599/599
f 605/605/605 604/604/604 603/603/603
f 606/606/606 605/605/605 603/603/603
f 609/609/609 608/608/608 607/607/607
f 610/610/610 609/609/609 607/607/607
f 613/613/613 612/612/612 611/611/611
f 614/614/614 613/613/613 611/611/611
f 617/617/617 616/616/616 615/615/615
f 618/618/618 617/617/617 615/615/615
f 621/621/621 620/620/620 619/619/619
f 620/620/620 622/622/622 619/619/619
f 619/619/619 622/622/622 623/623/623
f 624/624/624 619/619/619 623/623/623
f 624/624/624 623/623/623 625/625/625
f 626/626/626 624/624/624 625/625/625
f 626/626/626 625/625/625 627/627/627
f 625/625/625 628/628/628 627/627/627
f 629/629/629 627/627/627 628/628/628
f 629/629/629 628/628/628 630/630/630
f 630/630/630 628/628/628 631/631/631
f 634/634/634 633/633/633 632/632/632
f 635/635/635 634/634/634 632/632/632
f 635/635/635 632/632/632 636/636/636
f 637/637/637 635/635/635 636/636/636
f 640/640/640 639/639/639 638/638/638
f 641/641/641 640/640/640 638/638/638
f 641/641/641 642/642/642 640/640/640
f 642/642/642 643/643/643 640/640/640
f 646/646/646 645/645/645 644/644/644
f 647/647/647 646/646/646 644/644/644
f 650/650/650 649/649/649 648/648/648
f 651/651/651 650/650/650 648/648/648
f 654/654/654 653/653/653 652/652/652
f 653/653/653 655/655/655 652/652/652
f 656/656/656 655/655/655 653/653/653
f 657/657/657 656/656/656 653/653/653
f 658/658/658 656/656/656 657/657/657
f 659/659/659 658/658/658 657/657/657
f 660/660/660 658/658/658 659/659/659
f 661/661/661 660/660/660 659/659/659
f 664/664/664 663/663/663 662/662/662
f 665/665/665 664/664/664 662/662/662
f 668/668/668 667/667/667 666/666/666
f 669/669/669 668/668/668 666/666/666
f 670/670/670 668/668/668 669/669/669
f 671/671/671 670/670/670 669/669/669
f 672/672/672 670/670/670 671/671/671
f 673/673/673 672/672/672 671/671/671
f 676/676/676 675/675/675 674/674/674
f 675/675/675 677/677/677 674/674/674
f 674/674/674 677/677/677 678/678/678
f 677/677/677 679/679/679 678/678/678
f 678/678/678 679/679/679 680/680/680
f 679/679/679 681/681/681 680/680/680
f 684/684/684 683/683/683 682/682/682
f 685/685/685 684/684/684 682/682/682
f 688/688/688 687/687/687 686/686/686
f 687/687/687 689/689/689 686/686/686
f 690/690/690 689/689/689 687/687/687
f 691/691/691 690/690/690 687/687/687
f 692/692/692 690/690/690 691/691/691
f 693/693/693 692/692/692 691/691/691
f 696/696/696 695/695/695 694/694/694
f 697/697/697 696/696/696 694/694/694
f 700/700/700 699/699/699 698/698/698
f 699/699/699 701/701/701 698/698/698
f 698/698/698 701/701/701 702/702/702
f 701/701/701 703/703/703 702/702/702
f 702/702/702 703/703/703 704/704/704
f 703/703/703 705/705/705 704/704/704
f 708/708/708 707/707/707 706/706/706
f 709/709/709 708/708/708 706/706/706
f 712/712/712 711/711/711 710/710/710
f 713/713/713 712/712/712 710/710/710
f 716/716/716 715/715/715 714/714/714
f 717/717/717 716/716/716 714/714/714
f 720/720/720 719/719/719 718/718/718
f 721/721/721 720/720/720 718/718/718
f 724/724/724 723/723/723 722/722/722
f 725/725/725 724/724/724 722/722/722
f 728/728/728 727/727/727 726/726/726
f 729/729/729 728/728/728 726/726/726
f 729/729/729 726/726/726 730/730/730
f 726/726/726 731/731/731 730/730/730
f 730/730/730 731/731/731 732/732/732
f 731/731/731 733/733/733 732/732/732
f 732/732/732 733/733/733 734/734/734
f 735/735/735 732/732/732 734/734/734
f 734/734/734 736/736/736 735/735/735
f 735/735/735 736/736/736 737/737/737
f 735/735/735 737/737/737 738/738/738
f 741/741/741 740/740/740 739/739/739
f 740/740/740 742/742/742 739/739/739
f 740/740/740 743/743/743 742/742/742
f 743/743/743 744/744/744 742/742/742
f 743/743/743 745/745/745 744/744/744
f 745/745/745 746/746/746 744/744/744
f 749/749/749 748/748/748 747/747/747
f 750/750/750 749/749/749 747/747/747
f 747/747/747 751/751/751 750/750/750
f 751/751/751 752/752/752 750/750/750
f 751/751/751 753/753/753 752/752/752
f 753/753/753 754/754/754 752/752/752
f 757/757/757 756/756/756 755/755/755
f 758/758/758 757/757/757 755/755/755
f 761/761/761 760/760/760 759/759/759
f 762/762/762 761/761/761 759/759/759
f 762/762/762 759/759/759 763/763/763
f 759/759/759 764/764/764 763/763/763
f 763/763/763 764/764/764 765/765/765
f 766/766/766 763/763/763 765/765/765
f 769/769/769 768/768/768 767/767/767
f 770/770/770 769/769/769 767/767/767
f 773/773/773 772/772/772 771/771/771
f 774/774/774 773/773/773 771/771/771
f 777/777/777 776/776/776 775/775/775
f 778/778/778 777/777/777 775/775/775
f 778/778/778 775/775/775 779/779/779
f 780/780/780 778/778/778 779/779/779
f 780/780/780 779/779/779 781/781/781
f 782/782/782 780/780/780 781/781/781
f 785/785/785 784/784/784 783/783/783
f 786/786/786 785/785/785 783/783/783
f 786/786/786 783/783/783 787/787/787
f 788/788/788 786/786/786 787/787/787
f 788/788/788 787/787/787 789/789/789
f 790/790/790 788/788/788 789/789/789
f 793/793/793 792/792/792 791/791/791
f 794/794/794 793/793/793 791/791/791
f 797/797/797 796/796/796 795/795/795
f 796/796/796 798/798/798 795/795/795
f 796/796/796 799/799/799 798/798/798
f 799/799/799 800/800/800 798/798/798
f 799/799/799 801/801/801 800/800/800
f 801/801/801 802/802/802 800/800/800
f 801/801/801 803/803/803 802/802/802
f 803/803/803 804/804/804 802/802/802
f 807/807/807 806/806/806 805/805/805
f 808/808/808 807/807/807 805/805/805
f 811/811/811 810/810/810 809/809/809
f 812/812/812 811/811/811 809/809/809
f 815/815/815 814/814/814 813/813/813
f 816/816/816 815/815/815 813/813/813
f 819/819/819 818/818/818 817/817/817
f 820/820/820 819/819/819 817/817/817
f 823/823/823 822/822/822 821/821/821
f 824/824/824 823/823/823 821/821/821
f 827/827/827 826/826/826 825/825/825
f 828/828/828 827/827/827 825/825/825
f 831/831/831 830/830/830 829/829/829
f 832/832/832 831/831/831 829/829/829
f 835/835/835 834/834/834 833/833/833
f 836/836/836 835/835/835 833/833/833
f 836/836/836 833/833/833 837/837/837
f 833/833/833 838/838/838 837/837/837
f 837/837/837 838/838/838 839/839/839
f 838/838/838 840/840/840 839/839/839
f 839/839/839 840/840/840 841/841/841
f 842/842/842 839/839/839 841/841/841
f 841/841/841 843/843/843 842/842/842
f 842/842/842 843/843/843 844/844/844
f 842/842/842 844/844/844 845/845/845
f 848/848/848 847/847/847 846/846/846
f 849/849/849 848/848/848 846/846/846
f 849/849/849 850/850/850 848/848/848
f 850/850/850 851/851/851 848/848/848
f 854/854/854 853/853/853 852/852/852
f 853/853/853 855/855/855 852/852/852
f 856/856/856 855/855/855 853/853/853
f 857/857/857 856/856/856 853/853/853
f 860/860/860 859/859/859 858/858/858
f 861/861/861 860/860/860 858/858/858
f 864/864/864 863/863/863 862/862/862
f 865/865/865 864/864/864 862/862/862
f 868/868/868 867/867/867 866/866/866
f 869/869/869 868/868/868 866/866/866
f 869/869/869 870/870/870 868/868/868
f 870/870/870 871/871/871 868/868/868
f 870/870/870 872/872/872 871/871/871
f 872/872/872 873/873/873 871/871/871
f 872/872/872 874/874/874 873/873/873
f 874/874/874 875/875/875 873/873/873
f 878/878/878 877/877/877 876/876/876
f 879/879/879 878/878/878 876/876/876
f 882/882/882 881/881/881 880/880/880
f 881/881/881 883/883/883 880/880/880
f 881/881/881 884/884/884 883/883/883
f 884/884/884 885/885/885 883/883/883
f 884/884/884 886/886/886 885/885/885
f 886/886/886 887/887/887 885/885/885
f 890/890/890 889/889/889 888/888/888
f 891/891/891 890/890/890 888/888/888
f 891/891/891 888/888/888 892/892/892
f 893/893/893 891/891/891 892/892/892
f 893/893/893 892/892/892 894/894/894
f 895/895/895 893/893/893 894/894/894
f 898/898/898 897/897/897 896/896/896
f 899/899/899 898/898/898 896/896/896
f 902/902/902 901/901/901 900/900/900
f 903/903/903 902/902/902 900/900/900
f 903/903/903 904/904/904 902/902/902
f 904/904/904 905/905/905 902/902/902
f 904/904/904 906/906/906 905/905/905
f 906/906/906 907/907/907 905/905/905
f 910/910/910 909/909/909 908/908/908
f 911/911/911 910/910/910 908/908/908
f 914/914/914 913/913/913 912/912/912
f 915/915/915 914/914/914 912/912/912
f 915/915/915 912/912/912 916/916/916
f 917/917/917 915/915/915 916/916/916
f 917/917/917 916/916/916 918/918/918
f 919/919/919 917/917/917 918/918/918
f 922/922/922 921/921/921 920/920/920
f 923/923/923 922/922/922 920/920/920
f 926/926/926 925/925/925 924/924/924
f 927/927/927 926/926/926 924/924/924
f 930/930/930 929/929/929 928/928/928
f 931/931/931 930/930/930 928/928/928
f 934/934/934 933/933/933 932/932/932
f 935/935/935 934/934/934 932/932/932
f 938/938/938 937/937/937 936/936/936
f 939/939/939 938/938/938 936/936/936
f 942/942/942 941/941/941 940/940/940
f 941/941/941 943/943/943 940/940/940
f 940/940/940 943/943/943 944/944/944
f 945/945/945 940/940/940 944/944/944
f 945/945/945 944/944/944 946/946/946
f 947/947/947 945/945/945 946/946/946
f 947/947/947 946/946/946 948/948/948
f 946/946/946 949/949/949 948/948/948
f 950/950/950 948/948/948 949/949/949
f 950/950/950 949/949/949 951/951/951
f 951/951/951 949/949/949 952/952/952
f 955/955/955 954/954/954 953/953/953
f 956/956/956 955/955/955 953/953/953
f 957/957/957 955/955/955 956/956/956
f 958/958/958 957/957/957 956/956/956
f 959/959/959 957/957/957 958/958/958
f 960/960/960 959/959/959 958/958/958
f 963/963/963 962/962/962 961/961/961
f 962/962/962 964/964/964 961/961/961
f 965/965/965 961/961/961 964/964/964
f 966/966/966 965/965/965 964/964/964
f 967/967/967 965/965/965 966/966/966
f 968/968/968 967/967/967 966/966/966
f 971/971/971 970/970/970 969/969/969
f 972/972/972 971/971/971 969/969/969
f 975/975/975 974/974/974 973/973/973
f 976/976/976 975/975/975 973/973/973
f 979/979/979 978/978/978 977/977/977
f 980/980/980 979/979/979 977/977/977
f 983/983/983 982/982/982 981/981/981
f 984/984/984 983/983/983 981/981/981
f 987/987/987 986/986/986 985/985/985
f 986/986/986 988/988/988 985/985/985
f 985/985/985 988/988/988 989/989/989
f 988/988/988 990/990/990 989/989/989
f 989/989/989 990/990/990 991/991/991
f 990/990/990 992/992/992 991/991/991
f 995/995/995 994/994/994 993/993/993
f 994/994/994 996/996/996 993/993/993
f 993/993/993 996/996/996 997/997/997
f 996/996/996 998/998/998 997/997/997
f 997/997/997 998/998/998 999/999/999
f 998/998/998 1000/1000/1000 999/999/999
f 1003/1003/1003 1002/1002/1002 1001/1001/1001
f 1004/1004/1004 1003/1003/1003 1001/1001/1001
f 1007/1007/1007 1006/1006/1006 1005/1005/1005
f 1008/1008/1008 1007/1007/1007 1005/1005/1005
f 1009/1009/1009 1007/1007/1007 1008/1008/1008
f 1010/1010/1010 1009/1009/1009 1008/1008/1008
f 1011/1011/1011 1009/1009/1009 1010/1010/1010
f 1012/1012/1012 1011/1011/1011 1010/1010/1010
f 1013/1013/1013 1011/1011/1011 1012/1012/1012
f 1014/1014/1014 1013/1013/1013 1012/1012/1012
f 1017/1017/1017 1016/1016/1016 1015/1015/1015
f 1018/1018/1018 1017/1017/1017 1015/1015/1015
f 1018/1018/1018 1019/1019/1019 1017/1017/1017
f 1019/1019/1019 1020/1020/1020 1017/1017/1017
f 1019/1019/1019 1021/1021/1021 1020/1020/1020
f 1021/1021/1021 1022/1022/1022 1020/1020/1020
f 1025/1025/1025 1024/1024/1024 1023/1023/1023
f 1026/1026/1026 1025/1025/1025 1023/1023/1023
f 1029/1029/1029 1028/1028/1028 1027/1027/1027
f 1030/1030/1030 1029/1029/1029 1027/1027/1027
f 1033/1033/1033 1032/1032/1032 1031/1031/1031
f 1032/1032/1032 1034/1034/1034 1031/1031/1031
f 1035/1035/1035 1034/1034/1034 1032/1032/1032
f 1036/1036/1036 1035/1035/1035 1032/1032/1032
f 1037/1037/1037 1035/1035/1035 1036/1036/1036
f 1038/1038/1038 1037/1037/1037 1036/1036/1036
f 1039/1039/1039 1037/1037/1037 1038/1038/1038
f 1040/1040/1040 1039/1039/1039 1038/1038/1038
f 1043/1043/1043 1042/1042/1042 1041/1041/1041
f 1042/1042/1042 1044/1044/1044 1041/1041/1041
f 1045/1045/1045 1044/1044/1044 1042/1042/1042
f 1046/1046/1046 1045/1045/1045 1042/1042/1042
f 1049/1049/1049 1048/1048/1048 1047/1047/1047
f 1050/1050/1050 1049/1049/1049 1047/1047/1047
f 1053/1053/1053 1052/1052/1052 1051/1051/1051
f 1054/1054/1054 1053/1053/1053 1051/1051/1051
f 1057/1057/1057 1056/1056/1056 1055/1055/1055
f 1058/1058/1058 1057/1057/1057 1055/1055/1055
f 1061/1061/1061 1060/1060/1060 1059/1059/1059
f 1061/1061/1061 1062/1062/1062 1060/1060/1060
f 1063/1063/1063 1060/1060/1060 1062/1062/1062
f 1064/1064/1064 1063/1063/1063 1062/1062/1062
f 1064/1064/1064 1065/1065/1065 1063/1063/1063
f 1065/1065/1065 1066/1066/1066 1063/1063/1063
f 1067/1067/1067 1066/1066/1066 1065/1065/1065
f 1068/1068/1068 1067/1067/1067 1065/1065/1065
f 1067/1067/1067 1068/1068/1068 1069/1069/1069
f 1070/1070/1070 1067/1067/1067 1069/1069/1069
f 1070/1070/1070 1069/1069/1069 1071/1071/1071
f 1069/1069/1069 1072/1072/1072 1071/1071/1071
f 1071/1071/1071 1072/1072/1072 1073/1073/1073
f 1074/1074/1074 1071/1071/1071 1073/1073/1073
f 1073/1073/1073 1075/1075/1075 1074/1074/1074
f 1074/1074/1074 1075/1075/1075 1076/1076/1076
f 1079/1079/1079 1078/1078/1078 1077/1077/1077
f 1080/1080/1080 1079/1079/1079 1077/1077/1077
f 1080/1080/1080 1081/1081/1081 1079/1079/1079
f 1081/1081/1081 1082/1082/1082 1079/1079/1079
f 1081/1081/1081 1083/1083/1083 1082/1082/1082
f 1083/1083/1083 1084/1084/1084 1082/1082/1082
f 1083/1083/1083 1085/1085/1085 1084/1084/1084
f 1085/1085/1085 1086/1086/1086 1084/1084/1084
f 1089/1089/1089 1088/1088/1088 1087/1087/1087
f 1090/1090/1090 1089/1089/1089 1087/1087/1087
f 1090/1090/1090 1091/1091/1091 1089/1089/1089
f 1091/1091/1091 1092/1092/1092 1089/1089/1089
f 1095/1095/1095 1094/1094/1094 1093/1093/1093
f 1096/1096/1096 1095/1095/1095 1093/1093/1093
f 1099/1099/1099 1098/1098/1098 1097/1097/1097
f 1100/1100/1100 1099/1099/1099 1097/1097/1097
f 1103/1103/1103 1102/1102/1102 1101/1101/1101
f 1104/1104/1104 1103/1103/1103 1101/1101/1101
f 1107/1107/1107 1106/1106/1106 1105/1105/1105
f 1108/1108/1108 1106/1106/1106 1107/1107/1107
f 1107/1107/1107 1109/1109/1109 1108/1108/1108
f 1109/1109/1109 1110/1110/1110 1108/1108/1108
f 1111/1111/1111 1110/1110/1110 1109/1109/1109
f 1112/1112/1112 1111/1111/1111 1109/1109/1109
f 1112/1112/1112 1113/1113/1113 1111/1111/1111
f 1113/1113/1113 1114/1114/1114 1111/1111/1111
f 1114/1114/1114 1113/1113/1113 1115/1115/1115
f 1113/1113/1113 1116/1116/1116 1115/1115/1115
f 1115/1115/1115 1116/1116/1116 1117/1117/1117
f 1118/1118/1118 1115/1115/1115 1117/1117/1117
f 1118/1118/1118 1117/1117/1117 1119/1119/1119
f 1117/1117/1117 1120/1120/1120 1119/1119/1119
f 1121/1121/1121 1119/1119/1119 1120/1120/1120
f 1121/1121/1121 1120/1120/1120 1122/1122/1122
f 1125/1125/1125 1124/1124/1124 1123/1123/1123
f 1126/1126/1126 1125/1125/1125 1123/1123/1123
f 1126/1126/1126 1127/1127/1127 1125/1125/1125
f 1127/1127/1127 1128/1128/1128 1125/1125/1125
f 1127/1127/1127 1129/1129/1129 1128/1128/1128
f 1129/1129/1129 1130/1130/1130 1128/1128/1128
f 1129/1129/1129 1131/1131/1131 1130/1130/1130
f 1131/1131/1131 1132/1132/1132 1130/1130/1130
f 1135/1135/1135 1134/1134/1134 1133/1133/1133
f 1136/1136/1136 1135/1135/1135 1133/1133/1133
f 1136/1136/1136 1137/1137/1137 1135/1135/1135
f 1137/1137/1137 1138/1138/1138 1135/1135/1135
f 1141/1141/1141 1140/1140/1140 1139/1139/1139
f 1142/1142/1142 1141/1141/1141 1139/1139/1139
f 1145/1145/1145 1144/1144/1144 1143/1143/1143
f 1146/1146/1146 1145/1145/1145 1143/1143/1143
f 1149/1149/1149 1148/1148/1148 1147/1147/1147
f 1150/1150/1150 1149/1149/1149 1147/1147/1147
f 1153/1153/1153 1152/1152/1152 1151/1151/1151
f 1152/1152/1152 1154/1154/1154 1151/1151/1151
f 1155/1155/1155 1154/1154/1154 1152/1152/1152
f 1156/1156/1156 1155/1155/1155 1152/1152/1152
f 1157/1157/1157 1155/1155/1155 1156/1156/1156
f 1158/1158/1158 1157/1157/1157 1156/1156/1156
f 1159/1159/1159 1157/1157/1157 1158/1158/1158
f 1160/1160/1160 1159/1159/1159 1158/1158/1158
f 1163/1163/1163 1162/1162/1162 1161/1161/1161
f 1162/1162/1162 1164/1164/1164 1161/1161/1161
f 1165/1165/1165 1164/1164/1164 1162/1162/1162
f 1166/1166/1166 1165/1165/1165 1162/1162/1162
f 1169/1169/1169 1168/1168/1168 1167/1167/1167
f 1170/1170/1170 1169/1169/1169 1167/1167/1167
f 1173/1173/1173 1172/1172/1172 1171/1171/1171
f 1174/1174/1174 1173/1173/1173 1171/1171/1171
f 1177/1177/1177 1176/1176/1176 1175/1175/1175
f 1178/1178/1178 1177/1177/1177 1175/1175/1175
f 1181/1181/1181 1180/1180/1180 1179/1179/1179
f 1181/1181/1181 1179/1179/1179 1182/1182/1182
f 1180/1180/1180 1181/1181/1181 1183/1183/1183
f 1184/1184/1184 1181/1181/1181 1182/1182/1182
f 1185/1185/1185 1184/1184/1184 1182/1182/1182
f 1185/1185/1185 1186/1186/1186 1184/1184/1184
f 1186/1186/1186 1187/1187/1187 1184/1184/1184
f 1188/1188/1188 1187/1187/1187 1186/1186/1186
f 1181/1181/1181 1189/1189/1189 1183/1183/1183
f 1187/1187/1187 1188/1188/1188 1189/1189/1189
f 1189/1189/1189 1190/1190/1190 1183/1183/1183
f 1188/1188/1188 1190/1190/1190 1189/1189/1189
f 1193/1193/1193 1192/1192/1192 1191/1191/1191
f 1194/1194/1194 1193/1193/1193 1191/1191/1191
f 1192/1192/1192 1193/1193/1193 1195/1195/1195
f 1193/1193/1193 1194/1194/1194 1196/1196/1196
f 1193/1193/1193 1197/1197/1197 1195/1195/1195
f 1197/1197/1197 1193/1193/1193 1196/1196/1196
f 1200/1200/1200 1199/1199/1199 1198/1198/1198
f 1199/1199/1199 1201/1201/1201 1198/1198/1198
f 1202/1202/1202 1200/1200/1200 1198/1198/1198
f 1203/1203/1203 1200/1200/1200 1202/1202/1202
f 1204/1204/1204 1203/1203/1203 1202/1202/1202
f 1202/1202/1202 1205/1205/1205 1204/1204/1204
f 1205/1205/1205 1202/1202/1202 1198/1198/1198
f 1203/1203/1203 1204/1204/1204 1206/1206/1206
f 1204/1204/1204 1205/1205/1205 1206/1206/1206
f 1207/1207/1207 1203/1203/1203 1206/1206/1206
f 1208/1208/1208 1207/1207/1207 1206/1206/1206
f 1209/1209/1209 1205/1205/1205 1198/1198/1198
f 1205/1205/1205 1210/1210/1210 1206/1206/1206
f 1201/1201/1201 1211/1211/1211 1198/1198/1198
f 1211/1211/1211 1209/1209/1209 1198/1198/1198
f 1211/1211/1211 1201/1201/1201 1212/1212/1212
f 1211/1211/1211 1212/1212/1212 1209/1209/1209
f 1201/1201/1201 1213/1213/1213 1212/1212/1212
f 1212/1212/1212 1214/1214/1214 1209/1209/1209
f 1213/1213/1213 1215/1215/1215 1212/1212/1212
f 1214/1214/1214 1212/1212/1212 1216/1216/1216
f 1215/1215/1215 1216/1216/1216 1212/1212/1212
f 1215/1215/1215 1208/1208/1208 1216/1216/1216
f 1214/1214/1214 1216/1216/1216 1210/1210/1210
f 1210/1210/1210 1217/1217/1217 1206/1206/1206
f 1217/1217/1217 1208/1208/1208 1206/1206/1206
f 1216/1216/1216 1217/1217/1217 1210/1210/1210
f 1208/1208/1208 1217/1217/1217 1216/1216/1216
f 1220/1220/1220 1219/1219/1219 1218/1218/1218
f 1221/1221/1221 1220/1220/1220 1218/1218/1218
f 1219/1219/1219 1222/1222/1222 1218/1218/1218
f 1223/1223/1223 1221/1221/1221 1218/1218/1218
f 1222/1222/1222 1224/1224/1224 1218/1218/1218
f 1225/1225/1225 1223/1223/1223 1218/1218/1218
f 1224/1224/1224 1226/1226/1226 1218/1218/1218
f 1227/1227/1227 1225/1225/1225 1218/1218/1218
f 1226/1226/1226 1228/1228/1228 1218/1218/1218
f 1228/1228/1228 1227/1227/1227 1218/1218/1218
