g TowerMirrorFrameMesh
v 2.23791812E-08 -1.11188436 -0.153851196
v 0.452980608 -0.193690985 -0.243718788
v -0.452980608 -0.193690985 -0.243718788
v -2.23791758E-08 0.724502265 -0.153851226
v -0.452980608 -0.193690985 -0.243718788
v 0.452980608 -0.193690985 -0.243718788
v 0.0665574148 -1.79215872 0.18624714
v -0 -1.79215872 0.225803435
v -0 -1.7122817 0.18624714
v -0 -1.7122817 0.18624714
v -0 -1.79215872 0.225803435
v -0.0665574148 -1.79215872 0.18624714
v -0.0665574148 -1.79215872 0.18624714
v -0 -1.79215872 0.225803435
v -0 -1.8720361 0.18624714
v -0 -1.79215872 0.225803435
v 0.0665574148 -1.79215872 0.18624714
v -0 -1.8720361 0.18624714
v -0 -1.79215872 0.146690875
v 0.0665574148 -1.79215872 0.18624714
v -0 -1.7122817 0.18624714
v -0 -1.79215872 0.146690875
v -0 -1.7122817 0.18624714
v -0.0665574148 -1.79215872 0.18624714
v -0 -1.79215872 0.146690875
v -0.0665574148 -1.79215872 0.18624714
v -0 -1.8720361 0.18624714
v -0 -1.79215872 0.146690875
v -0 -1.8720361 0.18624714
v 0.0665574148 -1.79215872 0.18624714
v 0.0665574148 -1.79215872 -0.0163909644
v -3.330669E-18 -1.7122817 -0.0163909644
v -5.86511421E-18 -1.79215872 -0.0559472367
v -3.330669E-18 -1.7122817 -0.0163909644
v -0.0665574148 -1.79215872 -0.0163909644
v -5.86511421E-18 -1.79215872 -0.0559472367
v -0.0665574148 -1.79215872 -0.0163909644
v 3.03317411E-18 -1.8720361 -0.0163909644
v -5.86511421E-18 -1.79215872 -0.0559472367
v -5.86511421E-18 -1.79215872 -0.0559472367
v 3.03317411E-18 -1.8720361 -0.0163909644
v 0.0665574148 -1.79215872 -0.0163909644
v 6.67083072E-18 -1.79215872 0.0231653135
v -3.330669E-18 -1.7122817 -0.0163909644
v 0.0665574148 -1.79215872 -0.0163909644
v 6.67083072E-18 -1.79215872 0.0231653135
v -0.0665574148 -1.79215872 -0.0163909644
v -3.330669E-18 -1.7122817 -0.0163909644
v 6.67083072E-18 -1.79215872 0.0231653135
v 3.03317411E-18 -1.8720361 -0.0163909644
v -0.0665574148 -1.79215872 -0.0163909644
v 6.67083072E-18 -1.79215872 0.0231653135
v 0.0665574148 -1.79215872 -0.0163909644
v 3.03317411E-18 -1.8720361 -0.0163909644
v -1.10888994 -0.578420639 0.170536339
v -1.15999997 -0.578420639 0.202696353
v -1.15999997 -0.525320649 0.170536339
v -1.15999997 -0.525320649 0.170536339
v -1.15999997 -0.578420639 0.202696353
v -1.21111 -0.578420639 0.170536339
v -1.21111 -0.578420639 0.170536339
v -1.15999997 -0.578420639 0.202696353
v -1.15999997 -0.631520629 0.170536339
v -1.15999997 -0.578420639 0.202696353
v -1.10888994 -0.578420639 0.170536339
v -1.15999997 -0.631520629 0.170536339
v -1.15999997 -0.578420639 0.13837634
v -1.10888994 -0.578420639 0.170536339
v -1.15999997 -0.525320649 0.170536339
v -1.15999997 -0.578420639 0.13837634
v -1.15999997 -0.525320649 0.170536339
v -1.21111 -0.578420639 0.170536339
v -1.15999997 -0.578420639 0.13837634
v -1.21111 -0.578420639 0.170536339
v -1.15999997 -0.631520629 0.170536339
v -1.15999997 -0.578420639 0.13837634
v -1.15999997 -0.631520629 0.170536339
v -1.10888994 -0.578420639 0.170536339
v -1.10888994 -0.578420639 -0.000680153375
v -1.15999997 -0.525320649 -0.000680153375
v -1.15999997 -0.578420639 -0.0328401774
v -1.15999997 -0.525320649 -0.000680153375
v -1.21111 -0.578420639 -0.000680153375
v -1.15999997 -0.578420639 -0.0328401774
v -1.21111 -0.578420639 -0.000680153375
v -1.15999997 -0.631520629 -0.000680153375
v -1.15999997 -0.578420639 -0.0328401774
v -1.15999997 -0.578420639 -0.0328401774
v -1.15999997 -0.631520629 -0.000680153375
v -1.10888994 -0.578420639 -0.000680153375
v -1.15999997 -0.578420639 0.0314798318
v -1.15999997 -0.525320649 -0.000680153375
v -1.10888994 -0.578420639 -0.000680153375
v -1.15999997 -0.578420639 0.0314798318
v -1.21111 -0.578420639 -0.000680153375
v -1.15999997 -0.525320649 -0.000680153375
v -1.15999997 -0.578420639 0.0314798318
v -1.15999997 -0.631520629 -0.000680153375
v -1.21111 -0.578420639 -0.000680153375
v -1.15999997 -0.578420639 0.0314798318
v -1.10888994 -0.578420639 -0.000680153375
v -1.15999997 -0.631520629 -0.000680153375
v 1.21111381 -0.578420758 0.170536339
v 1.16000009 -0.578420758 0.202701226
v 1.16000009 -0.525320947 0.170536339
v 1.16000009 -0.525320947 0.170536339
v 1.16000009 -0.578420758 0.202701226
v 1.10888612 -0.578420758 0.170536339
v 1.10888612 -0.578420758 0.170536339
v 1.16000009 -0.578420758 0.202701226
v 1.16000009 -0.63152045 0.170536339
v 1.16000009 -0.578420758 0.202701226
v 1.21111381 -0.578420758 0.170536339
v 1.16000009 -0.63152045 0.170536339
v 1.16000009 -0.578420758 0.138371468
v 1.21111381 -0.578420758 0.170536339
v 1.16000009 -0.525320947 0.170536339
v 1.16000009 -0.578420758 0.138371468
v 1.16000009 -0.525320947 0.170536339
v 1.10888612 -0.578420758 0.170536339
v 1.16000009 -0.578420758 0.138371468
v 1.10888612 -0.578420758 0.170536339
v 1.16000009 -0.63152045 0.170536339
v 1.16000009 -0.578420758 0.138371468
v 1.16000009 -0.63152045 0.170536339
v 1.21111381 -0.578420758 0.170536339
v 1.21111381 -0.578420758 -0.000680162862
v 1.16000009 -0.525320947 -0.000680162862
v 1.16000009 -0.578420758 -0.0328450501
v 1.16000009 -0.525320947 -0.000680162862
v 1.10888612 -0.578420758 -0.000680162862
v 1.16000009 -0.578420758 -0.0328450501
v 1.10888612 -0.578420758 -0.000680162862
v 1.16000009 -0.63152045 -0.000680162862
v 1.16000009 -0.578420758 -0.0328450501
v 1.16000009 -0.578420758 -0.0328450501
v 1.16000009 -0.63152045 -0.000680162862
v 1.21111381 -0.578420758 -0.000680162862
v 1.16000009 -0.578420758 0.0314847119
v 1.16000009 -0.525320947 -0.000680162862
v 1.21111381 -0.578420758 -0.000680162862
v 1.16000009 -0.578420758 0.0314847119
v 1.10888612 -0.578420758 -0.000680162862
v 1.16000009 -0.525320947 -0.000680162862
v 1.16000009 -0.578420758 0.0314847119
v 1.16000009 -0.63152045 -0.000680162862
v 1.10888612 -0.578420758 -0.000680162862
v 1.16000009 -0.578420758 0.0314847119
v 1.21111381 -0.578420758 -0.000680162862
v 1.16000009 -0.63152045 -0.000680162862
v 0.0839999914 1.74644554 0.113995127
v -0 1.74644554 0.164820328
v -0 1.88768911 0.113995127
v -0 1.88768911 0.113995127
v -0 1.74644554 0.164820328
v -0.0839999914 1.74644554 0.113995127
v -0.0839999914 1.74644554 0.113995127
v -0 1.74644554 0.164820328
v -0 1.64025569 0.113995127
v -0 1.74644554 0.164820328
v 0.0839999914 1.74644554 0.113995127
v -0 1.64025569 0.113995127
v -0 1.74644554 0.0739951432
v 0.0839999914 1.74644554 0.113995127
v -0 1.88768911 0.113995127
v -0 1.74644554 0.0739951432
v -0 1.88768911 0.113995127
v -0.0839999914 1.74644554 0.113995127
v -0 1.74644554 0.0739951432
v -0.0839999914 1.74644554 0.113995127
v -0 1.64025569 0.113995127
v -0 1.74644554 0.0739951432
v -0 1.64025569 0.113995127
v 0.0839999914 1.74644554 0.113995127
v 0.0839999914 1.74644554 0.0558610484
v 1.56494135E-17 1.88768911 0.0558610484
v -0 1.74644554 0.00503585069
v 1.56494135E-17 1.88768911 0.0558610484
v -0.0839999914 1.74644554 0.0558610484
v -0 1.74644554 0.00503585069
v -0.0839999914 1.74644554 0.0558610484
v -0 1.64025569 0.0558610484
v -0 1.74644554 0.00503585069
v -0 1.74644554 0.00503585069
v -0 1.64025569 0.0558610484
v 0.0839999914 1.74644554 0.0558610484
v 1.46693418E-17 1.74644554 0.095861055
v 1.56494135E-17 1.88768911 0.0558610484
v 0.0839999914 1.74644554 0.0558610484
v 1.46693418E-17 1.74644554 0.095861055
v -0.0839999914 1.74644554 0.0558610484
v 1.56494135E-17 1.88768911 0.0558610484
v 1.46693418E-17 1.74644554 0.095861055
v -0 1.64025569 0.0558610484
v -0.0839999914 1.74644554 0.0558610484
v 1.46693418E-17 1.74644554 0.095861055
v 0.0839999914 1.74644554 0.0558610484
v -0 1.64025569 0.0558610484
v -0.426302791 1.59260833 0.133268669
v -0.385163844 1.5512768 0.084588863
v -0.501582146 1.57599151 0.084588863
v 0.426302761 1.59260833 0.133268669
v 0.501582146 1.57599151 0.084588863
v 0.385163784 1.5512768 0.084588863
v -0.426302791 1.59260833 0.0359090492
v -0.501582146 1.57599151 0.084588863
v -0.385163844 1.5512768 0.084588863
v 0.426302761 1.59260833 0.0359090492
v 0.385163784 1.5512768 0.084588863
v 0.501582146 1.57599151 0.084588863
v -1.0839287 -1.14531147 0.0849274844
v -1.14855051 -1.14531147 0.0849274844
v -1.14855051 -1.14531147 0.146377966
v 1.98506403E-19 1.5432241 0.145370588
v -0 1.66310632 0.0849274844
v -0 1.66077638 0.0849274844
v 1.0839287 -1.14531147 0.0849274844
v 1.14855051 -1.14531147 0.146377966
v 1.14855051 -1.14531147 0.0849274844
v 1.14855051 -1.14531147 0.146377966
v 1.0839287 -1.14531147 0.0849274844
v 1.07764161 -1.03007054 0.146377996
v 1.98506403E-19 1.5432241 0.145370588
v -0 1.66077638 0.0849274844
v -0 1.66310632 0.0849274844
v -1.0839287 -1.14531147 0.0849274844
v -1.14855051 -1.14531147 0.0234769937
v -1.14855051 -1.14531147 0.0849274844
v -8.91597406E-19 1.5432241 0.0244843699
v -0 1.66077638 0.0849274844
v -0 1.66310632 0.0849274844
v 1.0839287 -1.14531147 0.0849274844
v 1.14855051 -1.14531147 0.0849274844
v 1.14855051 -1.14531147 0.0234769937
v 1.14855051 -1.14531147 0.0234769937
v 1.07764161 -1.03007054 0.0234769788
v 1.0839287 -1.14531147 0.0849274844
v -8.91597406E-19 1.5432241 0.0244843699
v -0 1.66310632 0.0849274844
v -0 1.66077638 0.0849274844
v -0.718572438 1.2718873 0.167957261
v -0.673084021 1.19548285 0.145370588
v -0.751026034 1.24030244 0.167957261
v -0.664676547 1.32044435 0.145370588
v -0.718572438 1.2718873 0.167957261
v -0.749491274 1.32899284 0.129061997
v -0.664676547 1.32044435 0.145370588
v -0.673084021 1.19548285 0.145370588
v -0.718572438 1.2718873 0.167957261
v -0.751026034 1.24030244 0.167957261
v -0.673084021 1.19548285 0.145370588
v -0.799842536 1.19260073 0.145370588
v -0.806267917 1.27529216 0.129061997
v -0.751026034 1.24030244 0.167957261
v -0.799842536 1.19260073 0.145370588
v -0.721401572 0.992103934 0.145492226
v -0.787797391 0.906796038 0.21133481
v -0.919924915 1.00963199 0.145492226
v -0.919924915 1.00963199 0.145492226
v -0.787797391 0.906796038 0.21133481
v -0.854193091 0.821488082 0.145492226
v -0.854193091 0.821488082 0.145492226
v -0.787797391 0.906796038 0.21133481
v -0.655669868 0.803960025 0.145491526
v -0.787797391 0.906796038 0.21133481
v -0.721401572 0.992103934 0.145492226
v -0.655669868 0.803960025 0.145491526
v -0.787797391 0.906796038 0.0796496496
v -0.721401572 0.992103934 0.145492226
v -0.919924915 1.00963199 0.145492226
v -0.787797391 0.906796038 0.0796496496
v -0.919924915 1.00963199 0.145492226
v -0.854193091 0.821488082 0.145492226
v -0.787797391 0.906796038 0.0796496496
v -0.854193091 0.821488082 0.145492226
v -0.655669868 0.803960025 0.145491526
v -0.787797391 0.906796038 0.0796496496
v -0.655669868 0.803960025 0.145491526
v -0.721401572 0.992103934 0.145492226
v 0.718572438 1.2718873 0.167957261
v 0.751026034 1.24030244 0.167957261
v 0.673084021 1.19548285 0.145370588
v 0.664676547 1.32044435 0.145370588
v 0.749491274 1.32899284 0.129061997
v 0.718572438 1.2718873 0.167957261
v 0.664676547 1.32044435 0.145370588
v 0.718572438 1.2718873 0.167957261
v 0.673084021 1.19548285 0.145370588
v 0.751026034 1.24030244 0.167957261
v 0.799842536 1.19260073 0.145370588
v 0.673084021 1.19548285 0.145370588
v 0.806267917 1.27529216 0.129061997
v 0.799842536 1.19260073 0.145370588
v 0.751026034 1.24030244 0.167957261
v 0.721401572 0.992103934 0.145492226
v 0.919924915 1.00963199 0.145492226
v 0.787797391 0.906796038 0.21133481
v 0.919924915 1.00963199 0.145492226
v 0.854193091 0.821488082 0.145492226
v 0.787797391 0.906796038 0.21133481
v 0.854193091 0.821488082 0.145492226
v 0.655669868 0.803960025 0.145491526
v 0.787797391 0.906796038 0.21133481
v 0.787797391 0.906796038 0.21133481
v 0.655669868 0.803960025 0.145491526
v 0.721401572 0.992103934 0.145492226
v 0.787797391 0.906796038 0.0796496496
v 0.919924915 1.00963199 0.145492226
v 0.721401572 0.992103934 0.145492226
v 0.787797391 0.906796038 0.0796496496
v 0.854193091 0.821488082 0.145492226
v 0.919924915 1.00963199 0.145492226
v 0.787797391 0.906796038 0.0796496496
v 0.655669868 0.803960025 0.145491526
v 0.854193091 0.821488082 0.145492226
v 0.787797391 0.906796038 0.0796496496
v 0.721401572 0.992103934 0.145492226
v 0.655669868 0.803960025 0.145491526
v -0.718572438 1.2718873 0.00189891574
v -0.751026034 1.24030244 0.00189891574
v -0.673084021 1.19548285 0.0244855899
v -0.664676547 1.32044435 0.0244855899
v -0.749491274 1.32899284 0.0407941826
v -0.718572438 1.2718873 0.00189891574
v -0.664676547 1.32044435 0.0244855899
v -0.718572438 1.2718873 0.00189891574
v -0.673084021 1.19548285 0.0244855899
v -0.751026034 1.24030244 0.00189891574
v -0.799842536 1.19260073 0.0244855899
v -0.673084021 1.19548285 0.0244855899
v -0.806267917 1.27529216 0.0407941826
v -0.799842536 1.19260073 0.0244855899
v -0.751026034 1.24030244 0.00189891574
v -0.721401572 0.992103934 0.0243639592
v -0.919924915 1.00963199 0.0243639592
v -0.787797391 0.906796038 -0.0414786339
v -0.919924915 1.00963199 0.0243639592
v -0.854193091 0.821488082 0.0243639592
v -0.787797391 0.906796038 -0.0414786339
v -0.854193091 0.821488082 0.0243639592
v -0.655669987 0.803960025 -0.0283309575
v -0.787797391 0.906796038 -0.0414786339
v -0.787797391 0.906796038 -0.0414786339
v -0.655669987 0.803960025 -0.0283309575
v -0.721401572 0.992103934 0.0243639592
v -0.787797391 0.906796038 0.0902065337
v -0.919924915 1.00963199 0.0243639592
v -0.721401572 0.992103934 0.0243639592
v -0.787797391 0.906796038 0.0902065337
v -0.854193091 0.821488082 0.0243639592
v -0.919924915 1.00963199 0.0243639592
v -0.787797391 0.906796038 0.0902065337
v -0.655669987 0.803960025 -0.0283309575
v -0.854193091 0.821488082 0.0243639592
v -0.787797391 0.906796038 0.0902065337
v -0.721401572 0.992103934 0.0243639592
v -0.655669987 0.803960025 -0.0283309575
v 0.718572438 1.2718873 0.00189891574
v 0.673084021 1.19548285 0.0244855899
v 0.751026034 1.24030244 0.00189891574
v 0.664676547 1.32044435 0.0244855899
v 0.718572438 1.2718873 0.00189891574
v 0.749491274 1.32899284 0.0407941826
v 0.664676547 1.32044435 0.0244855899
v 0.673084021 1.19548285 0.0244855899
v 0.718572438 1.2718873 0.00189891574
v 0.751026034 1.24030244 0.00189891574
v 0.673084021 1.19548285 0.0244855899
v 0.799842536 1.19260073 0.0244855899
v 0.806267917 1.27529216 0.0407941826
v 0.751026034 1.24030244 0.00189891574
v 0.799842536 1.19260073 0.0244855899
v 0.721401572 0.992103934 0.0243639592
v 0.787797391 0.906796038 -0.0414786339
v 0.919924915 1.00963199 0.0243639592
v 0.919924915 1.00963199 0.0243639592
v 0.787797391 0.906796038 -0.0414786339
v 0.854193091 0.821488082 0.0243639592
v 0.854193091 0.821488082 0.0243639592
v 0.787797391 0.906796038 -0.0414786339
v 0.655669689 0.803960025 -0.0283309575
v 0.787797391 0.906796038 -0.0414786339
v 0.721401572 0.992103934 0.0243639592
v 0.655669689 0.803960025 -0.0283309575
v 0.787797391 0.906796038 0.0902065337
v 0.721401572 0.992103934 0.0243639592
v 0.919924915 1.00963199 0.0243639592
v 0.787797391 0.906796038 0.0902065337
v 0.919924915 1.00963199 0.0243639592
v 0.854193091 0.821488082 0.0243639592
v 0.787797391 0.906796038 0.0902065337
v 0.854193091 0.821488082 0.0243639592
v 0.655669689 0.803960025 -0.0283309575
v 0.787797391 0.906796038 0.0902065337
v 0.655669689 0.803960025 -0.0283309575
v 0.721401572 0.992103934 0.0243639592
v 2.23791812E-08 -1.11188436 -0.153851196
v -0.39084217 -1.50592983 0.00777946692
v 3.42050228E-08 -1.55385339 0.00777946226
v 3.81469718E-08 -1.7011764 0.061656341
v -0.521122873 -1.63727844 0.0616563596
v 0.521122932 -1.63727844 0.0616563298
v 0.390842229 -1.50592983 0.00777944783
v 2.23791812E-08 -1.11188436 -0.153851196
v 2.23791812E-08 -1.11188436 -0.153851196
v 0.940404654 -0.629013181 -0.0115802027
v 0.452980608 -0.193690985 -0.243718788
v 0.827159464 -0.858561456 0.0108866906
v 1.10287929 -0.774120569 0.0657993257
v -0.452980608 -0.193690985 -0.243718788
v -0.827159464 -0.858561456 0.0108866477
v 2.23791812E-08 -1.11188436 -0.153851196
v -0.940404654 -0.629013181 -0.0115802595
v -1.10287929 -0.774120569 0.0657992661
v -2.23791758E-08 0.724502265 -0.153851226
v -0.390842229 1.11854804 0.00777943851
v -0.669776917 0.794863641 0.00933306944
v -0.81942153 0.473549187 0.00934558641
v -1.10287929 0.38673842 0.0657993257
v -0.81942153 0.473549187 0.00934558641
v -0.893035889 0.818317473 0.0637278259
v -0.521122932 1.24989665 0.0616563298
v -0.390842229 1.11854804 0.00777943851
v -0.940404654 0.241631076 -0.0115802027
v -0.452980608 -0.193690985 -0.243718788
v -2.23791758E-08 0.724502265 -0.153851226
v -0.81942153 0.473549187 0.00934558641
v -1.10287929 0.38673842 0.0657993257
v 0.452980608 -0.193690985 -0.243718788
v 0.827159464 0.471179426 0.0108866477
v -2.23791758E-08 0.724502265 -0.153851226
v 0.940404654 0.241631076 -0.0115802595
v 1.10287929 0.38673842 0.0657992661
v 0.940404654 -0.629013181 -0.0115802027
v 1.10287929 -0.774120569 0.0657993257
v 1.15250981 -0.19369106 0.0657992959
v 0.977627516 -0.193691045 -0.0115802214
v 0.452980608 -0.193690985 -0.243718788
v 1.10287929 0.38673842 0.0657992661
v 0.940404654 0.241631076 -0.0115802595
v 0.893035889 -1.20569944 0.0637278259
v 1.10287929 -0.774120569 0.0657993257
v 0.827159464 -0.858561456 0.0108866906
v 0.669776917 -1.18224573 0.00933306944
v 0.521122932 -1.63727844 0.0616563298
v 2.23791812E-08 -1.11188436 -0.153851196
v 0.390842229 -1.50592983 0.00777944783
v -0.827159464 -0.858561456 0.0108866477
v -1.10287929 -0.774120569 0.0657992661
v -0.89303571 -1.20569944 0.0637278184
v -0.669776738 -1.18224573 0.00933305919
v 2.23791812E-08 -1.11188436 -0.153851196
v -0.521122873 -1.63727844 0.0616563596
v -0.39084217 -1.50592983 0.00777946692
v -0.940404654 0.241631076 -0.0115802027
v -1.10287929 0.38673842 0.0657993257
v -1.15250981 -0.19369106 0.0657992959
v -0.977627516 -0.193691045 -0.0115802214
v -0.452980608 -0.193690985 -0.243718788
v -1.10287929 -0.774120569 0.0657992661
v -0.940404654 -0.629013181 -0.0115802595
v -3.81469718E-08 1.31379485 0.061656341
v -0.521122932 1.24989665 0.0616563298
v -0.390842229 1.11854804 0.00777943851
v -3.42050228E-08 1.1664716 0.00777945761
v 0.521122873 1.24989665 0.0616563596
v -2.23791758E-08 0.724502265 -0.153851226
v 0.39084217 1.11854804 0.00777946692
v 0.827159464 0.471179426 0.0108866477
v 1.10287929 0.38673842 0.0657992661
v 0.893035769 0.818317473 0.0637278184
v 0.669776797 0.794863641 0.00933305454
v -2.23791758E-08 0.724502265 -0.153851226
v 0.521122873 1.24989665 0.0616563596
v 0.39084217 1.11854804 0.00777946692
v -0 1.74644554 0.153514028
v -0 1.60220671 0.0849282146
v -0.128570005 1.74644554 0.0849282146
v -0 1.95170867 0.0849282146
v -0 1.74644554 0.153514028
v 0.128570005 1.74644554 0.0849282146
v -0 1.60220671 0.0849282146
v -0 1.95170867 0.0849282146
v -0 1.74644554 0.0163417887
v -0.128570005 1.74644554 0.0849282146
v -0 1.60220671 0.0849282146
v -0 1.95170867 0.0849282146
v -0 1.74644554 0.0163417887
v -0 1.60220671 0.0849282146
v 0.128570005 1.74644554 0.0849282146
v -0 1.95170867 0.0849282146
v -0.426302791 1.59260833 0.133268669
v -0.501582146 1.57599151 0.084588863
v -0.488075256 1.61294246 0.084588863
v -0.41985178 1.60630941 0.140296564
v -0.466548413 1.65014708 0.084588863
v -0.443610549 1.67836761 0.084588863
v -0.409375399 1.64454615 0.143369377
v -0.39259848 1.63027465 0.149012074
v -0.369334698 1.64626181 0.154875726
v -0.39064303 1.67089474 0.146119624
v -0.415427685 1.70386076 0.084588863
v -0.348886609 1.65377557 0.158387691
v -0.377578259 1.7229718 0.084588863
v -0.360089868 1.69106591 0.149192125
v -0.326080441 1.6522814 0.164287642
v -0.326707006 1.69740045 0.153326347
v -0.32747671 1.73274934 0.084588863
v -0.301123828 1.64625514 0.169935524
v -0.277900398 1.72848845 0.084588863
v -0.288597584 1.69308496 0.159096003
v -0.275690347 1.6278677 0.17419669
v -0.243084833 1.67408013 0.165178448
v -0.231374964 1.71214902 0.084588863
v -0.192010418 1.6862576 0.084588863
v -0.25477758 1.5947156 0.182078466
v -0.202108249 1.62961912 0.173982769
v -0.162721455 1.64509332 0.084588863
v -0.155104995 1.59562159 0.180577919
v -0.133432493 1.60392904 0.084588863
v -0.256029725 1.55194032 0.189528733
v -0.0969176814 1.57533109 0.084588863
v -0.0969176814 1.55916381 0.189528733
v -1.43051144E-08 1.58657348 0.084588863
v -1.43051144E-08 1.57040644 0.189528733
v -0.292774141 1.49373162 0.189528733
v -1.43051144E-08 1.40588343 0.189528733
v -0.311469495 1.40898955 0.189528733
v -0.0713392645 1.3320663 0.189528733
v -0.228927225 1.30050838 0.189528733
v -0.297788829 1.31865847 0.189528733
v -0.2502985 1.24180114 0.189528733
v -0.221591294 1.23272777 0.189528733
v -0.192884058 1.22365391 0.189528733
v -0.185335726 1.24775457 0.189528733
v -0.163660049 1.27185488 0.189528733
v -0.138497144 1.28776944 0.189528733
v -0.111886583 1.29355073 0.189528733
v -0.0832951739 1.28752589 0.189528733
v -0.0518084839 1.27353919 0.189528733
v -0.0295233633 1.24595892 0.189528733
v -1.43051144E-08 1.22923589 0.189528733
v -0.385163844 1.5512768 0.084588863
v -0.426302791 1.59260833 0.133268669
v -0.380953312 1.5710541 0.084588863
v -0.371751279 1.59083152 0.084588863
v -0.41985178 1.60630941 0.140296564
v -0.39259848 1.63027465 0.149012074
v -0.362819344 1.60236633 0.084588863
v -0.350114584 1.61107171 0.084588863
v -0.369334698 1.64626181 0.154875726
v -0.348886609 1.65377557 0.158387691
v -0.338246733 1.61457491 0.084588863
v -0.326378852 1.6150521 0.084588863
v -0.326080441 1.6522814 0.164287642
v -0.301123828 1.64625514 0.169935524
v -0.310006618 1.61082125 0.084588863
v -0.293634385 1.59598482 0.084588863
v -0.275690347 1.6278677 0.17419669
v -0.25477758 1.5947156 0.182078466
v -0.284779191 1.57477748 0.084588863
v -0.256029725 1.55194032 0.189528733
v -0.287242681 1.55121183 0.084588863
v -0.302969724 1.52558982 0.084588863
v -0.292774141 1.49373162 0.189528733
v -0.340390921 1.49336541 0.084588863
v -0.311469495 1.40898955 0.189528733
v -0.356774896 1.40898955 0.084588863
v -0.297788829 1.31865847 0.189528733
v -0.347060114 1.31786525 0.084588863
v -0.302850157 1.24285531 0.084588863
v -0.2502985 1.24180114 0.189528733
v -0.272748917 1.21070802 0.084588863
v -0.218910977 1.1844095 0.084588863
v -0.221591294 1.23272777 0.189528733
v -0.192884058 1.22365391 0.189528733
v -0.150324821 1.16505075 0.084588863
v -0.185335726 1.24775457 0.189528733
v -0.14472279 1.19612372 0.084588863
v -0.163660049 1.27185488 0.189528733
v -0.124271616 1.21988559 0.084588863
v -0.138497144 1.28776944 0.189528733
v -0.111886583 1.29355073 0.189528733
v -0.0968801305 1.23063445 0.084588863
v -0.0739023983 1.22976899 0.084588863
v -0.0832951739 1.28752589 0.189528733
v -0.0518084839 1.27353919 0.189528733
v -0.0509246737 1.22196293 0.084588863
v -0.0254623424 1.20220041 0.0847579241
v -0.0295233633 1.24595892 0.189528733
v -1.43051144E-08 1.22923589 0.189528733
v -1.43051144E-08 1.18764353 0.0849269927
v 0.426302761 1.59260833 0.133268669
v 0.488075197 1.61294246 0.084588863
v 0.501582146 1.57599151 0.084588863
v 0.41985175 1.60630941 0.140296564
v 0.466548383 1.65014708 0.084588863
v 0.443610519 1.67836761 0.084588863
v 0.40937537 1.64454615 0.143369377
v 0.39259845 1.63027465 0.149012074
v 0.369334668 1.64626181 0.154875726
v 0.390643001 1.67089474 0.146119624
v 0.415427655 1.70386076 0.084588863
v 0.348886549 1.65377557 0.158387691
v 0.377578229 1.7229718 0.084588863
v 0.360089839 1.69106591 0.149192125
v 0.326080382 1.6522814 0.164287642
v 0.326706946 1.69740045 0.153326347
v 0.32747668 1.73274934 0.084588863
v 0.301123798 1.64625514 0.169935524
v 0.277900398 1.72848845 0.084588863
v 0.288597554 1.69308496 0.159096003
v 0.275690347 1.6278677 0.17419669
v 0.243084788 1.67408013 0.165178448
v 0.231374919 1.71214902 0.084588863
v 0.192010373 1.6862576 0.084588863
v 0.254777551 1.5947156 0.182078466
v 0.202108219 1.62961912 0.173982769
v 0.16272144 1.64509332 0.084588863
v 0.155104965 1.59562159 0.180577919
v 0.133432478 1.60392904 0.084588863
v 0.256029695 1.55194032 0.189528733
v 0.096917659 1.57533109 0.084588863
v 0.096917659 1.55916381 0.189528733
v -1.43051144E-08 1.58657348 0.084588863
v -1.43051144E-08 1.57040644 0.189528733
v 0.292774111 1.49373162 0.189528733
v -1.43051144E-08 1.40588343 0.189528733
v 0.311469465 1.40898955 0.189528733
v 0.0713392347 1.3320663 0.189528733
v 0.22892718 1.30050838 0.189528733
v 0.297788799 1.31865847 0.189528733
v 0.2502985 1.24180114 0.189528733
v 0.221591264 1.23272777 0.189528733
v 0.192884028 1.22365391 0.189528733
v 0.185335696 1.24775457 0.189528733
v 0.163660005 1.27185488 0.189528733
v 0.138497114 1.28776944 0.189528733
v 0.111886553 1.29355073 0.189528733
v 0.0832951441 1.28752589 0.189528733
v 0.0518084578 1.27353919 0.189528733
v 0.0295233335 1.24595892 0.189528733
v -1.43051144E-08 1.22923589 0.189528733
v 0.385163784 1.5512768 0.084588863
v 0.380953282 1.5710541 0.084588863
v 0.426302761 1.59260833 0.133268669
v 0.371751249 1.59083152 0.084588863
v 0.41985175 1.60630941 0.140296564
v 0.39259845 1.63027465 0.149012074
v 0.362819314 1.60236633 0.084588863
v 0.350114554 1.61107171 0.084588863
v 0.369334668 1.64626181 0.154875726
v 0.348886549 1.65377557 0.158387691
v 0.338246673 1.61457491 0.084588863
v 0.326378822 1.6150521 0.084588863
v 0.326080382 1.6522814 0.164287642
v 0.301123798 1.64625514 0.169935524
v 0.310006589 1.61082125 0.084588863
v 0.293634355 1.59598482 0.084588863
v 0.275690347 1.6278677 0.17419669
v 0.254777551 1.5947156 0.182078466
v 0.284779161 1.57477748 0.084588863
v 0.256029695 1.55194032 0.189528733
v 0.287242651 1.55121183 0.084588863
v 0.302969694 1.52558982 0.084588863
v 0.292774111 1.49373162 0.189528733
v 0.340390891 1.49336541 0.084588863
v 0.311469465 1.40898955 0.189528733
v 0.356774867 1.40898955 0.084588863
v 0.297788799 1.31865847 0.189528733
v 0.347060084 1.31786525 0.084588863
v 0.302850097 1.24285531 0.084588863
v 0.2502985 1.24180114 0.189528733
v 0.272748858 1.21070802 0.084588863
v 0.218910933 1.1844095 0.084588863
v 0.221591264 1.23272777 0.189528733
v 0.192884028 1.22365391 0.189528733
v 0.150324792 1.16505075 0.084588863
v 0.185335696 1.24775457 0.189528733
v 0.14472276 1.19612372 0.084588863
v 0.163660005 1.27185488 0.189528733
v 0.124271594 1.21988559 0.084588863
v 0.138497114 1.28776944 0.189528733
v 0.111886553 1.29355073 0.189528733
v 0.0968801007 1.23063445 0.084588863
v 0.0739023685 1.22976899 0.084588863
v 0.0832951441 1.28752589 0.189528733
v 0.0518084578 1.27353919 0.189528733
v 0.0509246439 1.22196293 0.084588863
v 0.0254623145 1.20220041 0.0847579241
v 0.0295233335 1.24595892 0.189528733
v -1.43051144E-08 1.22923589 0.189528733
v -1.43051144E-08 1.18764353 0.0849269927
v -0.426302791 1.59260833 0.0359090492
v -0.488075256 1.61294246 0.084588863
v -0.501582146 1.57599151 0.084588863
v -0.41985178 1.60630941 0.0288814604
v -0.466548413 1.65014708 0.084588863
v -0.443610549 1.67836761 0.084588863
v -0.409375399 1.64454615 0.0258083418
v -0.39259848 1.63027465 0.0201656409
v -0.369334698 1.64626181 0.0143019939
v -0.39064303 1.67089474 0.0230580959
v -0.415427685 1.70386076 0.084588863
v -0.348886609 1.65377557 0.0107900305
v -0.377578259 1.7229718 0.084588863
v -0.360089868 1.69106591 0.0199855864
v -0.326080441 1.6522814 0.00488976249
v -0.326707006 1.69740045 0.0158516765
v -0.32747671 1.73274934 0.084588863
v -0.301123828 1.64625514 -0.000757820613
v -0.277900398 1.72848845 0.084588863
v -0.288597584 1.69308496 0.0100814123
v -0.275690347 1.6278677 -0.00501868455
v -0.243084833 1.67408013 0.00399925932
v -0.231374964 1.71214902 0.084588863
v -0.192010418 1.6862576 0.084588863
v -0.25477758 1.5947156 -0.0129007651
v -0.202108249 1.62961912 -0.0048050615
v -0.162721455 1.64509332 0.084588863
v -0.155104995 1.59562159 -0.0114005208
v -0.133432493 1.60392904 0.084588863
v -0.256029725 1.55194032 -0.0203507151
v -0.0969176814 1.57533109 0.084588863
v -0.0969176814 1.55916381 -0.0203507151
v -1.43051144E-08 1.58657348 0.084588863
v -1.43051144E-08 1.57040644 -0.0203507151
v -0.292774141 1.49373162 -0.0203507151
v -1.43051144E-08 1.40588343 -0.0203507151
v -0.311469495 1.40898955 -0.0203507151
v -0.0713392645 1.3320663 -0.0203507151
v -0.228927225 1.30050838 -0.0203507151
v -0.297788829 1.31865847 -0.0203507151
v -0.2502985 1.24180114 -0.0203507151
v -0.221591294 1.23272777 -0.0203507151
v -0.192884058 1.22365391 -0.0203507151
v -0.185335726 1.24775457 -0.0203507151
v -0.163660049 1.27185488 -0.0203507151
v -0.138497144 1.28776944 -0.0203507151
v -0.111886583 1.29355073 -0.0203507151
v -0.0832951739 1.28752589 -0.0203507151
v -0.0518084839 1.27353919 -0.0203507151
v -0.0295233633 1.24595892 -0.0203507151
v -1.43051144E-08 1.22923589 -0.0203507151
v -0.385163844 1.5512768 0.084588863
v -0.380953312 1.5710541 0.084588863
v -0.426302791 1.59260833 0.0359090492
v -0.371751279 1.59083152 0.084588863
v -0.41985178 1.60630941 0.0288814604
v -0.39259848 1.63027465 0.0201656409
v -0.362819344 1.60236633 0.084588863
v -0.350114584 1.61107171 0.084588863
v -0.369334698 1.64626181 0.0143019939
v -0.348886609 1.65377557 0.0107900305
v -0.338246733 1.61457491 0.084588863
v -0.326378852 1.6150521 0.084588863
v -0.326080441 1.6522814 0.00488976249
v -0.301123828 1.64625514 -0.000757820613
v -0.310006618 1.61082125 0.084588863
v -0.293634385 1.59598482 0.084588863
v -0.275690347 1.6278677 -0.00501868455
v -0.25477758 1.5947156 -0.0129007651
v -0.284779191 1.57477748 0.084588863
v -0.256029725 1.55194032 -0.0203507151
v -0.287242681 1.55121183 0.084588863
v -0.302969724 1.52558982 0.084588863
v -0.292774141 1.49373162 -0.0203507151
v -0.340390921 1.49336541 0.084588863
v -0.311469495 1.40898955 -0.0203507151
v -0.356774896 1.40898955 0.084588863
v -0.297788829 1.31865847 -0.0203507151
v -0.347060114 1.31786525 0.084588863
v -0.302850157 1.24285531 0.084588863
v -0.2502985 1.24180114 -0.0203507151
v -0.272748917 1.21070802 0.084588863
v -0.218910977 1.1844095 0.084588863
v -0.221591294 1.23272777 -0.0203507151
v -0.192884058 1.22365391 -0.0203507151
v -0.150324821 1.16505075 0.084588863
v -0.185335726 1.24775457 -0.0203507151
v -0.14472279 1.19612372 0.084588863
v -0.163660049 1.27185488 -0.0203507151
v -0.124271616 1.21988559 0.084588863
v -0.138497144 1.28776944 -0.0203507151
v -0.111886583 1.29355073 -0.0203507151
v -0.0968801305 1.23063445 0.084588863
v -0.0739023983 1.22976899 0.084588863
v -0.0832951739 1.28752589 -0.0203507151
v -0.0518084839 1.27353919 -0.0203507151
v -0.0509246737 1.22196293 0.084588863
v -0.0254623424 1.20220041 0.0844197944
v -0.0295233633 1.24595892 -0.0203507151
v -1.43051144E-08 1.22923589 -0.0203507151
v -1.43051144E-08 1.18764353 0.0842507258
v 0.426302761 1.59260833 0.0359090492
v 0.501582146 1.57599151 0.084588863
v 0.488075197 1.61294246 0.084588863
v 0.41985175 1.60630941 0.0288814604
v 0.466548383 1.65014708 0.084588863
v 0.443610519 1.67836761 0.084588863
v 0.40937537 1.64454615 0.0258083418
v 0.39259845 1.63027465 0.0201656409
v 0.369334668 1.64626181 0.0143019939
v 0.390643001 1.67089474 0.0230580959
v 0.415427655 1.70386076 0.084588863
v 0.348886549 1.65377557 0.0107900305
v 0.377578229 1.7229718 0.084588863
v 0.360089839 1.69106591 0.0199855864
v 0.326080382 1.6522814 0.00488976249
v 0.326706946 1.69740045 0.0158516765
v 0.32747668 1.73274934 0.084588863
v 0.301123798 1.64625514 -0.000757820613
v 0.277900398 1.72848845 0.084588863
v 0.288597554 1.69308496 0.0100814123
v 0.275690347 1.6278677 -0.00501868455
v 0.243084788 1.67408013 0.00399925932
v 0.231374919 1.71214902 0.084588863
v 0.192010373 1.6862576 0.084588863
v 0.254777551 1.5947156 -0.0129007651
v 0.202108219 1.62961912 -0.0048050615
v 0.16272144 1.64509332 0.084588863
v 0.155104965 1.59562159 -0.0114005208
v 0.133432478 1.60392904 0.084588863
v 0.256029695 1.55194032 -0.0203507151
v 0.096917659 1.57533109 0.084588863
v 0.096917659 1.55916381 -0.0203507151
v -1.43051144E-08 1.58657348 0.084588863
v -1.43051144E-08 1.57040644 -0.0203507151
v 0.292774111 1.49373162 -0.0203507151
v -1.43051144E-08 1.40588343 -0.0203507151
v 0.311469465 1.40898955 -0.0203507151
v 0.0713392347 1.3320663 -0.0203507151
v 0.22892718 1.30050838 -0.0203507151
v 0.297788799 1.31865847 -0.0203507151
v 0.2502985 1.24180114 -0.0203507151
v 0.221591264 1.23272777 -0.0203507151
v 0.192884028 1.22365391 -0.0203507151
v 0.185335696 1.24775457 -0.0203507151
v 0.163660005 1.27185488 -0.0203507151
v 0.138497114 1.28776944 -0.0203507151
v 0.111886553 1.29355073 -0.0203507151
v 0.0832951441 1.28752589 -0.0203507151
v 0.0518084578 1.27353919 -0.0203507151
v 0.0295233335 1.24595892 -0.0203507151
v -1.43051144E-08 1.22923589 -0.0203507151
v 0.385163784 1.5512768 0.084588863
v 0.426302761 1.59260833 0.0359090492
v 0.380953282 1.5710541 0.084588863
v 0.371751249 1.59083152 0.084588863
v 0.41985175 1.60630941 0.0288814604
v 0.39259845 1.63027465 0.0201656409
v 0.362819314 1.60236633 0.084588863
v 0.350114554 1.61107171 0.084588863
v 0.369334668 1.64626181 0.0143019939
v 0.348886549 1.65377557 0.0107900305
v 0.338246673 1.61457491 0.084588863
v 0.326378822 1.6150521 0.084588863
v 0.326080382 1.6522814 0.00488976249
v 0.301123798 1.64625514 -0.000757820613
v 0.310006589 1.61082125 0.084588863
v 0.293634355 1.59598482 0.084588863
v 0.275690347 1.6278677 -0.00501868455
v 0.254777551 1.5947156 -0.0129007651
v 0.284779161 1.57477748 0.084588863
v 0.256029695 1.55194032 -0.0203507151
v 0.287242651 1.55121183 0.084588863
v 0.302969694 1.52558982 0.084588863
v 0.292774111 1.49373162 -0.0203507151
v 0.340390891 1.49336541 0.084588863
v 0.311469465 1.40898955 -0.0203507151
v 0.356774867 1.40898955 0.084588863
v 0.297788799 1.31865847 -0.0203507151
v 0.347060084 1.31786525 0.084588863
v 0.302850097 1.24285531 0.084588863
v 0.2502985 1.24180114 -0.0203507151
v 0.272748858 1.21070802 0.084588863
v 0.218910933 1.1844095 0.084588863
v 0.221591264 1.23272777 -0.0203507151
v 0.192884028 1.22365391 -0.0203507151
v 0.150324792 1.16505075 0.084588863
v 0.185335696 1.24775457 -0.0203507151
v 0.14472276 1.19612372 0.084588863
v 0.163660005 1.27185488 -0.0203507151
v 0.124271594 1.21988559 0.084588863
v 0.138497114 1.28776944 -0.0203507151
v 0.111886553 1.29355073 -0.0203507151
v 0.0968801007 1.23063445 0.084588863
v 0.0739023685 1.22976899 0.084588863
v 0.0832951441 1.28752589 -0.0203507151
v 0.0518084578 1.27353919 -0.0203507151
v 0.0509246439 1.22196293 0.084588863
v 0.0254623145 1.20220041 0.0844197944
v 0.0295233335 1.24595892 -0.0203507151
v -1.43051144E-08 1.22923589 -0.0203507151
v -1.43051144E-08 1.18764353 0.0842507258
v -0.0355722196 1.25838053 0.133629382
v 1.32950289E-18 1.27810335 0.199964821
v 1.18557502E-18 1.25838053 0.133629382
v -0.0323109366 1.27810335 0.199964821
v -2.64036569E-18 1.30679047 0.243718788
v -0.0508541204 1.33982873 0.243718788
v -0.0778056607 1.31417871 0.199964821
v -0.0902487636 1.30173647 0.133629382
v -0.171439454 1.38352168 0.133629382
v -0.158996642 1.39596403 0.199964821
v -0.134720355 1.42688596 0.243718788
v -0.164855763 1.47349274 0.243718788
v -0.195403501 1.44257081 0.199964821
v -0.215126395 1.43944824 0.133629382
v -0.219906971 1.50070822 0.133629382
v -0.199745804 1.49821436 0.199964821
v -0.134720355 1.52012753 0.243718788
v -0.158852816 1.55092216 0.199964821
v -0.171296194 1.56336367 0.133629382
v -0.0902397335 1.64528406 0.133629382
v -0.0777968541 1.63284171 0.199964821
v -0.0508541204 1.60718477 0.243718788
v 1.56946354E-17 1.64019465 0.243718788
v -0.0323109366 1.66891015 0.199964821
v -0.0355722196 1.68863308 0.133629382
v -1.86374359E-18 1.66891015 0.199961156
v -1.00153178E-18 1.68863308 0.133629382
v -0.0508541204 1.60718477 0.243718788
v 1.56946354E-17 1.64019465 0.243718788
v -2.64036569E-18 1.30679047 0.243718788
v -0.0508541204 1.33982873 0.243718788
v -0.134720355 1.52012753 0.243718788
v -0.134720355 1.42688596 0.243718788
v -0.164855763 1.47349274 0.243718788
v -1.00153178E-18 1.68863308 0.133629382
v -0.0355722196 1.68863308 0.133629382
v -7.40239019E-19 1.55499542 0.133629382
v -0.0902397335 1.64528406 0.133629382
v -0.171296194 1.56336367 0.133629382
v -4.440892E-18 1.47350669 0.133629382
v -0.219906971 1.50070822 0.133629382
v -0.215126395 1.43944824 0.133629382
v -0.171439454 1.38352168 0.133629382
v -0.0902487636 1.30173647 0.133629382
v 7.40239019E-19 1.39201808 0.133629382
v -0.0355722196 1.25838053 0.133629382
v 1.18557502E-18 1.25838053 0.133629382
v 0.0355722196 1.25838053 0.133629382
v 1.18557502E-18 1.25838053 0.133629382
v 1.32950289E-18 1.27810335 0.199964821
v 0.0323109366 1.27810335 0.199964821
v -2.64036569E-18 1.30679047 0.243718788
v 0.0508541204 1.33982873 0.243718788
v 0.0778056607 1.31417871 0.199964821
v 0.0902487636 1.30173647 0.133629382
v 0.171439454 1.38352168 0.133629382
v 0.158996642 1.39596403 0.199964821
v 0.134720355 1.42688596 0.243718788
v 0.164855763 1.47349274 0.243718788
v 0.195403501 1.44257081 0.199964821
v 0.215126395 1.43944824 0.133629382
v 0.219906971 1.50070822 0.133629382
v 0.199745804 1.49821436 0.199964821
v 0.134720355 1.52012753 0.243718788
v 0.158852816 1.55092216 0.199964821
v 0.171296194 1.56336367 0.133629382
v 0.0902397335 1.64528406 0.133629382
v 0.0777968541 1.63284171 0.199964821
v 0.0508541204 1.60718477 0.243718788
v 1.56946354E-17 1.64019465 0.243718788
v 0.0323109366 1.66891015 0.199964821
v 0.0355722196 1.68863308 0.133629382
v -1.86374359E-18 1.66891015 0.199961156
v -1.00153178E-18 1.68863308 0.133629382
v 0.0508541204 1.60718477 0.243718788
v -2.64036569E-18 1.30679047 0.243718788
v 1.56946354E-17 1.64019465 0.243718788
v 0.0508541204 1.33982873 0.243718788
v 0.134720355 1.52012753 0.243718788
v 0.134720355 1.42688596 0.243718788
v 0.164855763 1.47349274 0.243718788
v -1.00153178E-18 1.68863308 0.133629382
v -7.40239019E-19 1.55499542 0.133629382
v 0.0355722196 1.68863308 0.133629382
v 0.0902397335 1.64528406 0.133629382
v 0.171296194 1.56336367 0.133629382
v -4.440892E-18 1.47350669 0.133629382
v 0.219906971 1.50070822 0.133629382
v 0.215126395 1.43944824 0.133629382
v 0.171439454 1.38352168 0.133629382
v 0.0902487636 1.30173647 0.133629382
v 7.40239019E-19 1.39201808 0.133629382
v 0.0355722196 1.25838053 0.133629382
v 1.18557502E-18 1.25838053 0.133629382
v -0.0355722196 1.25838053 0.0362270437
v 1.03579821E-19 1.25838053 0.0362270437
v 1.64971842E-19 1.27810335 -0.0301084053
v -0.0323109366 1.27810335 -0.0301084053
v -3.02171592E-17 1.30679047 -0.0738626719
v -0.0508541204 1.33982873 -0.0738626719
v -0.0778056607 1.31417871 -0.0301084053
v -0.0902487636 1.30173647 0.0362270437
v -0.171439454 1.38352168 0.0362270437
v -0.158996642 1.39596403 -0.0301084053
v -0.134720355 1.42688596 -0.0738626719
v -0.164855763 1.47349274 -0.0738626719
v -0.195403501 1.44257081 -0.0301084053
v -0.215126395 1.43944824 0.0362270437
v -0.219906971 1.50070822 0.0362270437
v -0.199745804 1.49821436 -0.0301084053
v -0.134720355 1.52012753 -0.0738626719
v -0.158852816 1.55092216 -0.0301084053
v -0.171296194 1.56336367 0.0362270437
v -0.0902397335 1.64528406 0.0362270437
v -0.0777968541 1.63284171 -0.0301084053
v -0.0508541204 1.60718477 -0.0738626719
v 3.01215401E-18 1.64019465 -0.0738626719
v -0.0323109366 1.66891015 -0.0301084053
v -0.0355722196 1.68863308 0.0362270437
v -6.62296788E-19 1.66891015 -0.0301047433
v 2.10777795E-19 1.68863308 0.0362270437
v -0.0508541204 1.60718477 -0.0738626719
v -3.02171592E-17 1.30679047 -0.0738626719
v 3.01215401E-18 1.64019465 -0.0738626719
v -0.0508541204 1.33982873 -0.0738626719
v -0.134720355 1.52012753 -0.0738626719
v -0.134720355 1.42688596 -0.0738626719
v -0.164855763 1.47349274 -0.0738626719
v 2.10777795E-19 1.68863308 0.0362270437
v -2.22053658E-18 1.55499542 0.0362270437
v -0.0355722196 1.68863308 0.0362270437
v -0.0902397335 1.64528406 0.0362270437
v -0.171296194 1.56336367 0.0362270437
v -3.55271385E-18 1.47350669 0.0362270437
v -0.219906971 1.50070822 0.0362270437
v -0.215126395 1.43944824 0.0362270437
v -0.171439454 1.38352168 0.0362270437
v -0.0902487636 1.30173647 0.0362270437
v 2.96068497E-18 1.39201808 0.0362270437
v -0.0355722196 1.25838053 0.0362270437
v 1.03579821E-19 1.25838053 0.0362270437
v 0.0355722196 1.25838053 0.0362270437
v 1.64971842E-19 1.27810335 -0.0301084053
v 1.03579821E-19 1.25838053 0.0362270437
v 0.0323109366 1.27810335 -0.0301084053
v -3.02171592E-17 1.30679047 -0.0738626719
v 0.0508541204 1.33982873 -0.0738626719
v 0.0778056607 1.31417871 -0.0301084053
v 0.0902487636 1.30173647 0.0362270437
v 0.171439454 1.38352168 0.0362270437
v 0.158996642 1.39596403 -0.0301084053
v 0.134720355 1.42688596 -0.0738626719
v 0.164855763 1.47349274 -0.0738626719
v 0.195403501 1.44257081 -0.0301084053
v 0.215126395 1.43944824 0.0362270437
v 0.219906971 1.50070822 0.0362270437
v 0.199745804 1.49821436 -0.0301084053
v 0.134720355 1.52012753 -0.0738626719
v 0.158852816 1.55092216 -0.0301084053
v 0.171296194 1.56336367 0.0362270437
v 0.0902397335 1.64528406 0.0362270437
v 0.0777968541 1.63284171 -0.0301084053
v 0.0508541204 1.60718477 -0.0738626719
v 3.01215401E-18 1.64019465 -0.0738626719
v 0.0323109366 1.66891015 -0.0301084053
v 0.0355722196 1.68863308 0.0362270437
v -6.62296788E-19 1.66891015 -0.0301047433
v 2.10777795E-19 1.68863308 0.0362270437
v 0.0508541204 1.60718477 -0.0738626719
v 3.01215401E-18 1.64019465 -0.0738626719
v -3.02171592E-17 1.30679047 -0.0738626719
v 0.0508541204 1.33982873 -0.0738626719
v 0.134720355 1.52012753 -0.0738626719
v 0.134720355 1.42688596 -0.0738626719
v 0.164855763 1.47349274 -0.0738626719
v 2.10777795E-19 1.68863308 0.0362270437
v 0.0355722196 1.68863308 0.0362270437
v -2.22053658E-18 1.55499542 0.0362270437
v 0.0902397335 1.64528406 0.0362270437
v 0.171296194 1.56336367 0.0362270437
v -3.55271385E-18 1.47350669 0.0362270437
v 0.219906971 1.50070822 0.0362270437
v 0.215126395 1.43944824 0.0362270437
v 0.171439454 1.38352168 0.0362270437
v 0.0902487636 1.30173647 0.0362270437
v 2.96068497E-18 1.39201808 0.0362270437
v 0.0355722196 1.25838053 0.0362270437
v 1.03579821E-19 1.25838053 0.0362270437
v -1.22682726 0.331500918 0.163609728
v -1.07533455 0.331500918 0.163610339
v -1.02182734 0.310671449 0.190189317
v -1.28589058 0.310671449 0.190189317
v -1.0209465 0.284052491 0.190189317
v -1.28572512 0.284053415 0.190189317
v -1.05981851 0.246181712 0.16081737
v -1.25206554 0.246292338 0.16081737
v -1.09388757 0.159543678 0.145370588
v -1.22396636 0.15964058 0.145370588
v -1.10638535 0.0293808747 0.137311518
v -1.21837366 0.0294593032 0.137311518
v -1.2185818 -0.08859016 0.132769585
v -1.10858417 -0.0886502787 0.132769585
v -1.10189879 -0.205454022 0.137311518
v -1.22286034 -0.20541206 0.137311518
v -1.231691 -0.310102165 0.145370588
v -1.0841732 -0.310125947 0.145370588
v -1.04922569 -0.355505586 0.170207933
v -1.2626586 -0.355489403 0.170207933
v -0.981746435 -0.400616378 0.229423329
v -1.33013773 -0.400607824 0.229423329
v -1.30541611 -0.474583358 0.199768782
v -1.01840723 -0.474583358 0.199768782
v -1.06218255 -0.547045529 0.162160143
v -1.25681591 -0.547045648 0.162160143
v -1.06757998 -0.630462229 0.144702867
v -1.23904097 -0.628707469 0.144702867
v -1.22924089 -0.740004361 0.140528679
v -1.06500256 -0.743514001 0.140528679
v -1.0214113 -0.856437266 0.149328724
v -1.2276268 -0.856437564 0.149328724
v -0.965705454 -0.875401795 0.185086787
v -1.27102304 -0.875401974 0.185086787
v -1.22682726 0.331500918 0.0849274844
v -1.22682726 0.331500918 0.163609728
v -1.28589058 0.310671449 0.190189317
v -1.28589058 0.310671449 0.0849274844
v -1.28572512 0.284053415 0.190189317
v -1.28572512 0.284053415 0.0849274844
v -1.25206554 0.246292338 0.0849274844
v -1.25206554 0.246292338 0.16081737
v -1.22396636 0.15964058 0.145370588
v -1.22396636 0.15964058 0.0849274844
v -1.21837366 0.0294593032 0.137311518
v -1.21837366 0.0294593032 0.0849274844
v -1.2185818 -0.08859016 0.0849274844
v -1.2185818 -0.08859016 0.132769585
v -1.22286034 -0.20541206 0.137311518
v -1.22286034 -0.20541206 0.0849274844
v -1.231691 -0.310102165 0.0849274844
v -1.231691 -0.310102165 0.145370588
v -1.2626586 -0.355489403 0.170207933
v -1.2626586 -0.355489403 0.0849274844
v -1.33013773 -0.400607824 0.229423329
v -1.33013773 -0.400607824 0.0849274844
v -1.30541611 -0.474583358 0.0849274844
v -1.30541611 -0.474583358 0.199768782
v -1.25681591 -0.547045648 0.162160143
v -1.25681591 -0.547045648 0.0849274844
v -1.23904097 -0.628707469 0.144702867
v -1.23904097 -0.628707469 0.0849274844
v -1.22924089 -0.740004361 0.0849274844
v -1.22924089 -0.740004361 0.140528679
v -1.2276268 -0.856437564 0.149328724
v -1.2276268 -0.856437564 0.0849274844
v -1.27102304 -0.875401974 0.185086787
v -1.27102304 -0.875401974 0.0849274844
v -1.24562502 -1.03909767 0.146377996
v -1.14855051 -1.14531147 0.146377966
v -1.14855051 -1.14531147 0.0849274844
v -1.24562502 -1.03909767 0.0849274844
v -1.1332196 0.686584234 0.145370588
v -1.0694555 0.482881844 0.145370588
v -1.09567058 0.48946175 0.199570581
v -1.22734177 0.376505792 0.158673212
v -1.1332196 0.686584234 0.0849274844
v -1.24467552 0.544137955 0.145370588
v -1.24467552 0.544137955 0.0849274844
v -1.1332196 0.686584234 0.145370588
v -1.07459366 0.810309172 0.145370588
v -1.07459366 0.810309172 0.0849274844
v -1.00907707 0.927576363 0.0849274844
v -1.00907707 0.927576363 0.145370588
v -0.922646224 1.05419838 0.0849274844
v -0.922646224 1.05419838 0.145370588
v -0.799842536 1.19260073 0.0849274844
v -0.799842536 1.19260073 0.145370588
v -0.664676547 1.32044435 0.0849274844
v -0.664676547 1.32044435 0.145370588
v -0.526453376 1.40915704 0.145370588
v -0.526453376 1.40915704 0.0849274844
v -0.334296674 1.49826539 0.0849274844
v -0.334296674 1.49826539 0.145370588
v -0.10028901 1.52973664 0.145370588
v -0.208310306 1.51488185 0.0849274844
v -0.211512804 1.66584563 0.0849274844
v -0.185643345 1.67700708 0.0849274844
v -0.16866909 1.74284267 0.0849274844
v -0.109135017 1.67120874 0.0849274844
v -0 1.66310632 0.0849274844
v 1.98506403E-19 1.5432241 0.145370588
v -0.0824752823 1.28891146 0.145370588
v 6.23355658E-18 1.30596864 0.145370588
v -0.334296674 1.49826539 0.145370588
v -0.274917573 1.26355529 0.145370588
v -0.424699306 1.2160697 0.145370588
v -0.526453376 1.40915704 0.145370588
v -0.560190618 1.15209663 0.145370588
v -0.664676547 1.32044435 0.145370588
v -0.681663275 1.05656898 0.145370588
v -0.799842536 1.19260073 0.145370588
v -0.922646224 1.05419838 0.145370588
v -0.789072871 0.930166066 0.145370588
v -0.861370921 0.824423909 0.145370588
v -1.00907707 0.927576363 0.145370588
v -0.918805897 0.733284354 0.145370588
v -1.07459366 0.810309172 0.145370588
v -0.985729575 0.608269393 0.145370588
v -1.1332196 0.686584234 0.145370588
v -1.04176784 0.475038826 0.145370588
v -1.0694555 0.482881844 0.145370588
v -1.22734177 0.376505792 0.158673212
v -1.07047641 0.378259033 0.158673212
v -1.07533455 0.331500918 0.163610339
v -1.22682726 0.331500918 0.163609728
v -1.33013773 -0.400607824 0.229423329
v -0.981746435 -0.400616378 0.229423329
v -0.97993499 -0.422261268 0.229423329
v -1.33194911 -0.422255009 0.229423329
v -1.33013773 -0.400607824 0.0849274844
v -1.33013773 -0.400607824 0.229423329
v -1.33194911 -0.422255009 0.229423329
v -1.33194911 -0.422255009 0.0849274844
v -1.33194911 -0.422255009 0.229423329
v -0.97993499 -0.422261268 0.229423329
v -1.05251813 -0.462522507 0.145370588
v -1.25936615 -0.462522656 0.145370588
v -1.33194911 -0.422255009 0.0849274844
v -1.33194911 -0.422255009 0.229423329
v -1.25936615 -0.462522656 0.145370588
v -1.25936615 -0.462522656 0.0849274844
v -1.22734177 0.376505792 0.0849274844
v -1.22682726 0.331500918 0.163609728
v -1.22682726 0.331500918 0.0849274844
v -1.22734177 0.376505792 0.158673212
v -1.24467552 0.544137955 0.0849274844
v -1.24467552 0.544137955 0.145370588
v -1.24467552 0.544137955 0.145370588
v -1.09567058 0.48946175 0.199570581
v -1.22734177 0.376505792 0.158673212
v -1.1332196 0.686584234 0.145370588
v -1.25936615 -0.462522656 0.145370588
v -1.05251813 -0.462522507 0.145370588
v -1.01840723 -0.474583358 0.199768782
v -1.30541611 -0.474583358 0.199768782
v -1.25936615 -0.462522656 0.145370588
v -1.30541611 -0.474583358 0.199768782
v -1.30541611 -0.474583358 0.0849274844
v -1.25936615 -0.462522656 0.0849274844
v -1.27102304 -0.875401974 0.185086787
v -0.965705454 -0.875401795 0.185086787
v -0.965705216 -0.908345222 0.185086787
v -1.27102304 -0.90834552 0.185086787
v -1.27102304 -0.875401974 0.0849274844
v -1.27102304 -0.875401974 0.185086787
v -1.27102304 -0.90834552 0.185086787
v -1.27102304 -0.90834552 0.0849274844
v -0.986569405 -0.917509794 0.146377996
v -1.27102304 -0.90834552 0.185086787
v -0.965705216 -0.908345222 0.185086787
v -1.23298049 -0.917509794 0.146377996
v -0.969091117 -0.985496104 0.146377996
v -1.07764161 -1.03007054 0.146377996
v -1.22533393 -0.980529845 0.146377996
v -0.914995193 -1.10183454 0.146377966
v -1.14855051 -1.14531147 0.146377966
v -1.24562502 -1.03909767 0.146377996
v -1.0839287 -1.14531147 0.0849274844
v -1.04559338 -1.14531147 0.146377966
v -1.0839287 -1.14531147 0.0849274844
v -1.04559338 -1.14531147 0.0849274844
v -0.978353322 -1.24166536 0.0849274844
v -0.859476507 -1.18345428 0.145870402
v -0.978353322 -1.24166536 0.145870715
v -0.978353322 -1.24166536 0.145870715
v -0.901823461 -1.33143795 0.0849274844
v -0.901823461 -1.33143783 0.145371199
v -0.901823461 -1.33143783 0.145371199
v -0.799657404 -1.25867832 0.145370588
v -0.813282073 -1.42709482 0.145371199
v -0.813282073 -1.42709482 0.0849274844
v -0.709793329 -1.51962459 0.0849274844
v -0.709793389 -1.51962459 0.145371199
v -0.723960638 -1.34429872 0.14537093
v -0.813282073 -1.42709482 0.145371199
v -0.597513556 -1.60570586 0.0849274844
v -0.597513616 -1.60570586 0.145370588
v -0.709793389 -1.51962459 0.145371199
v -0.632501841 -1.42697144 0.145371199
v -0.526967943 -1.51046991 0.145371199
v -0.597513616 -1.60570586 0.145370588
v -0.461812168 -1.69104552 0.145370588
v -0.461812109 -1.69104552 0.0849274844
v -0.328490585 -1.76236665 0.0849274844
v -0.328490645 -1.76236689 0.145370588
v -0.38951841 -1.59419799 0.145370901
v -0.461812168 -1.69104552 0.145370588
v -0.328490645 -1.76236689 0.145370588
v -0.252068937 -1.66121578 0.145370588
v -1.23298049 -0.917509794 0.146377996
v -1.27102304 -0.90834552 0.0849274844
v -1.27102304 -0.90834552 0.185086787
v -1.23298049 -0.917509794 0.0849274844
v -1.22533393 -0.980529845 0.146377996
v -1.22533393 -0.980529845 0.0849274844
v -1.24562502 -1.03909767 0.146377996
v -1.24562502 -1.03909767 0.0849274844
v -0.252068937 -1.66121578 0.145370588
v -0.38951838 -1.59419799 0.0849274844
v -0.252068877 -1.66121578 0.0849274844
v -0.38951841 -1.59419799 0.145370901
v -0.526967883 -1.51046991 0.0849274844
v -0.526967943 -1.51046991 0.145371199
v -0.632501841 -1.42697144 0.145371199
v -0.632501721 -1.42697144 0.0849274844
v -0.723960638 -1.34429872 0.0849274844
v -0.723960638 -1.34429872 0.14537093
v -0.799657404 -1.25867844 0.0849274844
v -0.799657404 -1.25867832 0.145370588
v -0.859476507 -1.18345428 0.145870402
v -0.859476507 -1.18345428 0.0849274844
v -0.914995253 -1.10183465 0.0849274844
v -0.914995193 -1.10183454 0.146377966
v -0.969091177 -0.985496104 0.0849274844
v -0.969091117 -0.985496104 0.146377996
v -0.986569405 -0.917509794 0.146377996
v -0.986569524 -0.917509794 0.0849274844
v -0.965705216 -0.908345222 0.185086787
v -0.965705216 -0.908345222 0.0849274844
v -1.07533455 0.331500918 0.0849274844
v -1.07533455 0.331500918 0.163610339
v -1.07047641 0.378259033 0.158673212
v -1.07047641 0.378259033 0.0849274844
v -1.04176784 0.475038826 0.145370588
v -1.04176784 0.475038826 0.0849274844
v -0.985729575 0.608269393 0.145370588
v -0.985729516 0.608269393 0.0849274844
v -0.918805897 0.733284354 0.145370588
v -0.918805838 0.733284354 0.0849274844
v -0.861370921 0.824423909 0.0849274844
v -0.861370921 0.824423909 0.145370588
v -0.789072871 0.930166066 0.145370588
v -0.789072871 0.930166066 0.0849274844
v -0.681663275 1.05656898 0.145370588
v -0.681663215 1.05656898 0.0849274844
v -0.560190558 1.15209663 0.0849274844
v -0.560190618 1.15209663 0.145370588
v -0.424699306 1.2160697 0.145370588
v -0.424699306 1.2160697 0.0849274844
v -0.274917573 1.26355529 0.0849274844
v -0.274917573 1.26355529 0.145370588
v -0.0824752823 1.28891146 0.145370588
v -0.0824752674 1.28891146 0.0849274844
v 4.73332806E-18 1.30596864 0.0849274844
v 6.23355658E-18 1.30596864 0.145370588
v -1.02182734 0.310671449 0.0849274844
v -1.07533455 0.331500918 0.163610339
v -1.07533455 0.331500918 0.0849274844
v -1.02182734 0.310671449 0.190189317
v -1.0209465 0.284052491 0.190189317
v -1.0209465 0.284052491 0.0849274844
v -1.05981851 0.246181712 0.0849274844
v -1.05981851 0.246181712 0.16081737
v -1.09388757 0.159543678 0.0849274844
v -1.09388757 0.159543678 0.145370588
v -1.10638535 0.0293808747 0.137311518
v -1.10638535 0.0293808747 0.0849274844
v -1.10858417 -0.0886502787 0.0849274844
v -1.10858417 -0.0886502787 0.132769585
v -1.10189879 -0.205454022 0.137311518
v -1.10189879 -0.205454022 0.0849274844
v -1.0841732 -0.310125947 0.0849274844
v -1.0841732 -0.310125947 0.145370588
v -1.04922569 -0.355505586 0.0849274844
v -1.04922569 -0.355505586 0.170207933
v -0.981746435 -0.400616378 0.0849274844
v -0.981746435 -0.400616378 0.229423329
v -0.97993499 -0.422261268 0.0849274844
v -0.97993499 -0.422261268 0.229423329
v -0.981746435 -0.400616378 0.229423329
v -0.981746435 -0.400616378 0.0849274844
v -1.05251813 -0.462522507 0.145370588
v -0.97993499 -0.422261268 0.229423329
v -0.97993499 -0.422261268 0.0849274844
v -1.05251813 -0.462522507 0.0849274844
v -1.01840723 -0.474583358 0.0849274844
v -1.01840723 -0.474583358 0.199768782
v -1.05251813 -0.462522507 0.145370588
v -1.05251813 -0.462522507 0.0849274844
v -1.06218255 -0.547045529 0.0849274844
v -1.01840723 -0.474583358 0.199768782
v -1.01840723 -0.474583358 0.0849274844
v -1.06218255 -0.547045529 0.162160143
v -1.06757998 -0.630462229 0.144702867
v -1.06757998 -0.630462229 0.0849274844
v -1.06500256 -0.743514001 0.0849274844
v -1.06500256 -0.743514001 0.140528679
v -1.0214113 -0.856437266 0.0849274844
v -1.0214113 -0.856437266 0.149328724
v -0.965705574 -0.875401795 0.0849274844
v -0.965705454 -0.875401795 0.185086787
v -0.965705216 -0.908345222 0.185086787
v -0.965705454 -0.875401795 0.185086787
v -0.965705574 -0.875401795 0.0849274844
v -0.965705216 -0.908345222 0.0849274844
v 1.22682726 0.331500918 0.163609728
v 1.28589058 0.310671449 0.190189317
v 1.02182734 0.310671449 0.190189317
v 1.07533455 0.331500918 0.163610339
v 1.30541611 -0.474583358 0.199768782
v 1.06218255 -0.547045529 0.162160143
v 1.01840723 -0.474583358 0.199768782
v 1.25681591 -0.547045648 0.162160143
v 1.06757998 -0.630462229 0.144702867
v 1.23904097 -0.628707469 0.144702867
v 1.22924089 -0.740004361 0.140528679
v 1.06500256 -0.743514001 0.140528679
v 1.0214113 -0.856437266 0.149328724
v 1.2276268 -0.856437564 0.149328724
v 0.965705454 -0.875401795 0.185086787
v 1.27102304 -0.875401974 0.185086787
v 1.22682726 0.331500918 0.0849274844
v 1.28589058 0.310671449 0.0849274844
v 1.28589058 0.310671449 0.190189317
v 1.22682726 0.331500918 0.163609728
v 1.30541611 -0.474583358 0.0849274844
v 1.25681591 -0.547045648 0.162160143
v 1.30541611 -0.474583358 0.199768782
v 1.25681591 -0.547045648 0.0849274844
v 1.23904097 -0.628707469 0.144702867
v 1.23904097 -0.628707469 0.0849274844
v 1.22924089 -0.740004361 0.0849274844
v 1.22924089 -0.740004361 0.140528679
v 1.2276268 -0.856437564 0.149328724
v 1.2276268 -0.856437564 0.0849274844
v 1.27102304 -0.875401974 0.185086787
v 1.27102304 -0.875401974 0.0849274844
v 1.24562502 -1.03909767 0.146377996
v 1.24562502 -1.03909767 0.0849274844
v 1.14855051 -1.14531147 0.0849274844
v 1.14855051 -1.14531147 0.146377966
v 1.1332196 0.686584234 0.145370588
v 1.09567058 0.48946175 0.199570581
v 1.0694555 0.482881844 0.145370588
v 1.22734177 0.376505792 0.158673212
v 1.1332196 0.686584234 0.0849274844
v 1.24467552 0.544137955 0.0849274844
v 1.24467552 0.544137955 0.145370588
v 1.1332196 0.686584234 0.145370588
v 1.07459366 0.810309172 0.145370588
v 1.07459366 0.810309172 0.0849274844
v 1.00907707 0.927576363 0.0849274844
v 1.00907707 0.927576363 0.145370588
v 0.922646224 1.05419838 0.0849274844
v 0.922646224 1.05419838 0.145370588
v 0.799842536 1.19260073 0.0849274844
v 0.799842536 1.19260073 0.145370588
v 0.664676547 1.32044435 0.0849274844
v 0.664676547 1.32044435 0.145370588
v 0.526453376 1.40915704 0.145370588
v 0.526453376 1.40915704 0.0849274844
v 0.334296674 1.49826539 0.0849274844
v 0.334296674 1.49826539 0.145370588
v 0.10028901 1.52973664 0.145370588
v 0.208310306 1.51488185 0.0849274844
v 0.211512804 1.66584563 0.0849274844
v 0.185643345 1.67700708 0.0849274844
v 0.16866909 1.74284267 0.0849274844
v 0.109135017 1.67120874 0.0849274844
v -0 1.66310632 0.0849274844
v 1.98506403E-19 1.5432241 0.145370588
v 0.0824752823 1.28891146 0.145370588
v 6.23355658E-18 1.30596864 0.145370588
v 0.334296674 1.49826539 0.145370588
v 0.274917573 1.26355529 0.145370588
v 0.424699306 1.2160697 0.145370588
v 0.526453376 1.40915704 0.145370588
v 0.560190618 1.15209663 0.145370588
v 0.664676547 1.32044435 0.145370588
v 0.681663275 1.05656898 0.145370588
v 0.799842536 1.19260073 0.145370588
v 0.922646224 1.05419838 0.145370588
v 0.789072871 0.930166066 0.145370588
v 0.861370921 0.824423909 0.145370588
v 1.00907707 0.927576363 0.145370588
v 0.918805897 0.733284354 0.145370588
v 1.07459366 0.810309172 0.145370588
v 0.985729575 0.608269393 0.145370588
v 1.1332196 0.686584234 0.145370588
v 1.04176784 0.475038826 0.145370588
v 1.0694555 0.482881844 0.145370588
v 1.22734177 0.376505792 0.158673212
v 1.07047641 0.378259033 0.158673212
v 1.07533455 0.331500918 0.163610339
v 1.22682726 0.331500918 0.163609728
v 1.28572512 0.284053415 0.190189317
v 1.05981851 0.246181712 0.16081737
v 1.0209465 0.284052491 0.190189317
v 1.25206554 0.246292338 0.16081737
v 1.09388757 0.159543678 0.145370588
v 1.22396636 0.15964058 0.145370588
v 1.10638535 0.0293808747 0.137311518
v 1.21837366 0.0294593032 0.137311518
v 1.2185818 -0.08859016 0.132769585
v 1.10858417 -0.0886502787 0.132769585
v 1.10189879 -0.205454022 0.137311518
v 1.22286034 -0.20541206 0.137311518
v 1.231691 -0.310102165 0.145370588
v 1.0841732 -0.310125947 0.145370588
v 1.04922569 -0.355505586 0.170207933
v 1.2626586 -0.355489403 0.170207933
v 0.981746435 -0.400616378 0.229423329
v 1.33013773 -0.400607824 0.229423329
v 1.28572512 0.284053415 0.190189317
v 1.28572512 0.284053415 0.0849274844
v 1.25206554 0.246292338 0.0849274844
v 1.25206554 0.246292338 0.16081737
v 1.22396636 0.15964058 0.145370588
v 1.22396636 0.15964058 0.0849274844
v 1.21837366 0.0294593032 0.137311518
v 1.21837366 0.0294593032 0.0849274844
v 1.2185818 -0.08859016 0.0849274844
v 1.2185818 -0.08859016 0.132769585
v 1.22286034 -0.20541206 0.137311518
v 1.22286034 -0.20541206 0.0849274844
v 1.231691 -0.310102165 0.0849274844
v 1.231691 -0.310102165 0.145370588
v 1.2626586 -0.355489403 0.170207933
v 1.2626586 -0.355489403 0.0849274844
v 1.33013773 -0.400607824 0.229423329
v 1.33013773 -0.400607824 0.0849274844
v 1.28589058 0.310671449 0.190189317
v 1.28572512 0.284053415 0.190189317
v 1.0209465 0.284052491 0.190189317
v 1.02182734 0.310671449 0.190189317
v 1.28589058 0.310671449 0.0849274844
v 1.28572512 0.284053415 0.0849274844
v 1.28572512 0.284053415 0.190189317
v 1.28589058 0.310671449 0.190189317
v 1.33013773 -0.400607824 0.229423329
v 1.33194911 -0.422255009 0.229423329
v 0.97993499 -0.422261268 0.229423329
v 0.981746435 -0.400616378 0.229423329
v 1.33013773 -0.400607824 0.0849274844
v 1.33194911 -0.422255009 0.0849274844
v 1.33194911 -0.422255009 0.229423329
v 1.33013773 -0.400607824 0.229423329
v 1.33194911 -0.422255009 0.229423329
v 1.25936615 -0.462522656 0.145370588
v 1.05251813 -0.462522507 0.145370588
v 0.97993499 -0.422261268 0.229423329
v 1.33194911 -0.422255009 0.0849274844
v 1.25936615 -0.462522656 0.0849274844
v 1.25936615 -0.462522656 0.145370588
v 1.33194911 -0.422255009 0.229423329
v 1.22734177 0.376505792 0.0849274844
v 1.22682726 0.331500918 0.0849274844
v 1.22682726 0.331500918 0.163609728
v 1.22734177 0.376505792 0.158673212
v 1.24467552 0.544137955 0.0849274844
v 1.24467552 0.544137955 0.145370588
v 1.24467552 0.544137955 0.145370588
v 1.22734177 0.376505792 0.158673212
v 1.09567058 0.48946175 0.199570581
v 1.1332196 0.686584234 0.145370588
v 1.25936615 -0.462522656 0.145370588
v 1.30541611 -0.474583358 0.199768782
v 1.01840723 -0.474583358 0.199768782
v 1.05251813 -0.462522507 0.145370588
v 1.25936615 -0.462522656 0.145370588
v 1.25936615 -0.462522656 0.0849274844
v 1.30541611 -0.474583358 0.0849274844
v 1.30541611 -0.474583358 0.199768782
v 1.27102304 -0.875401974 0.185086787
v 1.27102304 -0.90834552 0.185086787
v 0.965705216 -0.908345222 0.185086787
v 0.965705454 -0.875401795 0.185086787
v 1.27102304 -0.875401974 0.0849274844
v 1.27102304 -0.90834552 0.0849274844
v 1.27102304 -0.90834552 0.185086787
v 1.27102304 -0.875401974 0.185086787
v 0.986569405 -0.917509794 0.146377996
v 0.965705216 -0.908345222 0.185086787
v 1.27102304 -0.90834552 0.185086787
v 1.23298049 -0.917509794 0.146377996
v 0.969091117 -0.985496104 0.146377996
v 1.07764161 -1.03007054 0.146377996
v 1.22533393 -0.980529845 0.146377996
v 0.914995193 -1.10183454 0.146377966
v 1.14855051 -1.14531147 0.146377966
v 1.24562502 -1.03909767 0.146377996
v 1.04559338 -1.14531147 0.146377966
v 0.859476507 -1.18345428 0.145870402
v 0.978353322 -1.24166536 0.145870715
v 0.901823461 -1.33143783 0.145371199
v 0.799657404 -1.25867832 0.145370588
v 0.723960638 -1.34429872 0.14537093
v 0.813282073 -1.42709482 0.145371199
v 0.709793389 -1.51962459 0.145371199
v 0.632501841 -1.42697144 0.145371199
v 0.526967943 -1.51046991 0.145371199
v 0.597513616 -1.60570586 0.145370588
v 0.38951841 -1.59419799 0.145370901
v 0.461812168 -1.69104552 0.145370588
v 0.328490645 -1.76236689 0.145370588
v 0.252068937 -1.66121578 0.145370588
v 1.23298049 -0.917509794 0.146377996
v 1.27102304 -0.90834552 0.185086787
v 1.27102304 -0.90834552 0.0849274844
v 1.23298049 -0.917509794 0.0849274844
v 1.22533393 -0.980529845 0.146377996
v 1.22533393 -0.980529845 0.0849274844
v 1.24562502 -1.03909767 0.146377996
v 1.24562502 -1.03909767 0.0849274844
v 1.0839287 -1.14531147 0.0849274844
v 1.04559338 -1.14531147 0.146377966
v 1.07764161 -1.03007054 0.146377996
v 1.04559338 -1.14531147 0.0849274844
v 0.978353322 -1.24166536 0.0849274844
v 0.978353322 -1.24166536 0.145870715
v 0.901823461 -1.33143795 0.0849274844
v 0.901823461 -1.33143783 0.145371199
v 0.813282073 -1.42709482 0.145371199
v 0.813282073 -1.42709482 0.0849274844
v 0.709793329 -1.51962459 0.0849274844
v 0.709793389 -1.51962459 0.145371199
v 0.597513556 -1.60570586 0.0849274844
v 0.597513616 -1.60570586 0.145370588
v 0.461812168 -1.69104552 0.145370588
v 0.461812109 -1.69104552 0.0849274844
v 0.328490585 -1.76236665 0.0849274844
v 0.328490645 -1.76236689 0.145370588
v 0.252068937 -1.66121578 0.145370588
v 0.252068877 -1.66121578 0.0849274844
v 0.38951838 -1.59419799 0.0849274844
v 0.38951841 -1.59419799 0.145370901
v 0.526967883 -1.51046991 0.0849274844
v 0.526967943 -1.51046991 0.145371199
v 0.632501841 -1.42697144 0.145371199
v 0.632501721 -1.42697144 0.0849274844
v 0.723960638 -1.34429872 0.0849274844
v 0.723960638 -1.34429872 0.14537093
v 0.799657404 -1.25867844 0.0849274844
v 0.799657404 -1.25867832 0.145370588
v 0.859476507 -1.18345428 0.145870402
v 0.859476507 -1.18345428 0.0849274844
v 0.914995253 -1.10183465 0.0849274844
v 0.914995193 -1.10183454 0.146377966
v 0.969091177 -0.985496104 0.0849274844
v 0.969091117 -0.985496104 0.146377996
v 0.986569405 -0.917509794 0.146377996
v 0.986569524 -0.917509794 0.0849274844
v 0.965705216 -0.908345222 0.185086787
v 0.965705216 -0.908345222 0.0849274844
v 1.07533455 0.331500918 0.0849274844
v 1.07047641 0.378259033 0.158673212
v 1.07533455 0.331500918 0.163610339
v 1.07047641 0.378259033 0.0849274844
v 1.04176784 0.475038826 0.145370588
v 1.04176784 0.475038826 0.0849274844
v 0.985729575 0.608269393 0.145370588
v 0.985729516 0.608269393 0.0849274844
v 0.918805897 0.733284354 0.145370588
v 0.918805838 0.733284354 0.0849274844
v 0.861370921 0.824423909 0.0849274844
v 0.861370921 0.824423909 0.145370588
v 0.789072871 0.930166066 0.145370588
v 0.789072871 0.930166066 0.0849274844
v 0.681663275 1.05656898 0.145370588
v 0.681663215 1.05656898 0.0849274844
v 0.560190558 1.15209663 0.0849274844
v 0.560190618 1.15209663 0.145370588
v 0.424699306 1.2160697 0.145370588
v 0.424699306 1.2160697 0.0849274844
v 0.274917573 1.26355529 0.0849274844
v 0.274917573 1.26355529 0.145370588
v 0.0824752823 1.28891146 0.145370588
v 0.0824752674 1.28891146 0.0849274844
v 4.73332806E-18 1.30596864 0.0849274844
v 6.23355658E-18 1.30596864 0.145370588
v 1.02182734 0.310671449 0.0849274844
v 1.07533455 0.331500918 0.0849274844
v 1.07533455 0.331500918 0.163610339
v 1.02182734 0.310671449 0.190189317
v 1.0209465 0.284052491 0.190189317
v 1.0209465 0.284052491 0.0849274844
v 1.02182734 0.310671449 0.0849274844
v 1.02182734 0.310671449 0.190189317
v 1.05981851 0.246181712 0.0849274844
v 1.0209465 0.284052491 0.0849274844
v 1.0209465 0.284052491 0.190189317
v 1.05981851 0.246181712 0.16081737
v 1.09388757 0.159543678 0.0849274844
v 1.09388757 0.159543678 0.145370588
v 1.10638535 0.0293808747 0.137311518
v 1.10638535 0.0293808747 0.0849274844
v 1.10858417 -0.0886502787 0.0849274844
v 1.10858417 -0.0886502787 0.132769585
v 1.10189879 -0.205454022 0.137311518
v 1.10189879 -0.205454022 0.0849274844
v 1.0841732 -0.310125947 0.0849274844
v 1.0841732 -0.310125947 0.145370588
v 1.04922569 -0.355505586 0.0849274844
v 1.04922569 -0.355505586 0.170207933
v 0.981746435 -0.400616378 0.0849274844
v 0.981746435 -0.400616378 0.229423329
v 0.97993499 -0.422261268 0.0849274844
v 0.981746435 -0.400616378 0.0849274844
v 0.981746435 -0.400616378 0.229423329
v 0.97993499 -0.422261268 0.229423329
v 1.05251813 -0.462522507 0.145370588
v 1.05251813 -0.462522507 0.0849274844
v 0.97993499 -0.422261268 0.0849274844
v 0.97993499 -0.422261268 0.229423329
v 1.01840723 -0.474583358 0.0849274844
v 1.05251813 -0.462522507 0.0849274844
v 1.05251813 -0.462522507 0.145370588
v 1.01840723 -0.474583358 0.199768782
v 1.06218255 -0.547045529 0.0849274844
v 1.01840723 -0.474583358 0.0849274844
v 1.01840723 -0.474583358 0.199768782
v 1.06218255 -0.547045529 0.162160143
v 1.06757998 -0.630462229 0.144702867
v 1.06757998 -0.630462229 0.0849274844
v 1.06500256 -0.743514001 0.0849274844
v 1.06500256 -0.743514001 0.140528679
v 1.0214113 -0.856437266 0.0849274844
v 1.0214113 -0.856437266 0.149328724
v 0.965705574 -0.875401795 0.0849274844
v 0.965705454 -0.875401795 0.185086787
v 0.965705216 -0.908345222 0.185086787
v 0.965705216 -0.908345222 0.0849274844
v 0.965705574 -0.875401795 0.0849274844
v 0.965705454 -0.875401795 0.185086787
v -1.22682726 0.331500918 0.00624523405
v -1.02182734 0.310671449 -0.0203343593
v -1.07533455 0.331500918 0.00624462357
v -1.28589058 0.310671449 -0.0203343593
v -1.0209465 0.284052491 -0.0203343593
v -1.28572512 0.284053415 -0.0203343593
v -1.05981851 0.246181712 0.00903759245
v -1.25206554 0.246292338 0.00903759245
v -1.09388757 0.159543678 0.0244843699
v -1.22396636 0.15964058 0.0244843699
v -1.10638535 0.0293808747 0.0325434506
v -1.21837366 0.0294593032 0.0325434506
v -1.2185818 -0.08859016 0.0370853804
v -1.10858417 -0.0886502787 0.0370853804
v -1.10189879 -0.205454022 0.0325434506
v -1.22286034 -0.20541206 0.0325434506
v -1.231691 -0.310102165 0.0244843699
v -1.0841732 -0.310125947 0.0244843699
v -1.04922569 -0.355505586 -0.00035297632
v -1.2626586 -0.355489403 -0.00035297632
v -0.981746435 -0.400616378 -0.0595683642
v -1.33013773 -0.400607824 -0.0595683642
v -1.30541611 -0.474583358 -0.0299138278
v -1.06218255 -0.547045529 0.00769481901
v -1.01840723 -0.474583358 -0.0299138278
v -1.25681591 -0.547045648 0.00769481901
v -1.06757998 -0.630462229 0.0251520947
v -1.23904097 -0.628707469 0.0251520947
v -1.22924089 -0.740004361 0.029326288
v -1.06500256 -0.743514001 0.029326288
v -1.0214113 -0.856437266 0.0205262396
v -1.2276268 -0.856437564 0.0205262396
v -0.965705454 -0.875401795 -0.0152318208
v -1.27102304 -0.875401974 -0.0152318208
v -1.22682726 0.331500918 0.0849274844
v -1.28589058 0.310671449 -0.0203343593
v -1.22682726 0.331500918 0.00624523405
v -1.28589058 0.310671449 0.0849274844
v -1.28572512 0.284053415 -0.0203343593
v -1.28572512 0.284053415 0.0849274844
v -1.25206554 0.246292338 0.0849274844
v -1.25206554 0.246292338 0.00903759245
v -1.22396636 0.15964058 0.0244843699
v -1.22396636 0.15964058 0.0849274844
v -1.21837366 0.0294593032 0.0325434506
v -1.21837366 0.0294593032 0.0849274844
v -1.2185818 -0.08859016 0.0849274844
v -1.2185818 -0.08859016 0.0370853804
v -1.22286034 -0.20541206 0.0325434506
v -1.22286034 -0.20541206 0.0849274844
v -1.231691 -0.310102165 0.0849274844
v -1.231691 -0.310102165 0.0244843699
v -1.2626586 -0.355489403 -0.00035297632
v -1.2626586 -0.355489403 0.0849274844
v -1.33013773 -0.400607824 -0.0595683642
v -1.33013773 -0.400607824 0.0849274844
v -1.30541611 -0.474583358 0.0849274844
v -1.25681591 -0.547045648 0.00769481901
v -1.30541611 -0.474583358 -0.0299138278
v -1.25681591 -0.547045648 0.0849274844
v -1.23904097 -0.628707469 0.0251520947
v -1.23904097 -0.628707469 0.0849274844
v -1.22924089 -0.740004361 0.0849274844
v -1.22924089 -0.740004361 0.029326288
v -1.2276268 -0.856437564 0.0205262396
v -1.2276268 -0.856437564 0.0849274844
v -1.27102304 -0.875401974 -0.0152318208
v -1.27102304 -0.875401974 0.0849274844
v -1.24562502 -1.03909767 0.023476975
v -1.24562502 -1.03909767 0.0849274844
v -1.14855051 -1.14531147 0.0849274844
v -1.14855051 -1.14531147 0.0234769937
v -1.1332196 0.686584234 0.0244843699
v -1.09567058 0.48946175 -0.0297156163
v -1.0694555 0.482881844 0.0244843699
v -1.22734177 0.376505792 0.0111817569
v -1.1332196 0.686584234 0.0849274844
v -1.24467552 0.544137955 0.0849274844
v -1.24467552 0.544137955 0.0244843699
v -1.1332196 0.686584234 0.0244843699
v -1.07459366 0.810309172 0.0244843699
v -1.07459366 0.810309172 0.0849274844
v -1.00907707 0.927576363 0.0849274844
v -1.00907707 0.927576363 0.0244843699
v -0.922646224 1.05419838 0.0849274844
v -0.922646224 1.05419838 0.0244843699
v -0.799842536 1.19260073 0.0849274844
v -0.799842536 1.19260073 0.0244843699
v -0.664676547 1.32044435 0.0849274844
v -0.664676547 1.32044435 0.0244843699
v -0.526453376 1.40915704 0.0244843699
v -0.526453376 1.40915704 0.0849274844
v -0.334296674 1.49826539 0.0849274844
v -0.334296674 1.49826539 0.0244843699
v -0.10028901 1.52973664 0.0244843699
v -0.208310306 1.51488185 0.0849274844
v -0.211512804 1.66584563 0.0849274844
v -0.185643345 1.67700708 0.0849274844
v -0.16866909 1.74284267 0.0849274844
v -0.109135017 1.67120874 0.0849274844
v -0 1.66310632 0.0849274844
v -8.91597406E-19 1.5432241 0.0244843699
v -0.0824752823 1.28891146 0.0244843699
v -0 1.30596864 0.0244843699
v -0.334296674 1.49826539 0.0244843699
v -0.274917573 1.26355529 0.0244843699
v -0.424699306 1.2160697 0.0244843699
v -0.526453376 1.40915704 0.0244843699
v -0.560190618 1.15209663 0.0244843699
v -0.664676547 1.32044435 0.0244843699
v -0.681663275 1.05656898 0.0244843699
v -0.799842536 1.19260073 0.0244843699
v -0.922646224 1.05419838 0.0244843699
v -0.789072871 0.930166066 0.0244843699
v -0.861370921 0.824423909 0.0244843699
v -1.00907707 0.927576363 0.0244843699
v -0.918805897 0.733284354 0.0244844072
v -1.07459366 0.810309172 0.0244843699
v -0.985729575 0.608269393 0.0244843699
v -1.1332196 0.686584234 0.0244843699
v -1.04176784 0.475038826 0.0244843699
v -1.0694555 0.482881844 0.0244843699
v -1.22734177 0.376505792 0.0111817569
v -1.07047641 0.378259033 0.0111817569
v -1.07533455 0.331500918 0.00624462357
v -1.22682726 0.331500918 0.00624523405
v -1.33013773 -0.400607824 -0.0595683642
v -1.33194911 -0.422255009 -0.0595683642
v -0.97993499 -0.422261268 -0.0595683642
v -0.981746435 -0.400616378 -0.0595683642
v -1.33013773 -0.400607824 0.0849274844
v -1.33194911 -0.422255009 0.0849274844
v -1.33194911 -0.422255009 -0.0595683642
v -1.33013773 -0.400607824 -0.0595683642
v -1.33194911 -0.422255009 -0.0595683642
v -1.25936615 -0.462522656 0.0244843699
v -1.05251813 -0.462522507 0.0244843699
v -0.97993499 -0.422261268 -0.0595683642
v -1.33194911 -0.422255009 0.0849274844
v -1.25936615 -0.462522656 0.0849274844
v -1.25936615 -0.462522656 0.0244843699
v -1.33194911 -0.422255009 -0.0595683642
v -1.22734177 0.376505792 0.0849274844
v -1.22682726 0.331500918 0.0849274844
v -1.22682726 0.331500918 0.00624523405
v -1.22734177 0.376505792 0.0111817569
v -1.24467552 0.544137955 0.0849274844
v -1.24467552 0.544137955 0.0244843699
v -1.24467552 0.544137955 0.0244843699
v -1.22734177 0.376505792 0.0111817569
v -1.09567058 0.48946175 -0.0297156163
v -1.1332196 0.686584234 0.0244843699
v -1.25936615 -0.462522656 0.0244843699
v -1.30541611 -0.474583358 -0.0299138278
v -1.01840723 -0.474583358 -0.0299138278
v -1.05251813 -0.462522507 0.0244843699
v -1.25936615 -0.462522656 0.0244843699
v -1.25936615 -0.462522656 0.0849274844
v -1.30541611 -0.474583358 0.0849274844
v -1.30541611 -0.474583358 -0.0299138278
v -1.27102304 -0.875401974 -0.0152318208
v -1.27102304 -0.90834552 -0.0152318208
v -0.965705216 -0.908345222 -0.0152318208
v -0.965705454 -0.875401795 -0.0152318208
v -1.27102304 -0.875401974 0.0849274844
v -1.27102304 -0.90834552 0.0849274844
v -1.27102304 -0.90834552 -0.0152318208
v -1.27102304 -0.875401974 -0.0152318208
v -0.986569405 -0.917509794 0.023476975
v -0.965705216 -0.908345222 -0.0152318208
v -1.27102304 -0.90834552 -0.0152318208
v -1.23298049 -0.917509794 0.023476975
v -0.969091117 -0.985496104 0.0234769788
v -1.07764161 -1.03007054 0.0234769788
v -1.22533393 -0.980529845 0.023476975
v -0.914995193 -1.10183454 0.0234769937
v -1.14855051 -1.14531147 0.0234769937
v -1.24562502 -1.03909767 0.023476975
v -1.0839287 -1.14531147 0.0849274844
v -1.04559338 -1.14531147 0.0234769937
v -0.859476507 -1.18345428 0.0239845589
v -0.978353322 -1.24166536 0.0239842534
v -0.901823461 -1.33143783 0.024483759
v -0.799657404 -1.25867832 0.0244843699
v -0.723960638 -1.34429872 0.0244840346
v -0.813282073 -1.42709482 0.024483759
v -0.709793389 -1.51962459 0.024483759
v -0.632501841 -1.42697144 0.024483759
v -0.526967943 -1.51046991 0.024483759
v -0.597513616 -1.60570586 0.0244843699
v -0.38951841 -1.59419799 0.0244840644
v -0.461812168 -1.69104552 0.0244843699
v -0.328490645 -1.76236689 0.0244843699
v -0.252068937 -1.66121578 0.0244843699
v -1.23298049 -0.917509794 0.023476975
v -1.27102304 -0.90834552 -0.0152318208
v -1.27102304 -0.90834552 0.0849274844
v -1.23298049 -0.917509794 0.0849274844
v -1.22533393 -0.980529845 0.023476975
v -1.22533393 -0.980529845 0.0849274844
v -1.24562502 -1.03909767 0.023476975
v -1.24562502 -1.03909767 0.0849274844
v -1.0839287 -1.14531147 0.0849274844
v -1.04559338 -1.14531147 0.0234769937
v -1.07764161 -1.03007054 0.0234769788
v -1.04559338 -1.14531147 0.0849274844
v -0.978353322 -1.24166536 0.0849274844
v -0.978353322 -1.24166536 0.0239842534
v -0.901823461 -1.33143795 0.0849274844
v -0.901823461 -1.33143783 0.024483759
v -0.813282073 -1.42709482 0.024483759
v -0.813282073 -1.42709482 0.0849274844
v -0.709793329 -1.51962459 0.0849274844
v -0.709793389 -1.51962459 0.024483759
v -0.597513556 -1.60570586 0.0849274844
v -0.597513616 -1.60570586 0.0244843699
v -0.461812168 -1.69104552 0.0244843699
v -0.461812109 -1.69104552 0.0849274844
v -0.328490585 -1.76236665 0.0849274844
v -0.328490645 -1.76236689 0.0244843699
v -0.252068937 -1.66121578 0.0244843699
v -0.252068877 -1.66121578 0.0849274844
v -0.38951838 -1.59419799 0.0849274844
v -0.38951841 -1.59419799 0.0244840644
v -0.526967883 -1.51046991 0.0849274844
v -0.526967943 -1.51046991 0.024483759
v -0.632501841 -1.42697144 0.024483759
v -0.632501721 -1.42697144 0.0849274844
v -0.723960638 -1.34429872 0.0849274844
v -0.723960638 -1.34429872 0.0244840346
v -0.799657404 -1.25867844 0.0849274844
v -0.799657404 -1.25867832 0.0244843699
v -0.859476507 -1.18345428 0.0239845589
v -0.859476507 -1.18345428 0.0849274844
v -0.914995253 -1.10183465 0.0849274844
v -0.914995193 -1.10183454 0.0234769937
v -0.969091177 -0.985496104 0.0849274844
v -0.969091117 -0.985496104 0.0234769788
v -0.986569405 -0.917509794 0.023476975
v -0.986569524 -0.917509794 0.0849274844
v -0.965705216 -0.908345222 -0.0152318208
v -0.965705216 -0.908345222 0.0849274844
v -1.07533455 0.331500918 0.0849274844
v -1.07047641 0.378259033 0.0111817569
v -1.07533455 0.331500918 0.00624462357
v -1.07047641 0.378259033 0.0849274844
v -1.04176784 0.475038826 0.0244843699
v -1.04176784 0.475038826 0.0849274844
v -0.985729575 0.608269393 0.0244843699
v -0.985729516 0.608269393 0.0849274844
v -0.918805897 0.733284354 0.0244844072
v -0.918805838 0.733284354 0.0849274844
v -0.861370921 0.824423909 0.0849274844
v -0.861370921 0.824423909 0.0244843699
v -0.789072871 0.930166066 0.0244843699
v -0.789072871 0.930166066 0.0849274844
v -0.681663275 1.05656898 0.0244843699
v -0.681663215 1.05656898 0.0849274844
v -0.560190558 1.15209663 0.0849274844
v -0.560190618 1.15209663 0.0244843699
v -0.424699306 1.2160697 0.0244843699
v -0.424699306 1.2160697 0.0849274844
v -0.274917573 1.26355529 0.0849274844
v -0.274917573 1.26355529 0.0244843699
v -0.0824752823 1.28891146 0.0244843699
v -0.0824752674 1.28891146 0.0849274844
v 4.73332806E-18 1.30596864 0.0849274844
v -0 1.30596864 0.0244843699
v -1.02182734 0.310671449 0.0849274844
v -1.07533455 0.331500918 0.0849274844
v -1.07533455 0.331500918 0.00624462357
v -1.02182734 0.310671449 -0.0203343593
v -1.0209465 0.284052491 -0.0203343593
v -1.0209465 0.284052491 0.0849274844
v -1.05981851 0.246181712 0.0849274844
v -1.05981851 0.246181712 0.00903759245
v -1.09388757 0.159543678 0.0849274844
v -1.09388757 0.159543678 0.0244843699
v -1.10638535 0.0293808747 0.0325434506
v -1.10638535 0.0293808747 0.0849274844
v -1.10858417 -0.0886502787 0.0849274844
v -1.10858417 -0.0886502787 0.0370853804
v -1.10189879 -0.205454022 0.0325434506
v -1.10189879 -0.205454022 0.0849274844
v -1.0841732 -0.310125947 0.0849274844
v -1.0841732 -0.310125947 0.0244843699
v -1.04922569 -0.355505586 0.0849274844
v -1.04922569 -0.355505586 -0.00035297632
v -0.981746435 -0.400616378 0.0849274844
v -0.981746435 -0.400616378 -0.0595683642
v -0.97993499 -0.422261268 0.0849274844
v -0.981746435 -0.400616378 0.0849274844
v -0.981746435 -0.400616378 -0.0595683642
v -0.97993499 -0.422261268 -0.0595683642
v -1.05251813 -0.462522507 0.0244843699
v -1.05251813 -0.462522507 0.0849274844
v -0.97993499 -0.422261268 0.0849274844
v -0.97993499 -0.422261268 -0.0595683642
v -1.01840723 -0.474583358 0.0849274844
v -1.05251813 -0.462522507 0.0849274844
v -1.05251813 -0.462522507 0.0244843699
v -1.01840723 -0.474583358 -0.0299138278
v -1.06218255 -0.547045529 0.0849274844
v -1.01840723 -0.474583358 0.0849274844
v -1.01840723 -0.474583358 -0.0299138278
v -1.06218255 -0.547045529 0.00769481901
v -1.06757998 -0.630462229 0.0251520947
v -1.06757998 -0.630462229 0.0849274844
v -1.06500256 -0.743514001 0.0849274844
v -1.06500256 -0.743514001 0.029326288
v -1.0214113 -0.856437266 0.0849274844
v -1.0214113 -0.856437266 0.0205262396
v -0.965705574 -0.875401795 0.0849274844
v -0.965705454 -0.875401795 -0.0152318208
v -0.965705216 -0.908345222 -0.0152318208
v -0.965705216 -0.908345222 0.0849274844
v -0.965705574 -0.875401795 0.0849274844
v -0.965705454 -0.875401795 -0.0152318208
v 1.22682726 0.331500918 0.00624523405
v 1.07533455 0.331500918 0.00624462357
v 1.02182734 0.310671449 -0.0203343593
v 1.28589058 0.310671449 -0.0203343593
v 1.30541611 -0.474583358 -0.0299138278
v 1.01840723 -0.474583358 -0.0299138278
v 1.06218255 -0.547045529 0.00769481901
v 1.25681591 -0.547045648 0.00769481901
v 1.06757998 -0.630462229 0.0251520947
v 1.23904097 -0.628707469 0.0251520947
v 1.22924089 -0.740004361 0.029326288
v 1.06500256 -0.743514001 0.029326288
v 1.0214113 -0.856437266 0.0205262396
v 1.2276268 -0.856437564 0.0205262396
v 0.965705454 -0.875401795 -0.0152318208
v 1.27102304 -0.875401974 -0.0152318208
v 1.22682726 0.331500918 0.0849274844
v 1.22682726 0.331500918 0.00624523405
v 1.28589058 0.310671449 -0.0203343593
v 1.28589058 0.310671449 0.0849274844
v 1.30541611 -0.474583358 0.0849274844
v 1.30541611 -0.474583358 -0.0299138278
v 1.25681591 -0.547045648 0.00769481901
v 1.25681591 -0.547045648 0.0849274844
v 1.23904097 -0.628707469 0.0251520947
v 1.23904097 -0.628707469 0.0849274844
v 1.22924089 -0.740004361 0.0849274844
v 1.22924089 -0.740004361 0.029326288
v 1.2276268 -0.856437564 0.0205262396
v 1.2276268 -0.856437564 0.0849274844
v 1.27102304 -0.875401974 -0.0152318208
v 1.27102304 -0.875401974 0.0849274844
v 1.24562502 -1.03909767 0.023476975
v 1.14855051 -1.14531147 0.0234769937
v 1.14855051 -1.14531147 0.0849274844
v 1.24562502 -1.03909767 0.0849274844
v 1.1332196 0.686584234 0.0244843699
v 1.0694555 0.482881844 0.0244843699
v 1.09567058 0.48946175 -0.0297156163
v 1.22734177 0.376505792 0.0111817569
v 1.1332196 0.686584234 0.0849274844
v 1.24467552 0.544137955 0.0244843699
v 1.24467552 0.544137955 0.0849274844
v 1.1332196 0.686584234 0.0244843699
v 1.07459366 0.810309172 0.0244843699
v 1.07459366 0.810309172 0.0849274844
v 1.00907707 0.927576363 0.0849274844
v 1.00907707 0.927576363 0.0244843699
v 0.922646224 1.05419838 0.0849274844
v 0.922646224 1.05419838 0.0244843699
v 0.799842536 1.19260073 0.0849274844
v 0.799842536 1.19260073 0.0244843699
v 0.664676547 1.32044435 0.0849274844
v 0.664676547 1.32044435 0.0244843699
v 0.526453376 1.40915704 0.0244843699
v 0.526453376 1.40915704 0.0849274844
v 0.334296674 1.49826539 0.0849274844
v 0.334296674 1.49826539 0.0244843699
v 0.10028901 1.52973664 0.0244843699
v 0.208310306 1.51488185 0.0849274844
v 0.211512804 1.66584563 0.0849274844
v 0.185643345 1.67700708 0.0849274844
v 0.16866909 1.74284267 0.0849274844
v 0.109135017 1.67120874 0.0849274844
v -0 1.66310632 0.0849274844
v -8.91597406E-19 1.5432241 0.0244843699
v 0.0824752823 1.28891146 0.0244843699
v -0 1.30596864 0.0244843699
v 0.334296674 1.49826539 0.0244843699
v 0.274917573 1.26355529 0.0244843699
v 0.424699306 1.2160697 0.0244843699
v 0.526453376 1.40915704 0.0244843699
v 0.560190618 1.15209663 0.0244843699
v 0.664676547 1.32044435 0.0244843699
v 0.681663275 1.05656898 0.0244843699
v 0.799842536 1.19260073 0.0244843699
v 0.922646224 1.05419838 0.0244843699
v 0.789072871 0.930166066 0.0244843699
v 0.861370921 0.824423909 0.0244843699
v 1.00907707 0.927576363 0.0244843699
v 0.918805897 0.733284354 0.0244843699
v 1.07459366 0.810309172 0.0244843699
v 0.985729575 0.608269393 0.0244843699
v 1.1332196 0.686584234 0.0244843699
v 1.04176784 0.475038826 0.0244843699
v 1.0694555 0.482881844 0.0244843699
v 1.22734177 0.376505792 0.0111817569
v 1.07047641 0.378259033 0.0111817569
v 1.07533455 0.331500918 0.00624462357
v 1.22682726 0.331500918 0.00624523405
v 1.28572512 0.284053415 -0.0203343593
v 1.0209465 0.284052491 -0.0203343593
v 1.05981851 0.246181712 0.00903759245
v 1.25206554 0.246292338 0.00903759245
v 1.09388757 0.159543678 0.0244843699
v 1.22396636 0.15964058 0.0244843699
v 1.10638535 0.0293808747 0.0325434506
v 1.21837366 0.0294593032 0.0325434506
v 1.2185818 -0.08859016 0.0370853804
v 1.10858417 -0.0886502787 0.0370853804
v 1.10189879 -0.205454022 0.0325434506
v 1.22286034 -0.20541206 0.0325434506
v 1.231691 -0.310102165 0.0244843699
v 1.0841732 -0.310125947 0.0244843699
v 1.04922569 -0.355505586 -0.00035297632
v 1.2626586 -0.355489403 -0.00035297632
v 0.981746435 -0.400616378 -0.0595683642
v 1.33013773 -0.400607824 -0.0595683642
v 1.28572512 0.284053415 -0.0203343593
v 1.25206554 0.246292338 0.0849274844
v 1.28572512 0.284053415 0.0849274844
v 1.25206554 0.246292338 0.00903759245
v 1.22396636 0.15964058 0.0244843699
v 1.22396636 0.15964058 0.0849274844
v 1.21837366 0.0294593032 0.0325434506
v 1.21837366 0.0294593032 0.0849274844
v 1.2185818 -0.08859016 0.0849274844
v 1.2185818 -0.08859016 0.0370853804
v 1.22286034 -0.20541206 0.0325434506
v 1.22286034 -0.20541206 0.0849274844
v 1.231691 -0.310102165 0.0849274844
v 1.231691 -0.310102165 0.0244843699
v 1.2626586 -0.355489403 -0.00035297632
v 1.2626586 -0.355489403 0.0849274844
v 1.33013773 -0.400607824 -0.0595683642
v 1.33013773 -0.400607824 0.0849274844
v 1.28589058 0.310671449 -0.0203343593
v 1.02182734 0.310671449 -0.0203343593
v 1.0209465 0.284052491 -0.0203343593
v 1.28572512 0.284053415 -0.0203343593
v 1.28589058 0.310671449 0.0849274844
v 1.28589058 0.310671449 -0.0203343593
v 1.28572512 0.284053415 -0.0203343593
v 1.28572512 0.284053415 0.0849274844
v 1.33013773 -0.400607824 -0.0595683642
v 0.981746435 -0.400616378 -0.0595683642
v 0.97993499 -0.422261268 -0.0595683642
v 1.33194911 -0.422255009 -0.0595683642
v 1.33013773 -0.400607824 0.0849274844
v 1.33013773 -0.400607824 -0.0595683642
v 1.33194911 -0.422255009 -0.0595683642
v 1.33194911 -0.422255009 0.0849274844
v 1.33194911 -0.422255009 -0.0595683642
v 0.97993499 -0.422261268 -0.0595683642
v 1.05251813 -0.462522507 0.0244843699
v 1.25936615 -0.462522656 0.0244843699
v 1.33194911 -0.422255009 0.0849274844
v 1.33194911 -0.422255009 -0.0595683642
v 1.25936615 -0.462522656 0.0244843699
v 1.25936615 -0.462522656 0.0849274844
v 1.22734177 0.376505792 0.0849274844
v 1.22682726 0.331500918 0.00624523405
v 1.22682726 0.331500918 0.0849274844
v 1.22734177 0.376505792 0.0111817569
v 1.24467552 0.544137955 0.0849274844
v 1.24467552 0.544137955 0.0244843699
v 1.24467552 0.544137955 0.0244843699
v 1.09567058 0.48946175 -0.0297156163
v 1.22734177 0.376505792 0.0111817569
v 1.1332196 0.686584234 0.0244843699
v 1.25936615 -0.462522656 0.0244843699
v 1.05251813 -0.462522507 0.0244843699
v 1.01840723 -0.474583358 -0.0299138278
v 1.30541611 -0.474583358 -0.0299138278
v 1.25936615 -0.462522656 0.0244843699
v 1.30541611 -0.474583358 -0.0299138278
v 1.30541611 -0.474583358 0.0849274844
v 1.25936615 -0.462522656 0.0849274844
v 1.27102304 -0.875401974 -0.0152318208
v 0.965705454 -0.875401795 -0.0152318208
v 0.965705216 -0.908345222 -0.0152318208
v 1.27102304 -0.90834552 -0.0152318208
v 1.27102304 -0.875401974 0.0849274844
v 1.27102304 -0.875401974 -0.0152318208
v 1.27102304 -0.90834552 -0.0152318208
v 1.27102304 -0.90834552 0.0849274844
v 0.986569405 -0.917509794 0.023476975
v 1.27102304 -0.90834552 -0.0152318208
v 0.965705216 -0.908345222 -0.0152318208
v 1.23298049 -0.917509794 0.023476975
v 0.969091117 -0.985496104 0.0234769788
v 1.07764161 -1.03007054 0.0234769788
v 1.22533393 -0.980529845 0.023476975
v 0.914995193 -1.10183454 0.0234769937
v 1.14855051 -1.14531147 0.0234769937
v 1.24562502 -1.03909767 0.023476975
v 1.04559338 -1.14531147 0.0234769937
v 0.859476507 -1.18345428 0.0239845589
v 0.978353322 -1.24166536 0.0239842534
v 0.901823461 -1.33143783 0.024483759
v 0.799657404 -1.25867832 0.0244843699
v 0.723960638 -1.34429872 0.0244840346
v 0.813282073 -1.42709482 0.024483759
v 0.709793389 -1.51962459 0.024483759
v 0.632501841 -1.42697144 0.024483759
v 0.526967943 -1.51046991 0.024483759
v 0.597513616 -1.60570586 0.0244843699
v 0.38951841 -1.59419799 0.0244840644
v 0.461812168 -1.69104552 0.0244843699
v 0.328490645 -1.76236689 0.0244843699
v 0.252068937 -1.66121578 0.0244843699
v 1.23298049 -0.917509794 0.023476975
v 1.27102304 -0.90834552 0.0849274844
v 1.27102304 -0.90834552 -0.0152318208
v 1.23298049 -0.917509794 0.0849274844
v 1.22533393 -0.980529845 0.023476975
v 1.22533393 -0.980529845 0.0849274844
v 1.24562502 -1.03909767 0.023476975
v 1.24562502 -1.03909767 0.0849274844
v 1.0839287 -1.14531147 0.0849274844
v 1.07764161 -1.03007054 0.0234769788
v 1.04559338 -1.14531147 0.0234769937
v 1.04559338 -1.14531147 0.0849274844
v 0.978353322 -1.24166536 0.0849274844
v 0.978353322 -1.24166536 0.0239842534
v 0.901823461 -1.33143795 0.0849274844
v 0.901823461 -1.33143783 0.024483759
v 0.813282073 -1.42709482 0.024483759
v 0.813282073 -1.42709482 0.0849274844
v 0.709793329 -1.51962459 0.0849274844
v 0.709793389 -1.51962459 0.024483759
v 0.597513556 -1.60570586 0.0849274844
v 0.597513616 -1.60570586 0.0244843699
v 0.461812168 -1.69104552 0.0244843699
v 0.461812109 -1.69104552 0.0849274844
v 0.328490585 -1.76236665 0.0849274844
v 0.328490645 -1.76236689 0.0244843699
v 0.252068937 -1.66121578 0.0244843699
v 0.38951838 -1.59419799 0.0849274844
v 0.252068877 -1.66121578 0.0849274844
v 0.38951841 -1.59419799 0.0244840644
v 0.526967883 -1.51046991 0.0849274844
v 0.526967943 -1.51046991 0.024483759
v 0.632501841 -1.42697144 0.024483759
v 0.632501721 -1.42697144 0.0849274844
v 0.723960638 -1.34429872 0.0849274844
v 0.723960638 -1.34429872 0.0244840346
v 0.799657404 -1.25867844 0.0849274844
v 0.799657404 -1.25867832 0.0244843699
v 0.859476507 -1.18345428 0.0239845589
v 0.859476507 -1.18345428 0.0849274844
v 0.914995253 -1.10183465 0.0849274844
v 0.914995193 -1.10183454 0.0234769937
v 0.969091177 -0.985496104 0.0849274844
v 0.969091117 -0.985496104 0.0234769788
v 0.986569405 -0.917509794 0.023476975
v 0.986569524 -0.917509794 0.0849274844
v 0.965705216 -0.908345222 -0.0152318208
v 0.965705216 -0.908345222 0.0849274844
v 1.07533455 0.331500918 0.0849274844
v 1.07533455 0.331500918 0.00624462357
v 1.07047641 0.378259033 0.0111817569
v 1.07047641 0.378259033 0.0849274844
v 1.04176784 0.475038826 0.0244843699
v 1.04176784 0.475038826 0.0849274844
v 0.985729575 0.608269393 0.0244843699
v 0.985729516 0.608269393 0.0849274844
v 0.918805897 0.733284354 0.0244843699
v 0.918805838 0.733284354 0.0849274844
v 0.861370921 0.824423909 0.0849274844
v 0.861370921 0.824423909 0.0244843699
v 0.789072871 0.930166066 0.0244843699
v 0.789072871 0.930166066 0.0849274844
v 0.681663275 1.05656898 0.0244843699
v 0.681663215 1.05656898 0.0849274844
v 0.560190558 1.15209663 0.0849274844
v 0.560190618 1.15209663 0.0244843699
v 0.424699306 1.2160697 0.0244843699
v 0.424699306 1.2160697 0.0849274844
v 0.274917573 1.26355529 0.0849274844
v 0.274917573 1.26355529 0.0244843699
v 0.0824752823 1.28891146 0.0244843699
v 0.0824752674 1.28891146 0.0849274844
v 4.73332806E-18 1.30596864 0.0849274844
v -0 1.30596864 0.0244843699
v 1.02182734 0.310671449 0.0849274844
v 1.02182734 0.310671449 -0.0203343593
v 1.07533455 0.331500918 0.00624462357
v 1.07533455 0.331500918 0.0849274844
v 1.0209465 0.284052491 -0.0203343593
v 1.02182734 0.310671449 -0.0203343593
v 1.02182734 0.310671449 0.0849274844
v 1.0209465 0.284052491 0.0849274844
v 1.05981851 0.246181712 0.0849274844
v 1.0209465 0.284052491 -0.0203343593
v 1.0209465 0.284052491 0.0849274844
v 1.05981851 0.246181712 0.00903759245
v 1.09388757 0.159543678 0.0849274844
v 1.09388757 0.159543678 0.0244843699
v 1.10638535 0.0293808747 0.0325434506
v 1.10638535 0.0293808747 0.0849274844
v 1.10858417 -0.0886502787 0.0849274844
v 1.10858417 -0.0886502787 0.0370853804
v 1.10189879 -0.205454022 0.0325434506
v 1.10189879 -0.205454022 0.0849274844
v 1.0841732 -0.310125947 0.0849274844
v 1.0841732 -0.310125947 0.0244843699
v 1.04922569 -0.355505586 0.0849274844
v 1.04922569 -0.355505586 -0.00035297632
v 0.981746435 -0.400616378 0.0849274844
v 0.981746435 -0.400616378 -0.0595683642
v 0.97993499 -0.422261268 0.0849274844
v 0.97993499 -0.422261268 -0.0595683642
v 0.981746435 -0.400616378 -0.0595683642
v 0.981746435 -0.400616378 0.0849274844
v 1.05251813 -0.462522507 0.0244843699
v 0.97993499 -0.422261268 -0.0595683642
v 0.97993499 -0.422261268 0.0849274844
v 1.05251813 -0.462522507 0.0849274844
v 1.01840723 -0.474583358 0.0849274844
v 1.01840723 -0.474583358 -0.0299138278
v 1.05251813 -0.462522507 0.0244843699
v 1.05251813 -0.462522507 0.0849274844
v 1.06218255 -0.547045529 0.0849274844
v 1.01840723 -0.474583358 -0.0299138278
v 1.01840723 -0.474583358 0.0849274844
v 1.06218255 -0.547045529 0.00769481901
v 1.06757998 -0.630462229 0.0251520947
v 1.06757998 -0.630462229 0.0849274844
v 1.06500256 -0.743514001 0.0849274844
v 1.06500256 -0.743514001 0.029326288
v 1.0214113 -0.856437266 0.0849274844
v 1.0214113 -0.856437266 0.0205262396
v 0.965705574 -0.875401795 0.0849274844
v 0.965705454 -0.875401795 -0.0152318208
v 0.965705216 -0.908345222 -0.0152318208
v 0.965705454 -0.875401795 -0.0152318208
v 0.965705574 -0.875401795 0.0849274844
v 0.965705216 -0.908345222 0.0849274844
v 4.87586244E-18 -1.69198239 0.178956822
v -0.0506253801 -1.62646699 0.0849282146
v 8.881784E-18 -1.6632272 0.0849282146
v -0.0506253913 -1.65522218 0.178956822
v -0.109794393 -1.62800658 0.178956822
v -0.109794378 -1.59925139 0.0849282146
v -0.185902476 -1.58940971 0.0849282146
v -0.185902491 -1.6181649 0.178956822
v -0.25640896 -1.62515688 0.178956822
v -0.25640896 -1.59640169 0.0849282146
v -0.32498458 -1.65357018 0.178956822
v -0.32498455 -1.62481499 0.0849282146
v -0.395713151 -1.7295202 0.178956822
v -0.430415988 -1.73039854 0.0849282146
v -0.271527499 -1.74964869 0.178956822
v -0.312336564 -1.79974329 0.178956822
v -0.329677641 -1.77256799 0.178956822
v -0.348839134 -1.75531769 0.178956822
v -0.32498458 -1.65357018 0.178956822
v -0.370845318 -1.74157166 0.178956822
v -0.395713151 -1.7295202 0.178956822
v -0.25640896 -1.62515688 0.178956822
v -0.185902491 -1.6181649 0.178956822
v -0.227262378 -1.73414791 0.178956822
v -0.19814308 -1.73406219 0.178956822
v -0.161154807 -1.74654412 0.178956822
v -0.121359088 -1.77119172 0.178956822
v -0.109794393 -1.62800658 0.178956822
v -0.0739375502 -1.82601893 0.178956822
v -0.0506253913 -1.65522218 0.178956822
v 4.87586244E-18 -1.69198239 0.178956822
v -0.0286471434 -1.88294673 0.178956822
v -3.77859283E-19 -1.90040159 0.178956822
v -0.0307071824 -1.92743587 0.0849282146
v -3.77859283E-19 -1.90040159 0.178956822
v 6.68336499E-19 -1.95170867 0.0849282146
v -0.0286471434 -1.88294673 0.178956822
v -0.0758674592 -1.86536276 0.0849282146
v -0.0739375502 -1.82601893 0.178956822
v -0.121359088 -1.77119172 0.178956822
v -0.124257103 -1.80352354 0.0849282146
v -0.161154807 -1.74654412 0.178956822
v -0.162603796 -1.77771139 0.0849282146
v -0.198143065 -1.76406527 0.0849282146
v -0.19814308 -1.73406219 0.178956822
v -0.227262378 -1.73414791 0.178956822
v -0.227262378 -1.76415062 0.0849282146
v -0.271527469 -1.7796514 0.0849282146
v -0.271527499 -1.74964869 0.178956822
v -0.312336504 -1.82898283 0.0849282146
v -0.312336564 -1.79974329 0.178956822
v -0.329677641 -1.77256799 0.178956822
v -0.312336564 -1.79974329 0.178956822
v -0.312336504 -1.82898283 0.0849282146
v -0.336209893 -1.79233027 0.0849282146
v -0.348839134 -1.75531769 0.178956822
v -0.360619605 -1.76746547 0.0849282146
v -0.370845318 -1.74157166 0.178956822
v -0.393292069 -1.74847555 0.0849282146
v -0.395713151 -1.7295202 0.178956822
v -0.430415988 -1.73039854 0.0849282146
v 4.87586244E-18 -1.69198239 0.178956822
v 8.881784E-18 -1.6632272 0.0849282146
v 0.0506253801 -1.62646699 0.0849282146
v 0.0506253913 -1.65522218 0.178956822
v 0.109794393 -1.62800658 0.178956822
v 0.109794378 -1.59925139 0.0849282146
v 0.185902476 -1.58940971 0.0849282146
v 0.185902491 -1.6181649 0.178956822
v 0.25640896 -1.62515688 0.178956822
v 0.25640896 -1.59640169 0.0849282146
v 0.32498458 -1.65357018 0.178956822
v 0.32498455 -1.62481499 0.0849282146
v 0.395713151 -1.7295202 0.178956822
v 0.430415988 -1.73039854 0.0849282146
v 0.271527499 -1.74964869 0.178956822
v 0.329677641 -1.77256799 0.178956822
v 0.312336564 -1.79974329 0.178956822
v 0.348839134 -1.75531769 0.178956822
v 0.32498458 -1.65357018 0.178956822
v 0.370845318 -1.74157166 0.178956822
v 0.395713151 -1.7295202 0.178956822
v 0.25640896 -1.62515688 0.178956822
v 0.185902491 -1.6181649 0.178956822
v 0.227262378 -1.73414791 0.178956822
v 0.19814308 -1.73406219 0.178956822
v 0.161154807 -1.74654412 0.178956822
v 0.121359088 -1.77119172 0.178956822
v 0.109794393 -1.62800658 0.178956822
v 0.0739375502 -1.82601893 0.178956822
v 0.0506253913 -1.65522218 0.178956822
v 4.87586244E-18 -1.69198239 0.178956822
v 0.0286471434 -1.88294673 0.178956822
v -3.77859283E-19 -1.90040159 0.178956822
v 0.0307071824 -1.92743587 0.0849282146
v 6.68336499E-19 -1.95170867 0.0849282146
v -3.77859283E-19 -1.90040159 0.178956822
v 0.0286471434 -1.88294673 0.178956822
v 0.0758674592 -1.86536276 0.0849282146
v 0.0739375502 -1.82601893 0.178956822
v 0.121359088 -1.77119172 0.178956822
v 0.124257103 -1.80352354 0.0849282146
v 0.161154807 -1.74654412 0.178956822
v 0.162603796 -1.77771139 0.0849282146
v 0.198143065 -1.76406527 0.0849282146
v 0.19814308 -1.73406219 0.178956822
v 0.227262378 -1.73414791 0.178956822
v 0.227262378 -1.76415062 0.0849282146
v 0.271527469 -1.7796514 0.0849282146
v 0.271527499 -1.74964869 0.178956822
v 0.312336504 -1.82898283 0.0849282146
v 0.312336564 -1.79974329 0.178956822
v 0.329677641 -1.77256799 0.178956822
v 0.312336504 -1.82898283 0.0849282146
v 0.312336564 -1.79974329 0.178956822
v 0.336209893 -1.79233027 0.0849282146
v 0.348839134 -1.75531769 0.178956822
v 0.360619605 -1.76746547 0.0849282146
v 0.370845318 -1.74157166 0.178956822
v 0.393292069 -1.74847555 0.0849282146
v 0.395713151 -1.7295202 0.178956822
v 0.430415988 -1.73039854 0.0849282146
v 1.48029668E-18 -1.69198239 -0.00910071563
v 8.881784E-18 -1.6632272 0.0849282146
v -0.0506253801 -1.62646699 0.0849282146
v -0.0506253913 -1.65522218 -0.00910071563
v -0.109794393 -1.62800658 -0.00910071563
v -0.109794378 -1.59925139 0.0849282146
v -0.185902476 -1.58940971 0.0849282146
v -0.185902491 -1.6181649 -0.00910010561
v -0.25640896 -1.62515688 -0.00910010561
v -0.25640896 -1.59640169 0.0849282146
v -0.32498458 -1.65357018 -0.00910010561
v -0.32498455 -1.62481499 0.0849282146
v -0.395713151 -1.7295202 -0.00910010561
v -0.430415988 -1.73039854 0.0849282146
v -0.271527499 -1.74964869 -0.00910010561
v -0.329677641 -1.77256799 -0.00910010561
v -0.312336564 -1.79974329 -0.00910010561
v -0.348839134 -1.75531769 -0.00910010561
v -0.32498458 -1.65357018 -0.00910010561
v -0.370845318 -1.74157166 -0.00910010561
v -0.395713151 -1.7295202 -0.00910010561
v -0.25640896 -1.62515688 -0.00910010561
v -0.185902491 -1.6181649 -0.00910010561
v -0.227262378 -1.73414791 -0.00910010561
v -0.19814308 -1.73406219 -0.00910010561
v -0.161154807 -1.74654412 -0.00910010561
v -0.121359088 -1.77119172 -0.00910071563
v -0.109794393 -1.62800658 -0.00910071563
v -0.0739375502 -1.82601893 -0.00910071563
v -0.0506253913 -1.65522218 -0.00910071563
v 1.48029668E-18 -1.69198239 -0.00910071563
v -0.0286471434 -1.88294673 -0.00910071563
v -3.77859283E-19 -1.90040159 -0.00910071563
v -0.0307071824 -1.92743587 0.0849282146
v 6.68336499E-19 -1.95170867 0.0849282146
v -3.77859283E-19 -1.90040159 -0.00910071563
v -0.0286471434 -1.88294673 -0.00910071563
v -0.0758674592 -1.86536276 0.0849282146
v -0.0739375502 -1.82601893 -0.00910071563
v -0.121359088 -1.77119172 -0.00910071563
v -0.124257103 -1.80352354 0.0849282146
v -0.161154807 -1.74654412 -0.00910010561
v -0.162603796 -1.77771139 0.0849282146
v -0.198143065 -1.76406527 0.0849282146
v -0.19814308 -1.73406219 -0.00910010561
v -0.227262378 -1.73414791 -0.00910010561
v -0.227262378 -1.76415062 0.0849282146
v -0.271527469 -1.7796514 0.0849282146
v -0.271527499 -1.74964869 -0.00910010561
v -0.312336504 -1.82898283 0.0849282146
v -0.312336564 -1.79974329 -0.00910010561
v -0.329677641 -1.77256799 -0.00910010561
v -0.312336504 -1.82898283 0.0849282146
v -0.312336564 -1.79974329 -0.00910010561
v -0.336209893 -1.79233027 0.0849282146
v -0.348839134 -1.75531769 -0.00910010561
v -0.360619605 -1.76746547 0.0849282146
v -0.370845318 -1.74157166 -0.00910010561
v -0.393292069 -1.74847555 0.0849282146
v -0.395713151 -1.7295202 -0.00910010561
v -0.430415988 -1.73039854 0.0849282146
v 1.48029668E-18 -1.69198239 -0.00910071563
v 0.0506253801 -1.62646699 0.0849282146
v 8.881784E-18 -1.6632272 0.0849282146
v 0.0506253913 -1.65522218 -0.00910071563
v 0.109794393 -1.62800658 -0.00910071563
v 0.109794378 -1.59925139 0.0849282146
v 0.185902476 -1.58940971 0.0849282146
v 0.185902491 -1.6181649 -0.00910010561
v 0.25640896 -1.62515688 -0.00910010561
v 0.25640896 -1.59640169 0.0849282146
v 0.32498458 -1.65357018 -0.00910010561
v 0.32498455 -1.62481499 0.0849282146
v 0.395713151 -1.7295202 -0.00910010561
v 0.430415988 -1.73039854 0.0849282146
v 0.271527499 -1.74964869 -0.00910010561
v 0.312336564 -1.79974329 -0.00910010561
v 0.329677641 -1.77256799 -0.00910010561
v 0.348839134 -1.75531769 -0.00910010561
v 0.32498458 -1.65357018 -0.00910010561
v 0.370845318 -1.74157166 -0.00910010561
v 0.395713151 -1.7295202 -0.00910010561
v 0.25640896 -1.62515688 -0.00910010561
v 0.185902491 -1.6181649 -0.00910010561
v 0.227262378 -1.73414791 -0.00910010561
v 0.19814308 -1.73406219 -0.00910010561
v 0.161154807 -1.74654412 -0.00910010561
v 0.121359088 -1.77119172 -0.00910071563
v 0.109794393 -1.62800658 -0.00910071563
v 0.0739375502 -1.82601893 -0.00910071563
v 0.0506253913 -1.65522218 -0.00910071563
v 1.48029668E-18 -1.69198239 -0.00910071563
v 0.0286471434 -1.88294673 -0.00910071563
v -3.77859283E-19 -1.90040159 -0.00910071563
v 0.0307071824 -1.92743587 0.0849282146
v -3.77859283E-19 -1.90040159 -0.00910071563
v 6.68336499E-19 -1.95170867 0.0849282146
v 0.0286471434 -1.88294673 -0.00910071563
v 0.0758674592 -1.86536276 0.0849282146
v 0.0739375502 -1.82601893 -0.00910071563
v 0.121359088 -1.77119172 -0.00910071563
v 0.124257103 -1.80352354 0.0849282146
v 0.161154807 -1.74654412 -0.00910010561
v 0.162603796 -1.77771139 0.0849282146
v 0.198143065 -1.76406527 0.0849282146
v 0.19814308 -1.73406219 -0.00910010561
v 0.227262378 -1.73414791 -0.00910010561
v 0.227262378 -1.76415062 0.0849282146
v 0.271527469 -1.7796514 0.0849282146
v 0.271527499 -1.74964869 -0.00910010561
v 0.312336504 -1.82898283 0.0849282146
v 0.312336564 -1.79974329 -0.00910010561
v 0.329677641 -1.77256799 -0.00910010561
v 0.312336564 -1.79974329 -0.00910010561
v 0.312336504 -1.82898283 0.0849282146
v 0.336209893 -1.79233027 0.0849282146
v 0.348839134 -1.75531769 -0.00910010561
v 0.360619605 -1.76746547 0.0849282146
v 0.370845318 -1.74157166 -0.00910010561
v 0.393292069 -1.74847555 0.0849282146
v 0.395713151 -1.7295202 -0.00910010561
v 0.430415988 -1.73039854 0.0849282146
v -0.749491274 1.32899284 0.129061997
v -0.718572438 1.2718873 0.167957261
v -0.751026034 1.24030244 0.167957261
v -0.806267917 1.27529216 0.129061997
v -0.799842536 1.19260073 0.145370588
v -0.799842536 1.19260073 0.0849280879
v -0.806267917 1.27529216 0.0849280879
v -0.806267917 1.27529216 0.129061997
v -0.749491274 1.32899284 0.0849280879
v -0.749491274 1.32899284 0.129061997
v -0.806267917 1.27529216 0.129061997
v -0.806267917 1.27529216 0.0849280879
v -0.664676547 1.32044435 0.0849280879
v -0.664676547 1.32044435 0.145370588
v -0.749491274 1.32899284 0.129061997
v -0.749491274 1.32899284 0.0849280879
v -0.673083961 1.19548285 0.0849280879
v -0.664676547 1.32044435 0.145370588
v -0.664676547 1.32044435 0.0849280879
v -0.673084021 1.19548285 0.145370588
v -0.799842536 1.19260073 0.0849280879
v -0.799842536 1.19260073 0.145370588
v 0.749491274 1.32899284 0.129061997
v 0.806267917 1.27529216 0.129061997
v 0.751026034 1.24030244 0.167957261
v 0.718572438 1.2718873 0.167957261
v 0.799842536 1.19260073 0.145370588
v 0.806267917 1.27529216 0.129061997
v 0.806267917 1.27529216 0.0849280879
v 0.799842536 1.19260073 0.0849280879
v 0.749491274 1.32899284 0.0849280879
v 0.806267917 1.27529216 0.0849280879
v 0.806267917 1.27529216 0.129061997
v 0.749491274 1.32899284 0.129061997
v 0.664676547 1.32044435 0.0849280879
v 0.749491274 1.32899284 0.0849280879
v 0.749491274 1.32899284 0.129061997
v 0.664676547 1.32044435 0.145370588
v 0.673083961 1.19548285 0.0849280879
v 0.664676547 1.32044435 0.0849280879
v 0.664676547 1.32044435 0.145370588
v 0.673084021 1.19548285 0.145370588
v 0.673084021 1.19548285 0.145370588
v 0.799842536 1.19260073 0.145370588
v 0.799842536 1.19260073 0.0849280879
v 0.673083961 1.19548285 0.0849280879
v -0.749491274 1.32899284 0.0407941826
v -0.806267917 1.27529216 0.0407941826
v -0.751026034 1.24030244 0.00189891574
v -0.718572438 1.2718873 0.00189891574
v -0.799842536 1.19260073 0.0244855899
v -0.806267917 1.27529216 0.0407941826
v -0.806267917 1.27529216 0.0849280879
v -0.799842536 1.19260073 0.0849280879
v -0.749491274 1.32899284 0.0849280879
v -0.806267917 1.27529216 0.0849280879
v -0.806267917 1.27529216 0.0407941826
v -0.749491274 1.32899284 0.0407941826
v -0.664676547 1.32044435 0.0849280879
v -0.749491274 1.32899284 0.0849280879
v -0.749491274 1.32899284 0.0407941826
v -0.664676547 1.32044435 0.0244855899
v -0.673083961 1.19548285 0.0849280879
v -0.664676547 1.32044435 0.0849280879
v -0.664676547 1.32044435 0.0244855899
v -0.673084021 1.19548285 0.0244855899
v -0.799842536 1.19260073 0.0849280879
v -0.799842536 1.19260073 0.0244855899
v 0.749491274 1.32899284 0.0407941826
v 0.718572438 1.2718873 0.00189891574
v 0.751026034 1.24030244 0.00189891574
v 0.806267917 1.27529216 0.0407941826
v 0.799842536 1.19260073 0.0244855899
v 0.799842536 1.19260073 0.0849280879
v 0.806267917 1.27529216 0.0849280879
v 0.806267917 1.27529216 0.0407941826
v 0.749491274 1.32899284 0.0849280879
v 0.749491274 1.32899284 0.0407941826
v 0.806267917 1.27529216 0.0407941826
v 0.806267917 1.27529216 0.0849280879
v 0.664676547 1.32044435 0.0849280879
v 0.664676547 1.32044435 0.0244855899
v 0.749491274 1.32899284 0.0407941826
v 0.749491274 1.32899284 0.0849280879
v 0.673083961 1.19548285 0.0849280879
v 0.664676547 1.32044435 0.0244855899
v 0.664676547 1.32044435 0.0849280879
v 0.673084021 1.19548285 0.0244855899
v 0.799842536 1.19260073 0.0849280879
v 0.799842536 1.19260073 0.0244855899
vt 0.275645286 0.88645494
vt 0.216008693 0.770914257
vt 0.335281849 0.770914257
vt 0.275645286 0.88645494
vt 0.216008693 0.770914257
vt 0.335281849 0.770914257
vt 0.865628839 0.0653793663
vt 0.828409553 0.0653793663
vt 0.828409553 0.110047683
vt 0.828409553 0.110047683
vt 0.828409553 0.0653793663
vt 0.79118979 0.0653793663
vt 0.79118979 0.0653793663
vt 0.828409553 0.0653793663
vt 0.828409553 0.0207120106
vt 0.828409553 0.0653793663
vt 0.865628839 0.0653793663
vt 0.828409553 0.0207120106
vt 0.875108361 0.208365664
vt 0.892461002 0.208365664
vt 0.875108361 0.229191586
vt 0.875108361 0.208365664
vt 0.875108361 0.229191586
vt 0.857755721 0.208365664
vt 0.875108361 0.208365664
vt 0.857755721 0.208365664
vt 0.875108361 0.187540486
vt 0.875108361 0.208365664
vt 0.875108361 0.187540486
vt 0.892461002 0.208365664
vt 0.865628839 0.0653793663
vt 0.828409553 0.110047683
vt 0.828409553 0.0653793663
vt 0.828409553 0.110047683
vt 0.79118979 0.0653793663
vt 0.828409553 0.0653793663
vt 0.79118979 0.0653793663
vt 0.828409553 0.0207120106
vt 0.828409553 0.0653793663
vt 0.828409553 0.0653793663
vt 0.828409553 0.0207120106
vt 0.865628839 0.0653793663
vt 0.875108361 0.208365664
vt 0.875108361 0.229191586
vt 0.892461002 0.208365664
vt 0.875108361 0.208365664
vt 0.857755721 0.208365664
vt 0.875108361 0.229191586
vt 0.875108361 0.208365664
vt 0.875108361 0.187540486
vt 0.857755721 0.208365664
vt 0.875108361 0.208365664
vt 0.892461002 0.208365664
vt 0.875108361 0.187540486
vt 0.865628839 0.0653793663
vt 0.828409553 0.0653793663
vt 0.828409553 0.110047683
vt 0.828409553 0.110047683
vt 0.828409553 0.0653793663
vt 0.79118979 0.0653793663
vt 0.79118979 0.0653793663
vt 0.828409553 0.0653793663
vt 0.828409553 0.0207120106
vt 0.828409553 0.0653793663
vt 0.865628839 0.0653793663
vt 0.828409553 0.0207120106
vt 0.875108361 0.208365664
vt 0.892461002 0.208365664
vt 0.875108361 0.229191586
vt 0.875108361 0.208365664
vt 0.875108361 0.229191586
vt 0.857755721 0.208365664
vt 0.875108361 0.208365664
vt 0.857755721 0.208365664
vt 0.875108361 0.187540486
vt 0.875108361 0.208365664
vt 0.875108361 0.187540486
vt 0.892461002 0.208365664
vt 0.865628839 0.0653793663
vt 0.828409553 0.110047683
vt 0.828409553 0.0653793663
vt 0.828409553 0.110047683
vt 0.79118979 0.0653793663
vt 0.828409553 0.0653793663
vt 0.79118979 0.0653793663
vt 0.828409553 0.0207120106
vt 0.828409553 0.0653793663
vt 0.828409553 0.0653793663
vt 0.828409553 0.0207120106
vt 0.865628839 0.0653793663
vt 0.875108361 0.208365664
vt 0.875108361 0.229191586
vt 0.892461002 0.208365664
vt 0.875108361 0.208365664
vt 0.857755721 0.208365664
vt 0.875108361 0.229191586
vt 0.875108361 0.208365664
vt 0.875108361 0.187540486
vt 0.857755721 0.208365664
vt 0.875108361 0.208365664
vt 0.892461002 0.208365664
vt 0.875108361 0.187540486
vt 0.865628839 0.0653793663
vt 0.828409553 0.0653793663
vt 0.828409553 0.110047683
vt 0.828409553 0.110047683
vt 0.828409553 0.0653793663
vt 0.79118979 0.0653793663
vt 0.79118979 0.0653793663
vt 0.828409553 0.0653793663
vt 0.828409553 0.0207120106
vt 0.828409553 0.0653793663
vt 0.865628839 0.0653793663
vt 0.828409553 0.0207120106
vt 0.875108361 0.208365664
vt 0.892461002 0.208365664
vt 0.875108361 0.229191586
vt 0.875108361 0.208365664
vt 0.875108361 0.229191586
vt 0.857755721 0.208365664
vt 0.875108361 0.208365664
vt 0.857755721 0.208365664
vt 0.875108361 0.187540486
vt 0.875108361 0.208365664
vt 0.875108361 0.187540486
vt 0.892461002 0.208365664
vt 0.865628839 0.0653793663
vt 0.828409553 0.110047683
vt 0.828409553 0.0653793663
vt 0.828409553 0.110047683
vt 0.79118979 0.0653793663
vt 0.828409553 0.0653793663
vt 0.79118979 0.0653793663
vt 0.828409553 0.0207120106
vt 0.828409553 0.0653793663
vt 0.828409553 0.0653793663
vt 0.828409553 0.0207120106
vt 0.865628839 0.0653793663
vt 0.875108361 0.208365664
vt 0.875108361 0.229191586
vt 0.892461002 0.208365664
vt 0.875108361 0.208365664
vt 0.857755721 0.208365664
vt 0.875108361 0.229191586
vt 0.875108361 0.208365664
vt 0.875108361 0.187540486
vt 0.857755721 0.208365664
vt 0.875108361 0.208365664
vt 0.892461002 0.208365664
vt 0.875108361 0.187540486
vt 0.865628839 0.0653793663
vt 0.828409553 0.0653793663
vt 0.828409553 0.110047683
vt 0.828409553 0.110047683
vt 0.828409553 0.0653793663
vt 0.79118979 0.0653793663
vt 0.79118979 0.0653793663
vt 0.828409553 0.0653793663
vt 0.828409553 0.0207120106
vt 0.828409553 0.0653793663
vt 0.865628839 0.0653793663
vt 0.828409553 0.0207120106
vt 0.875108361 0.208365664
vt 0.892461002 0.208365664
vt 0.875108361 0.229191586
vt 0.875108361 0.208365664
vt 0.875108361 0.229191586
vt 0.857755721 0.208365664
vt 0.875108361 0.208365664
vt 0.857755721 0.208365664
vt 0.875108361 0.187540486
vt 0.875108361 0.208365664
vt 0.875108361 0.187540486
vt 0.892461002 0.208365664
vt 0.865628839 0.0653793663
vt 0.828409553 0.110047683
vt 0.828409553 0.0653793663
vt 0.828409553 0.110047683
vt 0.79118979 0.0653793663
vt 0.828409553 0.0653793663
vt 0.79118979 0.0653793663
vt 0.828409553 0.0207120106
vt 0.828409553 0.0653793663
vt 0.828409553 0.0653793663
vt 0.828409553 0.0207120106
vt 0.865628839 0.0653793663
vt 0.875108361 0.208365664
vt 0.875108361 0.229191586
vt 0.892461002 0.208365664
vt 0.875108361 0.208365664
vt 0.857755721 0.208365664
vt 0.875108361 0.229191586
vt 0.875108361 0.208365664
vt 0.875108361 0.187540486
vt 0.857755721 0.208365664
vt 0.875108361 0.208365664
vt 0.892461002 0.208365664
vt 0.875108361 0.187540486
vt 0.849721551 0.331806153
vt 0.862188816 0.355379701
vt 0.814369321 0.355379373
vt 0.849722326 0.331806779
vt 0.814369321 0.355379373
vt 0.862188816 0.355379701
vt 0.849721134 0.331806153
vt 0.814369321 0.355379373
vt 0.862188816 0.355379701
vt 0.849720538 0.331805825
vt 0.862188816 0.355379701
vt 0.814369321 0.355379373
vt 0.88790977 0.716740191
vt 0.874137163 0.72268343
vt 0.882160306 0.729299545
vt 0.847691596 0.971138954
vt 0.829801857 0.990413427
vt 0.830231726 0.99026078
vt 0.88790977 0.716740191
vt 0.882160306 0.729299545
vt 0.874137163 0.72268343
vt 0.882160306 0.729299545
vt 0.88790977 0.716740191
vt 0.906718731 0.739212096
vt 0.847691596 0.971138954
vt 0.830231726 0.99026078
vt 0.829801857 0.990413427
vt 0.88790977 0.716740191
vt 0.882160306 0.729299545
vt 0.874137163 0.72268343
vt 0.847691596 0.971138954
vt 0.830231726 0.99026078
vt 0.829801857 0.990413427
vt 0.88790977 0.716740191
vt 0.874137163 0.72268343
vt 0.882160306 0.729299545
vt 0.882160306 0.729299545
vt 0.906718731 0.739212096
vt 0.88790977 0.716740191
vt 0.847691596 0.971138954
vt 0.829801857 0.990413427
vt 0.830231726 0.99026078
vt 0.968394697 0.952240229
vt 0.987977922 0.944030881
vt 0.968394101 0.93571496
vt 0.961352885 0.978671312
vt 0.968394697 0.952240229
vt 0.95096302 0.959165573
vt 0.961352885 0.978671312
vt 0.987977922 0.944030881
vt 0.968394697 0.952240229
vt 0.968394101 0.93571496
vt 0.987977922 0.944030881
vt 0.961350679 0.910807669
vt 0.950961888 0.930659235
vt 0.968394101 0.93571496
vt 0.961350679 0.910807669
vt 0.984431386 0.196083575
vt 0.951668739 0.196021587
vt 0.951571822 0.246765345
vt 0.951571822 0.246765345
vt 0.951668739 0.196021587
vt 0.918905616 0.195959002
vt 0.918905616 0.195959002
vt 0.951668739 0.196021587
vt 0.951765537 0.145277306
vt 0.951668739 0.196021587
vt 0.984431386 0.196083575
vt 0.951765537 0.145277306
vt 0.903343201 0.234547898
vt 0.918618739 0.234576806
vt 0.903298497 0.258206457
vt 0.903343201 0.234547898
vt 0.903298497 0.258206457
vt 0.888068616 0.234518722
vt 0.903343201 0.234547898
vt 0.888068616 0.234518722
vt 0.903387964 0.210889518
vt 0.903343201 0.234547898
vt 0.903387964 0.210889518
vt 0.918618739 0.234576806
vt 0.968394697 0.952240229
vt 0.968394101 0.93571496
vt 0.987977922 0.944030881
vt 0.961352885 0.978671312
vt 0.95096302 0.959165573
vt 0.968394697 0.952240229
vt 0.961352885 0.978671312
vt 0.968394697 0.952240229
vt 0.987977922 0.944030881
vt 0.968394101 0.93571496
vt 0.961350679 0.910807669
vt 0.987977922 0.944030881
vt 0.950961888 0.930659235
vt 0.961350679 0.910807669
vt 0.968394101 0.93571496
vt 0.984431386 0.196083575
vt 0.951571822 0.246765345
vt 0.951668739 0.196021587
vt 0.951571822 0.246765345
vt 0.918905616 0.195959002
vt 0.951668739 0.196021587
vt 0.918905616 0.195959002
vt 0.951765537 0.145277306
vt 0.951668739 0.196021587
vt 0.951668739 0.196021587
vt 0.951765537 0.145277306
vt 0.984431386 0.196083575
vt 0.903343201 0.234547898
vt 0.903298497 0.258206457
vt 0.918618739 0.234576806
vt 0.903343201 0.234547898
vt 0.888068616 0.234518722
vt 0.903298497 0.258206457
vt 0.903343201 0.234547898
vt 0.903387964 0.210889518
vt 0.888068616 0.234518722
vt 0.903343201 0.234547898
vt 0.918618739 0.234576806
vt 0.903387964 0.210889518
vt 0.968394697 0.952240229
vt 0.968394101 0.93571496
vt 0.987977922 0.944030881
vt 0.961352885 0.978671312
vt 0.95096302 0.959165573
vt 0.968394697 0.952240229
vt 0.961352885 0.978671312
vt 0.968394697 0.952240229
vt 0.987977922 0.944030881
vt 0.968394101 0.93571496
vt 0.961350679 0.910807669
vt 0.987977922 0.944030881
vt 0.950961888 0.930659235
vt 0.961350679 0.910807669
vt 0.968394101 0.93571496
vt 0.984431386 0.196083575
vt 0.951571822 0.246765345
vt 0.951668739 0.196021587
vt 0.951571822 0.246765345
vt 0.918905616 0.195959002
vt 0.951668739 0.196021587
vt 0.918905616 0.195959002
vt 0.951765537 0.145277306
vt 0.951668739 0.196021587
vt 0.951668739 0.196021587
vt 0.951765537 0.145277306
vt 0.984431386 0.196083575
vt 0.903343201 0.234547898
vt 0.903298497 0.258206457
vt 0.918618739 0.234576806
vt 0.903343201 0.234547898
vt 0.888068616 0.234518722
vt 0.903298497 0.258206457
vt 0.903343201 0.234547898
vt 0.903387964 0.210889518
vt 0.888068616 0.234518722
vt 0.903343201 0.234547898
vt 0.918618739 0.234576806
vt 0.903387964 0.210889518
vt 0.968394697 0.952240229
vt 0.987977922 0.944030881
vt 0.968394101 0.93571496
vt 0.961352885 0.978671312
vt 0.968394697 0.952240229
vt 0.95096302 0.959165573
vt 0.961352885 0.978671312
vt 0.987977922 0.944030881
vt 0.968394697 0.952240229
vt 0.968394101 0.93571496
vt 0.987977922 0.944030881
vt 0.961350679 0.910807669
vt 0.950961888 0.930659235
vt 0.968394101 0.93571496
vt 0.961350679 0.910807669
vt 0.984431386 0.196083575
vt 0.951668739 0.196021587
vt 0.951571822 0.246765345
vt 0.951571822 0.246765345
vt 0.951668739 0.196021587
vt 0.918905616 0.195959002
vt 0.918905616 0.195959002
vt 0.951668739 0.196021587
vt 0.951765537 0.145277306
vt 0.951668739 0.196021587
vt 0.984431386 0.196083575
vt 0.951765537 0.145277306
vt 0.903343201 0.234547898
vt 0.918618739 0.234576806
vt 0.903298497 0.258206457
vt 0.903343201 0.234547898
vt 0.903298497 0.258206457
vt 0.888068616 0.234518722
vt 0.903343201 0.234547898
vt 0.888068616 0.234518722
vt 0.903387964 0.210889518
vt 0.903343201 0.234547898
vt 0.903387964 0.210889518
vt 0.918618739 0.234576806
vt 0.275645286 0.88645494
vt 0.230917841 0.799799442
vt 0.275645256 0.799799442
vt 0.275645256 0.770914257
vt 0.216008693 0.770914257
vt 0.335281849 0.770914257
vt 0.320372701 0.799799442
vt 0.275645286 0.88645494
vt 0.215280861 0.770347953
vt 0.32091859 0.7993747
vt 0.275645286 0.88645494
vt 0.305827469 0.770347953
vt 0.336009681 0.770347953
vt 0.275645286 0.88645494
vt 0.245463058 0.770347953
vt 0.336009681 0.770347953
vt 0.230371967 0.7993747
vt 0.215280861 0.770347953
vt 0.336737514 0.770079136
vt 0.29091835 0.857360959
vt 0.268145204 0.81403321
vt 0.245956406 0.770079136
vt 0.214553028 0.770079136
vt 0.245956406 0.770079136
vt 0.245281115 0.828684568
vt 0.275645286 0.88645494
vt 0.29091835 0.857360959
vt 0.32091859 0.7993747
vt 0.275645286 0.88645494
vt 0.215280861 0.770347953
vt 0.304980397 0.770347953
vt 0.336009681 0.770347953
vt 0.275645286 0.88645494
vt 0.245463058 0.770347953
vt 0.336009681 0.770347953
vt 0.230371967 0.7993747
vt 0.215280861 0.770347953
vt 0.305463552 0.770914257
vt 0.335281849 0.770914257
vt 0.305463552 0.828684568
vt 0.28309983 0.814242005
vt 0.216008693 0.770914257
vt 0.275645286 0.88645494
vt 0.260736138 0.857569754
vt 0.245281115 0.828684568
vt 0.214553028 0.770079136
vt 0.245099142 0.770079136
vt 0.268145204 0.81403321
vt 0.275645286 0.88645494
vt 0.336737514 0.770079136
vt 0.29091835 0.857360959
vt 0.306191385 0.770079136
vt 0.336737514 0.770079136
vt 0.306009412 0.828684568
vt 0.283145308 0.81403321
vt 0.214553028 0.770079136
vt 0.275645286 0.88645494
vt 0.260372221 0.857360959
vt 0.230917841 0.799799442
vt 0.216008693 0.770914257
vt 0.275645256 0.770914257
vt 0.275645256 0.799799442
vt 0.275645286 0.88645494
vt 0.335281849 0.770914257
vt 0.320372701 0.799799442
vt 0.275645256 0.770914257
vt 0.335281849 0.770914257
vt 0.320372701 0.799799442
vt 0.275645256 0.799799442
vt 0.216008693 0.770914257
vt 0.275645286 0.88645494
vt 0.230917841 0.799799442
vt 0.306191385 0.770079136
vt 0.336737514 0.770079136
vt 0.306009412 0.828684568
vt 0.283145308 0.81403321
vt 0.214553028 0.770079136
vt 0.275645286 0.88645494
vt 0.260372221 0.857360959
vt 0.839990795 0.242768019
vt 0.839990795 0.18324545
vt 0.786934197 0.242768019
vt 0.839990795 0.327473074
vt 0.839990795 0.242768019
vt 0.786934197 0.242768019
vt 0.839990795 0.18324545
vt 0.839990795 0.327473074
vt 0.839990795 0.242768019
vt 0.786934197 0.242768019
vt 0.839990795 0.18324545
vt 0.839990795 0.327473074
vt 0.839990795 0.242768019
vt 0.839990795 0.18324545
vt 0.786934197 0.242768019
vt 0.839990795 0.327473074
vt 0.868405461 0.123570472
vt 0.845842004 0.122164994
vt 0.850712299 0.131219476
vt 0.869555652 0.1299126
vt 0.855582714 0.140273839
vt 0.861909747 0.147191316
vt 0.870170832 0.140458196
vt 0.873949766 0.13532798
vt 0.878531575 0.138418585
vt 0.875305176 0.146049589
vt 0.868236721 0.154108912
vt 0.882965565 0.138850123
vt 0.878343523 0.158047527
vt 0.881451607 0.147800833
vt 0.887399673 0.139281541
vt 0.887598038 0.149552017
vt 0.888450325 0.161986202
vt 0.893917918 0.137194842
vt 0.899199843 0.160681158
vt 0.898810744 0.146257848
vt 0.90026176 0.133799955
vt 0.910023093 0.142963618
vt 0.909949124 0.159376234
vt 0.925057769 0.147170037
vt 0.905488133 0.126419932
vt 0.920088768 0.133921534
vt 0.931776345 0.138183087
vt 0.930154502 0.12487933
vt 0.938494921 0.129196256
vt 0.907640576 0.116112143
vt 0.947684884 0.121998936
vt 0.947701097 0.117915422
vt 0.972076297 0.124828368
vt 0.972076297 0.120759517
vt 0.896207094 0.101788081
vt 0.972016454 0.0792534053
vt 0.892482102 0.0801355541
vt 0.954122245 0.0607757866
vt 0.914461493 0.0528337061
vt 0.897130966 0.0574016869
vt 0.909083068 0.0380586684
vt 0.916307807 0.0357752293
vt 0.923532605 0.0334915221
vt 0.927209973 0.0395570099
vt 0.93088752 0.0456222594
vt 0.937402308 0.0483525097
vt 0.943917334 0.0510827601
vt 0.951295257 0.0481090844
vt 0.958673179 0.0451354086
vt 0.965374827 0.0400159657
vt 0.972076297 0.0348962992
vt 0.875141144 0.115945317
vt 0.868405461 0.123570472
vt 0.876829028 0.120922536
vt 0.878516674 0.125899941
vt 0.869555652 0.1299126
vt 0.873949766 0.13532798
vt 0.881239414 0.128446907
vt 0.883962035 0.130993873
vt 0.878531575 0.138418585
vt 0.882965565 0.138850123
vt 0.886948943 0.131351262
vt 0.889935911 0.13170889
vt 0.887399673 0.139281541
vt 0.893917918 0.137194842
vt 0.89405632 0.129452854
vt 0.89817673 0.127196878
vt 0.90026176 0.133799955
vt 0.905488133 0.126419932
vt 0.900945783 0.122627504
vt 0.907640576 0.116112143
vt 0.901447117 0.11770919
vt 0.893928111 0.1103113
vt 0.896207094 0.101788081
vt 0.886409283 0.102913409
vt 0.892482102 0.0801355541
vt 0.882285833 0.0801355541
vt 0.897130966 0.0574016869
vt 0.884730816 0.0572018921
vt 0.89782244 0.038323909
vt 0.909083068 0.0380586684
vt 0.903432846 0.030233413
vt 0.918074071 0.0251431763
vt 0.916307807 0.0357752293
vt 0.923532605 0.0334915221
vt 0.932715297 0.0200528204
vt 0.927209973 0.0395570099
vt 0.938273609 0.0315846652
vt 0.93088752 0.0456222594
vt 0.941295147 0.0334165394
vt 0.937402308 0.0483525097
vt 0.943917334 0.0510827601
vt 0.944316685 0.0352484286
vt 0.952070594 0.034570381
vt 0.951295257 0.0481090844
vt 0.958673179 0.0451354086
vt 0.959824443 0.0338923037
vt 0.96595037 0.0285054743
vt 0.965374827 0.0400159657
vt 0.972076297 0.0348962992
vt 0.972076297 0.023118645
vt 0.868405461 0.123570472
vt 0.850712299 0.131219476
vt 0.845842004 0.122164994
vt 0.869555652 0.1299126
vt 0.855582714 0.140273839
vt 0.861909747 0.147191316
vt 0.870170832 0.140458196
vt 0.873949766 0.13532798
vt 0.878531575 0.138418585
vt 0.875305176 0.146049589
vt 0.868236721 0.154108912
vt 0.882965565 0.138850123
vt 0.878343523 0.158047527
vt 0.881451607 0.147800833
vt 0.887399673 0.139281541
vt 0.887598038 0.149552017
vt 0.888450325 0.161986202
vt 0.893917918 0.137194842
vt 0.899199843 0.160681158
vt 0.898810744 0.146257848
vt 0.90026176 0.133799955
vt 0.910023093 0.142963618
vt 0.909949124 0.159376234
vt 0.925057769 0.147170037
vt 0.905488133 0.126419932
vt 0.920088768 0.133921534
vt 0.931776345 0.138183087
vt 0.930154502 0.12487933
vt 0.938494921 0.129196256
vt 0.907640576 0.116112143
vt 0.947684884 0.121998936
vt 0.947701097 0.117915422
vt 0.972076297 0.124828368
vt 0.972076297 0.120759517
vt 0.896207094 0.101788081
vt 0.972016454 0.0792534053
vt 0.892482102 0.0801355541
vt 0.954122245 0.0607757866
vt 0.914461493 0.0528337061
vt 0.897130966 0.0574016869
vt 0.909083068 0.0380586684
vt 0.916307807 0.0357752293
vt 0.923532605 0.0334915221
vt 0.927209973 0.0395570099
vt 0.93088752 0.0456222594
vt 0.937402308 0.0483525097
vt 0.943917334 0.0510827601
vt 0.951295257 0.0481090844
vt 0.958673179 0.0451354086
vt 0.965374827 0.0400159657
vt 0.972076297 0.0348962992
vt 0.875141144 0.115945317
vt 0.876829028 0.120922536
vt 0.868405461 0.123570472
vt 0.878516674 0.125899941
vt 0.869555652 0.1299126
vt 0.873949766 0.13532798
vt 0.881239414 0.128446907
vt 0.883962035 0.130993873
vt 0.878531575 0.138418585
vt 0.882965565 0.138850123
vt 0.886948943 0.131351262
vt 0.889935911 0.13170889
vt 0.887399673 0.139281541
vt 0.893917918 0.137194842
vt 0.89405632 0.129452854
vt 0.89817673 0.127196878
vt 0.90026176 0.133799955
vt 0.905488133 0.126419932
vt 0.900945783 0.122627504
vt 0.907640576 0.116112143
vt 0.901447117 0.11770919
vt 0.893928111 0.1103113
vt 0.896207094 0.101788081
vt 0.886409283 0.102913409
vt 0.892482102 0.0801355541
vt 0.882285833 0.0801355541
vt 0.897130966 0.0574016869
vt 0.884730816 0.0572018921
vt 0.89782244 0.038323909
vt 0.909083068 0.0380586684
vt 0.903432846 0.030233413
vt 0.918074071 0.0251431763
vt 0.916307807 0.0357752293
vt 0.923532605 0.0334915221
vt 0.932715297 0.0200528204
vt 0.927209973 0.0395570099
vt 0.938273609 0.0315846652
vt 0.93088752 0.0456222594
vt 0.941295147 0.0334165394
vt 0.937402308 0.0483525097
vt 0.943917334 0.0510827601
vt 0.944316685 0.0352484286
vt 0.952070594 0.034570381
vt 0.951295257 0.0481090844
vt 0.958673179 0.0451354086
vt 0.959824443 0.0338923037
vt 0.96595037 0.0285054743
vt 0.965374827 0.0400159657
vt 0.972076297 0.0348962992
vt 0.972076297 0.023118645
vt 0.868405461 0.123570472
vt 0.850712299 0.131219476
vt 0.845842004 0.122164994
vt 0.869555652 0.1299126
vt 0.855582714 0.140273839
vt 0.861909747 0.147191316
vt 0.870170832 0.140458196
vt 0.873949766 0.13532798
vt 0.878531575 0.138418585
vt 0.875305176 0.146049589
vt 0.868236721 0.154108912
vt 0.882965565 0.138850123
vt 0.878343523 0.158047527
vt 0.881451607 0.147800833
vt 0.887399673 0.139281541
vt 0.887598038 0.149552017
vt 0.888450325 0.161986202
vt 0.893917918 0.137194842
vt 0.899199843 0.160681158
vt 0.898810744 0.146257848
vt 0.90026176 0.133799955
vt 0.910023093 0.142963618
vt 0.909949124 0.159376234
vt 0.925057769 0.147170037
vt 0.905488133 0.126419932
vt 0.920088768 0.133921534
vt 0.931776345 0.138183087
vt 0.930154502 0.12487933
vt 0.938494921 0.129196256
vt 0.907640576 0.116112143
vt 0.947684884 0.121998936
vt 0.947701097 0.117915422
vt 0.972076297 0.124828368
vt 0.972076297 0.120759517
vt 0.896207094 0.101788081
vt 0.972016454 0.0792534053
vt 0.892482102 0.0801355541
vt 0.954122245 0.0607757866
vt 0.914461493 0.0528337061
vt 0.897130966 0.0574016869
vt 0.909083068 0.0380586684
vt 0.916307807 0.0357752293
vt 0.923532605 0.0334915221
vt 0.927209973 0.0395570099
vt 0.93088752 0.0456222594
vt 0.937402308 0.0483525097
vt 0.943917334 0.0510827601
vt 0.951295257 0.0481090844
vt 0.958673179 0.0451354086
vt 0.965374827 0.0400159657
vt 0.972076297 0.0348962992
vt 0.875141144 0.115945317
vt 0.876829028 0.120922536
vt 0.868405461 0.123570472
vt 0.878516674 0.125899941
vt 0.869555652 0.1299126
vt 0.873949766 0.13532798
vt 0.881239414 0.128446907
vt 0.883962035 0.130993873
vt 0.878531575 0.138418585
vt 0.882965565 0.138850123
vt 0.886948943 0.131351262
vt 0.889935911 0.13170889
vt 0.887399673 0.139281541
vt 0.893917918 0.137194842
vt 0.89405632 0.129452854
vt 0.89817673 0.127196878
vt 0.90026176 0.133799955
vt 0.905488133 0.126419932
vt 0.900945783 0.122627504
vt 0.907640576 0.116112143
vt 0.901447117 0.11770919
vt 0.893928111 0.1103113
vt 0.896207094 0.101788081
vt 0.886409283 0.102913409
vt 0.892482102 0.0801355541
vt 0.882285833 0.0801355541
vt 0.897130966 0.0574016869
vt 0.884730816 0.0572018921
vt 0.89782244 0.038323909
vt 0.909083068 0.0380586684
vt 0.903432846 0.030233413
vt 0.918074071 0.0251431763
vt 0.916307807 0.0357752293
vt 0.923532605 0.0334915221
vt 0.932715297 0.0200528204
vt 0.927209973 0.0395570099
vt 0.938273609 0.0315846652
vt 0.93088752 0.0456222594
vt 0.941295147 0.0334165394
vt 0.937402308 0.0483525097
vt 0.943917334 0.0510827601
vt 0.944316685 0.0352484286
vt 0.952070594 0.034570381
vt 0.951295257 0.0481090844
vt 0.958673179 0.0451354086
vt 0.959824443 0.0338923037
vt 0.96595037 0.0285054743
vt 0.965374827 0.0400159657
vt 0.972076297 0.0348962992
vt 0.972076297 0.023118645
vt 0.868405461 0.123570472
vt 0.845842004 0.122164994
vt 0.850712299 0.131219476
vt 0.869555652 0.1299126
vt 0.855582714 0.140273839
vt 0.861909747 0.147191316
vt 0.870170832 0.140458196
vt 0.873949766 0.13532798
vt 0.878531575 0.138418585
vt 0.875305176 0.146049589
vt 0.868236721 0.154108912
vt 0.882965565 0.138850123
vt 0.878343523 0.158047527
vt 0.881451607 0.147800833
vt 0.887399673 0.139281541
vt 0.887598038 0.149552017
vt 0.888450325 0.161986202
vt 0.893917918 0.137194842
vt 0.899199843 0.160681158
vt 0.898810744 0.146257848
vt 0.90026176 0.133799955
vt 0.910023093 0.142963618
vt 0.909949124 0.159376234
vt 0.925057769 0.147170037
vt 0.905488133 0.126419932
vt 0.920088768 0.133921534
vt 0.931776345 0.138183087
vt 0.930154502 0.12487933
vt 0.938494921 0.129196256
vt 0.907640576 0.116112143
vt 0.947684884 0.121998936
vt 0.947701097 0.117915422
vt 0.972076297 0.124828368
vt 0.972076297 0.120759517
vt 0.896207094 0.101788081
vt 0.972016454 0.0792534053
vt 0.892482102 0.0801355541
vt 0.954122245 0.0607757866
vt 0.914461493 0.0528337061
vt 0.897130966 0.0574016869
vt 0.909083068 0.0380586684
vt 0.916307807 0.0357752293
vt 0.923532605 0.0334915221
vt 0.927209973 0.0395570099
vt 0.93088752 0.0456222594
vt 0.937402308 0.0483525097
vt 0.943917334 0.0510827601
vt 0.951295257 0.0481090844
vt 0.958673179 0.0451354086
vt 0.965374827 0.0400159657
vt 0.972076297 0.0348962992
vt 0.875141144 0.115945317
vt 0.868405461 0.123570472
vt 0.876829028 0.120922536
vt 0.878516674 0.125899941
vt 0.869555652 0.1299126
vt 0.873949766 0.13532798
vt 0.881239414 0.128446907
vt 0.883962035 0.130993873
vt 0.878531575 0.138418585
vt 0.882965565 0.138850123
vt 0.886948943 0.131351262
vt 0.889935911 0.13170889
vt 0.887399673 0.139281541
vt 0.893917918 0.137194842
vt 0.89405632 0.129452854
vt 0.89817673 0.127196878
vt 0.90026176 0.133799955
vt 0.905488133 0.126419932
vt 0.900945783 0.122627504
vt 0.907640576 0.116112143
vt 0.901447117 0.11770919
vt 0.893928111 0.1103113
vt 0.896207094 0.101788081
vt 0.886409283 0.102913409
vt 0.892482102 0.0801355541
vt 0.882285833 0.0801355541
vt 0.897130966 0.0574016869
vt 0.884730816 0.0572018921
vt 0.89782244 0.038323909
vt 0.909083068 0.0380586684
vt 0.903432846 0.030233413
vt 0.918074071 0.0251431763
vt 0.916307807 0.0357752293
vt 0.923532605 0.0334915221
vt 0.932715297 0.0200528204
vt 0.927209973 0.0395570099
vt 0.938273609 0.0315846652
vt 0.93088752 0.0456222594
vt 0.941295147 0.0334165394
vt 0.937402308 0.0483525097
vt 0.943917334 0.0510827601
vt 0.944316685 0.0352484286
vt 0.952070594 0.034570381
vt 0.951295257 0.0481090844
vt 0.958673179 0.0451354086
vt 0.959824443 0.0338923037
vt 0.96595037 0.0285054743
vt 0.965374827 0.0400159657
vt 0.972076297 0.0348962992
vt 0.972076297 0.023118645
vt 0.961776733 0.365347922
vt 0.972564816 0.371329427
vt 0.972564816 0.365347922
vt 0.962765694 0.371329427
vt 0.972564936 0.3789635
vt 0.957402945 0.390735596
vt 0.948968172 0.382270336
vt 0.945194483 0.378496826
vt 0.920571446 0.403300345
vt 0.924344778 0.407073677
vt 0.932399035 0.415156662
vt 0.921594024 0.43059051
vt 0.913303494 0.421208441
vt 0.907322288 0.420261502
vt 0.905872285 0.438840002
vt 0.911986828 0.438083827
vt 0.932398677 0.445013225
vt 0.924388409 0.45406872
vt 0.9206146 0.457841933
vt 0.945197344 0.48268646
vt 0.948970795 0.47891295
vt 0.957402945 0.470445395
vt 0.972564816 0.482132196
vt 0.962765694 0.489851594
vt 0.961776733 0.495833099
vt 0.972564816 0.489851594
vt 0.972564816 0.495833099
vt 0.957402945 0.470445395
vt 0.972564816 0.482132196
vt 0.972564936 0.3789635
vt 0.957402945 0.390735596
vt 0.932398677 0.445013225
vt 0.932399035 0.415156662
vt 0.921594024 0.43059051
vt 0.803038478 0.174747467
vt 0.803096354 0.170274019
vt 0.819844484 0.174964905
vt 0.808637023 0.163469672
vt 0.819070816 0.153409421
vt 0.830092311 0.175097555
vt 0.827029467 0.147398412
vt 0.83472544 0.148099214
vt 0.841687679 0.153684109
vt 0.851840675 0.164027631
vt 0.840340197 0.175230175
vt 0.85720402 0.170974225
vt 0.857146144 0.175447613
vt 0.961776733 0.365347922
vt 0.972564816 0.365347922
vt 0.972564816 0.371329427
vt 0.962765694 0.371329427
vt 0.972564936 0.3789635
vt 0.957402945 0.390735596
vt 0.948968172 0.382270336
vt 0.945194483 0.378496826
vt 0.920571446 0.403300345
vt 0.924344778 0.407073677
vt 0.932399035 0.415156662
vt 0.921594024 0.43059051
vt 0.913303494 0.421208441
vt 0.907322288 0.420261502
vt 0.905872285 0.438840002
vt 0.911986828 0.438083827
vt 0.932398677 0.445013225
vt 0.924388409 0.45406872
vt 0.9206146 0.457841933
vt 0.945197344 0.48268646
vt 0.948970795 0.47891295
vt 0.957402945 0.470445395
vt 0.972564816 0.482132196
vt 0.962765694 0.489851594
vt 0.961776733 0.495833099
vt 0.972564816 0.489851594
vt 0.972564816 0.495833099
vt 0.957402945 0.470445395
vt 0.972564936 0.3789635
vt 0.972564816 0.482132196
vt 0.957402945 0.390735596
vt 0.932398677 0.445013225
vt 0.932399035 0.415156662
vt 0.921594024 0.43059051
vt 0.803038478 0.174747467
vt 0.819844484 0.174964905
vt 0.803096354 0.170274019
vt 0.808637023 0.163469672
vt 0.819070816 0.153409421
vt 0.830092311 0.175097555
vt 0.827029467 0.147398412
vt 0.83472544 0.148099214
vt 0.841687679 0.153684109
vt 0.851840675 0.164027631
vt 0.840340197 0.175230175
vt 0.85720402 0.170974225
vt 0.857146144 0.175447613
vt 0.961776733 0.365347922
vt 0.972564816 0.365347922
vt 0.972564816 0.371329427
vt 0.962765694 0.371329427
vt 0.972564936 0.3789635
vt 0.957402945 0.390735596
vt 0.948968172 0.382270336
vt 0.945194483 0.378496826
vt 0.920571446 0.403300345
vt 0.924344778 0.407073677
vt 0.932399035 0.415156662
vt 0.921594024 0.43059051
vt 0.913303494 0.421208441
vt 0.907322288 0.420261502
vt 0.905872285 0.438840002
vt 0.911986828 0.438083827
vt 0.932398677 0.445013225
vt 0.924388409 0.45406872
vt 0.9206146 0.457841933
vt 0.945197344 0.48268646
vt 0.948970795 0.47891295
vt 0.957402945 0.470445395
vt 0.972564816 0.482132196
vt 0.962765694 0.489851594
vt 0.961776733 0.495833099
vt 0.972564816 0.489851594
vt 0.972564816 0.495833099
vt 0.957402945 0.470445395
vt 0.972564936 0.3789635
vt 0.972564816 0.482132196
vt 0.957402945 0.390735596
vt 0.932398677 0.445013225
vt 0.932399035 0.415156662
vt 0.921594024 0.43059051
vt 0.803038478 0.174747467
vt 0.819844484 0.174964905
vt 0.803096354 0.170274019
vt 0.808637023 0.163469672
vt 0.819070816 0.153409421
vt 0.830092311 0.175097555
vt 0.827029467 0.147398412
vt 0.83472544 0.148099214
vt 0.841687679 0.153684109
vt 0.851840675 0.164027631
vt 0.840340197 0.175230175
vt 0.85720402 0.170974225
vt 0.857146144 0.175447613
vt 0.961776733 0.365347922
vt 0.972564816 0.371329427
vt 0.972564816 0.365347922
vt 0.962765694 0.371329427
vt 0.972564936 0.3789635
vt 0.957402945 0.390735596
vt 0.948968172 0.382270336
vt 0.945194483 0.378496826
vt 0.920571446 0.403300345
vt 0.924344778 0.407073677
vt 0.932399035 0.415156662
vt 0.921594024 0.43059051
vt 0.913303494 0.421208441
vt 0.907322288 0.420261502
vt 0.905872285 0.438840002
vt 0.911986828 0.438083827
vt 0.932398677 0.445013225
vt 0.924388409 0.45406872
vt 0.9206146 0.457841933
vt 0.945197344 0.48268646
vt 0.948970795 0.47891295
vt 0.957402945 0.470445395
vt 0.972564816 0.482132196
vt 0.962765694 0.489851594
vt 0.961776733 0.495833099
vt 0.972564816 0.489851594
vt 0.972564816 0.495833099
vt 0.957402945 0.470445395
vt 0.972564816 0.482132196
vt 0.972564936 0.3789635
vt 0.957402945 0.390735596
vt 0.932398677 0.445013225
vt 0.932399035 0.415156662
vt 0.921594024 0.43059051
vt 0.803038478 0.174747467
vt 0.803096354 0.170274019
vt 0.819844484 0.174964905
vt 0.808637023 0.163469672
vt 0.819070816 0.153409421
vt 0.830092311 0.175097555
vt 0.827029467 0.147398412
vt 0.83472544 0.148099214
vt 0.841687679 0.153684109
vt 0.851840675 0.164027631
vt 0.840340197 0.175230175
vt 0.85720402 0.170974225
vt 0.857146144 0.175447613
vt 0.836683869 0.576083779
vt 0.864421368 0.576423883
vt 0.871320248 0.569109321
vt 0.82911557 0.567694724
vt 0.871543944 0.563860416
vt 0.82911998 0.562396049
vt 0.86948365 0.55363965
vt 0.831191003 0.553408504
vt 0.864777863 0.534213424
vt 0.835229635 0.534943223
vt 0.860972822 0.506209314
vt 0.836828768 0.506707668
vt 0.835984468 0.478674829
vt 0.859811127 0.477840006
vt 0.860097349 0.454754174
vt 0.834347069 0.456034839
vt 0.830135703 0.433246136
vt 0.863550484 0.431916893
vt 0.867272437 0.420042098
vt 0.825336754 0.4224042
vt 0.869297087 0.403887153
vt 0.819197714 0.40921855
vt 0.920718908 0.871839345
vt 0.955352068 0.852852762
vt 0.948604584 0.840546548
vt 0.913855314 0.856403589
vt 0.942735076 0.825060368
vt 0.908647537 0.839484453
vt 0.902737021 0.816560507
vt 0.935625434 0.802875459
vt 0.933708429 0.777490854
vt 0.894807935 0.793938994
vt 0.936082959 0.766432881
vt 0.888324618 0.788592517
vt 0.820283115 0.583159089
vt 0.836683869 0.576083779
vt 0.82911557 0.567694724
vt 0.813411355 0.570863426
vt 0.82911998 0.562396049
vt 0.812440932 0.563821793
vt 0.815330446 0.551626205
vt 0.831191003 0.553408504
vt 0.835229635 0.534943223
vt 0.822088838 0.532840252
vt 0.836828768 0.506707668
vt 0.825631082 0.505988598
vt 0.826362908 0.479249716
vt 0.835984468 0.478674829
vt 0.834347069 0.456034839
vt 0.823440552 0.458468437
vt 0.817774832 0.438594162
vt 0.830135703 0.433246136
vt 0.825336754 0.4224042
vt 0.810865521 0.429735065
vt 0.819197714 0.40921855
vt 0.800755024 0.412573159
vt 0.909385204 0.882794917
vt 0.920718908 0.871839345
vt 0.913855314 0.856403589
vt 0.900230885 0.862674356
vt 0.908647537 0.839484453
vt 0.896869183 0.843158484
vt 0.891739488 0.820773304
vt 0.902737021 0.816560507
vt 0.894807935 0.793938994
vt 0.882509351 0.800448358
vt 0.888324618 0.788592517
vt 0.876220584 0.793206692
vt 0.876878262 0.751559317
vt 0.882160306 0.729299545
vt 0.874137163 0.72268343
vt 0.864116669 0.750803351
vt 0.793975174 0.686626196
vt 0.82643795 0.656407356
vt 0.818929017 0.654645205
vt 0.806450307 0.621822298
vt 0.781524003 0.686584473
vt 0.789292812 0.652660966
vt 0.777800262 0.651087046
vt 0.793975174 0.686626196
vt 0.792046368 0.713500261
vt 0.779939234 0.713041067
vt 0.779085159 0.739910722
vt 0.791237414 0.73991847
vt 0.779790521 0.77042985
vt 0.791923881 0.769830823
vt 0.782708049 0.806663394
vt 0.79487896 0.805547357
vt 0.786353588 0.843001008
vt 0.798267424 0.841174364
vt 0.804685473 0.8719455
vt 0.792752266 0.874835014
vt 0.804158807 0.915171742
vt 0.815440595 0.91132015
vt 0.835596204 0.954207182
vt 0.815116167 0.938235402
vt 0.797691345 0.9615013
vt 0.800118983 0.966442049
vt 0.794441223 0.978840113
vt 0.813197732 0.977095485
vt 0.829801857 0.990413427
vt 0.847691596 0.971138954
vt 0.877378821 0.926745176
vt 0.885503054 0.941127062
vt 0.815440595 0.91132015
vt 0.85951221 0.891817808
vt 0.846811414 0.861414075
vt 0.804685473 0.8719455
vt 0.837304831 0.831244469
vt 0.798267424 0.841174364
vt 0.830868244 0.799325705
vt 0.79487896 0.805547357
vt 0.791923881 0.769830823
vt 0.828014255 0.764751077
vt 0.827189445 0.738221884
vt 0.791237414 0.73991847
vt 0.826920986 0.716008902
vt 0.792046368 0.713500261
vt 0.828875244 0.690512896
vt 0.793975174 0.686626196
vt 0.833693326 0.658325195
vt 0.82643795 0.656407356
vt 0.806450307 0.621822298
vt 0.835662484 0.636897326
vt 0.838306248 0.627614737
vt 0.810526967 0.613699198
vt 0.819197714 0.40921855
vt 0.869297087 0.403887153
vt 0.868834615 0.399622977
vt 0.819009542 0.405013412
vt 0.800755024 0.412573159
vt 0.819197714 0.40921855
vt 0.819009542 0.405013412
vt 0.799813867 0.406766474
vt 0.819009542 0.405013412
vt 0.868834615 0.399622977
vt 0.864201486 0.384316057
vt 0.818441629 0.38570708
vt 0.799813867 0.406766474
vt 0.819009542 0.405013412
vt 0.818441629 0.38570708
vt 0.803628981 0.386707604
vt 0.792025566 0.616392255
vt 0.810526967 0.613699198
vt 0.795377672 0.607977688
vt 0.806450307 0.621822298
vt 0.777800262 0.651087046
vt 0.789292812 0.652660966
vt 0.789292812 0.652660966
vt 0.818929017 0.654645205
vt 0.806450307 0.621822298
vt 0.793975174 0.686626196
vt 0.92780447 0.880574703
vt 0.96024096 0.860465407
vt 0.955352068 0.852852762
vt 0.920718908 0.871839345
vt 0.92780447 0.880574703
vt 0.920718908 0.871839345
vt 0.909385204 0.882794917
vt 0.918324709 0.889413416
vt 0.888324618 0.788592517
vt 0.936082959 0.766432881
vt 0.933551788 0.760440588
vt 0.885957479 0.782638013
vt 0.876220584 0.793206692
vt 0.888324618 0.788592517
vt 0.885957479 0.782638013
vt 0.873053551 0.785973668
vt 0.933026791 0.754871368
vt 0.885957479 0.782638013
vt 0.933551788 0.760440588
vt 0.886647463 0.773529053
vt 0.930204272 0.738405466
vt 0.906718731 0.739212096
vt 0.881884813 0.76084584
vt 0.929793954 0.710090935
vt 0.882160306 0.729299545
vt 0.876878262 0.751559317
vt 0.88790977 0.716740191
vt 0.901846051 0.713602424
vt 0.88790977 0.716740191
vt 0.889600515 0.710681736
vt 0.893137336 0.687923551
vt 0.93198216 0.690396249
vt 0.905369163 0.690505266
vt 0.905369163 0.690505266
vt 0.896620035 0.665513158
vt 0.908838511 0.667761028
vt 0.908838511 0.667761028
vt 0.934136987 0.671002388
vt 0.913267076 0.643676996
vt 0.901085615 0.641160905
vt 0.904711723 0.621386766
vt 0.916863084 0.624120712
vt 0.937936723 0.647730112
vt 0.913267076 0.643676996
vt 0.914948881 0.582477152
vt 0.926947117 0.585754395
vt 0.916863084 0.624120712
vt 0.941021979 0.628833115
vt 0.950456619 0.591661394
vt 0.926947117 0.585754395
vt 0.935541391 0.554984748
vt 0.923595488 0.551467121
vt 0.93265152 0.521825075
vt 0.944553852 0.525483191
vt 0.959979057 0.559286594
vt 0.935541391 0.554984748
vt 0.944553852 0.525483191
vt 0.970188975 0.529221475
vt 0.886647463 0.773529053
vt 0.873053551 0.785973668
vt 0.885957479 0.782638013
vt 0.872600675 0.776136279
vt 0.881884813 0.76084584
vt 0.868822694 0.763249218
vt 0.876878262 0.751559317
vt 0.864116669 0.750803351
vt 0.970188975 0.529221475
vt 0.97186482 0.562998712
vt 0.981927037 0.533160746
vt 0.959979057 0.559286594
vt 0.962513328 0.594896078
vt 0.950456619 0.591661394
vt 0.941021979 0.628833115
vt 0.953180194 0.631297827
vt 0.950196743 0.649784505
vt 0.937936723 0.647730112
vt 0.946522593 0.672551274
vt 0.934136987 0.671002388
vt 0.93198216 0.690396249
vt 0.944396973 0.691338301
vt 0.942238331 0.710416853
vt 0.929793954 0.710090935
vt 0.942643762 0.736528397
vt 0.930204272 0.738405466
vt 0.933026791 0.754871368
vt 0.94519031 0.75124079
vt 0.933551788 0.760440588
vt 0.946717024 0.755429089
vt 0.852932334 0.632296562
vt 0.838306248 0.627614737
vt 0.835662484 0.636897326
vt 0.850056052 0.641049743
vt 0.833693326 0.658325195
vt 0.845699966 0.660600424
vt 0.828875244 0.690512896
vt 0.840964258 0.6917665
vt 0.826920986 0.716008902
vt 0.839043856 0.71645999
vt 0.839358568 0.73799932
vt 0.827189445 0.738221884
vt 0.828014255 0.764751077
vt 0.840160489 0.763976932
vt 0.830868244 0.799325705
vt 0.84284091 0.797573924
vt 0.8491925 0.828172684
vt 0.837304831 0.831244469
vt 0.846811414 0.861414075
vt 0.858132124 0.857227325
vt 0.870559633 0.886561155
vt 0.85951221 0.891817808
vt 0.877378821 0.926745176
vt 0.8880651 0.92097789
vt 0.896162808 0.935333133
vt 0.885503054 0.941127062
vt 0.886815488 0.572678208
vt 0.864421368 0.576423883
vt 0.880205035 0.583843827
vt 0.871320248 0.569109321
vt 0.871543944 0.563860416
vt 0.888158798 0.565633059
vt 0.885374725 0.552077591
vt 0.86948365 0.55363965
vt 0.877826035 0.531780243
vt 0.864777863 0.534213424
vt 0.860972822 0.506209314
vt 0.872107863 0.504715204
vt 0.869470119 0.477758706
vt 0.859811127 0.477840006
vt 0.860097349 0.454754174
vt 0.871174634 0.456541836
vt 0.876486063 0.435488254
vt 0.863550484 0.431916893
vt 0.882914424 0.423875302
vt 0.867272437 0.420042098
vt 0.888795137 0.40323469
vt 0.869297087 0.403887153
vt 0.887901127 0.397354305
vt 0.868834615 0.399622977
vt 0.869297087 0.403887153
vt 0.888795137 0.40323469
vt 0.864201486 0.384316057
vt 0.868834615 0.399622977
vt 0.887901127 0.397354305
vt 0.877352417 0.379608452
vt 0.971451521 0.850768507
vt 0.955352068 0.852852762
vt 0.96024096 0.860465407
vt 0.972398043 0.858391345
vt 0.963047385 0.834914088
vt 0.955352068 0.852852762
vt 0.971451521 0.850768507
vt 0.948604584 0.840546548
vt 0.942735076 0.825060368
vt 0.954477787 0.820938408
vt 0.947455287 0.801066697
vt 0.935625434 0.802875459
vt 0.947297812 0.776678145
vt 0.933708429 0.777490854
vt 0.949098945 0.763381541
vt 0.936082959 0.766432881
vt 0.933551788 0.760440588
vt 0.936082959 0.766432881
vt 0.949098945 0.763381541
vt 0.946717024 0.755429089
vt 0.836683869 0.576083779
vt 0.82911557 0.567694724
vt 0.871320248 0.569109321
vt 0.864421368 0.576423883
vt 0.920718908 0.871839345
vt 0.948604584 0.840546548
vt 0.955352068 0.852852762
vt 0.913855314 0.856403589
vt 0.942735076 0.825060368
vt 0.908647537 0.839484453
vt 0.902737021 0.816560507
vt 0.935625434 0.802875459
vt 0.933708429 0.777490854
vt 0.894807935 0.793938994
vt 0.936082959 0.766432881
vt 0.888324618 0.788592517
vt 0.820283115 0.583159089
vt 0.813411355 0.570863426
vt 0.82911557 0.567694724
vt 0.836683869 0.576083779
vt 0.909385204 0.882794917
vt 0.913855314 0.856403589
vt 0.920718908 0.871839345
vt 0.900230885 0.862674356
vt 0.908647537 0.839484453
vt 0.896869183 0.843158484
vt 0.891739488 0.820773304
vt 0.902737021 0.816560507
vt 0.894807935 0.793938994
vt 0.882509351 0.800448358
vt 0.888324618 0.788592517
vt 0.876220584 0.793206692
vt 0.876878262 0.751559317
vt 0.864116669 0.750803351
vt 0.874137163 0.72268343
vt 0.882160306 0.729299545
vt 0.793975174 0.686626196
vt 0.818929017 0.654645205
vt 0.82643795 0.656407356
vt 0.806450307 0.621822298
vt 0.781524003 0.686584473
vt 0.777800262 0.651087046
vt 0.789292812 0.652660966
vt 0.793975174 0.686626196
vt 0.792046368 0.713500261
vt 0.779939234 0.713041067
vt 0.779085159 0.739910722
vt 0.791237414 0.73991847
vt 0.779790521 0.77042985
vt 0.791923881 0.769830823
vt 0.782708049 0.806663394
vt 0.79487896 0.805547357
vt 0.786353588 0.843001008
vt 0.798267424 0.841174364
vt 0.804685473 0.8719455
vt 0.792752266 0.874835014
vt 0.804158807 0.915171742
vt 0.815440595 0.91132015
vt 0.835596204 0.954207182
vt 0.815116167 0.938235402
vt 0.797691345 0.9615013
vt 0.800118983 0.966442049
vt 0.794441223 0.978840113
vt 0.813197732 0.977095485
vt 0.829801857 0.990413427
vt 0.847691596 0.971138954
vt 0.877378821 0.926745176
vt 0.885503054 0.941127062
vt 0.815440595 0.91132015
vt 0.85951221 0.891817808
vt 0.846811414 0.861414075
vt 0.804685473 0.8719455
vt 0.837304831 0.831244469
vt 0.798267424 0.841174364
vt 0.830868244 0.799325705
vt 0.79487896 0.805547357
vt 0.791923881 0.769830823
vt 0.828014255 0.764751077
vt 0.827189445 0.738221884
vt 0.791237414 0.73991847
vt 0.826920986 0.716008902
vt 0.792046368 0.713500261
vt 0.828875244 0.690512896
vt 0.793975174 0.686626196
vt 0.833693326 0.658325195
vt 0.82643795 0.656407356
vt 0.806450307 0.621822298
vt 0.835662484 0.636897326
vt 0.838306248 0.627614737
vt 0.810526967 0.613699198
vt 0.82911998 0.562396049
vt 0.86948365 0.55363965
vt 0.871543944 0.563860416
vt 0.831191003 0.553408504
vt 0.864777863 0.534213424
vt 0.835229635 0.534943223
vt 0.860972822 0.506209314
vt 0.836828768 0.506707668
vt 0.835984468 0.478674829
vt 0.859811127 0.477840006
vt 0.860097349 0.454754174
vt 0.834347069 0.456034839
vt 0.830135703 0.433246136
vt 0.863550484 0.431916893
vt 0.867272437 0.420042098
vt 0.825336754 0.4224042
vt 0.869297087 0.403887153
vt 0.819197714 0.40921855
vt 0.82911998 0.562396049
vt 0.812440932 0.563821793
vt 0.815330446 0.551626205
vt 0.831191003 0.553408504
vt 0.835229635 0.534943223
vt 0.822088838 0.532840252
vt 0.836828768 0.506707668
vt 0.825631082 0.505988598
vt 0.826362908 0.479249716
vt 0.835984468 0.478674829
vt 0.834347069 0.456034839
vt 0.823440552 0.458468437
vt 0.817774832 0.438594162
vt 0.830135703 0.433246136
vt 0.825336754 0.4224042
vt 0.810865521 0.429735065
vt 0.819197714 0.40921855
vt 0.800755024 0.412573159
vt 0.82911557 0.567694724
vt 0.82911998 0.562396049
vt 0.871543944 0.563860416
vt 0.871320248 0.569109321
vt 0.813411355 0.570863426
vt 0.812440932 0.563821793
vt 0.82911998 0.562396049
vt 0.82911557 0.567694724
vt 0.819197714 0.40921855
vt 0.819009542 0.405013412
vt 0.868834615 0.399622977
vt 0.869297087 0.403887153
vt 0.800755024 0.412573159
vt 0.799813867 0.406766474
vt 0.819009542 0.405013412
vt 0.819197714 0.40921855
vt 0.819009542 0.405013412
vt 0.818441629 0.38570708
vt 0.864201486 0.384316057
vt 0.868834615 0.399622977
vt 0.799813867 0.406766474
vt 0.803628981 0.386707604
vt 0.818441629 0.38570708
vt 0.819009542 0.405013412
vt 0.792025566 0.616392255
vt 0.795377672 0.607977688
vt 0.810526967 0.613699198
vt 0.806450307 0.621822298
vt 0.777800262 0.651087046
vt 0.789292812 0.652660966
vt 0.789292812 0.652660966
vt 0.806450307 0.621822298
vt 0.818929017 0.654645205
vt 0.793975174 0.686626196
vt 0.92780447 0.880574703
vt 0.920718908 0.871839345
vt 0.955352068 0.852852762
vt 0.96024096 0.860465407
vt 0.92780447 0.880574703
vt 0.918324709 0.889413416
vt 0.909385204 0.882794917
vt 0.920718908 0.871839345
vt 0.888324618 0.788592517
vt 0.885957479 0.782638013
vt 0.933551788 0.760440588
vt 0.936082959 0.766432881
vt 0.876220584 0.793206692
vt 0.873053551 0.785973668
vt 0.885957479 0.782638013
vt 0.888324618 0.788592517
vt 0.933026791 0.754871368
vt 0.933551788 0.760440588
vt 0.885957479 0.782638013
vt 0.886647463 0.773529053
vt 0.930204272 0.738405466
vt 0.906718731 0.739212096
vt 0.881884813 0.76084584
vt 0.929793954 0.710090935
vt 0.882160306 0.729299545
vt 0.876878262 0.751559317
vt 0.901846051 0.713602424
vt 0.93198216 0.690396249
vt 0.905369163 0.690505266
vt 0.908838511 0.667761028
vt 0.934136987 0.671002388
vt 0.937936723 0.647730112
vt 0.913267076 0.643676996
vt 0.916863084 0.624120712
vt 0.941021979 0.628833115
vt 0.950456619 0.591661394
vt 0.926947117 0.585754395
vt 0.959979057 0.559286594
vt 0.935541391 0.554984748
vt 0.944553852 0.525483191
vt 0.970188975 0.529221475
vt 0.886647463 0.773529053
vt 0.885957479 0.782638013
vt 0.873053551 0.785973668
vt 0.872600675 0.776136279
vt 0.881884813 0.76084584
vt 0.868822694 0.763249218
vt 0.876878262 0.751559317
vt 0.864116669 0.750803351
vt 0.88790977 0.716740191
vt 0.901846051 0.713602424
vt 0.906718731 0.739212096
vt 0.889600515 0.710681736
vt 0.893137336 0.687923551
vt 0.905369163 0.690505266
vt 0.896620035 0.665513158
vt 0.908838511 0.667761028
vt 0.913267076 0.643676996
vt 0.901085615 0.641160905
vt 0.904711723 0.621386766
vt 0.916863084 0.624120712
vt 0.914948881 0.582477152
vt 0.926947117 0.585754395
vt 0.935541391 0.554984748
vt 0.923595488 0.551467121
vt 0.93265152 0.521825075
vt 0.944553852 0.525483191
vt 0.970188975 0.529221475
vt 0.981927037 0.533160746
vt 0.97186482 0.562998712
vt 0.959979057 0.559286594
vt 0.962513328 0.594896078
vt 0.950456619 0.591661394
vt 0.941021979 0.628833115
vt 0.953180194 0.631297827
vt 0.950196743 0.649784505
vt 0.937936723 0.647730112
vt 0.946522593 0.672551274
vt 0.934136987 0.671002388
vt 0.93198216 0.690396249
vt 0.944396973 0.691338301
vt 0.942238331 0.710416853
vt 0.929793954 0.710090935
vt 0.942643762 0.736528397
vt 0.930204272 0.738405466
vt 0.933026791 0.754871368
vt 0.94519031 0.75124079
vt 0.933551788 0.760440588
vt 0.946717024 0.755429089
vt 0.852932334 0.632296562
vt 0.835662484 0.636897326
vt 0.838306248 0.627614737
vt 0.850056052 0.641049743
vt 0.833693326 0.658325195
vt 0.845699966 0.660600424
vt 0.828875244 0.690512896
vt 0.840964258 0.6917665
vt 0.826920986 0.716008902
vt 0.839043856 0.71645999
vt 0.839358568 0.73799932
vt 0.827189445 0.738221884
vt 0.828014255 0.764751077
vt 0.840160489 0.763976932
vt 0.830868244 0.799325705
vt 0.84284091 0.797573924
vt 0.8491925 0.828172684
vt 0.837304831 0.831244469
vt 0.846811414 0.861414075
vt 0.858132124 0.857227325
vt 0.870559633 0.886561155
vt 0.85951221 0.891817808
vt 0.877378821 0.926745176
vt 0.8880651 0.92097789
vt 0.896162808 0.935333133
vt 0.885503054 0.941127062
vt 0.886815488 0.572678208
vt 0.880205035 0.583843827
vt 0.864421368 0.576423883
vt 0.871320248 0.569109321
vt 0.871543944 0.563860416
vt 0.888158798 0.565633059
vt 0.886815488 0.572678208
vt 0.871320248 0.569109321
vt 0.885374725 0.552077591
vt 0.888158798 0.565633059
vt 0.871543944 0.563860416
vt 0.86948365 0.55363965
vt 0.877826035 0.531780243
vt 0.864777863 0.534213424
vt 0.860972822 0.506209314
vt 0.872107863 0.504715204
vt 0.869470119 0.477758706
vt 0.859811127 0.477840006
vt 0.860097349 0.454754174
vt 0.871174634 0.456541836
vt 0.876486063 0.435488254
vt 0.863550484 0.431916893
vt 0.882914424 0.423875302
vt 0.867272437 0.420042098
vt 0.888795137 0.40323469
vt 0.869297087 0.403887153
vt 0.887901127 0.397354305
vt 0.888795137 0.40323469
vt 0.869297087 0.403887153
vt 0.868834615 0.399622977
vt 0.864201486 0.384316057
vt 0.877352417 0.379608452
vt 0.887901127 0.397354305
vt 0.868834615 0.399622977
vt 0.971451521 0.850768507
vt 0.972398043 0.858391345
vt 0.96024096 0.860465407
vt 0.955352068 0.852852762
vt 0.963047385 0.834914088
vt 0.971451521 0.850768507
vt 0.955352068 0.852852762
vt 0.948604584 0.840546548
vt 0.942735076 0.825060368
vt 0.954477787 0.820938408
vt 0.947455287 0.801066697
vt 0.935625434 0.802875459
vt 0.947297812 0.776678145
vt 0.933708429 0.777490854
vt 0.949098945 0.763381541
vt 0.936082959 0.766432881
vt 0.933551788 0.760440588
vt 0.946717024 0.755429089
vt 0.949098945 0.763381541
vt 0.936082959 0.766432881
vt 0.836683869 0.576083779
vt 0.871320248 0.569109321
vt 0.864421368 0.576423883
vt 0.82911557 0.567694724
vt 0.871543944 0.563860416
vt 0.82911998 0.562396049
vt 0.86948365 0.55363965
vt 0.831191003 0.553408504
vt 0.864777863 0.534213424
vt 0.835229635 0.534943223
vt 0.860972822 0.506209314
vt 0.836828768 0.506707668
vt 0.835984468 0.478674829
vt 0.859811127 0.477840006
vt 0.860097349 0.454754174
vt 0.834347069 0.456034839
vt 0.830135703 0.433246136
vt 0.863550484 0.431916893
vt 0.867272437 0.420042098
vt 0.825336754 0.4224042
vt 0.869297087 0.403887153
vt 0.819197714 0.40921855
vt 0.920718908 0.871839345
vt 0.948604584 0.840546548
vt 0.955352068 0.852852762
vt 0.913855314 0.856403589
vt 0.942735076 0.825060368
vt 0.908647537 0.839484453
vt 0.902737021 0.816560507
vt 0.935625434 0.802875459
vt 0.933708429 0.777490854
vt 0.894807935 0.793938994
vt 0.936082959 0.766432881
vt 0.888324618 0.788592517
vt 0.820283115 0.583159089
vt 0.82911557 0.567694724
vt 0.836683869 0.576083779
vt 0.813411355 0.570863426
vt 0.82911998 0.562396049
vt 0.812440932 0.563821793
vt 0.815330446 0.551626205
vt 0.831191003 0.553408504
vt 0.835229635 0.534943223
vt 0.822088838 0.532840252
vt 0.836828768 0.506707668
vt 0.825631082 0.505988598
vt 0.826362908 0.479249716
vt 0.835984468 0.478674829
vt 0.834347069 0.456034839
vt 0.823440552 0.458468437
vt 0.817774832 0.438594162
vt 0.830135703 0.433246136
vt 0.825336754 0.4224042
vt 0.810865521 0.429735065
vt 0.819197714 0.40921855
vt 0.800755024 0.412573159
vt 0.909385204 0.882794917
vt 0.913855314 0.856403589
vt 0.920718908 0.871839345
vt 0.900230885 0.862674356
vt 0.908647537 0.839484453
vt 0.896869183 0.843158484
vt 0.891739488 0.820773304
vt 0.902737021 0.816560507
vt 0.894807935 0.793938994
vt 0.882509351 0.800448358
vt 0.888324618 0.788592517
vt 0.876220584 0.793206692
vt 0.876878262 0.751559317
vt 0.864116669 0.750803351
vt 0.874137163 0.72268343
vt 0.882160306 0.729299545
vt 0.793975174 0.686626196
vt 0.818929017 0.654645205
vt 0.82643795 0.656407356
vt 0.806450307 0.621822298
vt 0.781524003 0.686584473
vt 0.777800262 0.651087046
vt 0.789292812 0.652660966
vt 0.793975174 0.686626196
vt 0.792046368 0.713500261
vt 0.779939234 0.713041067
vt 0.779085159 0.739910722
vt 0.791237414 0.73991847
vt 0.779790521 0.77042985
vt 0.791923881 0.769830823
vt 0.782708049 0.806663394
vt 0.79487896 0.805547357
vt 0.786353588 0.843001008
vt 0.798267424 0.841174364
vt 0.804685473 0.8719455
vt 0.792752266 0.874835014
vt 0.804158807 0.915171742
vt 0.815440595 0.91132015
vt 0.835596204 0.954207182
vt 0.815116167 0.938235402
vt 0.797691345 0.9615013
vt 0.800118983 0.966442049
vt 0.794441223 0.978840113
vt 0.813197732 0.977095485
vt 0.829801857 0.990413427
vt 0.847691596 0.971138954
vt 0.877378821 0.926745176
vt 0.885503054 0.941127062
vt 0.815440595 0.91132015
vt 0.85951221 0.891817808
vt 0.846811414 0.861414075
vt 0.804685473 0.8719455
vt 0.837304831 0.831244469
vt 0.798267424 0.841174364
vt 0.830868244 0.799325705
vt 0.79487896 0.805547357
vt 0.791923881 0.769830823
vt 0.828014255 0.764751077
vt 0.827189445 0.738221884
vt 0.791237414 0.73991847
vt 0.826920986 0.716008902
vt 0.792046368 0.713500261
vt 0.828875244 0.690512896
vt 0.793975174 0.686626196
vt 0.833693326 0.658325195
vt 0.82643795 0.656407356
vt 0.806450307 0.621822298
vt 0.835662484 0.636897326
vt 0.838306248 0.627614737
vt 0.810526967 0.613699198
vt 0.819197714 0.40921855
vt 0.819009542 0.405013412
vt 0.868834615 0.399622977
vt 0.869297087 0.403887153
vt 0.800755024 0.412573159
vt 0.799813867 0.406766474
vt 0.819009542 0.405013412
vt 0.819197714 0.40921855
vt 0.819009542 0.405013412
vt 0.818441629 0.38570708
vt 0.864201486 0.384316057
vt 0.868834615 0.399622977
vt 0.799813867 0.406766474
vt 0.803628981 0.386707604
vt 0.818441629 0.38570708
vt 0.819009542 0.405013412
vt 0.792025566 0.616392255
vt 0.795377672 0.607977688
vt 0.810526967 0.613699198
vt 0.806450307 0.621822298
vt 0.777800262 0.651087046
vt 0.789292812 0.652660966
vt 0.789292812 0.652660966
vt 0.806450307 0.621822298
vt 0.818929017 0.654645205
vt 0.793975174 0.686626196
vt 0.92780447 0.880574703
vt 0.920718908 0.871839345
vt 0.955352068 0.852852762
vt 0.96024096 0.860465407
vt 0.92780447 0.880574703
vt 0.918324709 0.889413416
vt 0.909385204 0.882794917
vt 0.920718908 0.871839345
vt 0.888324618 0.788592517
vt 0.885957479 0.782638013
vt 0.933551788 0.760440588
vt 0.936082959 0.766432881
vt 0.876220584 0.793206692
vt 0.873053551 0.785973668
vt 0.885957479 0.782638013
vt 0.888324618 0.788592517
vt 0.933026791 0.754871368
vt 0.933551788 0.760440588
vt 0.885957479 0.782638013
vt 0.886647463 0.773529053
vt 0.930204272 0.738405466
vt 0.906718731 0.739212096
vt 0.881884813 0.76084584
vt 0.929793954 0.710090935
vt 0.882160306 0.729299545
vt 0.876878262 0.751559317
vt 0.88790977 0.716740191
vt 0.901846051 0.713602424
vt 0.93198216 0.690396249
vt 0.905369163 0.690505266
vt 0.908838511 0.667761028
vt 0.934136987 0.671002388
vt 0.937936723 0.647730112
vt 0.913267076 0.643676996
vt 0.916863084 0.624120712
vt 0.941021979 0.628833115
vt 0.950456619 0.591661394
vt 0.926947117 0.585754395
vt 0.959979057 0.559286594
vt 0.935541391 0.554984748
vt 0.944553852 0.525483191
vt 0.970188975 0.529221475
vt 0.886647463 0.773529053
vt 0.885957479 0.782638013
vt 0.873053551 0.785973668
vt 0.872600675 0.776136279
vt 0.881884813 0.76084584
vt 0.868822694 0.763249218
vt 0.876878262 0.751559317
vt 0.864116669 0.750803351
vt 0.88790977 0.716740191
vt 0.901846051 0.713602424
vt 0.906718731 0.739212096
vt 0.889600515 0.710681736
vt 0.893137336 0.687923551
vt 0.905369163 0.690505266
vt 0.896620035 0.665513158
vt 0.908838511 0.667761028
vt 0.913267076 0.643676996
vt 0.901085615 0.641160905
vt 0.904711723 0.621386766
vt 0.916863084 0.624120712
vt 0.914948881 0.582477152
vt 0.926947117 0.585754395
vt 0.935541391 0.554984748
vt 0.923595488 0.551467121
vt 0.93265152 0.521825075
vt 0.944553852 0.525483191
vt 0.970188975 0.529221475
vt 0.981927037 0.533160746
vt 0.97186482 0.562998712
vt 0.959979057 0.559286594
vt 0.962513328 0.594896078
vt 0.950456619 0.591661394
vt 0.941021979 0.628833115
vt 0.953180194 0.631297827
vt 0.950196743 0.649784505
vt 0.937936723 0.647730112
vt 0.946522593 0.672551274
vt 0.934136987 0.671002388
vt 0.93198216 0.690396249
vt 0.944396973 0.691338301
vt 0.942238331 0.710416853
vt 0.929793954 0.710090935
vt 0.942643762 0.736528397
vt 0.930204272 0.738405466
vt 0.933026791 0.754871368
vt 0.94519031 0.75124079
vt 0.933551788 0.760440588
vt 0.946717024 0.755429089
vt 0.852932334 0.632296562
vt 0.835662484 0.636897326
vt 0.838306248 0.627614737
vt 0.850056052 0.641049743
vt 0.833693326 0.658325195
vt 0.845699966 0.660600424
vt 0.828875244 0.690512896
vt 0.840964258 0.6917665
vt 0.826920986 0.716008902
vt 0.839043856 0.71645999
vt 0.839358568 0.73799932
vt 0.827189445 0.738221884
vt 0.828014255 0.764751077
vt 0.840160489 0.763976932
vt 0.830868244 0.799325705
vt 0.84284091 0.797573924
vt 0.8491925 0.828172684
vt 0.837304831 0.831244469
vt 0.846811414 0.861414075
vt 0.858132124 0.857227325
vt 0.870559633 0.886561155
vt 0.85951221 0.891817808
vt 0.877378821 0.926745176
vt 0.8880651 0.92097789
vt 0.896162808 0.935333133
vt 0.885503054 0.941127062
vt 0.886815488 0.572678208
vt 0.880205035 0.583843827
vt 0.864421368 0.576423883
vt 0.871320248 0.569109321
vt 0.871543944 0.563860416
vt 0.888158798 0.565633059
vt 0.885374725 0.552077591
vt 0.86948365 0.55363965
vt 0.877826035 0.531780243
vt 0.864777863 0.534213424
vt 0.860972822 0.506209314
vt 0.872107863 0.504715204
vt 0.869470119 0.477758706
vt 0.859811127 0.477840006
vt 0.860097349 0.454754174
vt 0.871174634 0.456541836
vt 0.876486063 0.435488254
vt 0.863550484 0.431916893
vt 0.882914424 0.423875302
vt 0.867272437 0.420042098
vt 0.888795137 0.40323469
vt 0.869297087 0.403887153
vt 0.887901127 0.397354305
vt 0.888795137 0.40323469
vt 0.869297087 0.403887153
vt 0.868834615 0.399622977
vt 0.864201486 0.384316057
vt 0.877352417 0.379608452
vt 0.887901127 0.397354305
vt 0.868834615 0.399622977
vt 0.971451521 0.850768507
vt 0.972398043 0.858391345
vt 0.96024096 0.860465407
vt 0.955352068 0.852852762
vt 0.963047385 0.834914088
vt 0.971451521 0.850768507
vt 0.955352068 0.852852762
vt 0.948604584 0.840546548
vt 0.942735076 0.825060368
vt 0.954477787 0.820938408
vt 0.947455287 0.801066697
vt 0.935625434 0.802875459
vt 0.947297812 0.776678145
vt 0.933708429 0.777490854
vt 0.949098945 0.763381541
vt 0.936082959 0.766432881
vt 0.933551788 0.760440588
vt 0.946717024 0.755429089
vt 0.949098945 0.763381541
vt 0.936082959 0.766432881
vt 0.836683869 0.576083779
vt 0.864421368 0.576423883
vt 0.871320248 0.569109321
vt 0.82911557 0.567694724
vt 0.920718908 0.871839345
vt 0.955352068 0.852852762
vt 0.948604584 0.840546548
vt 0.913855314 0.856403589
vt 0.942735076 0.825060368
vt 0.908647537 0.839484453
vt 0.902737021 0.816560507
vt 0.935625434 0.802875459
vt 0.933708429 0.777490854
vt 0.894807935 0.793938994
vt 0.936082959 0.766432881
vt 0.888324618 0.788592517
vt 0.820283115 0.583159089
vt 0.836683869 0.576083779
vt 0.82911557 0.567694724
vt 0.813411355 0.570863426
vt 0.909385204 0.882794917
vt 0.920718908 0.871839345
vt 0.913855314 0.856403589
vt 0.900230885 0.862674356
vt 0.908647537 0.839484453
vt 0.896869183 0.843158484
vt 0.891739488 0.820773304
vt 0.902737021 0.816560507
vt 0.894807935 0.793938994
vt 0.882509351 0.800448358
vt 0.888324618 0.788592517
vt 0.876220584 0.793206692
vt 0.876878262 0.751559317
vt 0.882160306 0.729299545
vt 0.874137163 0.72268343
vt 0.864116669 0.750803351
vt 0.793975174 0.686626196
vt 0.82643795 0.656407356
vt 0.818929017 0.654645205
vt 0.806450307 0.621822298
vt 0.781524003 0.686584473
vt 0.789292812 0.652660966
vt 0.777800262 0.651087046
vt 0.793975174 0.686626196
vt 0.792046368 0.713500261
vt 0.779939234 0.713041067
vt 0.779085159 0.739910722
vt 0.791237414 0.73991847
vt 0.779790521 0.77042985
vt 0.791923881 0.769830823
vt 0.782708049 0.806663394
vt 0.79487896 0.805547357
vt 0.786353588 0.843001008
vt 0.798267424 0.841174364
vt 0.804685473 0.8719455
vt 0.792752266 0.874835014
vt 0.804158807 0.915171742
vt 0.815440595 0.91132015
vt 0.835596204 0.954207182
vt 0.815116167 0.938235402
vt 0.797691345 0.9615013
vt 0.800118983 0.966442049
vt 0.794441223 0.978840113
vt 0.813197732 0.977095485
vt 0.829801857 0.990413427
vt 0.847691596 0.971138954
vt 0.877378821 0.926745176
vt 0.885503054 0.941127062
vt 0.815440595 0.91132015
vt 0.85951221 0.891817808
vt 0.846811414 0.861414075
vt 0.804685473 0.8719455
vt 0.837304831 0.831244469
vt 0.798267424 0.841174364
vt 0.830868244 0.799325705
vt 0.79487896 0.805547357
vt 0.791923881 0.769830823
vt 0.828014255 0.764751077
vt 0.827189445 0.738221884
vt 0.791237414 0.73991847
vt 0.826920986 0.716008902
vt 0.792046368 0.713500261
vt 0.828875244 0.690512896
vt 0.793975174 0.686626196
vt 0.833693326 0.658325195
vt 0.82643795 0.656407356
vt 0.806450307 0.621822298
vt 0.835662484 0.636897326
vt 0.838306248 0.627614737
vt 0.810526967 0.613699198
vt 0.82911998 0.562396049
vt 0.871543944 0.563860416
vt 0.86948365 0.55363965
vt 0.831191003 0.553408504
vt 0.864777863 0.534213424
vt 0.835229635 0.534943223
vt 0.860972822 0.506209314
vt 0.836828768 0.506707668
vt 0.835984468 0.478674829
vt 0.859811127 0.477840006
vt 0.860097349 0.454754174
vt 0.834347069 0.456034839
vt 0.830135703 0.433246136
vt 0.863550484 0.431916893
vt 0.867272437 0.420042098
vt 0.825336754 0.4224042
vt 0.869297087 0.403887153
vt 0.819197714 0.40921855
vt 0.82911998 0.562396049
vt 0.815330446 0.551626205
vt 0.812440932 0.563821793
vt 0.831191003 0.553408504
vt 0.835229635 0.534943223
vt 0.822088838 0.532840252
vt 0.836828768 0.506707668
vt 0.825631082 0.505988598
vt 0.826362908 0.479249716
vt 0.835984468 0.478674829
vt 0.834347069 0.456034839
vt 0.823440552 0.458468437
vt 0.817774832 0.438594162
vt 0.830135703 0.433246136
vt 0.825336754 0.4224042
vt 0.810865521 0.429735065
vt 0.819197714 0.40921855
vt 0.800755024 0.412573159
vt 0.82911557 0.567694724
vt 0.871320248 0.569109321
vt 0.871543944 0.563860416
vt 0.82911998 0.562396049
vt 0.813411355 0.570863426
vt 0.82911557 0.567694724
vt 0.82911998 0.562396049
vt 0.812440932 0.563821793
vt 0.819197714 0.40921855
vt 0.869297087 0.403887153
vt 0.868834615 0.399622977
vt 0.819009542 0.405013412
vt 0.800755024 0.412573159
vt 0.819197714 0.40921855
vt 0.819009542 0.405013412
vt 0.799813867 0.406766474
vt 0.819009542 0.405013412
vt 0.868834615 0.399622977
vt 0.864201486 0.384316057
vt 0.818441629 0.38570708
vt 0.799813867 0.406766474
vt 0.819009542 0.405013412
vt 0.818441629 0.38570708
vt 0.803628981 0.386707604
vt 0.792025566 0.616392255
vt 0.810526967 0.613699198
vt 0.795377672 0.607977688
vt 0.806450307 0.621822298
vt 0.777800262 0.651087046
vt 0.789292812 0.652660966
vt 0.789292812 0.652660966
vt 0.818929017 0.654645205
vt 0.806450307 0.621822298
vt 0.793975174 0.686626196
vt 0.92780447 0.880574703
vt 0.96024096 0.860465407
vt 0.955352068 0.852852762
vt 0.920718908 0.871839345
vt 0.92780447 0.880574703
vt 0.920718908 0.871839345
vt 0.909385204 0.882794917
vt 0.918324709 0.889413416
vt 0.888324618 0.788592517
vt 0.936082959 0.766432881
vt 0.933551788 0.760440588
vt 0.885957479 0.782638013
vt 0.876220584 0.793206692
vt 0.888324618 0.788592517
vt 0.885957479 0.782638013
vt 0.873053551 0.785973668
vt 0.933026791 0.754871368
vt 0.885957479 0.782638013
vt 0.933551788 0.760440588
vt 0.886647463 0.773529053
vt 0.930204272 0.738405466
vt 0.906718731 0.739212096
vt 0.881884813 0.76084584
vt 0.929793954 0.710090935
vt 0.882160306 0.729299545
vt 0.876878262 0.751559317
vt 0.901846051 0.713602424
vt 0.93198216 0.690396249
vt 0.905369163 0.690505266
vt 0.908838511 0.667761028
vt 0.934136987 0.671002388
vt 0.937936723 0.647730112
vt 0.913267076 0.643676996
vt 0.916863084 0.624120712
vt 0.941021979 0.628833115
vt 0.950456619 0.591661394
vt 0.926947117 0.585754395
vt 0.959979057 0.559286594
vt 0.935541391 0.554984748
vt 0.944553852 0.525483191
vt 0.970188975 0.529221475
vt 0.886647463 0.773529053
vt 0.873053551 0.785973668
vt 0.885957479 0.782638013
vt 0.872600675 0.776136279
vt 0.881884813 0.76084584
vt 0.868822694 0.763249218
vt 0.876878262 0.751559317
vt 0.864116669 0.750803351
vt 0.88790977 0.716740191
vt 0.906718731 0.739212096
vt 0.901846051 0.713602424
vt 0.889600515 0.710681736
vt 0.893137336 0.687923551
vt 0.905369163 0.690505266
vt 0.896620035 0.665513158
vt 0.908838511 0.667761028
vt 0.913267076 0.643676996
vt 0.901085615 0.641160905
vt 0.904711723 0.621386766
vt 0.916863084 0.624120712
vt 0.914948881 0.582477152
vt 0.926947117 0.585754395
vt 0.935541391 0.554984748
vt 0.923595488 0.551467121
vt 0.93265152 0.521825075
vt 0.944553852 0.525483191
vt 0.970188975 0.529221475
vt 0.97186482 0.562998712
vt 0.981927037 0.533160746
vt 0.959979057 0.559286594
vt 0.962513328 0.594896078
vt 0.950456619 0.591661394
vt 0.941021979 0.628833115
vt 0.953180194 0.631297827
vt 0.950196743 0.649784505
vt 0.937936723 0.647730112
vt 0.946522593 0.672551274
vt 0.934136987 0.671002388
vt 0.93198216 0.690396249
vt 0.944396973 0.691338301
vt 0.942238331 0.710416853
vt 0.929793954 0.710090935
vt 0.942643762 0.736528397
vt 0.930204272 0.738405466
vt 0.933026791 0.754871368
vt 0.94519031 0.75124079
vt 0.933551788 0.760440588
vt 0.946717024 0.755429089
vt 0.852932334 0.632296562
vt 0.838306248 0.627614737
vt 0.835662484 0.636897326
vt 0.850056052 0.641049743
vt 0.833693326 0.658325195
vt 0.845699966 0.660600424
vt 0.828875244 0.690512896
vt 0.840964258 0.6917665
vt 0.826920986 0.716008902
vt 0.839043856 0.71645999
vt 0.839358568 0.73799932
vt 0.827189445 0.738221884
vt 0.828014255 0.764751077
vt 0.840160489 0.763976932
vt 0.830868244 0.799325705
vt 0.84284091 0.797573924
vt 0.8491925 0.828172684
vt 0.837304831 0.831244469
vt 0.846811414 0.861414075
vt 0.858132124 0.857227325
vt 0.870559633 0.886561155
vt 0.85951221 0.891817808
vt 0.877378821 0.926745176
vt 0.8880651 0.92097789
vt 0.896162808 0.935333133
vt 0.885503054 0.941127062
vt 0.886815488 0.572678208
vt 0.871320248 0.569109321
vt 0.864421368 0.576423883
vt 0.880205035 0.583843827
vt 0.871543944 0.563860416
vt 0.871320248 0.569109321
vt 0.886815488 0.572678208
vt 0.888158798 0.565633059
vt 0.885374725 0.552077591
vt 0.871543944 0.563860416
vt 0.888158798 0.565633059
vt 0.86948365 0.55363965
vt 0.877826035 0.531780243
vt 0.864777863 0.534213424
vt 0.860972822 0.506209314
vt 0.872107863 0.504715204
vt 0.869470119 0.477758706
vt 0.859811127 0.477840006
vt 0.860097349 0.454754174
vt 0.871174634 0.456541836
vt 0.876486063 0.435488254
vt 0.863550484 0.431916893
vt 0.882914424 0.423875302
vt 0.867272437 0.420042098
vt 0.888795137 0.40323469
vt 0.869297087 0.403887153
vt 0.887901127 0.397354305
vt 0.868834615 0.399622977
vt 0.869297087 0.403887153
vt 0.888795137 0.40323469
vt 0.864201486 0.384316057
vt 0.868834615 0.399622977
vt 0.887901127 0.397354305
vt 0.877352417 0.379608452
vt 0.971451521 0.850768507
vt 0.955352068 0.852852762
vt 0.96024096 0.860465407
vt 0.972398043 0.858391345
vt 0.963047385 0.834914088
vt 0.955352068 0.852852762
vt 0.971451521 0.850768507
vt 0.948604584 0.840546548
vt 0.942735076 0.825060368
vt 0.954477787 0.820938408
vt 0.947455287 0.801066697
vt 0.935625434 0.802875459
vt 0.947297812 0.776678145
vt 0.933708429 0.777490854
vt 0.949098945 0.763381541
vt 0.936082959 0.766432881
vt 0.933551788 0.760440588
vt 0.936082959 0.766432881
vt 0.949098945 0.763381541
vt 0.946717024 0.755429089
vt 0.967515588 0.318787694
vt 0.958120108 0.340482533
vt 0.970648408 0.338304609
vt 0.956192851 0.322040021
vt 0.944602251 0.323928714
vt 0.944729567 0.342615247
vt 0.928291321 0.341849476
vt 0.931210279 0.324332148
vt 0.919355035 0.322252601
vt 0.912875533 0.33924979
vt 0.908129096 0.317629814
vt 0.896867037 0.333072931
vt 0.89304173 0.305289775
vt 0.878132343 0.306146353
vt 0.919566512 0.293820053
vt 0.90556097 0.288503379
vt 0.903245449 0.292672545
vt 0.90138495 0.296022207
vt 0.908129096 0.317629814
vt 0.89750278 0.300334573
vt 0.89304173 0.305289775
vt 0.919355035 0.322252601
vt 0.931210279 0.324332148
vt 0.925620079 0.294043362
vt 0.931673765 0.294266641
vt 0.9386971 0.292770714
vt 0.945720315 0.291274726
vt 0.944602251 0.323928714
vt 0.961803794 0.282985836
vt 0.956192851 0.322040021
vt 0.967515588 0.318787694
vt 0.973815441 0.275449306
vt 0.980158329 0.273646474
vt 0.971270442 0.255476654
vt 0.980158329 0.273646474
vt 0.97845304 0.25261426
vt 0.973815441 0.275449306
vt 0.957799911 0.262805432
vt 0.961803794 0.282985836
vt 0.945720315 0.291274726
vt 0.941401958 0.271345288
vt 0.9386971 0.292770714
vt 0.935074806 0.272790015
vt 0.928747535 0.274234742
vt 0.931673765 0.294266641
vt 0.925620079 0.294043362
vt 0.922564268 0.273969889
vt 0.916380525 0.273705095
vt 0.919566512 0.293820053
vt 0.897538185 0.274315387
vt 0.90556097 0.288503379
vt 0.903245449 0.292672545
vt 0.90556097 0.288503379
vt 0.897538185 0.274315387
vt 0.890205145 0.281715035
vt 0.90138495 0.296022207
vt 0.884313822 0.287660182
vt 0.89750278 0.300334573
vt 0.88143754 0.296262175
vt 0.89304173 0.305289775
vt 0.878132343 0.306146353
vt 0.967515588 0.318787694
vt 0.970648408 0.338304609
vt 0.958120108 0.340482533
vt 0.956192851 0.322040021
vt 0.944602251 0.323928714
vt 0.944729567 0.342615247
vt 0.928291321 0.341849476
vt 0.931210279 0.324332148
vt 0.919355035 0.322252601
vt 0.912875533 0.33924979
vt 0.908129096 0.317629814
vt 0.896867037 0.333072931
vt 0.89304173 0.305289775
vt 0.878132343 0.306146353
vt 0.919566512 0.293820053
vt 0.903245449 0.292672545
vt 0.90556097 0.288503379
vt 0.90138495 0.296022207
vt 0.908129096 0.317629814
vt 0.89750278 0.300334573
vt 0.89304173 0.305289775
vt 0.919355035 0.322252601
vt 0.931210279 0.324332148
vt 0.925620079 0.294043362
vt 0.931673765 0.294266641
vt 0.9386971 0.292770714
vt 0.945720315 0.291274726
vt 0.944602251 0.323928714
vt 0.961803794 0.282985836
vt 0.956192851 0.322040021
vt 0.967515588 0.318787694
vt 0.973815441 0.275449306
vt 0.980158329 0.273646474
vt 0.971270442 0.255476654
vt 0.97845304 0.25261426
vt 0.980158329 0.273646474
vt 0.973815441 0.275449306
vt 0.957799911 0.262805432
vt 0.961803794 0.282985836
vt 0.945720315 0.291274726
vt 0.941401958 0.271345288
vt 0.9386971 0.292770714
vt 0.935074806 0.272790015
vt 0.928747535 0.274234742
vt 0.931673765 0.294266641
vt 0.925620079 0.294043362
vt 0.922564268 0.273969889
vt 0.916380525 0.273705095
vt 0.919566512 0.293820053
vt 0.897538185 0.274315387
vt 0.90556097 0.288503379
vt 0.903245449 0.292672545
vt 0.897538185 0.274315387
vt 0.90556097 0.288503379
vt 0.890205145 0.281715035
vt 0.90138495 0.296022207
vt 0.884313822 0.287660182
vt 0.89750278 0.300334573
vt 0.88143754 0.296262175
vt 0.89304173 0.305289775
vt 0.878132343 0.306146353
vt 0.967515588 0.318787694
vt 0.970648408 0.338304609
vt 0.958120108 0.340482533
vt 0.956192851 0.322040021
vt 0.944602251 0.323928714
vt 0.944729567 0.342615247
vt 0.928291321 0.341849476
vt 0.931210279 0.324332148
vt 0.919355035 0.322252601
vt 0.912875533 0.33924979
vt 0.908129096 0.317629814
vt 0.896867037 0.333072931
vt 0.89304173 0.305289775
vt 0.878132343 0.306146353
vt 0.919566512 0.293820053
vt 0.903245449 0.292672545
vt 0.90556097 0.288503379
vt 0.90138495 0.296022207
vt 0.908129096 0.317629814
vt 0.89750278 0.300334573
vt 0.89304173 0.305289775
vt 0.919355035 0.322252601
vt 0.931210279 0.324332148
vt 0.925620079 0.294043362
vt 0.931673765 0.294266641
vt 0.9386971 0.292770714
vt 0.945720315 0.291274726
vt 0.944602251 0.323928714
vt 0.961803794 0.282985836
vt 0.956192851 0.322040021
vt 0.967515588 0.318787694
vt 0.973815441 0.275449306
vt 0.980158329 0.273646474
vt 0.971270442 0.255476654
vt 0.97845304 0.25261426
vt 0.980158329 0.273646474
vt 0.973815441 0.275449306
vt 0.957799911 0.262805432
vt 0.961803794 0.282985836
vt 0.945720315 0.291274726
vt 0.941401958 0.271345288
vt 0.9386971 0.292770714
vt 0.935074806 0.272790015
vt 0.928747535 0.274234742
vt 0.931673765 0.294266641
vt 0.925620079 0.294043362
vt 0.922564268 0.273969889
vt 0.916380525 0.273705095
vt 0.919566512 0.293820053
vt 0.897538185 0.274315387
vt 0.90556097 0.288503379
vt 0.903245449 0.292672545
vt 0.897538185 0.274315387
vt 0.90556097 0.288503379
vt 0.890205145 0.281715035
vt 0.90138495 0.296022207
vt 0.884313822 0.287660182
vt 0.89750278 0.300334573
vt 0.88143754 0.296262175
vt 0.89304173 0.305289775
vt 0.878132343 0.306146353
vt 0.967515588 0.318787694
vt 0.958120108 0.340482533
vt 0.970648408 0.338304609
vt 0.956192851 0.322040021
vt 0.944602251 0.323928714
vt 0.944729567 0.342615247
vt 0.928291321 0.341849476
vt 0.931210279 0.324332148
vt 0.919355035 0.322252601
vt 0.912875533 0.33924979
vt 0.908129096 0.317629814
vt 0.896867037 0.333072931
vt 0.89304173 0.305289775
vt 0.878132343 0.306146353
vt 0.919566512 0.293820053
vt 0.90556097 0.288503379
vt 0.903245449 0.292672545
vt 0.90138495 0.296022207
vt 0.908129096 0.317629814
vt 0.89750278 0.300334573
vt 0.89304173 0.305289775
vt 0.919355035 0.322252601
vt 0.931210279 0.324332148
vt 0.925620079 0.294043362
vt 0.931673765 0.294266641
vt 0.9386971 0.292770714
vt 0.945720315 0.291274726
vt 0.944602251 0.323928714
vt 0.961803794 0.282985836
vt 0.956192851 0.322040021
vt 0.967515588 0.318787694
vt 0.973815441 0.275449306
vt 0.980158329 0.273646474
vt 0.971270442 0.255476654
vt 0.980158329 0.273646474
vt 0.97845304 0.25261426
vt 0.973815441 0.275449306
vt 0.957799911 0.262805432
vt 0.961803794 0.282985836
vt 0.945720315 0.291274726
vt 0.941401958 0.271345288
vt 0.9386971 0.292770714
vt 0.935074806 0.272790015
vt 0.928747535 0.274234742
vt 0.931673765 0.294266641
vt 0.925620079 0.294043362
vt 0.922564268 0.273969889
vt 0.916380525 0.273705095
vt 0.919566512 0.293820053
vt 0.897538185 0.274315387
vt 0.90556097 0.288503379
vt 0.903245449 0.292672545
vt 0.90556097 0.288503379
vt 0.897538185 0.274315387
vt 0.890205145 0.281715035
vt 0.90138495 0.296022207
vt 0.884313822 0.287660182
vt 0.89750278 0.300334573
vt 0.88143754 0.296262175
vt 0.89304173 0.305289775
vt 0.878132343 0.306146353
vt 0.95096302 0.959165573
vt 0.968394697 0.952240229
vt 0.968394101 0.93571496
vt 0.950961888 0.930659235
vt 0.961350679 0.910807669
vt 0.93123889 0.910808206
vt 0.931238651 0.930659592
vt 0.950961888 0.930659235
vt 0.931239605 0.959165871
vt 0.95096302 0.959165573
vt 0.950961888 0.930659235
vt 0.931238651 0.930659592
vt 0.931241155 0.978671789
vt 0.961352885 0.978671312
vt 0.95096302 0.959165573
vt 0.931239605 0.959165871
vt 0.967287242 0.787259102
vt 0.987882257 0.810951114
vt 0.967287362 0.810951471
vt 0.988196194 0.787258744
vt 0.967285812 0.764536083
vt 0.987880766 0.764535725
vt 0.95096302 0.959165573
vt 0.950961888 0.930659235
vt 0.968394101 0.93571496
vt 0.968394697 0.952240229
vt 0.961350679 0.910807669
vt 0.950961888 0.930659235
vt 0.931238651 0.930659592
vt 0.93123889 0.910808206
vt 0.931239605 0.959165871
vt 0.931238651 0.930659592
vt 0.950961888 0.930659235
vt 0.95096302 0.959165573
vt 0.931241155 0.978671789
vt 0.931239605 0.959165871
vt 0.95096302 0.959165573
vt 0.961352885 0.978671312
vt 0.967287242 0.787259102
vt 0.967287362 0.810951471
vt 0.987882257 0.810951114
vt 0.988196194 0.787258744
vt 0.988196194 0.787258744
vt 0.987880766 0.764535725
vt 0.967285812 0.764536083
vt 0.967287242 0.787259102
vt 0.95096302 0.959165573
vt 0.950961888 0.930659235
vt 0.968394101 0.93571496
vt 0.968394697 0.952240229
vt 0.961350679 0.910807669
vt 0.950961888 0.930659235
vt 0.931238651 0.930659592
vt 0.93123889 0.910808206
vt 0.931239605 0.959165871
vt 0.931238651 0.930659592
vt 0.950961888 0.930659235
vt 0.95096302 0.959165573
vt 0.931241155 0.978671789
vt 0.931239605 0.959165871
vt 0.95096302 0.959165573
vt 0.961352885 0.978671312
vt 0.967287242 0.787259102
vt 0.967287362 0.810951471
vt 0.987882257 0.810951114
vt 0.988196194 0.787258744
vt 0.967285812 0.764536083
vt 0.987880766 0.764535725
vt 0.95096302 0.959165573
vt 0.968394697 0.952240229
vt 0.968394101 0.93571496
vt 0.950961888 0.930659235
vt 0.961350679 0.910807669
vt 0.93123889 0.910808206
vt 0.931238651 0.930659592
vt 0.950961888 0.930659235
vt 0.931239605 0.959165871
vt 0.95096302 0.959165573
vt 0.950961888 0.930659235
vt 0.931238651 0.930659592
vt 0.931241155 0.978671789
vt 0.961352885 0.978671312
vt 0.95096302 0.959165573
vt 0.931239605 0.959165871
vt 0.967287242 0.787259102
vt 0.987882257 0.810951114
vt 0.967287362 0.810951471
vt 0.988196194 0.787258744
vt 0.967285812 0.764536083
vt 0.987880766 0.764535725
vn -0 -0.0974088982 -0.995244443
vn -0 -0.0974088982 -0.995244443
vn -0 -0.0974088982 -0.995244443
vn -0 0.0974089056 -0.995244443
vn -0 0.0974088982 -0.995244443
vn -0 0.0974088982 -0.995244443
vn 0.470077455 0.391691387 0.790951967
vn 0.470077455 0.391691387 0.790951967
vn 0.470077455 0.391691387 0.790951967
vn -0.470077455 0.391691387 0.790951967
vn -0.470077455 0.391691387 0.790951967
vn -0.470077455 0.391691387 0.790951967
vn -0.470077366 -0.391689956 0.790952802
vn -0.470077336 -0.391689926 0.790952802
vn -0.470077336 -0.391689897 0.790952802
vn 0.470077336 -0.391689926 0.790952802
vn 0.470077366 -0.391689956 0.790952802
vn 0.470077336 -0.391689897 0.790952802
vn 0.470077157 0.391691267 -0.790952206
vn 0.470077097 0.391691267 -0.790952265
vn 0.470077157 0.391691238 -0.790952206
vn -0.470077157 0.391691267 -0.790952206
vn -0.470077157 0.391691238 -0.790952206
vn -0.470077097 0.391691267 -0.790952265
vn -0.470077366 -0.391689777 -0.790952861
vn -0.470077366 -0.391689777 -0.790952861
vn -0.470077366 -0.391689777 -0.790952861
vn 0.470077366 -0.391689777 -0.790952861
vn 0.470077366 -0.391689777 -0.790952861
vn 0.470077366 -0.391689777 -0.790952861
vn 0.470077366 0.391691238 -0.790952146
vn 0.470077306 0.391691238 -0.790952206
vn 0.470077306 0.391691327 -0.790952146
vn -0.470077306 0.391691238 -0.790952206
vn -0.470077366 0.391691238 -0.790952146
vn -0.470077306 0.391691327 -0.790952146
vn -0.470077366 -0.391689807 -0.790952861
vn -0.470077366 -0.391689807 -0.790952861
vn -0.470077366 -0.391689807 -0.790952861
vn 0.470077366 -0.391689807 -0.790952861
vn 0.470077366 -0.391689807 -0.790952861
vn 0.470077366 -0.391689807 -0.790952861
vn 0.470077097 0.391691297 0.790952206
vn 0.470077097 0.391691297 0.790952206
vn 0.470077068 0.391691297 0.790952206
vn -0.470077097 0.391691297 0.790952206
vn -0.470077068 0.391691297 0.790952206
vn -0.470077097 0.391691297 0.790952206
vn -0.470077336 -0.391689867 0.790952802
vn -0.470077336 -0.391689837 0.790952802
vn -0.470077336 -0.391689837 0.790952802
vn 0.470077336 -0.391689867 0.790952802
vn 0.470077336 -0.391689837 0.790952802
vn 0.470077336 -0.391689837 0.790952802
vn 0.47393173 0.456169784 0.753191769
vn 0.47393167 0.456169844 0.753191769
vn 0.47393167 0.456169784 0.753191769
vn -0.47393167 0.456169784 0.753191769
vn -0.47393167 0.456169844 0.753191769
vn -0.47393173 0.456169784 0.753191769
vn -0.473931998 -0.456170082 0.753191352
vn -0.473932087 -0.456170052 0.753191471
vn -0.473931968 -0.456170082 0.753191352
vn 0.473932087 -0.456170052 0.753191471
vn 0.473931998 -0.456170082 0.753191352
vn 0.473931968 -0.456170082 0.753191352
vn 0.473931491 0.456169784 -0.753191829
vn 0.473931491 0.456169784 -0.753191829
vn 0.473931521 0.456169814 -0.753191948
vn -0.473931491 0.456169784 -0.753191829
vn -0.473931521 0.456169814 -0.753191948
vn -0.473931491 0.456169784 -0.753191829
vn -0.473931909 -0.456170142 -0.753191471
vn -0.473931849 -0.456170142 -0.753191471
vn -0.473931849 -0.456170142 -0.753191471
vn 0.473931909 -0.456170142 -0.753191471
vn 0.473931849 -0.456170142 -0.753191471
vn 0.473931849 -0.456170142 -0.753191471
vn 0.47393173 0.456169784 -0.753191769
vn 0.47393167 0.456169844 -0.753191769
vn 0.47393167 0.456169784 -0.753191769
vn -0.473931313 0.456171095 -0.753191173
vn -0.473931313 0.456171095 -0.753191173
vn -0.473931342 0.456171125 -0.753191173
vn -0.473931611 -0.456171423 -0.753190815
vn -0.473931611 -0.456171453 -0.753190815
vn -0.47393164 -0.456171483 -0.753190756
vn 0.473932087 -0.456170052 -0.753191471
vn 0.473931998 -0.456170082 -0.753191352
vn 0.473931998 -0.456170022 -0.753191352
vn 0.473931491 0.456169784 0.753191829
vn 0.473931521 0.456169814 0.753191948
vn 0.473931491 0.456169784 0.753191829
vn -0.473931491 0.456169784 0.753191829
vn -0.473931491 0.456169784 0.753191829
vn -0.473931521 0.456169814 0.753191948
vn -0.473931909 -0.456170142 0.753191471
vn -0.473931849 -0.456170142 0.753191471
vn -0.473931849 -0.456170142 0.753191471
vn 0.473931909 -0.456170142 0.753191471
vn 0.473931849 -0.456170142 0.753191471
vn 0.473931849 -0.456170142 0.753191471
vn 0.473944485 0.456217796 0.753154635
vn 0.473944545 0.456217825 0.753154635
vn 0.473944545 0.456217796 0.753154635
vn -0.473944217 0.456217438 0.753155053
vn -0.473944217 0.456217498 0.753155053
vn -0.473944187 0.456217498 0.753154993
vn -0.473944157 -0.45621866 0.753154397
vn -0.473944128 -0.45621863 0.753154397
vn -0.473944128 -0.45621863 0.753154397
vn 0.473944396 -0.456218868 0.75315398
vn 0.473944455 -0.456218898 0.75315398
vn 0.473944396 -0.456218868 0.75315398
vn 0.473944545 0.456217825 -0.753154635
vn 0.473944545 0.456217796 -0.753154635
vn 0.473944485 0.456217736 -0.753154635
vn -0.473944217 0.456217498 -0.753154993
vn -0.473944217 0.456217438 -0.753155053
vn -0.473944187 0.456217498 -0.753154993
vn -0.473944128 -0.45621863 -0.753154397
vn -0.473944157 -0.45621866 -0.753154397
vn -0.473944128 -0.45621863 -0.753154397
vn 0.473944396 -0.456218868 -0.75315398
vn 0.473944396 -0.456218868 -0.75315398
vn 0.473944455 -0.456218898 -0.75315398
vn 0.473944455 0.456217796 -0.753154635
vn 0.473944485 0.456217796 -0.753154635
vn 0.473944545 0.456217736 -0.753154635
vn -0.473943949 0.456218839 -0.753154457
vn -0.473943889 0.456218839 -0.753154457
vn -0.473943889 0.456218839 -0.753154397
vn -0.4739438 -0.456219971 -0.753153801
vn -0.47394374 -0.456220001 -0.753153801
vn -0.47394374 -0.456219971 -0.753153801
vn 0.473944455 -0.456218898 -0.75315398
vn 0.473944396 -0.456218868 -0.75315398
vn 0.473944396 -0.456218868 -0.75315398
vn 0.473944694 0.456217647 0.753154576
vn 0.473944664 0.456217706 0.753154635
vn 0.473944634 0.456217736 0.753154576
vn -0.473944426 0.456217468 0.753154933
vn -0.473944426 0.456217468 0.753154933
vn -0.473944366 0.456217438 0.753154933
vn -0.473944128 -0.45621863 0.753154397
vn -0.473944128 -0.45621863 0.753154397
vn -0.473944157 -0.45621866 0.753154397
vn 0.473944396 -0.456218868 0.75315398
vn 0.473944455 -0.456218898 0.75315398
vn 0.473944396 -0.456218868 0.75315398
vn 0.494759887 0.294242114 0.817700565
vn 0.494759887 0.294242144 0.817700505
vn 0.494759887 0.294242144 0.817700565
vn -0.494759887 0.294242144 0.817700565
vn -0.494759887 0.294242144 0.817700505
vn -0.494759887 0.294242114 0.817700565
vn -0.479065299 -0.378957748 0.791762173
vn -0.479065359 -0.378957778 0.791762173
vn -0.479065359 -0.378957778 0.791762173
vn 0.479065359 -0.378957778 0.791762173
vn 0.479065299 -0.378957748 0.791762173
vn 0.479065359 -0.378957778 0.791762173
vn 0.4165335 0.247719646 -0.874719858
vn 0.41653356 0.24771969 -0.874719858
vn 0.4165335 0.247719675 -0.874719858
vn -0.4165335 0.247719646 -0.874719858
vn -0.4165335 0.247719675 -0.874719858
vn -0.41653356 0.24771969 -0.874719858
vn -0.407037914 -0.321981549 -0.854779422
vn -0.407037914 -0.321981579 -0.854779422
vn -0.407037914 -0.321981579 -0.854779422
vn 0.407037914 -0.321981549 -0.854779422
vn 0.407037914 -0.321981579 -0.854779422
vn 0.407037914 -0.321981579 -0.854779422
vn 0.494759887 0.294242114 -0.817700565
vn 0.494759887 0.294242144 -0.817700565
vn 0.494759887 0.294242144 -0.817700505
vn -0.494759887 0.294242144 -0.817700565
vn -0.494759887 0.294242114 -0.817700565
vn -0.494759887 0.294242144 -0.817700505
vn -0.479065299 -0.378957748 -0.791762173
vn -0.479065388 -0.378957778 -0.791762173
vn -0.479065359 -0.378957778 -0.791762173
vn 0.479065359 -0.378957778 -0.791762173
vn 0.479065388 -0.378957778 -0.791762173
vn 0.479065299 -0.378957748 -0.791762173
vn 0.41653356 0.24771969 0.874719858
vn 0.4165335 0.247719675 0.874719858
vn 0.4165335 0.24771969 0.874719739
vn -0.41653356 0.24771969 0.874719858
vn -0.4165335 0.24771969 0.874719739
vn -0.4165335 0.247719675 0.874719858
vn -0.407037944 -0.321981579 0.854779422
vn -0.407038003 -0.321981609 0.854779422
vn -0.407038033 -0.321981609 0.854779422
vn 0.407037944 -0.321981579 0.854779422
vn 0.407038033 -0.321981609 0.854779422
vn 0.407038003 -0.321981609 0.854779422
vn -0.173712954 -0.818273842 0.547952235
vn -0.173712939 -0.818273842 0.547952294
vn -0.173712954 -0.818273842 0.547952354
vn 0.17371282 -0.81827414 0.547951877
vn 0.17371282 -0.818274081 0.547951877
vn 0.173712805 -0.818274081 0.547951877
vn -0.173712954 -0.818273842 -0.547952235
vn -0.173712984 -0.818273842 -0.547952354
vn -0.173712984 -0.818273842 -0.547952294
vn 0.17371285 -0.81827414 -0.547951877
vn 0.173712835 -0.818274081 -0.547951877
vn 0.17371282 -0.818274081 -0.547951877
vn -0 -1 0
vn -0 -1 0
vn -0 -1 0
vn 1 0 0
vn 1 0 0
vn 1 0 0
vn -0 -1 0
vn -0 -1 0
vn -0 -1 0
vn -0.634427249 -0.390370399 0.667167902
vn -0.634427249 -0.390370429 0.667167962
vn -0.634427249 -0.390370429 0.667167962
vn -1 0 0
vn -1 0 0
vn -1 0 0
vn -0 -1 0
vn -0 -1 0
vn -0 -1 0
vn 1 0 0
vn 1 0 0
vn 1 0 0
vn -0 -1 0
vn -0 -1 0
vn -0 -1 0
vn -0.634427369 -0.390370041 -0.667167962
vn -0.634427428 -0.390370041 -0.667168021
vn -0.634427428 -0.390370041 -0.667167962
vn -1 0 0
vn -1 0 0
vn -1 0 0
vn 0.176246271 -0.181094676 0.967544258
vn 0.176246256 -0.181094691 0.967544258
vn 0.176246241 -0.181094676 0.967544258
vn -0.110935785 0.517732799 0.848319471
vn -0.110935785 0.517732739 0.848319471
vn -0.1109358 0.517732799 0.848319471
vn 0.407264173 -0.0274007693 0.912899196
vn 0.407264203 -0.0274007693 0.912899196
vn 0.407264173 -0.0274007693 0.912899196
vn 0.00991778262 -0.436201572 0.89979434
vn 0.00991778355 -0.436201602 0.89979434
vn 0.00991778448 -0.436201572 0.89979434
vn -0.516021669 0.126972586 0.847112536
vn -0.516021669 0.126972586 0.847112536
vn -0.516021669 0.126972586 0.847112536
vn 0.0516241007 0.584695995 0.809608281
vn 0.0516241007 0.584695935 0.80960834
vn 0.0516240969 0.584695995 0.809608281
vn -0.554125607 -0.193594843 0.809608519
vn -0.554125547 -0.193594843 0.809608519
vn -0.554125547 -0.193594843 0.809608519
vn -0.0516212508 -0.584696412 0.809608102
vn -0.0516212508 -0.584696412 0.809608102
vn -0.0516212508 -0.584696412 0.809608102
vn 0.554127753 0.193591908 0.809607744
vn 0.554127753 0.193591908 0.809607744
vn 0.554127812 0.193591923 0.809607744
vn 0.0516241007 0.584695816 -0.80960834
vn 0.0516241044 0.584695816 -0.80960834
vn 0.0516241007 0.584695816 -0.80960834
vn -0.554125547 -0.193594843 -0.809608519
vn -0.554125607 -0.193594843 -0.809608519
vn -0.554125547 -0.193594843 -0.809608519
vn -0.0516268089 -0.584693193 -0.809610248
vn -0.0516268089 -0.584693193 -0.809610248
vn -0.0516268089 -0.584693134 -0.809610128
vn 0.554123461 0.193596706 -0.809609473
vn 0.554123461 0.193596736 -0.809609473
vn 0.554123521 0.193596676 -0.809609354
vn -0.176245987 -0.181094393 0.967544377
vn -0.176246002 -0.181094423 0.967544377
vn -0.176246002 -0.181094408 0.967544377
vn 0.110935822 0.51773262 0.84831965
vn 0.11093583 0.51773268 0.84831965
vn 0.11093583 0.51773262 0.84831965
vn -0.407264024 -0.0274007544 0.912899315
vn -0.407264024 -0.0274007563 0.912899315
vn -0.407264054 -0.0274007507 0.912899315
vn -0.00991776399 -0.436200738 0.899794698
vn -0.00991776492 -0.436200738 0.899794698
vn -0.00991776306 -0.436200708 0.899794698
vn 0.516021192 0.126973078 0.847112715
vn 0.516021252 0.126973093 0.847112715
vn 0.516021192 0.126973078 0.847112715
vn -0.051624123 0.584696233 0.809608102
vn -0.0516241156 0.584696233 0.809608042
vn -0.051624123 0.584696233 0.809608102
vn 0.554125249 -0.193594739 0.809608638
vn 0.554125249 -0.193594739 0.809608638
vn 0.554125309 -0.193594769 0.809608638
vn 0.0516212881 -0.584696352 0.809608221
vn 0.0516212881 -0.584696352 0.809608221
vn 0.0516212881 -0.584696352 0.809608221
vn -0.554127753 0.193591908 0.809607744
vn -0.554127812 0.193591923 0.809607744
vn -0.554127753 0.193591908 0.809607744
vn -0.0516240783 0.584695578 -0.809608579
vn -0.051624082 0.584695578 -0.809608519
vn -0.0516240746 0.584695578 -0.809608519
vn 0.554125309 -0.193594769 -0.809608638
vn 0.554125249 -0.193594739 -0.809608638
vn 0.554125249 -0.193594739 -0.809608638
vn 0.0516267903 -0.584693193 -0.809610248
vn 0.0516267829 -0.584693134 -0.809610128
vn 0.0516267903 -0.584693193 -0.809610248
vn -0.554123461 0.193596706 -0.809609473
vn -0.554123521 0.193596676 -0.809609354
vn -0.554123461 0.193596736 -0.809609473
vn 0.176246181 -0.181094393 -0.967544377
vn 0.176246211 -0.181094423 -0.967544377
vn 0.176246166 -0.181094408 -0.967544377
vn -0.110935688 0.517733455 -0.848319113
vn -0.110935673 0.517733395 -0.848319113
vn -0.110935666 0.517733335 -0.848319113
vn 0.407264262 -0.0274007525 -0.912899196
vn 0.407264203 -0.0274007525 -0.912899196
vn 0.407264203 -0.0274007525 -0.912899196
vn 0.00991776399 -0.436201185 -0.899794519
vn 0.00991776306 -0.436201155 -0.899794519
vn 0.00991776399 -0.436201185 -0.899794519
vn -0.51602149 0.126973644 -0.847112417
vn -0.51602149 0.126973644 -0.847112417
vn -0.51602143 0.126973629 -0.847112417
vn 0.051624082 0.584696054 -0.809608221
vn 0.0516240858 0.584696174 -0.809608221
vn 0.051624082 0.584696114 -0.809608221
vn -0.554125488 -0.193594724 -0.809608579
vn -0.554125428 -0.193594724 -0.809608579
vn -0.554125488 -0.193594724 -0.809608579
vn -0.265979022 -0.450685978 -0.85213691
vn -0.265978992 -0.450685978 -0.85213691
vn -0.265979052 -0.450685978 -0.85213691
vn 0.371590555 0.368486583 -0.852137446
vn 0.371590525 0.368486553 -0.852137327
vn 0.371590525 0.368486553 -0.852137327
vn 0.0516240671 0.584695578 0.809608579
vn 0.0516240634 0.584695578 0.809608519
vn 0.051624056 0.584695578 0.809608519
vn -0.554125309 -0.193594769 0.809608638
vn -0.554125249 -0.193594739 0.809608638
vn -0.554125309 -0.193594739 0.809608638
vn 0.134915128 -0.669083714 0.730838478
vn 0.134915128 -0.669083655 0.730838478
vn 0.134915128 -0.669083655 0.730838478
vn 0.681728482 0.0334828608 0.730838597
vn 0.681728482 0.0334828645 0.730838656
vn 0.681728482 0.0334828645 0.730838656
vn -0.176246449 -0.181094676 -0.967544258
vn -0.176246449 -0.181094706 -0.967544258
vn -0.176246449 -0.181094676 -0.967544258
vn 0.110935651 0.517733574 -0.848318934
vn 0.110935651 0.517733693 -0.848319054
vn 0.110935651 0.517733574 -0.848318934
vn -0.407264411 -0.0274007712 -0.912899196
vn -0.407264382 -0.0274007712 -0.912899196
vn -0.407264382 -0.0274007712 -0.912899196
vn -0.00991777889 -0.43620193 -0.899794161
vn -0.00991777889 -0.436201841 -0.899794221
vn -0.00991777889 -0.4362019 -0.899794161
vn 0.516022027 0.126973748 -0.847112119
vn 0.516022027 0.126973733 -0.847112179
vn 0.516022027 0.126973733 -0.847112179
vn -0.0516240336 0.584695816 -0.80960834
vn -0.0516240261 0.584695816 -0.80960834
vn -0.0516240336 0.584695816 -0.80960834
vn 0.554125667 -0.193594828 -0.809608459
vn 0.554125607 -0.193594843 -0.809608519
vn 0.554125607 -0.193594843 -0.809608519
vn 0.265978366 -0.450685799 -0.852137208
vn 0.265978396 -0.450685889 -0.852137208
vn 0.265978336 -0.450685769 -0.852137268
vn -0.371590614 0.368487418 -0.85213691
vn -0.371590614 0.368487418 -0.852137029
vn -0.371590585 0.368487418 -0.85213691
vn -0.0516241007 0.584695816 0.80960834
vn -0.0516241044 0.584695816 0.80960834
vn -0.0516241007 0.584695816 0.80960834
vn 0.554125547 -0.193594843 0.809608519
vn 0.554125607 -0.193594843 0.809608519
vn 0.554125547 -0.193594843 0.809608519
vn -0.13491486 -0.669083357 0.730838954
vn -0.134914845 -0.669083357 0.730838954
vn -0.134914845 -0.669083357 0.730838954
vn -0.681728721 0.0334838554 0.730838358
vn -0.681728721 0.0334838554 0.730838358
vn -0.681728661 0.0334838554 0.730838418
vn -0.0747899413 0 -0.997199297
vn -0.0420763977 -0.343155056 -0.938335836
vn -0 -0.343459219 -0.939167559
vn -0 -0.343459308 -0.939167559
vn -0.0420764089 -0.343155116 -0.938335836
vn 0.0420763828 -0.343155146 -0.938335836
vn 0.0420763604 -0.343155086 -0.938335836
vn 0.0420762971 -0.343154967 -0.938335955
vn 0.254340768 -0.217702597 -0.942293108
vn 0.254340738 -0.217702627 -0.942293108
vn 0.254340768 -0.217702582 -0.942293108
vn 0.254340738 -0.217702642 -0.942293108
vn 0.254340768 -0.217702985 -0.942293108
vn -0.254340738 -0.217702582 -0.942293108
vn -0.254340738 -0.217702597 -0.942293108
vn -0.254340738 -0.217702582 -0.942293108
vn -0.254340738 -0.217702582 -0.942293108
vn -0.254340738 -0.217702791 -0.942293108
vn -0.0747899413 0 -0.997199297
vn -0.0747899413 0 -0.997199297
vn -0.0747899413 0 -0.997199297
vn -0.0747899413 0 -0.997199297
vn -0.0747899413 0 -0.997199297
vn -0.184288561 0 -0.982872248
vn -0.0747899413 0 -0.997199297
vn -0.0747899413 0 -0.997199297
vn -0.184288561 0 -0.982872248
vn -0.254340857 0.217702597 -0.942293108
vn -0.254340887 0.217702657 -0.942293108
vn -0.254340887 0.217702627 -0.942293108
vn -0.254340827 0.217702582 -0.942293108
vn -0.254340857 0.217702627 -0.942293108
vn 0.254340857 0.217702642 -0.942293108
vn 0.254340857 0.217702642 -0.942293108
vn 0.254340827 0.217702627 -0.942293108
vn 0.254340827 0.217702642 -0.942293108
vn 0.254340917 0.217702895 -0.942292988
vn 0.404385298 -0.0345775634 -0.913934767
vn 0.404385328 -0.0345775448 -0.913934767
vn 0.404627323 0 -0.91448164
vn 0.404627323 0 -0.91448164
vn 0.404627264 0 -0.91448164
vn 0.404385328 0.0345774814 -0.913934767
vn 0.404385328 0.0345775187 -0.913934767
vn 0.0747899413 0 -0.997199297
vn 0.0747899413 0 -0.997199297
vn 0.0747899413 0 -0.997199297
vn 0.0747899413 0 -0.997199297
vn 0.0747899413 0 -0.997199297
vn 0.0747899413 0 -0.997199297
vn 0.0747899413 0 -0.997199297
vn -0.0747899413 0 -0.997199297
vn -0.0747899413 0 -0.997199297
vn -0.0747899413 0 -0.997199297
vn -0.0747899413 0 -0.997199297
vn -0.0747899413 0 -0.997199297
vn -0.0747899413 0 -0.997199297
vn -0.0747899413 0 -0.997199297
vn -0.404385328 0.0345775634 -0.913934886
vn -0.404385298 0.0345775485 -0.913934767
vn -0.404627293 0 -0.91448164
vn -0.404627264 0 -0.91448164
vn -0.404627383 0 -0.91448164
vn -0.404385328 -0.0345774852 -0.913934767
vn -0.404385328 -0.0345775224 -0.913934767
vn -0 0.343458921 -0.939167678
vn -0.0420763232 0.343154818 -0.938335955
vn -0.0420763046 0.343154818 -0.938335955
vn -0 0.34345898 -0.939167678
vn 0.0420763716 0.343154758 -0.938335955
vn -0 0.343458921 -0.939167678
vn 0.0420763455 0.343154818 -0.938335955
vn 0.0747899413 0 -0.997199297
vn 0.0747899413 0 -0.997199297
vn 0.0747899413 0 -0.997199297
vn 0.0747899413 0 -0.997199297
vn 0.0747899413 0 -0.997199297
vn 0.0747899413 0 -0.997199297
vn 0.0747899413 0 -0.997199297
vn -0 0.00754701439 0.999971509
vn -0 -0.429425836 0.90310216
vn -0.470537424 0.0236328673 0.882063448
vn -0 0.316912979 0.948454618
vn -0 0.00754701439 0.999971509
vn 0.470537424 0.0236328673 0.882063448
vn -0 -0.429425836 0.90310216
vn -0 0.316912979 0.948454618
vn -0 0.00754717318 -0.999971509
vn -0.470540732 0.0236329827 -0.88206172
vn -0 -0.429428905 -0.90310061
vn -0 0.316915572 -0.948453784
vn -0 0.00754717318 -0.999971509
vn -0 -0.429428905 -0.90310061
vn 0.470540732 0.0236329827 -0.88206172
vn -0 0.316915572 -0.948453784
vn -0.597648382 0.223074049 0.770100296
vn -0.939219177 0.343318075 0
vn -0.937645316 0.347593635 -5.16541206E-07
vn -0.628996611 0.258811951 0.73306179
vn -0.920575202 0.390565425 1.01248688E-07
vn -0.843579531 0.537004232 8.00681448E-07
vn -0.60319382 0.353156775 0.715148628
vn -0.287507057 0.0623860918 0.955744505
vn -0.238349468 0.135400161 0.961694479
vn -0.485485435 0.54821372 0.681003392
vn -0.639704287 0.768621206 1.96890298E-07
vn -0.199726254 0.190683708 0.961118758
vn -0.369990706 0.929035485 -2.66989559E-07
vn -0.295605242 0.708602846 0.640702367
vn -0.154853195 0.230907291 0.960573971
vn -0.0856837109 0.769321382 0.633090019
vn -0.0663454011 0.997796774 1.38579281E-07
vn -0.0652878508 0.229849651 0.971033752
vn 0.21485281 0.976646483 0
vn 0.128357917 0.744963825 0.654639661
vn -0.0105826473 0.212888792 0.977019131
vn 0.37915957 0.616904497 0.68968606
vn 0.400923967 0.91611135 -2.61559791E-07
vn 0.709589779 0.704614997 0
vn -0.000158893657 0.204644352 0.978836358
vn 0.509358704 0.566525459 0.647767365
vn 0.715314865 0.698802352 -1.54809328E-07
vn 0.391450942 0.607420385 0.691235542
vn 0.615511954 0.788127542 0
vn -9.43444975E-05 0.0282870233 0.999599874
vn 0.14241387 0.989807189 1.05514594E-07
vn 0.0376939811 0.341506809 0.939123213
vn -0.115228087 0.993339002 0
vn -0.0870843306 0.75072211 0.654853165
vn -0 0 1
vn -0 0 1
vn -0 0 1
vn -0 0 1
vn -0 0 1
vn -0 0 1
vn -0 0 1
vn -0 0 1
vn -1.14623802E-07 0 1
vn -0 0 1
vn -0 0 1
vn -0 0 1
vn -0 0 1
vn 2.53223305E-07 0 1
vn -0 0 1
vn -0 0 1
vn -0 0 1
vn 0.978079557 -0.208231598 0
vn 0.603977382 -0.404435903 0.686762512
vn 0.890446901 -0.455087185 -3.63585656E-07
vn 0.687965572 -0.725743353 -5.22052517E-07
vn 0.546658635 -0.565880358 0.617206454
vn 0.468445927 -0.702396214 0.535908461
vn 0.557573497 -0.830127597 -5.27705311E-07
vn 0.395311862 -0.918546975 -5.6978547E-07
vn 0.334475994 -0.799957633 0.498190254
vn 0.0485359505 -0.883921981 0.465108842
vn 0.0649507046 -0.997888505 -3.10223925E-07
vn -0.219958797 -0.975509167 0
vn -0.206070155 -0.885442436 0.416565418
vn -0.476841837 -0.789711297 0.385976523
vn -0.516034067 -0.856568098 -1.68533148E-07
vn -0.814312935 -0.580426157 -2.09521289E-07
vn -0.754310727 -0.553497314 0.353066534
vn -0.938818574 -0.141909555 0.313817352
vn -0.990318656 -0.138812378 2.01634904E-07
vn -0.898741245 0.351591736 0.262006581
vn -0.926100492 0.377277106 1.31059252E-07
vn -0.798368752 0.602168977 0
vn -0.879044592 0.325342029 0.348472863
vn -0.950310469 0.311303884 0
vn -0.912533164 0.0316307768 0.407777637
vn -0.999505401 0.0314469077 0
vn -0.878150105 -0.252322286 0.406430721
vn -0.970571995 -0.240811273 -1.02996239E-07
vn -0.827927291 -0.560835361 0
vn -0.583058536 -0.715688825 0.384489506
vn -0.479664773 -0.801074564 0.358051896
vn -0.303446025 -0.87368083 0.380266309
vn -0.31472379 -0.871220529 0.37672773
vn 0.175833985 -0.82831341 0.531957984
vn 0.217002407 -0.813462794 0.539618671
vn 0.782965362 -0.375203431 0.496173054
vn 0.761556268 -0.408952534 0.502782106
vn 0.578859031 -0.622284472 0.526957572
vn 0.433448792 -0.72190249 0.539424717
vn 0.402893156 -0.738510311 0.54062891
vn 0.0923776627 -0.846964538 0.523562312
vn 0.0738484785 -0.850317895 0.521062315
vn -0.243513599 -0.858143091 0.451986134
vn -0.216130659 -0.861309886 0.459818304
vn -0.490923166 -0.786976159 0.373715043
vn -0.544531524 -0.76082772 0.353024989
vn -0.562079608 -0.765249372 0.313783199
vn -0.595605075 -0.741757095 0.308303595
vn -0.468251228 -0.821359038 0.325745702
vn -0.468251169 -0.821358979 0.325745702
vn 0.597647846 0.2230739 0.770100713
vn 0.937645316 0.347593635 5.94022481E-07
vn 0.939219177 0.343318075 0
vn 0.628996551 0.258811891 0.73306185
vn 0.920575082 0.390565634 -1.01248659E-07
vn 0.843579888 0.537003756 -8.74818852E-07
vn 0.603194535 0.353156894 0.715147913
vn 0.287507772 0.0623859763 0.955744326
vn 0.238349393 0.135399625 0.961694598
vn 0.485485584 0.54821378 0.681003273
vn 0.639704287 0.768621206 -2.25017502E-07
vn 0.199726209 0.19068417 0.961118639
vn 0.369990438 0.929035485 2.42717618E-07
vn 0.295605004 0.708602607 0.640702665
vn 0.154853493 0.230908006 0.960573733
vn 0.0856838226 0.769321382 0.6330899
vn 0.0663454086 0.997796774 0
vn 0.0652879775 0.229849949 0.971033752
vn -0.214852795 0.976646483 0
vn -0.128357947 0.744963825 0.654639602
vn 0.0105826054 0.212888852 0.977019131
vn -0.37915954 0.616904318 0.689686239
vn -0.400923967 0.91611135 2.56110582E-07
vn -0.709589958 0.704614818 0
vn 0.00015887362 0.204644099 0.978836477
vn -0.509358525 0.56652534 0.647767663
vn -0.715314806 0.698802471 1.54809271E-07
vn -0.391449988 0.607419491 0.691236794
vn -0.615511775 0.788127661 0
vn 9.43446139E-05 0.0282871071 0.999599874
vn -0.142413825 0.989807189 -1.05514609E-07
vn -0.0376939662 0.341506869 0.939123213
vn 0.115228087 0.993339002 0
vn 0.0870843232 0.75072211 0.654853165
vn -0 0 1
vn -0 0 1
vn -0 0 1
vn -0 0 1
vn -0 0 1
vn -0 0 1
vn 1.00234857E-07 0 1
vn -0 0 1
vn -0 0 1
vn -0 0 1
vn -0 0 1
vn 1.33051529E-07 0 1
vn -0 0 1
vn -2.53222709E-07 0 1
vn -0 0 1
vn -0 0 1
vn -0 0 1
vn -0.978080153 -0.208228633 0
vn -0.890447915 -0.455085099 5.0498079E-07
vn -0.603977263 -0.404433995 0.686763883
vn -0.68796593 -0.725742996 4.22085179E-07
vn -0.546658337 -0.565879524 0.617207348
vn -0.46844548 -0.702395856 0.535909295
vn -0.557573378 -0.830127716 5.93668062E-07
vn -0.395311862 -0.918546975 6.66540984E-07
vn -0.334475756 -0.799957097 0.498191208
vn -0.048535943 -0.883921504 0.465109646
vn -0.0649507865 -0.997888505 0
vn 0.21995911 -0.975509167 0
vn 0.206070423 -0.885442257 0.416565835
vn 0.476841539 -0.789711237 0.385977089
vn 0.516033828 -0.856568098 0
vn 0.814312756 -0.580426335 -1.65411578E-07
vn 0.754310489 -0.553497493 0.353066683
vn 0.938818574 -0.14190954 0.313817114
vn 0.990318775 -0.138812155 0
vn 0.898741424 0.351591796 0.262005925
vn 0.926100492 0.377277076 0
vn 0.798368633 0.602168918 -1.11516663E-07
vn 0.879044652 0.32534188 0.348472446
vn 0.950310469 0.311303914 0
vn 0.912533283 0.0316307843 0.407777518
vn 0.999505401 0.0314469934 0
vn 0.878150225 -0.252322108 0.406430542
vn 0.970571995 -0.240811214 0
vn 0.827927172 -0.56083554 1.23076759E-07
vn 0.583058536 -0.715689063 0.384489149
vn 0.479664415 -0.801074564 0.358052433
vn 0.303446025 -0.873681188 0.380265236
vn 0.31472376 -0.871220827 0.376726896
vn -0.175834194 -0.828313708 0.531957567
vn -0.217002541 -0.813462913 0.539618254
vn -0.782965004 -0.375203043 0.496173739
vn -0.761556149 -0.408952326 0.502782404
vn -0.57885927 -0.62228477 0.526956975
vn -0.43344903 -0.721902549 0.5394243
vn -0.402893364 -0.738510311 0.540628791
vn -0.0923776254 -0.846964121 0.523562908
vn -0.0738484636 -0.850317359 0.52106303
vn 0.243513405 -0.858142674 0.451987088
vn 0.21613045 -0.86130935 0.459819347
vn 0.490923017 -0.78697592 0.37371558
vn 0.544531465 -0.760827661 0.353025377
vn 0.562079608 -0.765249372 0.313783109
vn 0.595605016 -0.741757154 0.308303475
vn 0.468251169 -0.821359038 0.325745702
vn 0.468251228 -0.821359038 0.325745702
vn -0.597645402 0.223076344 -0.770101786
vn -0.937645316 0.347593635 -5.16541206E-07
vn -0.939219177 0.343318075 0
vn -0.628995717 0.258811563 -0.733062685
vn -0.920575202 0.390565425 1.01248688E-07
vn -0.843579531 0.537004232 8.00681448E-07
vn -0.603194892 0.353155613 -0.715148211
vn -0.287508994 0.0623842701 -0.955744088
vn -0.238349482 0.13539961 -0.961694598
vn -0.485485584 0.54821378 -0.681003273
vn -0.639704287 0.768621206 1.96890298E-07
vn -0.199726462 0.190687701 -0.961117864
vn -0.369990706 0.929035485 -2.66989559E-07
vn -0.295604497 0.70860219 -0.64070344
vn -0.154855996 0.230912253 -0.960572302
vn -0.0856848285 0.769322693 -0.633088231
vn -0.0663454011 0.997796774 1.38579281E-07
vn -0.0652869344 0.229845718 -0.971034884
vn 0.21485281 0.976646483 0
vn 0.128357932 0.744962811 -0.654640853
vn -0.0105837723 0.212886065 -0.977019668
vn 0.379160106 0.616904199 -0.689686
vn 0.400923967 0.91611135 -2.61559791E-07
vn 0.709589779 0.704614997 0
vn -0.000160881697 0.20463787 -0.978837729
vn 0.509357691 0.566526949 -0.647766888
vn 0.715314865 0.698802352 -1.54809328E-07
vn 0.391451001 0.607415855 -0.691239476
vn 0.615511954 0.788127542 0
vn -9.44547355E-05 0.0282853972 -0.999599874
vn 0.14241387 0.989807189 1.05514594E-07
vn 0.0376945026 0.341506183 -0.939123273
vn -0.115228087 0.993339002 0
vn -0.0870842487 0.750721157 -0.654854238
vn -0 0 -1
vn -0 0 -1
vn -0 0 -1
vn -0 0 -1
vn -0 0 -1
vn -0 0 -1
vn 3.39331535E-07 0 -1
vn 2.01066626E-07 0 -1
vn -0 0 -1
vn -0 0 -1
vn -0 0 -1
vn -0 0 -1
vn -0 0 -1
vn -0 0 -1
vn -1.45828352E-07 0 -1
vn -0 0 -1
vn -0 0 -1
vn 0.978079557 -0.208231598 0
vn 0.890446901 -0.455087185 -3.63585656E-07
vn 0.603978336 -0.404430509 -0.686764956
vn 0.687965572 -0.725743353 -5.22052517E-07
vn 0.546657443 -0.565879226 -0.617208481
vn 0.46844396 -0.70239687 -0.535909355
vn 0.557573497 -0.830127597 -5.27705311E-07
vn 0.395311862 -0.918546975 -5.6978547E-07
vn 0.334475666 -0.799957216 -0.498191178
vn 0.0485329702 -0.8839221 -0.465108842
vn 0.0649507046 -0.997888505 -3.10223925E-07
vn -0.219958797 -0.975509167 0
vn -0.206069902 -0.885442913 -0.416564673
vn -0.476838171 -0.789713144 -0.385977238
vn -0.516034067 -0.856568098 -1.68533148E-07
vn -0.814312935 -0.580426157 -2.09521289E-07
vn -0.754310429 -0.553496957 -0.353067607
vn -0.938818514 -0.141909584 -0.313817412
vn -0.990318656 -0.138812378 2.01634904E-07
vn -0.898741543 0.351590663 -0.262006968
vn -0.926100492 0.377277106 1.31059252E-07
vn -0.798368752 0.602168977 0
vn -0.879044175 0.325341821 -0.348473698
vn -0.950310469 0.311303884 0
vn -0.912532687 0.0316307098 -0.4077788
vn -0.999505401 0.0314469077 0
vn -0.878149629 -0.252322018 -0.406431764
vn -0.970571995 -0.240811273 -1.02996239E-07
vn -0.827927291 -0.560835361 0
vn -0.583058298 -0.715688586 -0.384490371
vn -0.479664475 -0.801074386 -0.35805279
vn -0.303445876 -0.873680294 -0.380267441
vn -0.314723641 -0.871219993 -0.376728892
vn 0.17583397 -0.828312576 -0.531959236
vn 0.217002437 -0.8134619 -0.539619863
vn 0.782964766 -0.375203341 -0.496173978
vn 0.76155597 -0.408952564 -0.502782643
vn 0.578858674 -0.622284353 -0.526957989
vn 0.433448672 -0.721902013 -0.539425492
vn 0.402892947 -0.738509715 -0.540629864
vn 0.0923774987 -0.846963346 -0.523564219
vn 0.0738482922 -0.850316703 -0.521064222
vn -0.243513331 -0.858142138 -0.45198825
vn -0.216130331 -0.861308813 -0.45982039
vn -0.490922719 -0.786975741 -0.373716563
vn -0.544531167 -0.760827363 -0.353026211
vn -0.56207937 -0.765249312 -0.313783914
vn -0.595604897 -0.741756797 -0.30830431
vn -0.46825105 -0.82135874 -0.325746536
vn -0.46825099 -0.82135874 -0.325746536
vn 0.597646058 0.223076537 -0.770101368
vn 0.939219177 0.343318075 0
vn 0.937645316 0.347593635 5.94022481E-07
vn 0.628995776 0.258811861 -0.733062565
vn 0.920575082 0.390565634 -1.01248659E-07
vn 0.843579888 0.537003756 -8.74818852E-07
vn 0.603194356 0.353154957 -0.715149105
vn 0.287508279 0.0623842366 -0.955744326
vn 0.238349468 0.135400087 -0.961694479
vn 0.485485435 0.548213601 -0.681003392
vn 0.639704287 0.768621206 -2.25017502E-07
vn 0.199726388 0.190688044 -0.961117744
vn 0.369990438 0.929035485 2.42717618E-07
vn 0.295604527 0.708602905 -0.640702665
vn 0.154855847 0.230912372 -0.960572302
vn 0.0856847018 0.769322634 -0.633088291
vn 0.0663454086 0.997796774 0
vn 0.0652870163 0.22984606 -0.971034765
vn -0.214852795 0.976646483 0
vn -0.128357917 0.744962931 -0.654640794
vn 0.0105837733 0.21288605 -0.977019668
vn -0.379160047 0.61690402 -0.689686179
vn -0.400923967 0.91611135 2.56110582E-07
vn -0.709589958 0.704614818 0
vn 0.000160879747 0.204637542 -0.978837729
vn -0.509357572 0.56652689 -0.647767067
vn -0.715314806 0.698802471 1.54809271E-07
vn -0.391450524 0.607415378 -0.691240311
vn -0.615511775 0.788127661 0
vn 9.44543062E-05 0.0282854121 -0.999599874
vn -0.142413825 0.989807189 -1.05514609E-07
vn -0.0376944803 0.341506034 -0.939123392
vn 0.115228087 0.993339002 0
vn 0.0870842189 0.750721157 -0.654854238
vn -0 0 -1
vn -0 0 -1
vn -0 0 -1
vn -0 0 -1
vn -0 0 -1
vn -0 0 -1
vn -1.69665569E-07 0 -1
vn -0 0 -1
vn 1.71935696E-07 0 -1
vn 1.72522633E-07 0 -1
vn -0 0 -1
vn -0 0 -1
vn -0 0 -1
vn -0 0 -1
vn 2.91656335E-07 0 -1
vn 1.41874608E-07 0 -1
vn -0 0 -1
vn -0.978080153 -0.208228633 0
vn -0.603979468 -0.404429525 -0.686764598
vn -0.890447915 -0.455085099 5.0498079E-07
vn -0.68796593 -0.725742996 4.22085179E-07
vn -0.546658099 -0.565879107 -0.617208004
vn -0.468444258 -0.702397466 -0.535908282
vn -0.557573378 -0.830127716 5.93668062E-07
vn -0.395311862 -0.918546975 6.66540984E-07
vn -0.334475964 -0.799957812 -0.498190016
vn -0.0485330895 -0.8839221 -0.465108961
vn -0.0649507865 -0.997888505 0
vn 0.21995911 -0.975509167 0
vn 0.206070021 -0.885442674 -0.416564912
vn 0.476837963 -0.789713264 -0.385977536
vn 0.516033828 -0.856568098 0
vn 0.814312756 -0.580426335 -1.65411578E-07
vn 0.75431031 -0.553497255 -0.353067607
vn 0.938818514 -0.141909152 -0.31381765
vn 0.990318775 -0.138812155 0
vn 0.898741603 0.351590723 -0.26200667
vn 0.926100492 0.377277076 0
vn 0.798368633 0.602168918 -1.11516663E-07
vn 0.879044354 0.325341731 -0.3484734
vn 0.950310469 0.311303914 0
vn 0.912532866 0.0316308551 -0.407778382
vn 0.999505401 0.0314469934 0
vn 0.878149867 -0.252321929 -0.406431377
vn 0.970571995 -0.240811214 0
vn 0.827927172 -0.56083554 1.23076759E-07
vn 0.583058417 -0.715688705 -0.384490103
vn 0.479664385 -0.801074386 -0.358053118
vn 0.303445876 -0.873680651 -0.380266666
vn 0.31472367 -0.87122035 -0.376728177
vn -0.17583397 -0.828312635 -0.531959176
vn -0.217002377 -0.813462019 -0.539619923
vn -0.782964408 -0.375202954 -0.496174872
vn -0.761555374 -0.408951819 -0.502784014
vn -0.578858495 -0.622284114 -0.526958644
vn -0.433448464 -0.721901834 -0.53942591
vn -0.402892798 -0.738509536 -0.540630162
vn -0.0923775509 -0.846963763 -0.523563445
vn -0.0738483518 -0.850317121 -0.521063566
vn 0.24351345 -0.858142674 -0.451987088
vn 0.21613045 -0.861309469 -0.459819317
vn 0.490922838 -0.78697592 -0.373716027
vn 0.544531286 -0.760827422 -0.353025854
vn 0.56207937 -0.765249193 -0.313784003
vn 0.595604897 -0.741756797 -0.308304399
vn 0.46825099 -0.82135874 -0.325746536
vn 0.46825105 -0.82135874 -0.325746536
vn -0.35468635 -0.770201266 -0.530082643
vn -0 -0.9338696 0.357613623
vn -0 -0.796791434 -0.604254365
vn -0.414804041 -0.799074113 0.435222059
vn -1.38997109E-07 -0.68849051 0.725245297
vn -0.502325654 -0.555966616 0.662246227
vn -0.604504287 -0.656432748 0.451298773
vn -0.414927542 -0.447863519 -0.79199332
vn -0.439799368 -0.401203066 -0.803500175
vn -0.661708653 -0.597869575 0.452430964
vn -0.562610507 -0.490558386 0.665448666
vn -0.68229717 0.022199994 0.730737746
vn -0.824507833 -0.372419894 0.426016748
vn -0.603346825 -0.236999825 -0.761448443
vn -0.631098628 0.209971502 -0.746743917
vn -0.842463613 0.330543816 0.425436199
vn -0.564350665 0.489545614 0.664720535
vn -0.665405393 0.596084476 0.449353963
vn -0.441216022 0.398111492 -0.80426091
vn -0.415699065 0.447735608 -0.791661024
vn -0.605209053 0.656100094 0.450837761
vn -0.502918065 0.556104183 0.661680877
vn -1.38995745E-07 0.688427448 0.725305259
vn -0.41471979 0.799091756 0.435269982
vn -0.354660481 0.770204246 -0.530095577
vn -0 0.933823347 0.357734293
vn -0 0.796783626 -0.604264796
vn -0 0 1
vn -0 0 1
vn -0 0 1
vn -0 0 1
vn -0 0 1
vn -0 0 1
vn -5.43041494E-07 0 1
vn -0 0.796783626 -0.604264796
vn -0.354660481 0.770204246 -0.530095577
vn -0 0 -1
vn -0.415699065 0.447735608 -0.791661024
vn -0.441216022 0.398111492 -0.80426091
vn -0 0 -1
vn -0.631098628 0.209971502 -0.746743917
vn -0.603346825 -0.236999825 -0.761448443
vn -0.439799368 -0.401203066 -0.803500175
vn -0.414927542 -0.447863519 -0.79199332
vn -0 0 -1
vn -0.35468635 -0.770201266 -0.530082643
vn -0 -0.796791434 -0.604254365
vn 0.35468629 -0.770201087 -0.530082941
vn -0 -0.796791434 -0.604254365
vn -0 -0.9338696 0.357613623
vn 0.414803982 -0.799074173 0.43522194
vn -1.38997109E-07 -0.68849051 0.725245297
vn 0.502325535 -0.555966437 0.662246406
vn 0.604504406 -0.656432748 0.451298624
vn 0.414927542 -0.44786334 -0.79199338
vn 0.439799279 -0.401202917 -0.803500295
vn 0.661708653 -0.597869694 0.452430815
vn 0.562610567 -0.490558326 0.665448666
vn 0.682297945 0.0222005602 0.730737031
vn 0.824507833 -0.372419834 0.426016688
vn 0.603346586 -0.23699981 -0.761448503
vn 0.631098449 0.209971502 -0.746744037
vn 0.842463911 0.330544114 0.425435096
vn 0.564351141 0.489546031 0.66471982
vn 0.665405571 0.596084595 0.449353546
vn 0.44121626 0.398111671 -0.804260671
vn 0.415699452 0.447735935 -0.791660666
vn 0.605208993 0.656099916 0.450838268
vn 0.502918124 0.556104302 0.661680639
vn -1.38995745E-07 0.688427448 0.725305259
vn 0.414719522 0.799091458 0.435270697
vn 0.3546606 0.770204723 -0.530094743
vn -0 0.933823347 0.357734293
vn -0 0.796783626 -0.604264796
vn -0 0 1
vn -0 0 1
vn -0 0 1
vn -0 0 1
vn -0 0 1
vn -0 0 1
vn 5.43041494E-07 0 1
vn -0 0.796783626 -0.604264796
vn -0 0 -1
vn 0.3546606 0.770204723 -0.530094743
vn 0.415699452 0.447735935 -0.791660666
vn 0.44121626 0.398111671 -0.804260671
vn -0 0 -1
vn 0.631098449 0.209971502 -0.746744037
vn 0.603346586 -0.23699981 -0.761448503
vn 0.439799279 -0.401202917 -0.803500295
vn 0.414927542 -0.44786334 -0.79199338
vn -0 0 -1
vn 0.35468629 -0.770201087 -0.530082941
vn -0 -0.796791434 -0.604254365
vn -0.354686201 -0.770201147 0.530082881
vn -0 -0.796791434 0.604254365
vn -0 -0.933869839 -0.357613146
vn -0.414804131 -0.799074471 -0.435221106
vn 1.19139997E-07 -0.688493013 -0.725242972
vn -0.502327144 -0.555968165 -0.662243783
vn -0.604504704 -0.656433165 -0.451297641
vn -0.414927542 -0.4478634 0.79199338
vn -0.439799279 -0.401202977 0.803500295
vn -0.661709011 -0.597869933 -0.452429801
vn -0.562612355 -0.490559936 -0.665446043
vn -0.682300329 0.0222005825 -0.730734766
vn -0.824508071 -0.372420132 -0.426015973
vn -0.603346705 -0.23699978 0.761448443
vn -0.631098449 0.209971502 0.746744037
vn -0.842464209 0.330544382 -0.42543444
vn -0.56435293 0.489547551 -0.664717138
vn -0.665405989 0.596084833 -0.449352592
vn -0.44121626 0.398111671 0.804260671
vn -0.415699363 0.447735995 0.791660666
vn -0.605209231 0.656100214 -0.450837255
vn -0.502919793 0.556105912 -0.661678135
vn 1.38995262E-07 0.688429832 -0.725302935
vn -0.414719701 0.799091756 -0.435269862
vn -0.354660541 0.770204842 0.530094743
vn -0 0.933823586 -0.357733786
vn -0 0.796783626 0.604264796
vn -1.21234464E-07 0 -1
vn -0 0 -1
vn -0 0 -1
vn -1.21245066E-07 0 -1
vn -0 0 -1
vn -0 0 -1
vn -5.43041494E-07 0 -1
vn -0 0.796783626 0.604264796
vn -0 0 1
vn -0.354660541 0.770204842 0.530094743
vn -0.415699363 0.447735995 0.791660666
vn -0.44121626 0.398111671 0.804260671
vn -0 0 1
vn -0.631098449 0.209971502 0.746744037
vn -0.603346705 -0.23699978 0.761448443
vn -0.439799279 -0.401202977 0.803500295
vn -0.414927542 -0.4478634 0.79199338
vn -0 0 1
vn -0.354686201 -0.770201147 0.530082881
vn -0 -0.796791434 0.604254365
vn 0.35468626 -0.770201266 0.530082643
vn -0 -0.933869839 -0.357613146
vn -0 -0.796791434 0.604254365
vn 0.414804131 -0.799074471 -0.435221165
vn 1.19139997E-07 -0.688493013 -0.725242972
vn 0.502327204 -0.555968285 -0.662243664
vn 0.604504645 -0.656433105 -0.45129776
vn 0.414927483 -0.44786346 0.79199332
vn 0.439799428 -0.401203036 0.803500295
vn 0.661708951 -0.597869933 -0.45242995
vn 0.562612355 -0.490559906 -0.665446043
vn 0.682299554 0.0222000685 -0.73073554
vn 0.824508071 -0.372420162 -0.426016062
vn 0.603346825 -0.236999825 0.761448443
vn 0.631098628 0.209971517 0.746743917
vn 0.842463791 0.330544025 -0.425435513
vn 0.564352453 0.489547163 -0.664717913
vn 0.66540575 0.596084774 -0.44935298
vn 0.441216052 0.398111522 0.80426091
vn 0.415698975 0.447735608 0.791661024
vn 0.60520947 0.656100392 -0.450836807
vn 0.502919614 0.556105793 -0.661678314
vn 1.38995262E-07 0.688429832 -0.725302935
vn 0.414719969 0.799092054 -0.435269177
vn 0.354660481 0.770204246 0.530095577
vn -0 0.933823586 -0.357733786
vn -0 0.796783626 0.604264796
vn 2.21391431E-07 0 -1
vn -0 0 -1
vn -0 0 -1
vn 2.21402004E-07 0 -1
vn -0 0 -1
vn -0 0 -1
vn 5.43041494E-07 0 -1
vn -0 0.796783626 0.604264796
vn 0.354660481 0.770204246 0.530095577
vn -0 0 1
vn 0.415698975 0.447735608 0.791661024
vn 0.441216052 0.398111522 0.80426091
vn -0 0 1
vn 0.631098628 0.209971517 0.746743917
vn 0.603346825 -0.236999825 0.761448443
vn 0.439799428 -0.401203036 0.803500295
vn 0.414927483 -0.44786346 0.79199332
vn -0 0 1
vn 0.35468626 -0.770201266 0.530082643
vn -0 -0.796791434 0.604254365
vn -0.000250746933 0.5712412 0.820782244
vn -0.000262521673 0.559268475 0.828986585
vn -2.73531498E-07 0.220924601 0.975290954
vn -2.62961947E-07 0.211423829 0.977394462
vn -7.49347018E-05 -0.306939721 0.951729
vn -7.686975E-05 -0.314868867 0.949135125
vn -0.00013859944 -0.446898252 0.894584775
vn -0.000137929659 -0.438459247 0.89875108
vn -8.18121844E-05 -0.123561122 0.992337048
vn -8.0707905E-05 -0.121721469 0.992564261
vn -3.5680936E-05 -0.0516078994 0.998667359
vn -3.54591029E-05 -0.0513579585 0.998680294
vn -2.88473962E-06 0.0012197874 0.999999285
vn -2.87271723E-06 0.00124236743 0.999999285
vn 1.80613188E-05 0.0595350489 0.998226225
vn 1.80351853E-05 0.0589366443 0.99826175
vn 3.62692699E-05 0.278411716 0.960461795
vn 3.70050184E-05 0.287046105 0.957916737
vn 3.83247207E-05 0.754088938 0.656772375
vn 3.84790328E-05 0.752044261 0.659112513
vn 3.4989509E-05 0.795443892 0.606027305
vn 3.4989509E-05 0.795443892 0.606027305
vn 1.5522059E-07 -0.460660994 0.887576103
vn 1.55220562E-07 -0.460660934 0.887576103
vn -0.000364684965 -0.371312261 0.928507984
vn -0.000336415978 -0.378394961 0.925644219
vn -0.000771762396 -0.114657469 0.993404806
vn -0.000790465914 -0.122426234 0.992477238
vn 8.18731714E-05 0.0206642933 0.999786437
vn 0.000191792918 0.03021954 0.999543309
vn 0.000410561101 0.551791251 0.83398217
vn 0.000475809124 0.475832939 0.879535556
vn -7.91470598E-07 0.883442581 0.468539447
vn -7.91470654E-07 0.883442581 0.468539387
vn -0.703989446 0.710210443 0
vn -0.63639158 0.771366179 0
vn -0.724137664 0.689655423 0
vn -0.656900048 0.753977716 0
vn -0.927562296 -0.37366873 0
vn -0.897000492 -0.442029476 0
vn -0.882754326 -0.469834834 0
vn -0.862252831 -0.506478071 0
vn -0.984478712 -0.175504312 0
vn -0.986121356 -0.166025802 0
vn -0.999719083 -0.0236985348 0
vn -0.999735415 -0.0230015516 0
vn -0.999817669 0.0190993249 0
vn -0.99981755 0.0191013683 0
vn -0.998116732 0.0613429695 0
vn -0.998169303 0.0604818612 0
vn -0.958093762 0.286454856 0
vn -0.946723998 0.322045863 0
vn -0.611844659 0.790977895 0
vn -0.646895707 0.762578487 0
vn -0.555827677 0.831297517 0
vn -0.555827677 0.831297517 0
vn -0.830502391 -0.557015121 0
vn -0.830502391 -0.557015121 0
vn -0.891177833 -0.453654081 0
vn -0.905438125 -0.424478352 0
vn -0.988472402 -0.151400879 0
vn -0.989166975 -0.146794707 0
vn -0.998782456 -0.0493328348 0
vn -0.998803616 -0.0489012413 0
vn -0.872900724 0.487897873 0
vn -0.926399052 0.376543403 0
vn -0.400437713 0.91632396 0
vn -0.400437683 0.91632396 0
vn -0.738151193 -0.674635291 0
vn -0.738151193 -0.674635291 0
vn -0.738151133 -0.674635291 0
vn -0.738151133 -0.674635291 0
vn 0.878204644 0.274901211 0.391389757
vn 0.869949043 -0.209881842 0.446249127
vn 0.856006444 -0.26175034 0.445802331
vn 0.542765737 -0.76120317 0.354929924
vn -0.842656016 0.538452268 -6.40645226E-07
vn -0.787568808 0.616226673 -5.60530452E-07
vn -0.787568808 0.616226673 -5.60530452E-07
vn -0.842655957 0.538452268 -6.40644998E-07
vn -0.888982058 0.457942069 -3.7249751E-07
vn -0.888982058 0.457942069 -3.7249751E-07
vn -0.848753333 0.528788805 0
vn -0.848753333 0.528788805 0
vn -0.78487581 0.619653106 0
vn -0.78487581 0.619653106 0
vn -0.718181133 0.695856154 0
vn -0.718181133 0.695856154 0
vn -0.620920241 0.783873796 0
vn -0.620920241 0.783873796 0
vn -0.473943084 0.880555451 0
vn -0.473943084 0.880555451 0
vn -0.290897638 0.956752717 -0.00162823312
vn -0.290897638 0.956752717 -0.00162823312
vn -0.0355093293 0.107549988 0.993565261
vn -0.322547555 0.873398662 0.364880741
vn -0.381709933 0.0962999836 0.919251859
vn -0.354542881 0.171747804 0.9191311
vn -0.0507843457 0.257398218 0.964970052
vn 0.153078169 0.414529145 0.897068977
vn -0.0107865054 0.419480354 0.90770036
vn -0.00493196025 0.191800818 0.981421471
vn -0 0 1
vn -0 0 1
vn -0 0 1
vn -0 0 1
vn -0 0 1
vn -0 0 1
vn -0 0 1
vn -0 0 1
vn -0 0 1
vn -0 0 1
vn -0 0 1
vn -0 0 1
vn -0 0 1
vn -0 0 1
vn -0 0 1
vn -0 0 1
vn -0 0 1
vn -0 0 1
vn 0.00158632337 0.048074279 0.998842537
vn 0.0017232321 0.0522234254 0.998633921
vn 0.00100140984 0.113461487 0.993541837
vn 0.00242886296 0.119170591 0.992870867
vn -0.000262521673 0.559268475 0.828986585
vn -0.000250746933 0.5712412 0.820782244
vn -0 0 1
vn -0 0 1
vn -0 0 1
vn -0 0 1
vn -0.99651742 0.0833840817 0
vn -0.99651742 0.0833840817 0
vn -0.99651742 0.0833840817 0
vn -0.99651742 0.0833840817 0
vn -9.83941572E-06 -0.90186131 0.432025731
vn -9.83941663E-06 -0.90186131 0.432025701
vn -9.83941572E-06 -0.90186131 0.432025731
vn -9.83941572E-06 -0.90186131 0.432025671
vn -0.485125303 -0.874444664 0
vn -0.485125303 -0.874444664 0
vn -0.485125363 -0.874444664 0
vn -0.485125303 -0.874444664 0
vn -0.99666214 -0.0816371143 0
vn -0.63639158 0.771366179 0
vn -0.703989446 0.710210443 0
vn -0.996823668 -0.079640612 0
vn -0.994696259 -0.10285531 0
vn -0.994696259 -0.102855295 0
vn -0.294170648 0.136092588 0.946013987
vn -0.296821058 0.129029989 0.946175694
vn -0.328243822 0.0409474298 0.943705142
vn -0.265999615 0.208129123 0.941236675
vn -3.00069786E-07 0.976292193 0.216456681
vn -3.00069843E-07 0.976292193 0.216456667
vn -3.00069843E-07 0.976292193 0.216456711
vn -3.00069814E-07 0.976292193 0.216456681
vn -0.253358305 0.967372477 0
vn -0.253358305 0.967372477 0
vn -0.253358305 0.967372477 0
vn -0.253358305 0.967372477 0
vn -0 0 1
vn -0 0 1
vn -0 0 1
vn -0 0 1
vn -1 -3.69954341E-06 0
vn -1 -3.69954341E-06 0
vn -1 -3.69954341E-06 0
vn -1 -3.69954341E-06 0
vn 2.77329804E-07 -0.500852585 0.865532637
vn 5.38820132E-07 -0.97309947 0.230385318
vn 5.38820188E-07 -0.97309947 0.230385289
vn 4.2486991E-07 -0.767307341 0.641279578
vn -0 0 1
vn 0.00407358771 -0.0231392607 0.999723971
vn -0 0 1
vn 0.000968948414 -0.00237560575 0.999996781
vn 0.179870561 -0.110676393 0.977444351
vn -0 -1.00018461E-07 1
vn 0.634427369 -0.390370041 0.667167962
vn -0.295289725 -0.177869663 0.93870461
vn -0.762382984 -0.438829213 0.475606084
vn -0.744181871 -0.667976975 0
vn -0.791520238 -0.611142993 0
vn 0.00213992037 -0.0042396225 0.999988794
vn -0.791600585 -0.611038864 0
vn 0.00206710421 -0.00428679353 0.999988675
vn -0.746946931 -0.664883673 0
vn -0.74696517 -0.664863169 0
vn 0.00122808607 -0.00206590304 0.999997139
vn 0.00108511129 -0.00182463031 0.999997735
vn -0.699923277 -0.71421808 0
vn -0.699923277 -0.71421808 0
vn -0.63766104 -0.770317078 0
vn -0.637661099 -0.770317018 0
vn 8.70832423E-07 2.48465744E-06 1
vn 9.15545343E-07 2.53256758E-06 1
vn -0.568630338 -0.822593093 -3.93643489E-07
vn -0.568630517 -0.822593033 -3.93642807E-07
vn -0 -9.46457703E-07 1
vn -0 -9.4131974E-07 1
vn -6.2229924E-07 -3.62814171E-06 1
vn -5.96298776E-07 -3.61972207E-06 1
vn -0.503225684 -0.864155054 -1.67865312E-06
vn -0.503225625 -0.864155054 -1.67865369E-06
vn -0.471702814 -0.881757617 -2.67142036E-06
vn -0.471702814 -0.881757617 -2.67142036E-06
vn -4.50591045E-07 -2.70442138E-06 1
vn -5.7214271E-07 -2.87501348E-06 1
vn 2.46821457E-07 -1.72563739E-06 1
vn 2.46821457E-07 -1.72563739E-06 1
vn -0.700784683 -0.713372946 0
vn -0.234196082 -0.972189367 0
vn -0.234196082 -0.972189367 0
vn -0.79301095 -0.609207451 0
vn -0.99463588 0.103437386 0
vn -0.99463588 0.103437386 0
vn -0.944898546 0.327363372 0
vn -0.944898546 0.327363372 0
vn 0.438261271 0.89884764 0
vn 0.480820209 0.876819193 0
vn 0.438261271 0.89884764 0
vn 0.480820239 0.876819193 0
vn 0.566933155 0.823763847 0
vn 0.566933215 0.823763788 0
vn 0.644777 0.76437068 0
vn 0.644777 0.764370799 0
vn 0.709500134 0.704705358 0
vn 0.709499955 0.704705536 0
vn 0.764786124 0.644284189 0
vn 0.764813721 0.644251466 0
vn 0.805786431 0.59220624 -5.16042974E-07
vn 0.805713713 0.592305064 -5.14378712E-07
vn 0.874915838 0.484274983 -1.09932887E-06
vn 0.874979258 0.484160572 -1.09944938E-06
vn 0.932188451 0.361973375 -1.20405343E-06
vn 0.932188451 0.361973435 -1.20405321E-06
vn 0.952620149 -0.304162472 -1.04868934E-06
vn 0.992350042 -0.123455532 -1.16276738E-06
vn 0.402162224 -0.915568411 -1.56408632E-07
vn 0.402162254 -0.915568411 -1.56408646E-07
vn 0.769272327 0.638920903 0
vn 0.697187424 0.716888964 0
vn 0.97633183 -0.216277927 0
vn 0.974906921 -0.222612932 0
vn 0.940043628 -0.341054142 1.90138437E-07
vn 0.939299524 -0.343098402 1.97062022E-07
vn 0.902876854 -0.429899275 8.73765259E-07
vn 0.902876854 -0.429899305 8.73765543E-07
vn 0.866785407 -0.498681307 7.99716702E-07
vn 0.866785407 -0.498681307 7.99716304E-07
vn 0.835016608 -0.550224721 0
vn 0.835016608 -0.550224721 0
vn 0.79075259 -0.612135887 -1.27680693E-07
vn 0.79075259 -0.612135887 -1.27680693E-07
vn 0.696120143 -0.717925191 -1.17574046E-07
vn 0.696120083 -0.71792537 -1.17573904E-07
vn 0.527377069 -0.849631429 5.30388036E-07
vn 0.527377069 -0.84963131 5.30387581E-07
vn 0.363918424 -0.931430876 5.23751169E-07
vn 0.363918424 -0.931430876 5.23751169E-07
vn 0.20818463 -0.978089511 9.94517904E-07
vn 0.208184659 -0.978089511 9.94517563E-07
vn 0.15247269 -0.988307774 1.25093345E-06
vn 0.15247272 -0.988307774 1.25093345E-06
vn 0.202529743 -0.979276061 0
vn 0.202529743 -0.979276061 0
vn 0.685267448 0.728291512 0
vn 0.697187424 0.716888964 0
vn 0.769272327 0.638920903 0
vn 0.753437221 0.657519937 0
vn 0.91197294 -0.410250455 0
vn 0.876188636 -0.481968403 0
vn 0.847661972 -0.530536592 0
vn 0.825069427 -0.56503135 0
vn 0.974872351 -0.22276406 0
vn 0.97264874 -0.232280821 0
vn 0.998040497 -0.0625720695 0
vn 0.998114824 -0.0613744669 0
vn 0.99981755 0.0191019028 0
vn 0.99981755 0.0191059895 0
vn 0.993389606 0.114791408 0
vn 0.993616581 0.112810433 0
vn 0.933227777 0.359285355 0
vn 0.920279264 0.391262114 0
vn 0.636049986 0.771647811 0
vn 0.605881989 0.795554459 0
vn 0.555762053 0.831341386 0
vn 0.555762112 0.831341386 0
vn 0.996516466 0.083396703 0
vn 0.996516466 0.083396703 0
vn 0.996516466 0.083396703 0
vn 0.996516466 0.083396703 0
vn 0.485065639 -0.874477744 0
vn 0.485065639 -0.874477744 0
vn 0.485065579 -0.874477744 0
vn 0.485065579 -0.874477744 0
vn 0.333352864 0.942802191 0
vn 0.333352864 0.942802191 0
vn 0.333352864 0.942802191 0
vn 0.333352864 0.942802191 0
vn 0.940618396 -0.339465648 -6.69936128E-07
vn 0.855935514 -0.517082691 -3.12582756E-07
vn 0.855935514 -0.517082691 -3.12582756E-07
vn 0.925350308 -0.379113108 -5.94628546E-07
vn 0.9997738 -0.0212707985 -9.05256854E-07
vn 0.999836802 -0.0180627163 -8.88360773E-07
vn 0.979069293 0.203526944 -6.75232968E-07
vn 0.978679121 0.205395177 -6.75142928E-07
vn 0.756832838 0.653608441 -5.54147505E-07
vn 0.702739716 0.71144712 -5.20265701E-07
vn 0.322277933 0.946645021 -2.72562716E-07
vn 0.322277933 0.946645021 -2.72562716E-07
vn 1 9.24889991E-06 -3.80863014E-07
vn 1 9.24889991E-06 -3.80863014E-07
vn 1 9.24889991E-06 -3.80863014E-07
vn 1 9.24889991E-06 -3.80863014E-07
vn 0.000250755227 0.571240544 0.820782661
vn 8.97077143E-07 0.787097931 0.616828084
vn 8.97077257E-07 0.787097931 0.616828144
vn 0.000262530375 0.559267879 0.828987002
vn -1.5522059E-07 -0.460661024 0.887576103
vn 0.000364683889 -0.371312261 0.928507984
vn -1.55220562E-07 -0.460660994 0.887576103
vn 0.00033641496 -0.378394991 0.925644219
vn 0.000771759136 -0.114657462 0.993404806
vn 0.000790462655 -0.122426227 0.992477357
vn -8.18684784E-05 0.0206642896 0.999786437
vn -0.000191786763 0.0302195325 0.999543309
vn -0.000410553097 0.55179137 0.83398211
vn -0.000475800043 0.475833029 0.879535437
vn 7.92244464E-07 0.8834427 0.468539238
vn 7.92244634E-07 0.88344276 0.468539149
vn 0.703989089 0.7102108 0
vn 0.332586229 0.943072796 0
vn 0.332586288 0.943072796 0
vn 0.636391163 0.771366537 0
vn 0.830501974 -0.557015657 0
vn 0.891177654 -0.453654379 0
vn 0.830501974 -0.557015598 0
vn 0.905437946 -0.42447871 0
vn 0.988472402 -0.151400879 0
vn 0.989166975 -0.146794707 0
vn 0.998782456 -0.0493328348 0
vn 0.998803616 -0.0489012413 0
vn 0.872901142 0.487897128 0
vn 0.926399231 0.376542777 0
vn 0.400438279 0.916323781 0
vn 0.400438279 0.916323781 0
vn 0.738151252 -0.674635231 0
vn 0.738151371 -0.674635291 0
vn 0.738151371 -0.674635291 0
vn 0.738151252 -0.674635231 0
vn -0.878204644 0.274901152 0.391389728
vn -0.856006265 -0.261750132 0.445802808
vn -0.869948864 -0.209881634 0.446249545
vn -0.542765439 -0.761202812 0.354930878
vn 0.842656016 0.538452268 -6.39370171E-07
vn 0.787568808 0.616226673 -5.58303782E-07
vn 0.787568808 0.616226673 -5.58303782E-07
vn 0.842655957 0.538452268 -6.39370057E-07
vn 0.888982058 0.457942069 -3.7249751E-07
vn 0.888982058 0.457942069 -3.7249751E-07
vn 0.848753333 0.528788805 0
vn 0.848753333 0.528788805 0
vn 0.78487581 0.619653106 0
vn 0.78487581 0.619653106 0
vn 0.718181133 0.695856154 0
vn 0.718181133 0.695856154 0
vn 0.620920241 0.783873796 0
vn 0.620920241 0.783873796 0
vn 0.473943084 0.880555451 0
vn 0.473943084 0.880555451 0
vn 0.290897638 0.956752717 -0.00162823312
vn 0.290897638 0.956752717 -0.00162823312
vn 0.0355093256 0.107549988 0.993565261
vn 0.322547466 0.873398662 0.36488089
vn 0.381709844 0.0963001102 0.919251859
vn 0.354542851 0.171747908 0.9191311
vn 0.050784342 0.257398099 0.964970052
vn -0.153078124 0.414529026 0.897068977
vn 0.010786511 0.419480294 0.90770036
vn 0.00493197143 0.191800833 0.981421471
vn -0 0 1
vn -0 0 1
vn -0 0 1
vn -0 0 1
vn -0 0 1
vn -0 0 1
vn -0 0 1
vn -0 0 1
vn -0 0 1
vn -0 0 1
vn -0 0 1
vn -0 0 1
vn -0 0 1
vn -0 0 1
vn -0 0 1
vn -0 0 1
vn -0 0 1
vn -0 0 1
vn -0.00158635003 0.0480743125 0.998842537
vn -0.00172325864 0.0522234589 0.998633921
vn -0.001001406 0.113461524 0.993541837
vn -0.00242887321 0.119170643 0.992870867
vn 0.000262530375 0.559267879 0.828987002
vn 0.000250755227 0.571240544 0.820782661
vn 0.000149736938 -0.613407195 0.789766669
vn 0.000138606527 -0.446898252 0.894584775
vn 0.000149736952 -0.613407314 0.789766669
vn 0.000137936455 -0.438459247 0.89875108
vn 8.18050466E-05 -0.123561114 0.992337048
vn 8.07005854E-05 -0.121721484 0.992564261
vn 3.56754244E-05 -0.0516079105 0.998667359
vn 3.54537806E-05 -0.0513579622 0.998680294
vn 2.88820138E-06 0.00121978519 0.999999285
vn 2.87617945E-06 0.00124236522 0.999999285
vn -1.80566349E-05 0.0595350526 0.998226225
vn -1.80305669E-05 0.0589366406 0.99826175
vn -3.62587161E-05 0.278411716 0.960461795
vn -3.69943009E-05 0.287046105 0.957916737
vn -3.83207371E-05 0.754088998 0.656772256
vn -3.84749655E-05 0.752044499 0.659112394
vn -3.49875299E-05 0.795444012 0.606027007
vn -3.49875263E-05 0.795444012 0.606027007
vn 0.746483147 -0.66540432 0
vn 0.746483147 -0.66540432 0
vn 0.882754147 -0.469835162 0
vn 0.862252593 -0.506478488 0
vn 0.984478712 -0.175504327 0
vn 0.986121356 -0.166025802 0
vn 0.999719083 -0.0236986168 0
vn 0.999735415 -0.023001641 0
vn 0.999817669 0.0190992281 0
vn 0.99981755 0.0191012714 0
vn 0.998116732 0.0613429099 0
vn 0.998169303 0.0604817979 0
vn 0.958093941 0.286454201 0
vn 0.946724296 0.322045147 0
vn 0.611844778 0.790977836 0
vn 0.646895945 0.762578309 0
vn 0.555827677 0.831297576 0
vn 0.555827677 0.831297517 0
vn -0 0 1
vn -0 0 1
vn -0 0 1
vn -0 0 1
vn 0.999980688 -0.00621696701 0
vn 0.999980688 -0.00621696701 0
vn 0.999980688 -0.00621696701 0
vn 0.999980688 -0.00621696701 0
vn -0 0 1
vn -0 0 1
vn -0 0 1
vn -0 0 1
vn 0.99651742 0.0833840817 0
vn 0.99651742 0.0833840817 0
vn 0.99651742 0.0833840817 0
vn 0.99651742 0.0833840817 0
vn 9.8433411E-06 -0.90186131 0.432025611
vn 9.8433411E-06 -0.90186131 0.432025582
vn 9.84334292E-06 -0.90186131 0.432025671
vn 9.8433411E-06 -0.90186131 0.432025671
vn 0.485125035 -0.874444842 0
vn 0.485125035 -0.874444842 0
vn 0.485125035 -0.874444842 0
vn 0.485124975 -0.874444842 0
vn 0.99666214 -0.0816371143 0
vn 0.703989089 0.7102108 0
vn 0.636391163 0.771366537 0
vn 0.996823668 -0.079640612 0
vn 0.994696259 -0.10285531 0
vn 0.994696259 -0.102855295 0
vn 0.294170648 0.136092469 0.946013987
vn 0.328243732 0.040947184 0.943705142
vn 0.296821058 0.129029855 0.946175754
vn 0.265999615 0.208129123 0.941236675
vn 2.98052697E-07 0.976292193 0.216456622
vn 2.98052697E-07 0.976292193 0.216456652
vn 2.98052726E-07 0.976292193 0.216456622
vn 2.98052669E-07 0.976292193 0.216456622
vn 0.253358305 0.967372477 0
vn 0.253358305 0.967372477 0
vn 0.253358305 0.967372477 0
vn 0.253358305 0.967372477 0
vn -0 0 1
vn -0 0 1
vn -0 0 1
vn -0 0 1
vn 1 -3.69954341E-06 0
vn 1 -3.69954341E-06 0
vn 1 -3.69954341E-06 0
vn 1 -3.69954341E-06 0
vn -2.77329832E-07 -0.500852644 0.865532517
vn -5.38820188E-07 -0.973099589 0.230385065
vn -5.38820188E-07 -0.97309947 0.23038505
vn -4.34535878E-07 -0.76730752 0.64127934
vn -0 0 1
vn -0 0 1
vn -0 0 1
vn -0.00096893718 -0.00237560598 0.999996781
vn -0 -1.00018539E-07 1
vn -0 -1.00018539E-07 1
vn -0.000785032287 -0.00192473503 0.999997854
vn -0.00213992107 -0.0042396225 0.999988794
vn -0.00206710468 -0.00428679353 0.999988675
vn -0.00122808677 -0.00206590397 0.999997139
vn -0.00108511164 -0.00182463089 0.999997735
vn -8.58253316E-07 2.48465813E-06 1
vn -9.03572925E-07 2.53256826E-06 1
vn -0 -9.46457703E-07 1
vn -0 -9.4131974E-07 1
vn 6.22299638E-07 -3.62814308E-06 1
vn 5.96299117E-07 -3.61972275E-06 1
vn 4.50591358E-07 -2.70442251E-06 1
vn 5.72143108E-07 -2.87501484E-06 1
vn -2.46821457E-07 -1.72563739E-06 1
vn -2.46821457E-07 -1.72563739E-06 1
vn 0.700784683 -0.713372946 0
vn 0.234196082 -0.972189367 0
vn 0.234196082 -0.972189367 0
vn 0.79301095 -0.609207451 0
vn 0.99463588 0.103437386 0
vn 0.99463588 0.103437386 0
vn 0.944898546 0.327363372 0
vn 0.944898546 0.327363372 0
vn 0.762382865 -0.438829154 0.475606233
vn 0.844224393 -0.502551377 0.186352506
vn 0.825765014 -0.229643911 0.515146554
vn 0.744181693 -0.667977273 0
vn 0.791520119 -0.611143112 0
vn 0.791600585 -0.611038923 0
vn 0.746946931 -0.664883673 0
vn 0.74696517 -0.664863169 0
vn 0.699923277 -0.71421808 0
vn 0.699923277 -0.71421808 0
vn 0.637661099 -0.770317078 2.06793729E-07
vn 0.637661219 -0.770317018 2.0679316E-07
vn 0.568630517 -0.822593093 -4.77785989E-07
vn 0.568630517 -0.822593033 -4.77784283E-07
vn 0.503225684 -0.864155054 -2.15437763E-06
vn 0.503225625 -0.864155054 -2.15437831E-06
vn 0.471702814 -0.881757617 -3.10005544E-06
vn 0.471702814 -0.881757617 -3.10005544E-06
vn -0.438261271 0.89884764 -1.600459E-07
vn -0.438261271 0.89884764 -1.60045914E-07
vn -0.480820209 0.876819193 1.64433104E-07
vn -0.480820358 0.876819193 1.64433715E-07
vn -0.566933215 0.823763788 2.57745086E-07
vn -0.566933215 0.823763788 2.57744802E-07
vn -0.644777 0.76437068 -2.29033915E-07
vn -0.644777 0.764370739 -2.29033802E-07
vn -0.709500134 0.704705358 -2.48848011E-07
vn -0.709500074 0.704705358 -2.4884838E-07
vn -0.764786303 0.64428407 0
vn -0.7648139 0.644251227 0
vn -0.80578649 0.59220618 -5.16043087E-07
vn -0.805713892 0.592304945 -5.14378712E-07
vn -0.874915838 0.484275103 -1.03391778E-06
vn -0.874979138 0.484160602 -1.03394518E-06
vn -0.932188451 0.361973464 -1.18106311E-06
vn -0.932188451 0.361973524 -1.18106311E-06
vn -0.952620149 -0.304162532 -1.07512858E-06
vn -0.992350042 -0.123455554 -1.23147856E-06
vn -0.402162224 -0.915568411 0
vn -0.402162254 -0.915568411 0
vn -0.769272089 0.63892144 0
vn -0.97633183 -0.216277927 0
vn -0.697187066 0.716889262 0
vn -0.974906921 -0.222612932 0
vn -0.940043628 -0.341054142 1.90138437E-07
vn -0.939299524 -0.343098402 1.97062022E-07
vn -0.902876854 -0.429899275 8.82609982E-07
vn -0.902876854 -0.429899305 8.82610379E-07
vn -0.866785407 -0.498681307 9.76798106E-07
vn -0.866785407 -0.498681307 9.76797651E-07
vn -0.835016608 -0.550224721 1.76560789E-07
vn -0.835016608 -0.550224721 1.76560789E-07
vn -0.79075259 -0.612135887 0
vn -0.79075259 -0.612135887 0
vn -0.696120143 -0.717925191 1.17573904E-07
vn -0.696120083 -0.71792537 1.17574046E-07
vn -0.527377069 -0.849631429 7.9169979E-07
vn -0.527377069 -0.84963131 7.91699279E-07
vn -0.363918424 -0.931430876 6.59406396E-07
vn -0.363918424 -0.931430876 6.59406396E-07
vn -0.20818463 -0.978089511 1.15441344E-06
vn -0.208184659 -0.978089511 1.15441298E-06
vn -0.15247269 -0.988307774 1.33711171E-06
vn -0.15247272 -0.988307774 1.33711183E-06
vn -0.202529743 -0.979276061 -3.79641193E-07
vn -0.202529743 -0.979276061 -3.79641193E-07
vn -0.362766236 0.931880116 0
vn -0.769272089 0.63892144 0
vn -0.697187066 0.716889262 0
vn -0.362766206 0.931880116 0
vn -0.999452889 0.0330746584 0
vn -0.999452889 0.0330746584 0
vn -0.999452889 0.0330746584 0
vn -0.999452889 0.0330746584 0
vn -0.847661972 -0.530536592 0
vn -0.69782263 -0.716270626 0
vn -0.69782263 -0.716270626 0
vn -0.825069427 -0.56503135 0
vn -0.97487247 -0.222763926 0
vn -0.972648859 -0.232280672 0
vn -0.998040497 -0.0625718907 0
vn -0.998114824 -0.0613743067 0
vn -0.99981755 0.0191016756 0
vn -0.99981755 0.0191057585 0
vn -0.993389606 0.114791177 0
vn -0.993616581 0.112810202 0
vn -0.933227777 0.359285355 0
vn -0.920279264 0.391262114 0
vn -0.636050165 0.771647751 0
vn -0.605882227 0.795554399 0
vn -0.55576241 0.831341147 0
vn -0.55576247 0.831341147 0
vn -0.996516466 0.083396703 0
vn -0.996516466 0.083396703 0
vn -0.996516466 0.083396703 0
vn -0.996516466 0.083396703 0
vn -0.485065639 -0.874477744 0
vn -0.485065579 -0.874477744 0
vn -0.485065579 -0.874477744 0
vn -0.485065639 -0.874477744 0
vn -0.33335349 0.942802012 0
vn -0.33335349 0.942802012 0
vn -0.33335343 0.942802012 0
vn -0.33335349 0.942802012 0
vn -0.940618396 -0.339465916 -7.03439866E-07
vn -0.855935097 -0.517083287 -3.75354091E-07
vn -0.855935097 -0.517083287 -3.75354062E-07
vn -0.925350249 -0.379113436 -6.34591288E-07
vn -0.9997738 -0.0212705303 -9.00062616E-07
vn -0.999836802 -0.0180624649 -8.83544658E-07
vn -0.979069293 0.203526959 -7.72401108E-07
vn -0.978679121 0.205395177 -7.73317709E-07
vn -0.756832838 0.653608441 -5.54147618E-07
vn -0.702739716 0.711447001 -4.77625349E-07
vn -0.322277933 0.946645021 0
vn -0.322277933 0.946645021 0
vn -1 9.24889991E-06 -3.80859461E-07
vn -1 9.24889991E-06 -3.80859461E-07
vn -1 9.24889991E-06 -3.80859461E-07
vn -1 9.24889991E-06 -3.80859461E-07
vn -0.000250777142 0.571240723 -0.820782542
vn -2.73530986E-07 0.220924318 -0.975290954
vn -0.000262553251 0.559267998 -0.828986883
vn -2.62961493E-07 0.211423546 -0.977394581
vn -7.49411629E-05 -0.306939781 -0.951729
vn -7.68763784E-05 -0.314868897 -0.949135125
vn -0.000138606527 -0.44689846 -0.894584656
vn -0.00013793644 -0.438459456 -0.898750961
vn -8.18272383E-05 -0.123561159 -0.992336929
vn -8.07235701E-05 -0.121721528 -0.992564261
vn -3.57026438E-05 -0.0516079105 -0.998667359
vn -3.54804761E-05 -0.0513579622 -0.998680294
vn -2.87366197E-06 0.00121978519 -0.999999285
vn -2.86163072E-06 0.00124236522 -0.999999285
vn 1.80695006E-05 0.0595350526 -0.998226225
vn 1.80438765E-05 0.0589366406 -0.99826175
vn 3.62587307E-05 0.278411895 -0.960461795
vn 3.69943118E-05 0.287046313 -0.957916737
vn 3.83207371E-05 0.754089057 -0.656772256
vn 3.84749655E-05 0.752044559 -0.659112334
vn 3.49875299E-05 0.795444012 -0.606027007
vn 3.49875263E-05 0.795444012 -0.606027007
vn 1.5522059E-07 -0.460661024 -0.887576103
vn -0.000364683889 -0.371312261 -0.928507984
vn 1.55220562E-07 -0.460660994 -0.887576103
vn -0.00033641496 -0.378394991 -0.925644219
vn -0.000771736435 -0.114657462 -0.993404806
vn -0.000790442107 -0.122426227 -0.992477357
vn 8.18887493E-05 0.0206642896 -0.999786437
vn 0.000191803629 0.0302195325 -0.999543309
vn 0.000410553039 0.551791489 -0.833981991
vn 0.000475800043 0.475833088 -0.879535437
vn -7.92244236E-07 0.88344276 -0.468539
vn -7.92244236E-07 0.88344276 -0.468539
vn -0.703990698 0.71020925 0
vn -0.724138856 0.689654171 0
vn -0.636392772 0.771365106 0
vn -0.6569013 0.753976524 0
vn -0.927563012 -0.373666883 0
vn -0.897001505 -0.442027479 0
vn -0.882754982 -0.469833583 0
vn -0.862253726 -0.506476521 0
vn -0.984478712 -0.175504312 0
vn -0.986121356 -0.166025802 0
vn -0.999719083 -0.0236986168 0
vn -0.999735415 -0.023001641 0
vn -0.999817669 0.0190992299 0
vn -0.99981755 0.0191012714 0
vn -0.998116732 0.0613429137 0
vn -0.998169303 0.0604817979 0
vn -0.958093941 0.286454201 0
vn -0.946724296 0.322045147 0
vn -0.611844778 0.790977836 0
vn -0.646895945 0.762578309 0
vn -0.555827677 0.831297576 0
vn -0.555827677 0.831297517 0
vn -0.830503047 -0.557014167 0
vn -0.89117831 -0.453653216 0
vn -0.830503047 -0.557014167 0
vn -0.905438423 -0.424477637 0
vn -0.988472402 -0.151400864 0
vn -0.989166975 -0.146794677 0
vn -0.998782456 -0.0493328199 0
vn -0.998803616 -0.0489012375 0
vn -0.872901142 0.487897128 0
vn -0.926399231 0.376542687 0
vn -0.400438279 0.916323662 0
vn -0.400438339 0.916323662 0
vn -0.738151193 -0.674635291 0
vn -0.738151193 -0.674635291 0
vn -0.738151193 -0.674635291 0
vn -0.738151193 -0.674635291 0
vn 0.878204823 0.274901062 -0.391389579
vn 0.856006324 -0.261750072 -0.445802689
vn 0.869948924 -0.209881589 -0.446249425
vn 0.542765439 -0.761202812 -0.354930878
vn -0.842656016 0.538452208 6.39370171E-07
vn -0.787568808 0.616226673 5.58303782E-07
vn -0.787568808 0.616226673 5.58303782E-07
vn -0.842655957 0.538452268 6.39370114E-07
vn -0.888982058 0.457942069 3.72497482E-07
vn -0.888982058 0.457942069 3.72497482E-07
vn -0.848753333 0.528788805 0
vn -0.848753333 0.528788805 0
vn -0.78487581 0.619653106 0
vn -0.78487581 0.619653106 0
vn -0.718181133 0.695856154 0
vn -0.718181133 0.695856154 0
vn -0.6209203 0.783873677 0
vn -0.6209203 0.783873677 0
vn -0.473943084 0.880555451 0
vn -0.473943084 0.880555451 0
vn -0.290897638 0.956752717 0.00162823312
vn -0.290897638 0.956752717 0.00162823312
vn -0.0355093218 0.107549988 -0.993565261
vn -0.322547406 0.873398662 -0.36488083
vn -0.381709725 0.0963001177 -0.919251859
vn -0.354542971 0.171747908 -0.9191311
vn -0.0507843941 0.257398158 -0.964970052
vn 0.153078124 0.414529026 -0.897068977
vn -0.0107865296 0.419480294 -0.90770036
vn -0.00493194303 0.191800833 -0.981421471
vn -0 0 -1
vn -0 0 -1
vn -0 0 -1
vn -0 0 -1
vn -0 0 -1
vn -0 0 -1
vn -0 0 -1
vn -0 0 -1
vn -0 0 -1
vn -0 0 -1
vn -0 0 -1
vn -0 0 -1
vn -0 0 -1
vn -0 0 -1
vn -0 0 -1
vn 1.02583279E-07 0 -1
vn 1.16994315E-07 0 -1
vn 1.48775044E-07 0 -1
vn 0.00158634793 0.0480743125 -0.998842537
vn 0.00172326085 0.0522234589 -0.998633921
vn 0.00100139726 0.113461524 -0.993541837
vn 0.00242890464 0.119170643 -0.992870867
vn -0.000262553251 0.559267998 -0.828986883
vn -0.000250777142 0.571240723 -0.820782542
vn -0 0 -1
vn -0 0 -1
vn -0 0 -1
vn -0 0 -1
vn -0.99651742 0.0833840817 0
vn -0.99651742 0.0833840817 0
vn -0.99651742 0.0833840817 0
vn -0.99651742 0.0833840817 0
vn -9.8433411E-06 -0.90186131 -0.432025611
vn -9.8433411E-06 -0.90186131 -0.432025582
vn -9.84334292E-06 -0.90186131 -0.432025671
vn -9.8433411E-06 -0.90186131 -0.432025671
vn -0.485125035 -0.874444842 0
vn -0.485125035 -0.874444842 0
vn -0.485125035 -0.874444842 0
vn -0.485124975 -0.874444842 0
vn -0.99666214 -0.0816371068 0
vn -0.703990698 0.71020925 0
vn -0.636392772 0.771365106 0
vn -0.996823668 -0.079640612 0
vn -0.994696259 -0.102855295 0
vn -0.994696259 -0.102855287 0
vn -0.294170737 0.136092484 -0.946013987
vn -0.328243792 0.040947184 -0.943705142
vn -0.296821147 0.12902984 -0.946175694
vn -0.265999705 0.208129108 -0.941236675
vn -2.98052584E-07 0.976292312 -0.216456518
vn -2.98052584E-07 0.976292312 -0.216456547
vn -2.98052555E-07 0.976292312 -0.216456518
vn -2.98052555E-07 0.976292312 -0.216456577
vn -0.253359079 0.967372358 0
vn -0.25335905 0.967372358 0
vn -0.25335905 0.967372358 0
vn -0.25335905 0.967372358 0
vn -0 0 -1
vn -0 0 -1
vn -0 0 -1
vn -0 0 -1
vn -1 -3.69954341E-06 0
vn -1 -3.69954341E-06 0
vn -1 -3.69954341E-06 0
vn -1 -3.69954341E-06 0
vn 2.77329775E-07 -0.500852764 -0.865532517
vn 5.38820018E-07 -0.973099589 -0.230384976
vn 5.38820018E-07 -0.973099589 -0.230385005
vn 4.4420176E-07 -0.76730758 -0.64127928
vn -0 0 -1
vn 0.0275583249 -0.0169570167 -0.999476373
vn -0 0 -1
vn 0.0009689742 -0.00237560598 -0.999996781
vn 0.179870576 -0.110676497 -0.977444351
vn -0 -1.00018539E-07 -1
vn 0.634427309 -0.390370399 -0.667167962
vn 0.000785071403 -0.00192473503 -0.999997854
vn 0.00213988731 -0.0042396225 -0.999988794
vn 0.00206708466 -0.00428679353 -0.999988675
vn 0.00122805627 -0.00206590397 -0.999997139
vn 0.00108508766 -0.00182463089 -0.999997735
vn 8.45183251E-07 2.48465813E-06 -1
vn 8.92354592E-07 2.53256826E-06 -1
vn -0 -9.46457703E-07 -1
vn -0 -9.4131974E-07 -1
vn -6.01313161E-07 -3.62814308E-06 -1
vn -5.74449757E-07 -3.61972275E-06 -1
vn -4.61606277E-07 -2.70442251E-06 -1
vn -5.81492941E-07 -2.87501484E-06 -1
vn 2.26253007E-07 -1.72563739E-06 -1
vn 2.26253007E-07 -1.72563739E-06 -1
vn -0.700785875 -0.713371634 0
vn -0.234196931 -0.972189128 0
vn -0.234196931 -0.972189128 0
vn -0.793011963 -0.60920614 0
vn -0.99463588 0.103437379 0
vn -0.99463588 0.103437379 0
vn -0.944898546 0.327363312 0
vn -0.944898546 0.327363312 0
vn -0.762382984 -0.438829213 -0.475606173
vn -0.844224393 -0.502551377 -0.186352491
vn -0.825765014 -0.229643852 -0.515146494
vn -0.744181693 -0.667977273 0
vn -0.791520119 -0.611143112 0
vn -0.791600585 -0.611038923 0
vn -0.746946931 -0.664883673 0
vn -0.74696517 -0.664863169 0
vn -0.699923277 -0.71421808 0
vn -0.699923277 -0.71421808 0
vn -0.637661099 -0.770317078 -2.06793729E-07
vn -0.637661099 -0.770317018 -2.0679316E-07
vn -0.568630517 -0.822593093 4.77785989E-07
vn -0.568630517 -0.822593033 4.77784283E-07
vn -0.503225684 -0.864155054 2.15437763E-06
vn -0.503225625 -0.864155054 2.15437831E-06
vn -0.471702814 -0.881757617 3.10005544E-06
vn -0.471702814 -0.881757617 3.10005544E-06
vn 0.438261271 0.89884764 1.600459E-07
vn 0.438261271 0.89884764 1.60045914E-07
vn 0.480820209 0.876819193 -1.64433104E-07
vn 0.480820358 0.876819193 -1.64433715E-07
vn 0.566933155 0.823763847 -2.57745114E-07
vn 0.566933215 0.823763788 -2.57744802E-07
vn 0.644777 0.76437068 2.29033915E-07
vn 0.644777 0.764370739 2.29033802E-07
vn 0.709500134 0.704705358 2.48848011E-07
vn 0.709500074 0.704705358 2.4884838E-07
vn 0.764786363 0.64428401 0
vn 0.7648139 0.644251227 0
vn 0.80578649 0.59220612 5.16043031E-07
vn 0.805713892 0.592304945 5.14378712E-07
vn 0.874915838 0.484275103 1.03391778E-06
vn 0.874979138 0.484160602 1.03394518E-06
vn 0.932188451 0.361973464 1.18106311E-06
vn 0.932188451 0.361973524 1.18106311E-06
vn 0.952619672 -0.304164112 1.0751279E-06
vn 0.992349923 -0.123456739 1.23147822E-06
vn 0.402160972 -0.915569007 0
vn 0.402160972 -0.915569007 0
vn 0.769271612 0.638921738 0
vn 0.97633183 -0.216277927 0
vn 0.697186589 0.716889739 0
vn 0.974906921 -0.222612932 0
vn 0.940043628 -0.341054171 -1.90138465E-07
vn 0.939299405 -0.343098372 -1.97062008E-07
vn 0.902876914 -0.429899007 -8.82610038E-07
vn 0.902876914 -0.429899007 -8.8261055E-07
vn 0.866785347 -0.498681426 -9.76798219E-07
vn 0.866785347 -0.498681426 -9.76797878E-07
vn 0.83501637 -0.550225079 -1.76560718E-07
vn 0.83501637 -0.550225019 -1.76560718E-07
vn 0.79075259 -0.612135887 0
vn 0.79075259 -0.612135887 0
vn 0.696120143 -0.717925191 -1.17573904E-07
vn 0.696120083 -0.71792537 -1.17574046E-07
vn 0.527377069 -0.849631429 -7.9169979E-07
vn 0.527377069 -0.84963131 -7.91699279E-07
vn 0.363918424 -0.931430876 -6.59406396E-07
vn 0.363918424 -0.931430876 -6.59406396E-07
vn 0.20818463 -0.978089511 -1.15441344E-06
vn 0.208184659 -0.978089511 -1.15441298E-06
vn 0.15247269 -0.988307774 -1.33711171E-06
vn 0.15247272 -0.988307774 -1.33711183E-06
vn 0.202529758 -0.979276061 3.79641193E-07
vn 0.202529758 -0.979276061 3.79641193E-07
vn 0.685266674 0.728292286 0
vn 0.769271612 0.638921738 0
vn 0.697186589 0.716889739 0
vn 0.753436446 0.657520711 0
vn 0.911972344 -0.410251647 0
vn 0.876187801 -0.481969744 0
vn 0.847661495 -0.530537486 0
vn 0.825068891 -0.565032303 0
vn 0.97487247 -0.222763866 0
vn 0.972648859 -0.232280657 0
vn 0.998040497 -0.0625718981 0
vn 0.998114824 -0.0613742992 0
vn 0.99981755 0.0191016737 0
vn 0.99981755 0.0191057622 0
vn 0.993389606 0.1147912 0
vn 0.993616581 0.112810202 0
vn 0.93322736 0.359286427 0
vn 0.920278788 0.391263366 0
vn 0.636049747 0.771648109 0
vn 0.605881929 0.795554638 0
vn 0.55576241 0.831341147 0
vn 0.55576247 0.831341147 0
vn 0.996516466 0.083396703 0
vn 0.996516466 0.083396703 0
vn 0.996516466 0.083396703 0
vn 0.996516466 0.083396703 0
vn 0.485065639 -0.874477744 0
vn 0.485065579 -0.874477744 0
vn 0.485065579 -0.874477744 0
vn 0.485065639 -0.874477744 0
vn 0.333352864 0.942802191 0
vn 0.333352864 0.942802191 0
vn 0.333352864 0.942802191 0
vn 0.333352864 0.942802191 0
vn 0.940618098 -0.339466691 7.03439468E-07
vn 0.855935097 -0.517083287 3.75354091E-07
vn 0.855935097 -0.517083287 3.75354062E-07
vn 0.925349951 -0.379114062 6.34591117E-07
vn 0.9997738 -0.0212716069 9.00062616E-07
vn 0.999836802 -0.0180634614 8.83544658E-07
vn 0.979069293 0.203526914 7.72400938E-07
vn 0.978679121 0.205395162 7.73317652E-07
vn 0.756832659 0.653608799 5.54147505E-07
vn 0.702739298 0.711447418 4.77625065E-07
vn 0.322277427 0.94664526 0
vn 0.322277427 0.94664526 0
vn 1 9.24889991E-06 3.80859461E-07
vn 1 9.24889991E-06 3.80859461E-07
vn 1 9.24889991E-06 3.80859461E-07
vn 1 9.24889991E-06 3.80859461E-07
vn 0.000250769546 0.571241379 -0.820782065
vn 0.000262545364 0.559268653 -0.828986466
vn 8.97077882E-07 0.787098885 -0.616826773
vn 8.97077882E-07 0.787098825 -0.616826892
vn -1.5522059E-07 -0.460660994 -0.887576103
vn -1.55220562E-07 -0.460660934 -0.887576103
vn 0.000364684965 -0.371312261 -0.928507984
vn 0.000336415978 -0.378394961 -0.925644219
vn 0.00077174016 -0.114657469 -0.993404806
vn 0.000790445483 -0.122426234 -0.992477238
vn -8.18940316E-05 0.0206642933 -0.999786437
vn -0.000191810512 0.03021954 -0.999543309
vn -0.000410561945 0.55179137 -0.83398211
vn -0.0004758102 0.475833029 -0.879535556
vn 7.91470768E-07 0.8834427 -0.468539327
vn 7.91470825E-07 0.8834427 -0.468539327
vn 0.703990281 0.710209608 0
vn 0.636392474 0.771365464 0
vn 0.332587242 0.943072498 0
vn 0.332587272 0.943072498 0
vn 0.830503047 -0.557014108 0
vn 0.830503047 -0.557014167 0
vn 0.89117831 -0.453653216 0
vn 0.905438423 -0.424477637 0
vn 0.988472402 -0.151400864 0
vn 0.989166975 -0.146794677 0
vn 0.998782456 -0.0493328199 0
vn 0.998803616 -0.0489012375 0
vn 0.872901499 0.487896383 0
vn 0.92639941 0.376542121 0
vn 0.400438905 0.916323364 0
vn 0.400438905 0.916323364 0
vn 0.738151133 -0.674635351 0
vn 0.738151133 -0.674635291 0
vn 0.738151133 -0.674635291 0
vn 0.738151133 -0.674635291 0
vn -0.878204703 0.274901122 -0.391389668
vn -0.869949043 -0.209881753 -0.446249038
vn -0.856006503 -0.26175034 -0.445802271
vn -0.542765737 -0.76120317 -0.354929924
vn 0.842656016 0.538452208 6.40645169E-07
vn 0.787568808 0.616226673 5.60530452E-07
vn 0.787568808 0.616226673 5.60530452E-07
vn 0.842655957 0.538452268 6.40645112E-07
vn 0.888982058 0.457942069 3.72497482E-07
vn 0.888982058 0.457942069 3.72497482E-07
vn 0.848753333 0.528788805 0
vn 0.848753333 0.528788805 0
vn 0.78487581 0.619653106 0
vn 0.78487581 0.619653106 0
vn 0.718181133 0.695856154 0
vn 0.718181133 0.695856154 0
vn 0.6209203 0.783873677 0
vn 0.6209203 0.783873677 0
vn 0.473943084 0.880555451 0
vn 0.473943084 0.880555451 0
vn 0.290897638 0.956752717 0.00162823312
vn 0.290897638 0.956752717 0.00162823312
vn 0.035509333 0.107549988 -0.993565261
vn 0.322547525 0.873398662 -0.364880741
vn 0.381709933 0.0962999836 -0.919251859
vn 0.354542881 0.171747804 -0.9191311
vn 0.0507842861 0.257398188 -0.964970052
vn -0.153078213 0.414529115 -0.897068918
vn 0.0107865306 0.419480354 -0.90770036
vn 0.00493193278 0.191800818 -0.981421471
vn -0 0 -1
vn -0 0 -1
vn -0 0 -1
vn -0 0 -1
vn -0 0 -1
vn -0 0 -1
vn -0 0 -1
vn -0 0 -1
vn -0 0 -1
vn -0 0 -1
vn -0 0 -1
vn -0 0 -1
vn -0 0 -1
vn -0 0 -1
vn -0 0 -1
vn -0 0 -1
vn -0 0 -1
vn -0 0 -1
vn -0.00158633711 0.048074279 -0.998842537
vn -0.00172324921 0.0522234254 -0.998633921
vn -0.00100139983 0.113461487 -0.993541837
vn -0.00242889277 0.119170591 -0.992870867
vn 0.000262545364 0.559268653 -0.828986466
vn 0.000250769546 0.571241379 -0.820782065
vn 0.000149723986 -0.613407552 -0.78976649
vn 0.000149724001 -0.613407552 -0.78976655
vn 0.00013859944 -0.44689846 -0.894584656
vn 0.000137929645 -0.438459456 -0.898750961
vn 8.18343397E-05 -0.123561166 -0.992336929
vn 8.07308534E-05 -0.121721536 -0.992564261
vn 3.57081408E-05 -0.0516078994 -0.998667359
vn 3.54857875E-05 -0.0513579585 -0.998680294
vn 2.87020771E-06 0.0012197874 -0.999999285
vn 2.85817691E-06 0.00124236743 -0.999999285
vn -1.80741881E-05 0.0595350489 -0.998226225
vn -1.80485022E-05 0.0589366443 -0.99826175
vn -3.62692808E-05 0.278411865 -0.960461795
vn -3.70050329E-05 0.287046283 -0.957916737
vn -3.83247207E-05 0.754088938 -0.656772375
vn -3.84790364E-05 0.75204432 -0.659112453
vn -3.4989509E-05 0.795443892 -0.606027305
vn -3.4989509E-05 0.795443892 -0.606027305
vn 0.746485114 -0.665402114 0
vn 0.882754803 -0.46983391 0
vn 0.746485114 -0.665402114 0
vn 0.862253487 -0.506476998 0
vn 0.984478712 -0.175504312 0
vn 0.986121356 -0.166025802 0
vn 0.999719083 -0.0236985348 0
vn 0.999735415 -0.0230015554 0
vn 0.999817669 0.0190993249 0
vn 0.99981755 0.0191013683 0
vn 0.998116732 0.061342977 0
vn 0.998169303 0.0604818612 0
vn 0.95809406 0.286453724 0
vn 0.946724534 0.322044551 0
vn 0.611844957 0.790977716 0
vn 0.646896124 0.76257813 0
vn 0.555827677 0.831297517 0
vn 0.555827677 0.831297517 0
vn -0 0 -1
vn -0 0 -1
vn -0 0 -1
vn -0 0 -1
vn 0.999980688 -0.00621696701 0
vn 0.999980688 -0.00621696701 0
vn 0.999980688 -0.00621696701 0
vn 0.999980688 -0.00621696701 0
vn -0 0 -1
vn -0 0 -1
vn -0 0 -1
vn -0 0 -1
vn 0.99651742 0.0833840817 0
vn 0.99651742 0.0833840817 0
vn 0.99651742 0.0833840817 0
vn 0.99651742 0.0833840817 0
vn 9.83941572E-06 -0.90186131 -0.432025731
vn 9.83941663E-06 -0.90186131 -0.432025701
vn 9.83941572E-06 -0.90186131 -0.432025731
vn 9.83941572E-06 -0.90186131 -0.432025671
vn 0.485125303 -0.874444664 0
vn 0.485125303 -0.874444664 0
vn 0.485125363 -0.874444664 0
vn 0.485125303 -0.874444664 0
vn 0.99666214 -0.0816371068 0
vn 0.636392474 0.771365464 0
vn 0.703990281 0.710209608 0
vn 0.996823668 -0.079640612 0
vn 0.994696259 -0.102855295 0
vn 0.994696259 -0.102855287 0
vn 0.294170737 0.136092588 -0.946013927
vn 0.296821147 0.129029989 -0.946175694
vn 0.328243852 0.0409474261 -0.943705022
vn 0.265999705 0.208129108 -0.941236675
vn 3.00069786E-07 0.976292193 -0.216456592
vn 3.00069757E-07 0.976292193 -0.216456577
vn 3.00069729E-07 0.976292193 -0.216456592
vn 3.00069786E-07 0.976292193 -0.216456592
vn 0.253359079 0.967372358 0
vn 0.25335905 0.967372358 0
vn 0.25335905 0.967372358 0
vn 0.25335905 0.967372358 0
vn -0 0 -1
vn -0 0 -1
vn -0 0 -1
vn -0 0 -1
vn 1 -3.69954341E-06 0
vn 1 -3.69954341E-06 0
vn 1 -3.69954341E-06 0
vn 1 -3.69954341E-06 0
vn -2.6145355E-07 -0.500852644 -0.865532517
vn -5.38819961E-07 -0.97309947 -0.230385244
vn -5.38819961E-07 -0.97309947 -0.230385244
vn -4.36837098E-07 -0.76730746 -0.641279399
vn -0 0 -1
vn -0 0 -1
vn -0 0 -1
vn -0.000968985376 -0.00237560575 -0.999996781
vn -0 -1.00018461E-07 -1
vn -0 -1.00018461E-07 -1
vn -0.00078508514 -0.00192473491 -0.999997854
vn -0.00213991734 -0.0042396225 -0.999988794
vn -0.00206710794 -0.00428679353 -0.999988675
vn -0.00122808432 -0.00206590304 -0.999997139
vn -0.00108511245 -0.00182463031 -0.999997735
vn -8.57762245E-07 2.48465744E-06 -1
vn -9.04326953E-07 2.53256758E-06 -1
vn -0 -9.46457703E-07 -1
vn -0 -9.4131974E-07 -1
vn 6.01312763E-07 -3.62814171E-06 -1
vn 5.74449359E-07 -3.61972207E-06 -1
vn 4.72620883E-07 -2.70442138E-06 -1
vn 5.90842376E-07 -2.87501348E-06 -1
vn -2.05684557E-07 -1.72563739E-06 -1
vn -2.05684543E-07 -1.72563739E-06 -1
vn 0.700785875 -0.713371634 0
vn 0.234196931 -0.972189128 0
vn 0.234196931 -0.972189128 0
vn 0.793011963 -0.60920614 0
vn 0.99463588 0.103437379 0
vn 0.99463588 0.103437379 0
vn 0.944898546 0.327363312 0
vn 0.944898546 0.327363312 0
vn 0.762383044 -0.438829213 -0.475606114
vn 0.825765014 -0.229643926 -0.515146434
vn 0.844224572 -0.502551198 -0.186352462
vn 0.744181871 -0.667976975 0
vn 0.791520238 -0.611142993 0
vn 0.791600585 -0.611038864 0
vn 0.746946931 -0.664883673 0
vn 0.74696517 -0.664863169 0
vn 0.699923277 -0.71421808 0
vn 0.699923277 -0.71421808 0
vn 0.63766104 -0.770317078 0
vn 0.637661099 -0.770317018 0
vn 0.568630338 -0.822593093 3.93643489E-07
vn 0.568630517 -0.822593033 3.93642807E-07
vn 0.503225684 -0.864155054 1.67865312E-06
vn 0.503225625 -0.864155054 1.67865369E-06
vn 0.471702814 -0.881757617 2.67142036E-06
vn 0.471702814 -0.881757617 2.67142036E-06
vn -0.438261271 0.89884764 0
vn -0.480820209 0.876819193 0
vn -0.438261271 0.89884764 0
vn -0.480820239 0.876819193 0
vn -0.566933155 0.823763847 0
vn -0.566933215 0.823763788 0
vn -0.644777 0.76437068 0
vn -0.644776881 0.764370799 0
vn -0.709500134 0.704705358 0
vn -0.709499955 0.704705536 0
vn -0.764786124 0.644284189 0
vn -0.764813721 0.644251466 0
vn -0.805786431 0.59220624 5.16042974E-07
vn -0.805713713 0.592305064 5.14378655E-07
vn -0.874915838 0.484275043 1.09932898E-06
vn -0.874979258 0.484160572 1.09944949E-06
vn -0.932188451 0.361973375 1.20405343E-06
vn -0.932188451 0.361973435 1.20405321E-06
vn -0.952619374 -0.304165155 1.04868877E-06
vn -0.992349803 -0.123457476 1.16276715E-06
vn -0.40215978 -0.915569484 1.5640768E-07
vn -0.40215981 -0.915569484 1.56407708E-07
vn -0.769271612 0.638921738 0
vn -0.697186589 0.716889739 0
vn -0.97633183 -0.216277927 0
vn -0.974906921 -0.222612932 0
vn -0.940043628 -0.341054171 -1.90138465E-07
vn -0.939299405 -0.343098372 -1.97062008E-07
vn -0.902876854 -0.429899216 -8.73765032E-07
vn -0.902876854 -0.429899275 -8.7376543E-07
vn -0.866785407 -0.498681247 -7.99716702E-07
vn -0.866785407 -0.498681247 -7.99716133E-07
vn -0.835016608 -0.550224721 0
vn -0.835016608 -0.550224721 0
vn -0.79075259 -0.612135887 1.27680693E-07
vn -0.79075259 -0.612135887 1.27680693E-07
vn -0.696120143 -0.717925191 1.17574046E-07
vn -0.696120083 -0.71792537 1.17573904E-07
vn -0.527377069 -0.849631429 -5.30388036E-07
vn -0.527377069 -0.84963131 -5.30387581E-07
vn -0.363918424 -0.931430876 -5.23751169E-07
vn -0.363918424 -0.931430876 -5.23751169E-07
vn -0.20818463 -0.978089511 -9.94517904E-07
vn -0.208184659 -0.978089511 -9.94517563E-07
vn -0.15247269 -0.988307774 -1.25093345E-06
vn -0.15247272 -0.988307774 -1.25093345E-06
vn -0.202529758 -0.979276061 0
vn -0.202529758 -0.979276061 0
vn -0.362765878 0.931880355 0
vn -0.362765908 0.931880355 0
vn -0.697186589 0.716889739 0
vn -0.769271612 0.638921738 0
vn -0.999452889 0.0330746584 0
vn -0.999452889 0.0330746584 0
vn -0.999452889 0.0330746584 0
vn -0.999452889 0.0330746584 0
vn -0.847661495 -0.530537426 0
vn -0.697821438 -0.716271818 0
vn -0.697821319 -0.716271877 0
vn -0.825068891 -0.565032244 0
vn -0.97487247 -0.222764015 0
vn -0.972648859 -0.232280791 0
vn -0.998040497 -0.062572062 0
vn -0.998114824 -0.0613744669 0
vn -0.99981755 0.019101901 0
vn -0.99981755 0.0191059913 0
vn -0.993389606 0.114791423 0
vn -0.993616581 0.112810433 0
vn -0.933227479 0.35928598 0
vn -0.920278966 0.3912628 0
vn -0.636049867 0.771648049 0
vn -0.605881929 0.795554638 0
vn -0.555762053 0.831341386 0
vn -0.555762112 0.831341386 0
vn -0.996516466 0.083396703 0
vn -0.996516466 0.083396703 0
vn -0.996516466 0.083396703 0
vn -0.996516466 0.083396703 0
vn -0.485065639 -0.874477744 0
vn -0.485065639 -0.874477744 0
vn -0.485065579 -0.874477744 0
vn -0.485065579 -0.874477744 0
vn -0.333352864 0.942802191 0
vn -0.333352864 0.942802191 0
vn -0.333352864 0.942802191 0
vn -0.333352864 0.942802191 0
vn -0.940618217 -0.339466482 6.69935901E-07
vn -0.855935097 -0.517083287 3.12582614E-07
vn -0.855935097 -0.517083287 3.12582642E-07
vn -0.92535001 -0.379113942 5.94628375E-07
vn -0.9997738 -0.0212713368 9.05256741E-07
vn -0.999836802 -0.0180632081 8.88360773E-07
vn -0.979069293 0.203526914 6.75232855E-07
vn -0.978679121 0.205395162 6.75142985E-07
vn -0.756832719 0.65360868 5.54147277E-07
vn -0.702739418 0.711447358 5.2026536E-07
vn -0.322277665 0.946645141 2.72562403E-07
vn -0.322277635 0.946645141 2.72562403E-07
vn -1 9.24889991E-06 3.80863014E-07
vn -1 9.24889991E-06 3.80863014E-07
vn -1 9.24889991E-06 3.80863014E-07
vn -1 9.24889991E-06 3.80863014E-07
vn -1.09624267E-07 0.956282973 0.292442828
vn 0.495301008 0.868721426 0
vn -0 1 0
vn 0.494544923 0.831155241 0.254177392
vn 0.260419309 0.923287094 0.28235203
vn 0.256583571 0.966522038 0
vn 0.0191117879 0.999817431 0
vn 0.018877374 0.956112742 0.292390287
vn -0.242561951 0.927724242 0.283709884
vn -0.240070745 0.970755398 1.89687256E-07
vn -0.601096272 0.759879827 0.247519433
vn -0.588778317 0.808294475 0
vn -0.698513865 0.677837372 0.229379177
vn -0.717648447 0.69640547 -1.94808891E-07
vn -0 0 1
vn -0 0 1
vn -0 0 1
vn -0 0 1
vn -0 0 1
vn 2.83287136E-07 0 1
vn 5.56668908E-07 0 1
vn -0 0 1
vn -0 0 1
vn 1.01712686E-07 0 1
vn -0 0 1
vn -0 0 1
vn -0 0 1
vn -0 0 1
vn -0 0 1
vn -0 0 1
vn -0 0 1
vn -0 0 1
vn -0 0 1
vn -0.711866438 -0.702314794 0
vn -0 -0.888268888 0.459323883
vn -0 -1 -1.61559498E-07
vn -0.709280789 -0.633616388 0.308951616
vn -0.78677243 -0.617243171 0
vn -0.754983246 -0.600975692 0.26235196
vn -0.654067934 -0.706669211 0.269840181
vn -0.705433726 -0.708775818 2.32932791E-07
vn -0.425873429 -0.856672645 0.291107863
vn -0.461350054 -0.887218177 0
vn -0.200309783 -0.979732633 0
vn -0.180401891 -0.935728312 0.30309689
vn 0.193305448 -0.934708953 0.298248649
vn 0.212594688 -0.977140546 0
vn 0.630030632 -0.77657032 0
vn 0.564741373 -0.786605358 0.249638066
vn 0.772928536 -0.634493113 1.17684898E-07
vn 0.757936478 -0.622186124 0.196002185
vn -0.763161719 -0.621205807 0.178010166
vn -0.828131378 -0.534734309 0.168100372
vn -0.840085804 -0.542453527 0
vn -0.785919011 -0.618329406 0
vn -0.597034276 -0.781048238 0.18306756
vn -0.604911208 -0.796292961 0
vn -0.471272886 -0.864833117 0.173105821
vn -0.470190674 -0.882564902 2.51243193E-07
vn -0.430930972 -0.886674643 0.16764991
vn -0.437117666 -0.899404407 5.08710968E-07
vn -1.09624267E-07 0.956282973 0.292442828
vn -0 1 0
vn -0.495301098 0.868721366 0
vn -0.494544894 0.8311553 0.254177272
vn -0.260419309 0.923287094 0.28235212
vn -0.256583571 0.966522038 0
vn -0.019111786 0.999817431 0
vn -0.0188773703 0.956112742 0.292390406
vn 0.242562041 0.927724361 0.283709615
vn 0.240070745 0.970755398 -1.75807713E-07
vn 0.601096272 0.759879708 0.247519672
vn 0.588778377 0.808294475 0
vn 0.698513806 0.677837312 0.229379728
vn 0.717648447 0.69640547 3.04388919E-07
vn -0 0 1
vn -0 0 1
vn -0 0 1
vn -0 0 1
vn 1.01281067E-07 0 1
vn -2.1246629E-07 0 1
vn -4.17503543E-07 0 1
vn -0 0 1
vn 1.16793444E-07 0 1
vn -0 0 1
vn -0 0 1
vn 1.74060347E-07 0 1
vn -0 0 1
vn 1.04501311E-07 0 1
vn -0 0 1
vn -0 0 1
vn -0 0 1
vn -0 0 1
vn -0 0 1
vn 0.711866498 -0.702314794 0
vn -0 -1 -1.61559498E-07
vn -0 -0.888268888 0.459323883
vn 0.709280789 -0.633616388 0.308951616
vn 0.78677243 -0.617243111 0
vn 0.754983306 -0.600975633 0.262351781
vn 0.654068112 -0.706669271 0.269839793
vn 0.705433726 -0.708775818 -2.37996545E-07
vn 0.425873429 -0.856672645 0.291107684
vn 0.461350054 -0.887218177 -1.63401211E-07
vn 0.200309828 -0.979732633 0
vn 0.180401891 -0.935728252 0.30309698
vn -0.193305433 -0.934708953 0.298248708
vn -0.212594688 -0.977140546 0
vn -0.630030572 -0.77657038 0
vn -0.564741373 -0.786605358 0.249638066
vn -0.772928536 -0.634493113 0
vn -0.757936478 -0.622186065 0.196002051
vn 0.763161719 -0.621205807 0.178010166
vn 0.840085804 -0.542453527 0
vn 0.828131378 -0.534734309 0.168100387
vn 0.785919011 -0.618329406 0
vn 0.597034276 -0.781048238 0.18306756
vn 0.604911208 -0.796292961 0
vn 0.471272826 -0.864833236 0.173105419
vn 0.470190674 -0.882564902 -2.60906404E-07
vn 0.430931002 -0.886674821 0.167648971
vn 0.437117666 -0.899404407 -3.85918696E-07
vn -0 0.956283331 -0.292441994
vn -0 1 0
vn 0.495301008 0.868721426 0
vn 0.494545013 0.831155479 -0.254176527
vn 0.260419339 0.923287213 -0.282351732
vn 0.256583571 0.966522038 0
vn 0.0191117879 0.999817431 0
vn 0.0188771952 0.956112623 -0.292390764
vn -0.242562026 0.927724183 -0.28371045
vn -0.240070745 0.970755398 1.89687256E-07
vn -0.601096213 0.759879589 -0.247520447
vn -0.588778317 0.808294475 0
vn -0.698513806 0.677837133 -0.229380414
vn -0.717648447 0.69640547 -1.94808891E-07
vn -0 0 -1
vn -0 0 -1
vn -1.92885807E-07 0 -1
vn -0 0 -1
vn -0 0 -1
vn -0 0 -1
vn -1.39167852E-07 0 -1
vn -0 0 -1
vn -5.67858297E-06 -2.76728315E-07 -1
vn -0 0 -1
vn -0 0 -1
vn -9.36457036E-06 -4.5892827E-07 -1
vn -3.02972967E-06 -1.47929597E-07 -1
vn -5.64307129E-06 -2.75528635E-07 -1
vn -0 0 -1
vn -0 0 -1
vn -0 0 -1
vn -0 0 -1
vn -0 0 -1
vn -0.711866438 -0.702314794 0
vn -0 -1 -1.61559498E-07
vn -0 -0.888269484 -0.459322751
vn -0.709280968 -0.633616567 -0.308950722
vn -0.78677243 -0.617243171 0
vn -0.754983485 -0.600975811 -0.262351006
vn -0.654069364 -0.706668258 -0.269839078
vn -0.705433726 -0.708775818 2.32932791E-07
vn -0.425874919 -0.85667187 -0.291108012
vn -0.461350054 -0.887218177 0
vn -0.200309783 -0.979732633 0
vn -0.180401862 -0.935728014 -0.303097904
vn 0.193305328 -0.934708655 -0.298249573
vn 0.212594688 -0.977140546 0
vn 0.630030632 -0.77657032 0
vn 0.564741075 -0.786605358 -0.24963887
vn 0.772928536 -0.634493113 1.17684898E-07
vn 0.757936299 -0.622186005 -0.196002662
vn -0.763161778 -0.621205509 -0.178010762
vn -0.840085804 -0.542453527 0
vn -0.828131199 -0.534734309 -0.168100879
vn -0.785919011 -0.618329406 0
vn -0.597034454 -0.78104794 -0.183068216
vn -0.604911208 -0.796292961 0
vn -0.471272826 -0.864833117 -0.173105955
vn -0.470190674 -0.882564902 2.51243193E-07
vn -0.430930972 -0.886674762 -0.167649493
vn -0.437117666 -0.899404407 5.08710968E-07
vn -0 0.956283331 -0.292441994
vn -0.495301098 0.868721366 0
vn -0 1 0
vn -0.494545013 0.831155479 -0.254176646
vn -0.260419369 0.923287213 -0.282351613
vn -0.256583571 0.966522038 0
vn -0.019111786 0.999817431 0
vn -0.0188771989 0.956112623 -0.292390734
vn 0.242561996 0.927724063 -0.283710867
vn 0.240070745 0.970755398 -1.75807713E-07
vn 0.601096213 0.759879649 -0.247520238
vn 0.588778377 0.808294475 0
vn 0.698513806 0.677837253 -0.229379937
vn 0.717648447 0.69640547 3.04388919E-07
vn -0 0 -1
vn 3.85773859E-07 0 -1
vn 1.85842325E-07 0 -1
vn -0 0 -1
vn -0 0 -1
vn -0 0 -1
vn -0 0 -1
vn -0 0 -1
vn 5.67175721E-06 -2.767284E-07 -1
vn -0 0 -1
vn -0 0 -1
vn 9.37049663E-06 -4.58928469E-07 -1
vn 3.01822615E-06 -1.47929711E-07 -1
vn 5.63976027E-06 -2.75528834E-07 -1
vn -0 0 -1
vn -0 0 -1
vn -0 0 -1
vn -0 0 -1
vn -0 0 -1
vn 0.711866498 -0.702314794 0
vn -0 -0.888269484 -0.459322751
vn -0 -1 -1.61559498E-07
vn 0.709280908 -0.633616626 -0.308950722
vn 0.78677243 -0.617243111 0
vn 0.754983425 -0.600975752 -0.262351185
vn 0.654069304 -0.706668258 -0.269839525
vn 0.705433726 -0.708775818 -2.37996545E-07
vn 0.425874889 -0.85667187 -0.291108221
vn 0.461350054 -0.887218177 -1.63401211E-07
vn 0.200309828 -0.979732633 0
vn 0.180401862 -0.935728014 -0.303097814
vn -0.193305343 -0.934708655 -0.298249513
vn -0.212594688 -0.977140546 0
vn -0.630030572 -0.77657038 0
vn -0.564741075 -0.786605299 -0.24963887
vn -0.772928536 -0.634493113 0
vn -0.757936299 -0.622186005 -0.196002796
vn 0.763161778 -0.621205509 -0.178010762
vn 0.828131199 -0.534734309 -0.168100879
vn 0.840085804 -0.542453527 0
vn 0.785919011 -0.618329406 0
vn 0.597034454 -0.78104794 -0.183068216
vn 0.604911208 -0.796292961 0
vn 0.471272856 -0.864833057 -0.173106402
vn 0.470190674 -0.882564902 -2.60906404E-07
vn 0.430930912 -0.886674643 -0.167650416
vn 0.437117666 -0.899404407 -3.85918696E-07
vn -0.362749815 0.379528552 0.85109961
vn -0.362749875 0.379528552 0.85109961
vn -0.362749815 0.379528552 0.85109961
vn -0.362749875 0.379528582 0.85109961
vn -0.996994615 -0.0774709284 0
vn -0.996994615 -0.0774709284 0
vn -0.996994615 -0.0774709284 0
vn -0.996994615 -0.0774709284 0
vn -0.687153816 0.726511896 0
vn -0.687153816 0.726511896 0
vn -0.687153816 0.726511896 0
vn -0.687153816 0.726511896 0
vn 0.100283295 0.994958937 0
vn 0.100283302 0.994958937 0
vn 0.100283302 0.994958937 0
vn 0.100283295 0.994958937 0
vn 0.68715471 -0.72651118 1.22122412E-06
vn 0.997744441 -0.0671276376 7.13370866E-07
vn 0.997744441 -0.0671276376 7.13370866E-07
vn 0.687154114 -0.726511717 1.22122447E-06
vn 0.0227308907 -0.999741614 1.08730399E-06
vn 0.0227308907 -0.999741614 1.08730399E-06
vn 0.362750024 0.379528821 0.851099432
vn 0.362750113 0.379528791 0.851099432
vn 0.362750083 0.379528821 0.851099432
vn 0.362750113 0.37952885 0.851099372
vn 0.996994615 -0.0774705783 0
vn 0.996994615 -0.0774705783 0
vn 0.996994615 -0.0774705783 0
vn 0.996994615 -0.0774705783 0
vn 0.687153816 0.726511896 0
vn 0.687153816 0.726511896 0
vn 0.687153816 0.726511896 0
vn 0.687153816 0.726511896 0
vn -0.10028328 0.994958937 0
vn -0.10028328 0.994958937 0
vn -0.10028328 0.994958937 0
vn -0.100283302 0.994958937 0
vn -0.997744441 -0.0671276376 7.054864E-07
vn -0.997744441 -0.0671276376 7.054864E-07
vn -0.997744441 -0.0671276376 7.054864E-07
vn -0.997744441 -0.0671276301 7.05486343E-07
vn -0.0227308925 -0.999741614 1.59286162E-06
vn -0.0227308907 -0.999741614 1.59286128E-06
vn -0.0227308907 -0.999741614 1.59286128E-06
vn -0.0227308925 -0.999741614 1.59286162E-06
vn -0.362750202 0.379528165 -0.85109961
vn -0.362750202 0.379528195 -0.85109961
vn -0.362750202 0.379528135 -0.85109967
vn -0.362750232 0.379528135 -0.85109967
vn -0.996994615 -0.0774705783 0
vn -0.996994615 -0.0774705783 0
vn -0.996994615 -0.0774705783 0
vn -0.996994615 -0.0774705783 0
vn -0.687153816 0.726511896 0
vn -0.687153816 0.726511896 0
vn -0.687153816 0.726511896 0
vn -0.687153816 0.726511896 0
vn 0.100283273 0.994958937 0
vn 0.100283273 0.994958937 0
vn 0.100283273 0.994958937 0
vn 0.100283287 0.994958937 0
vn 0.68715471 -0.72651124 -1.56045303E-06
vn 0.997744441 -0.0671276301 -7.05486343E-07
vn 0.997744441 -0.0671276301 -7.05486343E-07
vn 0.687154114 -0.726511717 -1.56045314E-06
vn 0.0227308907 -0.999741614 -1.59286128E-06
vn 0.0227308907 -0.999741614 -1.59286128E-06
vn 0.362750024 0.379527956 -0.851099849
vn 0.362750083 0.379528016 -0.851099789
vn 0.362750024 0.379527986 -0.851099849
vn 0.362750053 0.379527986 -0.851099849
vn 0.996994615 -0.0774709359 0
vn 0.996994615 -0.0774709433 0
vn 0.996994615 -0.0774709433 0
vn 0.996994615 -0.0774709359 0
vn 0.687153816 0.726511896 0
vn 0.687153816 0.726511896 0
vn 0.687153816 0.726511896 0
vn 0.687153816 0.726511896 0
vn -0.100283287 0.994958937 0
vn -0.100283287 0.994958937 0
vn -0.100283273 0.994958937 0
vn -0.100283287 0.994958937 0
vn -0.68715471 -0.72651124 -1.22122401E-06
vn -0.997744441 -0.0671276301 -7.1337081E-07
vn -0.997744441 -0.0671276301 -7.1337081E-07
vn -0.687154114 -0.726511717 -1.22122424E-06
vn -0.0227308907 -0.999741614 -1.08730399E-06
vn -0.0227308907 -0.999741614 -1.08730399E-06
g TowerMirrorFrameMesh_0
f 3/3/3 2/2/2 1/1/1
f 6/6/6 5/5/5 4/4/4
f 9/9/9 8/8/8 7/7/7
f 12/12/12 11/11/11 10/10/10
f 15/15/15 14/14/14 13/13/13
f 18/18/18 17/17/17 16/16/16
f 21/21/21 20/20/20 19/19/19
f 24/24/24 23/23/23 22/22/22
f 27/27/27 26/26/26 25/25/25
f 30/30/30 29/29/29 28/28/28
f 33/33/33 32/32/32 31/31/31
f 36/36/36 35/35/35 34/34/34
f 39/39/39 38/38/38 37/37/37
f 42/42/42 41/41/41 40/40/40
f 45/45/45 44/44/44 43/43/43
f 48/48/48 47/47/47 46/46/46
f 51/51/51 50/50/50 49/49/49
f 54/54/54 53/53/53 52/52/52
f 57/57/57 56/56/56 55/55/55
f 60/60/60 59/59/59 58/58/58
f 63/63/63 62/62/62 61/61/61
f 66/66/66 65/65/65 64/64/64
f 69/69/69 68/68/68 67/67/67
f 72/72/72 71/71/71 70/70/70
f 75/75/75 74/74/74 73/73/73
f 78/78/78 77/77/77 76/76/76
f 81/81/81 80/80/80 79/79/79
f 84/84/84 83/83/83 82/82/82
f 87/87/87 86/86/86 85/85/85
f 90/90/90 89/89/89 88/88/88
f 93/93/93 92/92/92 91/91/91
f 96/96/96 95/95/95 94/94/94
f 99/99/99 98/98/98 97/97/97
f 102/102/102 101/101/101 100/100/100
f 105/105/105 104/104/104 103/103/103
f 108/108/108 107/107/107 106/106/106
f 111/111/111 110/110/110 109/109/109
f 114/114/114 113/113/113 112/112/112
f 117/117/117 116/116/116 115/115/115
f 120/120/120 119/119/119 118/118/118
f 123/123/123 122/122/122 121/121/121
f 126/126/126 125/125/125 124/124/124
f 129/129/129 128/128/128 127/127/127
f 132/132/132 131/131/131 130/130/130
f 135/135/135 134/134/134 133/133/133
f 138/138/138 137/137/137 136/136/136
f 141/141/141 140/140/140 139/139/139
f 144/144/144 143/143/143 142/142/142
f 147/147/147 146/146/146 145/145/145
f 150/150/150 149/149/149 148/148/148
f 153/153/153 152/152/152 151/151/151
f 156/156/156 155/155/155 154/154/154
f 159/159/159 158/158/158 157/157/157
f 162/162/162 161/161/161 160/160/160
f 165/165/165 164/164/164 163/163/163
f 168/168/168 167/167/167 166/166/166
f 171/171/171 170/170/170 169/169/169
f 174/174/174 173/173/173 172/172/172
f 177/177/177 176/176/176 175/175/175
f 180/180/180 179/179/179 178/178/178
f 183/183/183 182/182/182 181/181/181
f 186/186/186 185/185/185 184/184/184
f 189/189/189 188/188/188 187/187/187
f 192/192/192 191/191/191 190/190/190
f 195/195/195 194/194/194 193/193/193
f 198/198/198 197/197/197 196/196/196
f 201/201/201 200/200/200 199/199/199
f 204/204/204 203/203/203 202/202/202
f 207/207/207 206/206/206 205/205/205
f 210/210/210 209/209/209 208/208/208
f 213/213/213 212/212/212 211/211/211
f 216/216/216 215/215/215 214/214/214
f 219/219/219 218/218/218 217/217/217
f 222/222/222 221/221/221 220/220/220
f 225/225/225 224/224/224 223/223/223
f 228/228/228 227/227/227 226/226/226
f 231/231/231 230/230/230 229/229/229
f 234/234/234 233/233/233 232/232/232
f 237/237/237 236/236/236 235/235/235
f 240/240/240 239/239/239 238/238/238
f 243/243/243 242/242/242 241/241/241
f 246/246/246 245/245/245 244/244/244
f 249/249/249 248/248/248 247/247/247
f 252/252/252 251/251/251 250/250/250
f 255/255/255 254/254/254 253/253/253
f 258/258/258 257/257/257 256/256/256
f 261/261/261 260/260/260 259/259/259
f 264/264/264 263/263/263 262/262/262
f 267/267/267 266/266/266 265/265/265
f 270/270/270 269/269/269 268/268/268
f 273/273/273 272/272/272 271/271/271
f 276/276/276 275/275/275 274/274/274
f 279/279/279 278/278/278 277/277/277
f 282/282/282 281/281/281 280/280/280
f 285/285/285 284/284/284 283/283/283
f 288/288/288 287/287/287 286/286/286
f 291/291/291 290/290/290 289/289/289
f 294/294/294 293/293/293 292/292/292
f 297/297/297 296/296/296 295/295/295
f 300/300/300 299/299/299 298/298/298
f 303/303/303 302/302/302 301/301/301
f 306/306/306 305/305/305 304/304/304
f 309/309/309 308/308/308 307/307/307
f 312/312/312 311/311/311 310/310/310
f 315/315/315 314/314/314 313/313/313
f 318/318/318 317/317/317 316/316/316
f 321/321/321 320/320/320 319/319/319
f 324/324/324 323/323/323 322/322/322
f 327/327/327 326/326/326 325/325/325
f 330/330/330 329/329/329 328/328/328
f 333/333/333 332/332/332 331/331/331
f 336/336/336 335/335/335 334/334/334
f 339/339/339 338/338/338 337/337/337
f 342/342/342 341/341/341 340/340/340
f 345/345/345 344/344/344 343/343/343
f 348/348/348 347/347/347 346/346/346
f 351/351/351 350/350/350 349/349/349
f 354/354/354 353/353/353 352/352/352
f 357/357/357 356/356/356 355/355/355
f 360/360/360 359/359/359 358/358/358
f 363/363/363 362/362/362 361/361/361
f 366/366/366 365/365/365 364/364/364
f 369/369/369 368/368/368 367/367/367
f 372/372/372 371/371/371 370/370/370
f 375/375/375 374/374/374 373/373/373
f 378/378/378 377/377/377 376/376/376
f 381/381/381 380/380/380 379/379/379
f 384/384/384 383/383/383 382/382/382
f 387/387/387 386/386/386 385/385/385
f 390/390/390 389/389/389 388/388/388
f 393/393/393 392/392/392 391/391/391
f 396/396/396 395/395/395 394/394/394
f 399/399/399 398/398/398 397/397/397
f 399/399/399 400/400/400 398/398/398
f 400/400/400 401/401/401 398/398/398
f 402/402/402 400/400/400 399/399/399
f 403/403/403 402/402/402 399/399/399
f 403/403/403 399/399/399 404/404/404
f 407/407/407 406/406/406 405/405/405
f 406/406/406 408/408/408 405/405/405
f 408/408/408 406/406/406 409/409/409
f 412/412/412 411/411/411 410/410/410
f 411/411/411 413/413/413 410/410/410
f 411/411/411 414/414/414 413/413/413
f 417/417/417 416/416/416 415/415/415
f 418/418/418 417/417/417 415/415/415
f 417/417/417 420/420/420 419/419/419
f 421/421/421 417/417/417 419/419/419
f 417/417/417 421/421/421 422/422/422
f 423/423/423 417/417/417 422/422/422
f 426/426/426 425/425/425 424/424/424
f 427/427/427 426/426/426 424/424/424
f 428/428/428 427/427/427 424/424/424
f 431/431/431 430/430/430 429/429/429
f 430/430/430 432/432/432 429/429/429
f 430/430/430 433/433/433 432/432/432
f 436/436/436 435/435/435 434/434/434
f 437/437/437 436/436/436 434/434/434
f 437/437/437 434/434/434 438/438/438
f 436/436/436 437/437/437 439/439/439
f 440/440/440 437/437/437 438/438/438
f 437/437/437 440/440/440 439/439/439
f 443/443/443 442/442/442 441/441/441
f 444/444/444 443/443/443 441/441/441
f 444/444/444 441/441/441 445/445/445
f 443/443/443 444/444/444 446/446/446
f 447/447/447 444/444/444 445/445/445
f 444/444/444 447/447/447 446/446/446
f 450/450/450 449/449/449 448/448/448
f 451/451/451 450/450/450 448/448/448
f 451/451/451 448/448/448 452/452/452
f 450/450/450 451/451/451 453/453/453
f 454/454/454 451/451/451 452/452/452
f 451/451/451 454/454/454 453/453/453
f 457/457/457 456/456/456 455/455/455
f 458/458/458 457/457/457 455/455/455
f 458/458/458 455/455/455 459/459/459
f 460/460/460 457/457/457 458/458/458
f 461/461/461 458/458/458 459/459/459
f 461/461/461 460/460/460 458/458/458
f 464/464/464 463/463/463 462/462/462
f 465/465/465 464/464/464 462/462/462
f 465/465/465 462/462/462 466/466/466
f 464/464/464 465/465/465 467/467/467
f 468/468/468 465/465/465 466/466/466
f 465/465/465 468/468/468 467/467/467
f 471/471/471 470/470/470 469/469/469
f 472/472/472 471/471/471 469/469/469
f 472/472/472 469/469/469 473/473/473
f 471/471/471 472/472/472 474/474/474
f 475/475/475 472/472/472 473/473/473
f 472/472/472 475/475/475 474/474/474
f 478/478/478 477/477/477 476/476/476
f 479/479/479 478/478/478 476/476/476
f 482/482/482 481/481/481 480/480/480
f 481/481/481 483/483/483 480/480/480
f 486/486/486 485/485/485 484/484/484
f 485/485/485 487/487/487 484/484/484
f 490/490/490 489/489/489 488/488/488
f 491/491/491 490/490/490 488/488/488
f 494/494/494 493/493/493 492/492/492
f 492/492/492 495/495/495 494/494/494
f 495/495/495 496/496/496 494/494/494
f 497/497/497 496/496/496 495/495/495
f 498/498/498 497/497/497 495/495/495
f 498/498/498 495/495/495 499/499/499
f 498/498/498 499/499/499 500/500/500
f 498/498/498 501/501/501 497/497/497
f 501/501/501 498/498/498 500/500/500
f 501/501/501 502/502/502 497/497/497
f 501/501/501 500/500/500 503/503/503
f 504/504/504 502/502/502 501/501/501
f 505/505/505 501/501/501 503/503/503
f 505/505/505 504/504/504 501/501/501
f 505/505/505 503/503/503 506/506/506
f 505/505/505 507/507/507 504/504/504
f 507/507/507 505/505/505 506/506/506
f 507/507/507 508/508/508 504/504/504
f 507/507/507 506/506/506 509/509/509
f 510/510/510 508/508/508 507/507/507
f 511/511/511 507/507/507 509/509/509
f 511/511/511 510/510/510 507/507/507
f 511/511/511 509/509/509 512/512/512
f 511/511/511 513/513/513 510/510/510
f 513/513/513 511/511/511 512/512/512
f 513/513/513 514/514/514 510/510/510
f 513/513/513 515/515/515 514/514/514
f 513/513/513 512/512/512 516/516/516
f 515/515/515 513/513/513 517/517/517
f 517/517/517 513/513/513 516/516/516
f 518/518/518 515/515/515 517/517/517
f 517/517/517 516/516/516 519/519/519
f 518/518/518 517/517/517 519/519/519
f 520/520/520 518/518/518 519/519/519
f 516/516/516 521/521/521 519/519/519
f 522/522/522 520/520/520 519/519/519
f 521/521/521 523/523/523 519/519/519
f 523/523/523 522/522/522 519/519/519
f 524/524/524 522/522/522 523/523/523
f 525/525/525 524/524/524 523/523/523
f 523/523/523 521/521/521 526/526/526
f 523/523/523 527/527/527 525/525/525
f 527/527/527 523/523/523 526/526/526
f 526/526/526 528/528/528 527/527/527
f 527/527/527 528/528/528 529/529/529
f 528/528/528 530/530/530 529/529/529
f 530/530/530 528/528/528 531/531/531
f 530/530/530 531/531/531 532/532/532
f 530/530/530 532/532/532 533/533/533
f 530/530/530 533/533/533 534/534/534
f 535/535/535 530/530/530 534/534/534
f 535/535/535 536/536/536 530/530/530
f 530/530/530 536/536/536 537/537/537
f 530/530/530 537/537/537 538/538/538
f 529/529/529 530/530/530 538/538/538
f 538/538/538 539/539/539 529/529/529
f 539/539/539 540/540/540 529/529/529
f 529/529/529 540/540/540 527/527/527
f 540/540/540 541/541/541 527/527/527
f 541/541/541 542/542/542 527/527/527
f 545/545/545 544/544/544 543/543/543
f 545/545/545 546/546/546 544/544/544
f 546/546/546 547/547/547 544/544/544
f 548/548/548 547/547/547 546/546/546
f 549/549/549 548/548/548 546/546/546
f 549/549/549 550/550/550 548/548/548
f 550/550/550 551/551/551 548/548/548
f 552/552/552 551/551/551 550/550/550
f 553/553/553 552/552/552 550/550/550
f 553/553/553 554/554/554 552/552/552
f 554/554/554 555/555/555 552/552/552
f 556/556/556 555/555/555 554/554/554
f 557/557/557 556/556/556 554/554/554
f 557/557/557 558/558/558 556/556/556
f 558/558/558 559/559/559 556/556/556
f 560/560/560 559/559/559 558/558/558
f 561/561/561 560/560/560 558/558/558
f 562/562/562 560/560/560 561/561/561
f 563/563/563 562/562/562 561/561/561
f 563/563/563 564/564/564 562/562/562
f 564/564/564 565/565/565 562/562/562
f 564/564/564 566/566/566 565/565/565
f 567/567/567 565/565/565 566/566/566
f 568/568/568 567/567/567 566/566/566
f 569/569/569 567/567/567 568/568/568
f 570/570/570 569/569/569 568/568/568
f 571/571/571 569/569/569 570/570/570
f 571/571/571 572/572/572 569/569/569
f 571/571/571 573/573/573 572/572/572
f 573/573/573 574/574/574 572/572/572
f 574/574/574 575/575/575 572/572/572
f 576/576/576 575/575/575 574/574/574
f 577/577/577 576/576/576 574/574/574
f 578/578/578 576/576/576 577/577/577
f 579/579/579 578/578/578 577/577/577
f 579/579/579 580/580/580 578/578/578
f 580/580/580 579/579/579 581/581/581
f 582/582/582 580/580/580 581/581/581
f 582/582/582 581/581/581 583/583/583
f 581/581/581 584/584/584 583/583/583
f 583/583/583 584/584/584 585/585/585
f 586/586/586 583/583/583 585/585/585
f 586/586/586 585/585/585 587/587/587
f 585/585/585 588/588/588 587/587/587
f 587/587/587 588/588/588 589/589/589
f 590/590/590 587/587/587 589/589/589
f 590/590/590 589/589/589 591/591/591
f 589/589/589 592/592/592 591/591/591
f 595/595/595 594/594/594 593/593/593
f 596/596/596 593/593/593 594/594/594
f 597/597/597 596/596/596 594/594/594
f 597/597/597 598/598/598 596/596/596
f 598/598/598 599/599/599 596/596/596
f 596/596/596 599/599/599 600/600/600
f 600/600/600 599/599/599 601/601/601
f 602/602/602 599/599/599 598/598/598
f 599/599/599 602/602/602 601/601/601
f 603/603/603 602/602/602 598/598/598
f 601/601/601 602/602/602 604/604/604
f 603/603/603 605/605/605 602/602/602
f 602/602/602 606/606/606 604/604/604
f 605/605/605 606/606/606 602/602/602
f 604/604/604 606/606/606 607/607/607
f 608/608/608 606/606/606 605/605/605
f 606/606/606 608/608/608 607/607/607
f 609/609/609 608/608/608 605/605/605
f 607/607/607 608/608/608 610/610/610
f 609/609/609 611/611/611 608/608/608
f 608/608/608 612/612/612 610/610/610
f 611/611/611 612/612/612 608/608/608
f 610/610/610 612/612/612 613/613/613
f 614/614/614 612/612/612 611/611/611
f 612/612/612 614/614/614 613/613/613
f 615/615/615 614/614/614 611/611/611
f 616/616/616 614/614/614 615/615/615
f 613/613/613 614/614/614 617/617/617
f 614/614/614 616/616/616 618/618/618
f 614/614/614 618/618/618 617/617/617
f 616/616/616 619/619/619 618/618/618
f 617/617/617 618/618/618 620/620/620
f 618/618/618 619/619/619 620/620/620
f 619/619/619 621/621/621 620/620/620
f 622/622/622 617/617/617 620/620/620
f 621/621/621 623/623/623 620/620/620
f 624/624/624 622/622/622 620/620/620
f 623/623/623 624/624/624 620/620/620
f 623/623/623 625/625/625 624/624/624
f 625/625/625 626/626/626 624/624/624
f 622/622/622 624/624/624 627/627/627
f 628/628/628 624/624/624 626/626/626
f 624/624/624 628/628/628 627/627/627
f 629/629/629 627/627/627 628/628/628
f 629/629/629 628/628/628 630/630/630
f 631/631/631 629/629/629 630/630/630
f 629/629/629 631/631/631 632/632/632
f 632/632/632 631/631/631 633/633/633
f 633/633/633 631/631/631 634/634/634
f 634/634/634 631/631/631 635/635/635
f 631/631/631 636/636/636 635/635/635
f 637/637/637 636/636/636 631/631/631
f 637/637/637 631/631/631 638/638/638
f 638/638/638 631/631/631 639/639/639
f 631/631/631 630/630/630 639/639/639
f 640/640/640 639/639/639 630/630/630
f 641/641/641 640/640/640 630/630/630
f 641/641/641 630/630/630 628/628/628
f 642/642/642 641/641/641 628/628/628
f 643/643/643 642/642/642 628/628/628
f 646/646/646 645/645/645 644/644/644
f 647/647/647 645/645/645 646/646/646
f 648/648/648 647/647/647 646/646/646
f 648/648/648 649/649/649 647/647/647
f 649/649/649 650/650/650 647/647/647
f 651/651/651 650/650/650 649/649/649
f 652/652/652 651/651/651 649/649/649
f 652/652/652 653/653/653 651/651/651
f 653/653/653 654/654/654 651/651/651
f 655/655/655 654/654/654 653/653/653
f 656/656/656 655/655/655 653/653/653
f 656/656/656 657/657/657 655/655/655
f 657/657/657 658/658/658 655/655/655
f 659/659/659 658/658/658 657/657/657
f 660/660/660 659/659/659 657/657/657
f 660/660/660 661/661/661 659/659/659
f 661/661/661 662/662/662 659/659/659
f 661/661/661 663/663/663 662/662/662
f 663/663/663 664/664/664 662/662/662
f 665/665/665 664/664/664 663/663/663
f 666/666/666 665/665/665 663/663/663
f 667/667/667 665/665/665 666/666/666
f 666/666/666 668/668/668 667/667/667
f 668/668/668 669/669/669 667/667/667
f 668/668/668 670/670/670 669/669/669
f 670/670/670 671/671/671 669/669/669
f 670/670/670 672/672/672 671/671/671
f 673/673/673 672/672/672 670/670/670
f 674/674/674 672/672/672 673/673/673
f 675/675/675 674/674/674 673/673/673
f 676/676/676 675/675/675 673/673/673
f 676/676/676 677/677/677 675/675/675
f 677/677/677 678/678/678 675/675/675
f 677/677/677 679/679/679 678/678/678
f 679/679/679 680/680/680 678/678/678
f 681/681/681 680/680/680 679/679/679
f 680/680/680 681/681/681 682/682/682
f 681/681/681 683/683/683 682/682/682
f 682/682/682 683/683/683 684/684/684
f 685/685/685 682/682/682 684/684/684
f 685/685/685 684/684/684 686/686/686
f 684/684/684 687/687/687 686/686/686
f 686/686/686 687/687/687 688/688/688
f 689/689/689 686/686/686 688/688/688
f 689/689/689 688/688/688 690/690/690
f 688/688/688 691/691/691 690/690/690
f 690/690/690 691/691/691 692/692/692
f 693/693/693 690/690/690 692/692/692
f 696/696/696 695/695/695 694/694/694
f 697/697/697 694/694/694 695/695/695
f 698/698/698 697/697/697 695/695/695
f 698/698/698 699/699/699 697/697/697
f 699/699/699 700/700/700 697/697/697
f 697/697/697 700/700/700 701/701/701
f 701/701/701 700/700/700 702/702/702
f 703/703/703 700/700/700 699/699/699
f 700/700/700 703/703/703 702/702/702
f 704/704/704 703/703/703 699/699/699
f 702/702/702 703/703/703 705/705/705
f 704/704/704 706/706/706 703/703/703
f 703/703/703 707/707/707 705/705/705
f 706/706/706 707/707/707 703/703/703
f 705/705/705 707/707/707 708/708/708
f 709/709/709 707/707/707 706/706/706
f 707/707/707 709/709/709 708/708/708
f 710/710/710 709/709/709 706/706/706
f 708/708/708 709/709/709 711/711/711
f 710/710/710 712/712/712 709/709/709
f 709/709/709 713/713/713 711/711/711
f 712/712/712 713/713/713 709/709/709
f 711/711/711 713/713/713 714/714/714
f 715/715/715 713/713/713 712/712/712
f 713/713/713 715/715/715 714/714/714
f 716/716/716 715/715/715 712/712/712
f 717/717/717 715/715/715 716/716/716
f 714/714/714 715/715/715 718/718/718
f 715/715/715 717/717/717 719/719/719
f 715/715/715 719/719/719 718/718/718
f 717/717/717 720/720/720 719/719/719
f 718/718/718 719/719/719 721/721/721
f 719/719/719 720/720/720 721/721/721
f 720/720/720 722/722/722 721/721/721
f 723/723/723 718/718/718 721/721/721
f 722/722/722 724/724/724 721/721/721
f 725/725/725 723/723/723 721/721/721
f 724/724/724 725/725/725 721/721/721
f 724/724/724 726/726/726 725/725/725
f 726/726/726 727/727/727 725/725/725
f 723/723/723 725/725/725 728/728/728
f 729/729/729 725/725/725 727/727/727
f 725/725/725 729/729/729 728/728/728
f 730/730/730 728/728/728 729/729/729
f 730/730/730 729/729/729 731/731/731
f 732/732/732 730/730/730 731/731/731
f 730/730/730 732/732/732 733/733/733
f 733/733/733 732/732/732 734/734/734
f 734/734/734 732/732/732 735/735/735
f 735/735/735 732/732/732 736/736/736
f 732/732/732 737/737/737 736/736/736
f 738/738/738 737/737/737 732/732/732
f 738/738/738 732/732/732 739/739/739
f 739/739/739 732/732/732 740/740/740
f 732/732/732 731/731/731 740/740/740
f 741/741/741 740/740/740 731/731/731
f 742/742/742 741/741/741 731/731/731
f 742/742/742 731/731/731 729/729/729
f 743/743/743 742/742/742 729/729/729
f 744/744/744 743/743/743 729/729/729
f 747/747/747 746/746/746 745/745/745
f 748/748/748 746/746/746 747/747/747
f 749/749/749 748/748/748 747/747/747
f 749/749/749 750/750/750 748/748/748
f 750/750/750 751/751/751 748/748/748
f 752/752/752 751/751/751 750/750/750
f 753/753/753 752/752/752 750/750/750
f 753/753/753 754/754/754 752/752/752
f 754/754/754 755/755/755 752/752/752
f 756/756/756 755/755/755 754/754/754
f 757/757/757 756/756/756 754/754/754
f 757/757/757 758/758/758 756/756/756
f 758/758/758 759/759/759 756/756/756
f 760/760/760 759/759/759 758/758/758
f 761/761/761 760/760/760 758/758/758
f 761/761/761 762/762/762 760/760/760
f 762/762/762 763/763/763 760/760/760
f 762/762/762 764/764/764 763/763/763
f 764/764/764 765/765/765 763/763/763
f 766/766/766 765/765/765 764/764/764
f 767/767/767 766/766/766 764/764/764
f 768/768/768 766/766/766 767/767/767
f 767/767/767 769/769/769 768/768/768
f 769/769/769 770/770/770 768/768/768
f 769/769/769 771/771/771 770/770/770
f 771/771/771 772/772/772 770/770/770
f 771/771/771 773/773/773 772/772/772
f 774/774/774 773/773/773 771/771/771
f 775/775/775 773/773/773 774/774/774
f 776/776/776 775/775/775 774/774/774
f 777/777/777 776/776/776 774/774/774
f 777/777/777 778/778/778 776/776/776
f 778/778/778 779/779/779 776/776/776
f 778/778/778 780/780/780 779/779/779
f 780/780/780 781/781/781 779/779/779
f 782/782/782 781/781/781 780/780/780
f 781/781/781 782/782/782 783/783/783
f 782/782/782 784/784/784 783/783/783
f 783/783/783 784/784/784 785/785/785
f 786/786/786 783/783/783 785/785/785
f 786/786/786 785/785/785 787/787/787
f 785/785/785 788/788/788 787/787/787
f 787/787/787 788/788/788 789/789/789
f 790/790/790 787/787/787 789/789/789
f 790/790/790 789/789/789 791/791/791
f 789/789/789 792/792/792 791/791/791
f 791/791/791 792/792/792 793/793/793
f 794/794/794 791/791/791 793/793/793
f 797/797/797 796/796/796 795/795/795
f 795/795/795 798/798/798 797/797/797
f 798/798/798 799/799/799 797/797/797
f 800/800/800 799/799/799 798/798/798
f 801/801/801 800/800/800 798/798/798
f 801/801/801 798/798/798 802/802/802
f 801/801/801 802/802/802 803/803/803
f 801/801/801 804/804/804 800/800/800
f 804/804/804 801/801/801 803/803/803
f 804/804/804 805/805/805 800/800/800
f 804/804/804 803/803/803 806/806/806
f 807/807/807 805/805/805 804/804/804
f 808/808/808 804/804/804 806/806/806
f 808/808/808 807/807/807 804/804/804
f 808/808/808 806/806/806 809/809/809
f 808/808/808 810/810/810 807/807/807
f 810/810/810 808/808/808 809/809/809
f 810/810/810 811/811/811 807/807/807
f 810/810/810 809/809/809 812/812/812
f 813/813/813 811/811/811 810/810/810
f 814/814/814 810/810/810 812/812/812
f 814/814/814 813/813/813 810/810/810
f 814/814/814 812/812/812 815/815/815
f 814/814/814 816/816/816 813/813/813
f 816/816/816 814/814/814 815/815/815
f 816/816/816 817/817/817 813/813/813
f 816/816/816 818/818/818 817/817/817
f 816/816/816 815/815/815 819/819/819
f 818/818/818 816/816/816 820/820/820
f 820/820/820 816/816/816 819/819/819
f 821/821/821 818/818/818 820/820/820
f 820/820/820 819/819/819 822/822/822
f 821/821/821 820/820/820 822/822/822
f 823/823/823 821/821/821 822/822/822
f 819/819/819 824/824/824 822/822/822
f 825/825/825 823/823/823 822/822/822
f 824/824/824 826/826/826 822/822/822
f 826/826/826 825/825/825 822/822/822
f 827/827/827 825/825/825 826/826/826
f 828/828/828 827/827/827 826/826/826
f 826/826/826 824/824/824 829/829/829
f 826/826/826 830/830/830 828/828/828
f 830/830/830 826/826/826 829/829/829
f 829/829/829 831/831/831 830/830/830
f 830/830/830 831/831/831 832/832/832
f 831/831/831 833/833/833 832/832/832
f 833/833/833 831/831/831 834/834/834
f 833/833/833 834/834/834 835/835/835
f 833/833/833 835/835/835 836/836/836
f 833/833/833 836/836/836 837/837/837
f 838/838/838 833/833/833 837/837/837
f 838/838/838 839/839/839 833/833/833
f 833/833/833 839/839/839 840/840/840
f 833/833/833 840/840/840 841/841/841
f 832/832/832 833/833/833 841/841/841
f 841/841/841 842/842/842 832/832/832
f 842/842/842 843/843/843 832/832/832
f 832/832/832 843/843/843 830/830/830
f 843/843/843 844/844/844 830/830/830
f 844/844/844 845/845/845 830/830/830
f 848/848/848 847/847/847 846/846/846
f 848/848/848 849/849/849 847/847/847
f 849/849/849 850/850/850 847/847/847
f 851/851/851 850/850/850 849/849/849
f 852/852/852 851/851/851 849/849/849
f 852/852/852 853/853/853 851/851/851
f 853/853/853 854/854/854 851/851/851
f 855/855/855 854/854/854 853/853/853
f 856/856/856 855/855/855 853/853/853
f 856/856/856 857/857/857 855/855/855
f 857/857/857 858/858/858 855/855/855
f 859/859/859 858/858/858 857/857/857
f 860/860/860 859/859/859 857/857/857
f 860/860/860 861/861/861 859/859/859
f 861/861/861 862/862/862 859/859/859
f 863/863/863 862/862/862 861/861/861
f 864/864/864 863/863/863 861/861/861
f 865/865/865 863/863/863 864/864/864
f 866/866/866 865/865/865 864/864/864
f 866/866/866 867/867/867 865/865/865
f 867/867/867 868/868/868 865/865/865
f 867/867/867 869/869/869 868/868/868
f 870/870/870 868/868/868 869/869/869
f 871/871/871 870/870/870 869/869/869
f 872/872/872 870/870/870 871/871/871
f 873/873/873 872/872/872 871/871/871
f 874/874/874 872/872/872 873/873/873
f 874/874/874 875/875/875 872/872/872
f 874/874/874 876/876/876 875/875/875
f 876/876/876 877/877/877 875/875/875
f 877/877/877 878/878/878 875/875/875
f 879/879/879 878/878/878 877/877/877
f 880/880/880 879/879/879 877/877/877
f 881/881/881 879/879/879 880/880/880
f 882/882/882 881/881/881 880/880/880
f 882/882/882 883/883/883 881/881/881
f 883/883/883 882/882/882 884/884/884
f 885/885/885 883/883/883 884/884/884
f 885/885/885 884/884/884 886/886/886
f 884/884/884 887/887/887 886/886/886
f 886/886/886 887/887/887 888/888/888
f 889/889/889 886/886/886 888/888/888
f 889/889/889 888/888/888 890/890/890
f 888/888/888 891/891/891 890/890/890
f 890/890/890 891/891/891 892/892/892
f 893/893/893 890/890/890 892/892/892
f 893/893/893 892/892/892 894/894/894
f 892/892/892 895/895/895 894/894/894
f 898/898/898 897/897/897 896/896/896
f 897/897/897 899/899/899 896/896/896
f 900/900/900 899/899/899 897/897/897
f 899/899/899 900/900/900 901/901/901
f 896/896/896 899/899/899 902/902/902
f 902/902/902 899/899/899 901/901/901
f 903/903/903 896/896/896 902/902/902
f 903/903/903 902/902/902 904/904/904
f 902/902/902 901/901/901 905/905/905
f 902/902/902 905/905/905 904/904/904
f 901/901/901 906/906/906 905/905/905
f 905/905/905 906/906/906 907/907/907
f 904/904/904 905/905/905 908/908/908
f 908/908/908 905/905/905 907/907/907
f 909/909/909 904/904/904 908/908/908
f 909/909/909 908/908/908 910/910/910
f 907/907/907 911/911/911 908/908/908
f 908/908/908 911/911/911 910/910/910
f 907/907/907 912/912/912 911/911/911
f 910/910/910 911/911/911 913/913/913
f 912/912/912 913/913/913 911/911/911
f 914/914/914 910/910/910 913/913/913
f 914/914/914 913/913/913 915/915/915
f 916/916/916 913/913/913 912/912/912
f 913/913/913 916/916/916 915/915/915
f 917/917/917 916/916/916 912/912/912
f 917/917/917 918/918/918 916/916/916
f 915/915/915 916/916/916 919/919/919
f 918/918/918 919/919/919 916/916/916
f 920/920/920 915/915/915 919/919/919
f 918/918/918 921/921/921 919/919/919
f 922/922/922 920/920/920 919/919/919
f 921/921/921 922/922/922 919/919/919
f 925/925/925 924/924/924 923/923/923
f 926/926/926 925/925/925 923/923/923
f 926/926/926 923/923/923 927/927/927
f 928/928/928 926/926/926 927/927/927
f 928/928/928 927/927/927 929/929/929
f 932/932/932 931/931/931 930/930/930
f 932/932/932 933/933/933 931/931/931
f 934/934/934 933/933/933 932/932/932
f 935/935/935 934/934/934 932/932/932
f 935/935/935 936/936/936 934/934/934
f 935/935/935 937/937/937 936/936/936
f 935/935/935 938/938/938 937/937/937
f 939/939/939 938/938/938 935/935/935
f 940/940/940 939/939/939 935/935/935
f 940/940/940 941/941/941 939/939/939
f 940/940/940 942/942/942 941/941/941
f 945/945/945 944/944/944 943/943/943
f 946/946/946 945/945/945 943/943/943
f 946/946/946 947/947/947 945/945/945
f 947/947/947 946/946/946 948/948/948
f 946/946/946 943/943/943 949/949/949
f 946/946/946 949/949/949 948/948/948
f 943/943/943 950/950/950 949/949/949
f 949/949/949 950/950/950 951/951/951
f 948/948/948 949/949/949 952/952/952
f 952/952/952 949/949/949 951/951/951
f 953/953/953 948/948/948 952/952/952
f 953/953/953 952/952/952 954/954/954
f 952/952/952 951/951/951 955/955/955
f 952/952/952 955/955/955 954/954/954
f 951/951/951 956/956/956 955/955/955
f 955/955/955 956/956/956 957/957/957
f 958/958/958 954/954/954 955/955/955
f 958/958/958 955/955/955 957/957/957
f 959/959/959 954/954/954 958/958/958
f 958/958/958 957/957/957 960/960/960
f 960/960/960 959/959/959 958/958/958
f 957/957/957 961/961/961 960/960/960
f 960/960/960 961/961/961 962/962/962
f 960/960/960 963/963/963 959/959/959
f 963/963/963 960/960/960 962/962/962
f 963/963/963 964/964/964 959/959/959
f 965/965/965 964/964/964 963/963/963
f 963/963/963 962/962/962 966/966/966
f 966/966/966 965/965/965 963/963/963
f 962/962/962 967/967/967 966/966/966
f 968/968/968 965/965/965 966/966/966
f 967/967/967 969/969/969 966/966/966
f 969/969/969 968/968/968 966/966/966
f 972/972/972 971/971/971 970/970/970
f 971/971/971 973/973/973 970/970/970
f 970/970/970 973/973/973 974/974/974
f 973/973/973 975/975/975 974/974/974
f 974/974/974 975/975/975 976/976/976
f 979/979/979 978/978/978 977/977/977
f 980/980/980 978/978/978 979/979/979
f 980/980/980 981/981/981 978/978/978
f 981/981/981 982/982/982 978/978/978
f 983/983/983 982/982/982 981/981/981
f 984/984/984 982/982/982 983/983/983
f 985/985/985 982/982/982 984/984/984
f 985/985/985 986/986/986 982/982/982
f 986/986/986 987/987/987 982/982/982
f 988/988/988 987/987/987 986/986/986
f 989/989/989 987/987/987 988/988/988
f 992/992/992 991/991/991 990/990/990
f 993/993/993 992/992/992 990/990/990
f 993/993/993 994/994/994 992/992/992
f 994/994/994 993/993/993 995/995/995
f 993/993/993 990/990/990 996/996/996
f 993/993/993 996/996/996 995/995/995
f 990/990/990 997/997/997 996/996/996
f 996/996/996 997/997/997 998/998/998
f 995/995/995 996/996/996 999/999/999
f 999/999/999 996/996/996 998/998/998
f 1000/1000/1000 995/995/995 999/999/999
f 1000/1000/1000 999/999/999 1001/1001/1001
f 999/999/999 998/998/998 1002/1002/1002
f 999/999/999 1002/1002/1002 1001/1001/1001
f 998/998/998 1003/1003/1003 1002/1002/1002
f 1002/1002/1002 1003/1003/1003 1004/1004/1004
f 1005/1005/1005 1001/1001/1001 1002/1002/1002
f 1005/1005/1005 1002/1002/1002 1004/1004/1004
f 1006/1006/1006 1001/1001/1001 1005/1005/1005
f 1005/1005/1005 1004/1004/1004 1007/1007/1007
f 1007/1007/1007 1006/1006/1006 1005/1005/1005
f 1004/1004/1004 1008/1008/1008 1007/1007/1007
f 1007/1007/1007 1008/1008/1008 1009/1009/1009
f 1007/1007/1007 1010/1010/1010 1006/1006/1006
f 1010/1010/1010 1007/1007/1007 1009/1009/1009
f 1010/1010/1010 1011/1011/1011 1006/1006/1006
f 1012/1012/1012 1011/1011/1011 1010/1010/1010
f 1010/1010/1010 1009/1009/1009 1013/1013/1013
f 1013/1013/1013 1012/1012/1012 1010/1010/1010
f 1009/1009/1009 1014/1014/1014 1013/1013/1013
f 1015/1015/1015 1012/1012/1012 1013/1013/1013
f 1014/1014/1014 1016/1016/1016 1013/1013/1013
f 1016/1016/1016 1015/1015/1015 1013/1013/1013
f 1019/1019/1019 1018/1018/1018 1017/1017/1017
f 1018/1018/1018 1020/1020/1020 1017/1017/1017
f 1017/1017/1017 1020/1020/1020 1021/1021/1021
f 1020/1020/1020 1022/1022/1022 1021/1021/1021
f 1021/1021/1021 1022/1022/1022 1023/1023/1023
f 1026/1026/1026 1025/1025/1025 1024/1024/1024
f 1027/1027/1027 1025/1025/1025 1026/1026/1026
f 1027/1027/1027 1028/1028/1028 1025/1025/1025
f 1028/1028/1028 1029/1029/1029 1025/1025/1025
f 1030/1030/1030 1029/1029/1029 1028/1028/1028
f 1031/1031/1031 1029/1029/1029 1030/1030/1030
f 1032/1032/1032 1029/1029/1029 1031/1031/1031
f 1032/1032/1032 1033/1033/1033 1029/1029/1029
f 1033/1033/1033 1034/1034/1034 1029/1029/1029
f 1035/1035/1035 1034/1034/1034 1033/1033/1033
f 1036/1036/1036 1034/1034/1034 1035/1035/1035
f 1039/1039/1039 1038/1038/1038 1037/1037/1037
f 1038/1038/1038 1040/1040/1040 1037/1037/1037
f 1041/1041/1041 1040/1040/1040 1038/1038/1038
f 1040/1040/1040 1041/1041/1041 1042/1042/1042
f 1037/1037/1037 1040/1040/1040 1043/1043/1043
f 1043/1043/1043 1040/1040/1040 1042/1042/1042
f 1044/1044/1044 1037/1037/1037 1043/1043/1043
f 1044/1044/1044 1043/1043/1043 1045/1045/1045
f 1043/1043/1043 1042/1042/1042 1046/1046/1046
f 1043/1043/1043 1046/1046/1046 1045/1045/1045
f 1042/1042/1042 1047/1047/1047 1046/1046/1046
f 1046/1046/1046 1047/1047/1047 1048/1048/1048
f 1045/1045/1045 1046/1046/1046 1049/1049/1049
f 1049/1049/1049 1046/1046/1046 1048/1048/1048
f 1050/1050/1050 1045/1045/1045 1049/1049/1049
f 1050/1050/1050 1049/1049/1049 1051/1051/1051
f 1048/1048/1048 1052/1052/1052 1049/1049/1049
f 1049/1049/1049 1052/1052/1052 1051/1051/1051
f 1048/1048/1048 1053/1053/1053 1052/1052/1052
f 1051/1051/1051 1052/1052/1052 1054/1054/1054
f 1053/1053/1053 1054/1054/1054 1052/1052/1052
f 1055/1055/1055 1051/1051/1051 1054/1054/1054
f 1055/1055/1055 1054/1054/1054 1056/1056/1056
f 1057/1057/1057 1054/1054/1054 1053/1053/1053
f 1054/1054/1054 1057/1057/1057 1056/1056/1056
f 1058/1058/1058 1057/1057/1057 1053/1053/1053
f 1058/1058/1058 1059/1059/1059 1057/1057/1057
f 1056/1056/1056 1057/1057/1057 1060/1060/1060
f 1059/1059/1059 1060/1060/1060 1057/1057/1057
f 1061/1061/1061 1056/1056/1056 1060/1060/1060
f 1059/1059/1059 1062/1062/1062 1060/1060/1060
f 1063/1063/1063 1061/1061/1061 1060/1060/1060
f 1062/1062/1062 1063/1063/1063 1060/1060/1060
f 1066/1066/1066 1065/1065/1065 1064/1064/1064
f 1067/1067/1067 1066/1066/1066 1064/1064/1064
f 1067/1067/1067 1064/1064/1064 1068/1068/1068
f 1069/1069/1069 1067/1067/1067 1068/1068/1068
f 1069/1069/1069 1068/1068/1068 1070/1070/1070
f 1073/1073/1073 1072/1072/1072 1071/1071/1071
f 1073/1073/1073 1074/1074/1074 1072/1072/1072
f 1075/1075/1075 1074/1074/1074 1073/1073/1073
f 1076/1076/1076 1075/1075/1075 1073/1073/1073
f 1076/1076/1076 1077/1077/1077 1075/1075/1075
f 1076/1076/1076 1078/1078/1078 1077/1077/1077
f 1076/1076/1076 1079/1079/1079 1078/1078/1078
f 1080/1080/1080 1079/1079/1079 1076/1076/1076
f 1081/1081/1081 1080/1080/1080 1076/1076/1076
f 1081/1081/1081 1082/1082/1082 1080/1080/1080
f 1081/1081/1081 1083/1083/1083 1082/1082/1082
f 1086/1086/1086 1085/1085/1085 1084/1084/1084
f 1087/1087/1087 1086/1086/1086 1084/1084/1084
f 1088/1088/1088 1086/1086/1086 1087/1087/1087
f 1089/1089/1089 1088/1088/1088 1087/1087/1087
f 1090/1090/1090 1088/1088/1088 1089/1089/1089
f 1091/1091/1091 1090/1090/1090 1089/1089/1089
f 1092/1092/1092 1090/1090/1090 1091/1091/1091
f 1093/1093/1093 1092/1092/1092 1091/1091/1091
f 1094/1094/1094 1092/1092/1092 1093/1093/1093
f 1095/1095/1095 1094/1094/1094 1093/1093/1093
f 1095/1095/1095 1096/1096/1096 1094/1094/1094
f 1096/1096/1096 1097/1097/1097 1094/1094/1094
f 1098/1098/1098 1097/1097/1097 1096/1096/1096
f 1099/1099/1099 1098/1098/1098 1096/1096/1096
f 1099/1099/1099 1100/1100/1100 1098/1098/1098
f 1100/1100/1100 1101/1101/1101 1098/1098/1098
f 1102/1102/1102 1101/1101/1101 1100/1100/1100
f 1103/1103/1103 1102/1102/1102 1100/1100/1100
f 1104/1104/1104 1102/1102/1102 1103/1103/1103
f 1105/1105/1105 1104/1104/1104 1103/1103/1103
f 1108/1108/1108 1107/1107/1107 1106/1106/1106
f 1109/1109/1109 1108/1108/1108 1106/1106/1106
f 1110/1110/1110 1108/1108/1108 1109/1109/1109
f 1111/1111/1111 1110/1110/1110 1109/1109/1109
f 1111/1111/1111 1112/1112/1112 1110/1110/1110
f 1112/1112/1112 1113/1113/1113 1110/1110/1110
f 1114/1114/1114 1113/1113/1113 1112/1112/1112
f 1115/1115/1115 1114/1114/1114 1112/1112/1112
f 1116/1116/1116 1114/1114/1114 1115/1115/1115
f 1117/1117/1117 1116/1116/1116 1115/1115/1115
f 1120/1120/1120 1119/1119/1119 1118/1118/1118
f 1121/1121/1121 1120/1120/1120 1118/1118/1118
f 1122/1122/1122 1120/1120/1120 1121/1121/1121
f 1123/1123/1123 1122/1122/1122 1121/1121/1121
f 1123/1123/1123 1124/1124/1124 1122/1122/1122
f 1124/1124/1124 1125/1125/1125 1122/1122/1122
f 1126/1126/1126 1125/1125/1125 1124/1124/1124
f 1127/1127/1127 1126/1126/1126 1124/1124/1124
f 1128/1128/1128 1126/1126/1126 1127/1127/1127
f 1129/1129/1129 1128/1128/1128 1127/1127/1127
f 1129/1129/1129 1130/1130/1130 1128/1128/1128
f 1130/1130/1130 1131/1131/1131 1128/1128/1128
f 1132/1132/1132 1131/1131/1131 1130/1130/1130
f 1133/1133/1133 1132/1132/1132 1130/1130/1130
f 1133/1133/1133 1134/1134/1134 1132/1132/1132
f 1134/1134/1134 1135/1135/1135 1132/1132/1132
f 1136/1136/1136 1135/1135/1135 1134/1134/1134
f 1137/1137/1137 1136/1136/1136 1134/1134/1134
f 1138/1138/1138 1136/1136/1136 1137/1137/1137
f 1139/1139/1139 1138/1138/1138 1137/1137/1137
f 1142/1142/1142 1141/1141/1141 1140/1140/1140
f 1143/1143/1143 1142/1142/1142 1140/1140/1140
f 1144/1144/1144 1142/1142/1142 1143/1143/1143
f 1145/1145/1145 1144/1144/1144 1143/1143/1143
f 1145/1145/1145 1146/1146/1146 1144/1144/1144
f 1146/1146/1146 1147/1147/1147 1144/1144/1144
f 1148/1148/1148 1147/1147/1147 1146/1146/1146
f 1149/1149/1149 1148/1148/1148 1146/1146/1146
f 1150/1150/1150 1148/1148/1148 1149/1149/1149
f 1151/1151/1151 1150/1150/1150 1149/1149/1149
f 1154/1154/1154 1153/1153/1153 1152/1152/1152
f 1155/1155/1155 1154/1154/1154 1152/1152/1152
f 1158/1158/1158 1157/1157/1157 1156/1156/1156
f 1157/1157/1157 1158/1158/1158 1159/1159/1159
f 1162/1162/1162 1161/1161/1161 1160/1160/1160
f 1161/1161/1161 1163/1163/1163 1160/1160/1160
f 1160/1160/1160 1163/1163/1163 1164/1164/1164
f 1165/1165/1165 1160/1160/1160 1164/1164/1164
f 1165/1165/1165 1164/1164/1164 1166/1166/1166
f 1164/1164/1164 1167/1167/1167 1166/1166/1166
f 1166/1166/1166 1167/1167/1167 1168/1168/1168
f 1167/1167/1167 1169/1169/1169 1168/1168/1168
f 1168/1168/1168 1169/1169/1169 1170/1170/1170
f 1169/1169/1169 1171/1171/1171 1170/1170/1170
f 1170/1170/1170 1171/1171/1171 1172/1172/1172
f 1171/1171/1171 1173/1173/1173 1172/1172/1172
f 1172/1172/1172 1173/1173/1173 1174/1174/1174
f 1175/1175/1175 1172/1172/1172 1174/1174/1174
f 1175/1175/1175 1174/1174/1174 1176/1176/1176
f 1174/1174/1174 1177/1177/1177 1176/1176/1176
f 1176/1176/1176 1177/1177/1177 1178/1178/1178
f 1179/1179/1179 1176/1176/1176 1178/1178/1178
f 1179/1179/1179 1178/1178/1178 1180/1180/1180
f 1178/1178/1178 1181/1181/1181 1180/1180/1180
f 1182/1182/1182 1181/1181/1181 1178/1178/1178
f 1183/1183/1183 1182/1182/1182 1178/1178/1178
f 1184/1184/1184 1183/1183/1183 1178/1178/1178
f 1185/1185/1185 1184/1184/1184 1178/1178/1178
f 1178/1178/1178 1186/1186/1186 1185/1185/1185
f 1186/1186/1186 1187/1187/1187 1185/1185/1185
f 1178/1178/1178 1188/1188/1188 1186/1186/1186
f 1188/1188/1188 1189/1189/1189 1186/1186/1186
f 1190/1190/1190 1189/1189/1189 1188/1188/1188
f 1191/1191/1191 1190/1190/1190 1188/1188/1188
f 1192/1192/1192 1190/1190/1190 1191/1191/1191
f 1193/1193/1193 1192/1192/1192 1191/1191/1191
f 1194/1194/1194 1192/1192/1192 1193/1193/1193
f 1195/1195/1195 1194/1194/1194 1193/1193/1193
f 1194/1194/1194 1195/1195/1195 1196/1196/1196
f 1197/1197/1197 1194/1194/1194 1196/1196/1196
f 1197/1197/1197 1196/1196/1196 1198/1198/1198
f 1196/1196/1196 1199/1199/1199 1198/1198/1198
f 1200/1200/1200 1198/1198/1198 1199/1199/1199
f 1201/1201/1201 1200/1200/1200 1199/1199/1199
f 1202/1202/1202 1200/1200/1200 1201/1201/1201
f 1203/1203/1203 1202/1202/1202 1201/1201/1201
f 1204/1204/1204 1202/1202/1202 1203/1203/1203
f 1205/1205/1205 1204/1204/1204 1203/1203/1203
f 1204/1204/1204 1205/1205/1205 1206/1206/1206
f 1207/1207/1207 1204/1204/1204 1206/1206/1206
f 1208/1208/1208 1207/1207/1207 1206/1206/1206
f 1209/1209/1209 1208/1208/1208 1206/1206/1206
f 1212/1212/1212 1211/1211/1211 1210/1210/1210
f 1213/1213/1213 1212/1212/1212 1210/1210/1210
f 1216/1216/1216 1215/1215/1215 1214/1214/1214
f 1217/1217/1217 1216/1216/1216 1214/1214/1214
f 1220/1220/1220 1219/1219/1219 1218/1218/1218
f 1221/1221/1221 1220/1220/1220 1218/1218/1218
f 1224/1224/1224 1223/1223/1223 1222/1222/1222
f 1225/1225/1225 1224/1224/1224 1222/1222/1222
f 1228/1228/1228 1227/1227/1227 1226/1226/1226
f 1227/1227/1227 1229/1229/1229 1226/1226/1226
f 1226/1226/1226 1229/1229/1229 1230/1230/1230
f 1229/1229/1229 1231/1231/1231 1230/1230/1230
f 1234/1234/1234 1233/1233/1233 1232/1232/1232
f 1232/1232/1232 1233/1233/1233 1235/1235/1235
f 1238/1238/1238 1237/1237/1237 1236/1236/1236
f 1239/1239/1239 1238/1238/1238 1236/1236/1236
f 1242/1242/1242 1241/1241/1241 1240/1240/1240
f 1243/1243/1243 1242/1242/1242 1240/1240/1240
f 1246/1246/1246 1245/1245/1245 1244/1244/1244
f 1247/1247/1247 1246/1246/1246 1244/1244/1244
f 1250/1250/1250 1249/1249/1249 1248/1248/1248
f 1251/1251/1251 1250/1250/1250 1248/1248/1248
f 1254/1254/1254 1253/1253/1253 1252/1252/1252
f 1253/1253/1253 1255/1255/1255 1252/1252/1252
f 1256/1256/1256 1252/1252/1252 1255/1255/1255
f 1257/1257/1257 1256/1256/1256 1255/1255/1255
f 1258/1258/1258 1257/1257/1257 1255/1255/1255
f 1259/1259/1259 1256/1256/1256 1257/1257/1257
f 1260/1260/1260 1257/1257/1257 1258/1258/1258
f 1261/1261/1261 1260/1260/1260 1258/1258/1258
f 1262/1262/1262 1257/1257/1257 1260/1260/1260
f 1263/1263/1263 1259/1259/1259 1257/1257/1257
f 1263/1263/1263 1257/1257/1257 1264/1264/1264
f 1264/1264/1264 1265/1265/1265 1263/1263/1263
f 1265/1265/1265 1266/1266/1266 1263/1263/1263
f 1267/1267/1267 1259/1259/1259 1263/1263/1263
f 1266/1266/1266 1268/1268/1268 1263/1263/1263
f 1269/1269/1269 1267/1267/1267 1263/1263/1263
f 1266/1266/1266 1270/1270/1270 1268/1268/1268
f 1270/1270/1270 1271/1271/1271 1268/1268/1268
f 1269/1269/1269 1272/1272/1272 1267/1267/1267
f 1272/1272/1272 1273/1273/1273 1267/1267/1267
f 1274/1274/1274 1271/1271/1271 1270/1270/1270
f 1275/1275/1275 1274/1274/1274 1270/1270/1270
f 1275/1275/1275 1276/1276/1276 1274/1274/1274
f 1276/1276/1276 1277/1277/1277 1274/1274/1274
f 1278/1278/1278 1273/1273/1273 1272/1272/1272
f 1279/1279/1279 1278/1278/1278 1272/1272/1272
f 1276/1276/1276 1280/1280/1280 1277/1277/1277
f 1280/1280/1280 1281/1281/1281 1277/1277/1277
f 1279/1279/1279 1282/1282/1282 1278/1278/1278
f 1282/1282/1282 1283/1283/1283 1278/1278/1278
f 1284/1284/1284 1283/1283/1283 1282/1282/1282
f 1285/1285/1285 1284/1284/1284 1282/1282/1282
f 1286/1286/1286 1281/1281/1281 1280/1280/1280
f 1287/1287/1287 1286/1286/1286 1280/1280/1280
f 1287/1287/1287 1288/1288/1288 1286/1286/1286
f 1288/1288/1288 1289/1289/1289 1286/1286/1286
f 1290/1290/1290 1284/1284/1284 1285/1285/1285
f 1291/1291/1291 1290/1290/1290 1285/1285/1285
f 1291/1291/1291 1292/1292/1292 1290/1290/1290
f 1292/1292/1292 1293/1293/1293 1290/1290/1290
f 1296/1296/1296 1295/1295/1295 1294/1294/1294
f 1295/1295/1295 1297/1297/1297 1294/1294/1294
f 1298/1298/1298 1294/1294/1294 1297/1297/1297
f 1299/1299/1299 1298/1298/1298 1297/1297/1297
f 1300/1300/1300 1298/1298/1298 1299/1299/1299
f 1301/1301/1301 1300/1300/1300 1299/1299/1299
f 1304/1304/1304 1303/1303/1303 1302/1302/1302
f 1303/1303/1303 1305/1305/1305 1302/1302/1302
f 1303/1303/1303 1306/1306/1306 1305/1305/1305
f 1306/1306/1306 1307/1307/1307 1305/1305/1305
f 1308/1308/1308 1307/1307/1307 1306/1306/1306
f 1309/1309/1309 1308/1308/1308 1306/1306/1306
f 1309/1309/1309 1310/1310/1310 1308/1308/1308
f 1310/1310/1310 1311/1311/1311 1308/1308/1308
f 1310/1310/1310 1312/1312/1312 1311/1311/1311
f 1312/1312/1312 1313/1313/1313 1311/1311/1311
f 1314/1314/1314 1313/1313/1313 1312/1312/1312
f 1315/1315/1315 1314/1314/1314 1312/1312/1312
f 1315/1315/1315 1316/1316/1316 1314/1314/1314
f 1316/1316/1316 1317/1317/1317 1314/1314/1314
f 1316/1316/1316 1318/1318/1318 1317/1317/1317
f 1318/1318/1318 1319/1319/1319 1317/1317/1317
f 1320/1320/1320 1319/1319/1319 1318/1318/1318
f 1321/1321/1321 1320/1320/1320 1318/1318/1318
f 1322/1322/1322 1320/1320/1320 1321/1321/1321
f 1323/1323/1323 1322/1322/1322 1321/1321/1321
f 1326/1326/1326 1325/1325/1325 1324/1324/1324
f 1327/1327/1327 1326/1326/1326 1324/1324/1324
f 1328/1328/1328 1326/1326/1326 1327/1327/1327
f 1329/1329/1329 1328/1328/1328 1327/1327/1327
f 1330/1330/1330 1328/1328/1328 1329/1329/1329
f 1331/1331/1331 1330/1330/1330 1329/1329/1329
f 1332/1332/1332 1330/1330/1330 1331/1331/1331
f 1333/1333/1333 1332/1332/1332 1331/1331/1331
f 1333/1333/1333 1334/1334/1334 1332/1332/1332
f 1334/1334/1334 1335/1335/1335 1332/1332/1332
f 1336/1336/1336 1335/1335/1335 1334/1334/1334
f 1337/1337/1337 1336/1336/1336 1334/1334/1334
f 1336/1336/1336 1337/1337/1337 1338/1338/1338
f 1337/1337/1337 1339/1339/1339 1338/1338/1338
f 1339/1339/1339 1340/1340/1340 1338/1338/1338
f 1340/1340/1340 1341/1341/1341 1338/1338/1338
f 1342/1342/1342 1341/1341/1341 1340/1340/1340
f 1343/1343/1343 1342/1342/1342 1340/1340/1340
f 1343/1343/1343 1344/1344/1344 1342/1342/1342
f 1344/1344/1344 1345/1345/1345 1342/1342/1342
f 1346/1346/1346 1345/1345/1345 1344/1344/1344
f 1347/1347/1347 1346/1346/1346 1344/1344/1344
f 1347/1347/1347 1348/1348/1348 1346/1346/1346
f 1348/1348/1348 1349/1349/1349 1346/1346/1346
f 1352/1352/1352 1351/1351/1351 1350/1350/1350
f 1351/1351/1351 1353/1353/1353 1350/1350/1350
f 1350/1350/1350 1353/1353/1353 1354/1354/1354
f 1355/1355/1355 1350/1350/1350 1354/1354/1354
f 1355/1355/1355 1354/1354/1354 1356/1356/1356
f 1354/1354/1354 1357/1357/1357 1356/1356/1356
f 1356/1356/1356 1357/1357/1357 1358/1358/1358
f 1357/1357/1357 1359/1359/1359 1358/1358/1358
f 1358/1358/1358 1359/1359/1359 1360/1360/1360
f 1361/1361/1361 1358/1358/1358 1360/1360/1360
f 1361/1361/1361 1360/1360/1360 1362/1362/1362
f 1360/1360/1360 1363/1363/1363 1362/1362/1362
f 1362/1362/1362 1363/1363/1363 1364/1364/1364
f 1365/1365/1365 1362/1362/1362 1364/1364/1364
f 1365/1365/1365 1364/1364/1364 1366/1366/1366
f 1364/1364/1364 1367/1367/1367 1366/1366/1366
f 1366/1366/1366 1367/1367/1367 1368/1368/1368
f 1367/1367/1367 1369/1369/1369 1368/1368/1368
f 1368/1368/1368 1369/1369/1369 1370/1370/1370
f 1369/1369/1369 1371/1371/1371 1370/1370/1370
f 1374/1374/1374 1373/1373/1373 1372/1372/1372
f 1375/1375/1375 1374/1374/1374 1372/1372/1372
f 1378/1378/1378 1377/1377/1377 1376/1376/1376
f 1379/1379/1379 1378/1378/1378 1376/1376/1376
f 1382/1382/1382 1381/1381/1381 1380/1380/1380
f 1383/1383/1383 1382/1382/1382 1380/1380/1380
f 1386/1386/1386 1385/1385/1385 1384/1384/1384
f 1385/1385/1385 1387/1387/1387 1384/1384/1384
f 1384/1384/1384 1387/1387/1387 1388/1388/1388
f 1389/1389/1389 1384/1384/1384 1388/1388/1388
f 1389/1389/1389 1388/1388/1388 1390/1390/1390
f 1388/1388/1388 1391/1391/1391 1390/1390/1390
f 1390/1390/1390 1391/1391/1391 1392/1392/1392
f 1391/1391/1391 1393/1393/1393 1392/1392/1392
f 1394/1394/1394 1392/1392/1392 1393/1393/1393
f 1395/1395/1395 1394/1394/1394 1393/1393/1393
f 1398/1398/1398 1397/1397/1397 1396/1396/1396
f 1399/1399/1399 1398/1398/1398 1396/1396/1396
f 1402/1402/1402 1401/1401/1401 1400/1400/1400
f 1403/1403/1403 1402/1402/1402 1400/1400/1400
f 1406/1406/1406 1405/1405/1405 1404/1404/1404
f 1405/1405/1405 1407/1407/1407 1404/1404/1404
f 1405/1405/1405 1408/1408/1408 1407/1407/1407
f 1408/1408/1408 1409/1409/1409 1407/1407/1407
f 1410/1410/1410 1409/1409/1409 1408/1408/1408
f 1411/1411/1411 1410/1410/1410 1408/1408/1408
f 1411/1411/1411 1412/1412/1412 1410/1410/1410
f 1412/1412/1412 1413/1413/1413 1410/1410/1410
f 1412/1412/1412 1414/1414/1414 1413/1413/1413
f 1414/1414/1414 1415/1415/1415 1413/1413/1413
f 1418/1418/1418 1417/1417/1417 1416/1416/1416
f 1419/1419/1419 1418/1418/1418 1416/1416/1416
f 1422/1422/1422 1421/1421/1421 1420/1420/1420
f 1421/1421/1421 1423/1423/1423 1420/1420/1420
f 1421/1421/1421 1424/1424/1424 1423/1423/1423
f 1424/1424/1424 1425/1425/1425 1423/1423/1423
f 1426/1426/1426 1425/1425/1425 1424/1424/1424
f 1427/1427/1427 1426/1426/1426 1424/1424/1424
f 1427/1427/1427 1428/1428/1428 1426/1426/1426
f 1428/1428/1428 1429/1429/1429 1426/1426/1426
f 1428/1428/1428 1430/1430/1430 1429/1429/1429
f 1430/1430/1430 1431/1431/1431 1429/1429/1429
f 1434/1434/1434 1433/1433/1433 1432/1432/1432
f 1435/1435/1435 1434/1434/1434 1432/1432/1432
f 1438/1438/1438 1437/1437/1437 1436/1436/1436
f 1437/1437/1437 1438/1438/1438 1439/1439/1439
f 1442/1442/1442 1441/1441/1441 1440/1440/1440
f 1443/1443/1443 1442/1442/1442 1440/1440/1440
f 1443/1443/1443 1440/1440/1440 1444/1444/1444
f 1440/1440/1440 1445/1445/1445 1444/1444/1444
f 1444/1444/1444 1445/1445/1445 1446/1446/1446
f 1447/1447/1447 1444/1444/1444 1446/1446/1446
f 1447/1447/1447 1446/1446/1446 1448/1448/1448
f 1449/1449/1449 1447/1447/1447 1448/1448/1448
f 1449/1449/1449 1448/1448/1448 1450/1450/1450
f 1451/1451/1451 1449/1449/1449 1450/1450/1450
f 1451/1451/1451 1450/1450/1450 1452/1452/1452
f 1453/1453/1453 1451/1451/1451 1452/1452/1452
f 1453/1453/1453 1452/1452/1452 1454/1454/1454
f 1452/1452/1452 1455/1455/1455 1454/1454/1454
f 1454/1454/1454 1455/1455/1455 1456/1456/1456
f 1457/1457/1457 1454/1454/1454 1456/1456/1456
f 1457/1457/1457 1456/1456/1456 1458/1458/1458
f 1456/1456/1456 1459/1459/1459 1458/1458/1458
f 1458/1458/1458 1459/1459/1459 1460/1460/1460
f 1461/1461/1461 1458/1458/1458 1460/1460/1460
f 1461/1461/1461 1462/1462/1462 1458/1458/1458
f 1462/1462/1462 1463/1463/1463 1458/1458/1458
f 1463/1463/1463 1464/1464/1464 1458/1458/1458
f 1464/1464/1464 1465/1465/1465 1458/1458/1458
f 1466/1466/1466 1458/1458/1458 1465/1465/1465
f 1467/1467/1467 1466/1466/1466 1465/1465/1465
f 1468/1468/1468 1458/1458/1458 1466/1466/1466
f 1469/1469/1469 1468/1468/1468 1466/1466/1466
f 1469/1469/1469 1470/1470/1470 1468/1468/1468
f 1470/1470/1470 1471/1471/1471 1468/1468/1468
f 1470/1470/1470 1472/1472/1472 1471/1471/1471
f 1472/1472/1472 1473/1473/1473 1471/1471/1471
f 1472/1472/1472 1474/1474/1474 1473/1473/1473
f 1474/1474/1474 1475/1475/1475 1473/1473/1473
f 1475/1475/1475 1474/1474/1474 1476/1476/1476
f 1474/1474/1474 1477/1477/1477 1476/1476/1476
f 1476/1476/1476 1477/1477/1477 1478/1478/1478
f 1479/1479/1479 1476/1476/1476 1478/1478/1478
f 1478/1478/1478 1480/1480/1480 1479/1479/1479
f 1480/1480/1480 1481/1481/1481 1479/1479/1479
f 1480/1480/1480 1482/1482/1482 1481/1481/1481
f 1482/1482/1482 1483/1483/1483 1481/1481/1481
f 1482/1482/1482 1484/1484/1484 1483/1483/1483
f 1484/1484/1484 1485/1485/1485 1483/1483/1483
f 1485/1485/1485 1484/1484/1484 1486/1486/1486
f 1484/1484/1484 1487/1487/1487 1486/1486/1486
f 1487/1487/1487 1488/1488/1488 1486/1486/1486
f 1488/1488/1488 1489/1489/1489 1486/1486/1486
f 1492/1492/1492 1491/1491/1491 1490/1490/1490
f 1491/1491/1491 1493/1493/1493 1490/1490/1490
f 1491/1491/1491 1494/1494/1494 1493/1493/1493
f 1494/1494/1494 1495/1495/1495 1493/1493/1493
f 1494/1494/1494 1496/1496/1496 1495/1495/1495
f 1496/1496/1496 1497/1497/1497 1495/1495/1495
f 1498/1498/1498 1497/1497/1497 1496/1496/1496
f 1499/1499/1499 1498/1498/1498 1496/1496/1496
f 1499/1499/1499 1500/1500/1500 1498/1498/1498
f 1500/1500/1500 1501/1501/1501 1498/1498/1498
f 1502/1502/1502 1501/1501/1501 1500/1500/1500
f 1503/1503/1503 1502/1502/1502 1500/1500/1500
f 1503/1503/1503 1504/1504/1504 1502/1502/1502
f 1504/1504/1504 1505/1505/1505 1502/1502/1502
f 1504/1504/1504 1506/1506/1506 1505/1505/1505
f 1506/1506/1506 1507/1507/1507 1505/1505/1505
f 1510/1510/1510 1509/1509/1509 1508/1508/1508
f 1511/1511/1511 1510/1510/1510 1508/1508/1508
f 1511/1511/1511 1512/1512/1512 1510/1510/1510
f 1512/1512/1512 1513/1513/1513 1510/1510/1510
f 1512/1512/1512 1514/1514/1514 1513/1513/1513
f 1514/1514/1514 1515/1515/1515 1513/1513/1513
f 1516/1516/1516 1515/1515/1515 1514/1514/1514
f 1517/1517/1517 1516/1516/1516 1514/1514/1514
f 1517/1517/1517 1518/1518/1518 1516/1516/1516
f 1518/1518/1518 1519/1519/1519 1516/1516/1516
f 1520/1520/1520 1519/1519/1519 1518/1518/1518
f 1521/1521/1521 1520/1520/1520 1518/1518/1518
f 1521/1521/1521 1522/1522/1522 1520/1520/1520
f 1522/1522/1522 1523/1523/1523 1520/1520/1520
f 1522/1522/1522 1524/1524/1524 1523/1523/1523
f 1524/1524/1524 1525/1525/1525 1523/1523/1523
f 1528/1528/1528 1527/1527/1527 1526/1526/1526
f 1529/1529/1529 1528/1528/1528 1526/1526/1526
f 1532/1532/1532 1531/1531/1531 1530/1530/1530
f 1533/1533/1533 1532/1532/1532 1530/1530/1530
f 1536/1536/1536 1535/1535/1535 1534/1534/1534
f 1537/1537/1537 1536/1536/1536 1534/1534/1534
f 1540/1540/1540 1539/1539/1539 1538/1538/1538
f 1541/1541/1541 1540/1540/1540 1538/1538/1538
f 1544/1544/1544 1543/1543/1543 1542/1542/1542
f 1545/1545/1545 1544/1544/1544 1542/1542/1542
f 1548/1548/1548 1547/1547/1547 1546/1546/1546
f 1549/1549/1549 1548/1548/1548 1546/1546/1546
f 1552/1552/1552 1551/1551/1551 1550/1550/1550
f 1553/1553/1553 1552/1552/1552 1550/1550/1550
f 1553/1553/1553 1550/1550/1550 1554/1554/1554
f 1555/1555/1555 1553/1553/1553 1554/1554/1554
f 1558/1558/1558 1557/1557/1557 1556/1556/1556
f 1558/1558/1558 1556/1556/1556 1559/1559/1559
f 1562/1562/1562 1561/1561/1561 1560/1560/1560
f 1563/1563/1563 1562/1562/1562 1560/1560/1560
f 1566/1566/1566 1565/1565/1565 1564/1564/1564
f 1567/1567/1567 1566/1566/1566 1564/1564/1564
f 1570/1570/1570 1569/1569/1569 1568/1568/1568
f 1571/1571/1571 1570/1570/1570 1568/1568/1568
f 1574/1574/1574 1573/1573/1573 1572/1572/1572
f 1575/1575/1575 1574/1574/1574 1572/1572/1572
f 1578/1578/1578 1577/1577/1577 1576/1576/1576
f 1579/1579/1579 1578/1578/1578 1576/1576/1576
f 1576/1576/1576 1580/1580/1580 1579/1579/1579
f 1580/1580/1580 1581/1581/1581 1579/1579/1579
f 1581/1581/1581 1582/1582/1582 1579/1579/1579
f 1580/1580/1580 1583/1583/1583 1581/1581/1581
f 1581/1581/1581 1584/1584/1584 1582/1582/1582
f 1584/1584/1584 1585/1585/1585 1582/1582/1582
f 1583/1583/1583 1586/1586/1586 1581/1581/1581
f 1583/1583/1583 1587/1587/1587 1586/1586/1586
f 1587/1587/1587 1588/1588/1588 1586/1586/1586
f 1589/1589/1589 1588/1588/1588 1587/1587/1587
f 1590/1590/1590 1589/1589/1589 1587/1587/1587
f 1590/1590/1590 1591/1591/1591 1589/1589/1589
f 1591/1591/1591 1592/1592/1592 1589/1589/1589
f 1593/1593/1593 1592/1592/1592 1591/1591/1591
f 1594/1594/1594 1593/1593/1593 1591/1591/1591
f 1594/1594/1594 1595/1595/1595 1593/1593/1593
f 1595/1595/1595 1596/1596/1596 1593/1593/1593
f 1595/1595/1595 1597/1597/1597 1596/1596/1596
f 1597/1597/1597 1598/1598/1598 1596/1596/1596
f 1599/1599/1599 1598/1598/1598 1597/1597/1597
f 1600/1600/1600 1599/1599/1599 1597/1597/1597
f 1603/1603/1603 1602/1602/1602 1601/1601/1601
f 1604/1604/1604 1603/1603/1603 1601/1601/1601
f 1601/1601/1601 1605/1605/1605 1604/1604/1604
f 1605/1605/1605 1606/1606/1606 1604/1604/1604
f 1605/1605/1605 1607/1607/1607 1606/1606/1606
f 1607/1607/1607 1608/1608/1608 1606/1606/1606
f 1611/1611/1611 1610/1610/1610 1609/1609/1609
f 1612/1612/1612 1609/1609/1609 1610/1610/1610
f 1613/1613/1613 1612/1612/1612 1610/1610/1610
f 1614/1614/1614 1613/1613/1613 1610/1610/1610
f 1615/1615/1615 1613/1613/1613 1614/1614/1614
f 1616/1616/1616 1615/1615/1615 1614/1614/1614
f 1616/1616/1616 1617/1617/1617 1615/1615/1615
f 1617/1617/1617 1618/1618/1618 1615/1615/1615
f 1619/1619/1619 1618/1618/1618 1617/1617/1617
f 1620/1620/1620 1619/1619/1619 1617/1617/1617
f 1621/1621/1621 1619/1619/1619 1620/1620/1620
f 1622/1622/1622 1621/1621/1621 1620/1620/1620
f 1622/1622/1622 1623/1623/1623 1621/1621/1621
f 1623/1623/1623 1624/1624/1624 1621/1621/1621
f 1625/1625/1625 1624/1624/1624 1623/1623/1623
f 1626/1626/1626 1625/1625/1625 1623/1623/1623
f 1629/1629/1629 1628/1628/1628 1627/1627/1627
f 1630/1630/1630 1629/1629/1629 1627/1627/1627
f 1631/1631/1631 1629/1629/1629 1630/1630/1630
f 1632/1632/1632 1631/1631/1631 1630/1630/1630
f 1632/1632/1632 1633/1633/1633 1631/1631/1631
f 1633/1633/1633 1634/1634/1634 1631/1631/1631
f 1635/1635/1635 1634/1634/1634 1633/1633/1633
f 1636/1636/1636 1635/1635/1635 1633/1633/1633
f 1637/1637/1637 1635/1635/1635 1636/1636/1636
f 1638/1638/1638 1637/1637/1637 1636/1636/1636
f 1638/1638/1638 1639/1639/1639 1637/1637/1637
f 1639/1639/1639 1640/1640/1640 1637/1637/1637
f 1641/1641/1641 1640/1640/1640 1639/1639/1639
f 1642/1642/1642 1641/1641/1641 1639/1639/1639
f 1643/1643/1643 1641/1641/1641 1642/1642/1642
f 1644/1644/1644 1643/1643/1643 1642/1642/1642
f 1644/1644/1644 1645/1645/1645 1643/1643/1643
f 1645/1645/1645 1646/1646/1646 1643/1643/1643
f 1645/1645/1645 1647/1647/1647 1646/1646/1646
f 1647/1647/1647 1648/1648/1648 1646/1646/1646
f 1651/1651/1651 1650/1650/1650 1649/1649/1649
f 1650/1650/1650 1652/1652/1652 1649/1649/1649
f 1650/1650/1650 1653/1653/1653 1652/1652/1652
f 1653/1653/1653 1654/1654/1654 1652/1652/1652
f 1653/1653/1653 1655/1655/1655 1654/1654/1654
f 1655/1655/1655 1656/1656/1656 1654/1654/1654
f 1655/1655/1655 1657/1657/1657 1656/1656/1656
f 1657/1657/1657 1658/1658/1658 1656/1656/1656
f 1659/1659/1659 1658/1658/1658 1657/1657/1657
f 1660/1660/1660 1659/1659/1659 1657/1657/1657
f 1660/1660/1660 1661/1661/1661 1659/1659/1659
f 1661/1661/1661 1662/1662/1662 1659/1659/1659
f 1662/1662/1662 1661/1661/1661 1663/1663/1663
f 1664/1664/1664 1662/1662/1662 1663/1663/1663
f 1665/1665/1665 1664/1664/1664 1663/1663/1663
f 1666/1666/1666 1665/1665/1665 1663/1663/1663
f 1666/1666/1666 1667/1667/1667 1665/1665/1665
f 1667/1667/1667 1668/1668/1668 1665/1665/1665
f 1669/1669/1669 1668/1668/1668 1667/1667/1667
f 1670/1670/1670 1669/1669/1669 1667/1667/1667
f 1670/1670/1670 1671/1671/1671 1669/1669/1669
f 1671/1671/1671 1672/1672/1672 1669/1669/1669
f 1673/1673/1673 1672/1672/1672 1671/1671/1671
f 1674/1674/1674 1673/1673/1673 1671/1671/1671
f 1677/1677/1677 1676/1676/1676 1675/1675/1675
f 1678/1678/1678 1677/1677/1677 1675/1675/1675
f 1681/1681/1681 1680/1680/1680 1679/1679/1679
f 1682/1682/1682 1681/1681/1681 1679/1679/1679
f 1685/1685/1685 1684/1684/1684 1683/1683/1683
f 1686/1686/1686 1685/1685/1685 1683/1683/1683
f 1686/1686/1686 1683/1683/1683 1687/1687/1687
f 1688/1688/1688 1686/1686/1686 1687/1687/1687
f 1688/1688/1688 1687/1687/1687 1689/1689/1689
f 1687/1687/1687 1690/1690/1690 1689/1689/1689
f 1689/1689/1689 1690/1690/1690 1691/1691/1691
f 1692/1692/1692 1689/1689/1689 1691/1691/1691
f 1692/1692/1692 1691/1691/1691 1693/1693/1693
f 1691/1691/1691 1694/1694/1694 1693/1693/1693
f 1693/1693/1693 1694/1694/1694 1695/1695/1695
f 1696/1696/1696 1693/1693/1693 1695/1695/1695
f 1696/1696/1696 1695/1695/1695 1697/1697/1697
f 1698/1698/1698 1696/1696/1696 1697/1697/1697
f 1698/1698/1698 1697/1697/1697 1699/1699/1699
f 1700/1700/1700 1698/1698/1698 1699/1699/1699
f 1703/1703/1703 1702/1702/1702 1701/1701/1701
f 1704/1704/1704 1703/1703/1703 1701/1701/1701
f 1707/1707/1707 1706/1706/1706 1705/1705/1705
f 1708/1708/1708 1707/1707/1707 1705/1705/1705
f 1711/1711/1711 1710/1710/1710 1709/1709/1709
f 1712/1712/1712 1711/1711/1711 1709/1709/1709
f 1715/1715/1715 1714/1714/1714 1713/1713/1713
f 1716/1716/1716 1715/1715/1715 1713/1713/1713
f 1716/1716/1716 1713/1713/1713 1717/1717/1717
f 1713/1713/1713 1718/1718/1718 1717/1717/1717
f 1717/1717/1717 1718/1718/1718 1719/1719/1719
f 1720/1720/1720 1717/1717/1717 1719/1719/1719
f 1720/1720/1720 1719/1719/1719 1721/1721/1721
f 1722/1722/1722 1720/1720/1720 1721/1721/1721
f 1721/1721/1721 1723/1723/1723 1722/1722/1722
f 1723/1723/1723 1724/1724/1724 1722/1722/1722
f 1727/1727/1727 1726/1726/1726 1725/1725/1725
f 1728/1728/1728 1727/1727/1727 1725/1725/1725
f 1731/1731/1731 1730/1730/1730 1729/1729/1729
f 1730/1730/1730 1732/1732/1732 1729/1729/1729
f 1730/1730/1730 1733/1733/1733 1732/1732/1732
f 1733/1733/1733 1734/1734/1734 1732/1732/1732
f 1733/1733/1733 1735/1735/1735 1734/1734/1734
f 1735/1735/1735 1736/1736/1736 1734/1734/1734
f 1735/1735/1735 1737/1737/1737 1736/1736/1736
f 1737/1737/1737 1738/1738/1738 1736/1736/1736
f 1737/1737/1737 1739/1739/1739 1738/1738/1738
f 1739/1739/1739 1740/1740/1740 1738/1738/1738
f 1741/1741/1741 1740/1740/1740 1739/1739/1739
f 1742/1742/1742 1741/1741/1741 1739/1739/1739
f 1742/1742/1742 1743/1743/1743 1741/1741/1741
f 1743/1743/1743 1744/1744/1744 1741/1741/1741
f 1745/1745/1745 1744/1744/1744 1743/1743/1743
f 1746/1746/1746 1745/1745/1745 1743/1743/1743
f 1746/1746/1746 1747/1747/1747 1745/1745/1745
f 1747/1747/1747 1748/1748/1748 1745/1745/1745
f 1747/1747/1747 1749/1749/1749 1748/1748/1748
f 1749/1749/1749 1750/1750/1750 1748/1748/1748
f 1753/1753/1753 1752/1752/1752 1751/1751/1751
f 1752/1752/1752 1754/1754/1754 1751/1751/1751
f 1752/1752/1752 1755/1755/1755 1754/1754/1754
f 1755/1755/1755 1756/1756/1756 1754/1754/1754
f 1757/1757/1757 1756/1756/1756 1755/1755/1755
f 1758/1758/1758 1757/1757/1757 1755/1755/1755
f 1758/1758/1758 1759/1759/1759 1757/1757/1757
f 1759/1759/1759 1760/1760/1760 1757/1757/1757
f 1759/1759/1759 1761/1761/1761 1760/1760/1760
f 1761/1761/1761 1762/1762/1762 1760/1760/1760
f 1765/1765/1765 1764/1764/1764 1763/1763/1763
f 1764/1764/1764 1766/1766/1766 1763/1763/1763
f 1764/1764/1764 1767/1767/1767 1766/1766/1766
f 1767/1767/1767 1768/1768/1768 1766/1766/1766
f 1769/1769/1769 1768/1768/1768 1767/1767/1767
f 1770/1770/1770 1769/1769/1769 1767/1767/1767
f 1770/1770/1770 1771/1771/1771 1769/1769/1769
f 1771/1771/1771 1772/1772/1772 1769/1769/1769
f 1771/1771/1771 1773/1773/1773 1772/1772/1772
f 1773/1773/1773 1774/1774/1774 1772/1772/1772
f 1775/1775/1775 1774/1774/1774 1773/1773/1773
f 1776/1776/1776 1775/1775/1775 1773/1773/1773
f 1776/1776/1776 1777/1777/1777 1775/1775/1775
f 1777/1777/1777 1778/1778/1778 1775/1775/1775
f 1779/1779/1779 1778/1778/1778 1777/1777/1777
f 1780/1780/1780 1779/1779/1779 1777/1777/1777
f 1780/1780/1780 1781/1781/1781 1779/1779/1779
f 1781/1781/1781 1782/1782/1782 1779/1779/1779
f 1781/1781/1781 1783/1783/1783 1782/1782/1782
f 1783/1783/1783 1784/1784/1784 1782/1782/1782
f 1787/1787/1787 1786/1786/1786 1785/1785/1785
f 1786/1786/1786 1788/1788/1788 1785/1785/1785
f 1786/1786/1786 1789/1789/1789 1788/1788/1788
f 1789/1789/1789 1790/1790/1790 1788/1788/1788
f 1791/1791/1791 1790/1790/1790 1789/1789/1789
f 1792/1792/1792 1791/1791/1791 1789/1789/1789
f 1792/1792/1792 1793/1793/1793 1791/1791/1791
f 1793/1793/1793 1794/1794/1794 1791/1791/1791
f 1793/1793/1793 1795/1795/1795 1794/1794/1794
f 1795/1795/1795 1796/1796/1796 1794/1794/1794
f 1799/1799/1799 1798/1798/1798 1797/1797/1797
f 1800/1800/1800 1799/1799/1799 1797/1797/1797
f 1803/1803/1803 1802/1802/1802 1801/1801/1801
f 1802/1802/1802 1803/1803/1803 1804/1804/1804
f 1807/1807/1807 1806/1806/1806 1805/1805/1805
f 1808/1808/1808 1807/1807/1807 1805/1805/1805
f 1808/1808/1808 1805/1805/1805 1809/1809/1809
f 1805/1805/1805 1810/1810/1810 1809/1809/1809
f 1809/1809/1809 1810/1810/1810 1811/1811/1811
f 1812/1812/1812 1809/1809/1809 1811/1811/1811
f 1812/1812/1812 1811/1811/1811 1813/1813/1813
f 1814/1814/1814 1812/1812/1812 1813/1813/1813
f 1814/1814/1814 1813/1813/1813 1815/1815/1815
f 1816/1816/1816 1814/1814/1814 1815/1815/1815
f 1816/1816/1816 1815/1815/1815 1817/1817/1817
f 1818/1818/1818 1816/1816/1816 1817/1817/1817
f 1818/1818/1818 1817/1817/1817 1819/1819/1819
f 1817/1817/1817 1820/1820/1820 1819/1819/1819
f 1819/1819/1819 1820/1820/1820 1821/1821/1821
f 1822/1822/1822 1819/1819/1819 1821/1821/1821
f 1822/1822/1822 1821/1821/1821 1823/1823/1823
f 1821/1821/1821 1824/1824/1824 1823/1823/1823
f 1823/1823/1823 1824/1824/1824 1825/1825/1825
f 1826/1826/1826 1823/1823/1823 1825/1825/1825
f 1826/1826/1826 1827/1827/1827 1823/1823/1823
f 1827/1827/1827 1828/1828/1828 1823/1823/1823
f 1828/1828/1828 1829/1829/1829 1823/1823/1823
f 1829/1829/1829 1830/1830/1830 1823/1823/1823
f 1831/1831/1831 1823/1823/1823 1830/1830/1830
f 1832/1832/1832 1831/1831/1831 1830/1830/1830
f 1833/1833/1833 1823/1823/1823 1831/1831/1831
f 1834/1834/1834 1833/1833/1833 1831/1831/1831
f 1834/1834/1834 1835/1835/1835 1833/1833/1833
f 1835/1835/1835 1836/1836/1836 1833/1833/1833
f 1835/1835/1835 1837/1837/1837 1836/1836/1836
f 1837/1837/1837 1838/1838/1838 1836/1836/1836
f 1837/1837/1837 1839/1839/1839 1838/1838/1838
f 1839/1839/1839 1840/1840/1840 1838/1838/1838
f 1840/1840/1840 1839/1839/1839 1841/1841/1841
f 1839/1839/1839 1842/1842/1842 1841/1841/1841
f 1841/1841/1841 1842/1842/1842 1843/1843/1843
f 1844/1844/1844 1841/1841/1841 1843/1843/1843
f 1843/1843/1843 1845/1845/1845 1844/1844/1844
f 1845/1845/1845 1846/1846/1846 1844/1844/1844
f 1845/1845/1845 1847/1847/1847 1846/1846/1846
f 1847/1847/1847 1848/1848/1848 1846/1846/1846
f 1847/1847/1847 1849/1849/1849 1848/1848/1848
f 1849/1849/1849 1850/1850/1850 1848/1848/1848
f 1850/1850/1850 1849/1849/1849 1851/1851/1851
f 1849/1849/1849 1852/1852/1852 1851/1851/1851
f 1852/1852/1852 1853/1853/1853 1851/1851/1851
f 1853/1853/1853 1854/1854/1854 1851/1851/1851
f 1857/1857/1857 1856/1856/1856 1855/1855/1855
f 1858/1858/1858 1857/1857/1857 1855/1855/1855
f 1861/1861/1861 1860/1860/1860 1859/1859/1859
f 1862/1862/1862 1861/1861/1861 1859/1859/1859
f 1865/1865/1865 1864/1864/1864 1863/1863/1863
f 1866/1866/1866 1865/1865/1865 1863/1863/1863
f 1869/1869/1869 1868/1868/1868 1867/1867/1867
f 1870/1870/1870 1869/1869/1869 1867/1867/1867
f 1873/1873/1873 1872/1872/1872 1871/1871/1871
f 1874/1874/1874 1873/1873/1873 1871/1871/1871
f 1874/1874/1874 1871/1871/1871 1875/1875/1875
f 1876/1876/1876 1874/1874/1874 1875/1875/1875
f 1879/1879/1879 1878/1878/1878 1877/1877/1877
f 1879/1879/1879 1877/1877/1877 1880/1880/1880
f 1883/1883/1883 1882/1882/1882 1881/1881/1881
f 1884/1884/1884 1883/1883/1883 1881/1881/1881
f 1887/1887/1887 1886/1886/1886 1885/1885/1885
f 1888/1888/1888 1887/1887/1887 1885/1885/1885
f 1891/1891/1891 1890/1890/1890 1889/1889/1889
f 1892/1892/1892 1891/1891/1891 1889/1889/1889
f 1895/1895/1895 1894/1894/1894 1893/1893/1893
f 1896/1896/1896 1895/1895/1895 1893/1893/1893
f 1899/1899/1899 1898/1898/1898 1897/1897/1897
f 1900/1900/1900 1899/1899/1899 1897/1897/1897
f 1897/1897/1897 1901/1901/1901 1900/1900/1900
f 1901/1901/1901 1902/1902/1902 1900/1900/1900
f 1902/1902/1902 1903/1903/1903 1900/1900/1900
f 1901/1901/1901 1904/1904/1904 1902/1902/1902
f 1902/1902/1902 1905/1905/1905 1903/1903/1903
f 1905/1905/1905 1906/1906/1906 1903/1903/1903
f 1902/1902/1902 1907/1907/1907 1905/1905/1905
f 1904/1904/1904 1908/1908/1908 1902/1902/1902
f 1904/1904/1904 1909/1909/1909 1908/1908/1908
f 1909/1909/1909 1910/1910/1910 1908/1908/1908
f 1911/1911/1911 1910/1910/1910 1909/1909/1909
f 1912/1912/1912 1911/1911/1911 1909/1909/1909
f 1912/1912/1912 1913/1913/1913 1911/1911/1911
f 1913/1913/1913 1914/1914/1914 1911/1911/1911
f 1915/1915/1915 1914/1914/1914 1913/1913/1913
f 1916/1916/1916 1915/1915/1915 1913/1913/1913
f 1916/1916/1916 1917/1917/1917 1915/1915/1915
f 1917/1917/1917 1918/1918/1918 1915/1915/1915
f 1917/1917/1917 1919/1919/1919 1918/1918/1918
f 1919/1919/1919 1920/1920/1920 1918/1918/1918
f 1921/1921/1921 1920/1920/1920 1919/1919/1919
f 1922/1922/1922 1921/1921/1921 1919/1919/1919
f 1925/1925/1925 1924/1924/1924 1923/1923/1923
f 1926/1926/1926 1925/1925/1925 1923/1923/1923
f 1923/1923/1923 1927/1927/1927 1926/1926/1926
f 1927/1927/1927 1928/1928/1928 1926/1926/1926
f 1927/1927/1927 1929/1929/1929 1928/1928/1928
f 1929/1929/1929 1930/1930/1930 1928/1928/1928
f 1933/1933/1933 1932/1932/1932 1931/1931/1931
f 1934/1934/1934 1931/1931/1931 1932/1932/1932
f 1935/1935/1935 1934/1934/1934 1932/1932/1932
f 1936/1936/1936 1935/1935/1935 1932/1932/1932
f 1937/1937/1937 1935/1935/1935 1936/1936/1936
f 1938/1938/1938 1937/1937/1937 1936/1936/1936
f 1938/1938/1938 1939/1939/1939 1937/1937/1937
f 1939/1939/1939 1940/1940/1940 1937/1937/1937
f 1941/1941/1941 1940/1940/1940 1939/1939/1939
f 1942/1942/1942 1941/1941/1941 1939/1939/1939
f 1943/1943/1943 1941/1941/1941 1942/1942/1942
f 1944/1944/1944 1943/1943/1943 1942/1942/1942
f 1944/1944/1944 1945/1945/1945 1943/1943/1943
f 1945/1945/1945 1946/1946/1946 1943/1943/1943
f 1947/1947/1947 1946/1946/1946 1945/1945/1945
f 1948/1948/1948 1947/1947/1947 1945/1945/1945
f 1951/1951/1951 1950/1950/1950 1949/1949/1949
f 1952/1952/1952 1951/1951/1951 1949/1949/1949
f 1953/1953/1953 1951/1951/1951 1952/1952/1952
f 1954/1954/1954 1953/1953/1953 1952/1952/1952
f 1954/1954/1954 1955/1955/1955 1953/1953/1953
f 1955/1955/1955 1956/1956/1956 1953/1953/1953
f 1957/1957/1957 1956/1956/1956 1955/1955/1955
f 1958/1958/1958 1957/1957/1957 1955/1955/1955
f 1959/1959/1959 1957/1957/1957 1958/1958/1958
f 1960/1960/1960 1959/1959/1959 1958/1958/1958
f 1960/1960/1960 1961/1961/1961 1959/1959/1959
f 1961/1961/1961 1962/1962/1962 1959/1959/1959
f 1963/1963/1963 1962/1962/1962 1961/1961/1961
f 1964/1964/1964 1963/1963/1963 1961/1961/1961
f 1965/1965/1965 1963/1963/1963 1964/1964/1964
f 1966/1966/1966 1965/1965/1965 1964/1964/1964
f 1966/1966/1966 1967/1967/1967 1965/1965/1965
f 1967/1967/1967 1968/1968/1968 1965/1965/1965
f 1967/1967/1967 1969/1969/1969 1968/1968/1968
f 1969/1969/1969 1970/1970/1970 1968/1968/1968
f 1973/1973/1973 1972/1972/1972 1971/1971/1971
f 1972/1972/1972 1974/1974/1974 1971/1971/1971
f 1972/1972/1972 1975/1975/1975 1974/1974/1974
f 1975/1975/1975 1976/1976/1976 1974/1974/1974
f 1975/1975/1975 1977/1977/1977 1976/1976/1976
f 1977/1977/1977 1978/1978/1978 1976/1976/1976
f 1977/1977/1977 1979/1979/1979 1978/1978/1978
f 1979/1979/1979 1980/1980/1980 1978/1978/1978
f 1981/1981/1981 1980/1980/1980 1979/1979/1979
f 1982/1982/1982 1981/1981/1981 1979/1979/1979
f 1982/1982/1982 1983/1983/1983 1981/1981/1981
f 1983/1983/1983 1984/1984/1984 1981/1981/1981
f 1984/1984/1984 1983/1983/1983 1985/1985/1985
f 1986/1986/1986 1984/1984/1984 1985/1985/1985
f 1987/1987/1987 1986/1986/1986 1985/1985/1985
f 1988/1988/1988 1987/1987/1987 1985/1985/1985
f 1988/1988/1988 1989/1989/1989 1987/1987/1987
f 1989/1989/1989 1990/1990/1990 1987/1987/1987
f 1991/1991/1991 1990/1990/1990 1989/1989/1989
f 1992/1992/1992 1991/1991/1991 1989/1989/1989
f 1992/1992/1992 1993/1993/1993 1991/1991/1991
f 1993/1993/1993 1994/1994/1994 1991/1991/1991
f 1995/1995/1995 1994/1994/1994 1993/1993/1993
f 1996/1996/1996 1995/1995/1995 1993/1993/1993
f 1999/1999/1999 1998/1998/1998 1997/1997/1997
f 2000/2000/2000 1999/1999/1999 1997/1997/1997
f 2000/2000/2000 1997/1997/1997 2001/2001/2001
f 1997/1997/1997 2002/2002/2002 2001/2001/2001
f 2001/2001/2001 2002/2002/2002 2003/2003/2003
f 2004/2004/2004 2001/2001/2001 2003/2003/2003
f 2004/2004/2004 2003/2003/2003 2005/2005/2005
f 2006/2006/2006 2004/2004/2004 2005/2005/2005
f 2006/2006/2006 2005/2005/2005 2007/2007/2007
f 2005/2005/2005 2008/2008/2008 2007/2007/2007
f 2007/2007/2007 2008/2008/2008 2009/2009/2009
f 2010/2010/2010 2007/2007/2007 2009/2009/2009
f 2010/2010/2010 2009/2009/2009 2011/2011/2011
f 2009/2009/2009 2012/2012/2012 2011/2011/2011
f 2011/2011/2011 2012/2012/2012 2013/2013/2013
f 2014/2014/2014 2011/2011/2011 2013/2013/2013
f 2014/2014/2014 2013/2013/2013 2015/2015/2015
f 2016/2016/2016 2014/2014/2014 2015/2015/2015
f 2016/2016/2016 2015/2015/2015 2017/2017/2017
f 2018/2018/2018 2016/2016/2016 2017/2017/2017
f 2021/2021/2021 2020/2020/2020 2019/2019/2019
f 2022/2022/2022 2021/2021/2021 2019/2019/2019
f 2025/2025/2025 2024/2024/2024 2023/2023/2023
f 2026/2026/2026 2025/2025/2025 2023/2023/2023
f 2029/2029/2029 2028/2028/2028 2027/2027/2027
f 2030/2030/2030 2029/2029/2029 2027/2027/2027
f 2033/2033/2033 2032/2032/2032 2031/2031/2031
f 2034/2034/2034 2033/2033/2033 2031/2031/2031
f 2034/2034/2034 2031/2031/2031 2035/2035/2035
f 2031/2031/2031 2036/2036/2036 2035/2035/2035
f 2035/2035/2035 2036/2036/2036 2037/2037/2037
f 2038/2038/2038 2035/2035/2035 2037/2037/2037
f 2038/2038/2038 2037/2037/2037 2039/2039/2039
f 2040/2040/2040 2038/2038/2038 2039/2039/2039
f 2039/2039/2039 2041/2041/2041 2040/2040/2040
f 2041/2041/2041 2042/2042/2042 2040/2040/2040
f 2045/2045/2045 2044/2044/2044 2043/2043/2043
f 2046/2046/2046 2045/2045/2045 2043/2043/2043
f 2049/2049/2049 2048/2048/2048 2047/2047/2047
f 2050/2050/2050 2049/2049/2049 2047/2047/2047
f 2053/2053/2053 2052/2052/2052 2051/2051/2051
f 2054/2054/2054 2053/2053/2053 2051/2051/2051
f 2055/2055/2055 2053/2053/2053 2054/2054/2054
f 2056/2056/2056 2055/2055/2055 2054/2054/2054
f 2056/2056/2056 2057/2057/2057 2055/2055/2055
f 2057/2057/2057 2058/2058/2058 2055/2055/2055
f 2059/2059/2059 2058/2058/2058 2057/2057/2057
f 2060/2060/2060 2059/2059/2059 2057/2057/2057
f 2061/2061/2061 2059/2059/2059 2060/2060/2060
f 2062/2062/2062 2061/2061/2061 2060/2060/2060
f 2065/2065/2065 2064/2064/2064 2063/2063/2063
f 2066/2066/2066 2065/2065/2065 2063/2063/2063
f 2069/2069/2069 2068/2068/2068 2067/2067/2067
f 2070/2070/2070 2069/2069/2069 2067/2067/2067
f 2071/2071/2071 2069/2069/2069 2070/2070/2070
f 2072/2072/2072 2071/2071/2071 2070/2070/2070
f 2072/2072/2072 2073/2073/2073 2071/2071/2071
f 2073/2073/2073 2074/2074/2074 2071/2071/2071
f 2075/2075/2075 2074/2074/2074 2073/2073/2073
f 2076/2076/2076 2075/2075/2075 2073/2073/2073
f 2077/2077/2077 2075/2075/2075 2076/2076/2076
f 2078/2078/2078 2077/2077/2077 2076/2076/2076
f 2081/2081/2081 2080/2080/2080 2079/2079/2079
f 2082/2082/2082 2081/2081/2081 2079/2079/2079
f 2085/2085/2085 2084/2084/2084 2083/2083/2083
f 2084/2084/2084 2085/2085/2085 2086/2086/2086
f 2089/2089/2089 2088/2088/2088 2087/2087/2087
f 2088/2088/2088 2090/2090/2090 2087/2087/2087
f 2087/2087/2087 2090/2090/2090 2091/2091/2091
f 2092/2092/2092 2087/2087/2087 2091/2091/2091
f 2092/2092/2092 2091/2091/2091 2093/2093/2093
f 2091/2091/2091 2094/2094/2094 2093/2093/2093
f 2093/2093/2093 2094/2094/2094 2095/2095/2095
f 2094/2094/2094 2096/2096/2096 2095/2095/2095
f 2095/2095/2095 2096/2096/2096 2097/2097/2097
f 2096/2096/2096 2098/2098/2098 2097/2097/2097
f 2097/2097/2097 2098/2098/2098 2099/2099/2099
f 2098/2098/2098 2100/2100/2100 2099/2099/2099
f 2099/2099/2099 2100/2100/2100 2101/2101/2101
f 2102/2102/2102 2099/2099/2099 2101/2101/2101
f 2102/2102/2102 2101/2101/2101 2103/2103/2103
f 2101/2101/2101 2104/2104/2104 2103/2103/2103
f 2103/2103/2103 2104/2104/2104 2105/2105/2105
f 2106/2106/2106 2103/2103/2103 2105/2105/2105
f 2106/2106/2106 2105/2105/2105 2107/2107/2107
f 2105/2105/2105 2108/2108/2108 2107/2107/2107
f 2109/2109/2109 2108/2108/2108 2105/2105/2105
f 2110/2110/2110 2109/2109/2109 2105/2105/2105
f 2111/2111/2111 2110/2110/2110 2105/2105/2105
f 2112/2112/2112 2111/2111/2111 2105/2105/2105
f 2105/2105/2105 2113/2113/2113 2112/2112/2112
f 2113/2113/2113 2114/2114/2114 2112/2112/2112
f 2105/2105/2105 2115/2115/2115 2113/2113/2113
f 2115/2115/2115 2116/2116/2116 2113/2113/2113
f 2117/2117/2117 2116/2116/2116 2115/2115/2115
f 2118/2118/2118 2117/2117/2117 2115/2115/2115
f 2119/2119/2119 2117/2117/2117 2118/2118/2118
f 2120/2120/2120 2119/2119/2119 2118/2118/2118
f 2121/2121/2121 2119/2119/2119 2120/2120/2120
f 2122/2122/2122 2121/2121/2121 2120/2120/2120
f 2121/2121/2121 2122/2122/2122 2123/2123/2123
f 2124/2124/2124 2121/2121/2121 2123/2123/2123
f 2124/2124/2124 2123/2123/2123 2125/2125/2125
f 2123/2123/2123 2126/2126/2126 2125/2125/2125
f 2127/2127/2127 2125/2125/2125 2126/2126/2126
f 2128/2128/2128 2127/2127/2127 2126/2126/2126
f 2129/2129/2129 2127/2127/2127 2128/2128/2128
f 2130/2130/2130 2129/2129/2129 2128/2128/2128
f 2131/2131/2131 2129/2129/2129 2130/2130/2130
f 2132/2132/2132 2131/2131/2131 2130/2130/2130
f 2131/2131/2131 2132/2132/2132 2133/2133/2133
f 2134/2134/2134 2131/2131/2131 2133/2133/2133
f 2135/2135/2135 2134/2134/2134 2133/2133/2133
f 2136/2136/2136 2135/2135/2135 2133/2133/2133
f 2139/2139/2139 2138/2138/2138 2137/2137/2137
f 2140/2140/2140 2139/2139/2139 2137/2137/2137
f 2141/2141/2141 2139/2139/2139 2140/2140/2140
f 2142/2142/2142 2141/2141/2141 2140/2140/2140
f 2143/2143/2143 2141/2141/2141 2142/2142/2142
f 2144/2144/2144 2143/2143/2143 2142/2142/2142
f 2144/2144/2144 2145/2145/2145 2143/2143/2143
f 2145/2145/2145 2146/2146/2146 2143/2143/2143
f 2147/2147/2147 2146/2146/2146 2145/2145/2145
f 2148/2148/2148 2147/2147/2147 2145/2145/2145
f 2148/2148/2148 2149/2149/2149 2147/2147/2147
f 2149/2149/2149 2150/2150/2150 2147/2147/2147
f 2151/2151/2151 2150/2150/2150 2149/2149/2149
f 2152/2152/2152 2151/2151/2151 2149/2149/2149
f 2153/2153/2153 2151/2151/2151 2152/2152/2152
f 2154/2154/2154 2153/2153/2153 2152/2152/2152
f 2157/2157/2157 2156/2156/2156 2155/2155/2155
f 2156/2156/2156 2158/2158/2158 2155/2155/2155
f 2159/2159/2159 2158/2158/2158 2156/2156/2156
f 2160/2160/2160 2159/2159/2159 2156/2156/2156
f 2161/2161/2161 2159/2159/2159 2160/2160/2160
f 2162/2162/2162 2161/2161/2161 2160/2160/2160
f 2162/2162/2162 2163/2163/2163 2161/2161/2161
f 2163/2163/2163 2164/2164/2164 2161/2161/2161
f 2165/2165/2165 2164/2164/2164 2163/2163/2163
f 2166/2166/2166 2165/2165/2165 2163/2163/2163
f 2166/2166/2166 2167/2167/2167 2165/2165/2165
f 2167/2167/2167 2168/2168/2168 2165/2165/2165
f 2169/2169/2169 2168/2168/2168 2167/2167/2167
f 2170/2170/2170 2169/2169/2169 2167/2167/2167
f 2171/2171/2171 2169/2169/2169 2170/2170/2170
f 2172/2172/2172 2171/2171/2171 2170/2170/2170
f 2175/2175/2175 2174/2174/2174 2173/2173/2173
f 2176/2176/2176 2175/2175/2175 2173/2173/2173
f 2179/2179/2179 2178/2178/2178 2177/2177/2177
f 2180/2180/2180 2179/2179/2179 2177/2177/2177
f 2183/2183/2183 2182/2182/2182 2181/2181/2181
f 2184/2184/2184 2183/2183/2183 2181/2181/2181
f 2187/2187/2187 2186/2186/2186 2185/2185/2185
f 2188/2188/2188 2187/2187/2187 2185/2185/2185
f 2191/2191/2191 2190/2190/2190 2189/2189/2189
f 2192/2192/2192 2191/2191/2191 2189/2189/2189
f 2195/2195/2195 2194/2194/2194 2193/2193/2193
f 2196/2196/2196 2195/2195/2195 2193/2193/2193
f 2199/2199/2199 2198/2198/2198 2197/2197/2197
f 2198/2198/2198 2200/2200/2200 2197/2197/2197
f 2197/2197/2197 2200/2200/2200 2201/2201/2201
f 2200/2200/2200 2202/2202/2202 2201/2201/2201
f 2205/2205/2205 2204/2204/2204 2203/2203/2203
f 2203/2203/2203 2204/2204/2204 2206/2206/2206
f 2209/2209/2209 2208/2208/2208 2207/2207/2207
f 2210/2210/2210 2209/2209/2209 2207/2207/2207
f 2213/2213/2213 2212/2212/2212 2211/2211/2211
f 2214/2214/2214 2213/2213/2213 2211/2211/2211
f 2217/2217/2217 2216/2216/2216 2215/2215/2215
f 2218/2218/2218 2217/2217/2217 2215/2215/2215
f 2221/2221/2221 2220/2220/2220 2219/2219/2219
f 2222/2222/2222 2221/2221/2221 2219/2219/2219
f 2225/2225/2225 2224/2224/2224 2223/2223/2223
f 2224/2224/2224 2226/2226/2226 2223/2223/2223
f 2227/2227/2227 2223/2223/2223 2226/2226/2226
f 2228/2228/2228 2227/2227/2227 2226/2226/2226
f 2229/2229/2229 2228/2228/2228 2226/2226/2226
f 2230/2230/2230 2227/2227/2227 2228/2228/2228
f 2231/2231/2231 2228/2228/2228 2229/2229/2229
f 2232/2232/2232 2231/2231/2231 2229/2229/2229
f 2233/2233/2233 2230/2230/2230 2228/2228/2228
f 2234/2234/2234 2230/2230/2230 2233/2233/2233
f 2235/2235/2235 2234/2234/2234 2233/2233/2233
f 2235/2235/2235 2236/2236/2236 2234/2234/2234
f 2236/2236/2236 2237/2237/2237 2234/2234/2234
f 2238/2238/2238 2237/2237/2237 2236/2236/2236
f 2239/2239/2239 2238/2238/2238 2236/2236/2236
f 2239/2239/2239 2240/2240/2240 2238/2238/2238
f 2240/2240/2240 2241/2241/2241 2238/2238/2238
f 2242/2242/2242 2241/2241/2241 2240/2240/2240
f 2243/2243/2243 2242/2242/2242 2240/2240/2240
f 2244/2244/2244 2242/2242/2242 2243/2243/2243
f 2245/2245/2245 2244/2244/2244 2243/2243/2243
f 2245/2245/2245 2246/2246/2246 2244/2244/2244
f 2246/2246/2246 2247/2247/2247 2244/2244/2244
f 2250/2250/2250 2249/2249/2249 2248/2248/2248
f 2249/2249/2249 2251/2251/2251 2248/2248/2248
f 2252/2252/2252 2248/2248/2248 2251/2251/2251
f 2253/2253/2253 2252/2252/2252 2251/2251/2251
f 2254/2254/2254 2252/2252/2252 2253/2253/2253
f 2255/2255/2255 2254/2254/2254 2253/2253/2253
f 2258/2258/2258 2257/2257/2257 2256/2256/2256
f 2256/2256/2256 2259/2259/2259 2258/2258/2258
f 2259/2259/2259 2260/2260/2260 2258/2258/2258
f 2260/2260/2260 2261/2261/2261 2258/2258/2258
f 2260/2260/2260 2262/2262/2262 2261/2261/2261
f 2262/2262/2262 2263/2263/2263 2261/2261/2261
f 2264/2264/2264 2263/2263/2263 2262/2262/2262
f 2265/2265/2265 2264/2264/2264 2262/2262/2262
f 2265/2265/2265 2266/2266/2266 2264/2264/2264
f 2266/2266/2266 2267/2267/2267 2264/2264/2264
f 2266/2266/2266 2268/2268/2268 2267/2267/2267
f 2268/2268/2268 2269/2269/2269 2267/2267/2267
f 2270/2270/2270 2269/2269/2269 2268/2268/2268
f 2271/2271/2271 2270/2270/2270 2268/2268/2268
f 2271/2271/2271 2272/2272/2272 2270/2270/2270
f 2272/2272/2272 2273/2273/2273 2270/2270/2270
f 2276/2276/2276 2275/2275/2275 2274/2274/2274
f 2275/2275/2275 2277/2277/2277 2274/2274/2274
f 2275/2275/2275 2278/2278/2278 2277/2277/2277
f 2278/2278/2278 2279/2279/2279 2277/2277/2277
f 2280/2280/2280 2279/2279/2279 2278/2278/2278
f 2281/2281/2281 2280/2280/2280 2278/2278/2278
f 2281/2281/2281 2282/2282/2282 2280/2280/2280
f 2282/2282/2282 2283/2283/2283 2280/2280/2280
f 2282/2282/2282 2284/2284/2284 2283/2283/2283
f 2284/2284/2284 2285/2285/2285 2283/2283/2283
f 2286/2286/2286 2285/2285/2285 2284/2284/2284
f 2287/2287/2287 2286/2286/2286 2284/2284/2284
f 2287/2287/2287 2288/2288/2288 2286/2286/2286
f 2288/2288/2288 2289/2289/2289 2286/2286/2286
f 2288/2288/2288 2290/2290/2290 2289/2289/2289
f 2290/2290/2290 2291/2291/2291 2289/2289/2289
f 2292/2292/2292 2291/2291/2291 2290/2290/2290
f 2293/2293/2293 2292/2292/2292 2290/2290/2290
f 2294/2294/2294 2292/2292/2292 2293/2293/2293
f 2295/2295/2295 2294/2294/2294 2293/2293/2293
f 2298/2298/2298 2297/2297/2297 2296/2296/2296
f 2299/2299/2299 2298/2298/2298 2296/2296/2296
f 2300/2300/2300 2298/2298/2298 2299/2299/2299
f 2301/2301/2301 2300/2300/2300 2299/2299/2299
f 2302/2302/2302 2300/2300/2300 2301/2301/2301
f 2303/2303/2303 2302/2302/2302 2301/2301/2301
f 2304/2304/2304 2302/2302/2302 2303/2303/2303
f 2305/2305/2305 2304/2304/2304 2303/2303/2303
f 2305/2305/2305 2306/2306/2306 2304/2304/2304
f 2306/2306/2306 2307/2307/2307 2304/2304/2304
f 2308/2308/2308 2307/2307/2307 2306/2306/2306
f 2309/2309/2309 2308/2308/2308 2306/2306/2306
f 2308/2308/2308 2309/2309/2309 2310/2310/2310
f 2309/2309/2309 2311/2311/2311 2310/2310/2310
f 2311/2311/2311 2312/2312/2312 2310/2310/2310
f 2312/2312/2312 2313/2313/2313 2310/2310/2310
f 2314/2314/2314 2313/2313/2313 2312/2312/2312
f 2315/2315/2315 2314/2314/2314 2312/2312/2312
f 2315/2315/2315 2316/2316/2316 2314/2314/2314
f 2316/2316/2316 2317/2317/2317 2314/2314/2314
f 2318/2318/2318 2317/2317/2317 2316/2316/2316
f 2319/2319/2319 2318/2318/2318 2316/2316/2316
f 2319/2319/2319 2320/2320/2320 2318/2318/2318
f 2320/2320/2320 2321/2321/2321 2318/2318/2318
f 2324/2324/2324 2323/2323/2323 2322/2322/2322
f 2325/2325/2325 2324/2324/2324 2322/2322/2322
f 2328/2328/2328 2327/2327/2327 2326/2326/2326
f 2329/2329/2329 2328/2328/2328 2326/2326/2326
f 2332/2332/2332 2331/2331/2331 2330/2330/2330
f 2331/2331/2331 2333/2333/2333 2330/2330/2330
f 2330/2330/2330 2333/2333/2333 2334/2334/2334
f 2333/2333/2333 2335/2335/2335 2334/2334/2334
f 2334/2334/2334 2335/2335/2335 2336/2336/2336
f 2337/2337/2337 2334/2334/2334 2336/2336/2336
f 2337/2337/2337 2336/2336/2336 2338/2338/2338
f 2336/2336/2336 2339/2339/2339 2338/2338/2338
f 2338/2338/2338 2339/2339/2339 2340/2340/2340
f 2341/2341/2341 2338/2338/2338 2340/2340/2340
f 2341/2341/2341 2340/2340/2340 2342/2342/2342
f 2340/2340/2340 2343/2343/2343 2342/2342/2342
f 2342/2342/2342 2343/2343/2343 2344/2344/2344
f 2343/2343/2343 2345/2345/2345 2344/2344/2344
f 2344/2344/2344 2345/2345/2345 2346/2346/2346
f 2345/2345/2345 2347/2347/2347 2346/2346/2346
f 2350/2350/2350 2349/2349/2349 2348/2348/2348
f 2351/2351/2351 2350/2350/2350 2348/2348/2348
f 2354/2354/2354 2353/2353/2353 2352/2352/2352
f 2355/2355/2355 2354/2354/2354 2352/2352/2352
f 2358/2358/2358 2357/2357/2357 2356/2356/2356
f 2359/2359/2359 2358/2358/2358 2356/2356/2356
f 2362/2362/2362 2361/2361/2361 2360/2360/2360
f 2361/2361/2361 2363/2363/2363 2360/2360/2360
f 2360/2360/2360 2363/2363/2363 2364/2364/2364
f 2365/2365/2365 2360/2360/2360 2364/2364/2364
f 2365/2365/2365 2364/2364/2364 2366/2366/2366
f 2364/2364/2364 2367/2367/2367 2366/2366/2366
f 2366/2366/2366 2367/2367/2367 2368/2368/2368
f 2367/2367/2367 2369/2369/2369 2368/2368/2368
f 2370/2370/2370 2368/2368/2368 2369/2369/2369
f 2371/2371/2371 2370/2370/2370 2369/2369/2369
f 2374/2374/2374 2373/2373/2373 2372/2372/2372
f 2375/2375/2375 2374/2374/2374 2372/2372/2372
f 2378/2378/2378 2377/2377/2377 2376/2376/2376
f 2377/2377/2377 2379/2379/2379 2376/2376/2376
f 2380/2380/2380 2379/2379/2379 2377/2377/2377
f 2381/2381/2381 2380/2380/2380 2377/2377/2377
f 2381/2381/2381 2382/2382/2382 2380/2380/2380
f 2382/2382/2382 2383/2383/2383 2380/2380/2380
f 2384/2384/2384 2383/2383/2383 2382/2382/2382
f 2385/2385/2385 2384/2384/2384 2382/2382/2382
f 2386/2386/2386 2384/2384/2384 2385/2385/2385
f 2387/2387/2387 2386/2386/2386 2385/2385/2385
f 2388/2388/2388 2386/2386/2386 2387/2387/2387
f 2389/2389/2389 2388/2388/2388 2387/2387/2387
f 2392/2392/2392 2391/2391/2391 2390/2390/2390
f 2393/2393/2393 2392/2392/2392 2390/2390/2390
f 2393/2393/2393 2390/2390/2390 2394/2394/2394
f 2395/2395/2395 2393/2393/2393 2394/2394/2394
f 2395/2395/2395 2394/2394/2394 2396/2396/2396
f 2390/2390/2390 2397/2397/2397 2394/2394/2394
f 2398/2398/2398 2397/2397/2397 2390/2390/2390
f 2399/2399/2399 2398/2398/2398 2390/2390/2390
f 2399/2399/2399 2400/2400/2400 2398/2398/2398
f 2401/2401/2401 2398/2398/2398 2400/2400/2400
f 2401/2401/2401 2402/2402/2402 2398/2398/2398
f 2402/2402/2402 2403/2403/2403 2398/2398/2398
f 2402/2402/2402 2404/2404/2404 2403/2403/2403
f 2404/2404/2404 2405/2405/2405 2403/2403/2403
f 2406/2406/2406 2405/2405/2405 2404/2404/2404
f 2407/2407/2407 2406/2406/2406 2404/2404/2404
f 2407/2407/2407 2408/2408/2408 2406/2406/2406
f 2411/2411/2411 2410/2410/2410 2409/2409/2409
f 2410/2410/2410 2412/2412/2412 2409/2409/2409
f 2409/2409/2409 2412/2412/2412 2413/2413/2413
f 2412/2412/2412 2414/2414/2414 2413/2413/2413
f 2413/2413/2413 2414/2414/2414 2415/2415/2415
f 2416/2416/2416 2413/2413/2413 2415/2415/2415
f 2416/2416/2416 2415/2415/2415 2417/2417/2417
f 2418/2418/2418 2416/2416/2416 2417/2417/2417
f 2418/2418/2418 2417/2417/2417 2419/2419/2419
f 2417/2417/2417 2420/2420/2420 2419/2419/2419
f 2419/2419/2419 2420/2420/2420 2421/2421/2421
f 2422/2422/2422 2419/2419/2419 2421/2421/2421
f 2422/2422/2422 2421/2421/2421 2423/2423/2423
f 2421/2421/2421 2424/2424/2424 2423/2423/2423
f 2423/2423/2423 2424/2424/2424 2425/2425/2425
f 2424/2424/2424 2426/2426/2426 2425/2425/2425
f 2429/2429/2429 2428/2428/2428 2427/2427/2427
f 2430/2430/2430 2429/2429/2429 2427/2427/2427
f 2430/2430/2430 2427/2427/2427 2431/2431/2431
f 2432/2432/2432 2430/2430/2430 2431/2431/2431
f 2432/2432/2432 2431/2431/2431 2433/2433/2433
f 2434/2434/2434 2432/2432/2432 2433/2433/2433
f 2434/2434/2434 2433/2433/2433 2435/2435/2435
f 2436/2436/2436 2434/2434/2434 2435/2435/2435
f 2439/2439/2439 2438/2438/2438 2437/2437/2437
f 2440/2440/2440 2439/2439/2439 2437/2437/2437
f 2440/2440/2440 2441/2441/2441 2439/2439/2439
f 2441/2441/2441 2442/2442/2442 2439/2439/2439
f 2443/2443/2443 2442/2442/2442 2441/2441/2441
f 2444/2444/2444 2443/2443/2443 2441/2441/2441
f 2444/2444/2444 2445/2445/2445 2443/2443/2443
f 2445/2445/2445 2446/2446/2446 2443/2443/2443
f 2445/2445/2445 2447/2447/2447 2446/2446/2446
f 2447/2447/2447 2448/2448/2448 2446/2446/2446
f 2447/2447/2447 2449/2449/2449 2448/2448/2448
f 2449/2449/2449 2450/2450/2450 2448/2448/2448
f 2453/2453/2453 2452/2452/2452 2451/2451/2451
f 2452/2452/2452 2454/2454/2454 2451/2451/2451
f 2451/2451/2451 2454/2454/2454 2455/2455/2455
f 2454/2454/2454 2456/2456/2456 2455/2455/2455
f 2455/2455/2455 2456/2456/2456 2457/2457/2457
f 2458/2458/2458 2451/2451/2451 2455/2455/2455
f 2458/2458/2458 2459/2459/2459 2451/2451/2451
f 2459/2459/2459 2460/2460/2460 2451/2451/2451
f 2461/2461/2461 2460/2460/2460 2459/2459/2459
f 2459/2459/2459 2462/2462/2462 2461/2461/2461
f 2463/2463/2463 2462/2462/2462 2459/2459/2459
f 2464/2464/2464 2463/2463/2463 2459/2459/2459
f 2465/2465/2465 2463/2463/2463 2464/2464/2464
f 2466/2466/2466 2465/2465/2465 2464/2464/2464
f 2466/2466/2466 2467/2467/2467 2465/2465/2465
f 2467/2467/2467 2468/2468/2468 2465/2465/2465
f 2469/2469/2469 2468/2468/2468 2467/2467/2467
f 2472/2472/2472 2471/2471/2471 2470/2470/2470
f 2473/2473/2473 2472/2472/2472 2470/2470/2470
f 2473/2473/2473 2470/2470/2470 2474/2474/2474
f 2475/2475/2475 2473/2473/2473 2474/2474/2474
f 2475/2475/2475 2474/2474/2474 2476/2476/2476
f 2474/2474/2474 2477/2477/2477 2476/2476/2476
f 2476/2476/2476 2477/2477/2477 2478/2478/2478
f 2477/2477/2477 2479/2479/2479 2478/2478/2478
f 2478/2478/2478 2479/2479/2479 2480/2480/2480
f 2481/2481/2481 2478/2478/2478 2480/2480/2480
f 2481/2481/2481 2480/2480/2480 2482/2482/2482
f 2480/2480/2480 2483/2483/2483 2482/2482/2482
f 2482/2482/2482 2483/2483/2483 2484/2484/2484
f 2485/2485/2485 2482/2482/2482 2484/2484/2484
f 2485/2485/2485 2484/2484/2484 2486/2486/2486
f 2487/2487/2487 2485/2485/2485 2486/2486/2486
f 2490/2490/2490 2489/2489/2489 2488/2488/2488
f 2489/2489/2489 2491/2491/2491 2488/2488/2488
f 2488/2488/2488 2491/2491/2491 2492/2492/2492
f 2491/2491/2491 2493/2493/2493 2492/2492/2492
f 2492/2492/2492 2493/2493/2493 2494/2494/2494
f 2493/2493/2493 2495/2495/2495 2494/2494/2494
f 2494/2494/2494 2495/2495/2495 2496/2496/2496
f 2495/2495/2495 2497/2497/2497 2496/2496/2496
f 2500/2500/2500 2499/2499/2499 2498/2498/2498
f 2501/2501/2501 2500/2500/2500 2498/2498/2498
f 2501/2501/2501 2502/2502/2502 2500/2500/2500
f 2502/2502/2502 2503/2503/2503 2500/2500/2500
f 2504/2504/2504 2503/2503/2503 2502/2502/2502
f 2505/2505/2505 2504/2504/2504 2502/2502/2502
f 2505/2505/2505 2506/2506/2506 2504/2504/2504
f 2506/2506/2506 2507/2507/2507 2504/2504/2504
f 2506/2506/2506 2508/2508/2508 2507/2507/2507
f 2508/2508/2508 2509/2509/2509 2507/2507/2507
f 2508/2508/2508 2510/2510/2510 2509/2509/2509
f 2510/2510/2510 2511/2511/2511 2509/2509/2509
f 2514/2514/2514 2513/2513/2513 2512/2512/2512
f 2513/2513/2513 2515/2515/2515 2512/2512/2512
f 2512/2512/2512 2515/2515/2515 2516/2516/2516
f 2515/2515/2515 2517/2517/2517 2516/2516/2516
f 2516/2516/2516 2517/2517/2517 2518/2518/2518
f 2519/2519/2519 2512/2512/2512 2516/2516/2516
f 2519/2519/2519 2520/2520/2520 2512/2512/2512
f 2520/2520/2520 2521/2521/2521 2512/2512/2512
f 2522/2522/2522 2521/2521/2521 2520/2520/2520
f 2520/2520/2520 2523/2523/2523 2522/2522/2522
f 2524/2524/2524 2523/2523/2523 2520/2520/2520
f 2525/2525/2525 2524/2524/2524 2520/2520/2520
f 2526/2526/2526 2524/2524/2524 2525/2525/2525
f 2527/2527/2527 2526/2526/2526 2525/2525/2525
f 2527/2527/2527 2528/2528/2528 2526/2526/2526
f 2528/2528/2528 2529/2529/2529 2526/2526/2526
f 2530/2530/2530 2529/2529/2529 2528/2528/2528
f 2533/2533/2533 2532/2532/2532 2531/2531/2531
f 2534/2534/2534 2533/2533/2533 2531/2531/2531
f 2534/2534/2534 2531/2531/2531 2535/2535/2535
f 2536/2536/2536 2534/2534/2534 2535/2535/2535
f 2536/2536/2536 2535/2535/2535 2537/2537/2537
f 2535/2535/2535 2538/2538/2538 2537/2537/2537
f 2537/2537/2537 2538/2538/2538 2539/2539/2539
f 2538/2538/2538 2540/2540/2540 2539/2539/2539
f 2539/2539/2539 2540/2540/2540 2541/2541/2541
f 2542/2542/2542 2539/2539/2539 2541/2541/2541
f 2542/2542/2542 2541/2541/2541 2543/2543/2543
f 2541/2541/2541 2544/2544/2544 2543/2543/2543
f 2543/2543/2543 2544/2544/2544 2545/2545/2545
f 2546/2546/2546 2543/2543/2543 2545/2545/2545
f 2546/2546/2546 2545/2545/2545 2547/2547/2547
f 2548/2548/2548 2546/2546/2546 2547/2547/2547
f 2551/2551/2551 2550/2550/2550 2549/2549/2549
f 2550/2550/2550 2552/2552/2552 2549/2549/2549
f 2549/2549/2549 2552/2552/2552 2553/2553/2553
f 2552/2552/2552 2554/2554/2554 2553/2553/2553
f 2553/2553/2553 2554/2554/2554 2555/2555/2555
f 2554/2554/2554 2556/2556/2556 2555/2555/2555
f 2555/2555/2555 2556/2556/2556 2557/2557/2557
f 2556/2556/2556 2558/2558/2558 2557/2557/2557
f 2561/2561/2561 2560/2560/2560 2559/2559/2559
f 2560/2560/2560 2562/2562/2562 2559/2559/2559
f 2563/2563/2563 2562/2562/2562 2560/2560/2560
f 2564/2564/2564 2563/2563/2563 2560/2560/2560
f 2564/2564/2564 2565/2565/2565 2563/2563/2563
f 2565/2565/2565 2566/2566/2566 2563/2563/2563
f 2567/2567/2567 2566/2566/2566 2565/2565/2565
f 2568/2568/2568 2567/2567/2567 2565/2565/2565
f 2569/2569/2569 2567/2567/2567 2568/2568/2568
f 2570/2570/2570 2569/2569/2569 2568/2568/2568
f 2571/2571/2571 2569/2569/2569 2570/2570/2570
f 2572/2572/2572 2571/2571/2571 2570/2570/2570
f 2575/2575/2575 2574/2574/2574 2573/2573/2573
f 2576/2576/2576 2575/2575/2575 2573/2573/2573
f 2576/2576/2576 2573/2573/2573 2577/2577/2577
f 2578/2578/2578 2576/2576/2576 2577/2577/2577
f 2578/2578/2578 2577/2577/2577 2579/2579/2579
f 2573/2573/2573 2580/2580/2580 2577/2577/2577
f 2581/2581/2581 2580/2580/2580 2573/2573/2573
f 2582/2582/2582 2581/2581/2581 2573/2573/2573
f 2582/2582/2582 2583/2583/2583 2581/2581/2581
f 2584/2584/2584 2581/2581/2581 2583/2583/2583
f 2584/2584/2584 2585/2585/2585 2581/2581/2581
f 2585/2585/2585 2586/2586/2586 2581/2581/2581
f 2585/2585/2585 2587/2587/2587 2586/2586/2586
f 2587/2587/2587 2588/2588/2588 2586/2586/2586
f 2589/2589/2589 2588/2588/2588 2587/2587/2587
f 2590/2590/2590 2589/2589/2589 2587/2587/2587
f 2590/2590/2590 2591/2591/2591 2589/2589/2589
f 2594/2594/2594 2593/2593/2593 2592/2592/2592
f 2593/2593/2593 2595/2595/2595 2592/2592/2592
f 2592/2592/2592 2595/2595/2595 2596/2596/2596
f 2595/2595/2595 2597/2597/2597 2596/2596/2596
f 2596/2596/2596 2597/2597/2597 2598/2598/2598
f 2599/2599/2599 2596/2596/2596 2598/2598/2598
f 2599/2599/2599 2598/2598/2598 2600/2600/2600
f 2601/2601/2601 2599/2599/2599 2600/2600/2600
f 2601/2601/2601 2600/2600/2600 2602/2602/2602
f 2600/2600/2600 2603/2603/2603 2602/2602/2602
f 2602/2602/2602 2603/2603/2603 2604/2604/2604
f 2605/2605/2605 2602/2602/2602 2604/2604/2604
f 2605/2605/2605 2604/2604/2604 2606/2606/2606
f 2604/2604/2604 2607/2607/2607 2606/2606/2606
f 2606/2606/2606 2607/2607/2607 2608/2608/2608
f 2607/2607/2607 2609/2609/2609 2608/2608/2608
f 2612/2612/2612 2611/2611/2611 2610/2610/2610
f 2613/2613/2613 2612/2612/2612 2610/2610/2610
f 2613/2613/2613 2610/2610/2610 2614/2614/2614
f 2615/2615/2615 2613/2613/2613 2614/2614/2614
f 2615/2615/2615 2614/2614/2614 2616/2616/2616
f 2617/2617/2617 2615/2615/2615 2616/2616/2616
f 2617/2617/2617 2616/2616/2616 2618/2618/2618
f 2619/2619/2619 2617/2617/2617 2618/2618/2618
f 2622/2622/2622 2621/2621/2621 2620/2620/2620
f 2623/2623/2623 2622/2622/2622 2620/2620/2620
f 2626/2626/2626 2625/2625/2625 2624/2624/2624
f 2627/2627/2627 2626/2626/2626 2624/2624/2624
f 2630/2630/2630 2629/2629/2629 2628/2628/2628
f 2631/2631/2631 2630/2630/2630 2628/2628/2628
f 2634/2634/2634 2633/2633/2633 2632/2632/2632
f 2635/2635/2635 2634/2634/2634 2632/2632/2632
f 2638/2638/2638 2637/2637/2637 2636/2636/2636
f 2637/2637/2637 2639/2639/2639 2636/2636/2636
f 2640/2640/2640 2636/2636/2636 2639/2639/2639
f 2641/2641/2641 2640/2640/2640 2639/2639/2639
f 2644/2644/2644 2643/2643/2643 2642/2642/2642
f 2645/2645/2645 2644/2644/2644 2642/2642/2642
f 2648/2648/2648 2647/2647/2647 2646/2646/2646
f 2649/2649/2649 2648/2648/2648 2646/2646/2646
f 2652/2652/2652 2651/2651/2651 2650/2650/2650
f 2653/2653/2653 2652/2652/2652 2650/2650/2650
f 2656/2656/2656 2655/2655/2655 2654/2654/2654
f 2657/2657/2657 2656/2656/2656 2654/2654/2654
f 2660/2660/2660 2659/2659/2659 2658/2658/2658
f 2661/2661/2661 2660/2660/2660 2658/2658/2658
f 2664/2664/2664 2663/2663/2663 2662/2662/2662
f 2665/2665/2665 2664/2664/2664 2662/2662/2662
f 2668/2668/2668 2667/2667/2667 2666/2666/2666
f 2669/2669/2669 2668/2668/2668 2666/2666/2666
f 2672/2672/2672 2671/2671/2671 2670/2670/2670
f 2673/2673/2673 2672/2672/2672 2670/2670/2670
f 2676/2676/2676 2675/2675/2675 2674/2674/2674
f 2677/2677/2677 2676/2676/2676 2674/2674/2674
f 2680/2680/2680 2679/2679/2679 2678/2678/2678
f 2681/2681/2681 2680/2680/2680 2678/2678/2678
f 2684/2684/2684 2683/2683/2683 2682/2682/2682
f 2685/2685/2685 2684/2684/2684 2682/2682/2682
f 2682/2682/2682 2686/2686/2686 2685/2685/2685
f 2686/2686/2686 2687/2687/2687 2685/2685/2685
f 2690/2690/2690 2689/2689/2689 2688/2688/2688
f 2691/2691/2691 2690/2690/2690 2688/2688/2688
f 2694/2694/2694 2693/2693/2693 2692/2692/2692
f 2695/2695/2695 2694/2694/2694 2692/2692/2692
f 2698/2698/2698 2697/2697/2697 2696/2696/2696
f 2699/2699/2699 2698/2698/2698 2696/2696/2696
f 2702/2702/2702 2701/2701/2701 2700/2700/2700
f 2703/2703/2703 2702/2702/2702 2700/2700/2700
f 2706/2706/2706 2705/2705/2705 2704/2704/2704
f 2705/2705/2705 2707/2707/2707 2704/2704/2704
f 2708/2708/2708 2704/2704/2704 2707/2707/2707
f 2709/2709/2709 2708/2708/2708 2707/2707/2707
