g TowerMirrorFrameMesh
v 0.0665573105 -1.79215872 0.186246797
v -0 -1.79215872 0.225803077
v -0 -1.7122817 0.186246797
v -0 -1.7122817 0.186246797
v -0 -1.79215872 0.225803077
v -0.066557005 -1.79215872 0.186246797
v -0.066557005 -1.79215872 0.186246797
v -0 -1.79215872 0.225803077
v -0 -1.8720361 0.186246797
v -0 -1.79215872 0.225803077
v 0.0665573105 -1.79215872 0.186246797
v -0 -1.8720361 0.186246797
v -0 -1.79215872 0.146690518
v 0.0665573105 -1.79215872 0.186246797
v -0 -1.7122817 0.186246797
v -0 -1.79215872 0.146690518
v -0 -1.7122817 0.186246797
v -0.066557005 -1.79215872 0.186246797
v -0 -1.79215872 0.146690518
v -0.066557005 -1.79215872 0.186246797
v -0 -1.8720361 0.186246797
v -0 -1.79215872 0.146690518
v -0 -1.8720361 0.186246797
v 0.0665573105 -1.79215872 0.186246797
v 0.0665573105 -1.79215872 -0.016391322
v -0 -1.7122817 -0.016391322
v -0 -1.79215872 -0.0559475981
v -0 -1.7122817 -0.016391322
v -0.066557005 -1.79215872 -0.016391322
v -0 -1.79215872 -0.0559475981
v -0.066557005 -1.79215872 -0.016391322
v -0 -1.8720361 -0.016391322
v -0 -1.79215872 -0.0559475981
v -0 -1.79215872 -0.0559475981
v -0 -1.8720361 -0.016391322
v 0.0665573105 -1.79215872 -0.016391322
v -0 -1.79215872 0.0231649559
v -0 -1.7122817 -0.016391322
v 0.0665573105 -1.79215872 -0.016391322
v -0 -1.79215872 0.0231649559
v -0.066557005 -1.79215872 -0.016391322
v -0 -1.7122817 -0.016391322
v -0 -1.79215872 0.0231649559
v -0 -1.8720361 -0.016391322
v -0.066557005 -1.79215872 -0.016391322
v -0 -1.79215872 0.0231649559
v 0.0665573105 -1.79215872 -0.016391322
v -0 -1.8720361 -0.016391322
v -1.10889041 -0.579011142 0.168728217
v -1.15999997 -0.579011142 0.200888216
v -1.15999997 -0.525910854 0.168728217
v -1.15999997 -0.525910854 0.168728217
v -1.15999997 -0.579011142 0.200888216
v -1.21111023 -0.579011142 0.168728217
v -1.21111023 -0.579011142 0.168728217
v -1.15999997 -0.579011142 0.200888216
v -1.15999997 -0.632110953 0.168728217
v -1.15999997 -0.579011142 0.200888216
v -1.10889041 -0.579011142 0.168728217
v -1.15999997 -0.632110953 0.168728217
v -1.15999997 -0.579011142 0.136568204
v -1.10889041 -0.579011142 0.168728217
v -1.15999997 -0.525910854 0.168728217
v -1.15999997 -0.579011142 0.136568204
v -1.15999997 -0.525910854 0.168728217
v -1.21111023 -0.579011142 0.168728217
v -1.15999997 -0.579011142 0.136568204
v -1.21111023 -0.579011142 0.168728217
v -1.15999997 -0.632110953 0.168728217
v -1.15999997 -0.579011142 0.136568204
v -1.15999997 -0.632110953 0.168728217
v -1.10889041 -0.579011142 0.168728217
v -1.10889041 -0.579011142 0.00112725492
v -1.15999997 -0.525910854 0.00112725492
v -1.15999997 -0.579011142 -0.0310327504
v -1.15999997 -0.525910854 0.00112725492
v -1.21111023 -0.579011142 0.00112725492
v -1.15999997 -0.579011142 -0.0310327504
v -1.21111023 -0.579011142 0.00112725492
v -1.15999997 -0.632110953 0.00112725492
v -1.15999997 -0.579011142 -0.0310327504
v -1.15999997 -0.579011142 -0.0310327504
v -1.15999997 -0.632110953 0.00112725492
v -1.10889041 -0.579011142 0.00112725492
v -1.15999997 -0.579011142 0.0332872532
v -1.15999997 -0.525910854 0.00112725492
v -1.10889041 -0.579011142 0.00112725492
v -1.15999997 -0.579011142 0.0332872532
v -1.21111023 -0.579011142 0.00112725492
v -1.15999997 -0.525910854 0.00112725492
v -1.15999997 -0.579011142 0.0332872532
v -1.15999997 -0.632110953 0.00112725492
v -1.21111023 -0.579011142 0.00112725492
v -1.15999997 -0.579011142 0.0332872532
v -1.10889041 -0.579011142 0.00112725492
v -1.15999997 -0.632110953 0.00112725492
v 1.21110964 -0.579011142 0.168728217
v 1.15999997 -0.579011142 0.200888216
v 1.15999997 -0.525910854 0.168728217
v 1.15999997 -0.525910854 0.168728217
v 1.15999997 -0.579011142 0.200888216
v 1.10889006 -0.579011142 0.168728217
v 1.10889006 -0.579011142 0.168728217
v 1.15999997 -0.579011142 0.200888216
v 1.15999997 -0.632110953 0.168728217
v 1.15999997 -0.579011142 0.200888216
v 1.21110964 -0.579011142 0.168728217
v 1.15999997 -0.632110953 0.168728217
v 1.15999997 -0.579011142 0.136568204
v 1.21110964 -0.579011142 0.168728217
v 1.15999997 -0.525910854 0.168728217
v 1.15999997 -0.579011142 0.136568204
v 1.15999997 -0.525910854 0.168728217
v 1.10889006 -0.579011142 0.168728217
v 1.15999997 -0.579011142 0.136568204
v 1.10889006 -0.579011142 0.168728217
v 1.15999997 -0.632110953 0.168728217
v 1.15999997 -0.579011142 0.136568204
v 1.15999997 -0.632110953 0.168728217
v 1.21110964 -0.579011142 0.168728217
v 1.21110964 -0.579011142 0.00112725492
v 1.15999997 -0.525910854 0.00112725492
v 1.15999997 -0.579011142 -0.0310327504
v 1.15999997 -0.525910854 0.00112725492
v 1.10889006 -0.579011142 0.00112725492
v 1.15999997 -0.579011142 -0.0310327504
v 1.10889006 -0.579011142 0.00112725492
v 1.15999997 -0.632110953 0.00112725492
v 1.15999997 -0.579011142 -0.0310327504
v 1.15999997 -0.579011142 -0.0310327504
v 1.15999997 -0.632110953 0.00112725492
v 1.21110964 -0.579011142 0.00112725492
v 1.15999997 -0.579011142 0.0332872532
v 1.15999997 -0.525910854 0.00112725492
v 1.21110964 -0.579011142 0.00112725492
v 1.15999997 -0.579011142 0.0332872532
v 1.10889006 -0.579011142 0.00112725492
v 1.15999997 -0.525910854 0.00112725492
v 1.15999997 -0.579011142 0.0332872532
v 1.15999997 -0.632110953 0.00112725492
v 1.10889006 -0.579011142 0.00112725492
v 1.15999997 -0.579011142 0.0332872532
v 1.21110964 -0.579011142 0.00112725492
v 1.15999997 -0.632110953 0.00112725492
v 0.0839999393 1.74644554 0.113994777
v -0 1.74644554 0.164819986
v -0 1.88768911 0.113994777
v -0 1.88768911 0.113994777
v -0 1.74644554 0.164819986
v -0.0839996338 1.74644554 0.113994777
v -0.0839996338 1.74644554 0.113994777
v -0 1.74644554 0.164819986
v -0 1.64644563 0.113994777
v -0 1.74644554 0.164819986
v 0.0839999393 1.74644554 0.113994777
v -0 1.64644563 0.113994777
v -0 1.74644554 0.0739947855
v 0.0839999393 1.74644554 0.113994777
v -0 1.88768911 0.113994777
v -0 1.74644554 0.0739947855
v -0 1.88768911 0.113994777
v -0.0839996338 1.74644554 0.113994777
v -0 1.74644554 0.0739947855
v -0.0839996338 1.74644554 0.113994777
v -0 1.64644563 0.113994777
v -0 1.74644554 0.0739947855
v -0 1.64644563 0.113994777
v 0.0839999393 1.74644554 0.113994777
v 0.0839999393 1.74644554 0.0558606908
v -0 1.88768911 0.0558606908
v -0 1.74644554 0.00503549306
v -0 1.88768911 0.0558606908
v -0.0839996338 1.74644554 0.0558606908
v -0 1.74644554 0.00503549306
v -0.0839996338 1.74644554 0.0558606908
v -0 1.64644563 0.0558606908
v -0 1.74644554 0.00503549306
v -0 1.74644554 0.00503549306
v -0 1.64644563 0.0558606908
v 0.0839999393 1.74644554 0.0558606908
v -0 1.74644554 0.0958606899
v -0 1.88768911 0.0558606908
v 0.0839999393 1.74644554 0.0558606908
v -0 1.74644554 0.0958606899
v -0.0839996338 1.74644554 0.0558606908
v -0 1.88768911 0.0558606908
v -0 1.74644554 0.0958606899
v -0 1.64644563 0.0558606908
v -0.0839996338 1.74644554 0.0558606908
v -0 1.74644554 0.0958606899
v 0.0839999393 1.74644554 0.0558606908
v -0 1.64644563 0.0558606908
v -1.14855039 -1.14531147 0.146377623
v -1.07764161 -1.03007054 0.146377623
v -1.08392882 -1.14531147 0.0849271268
v -0 1.5432241 0.145370245
v -0 1.66310632 0.0849271268
v -0 1.66077638 0.0849271268
v 1.08392882 -1.14531147 0.0849271268
v 1.14855039 -1.14531147 0.146377623
v 1.14855039 -1.14531147 0.0849271268
v -0 1.5432241 0.145370245
v -0 1.66077638 0.0849271268
v -0 1.66310632 0.0849271268
v -1.14855039 -1.14531147 0.023476636
v -1.08392882 -1.14531147 0.0849271268
v -1.07764161 -1.03007054 0.0234766211
v -0 1.5432241 0.0244840123
v -0 1.66077638 0.0849271268
v -0 1.66310632 0.0849271268
v 1.08392882 -1.14531147 0.0849271268
v 1.14855039 -1.14531147 0.0849271268
v 1.14855039 -1.14531147 0.023476636
v 1.14855039 -1.14531147 0.023476636
v 1.07764161 -1.03007054 0.0234766211
v 1.08392882 -1.14531147 0.0849271268
v -0 1.5432241 0.0244840123
v -0 1.66310632 0.0849271268
v -0 1.66077638 0.0849271268
v -0 1.74644554 0.15351367
v -0 1.60220671 0.0849278495
v -0.128569946 1.74644554 0.0849278495
v -0 1.74644554 0.15351367
v -0.128569946 1.74644554 0.0849278495
v -0 1.95170867 0.0849278122
v -0 1.74644554 0.15351367
v 0.128569946 1.74644554 0.0849278495
v -0 1.60220671 0.0849278495
v -0 1.74644554 0.15351367
v -0 1.95170867 0.0849278122
v 0.128569946 1.74644554 0.0849278495
v -0 1.74644554 0.0163414311
v -0.128569946 1.74644554 0.0849278495
v -0 1.60220671 0.0849278495
v -0 1.74644554 0.0163414311
v -0 1.95170867 0.0849278122
v -0.128569946 1.74644554 0.0849278495
v -0 1.74644554 0.0163414311
v -0 1.60220671 0.0849278495
v 0.128569946 1.74644554 0.0849278495
v -0 1.74644554 0.0163414311
v 0.128569946 1.74644554 0.0849278495
v -0 1.95170867 0.0849278122
v -0.721401632 0.992103934 0.145491868
v -0.787797213 0.906796038 0.211334452
v -0.919924915 1.00963199 0.145491868
v -0.919924915 1.00963199 0.145491868
v -0.787797213 0.906796038 0.211334452
v -0.854193091 0.821488082 0.145491868
v -0.854193091 0.821488082 0.145491868
v -0.787797213 0.906796038 0.211334452
v -0.655669868 0.803960025 0.145491868
v -0.787797213 0.906796038 0.211334452
v -0.721401632 0.992103934 0.145491868
v -0.655669868 0.803960025 0.145491868
v -0.787797213 0.906796038 0.0796492919
v -0.721401632 0.992103934 0.145491868
v -0.919924915 1.00963199 0.145491868
v -0.787797213 0.906796038 0.0796492919
v -0.919924915 1.00963199 0.145491868
v -0.854193091 0.821488082 0.145491868
v -0.787797213 0.906796038 0.0796492919
v -0.854193091 0.821488082 0.145491868
v -0.655669868 0.803960025 0.145491868
v -0.787797213 0.906796038 0.0796492919
v -0.655669868 0.803960025 0.145491868
v -0.721401632 0.992103934 0.145491868
v -0.718572378 1.2718873 0.167956904
v -0.67308408 1.19548285 0.145370245
v -0.751025975 1.24030244 0.167956904
v -0.664676487 1.32044435 0.145370245
v -0.718572378 1.2718873 0.167956904
v -0.749491274 1.32899284 0.129061654
v -0.664676487 1.32044435 0.145370245
v -0.67308408 1.19548285 0.145370245
v -0.718572378 1.2718873 0.167956904
v -0.751025975 1.24030244 0.167956904
v -0.67308408 1.19548285 0.145370245
v -0.799842536 1.19260073 0.145370245
v -0.806267977 1.27529216 0.129061654
v -0.751025975 1.24030244 0.167956904
v -0.799842536 1.19260073 0.145370245
v 0.721401632 0.992103934 0.145491868
v 0.919924915 1.00963199 0.145491868
v 0.787797213 0.906796038 0.211334452
v 0.919924915 1.00963199 0.145491868
v 0.854193091 0.821488082 0.145491868
v 0.787797213 0.906796038 0.211334452
v 0.854193091 0.821488082 0.145491868
v 0.655669868 0.803960025 0.145491868
v 0.787797213 0.906796038 0.211334452
v 0.787797213 0.906796038 0.211334452
v 0.655669868 0.803960025 0.145491868
v 0.721401632 0.992103934 0.145491868
v 0.787797213 0.906796038 0.0796492919
v 0.919924915 1.00963199 0.145491868
v 0.721401632 0.992103934 0.145491868
v 0.787797213 0.906796038 0.0796492919
v 0.854193091 0.821488082 0.145491868
v 0.919924915 1.00963199 0.145491868
v 0.787797213 0.906796038 0.0796492919
v 0.655669868 0.803960025 0.145491868
v 0.854193091 0.821488082 0.145491868
v 0.787797213 0.906796038 0.0796492919
v 0.721401632 0.992103934 0.145491868
v 0.655669868 0.803960025 0.145491868
v 0.718572378 1.2718873 0.167956904
v 0.751025975 1.24030244 0.167956904
v 0.67308408 1.19548285 0.145370245
v 0.664676487 1.32044435 0.145370245
v 0.749491274 1.32899284 0.129061654
v 0.718572378 1.2718873 0.167956904
v 0.664676487 1.32044435 0.145370245
v 0.718572378 1.2718873 0.167956904
v 0.67308408 1.19548285 0.145370245
v 0.751025975 1.24030244 0.167956904
v 0.799842536 1.19260073 0.145370245
v 0.67308408 1.19548285 0.145370245
v 0.806267977 1.27529216 0.129061654
v 0.799842536 1.19260073 0.145370245
v 0.751025975 1.24030244 0.167956904
v -0.721401632 0.992103934 0.0243636016
v -0.919924915 1.00963199 0.0243636016
v -0.787797213 0.906796038 -0.0414789952
v -0.919924915 1.00963199 0.0243636016
v -0.854193091 0.821488082 0.0243636016
v -0.787797213 0.906796038 -0.0414789952
v -0.854193091 0.821488082 0.0243636016
v -0.655669868 0.803960025 -0.0058742878
v -0.787797213 0.906796038 -0.0414789952
v -0.787797213 0.906796038 -0.0414789952
v -0.655669868 0.803960025 -0.0058742878
v -0.721401632 0.992103934 0.0243636016
v -0.787797213 0.906796038 0.0902061835
v -0.919924915 1.00963199 0.0243636016
v -0.721401632 0.992103934 0.0243636016
v -0.787797213 0.906796038 0.0902061835
v -0.854193091 0.821488082 0.0243636016
v -0.919924915 1.00963199 0.0243636016
v -0.787797213 0.906796038 0.0902061835
v -0.655669868 0.803960025 -0.0058742878
v -0.854193091 0.821488082 0.0243636016
v -0.787797213 0.906796038 0.0902061835
v -0.721401632 0.992103934 0.0243636016
v -0.655669868 0.803960025 -0.0058742878
v -0.718572378 1.2718873 0.00189856766
v -0.751025975 1.24030244 0.00189856766
v -0.67308408 1.19548285 0.0244852323
v -0.664676487 1.32044435 0.0244852323
v -0.749491274 1.32899284 0.0407938287
v -0.718572378 1.2718873 0.00189856766
v -0.664676487 1.32044435 0.0244852323
v -0.718572378 1.2718873 0.00189856766
v -0.67308408 1.19548285 0.0244852323
v -0.751025975 1.24030244 0.00189856766
v -0.799842536 1.19260073 0.0244852323
v -0.67308408 1.19548285 0.0244852323
v -0.806267977 1.27529216 0.0407938287
v -0.799842536 1.19260073 0.0244852323
v -0.751025975 1.24030244 0.00189856766
v 0.721401632 0.992103934 0.0243636016
v 0.787797213 0.906796038 -0.0414789952
v 0.919924915 1.00963199 0.0243636016
v 0.919924915 1.00963199 0.0243636016
v 0.787797213 0.906796038 -0.0414789952
v 0.854193091 0.821488082 0.0243636016
v 0.854193091 0.821488082 0.0243636016
v 0.787797213 0.906796038 -0.0414789952
v 0.655669868 0.803960025 -0.0058742878
v 0.787797213 0.906796038 -0.0414789952
v 0.721401632 0.992103934 0.0243636016
v 0.655669868 0.803960025 -0.0058742878
v 0.787797213 0.906796038 0.0902061835
v 0.721401632 0.992103934 0.0243636016
v 0.919924915 1.00963199 0.0243636016
v 0.787797213 0.906796038 0.0902061835
v 0.919924915 1.00963199 0.0243636016
v 0.854193091 0.821488082 0.0243636016
v 0.787797213 0.906796038 0.0902061835
v 0.854193091 0.821488082 0.0243636016
v 0.655669868 0.803960025 -0.0058742878
v 0.787797213 0.906796038 0.0902061835
v 0.655669868 0.803960025 -0.0058742878
v 0.721401632 0.992103934 0.0243636016
v 0.718572378 1.2718873 0.00189856766
v 0.67308408 1.19548285 0.0244852323
v 0.751025975 1.24030244 0.00189856766
v 0.664676487 1.32044435 0.0244852323
v 0.718572378 1.2718873 0.00189856766
v 0.749491274 1.32899284 0.0407938287
v 0.664676487 1.32044435 0.0244852323
v 0.67308408 1.19548285 0.0244852323
v 0.718572378 1.2718873 0.00189856766
v 0.751025975 1.24030244 0.00189856766
v 0.67308408 1.19548285 0.0244852323
v 0.799842536 1.19260073 0.0244852323
v 0.806267977 1.27529216 0.0407938287
v 0.751025975 1.24030244 0.00189856766
v 0.799842536 1.19260073 0.0244852323
v -0.434771121 1.57001555 0.129009575
v -0.385163873 1.5512768 0.0849278495
v -0.501582026 1.57599151 0.0849278495
v -0.434771121 1.57001555 0.0408464335
v -0.501582026 1.57599151 0.0849278495
v -0.385163873 1.5512768 0.0849278495
v 0.434771121 1.57001555 0.0408464335
v 0.385163873 1.5512768 0.0849278495
v 0.501582026 1.57599151 0.0849278495
v 0.501582026 1.57599151 0.0849278495
v 0.385163873 1.5512768 0.0849278495
v 0.434771121 1.57001555 0.129009575
v 2.23791812E-08 -1.11188436 -0.153850853
v 1.10287929 -0.774120569 0.0657996833
v 0.452980608 -0.193690985 -0.24371843
v -0.452980608 -0.193690985 -0.24371843
v -1.10287929 -0.774120569 0.0657996237
v 2.23791812E-08 -1.11188436 -0.153850853
v 2.23791812E-08 -1.11188436 -0.153850853
v 0.452980608 -0.193690985 -0.24371843
v -0.452980608 -0.193690985 -0.24371843
v -2.23791758E-08 0.724502265 -0.153850868
v -1.10287929 0.38673842 0.0657996833
v -0.452980608 -0.193690985 -0.24371843
v 0.452980608 -0.193690985 -0.24371843
v 1.10287929 0.38673842 0.0657996237
v -2.23791758E-08 0.724502265 -0.153850868
v -2.23791758E-08 0.724502265 -0.153850868
v -0.452980608 -0.193690985 -0.24371843
v 0.452980608 -0.193690985 -0.24371843
v -0 -1.69198239 0.178956792
v -0.0506253056 -1.62646699 0.0849278495
v -0 -1.6632272 0.0849278495
v -0.0506253056 -1.65522218 0.178956792
v -0.109794311 -1.62800658 0.178956479
v -0.109794311 -1.59925139 0.0849278495
v -0.185902402 -1.58940971 0.0849278495
v -0.185902402 -1.6181649 0.178956181
v -0.256408989 -1.62515688 0.178956181
v -0.256408989 -1.59640169 0.0849278495
v -0.324984729 -1.65357018 0.178956181
v -0.324984431 -1.62481499 0.0849278495
v -0.39571318 -1.7295202 0.178956181
v -0.430415958 -1.73039854 0.0849278495
v -0.27152741 -1.74964869 0.178956181
v -0.312336415 -1.79974329 0.178956181
v -0.329677731 -1.77256799 0.178956181
v -0.348839104 -1.75531769 0.178956181
v -0.324984729 -1.65357018 0.178956181
v -0.370845318 -1.74157166 0.178956181
v -0.39571318 -1.7295202 0.178956181
v -0.256408989 -1.62515688 0.178956181
v -0.185902402 -1.6181649 0.178956181
v -0.227262259 -1.73414791 0.178956181
v -0.198143005 -1.73406219 0.178956181
v -0.161154777 -1.74654412 0.178956181
v -0.121358946 -1.77119172 0.178956479
v -0.109794311 -1.62800658 0.178956479
v -0.0739376843 -1.82601893 0.178956792
v -0.0506253056 -1.65522218 0.178956792
v -0 -1.69198239 0.178956792
v -0.0286471546 -1.88294673 0.178956792
v -0 -1.90040159 0.178956792
v -0.0307070911 -1.92743587 0.0849278495
v -0 -1.90040159 0.178956792
v -0 -1.95170867 0.0849278495
v -0.0286471546 -1.88294673 0.178956792
v -0.0758673102 -1.86536276 0.0849278495
v -0.0739376843 -1.82601893 0.178956792
v -0.121358946 -1.77119172 0.178956479
v -0.124257199 -1.80352354 0.0849278495
v -0.161154777 -1.74654412 0.178956181
v -0.162603751 -1.77771139 0.0849278495
v -0.198143005 -1.76406527 0.0849278495
v -0.198143005 -1.73406219 0.178956181
v -0.227262259 -1.73414791 0.178956181
v -0.227262259 -1.76415062 0.0849278495
v -0.27152741 -1.7796514 0.0849278495
v -0.27152741 -1.74964869 0.178956181
v -0.312336415 -1.82898283 0.0849278495
v -0.312336415 -1.79974329 0.178956181
v -0.329677731 -1.77256799 0.178956181
v -0.312336415 -1.79974329 0.178956181
v -0.312336415 -1.82898283 0.0849278495
v -0.336210012 -1.79233027 0.0849278495
v -0.348839104 -1.75531769 0.178956181
v -0.360619485 -1.76746547 0.0849278495
v -0.370845318 -1.74157166 0.178956181
v -0.393292218 -1.74847555 0.0849278495
v -0.39571318 -1.7295202 0.178956181
v -0.430415958 -1.73039854 0.0849278495
v -0 -1.69198239 0.178956792
v -0 -1.6632272 0.0849278495
v 0.0506253056 -1.62646699 0.0849278495
v 0.0506253056 -1.65522218 0.178956792
v 0.109794311 -1.62800658 0.178956479
v 0.109794311 -1.59925139 0.0849278495
v 0.185902402 -1.58940971 0.0849278495
v 0.185902402 -1.6181649 0.178956181
v 0.256408989 -1.62515688 0.178956181
v 0.256408989 -1.59640169 0.0849278495
v 0.324984729 -1.65357018 0.178956181
v 0.324984431 -1.62481499 0.0849278495
v 0.39571318 -1.7295202 0.178956181
v 0.430415958 -1.73039854 0.0849278495
v 0.27152741 -1.74964869 0.178956181
v 0.329677731 -1.77256799 0.178956181
v 0.312336415 -1.79974329 0.178956181
v 0.348839104 -1.75531769 0.178956181
v 0.324984729 -1.65357018 0.178956181
v 0.370845318 -1.74157166 0.178956181
v 0.39571318 -1.7295202 0.178956181
v 0.256408989 -1.62515688 0.178956181
v 0.185902402 -1.6181649 0.178956181
v 0.227262259 -1.73414791 0.178956181
v 0.198143005 -1.73406219 0.178956181
v 0.161154777 -1.74654412 0.178956181
v 0.121358946 -1.77119172 0.178956479
v 0.109794311 -1.62800658 0.178956479
v 0.0739376843 -1.82601893 0.178956792
v 0.0506253056 -1.65522218 0.178956792
v -0 -1.69198239 0.178956792
v 0.0286471546 -1.88294673 0.178956792
v -0 -1.90040159 0.178956792
v 0.0307070911 -1.92743587 0.0849278495
v -0 -1.95170867 0.0849278495
v -0 -1.90040159 0.178956792
v 0.0286471546 -1.88294673 0.178956792
v 0.0758673102 -1.86536276 0.0849278495
v 0.0739376843 -1.82601893 0.178956792
v 0.121358946 -1.77119172 0.178956479
v 0.124257199 -1.80352354 0.0849278495
v 0.161154777 -1.74654412 0.178956181
v 0.162603751 -1.77771139 0.0849278495
v 0.198143005 -1.76406527 0.0849278495
v 0.198143005 -1.73406219 0.178956181
v 0.227262259 -1.73414791 0.178956181
v 0.227262259 -1.76415062 0.0849278495
v 0.27152741 -1.7796514 0.0849278495
v 0.27152741 -1.74964869 0.178956181
v 0.312336415 -1.82898283 0.0849278495
v 0.312336415 -1.79974329 0.178956181
v 0.329677731 -1.77256799 0.178956181
v 0.312336415 -1.82898283 0.0849278495
v 0.312336415 -1.79974329 0.178956181
v 0.336210012 -1.79233027 0.0849278495
v 0.348839104 -1.75531769 0.178956181
v 0.360619485 -1.76746547 0.0849278495
v 0.370845318 -1.74157166 0.178956181
v 0.393292218 -1.74847555 0.0849278495
v 0.39571318 -1.7295202 0.178956181
v 0.430415958 -1.73039854 0.0849278495
v -0 -1.69198239 -0.00910107326
v -0 -1.6632272 0.0849278495
v -0.0506253056 -1.62646699 0.0849278495
v -0.0506253056 -1.65522218 -0.00910107326
v -0.109794311 -1.62800658 -0.00910107326
v -0.109794311 -1.59925139 0.0849278495
v -0.185902402 -1.58940971 0.0849278495
v -0.185902402 -1.6181649 -0.00910046324
v -0.256408989 -1.62515688 -0.00910046324
v -0.256408989 -1.59640169 0.0849278495
v -0.324984729 -1.65357018 -0.00910046324
v -0.324984431 -1.62481499 0.0849278495
v -0.39571318 -1.7295202 -0.00910046324
v -0.430415958 -1.73039854 0.0849278495
v -0.27152741 -1.74964869 -0.00910046324
v -0.329677731 -1.77256799 -0.00910046324
v -0.312336415 -1.79974329 -0.00910046324
v -0.348839104 -1.75531769 -0.00910046324
v -0.324984729 -1.65357018 -0.00910046324
v -0.370845318 -1.74157166 -0.00910046324
v -0.39571318 -1.7295202 -0.00910046324
v -0.256408989 -1.62515688 -0.00910046324
v -0.185902402 -1.6181649 -0.00910046324
v -0.227262259 -1.73414791 -0.00910046324
v -0.198143005 -1.73406219 -0.00910046324
v -0.161154777 -1.74654412 -0.00910046324
v -0.121358946 -1.77119172 -0.00910107326
v -0.109794311 -1.62800658 -0.00910107326
v -0.0739376843 -1.82601893 -0.00910107326
v -0.0506253056 -1.65522218 -0.00910107326
v -0 -1.69198239 -0.00910107326
v -0.0286471546 -1.88294673 -0.00910107326
v -0 -1.90040159 -0.00910107326
v -0.0307070911 -1.92743587 0.0849278495
v -0 -1.95170867 0.0849278495
v -0 -1.90040159 -0.00910107326
v -0.0286471546 -1.88294673 -0.00910107326
v -0.0758673102 -1.86536276 0.0849278495
v -0.0739376843 -1.82601893 -0.00910107326
v -0.121358946 -1.77119172 -0.00910107326
v -0.124257199 -1.80352354 0.0849278495
v -0.161154777 -1.74654412 -0.00910046324
v -0.162603751 -1.77771139 0.0849278495
v -0.198143005 -1.76406527 0.0849278495
v -0.198143005 -1.73406219 -0.00910046324
v -0.227262259 -1.73414791 -0.00910046324
v -0.227262259 -1.76415062 0.0849278495
v -0.27152741 -1.7796514 0.0849278495
v -0.27152741 -1.74964869 -0.00910046324
v -0.312336415 -1.82898283 0.0849278495
v -0.312336415 -1.79974329 -0.00910046324
v -0.329677731 -1.77256799 -0.00910046324
v -0.312336415 -1.82898283 0.0849278495
v -0.312336415 -1.79974329 -0.00910046324
v -0.336210012 -1.79233027 0.0849278495
v -0.348839104 -1.75531769 -0.00910046324
v -0.360619485 -1.76746547 0.0849278495
v -0.370845318 -1.74157166 -0.00910046324
v -0.393292218 -1.74847555 0.0849278495
v -0.39571318 -1.7295202 -0.00910046324
v -0.430415958 -1.73039854 0.0849278495
v -0 -1.69198239 -0.00910107326
v 0.0506253056 -1.62646699 0.0849278495
v -0 -1.6632272 0.0849278495
v 0.0506253056 -1.65522218 -0.00910107326
v 0.109794311 -1.62800658 -0.00910107326
v 0.109794311 -1.59925139 0.0849278495
v 0.185902402 -1.58940971 0.0849278495
v 0.185902402 -1.6181649 -0.00910046324
v 0.256408989 -1.62515688 -0.00910046324
v 0.256408989 -1.59640169 0.0849278495
v 0.324984729 -1.65357018 -0.00910046324
v 0.324984431 -1.62481499 0.0849278495
v 0.39571318 -1.7295202 -0.00910046324
v 0.430415958 -1.73039854 0.0849278495
v 0.27152741 -1.74964869 -0.00910046324
v 0.312336415 -1.79974329 -0.00910046324
v 0.329677731 -1.77256799 -0.00910046324
v 0.348839104 -1.75531769 -0.00910046324
v 0.324984729 -1.65357018 -0.00910046324
v 0.370845318 -1.74157166 -0.00910046324
v 0.39571318 -1.7295202 -0.00910046324
v 0.256408989 -1.62515688 -0.00910046324
v 0.185902402 -1.6181649 -0.00910046324
v 0.227262259 -1.73414791 -0.00910046324
v 0.198143005 -1.73406219 -0.00910046324
v 0.161154777 -1.74654412 -0.00910046324
v 0.121358946 -1.77119172 -0.00910107326
v 0.109794311 -1.62800658 -0.00910107326
v 0.0739376843 -1.82601893 -0.00910107326
v 0.0506253056 -1.65522218 -0.00910107326
v -0 -1.69198239 -0.00910107326
v 0.0286471546 -1.88294673 -0.00910107326
v -0 -1.90040159 -0.00910107326
v 0.0307070911 -1.92743587 0.0849278495
v -0 -1.90040159 -0.00910107326
v -0 -1.95170867 0.0849278495
v 0.0286471546 -1.88294673 -0.00910107326
v 0.0758673102 -1.86536276 0.0849278495
v 0.0739376843 -1.82601893 -0.00910107326
v 0.121358946 -1.77119172 -0.00910107326
v 0.124257199 -1.80352354 0.0849278495
v 0.161154777 -1.74654412 -0.00910046324
v 0.162603751 -1.77771139 0.0849278495
v 0.198143005 -1.76406527 0.0849278495
v 0.198143005 -1.73406219 -0.00910046324
v 0.227262259 -1.73414791 -0.00910046324
v 0.227262259 -1.76415062 0.0849278495
v 0.27152741 -1.7796514 0.0849278495
v 0.27152741 -1.74964869 -0.00910046324
v 0.312336415 -1.82898283 0.0849278495
v 0.312336415 -1.79974329 -0.00910046324
v 0.329677731 -1.77256799 -0.00910046324
v 0.312336415 -1.79974329 -0.00910046324
v 0.312336415 -1.82898283 0.0849278495
v 0.336210012 -1.79233027 0.0849278495
v 0.348839104 -1.75531769 -0.00910046324
v 0.360619485 -1.76746547 0.0849278495
v 0.370845318 -1.74157166 -0.00910046324
v 0.393292218 -1.74847555 0.0849278495
v 0.39571318 -1.7295202 -0.00910046324
v 0.430415958 -1.73039854 0.0849278495
v -1.22682738 0.331500918 0.163609371
v -1.07533443 0.331500918 0.163609982
v -1.02182734 0.310671449 0.190188959
v -1.28589046 0.310671449 0.190188959
v -1.30541623 -0.474583358 0.199768424
v -1.01840723 -0.474583358 0.199768424
v -1.06218255 -0.547045529 0.162159786
v -1.25681579 -0.547045648 0.162159786
v -1.06757998 -0.630462229 0.144702524
v -1.23904109 -0.628707469 0.144702524
v -1.22924066 -0.740004361 0.140528321
v -1.06500244 -0.743514001 0.140528321
v -1.02141106 -0.856437266 0.149328366
v -1.22762692 -0.856437564 0.149328366
v -0.965705574 -0.875401795 0.185086414
v -1.27102292 -0.875401974 0.185086414
v -1.22682738 0.331500918 0.0849270895
v -1.22682738 0.331500918 0.163609371
v -1.28589046 0.310671449 0.190188959
v -1.28589046 0.310671449 0.0849271268
v -1.30541623 -0.474583358 0.0849271268
v -1.30541623 -0.474583358 0.199768424
v -1.25681579 -0.547045648 0.162159786
v -1.25681579 -0.547045648 0.0849271268
v -1.23904109 -0.628707469 0.144702524
v -1.23904109 -0.628707469 0.0849271268
v -1.22924066 -0.740004361 0.0849271268
v -1.22924066 -0.740004361 0.140528321
v -1.22762692 -0.856437564 0.149328366
v -1.22762692 -0.856437564 0.0849271268
v -1.27102292 -0.875401974 0.185086414
v -1.27102292 -0.875401974 0.0849271268
v -1.24562502 -1.03909767 0.146377638
v -1.14855039 -1.14531147 0.0849271268
v -1.24562502 -1.03909767 0.0849271268
v -1.14855039 -1.14531147 0.146377623
v -1.08392882 -1.14531147 0.0849271268
v -1.1332196 0.686584234 0.145370245
v -1.0694555 0.482881844 0.145370245
v -1.09567046 0.48946175 0.199570209
v -1.22734189 0.376505792 0.158672839
v -1.1332196 0.686584234 0.0849271268
v -1.24467528 0.544137955 0.145370245
v -1.24467528 0.544137955 0.0849271268
v -1.1332196 0.686584234 0.145370245
v -1.07459342 0.810309172 0.145370245
v -1.07459342 0.810309172 0.0849271268
v -1.00907707 0.927576363 0.0849271268
v -1.00907707 0.927576363 0.145370245
v -0.922646165 1.05419838 0.0849271268
v -0.922646165 1.05419838 0.145370245
v -0.799842536 1.19260073 0.0849271268
v -0.799842536 1.19260073 0.145370245
v -0.664676487 1.32044435 0.0849271268
v -0.664676487 1.32044435 0.145370245
v -0.526453257 1.40915704 0.145370245
v -0.526453257 1.40915704 0.0849271268
v -0.334296554 1.49826539 0.0849271268
v -0.334296554 1.49826539 0.145370245
v -0.100289002 1.52973664 0.145370245
v -0.208310232 1.51488185 0.0849271268
v -0.211512744 1.66584563 0.0849271268
v -0.1856433 1.67700708 0.0849271268
v -0.168669119 1.74284267 0.0849271268
v -0.109135129 1.67120874 0.0849271268
v -0 1.66310632 0.0849271268
v -0 1.5432241 0.145370245
v -0.0824752823 1.28891146 0.145370245
v -0 1.29977846 0.145370245
v -0.334296554 1.49826539 0.145370245
v -0.274917603 1.26355529 0.145370245
v -0.424699396 1.2160697 0.145370245
v -0.526453257 1.40915704 0.145370245
v -0.560190737 1.15209663 0.145370245
v -0.664676487 1.32044435 0.145370245
v -0.681663215 1.05656898 0.145370245
v -0.799842536 1.19260073 0.145370245
v -0.922646165 1.05419838 0.145370245
v -0.789072871 0.930166066 0.145370245
v -0.861370802 0.824423909 0.145370245
v -1.00907707 0.927576363 0.145370245
v -0.918805838 0.733284354 0.145370245
v -1.07459342 0.810309172 0.145370245
v -0.985729635 0.608269393 0.145370245
v -1.1332196 0.686584234 0.145370245
v -1.04176784 0.475038826 0.145370245
v -1.0694555 0.482881844 0.145370245
v -1.22734189 0.376505792 0.158672839
v -1.07047641 0.378259033 0.158672839
v -1.07533443 0.331500918 0.163609982
v -1.22682738 0.331500918 0.163609371
v -1.28572512 0.284053415 0.190188959
v -1.02094662 0.284052491 0.190188959
v -1.05981874 0.246181712 0.160817012
v -1.25206542 0.246292338 0.160817012
v -1.09388757 0.159543678 0.145370245
v -1.223966 0.15964058 0.145370245
v -1.10638547 0.0293808747 0.137311161
v -1.21837342 0.0294593032 0.137311161
v -1.21858156 -0.08859016 0.132769227
v -1.10858393 -0.0886502787 0.132769227
v -1.10189879 -0.205454022 0.137311161
v -1.2228601 -0.20541206 0.137311161
v -1.23169124 -0.310102165 0.145370245
v -1.0841732 -0.310125947 0.145370245
v -1.04922569 -0.355505586 0.170207575
v -1.26265872 -0.355489403 0.170207575
v -0.981746495 -0.400616378 0.229422972
v -1.33013797 -0.400607824 0.229422972
v -1.28572512 0.284053415 0.190188959
v -1.25206542 0.246292338 0.0849271268
v -1.28572512 0.284053415 0.0849271268
v -1.25206542 0.246292338 0.160817012
v -1.223966 0.15964058 0.145370245
v -1.223966 0.15964058 0.0849271268
v -1.21837342 0.0294593032 0.137311161
v -1.21837342 0.0294593032 0.0849271268
v -1.21858156 -0.08859016 0.0849271268
v -1.21858156 -0.08859016 0.132769227
v -1.2228601 -0.20541206 0.137311161
v -1.2228601 -0.20541206 0.0849271268
v -1.23169124 -0.310102165 0.0849271268
v -1.23169124 -0.310102165 0.145370245
v -1.26265872 -0.355489403 0.170207575
v -1.26265872 -0.355489403 0.0849271268
v -1.33013797 -0.400607824 0.229422972
v -1.33013797 -0.400607824 0.0849271268
v -1.28589046 0.310671449 0.190188959
v -1.02182734 0.310671449 0.190188959
v -1.02094662 0.284052491 0.190188959
v -1.28572512 0.284053415 0.190188959
v -1.28589046 0.310671449 0.0849271268
v -1.28589046 0.310671449 0.190188959
v -1.28572512 0.284053415 0.190188959
v -1.28572512 0.284053415 0.0849271268
v -1.33013797 -0.400607824 0.229422972
v -0.981746495 -0.400616378 0.229422972
v -0.97993499 -0.422261268 0.229422972
v -1.33194947 -0.422255009 0.229422972
v -1.33013797 -0.400607824 0.0849271268
v -1.33013797 -0.400607824 0.229422972
v -1.33194947 -0.422255009 0.229422972
v -1.33194947 -0.422255009 0.0849271268
v -1.33194947 -0.422255009 0.229422972
v -0.97993499 -0.422261268 0.229422972
v -1.05251825 -0.462522507 0.145370245
v -1.25936639 -0.462522656 0.145370245
v -1.33194947 -0.422255009 0.0849271268
v -1.33194947 -0.422255009 0.229422972
v -1.25936639 -0.462522656 0.145370245
v -1.25936639 -0.462522656 0.0849271268
v -1.22734189 0.376505792 0.0849271268
v -1.22682738 0.331500918 0.163609371
v -1.22682738 0.331500918 0.0849270895
v -1.22734189 0.376505792 0.158672839
v -1.24467528 0.544137955 0.0849271268
v -1.24467528 0.544137955 0.145370245
v -1.24467528 0.544137955 0.145370245
v -1.09567046 0.48946175 0.199570209
v -1.22734189 0.376505792 0.158672839
v -1.1332196 0.686584234 0.145370245
v -1.25936639 -0.462522656 0.145370245
v -1.05251825 -0.462522507 0.145370245
v -1.01840723 -0.474583358 0.199768424
v -1.30541623 -0.474583358 0.199768424
v -1.25936639 -0.462522656 0.145370245
v -1.30541623 -0.474583358 0.199768424
v -1.30541623 -0.474583358 0.0849271268
v -1.25936639 -0.462522656 0.0849271268
v -1.27102292 -0.875401974 0.185086414
v -0.965705574 -0.875401795 0.185086414
v -0.965705216 -0.908345222 0.185086414
v -1.27102292 -0.90834552 0.185086414
v -1.27102292 -0.875401974 0.0849271268
v -1.27102292 -0.875401974 0.185086414
v -1.27102292 -0.90834552 0.185086414
v -1.27102292 -0.90834552 0.0849271268
v -0.986569524 -0.917509794 0.146377638
v -1.27102292 -0.90834552 0.185086414
v -0.965705216 -0.908345222 0.185086414
v -1.23298037 -0.917509794 0.146377638
v -0.969091177 -0.985496104 0.146377623
v -1.07764161 -1.03007054 0.146377623
v -1.22533381 -0.980529845 0.146377638
v -0.914995074 -1.10183454 0.146377623
v -1.14855039 -1.14531147 0.146377623
v -1.24562502 -1.03909767 0.146377638
v -1.04559326 -1.14531147 0.146377623
v -0.859476626 -1.18345428 0.14587006
v -0.978353262 -1.24166536 0.145870358
v -0.901823401 -1.33143783 0.145370856
v -0.799657583 -1.25867832 0.145370245
v -0.723960578 -1.34429872 0.145370573
v -0.813282132 -1.42709482 0.145370856
v -0.709793389 -1.51962459 0.145370856
v -0.632501841 -1.42697144 0.145370856
v -0.526967764 -1.51046991 0.145370856
v -0.597513735 -1.60570586 0.145370245
v -0.38951841 -1.59419799 0.145370543
v -0.461812109 -1.69104552 0.145370245
v -0.328490585 -1.76236689 0.145370245
v -0.252069086 -1.66121578 0.145370245
v -1.23298037 -0.917509794 0.146377638
v -1.27102292 -0.90834552 0.0849271268
v -1.27102292 -0.90834552 0.185086414
v -1.23298037 -0.917509794 0.0849271268
v -1.22533381 -0.980529845 0.146377638
v -1.22533381 -0.980529845 0.0849271268
v -1.24562502 -1.03909767 0.146377638
v -1.24562502 -1.03909767 0.0849271268
v -1.08392882 -1.14531147 0.0849271268
v -1.07764161 -1.03007054 0.146377623
v -1.04559326 -1.14531147 0.146377623
v -1.04559326 -1.14531147 0.0849271268
v -0.978353262 -1.24166536 0.0849271268
v -0.978353262 -1.24166536 0.145870358
v -0.901823401 -1.33143795 0.0849271268
v -0.901823401 -1.33143783 0.145370856
v -0.813282132 -1.42709482 0.145370856
v -0.813282132 -1.42709482 0.0849271268
v -0.709793389 -1.51962459 0.0849271268
v -0.709793389 -1.51962459 0.145370856
v -0.597513437 -1.60570586 0.0849271268
v -0.597513735 -1.60570586 0.145370245
v -0.461812109 -1.69104552 0.145370245
v -0.461812109 -1.69104552 0.0849271268
v -0.328490585 -1.76236665 0.0849271268
v -0.328490585 -1.76236689 0.145370245
v -0.252069086 -1.66121578 0.145370245
v -0.38951841 -1.59419799 0.0849271268
v -0.252068788 -1.66121578 0.0849271268
v -0.38951841 -1.59419799 0.145370543
v -0.526967764 -1.51046991 0.0849271268
v -0.526967764 -1.51046991 0.145370856
v -0.632501841 -1.42697144 0.145370856
v -0.632501841 -1.42697144 0.0849271268
v -0.723960578 -1.34429872 0.0849271268
v -0.723960578 -1.34429872 0.145370573
v -0.799657583 -1.25867844 0.0849271268
v -0.799657583 -1.25867832 0.145370245
v -0.859476626 -1.18345428 0.14587006
v -0.859476626 -1.18345428 0.0849271268
v -0.914995074 -1.10183465 0.0849271268
v -0.914995074 -1.10183454 0.146377623
v -0.969091177 -0.985496104 0.0849271268
v -0.969091177 -0.985496104 0.146377623
v -0.986569524 -0.917509794 0.146377638
v -0.986569524 -0.917509794 0.0849271268
v -0.965705216 -0.908345222 0.185086414
v -0.965705216 -0.908345222 0.0849271268
v -1.07533443 0.331500918 0.0849271268
v -1.07533443 0.331500918 0.163609982
v -1.07047641 0.378259033 0.158672839
v -1.07047641 0.378259033 0.0849271268
v -1.04176784 0.475038826 0.145370245
v -1.04176784 0.475038826 0.0849271268
v -0.985729635 0.608269393 0.145370245
v -0.985729337 0.608269393 0.0849271268
v -0.918805838 0.733284354 0.145370245
v -0.918805838 0.733284354 0.0849271268
v -0.861370802 0.824423909 0.0849271268
v -0.861370802 0.824423909 0.145370245
v -0.789072871 0.930166066 0.145370245
v -0.789072871 0.930166066 0.0849271268
v -0.681663215 1.05656898 0.145370245
v -0.681663215 1.05656898 0.0849271268
v -0.560190439 1.15209663 0.0849271268
v -0.560190737 1.15209663 0.145370245
v -0.424699396 1.2160697 0.145370245
v -0.424699396 1.2160697 0.0849271268
v -0.274917603 1.26355529 0.0849271268
v -0.274917603 1.26355529 0.145370245
v -0.0824752823 1.28891146 0.145370245
v -0.0824752823 1.28891146 0.0849271268
v -0 1.29977846 0.0849271268
v -0 1.29977846 0.145370245
v -1.02182734 0.310671449 0.0849271268
v -1.02182734 0.310671449 0.190188959
v -1.07533443 0.331500918 0.163609982
v -1.07533443 0.331500918 0.0849271268
v -1.02094662 0.284052491 0.190188959
v -1.02182734 0.310671449 0.190188959
v -1.02182734 0.310671449 0.0849271268
v -1.02094662 0.284052491 0.0849271268
v -1.05981874 0.246181712 0.0849271268
v -1.02094662 0.284052491 0.190188959
v -1.02094662 0.284052491 0.0849271268
v -1.05981874 0.246181712 0.160817012
v -1.09388757 0.159543678 0.0849271268
v -1.09388757 0.159543678 0.145370245
v -1.10638547 0.0293808747 0.137311161
v -1.10638547 0.0293808747 0.0849271268
v -1.10858393 -0.0886502787 0.0849271268
v -1.10858393 -0.0886502787 0.132769227
v -1.10189879 -0.205454022 0.137311161
v -1.10189879 -0.205454022 0.0849271268
v -1.0841732 -0.310125947 0.0849271268
v -1.0841732 -0.310125947 0.145370245
v -1.04922569 -0.355505586 0.0849271268
v -1.04922569 -0.355505586 0.170207575
v -0.981746495 -0.400616378 0.0849271268
v -0.981746495 -0.400616378 0.229422972
v -0.97993499 -0.422261268 0.0849271268
v -0.97993499 -0.422261268 0.229422972
v -0.981746495 -0.400616378 0.229422972
v -0.981746495 -0.400616378 0.0849271268
v -1.05251825 -0.462522507 0.145370245
v -0.97993499 -0.422261268 0.229422972
v -0.97993499 -0.422261268 0.0849271268
v -1.05251825 -0.462522507 0.0849271268
v -1.01840723 -0.474583358 0.0849271268
v -1.01840723 -0.474583358 0.199768424
v -1.05251825 -0.462522507 0.145370245
v -1.05251825 -0.462522507 0.0849271268
v -1.06218255 -0.547045529 0.0849271268
v -1.01840723 -0.474583358 0.199768424
v -1.01840723 -0.474583358 0.0849271268
v -1.06218255 -0.547045529 0.162159786
v -1.06757998 -0.630462229 0.144702524
v -1.06757998 -0.630462229 0.0849271268
v -1.06500244 -0.743514001 0.0849271268
v -1.06500244 -0.743514001 0.140528321
v -1.02141142 -0.856437266 0.0849271268
v -1.02141106 -0.856437266 0.149328366
v -0.965705574 -0.875401795 0.0849271268
v -0.965705574 -0.875401795 0.185086414
v -0.965705216 -0.908345222 0.185086414
v -0.965705574 -0.875401795 0.185086414
v -0.965705574 -0.875401795 0.0849271268
v -0.965705216 -0.908345222 0.0849271268
v 1.22682738 0.331500918 0.163609371
v 1.02182734 0.310671449 0.190188959
v 1.07533443 0.331500918 0.163609982
v 1.28589046 0.310671449 0.190188959
v 1.02094662 0.284052491 0.190188959
v 1.28572512 0.284053415 0.190188959
v 1.05981874 0.246181712 0.160817012
v 1.25206542 0.246292338 0.160817012
v 1.09388757 0.159543678 0.145370245
v 1.223966 0.15964058 0.145370245
v 1.10638547 0.0293808747 0.137311161
v 1.21837342 0.0294593032 0.137311161
v 1.21858156 -0.08859016 0.132769227
v 1.10858393 -0.0886502787 0.132769227
v 1.10189879 -0.205454022 0.137311161
v 1.2228601 -0.20541206 0.137311161
v 1.23169124 -0.310102165 0.145370245
v 1.0841732 -0.310125947 0.145370245
v 1.04922569 -0.355505586 0.170207575
v 1.26265872 -0.355489403 0.170207575
v 0.981746495 -0.400616378 0.229422972
v 1.33013797 -0.400607824 0.229422972
v 1.30541623 -0.474583358 0.199768424
v 1.06218255 -0.547045529 0.162159786
v 1.01840723 -0.474583358 0.199768424
v 1.25681579 -0.547045648 0.162159786
v 1.06757998 -0.630462229 0.144702524
v 1.23904109 -0.628707469 0.144702524
v 1.22924066 -0.740004361 0.140528321
v 1.06500244 -0.743514001 0.140528321
v 1.02141106 -0.856437266 0.149328366
v 1.22762692 -0.856437564 0.149328366
v 0.965705574 -0.875401795 0.185086414
v 1.27102292 -0.875401974 0.185086414
v 1.22682738 0.331500918 0.0849271268
v 1.28589046 0.310671449 0.190188959
v 1.22682738 0.331500918 0.163609371
v 1.28589046 0.310671449 0.0849271268
v 1.28572512 0.284053415 0.190188959
v 1.28572512 0.284053415 0.0849271268
v 1.25206542 0.246292338 0.0849271268
v 1.25206542 0.246292338 0.160817012
v 1.223966 0.15964058 0.145370245
v 1.223966 0.15964058 0.0849271268
v 1.21837342 0.0294593032 0.137311161
v 1.21837342 0.0294593032 0.0849271268
v 1.21858156 -0.08859016 0.0849271268
v 1.21858156 -0.08859016 0.132769227
v 1.2228601 -0.20541206 0.137311161
v 1.2228601 -0.20541206 0.0849271268
v 1.23169124 -0.310102165 0.0849271268
v 1.23169124 -0.310102165 0.145370245
v 1.26265872 -0.355489403 0.170207575
v 1.26265872 -0.355489403 0.0849271268
v 1.33013797 -0.400607824 0.229422972
v 1.33013797 -0.400607824 0.0849271268
v 1.30541623 -0.474583358 0.0849271268
v 1.25681579 -0.547045648 0.162159786
v 1.30541623 -0.474583358 0.199768424
v 1.25681579 -0.547045648 0.0849271268
v 1.23904109 -0.628707469 0.144702524
v 1.23904109 -0.628707469 0.0849271268
v 1.22924066 -0.740004361 0.0849271268
v 1.22924066 -0.740004361 0.140528321
v 1.22762692 -0.856437564 0.149328366
v 1.22762692 -0.856437564 0.0849271268
v 1.27102292 -0.875401974 0.185086414
v 1.27102292 -0.875401974 0.0849271268
v 1.24562502 -1.03909767 0.146377638
v 1.24562502 -1.03909767 0.0849271268
v 1.14855039 -1.14531147 0.0849271268
v 1.14855039 -1.14531147 0.146377623
v 1.1332196 0.686584234 0.145370245
v 1.09567046 0.48946175 0.199570209
v 1.0694555 0.482881844 0.145370245
v 1.22734189 0.376505792 0.158672839
v 1.1332196 0.686584234 0.0849271268
v 1.24467528 0.544137955 0.0849271268
v 1.24467528 0.544137955 0.145370245
v 1.1332196 0.686584234 0.145370245
v 1.07459342 0.810309172 0.145370245
v 1.07459342 0.810309172 0.0849271268
v 1.00907707 0.927576363 0.0849271268
v 1.00907707 0.927576363 0.145370245
v 0.922646165 1.05419838 0.0849271268
v 0.922646165 1.05419838 0.145370245
v 0.799842536 1.19260073 0.0849271268
v 0.799842536 1.19260073 0.145370245
v 0.664676487 1.32044435 0.0849271268
v 0.664676487 1.32044435 0.145370245
v 0.526453257 1.40915704 0.145370245
v 0.526453257 1.40915704 0.0849271268
v 0.334296554 1.49826539 0.0849271268
v 0.334296554 1.49826539 0.145370245
v 0.100289002 1.52973664 0.145370245
v 0.208310232 1.51488185 0.0849271268
v 0.211512744 1.66584563 0.0849271268
v 0.1856433 1.67700708 0.0849271268
v 0.168669119 1.74284267 0.0849271268
v 0.109135129 1.67120874 0.0849271268
v -0 1.66310632 0.0849271268
v -0 1.5432241 0.145370245
v 0.0824752823 1.28891146 0.145370245
v -0 1.29977846 0.145370245
v 0.334296554 1.49826539 0.145370245
v 0.274917603 1.26355529 0.145370245
v 0.424699396 1.2160697 0.145370245
v 0.526453257 1.40915704 0.145370245
v 0.560190737 1.15209663 0.145370245
v 0.664676487 1.32044435 0.145370245
v 0.681663215 1.05656898 0.145370245
v 0.799842536 1.19260073 0.145370245
v 0.922646165 1.05419838 0.145370245
v 0.789072871 0.930166066 0.145370245
v 0.861370802 0.824423909 0.145370245
v 1.00907707 0.927576363 0.145370245
v 0.918805838 0.733284354 0.145370245
v 1.07459342 0.810309172 0.145370245
v 0.985729635 0.608269393 0.145370245
v 1.1332196 0.686584234 0.145370245
v 1.04176784 0.475038826 0.145370245
v 1.0694555 0.482881844 0.145370245
v 1.22734189 0.376505792 0.158672839
v 1.07047641 0.378259033 0.158672839
v 1.07533443 0.331500918 0.163609982
v 1.22682738 0.331500918 0.163609371
v 1.33013797 -0.400607824 0.229422972
v 1.33194947 -0.422255009 0.229422972
v 0.97993499 -0.422261268 0.229422972
v 0.981746495 -0.400616378 0.229422972
v 1.33013797 -0.400607824 0.0849271268
v 1.33194947 -0.422255009 0.0849271268
v 1.33194947 -0.422255009 0.229422972
v 1.33013797 -0.400607824 0.229422972
v 1.33194947 -0.422255009 0.229422972
v 1.25936639 -0.462522656 0.145370245
v 1.05251825 -0.462522507 0.145370245
v 0.97993499 -0.422261268 0.229422972
v 1.33194947 -0.422255009 0.0849271268
v 1.25936639 -0.462522656 0.0849271268
v 1.25936639 -0.462522656 0.145370245
v 1.33194947 -0.422255009 0.229422972
v 1.22734189 0.376505792 0.0849271268
v 1.22682738 0.331500918 0.0849271268
v 1.22682738 0.331500918 0.163609371
v 1.22734189 0.376505792 0.158672839
v 1.24467528 0.544137955 0.0849271268
v 1.24467528 0.544137955 0.145370245
v 1.24467528 0.544137955 0.145370245
v 1.22734189 0.376505792 0.158672839
v 1.09567046 0.48946175 0.199570209
v 1.1332196 0.686584234 0.145370245
v 1.25936639 -0.462522656 0.145370245
v 1.30541623 -0.474583358 0.199768424
v 1.01840723 -0.474583358 0.199768424
v 1.05251825 -0.462522507 0.145370245
v 1.25936639 -0.462522656 0.145370245
v 1.25936639 -0.462522656 0.0849271268
v 1.30541623 -0.474583358 0.0849271268
v 1.30541623 -0.474583358 0.199768424
v 1.27102292 -0.875401974 0.185086414
v 1.27102292 -0.90834552 0.185086414
v 0.965705216 -0.908345222 0.185086414
v 0.965705574 -0.875401795 0.185086414
v 1.27102292 -0.875401974 0.0849271268
v 1.27102292 -0.90834552 0.0849271268
v 1.27102292 -0.90834552 0.185086414
v 1.27102292 -0.875401974 0.185086414
v 0.986569524 -0.917509794 0.146377638
v 0.965705216 -0.908345222 0.185086414
v 1.27102292 -0.90834552 0.185086414
v 1.23298037 -0.917509794 0.146377638
v 0.969091177 -0.985496104 0.146377623
v 1.07764161 -1.03007054 0.146377623
v 0.914995074 -1.10183454 0.146377623
v 1.04559326 -1.14531147 0.146377623
v 0.859476626 -1.18345428 0.14587006
v 0.978353262 -1.24166536 0.145870358
v 0.901823401 -1.33143783 0.145370856
v 0.799657583 -1.25867832 0.145370245
v 0.723960578 -1.34429872 0.145370573
v 0.813282132 -1.42709482 0.145370856
v 0.709793389 -1.51962459 0.145370856
v 0.632501841 -1.42697144 0.145370856
v 0.526967764 -1.51046991 0.145370856
v 0.597513735 -1.60570586 0.145370245
v 0.38951841 -1.59419799 0.145370543
v 0.461812109 -1.69104552 0.145370245
v 0.328490585 -1.76236689 0.145370245
v 0.252069086 -1.66121578 0.145370245
v 1.08392882 -1.14531147 0.0849271268
v 1.04559326 -1.14531147 0.0849271268
v 0.978353262 -1.24166536 0.0849271268
v 0.978353262 -1.24166536 0.145870358
v 0.901823401 -1.33143795 0.0849271268
v 0.901823401 -1.33143783 0.145370856
v 0.813282132 -1.42709482 0.145370856
v 0.813282132 -1.42709482 0.0849271268
v 0.709793389 -1.51962459 0.0849271268
v 0.709793389 -1.51962459 0.145370856
v 0.597513437 -1.60570586 0.0849271268
v 0.597513735 -1.60570586 0.145370245
v 0.461812109 -1.69104552 0.145370245
v 0.461812109 -1.69104552 0.0849271268
v 0.328490585 -1.76236665 0.0849271268
v 0.328490585 -1.76236689 0.145370245
v 1.14855039 -1.14531147 0.146377623
v 1.22533381 -0.980529845 0.146377638
v 1.24562502 -1.03909767 0.146377638
v 1.22533381 -0.980529845 0.0849271268
v 1.24562502 -1.03909767 0.0849271268
v 1.23298037 -0.917509794 0.0849271268
v 1.27102292 -0.90834552 0.0849271268
v 1.27102292 -0.90834552 0.185086414
v 0.252069086 -1.66121578 0.145370245
v 0.252068788 -1.66121578 0.0849271268
v 0.38951841 -1.59419799 0.0849271268
v 0.38951841 -1.59419799 0.145370543
v 0.526967764 -1.51046991 0.0849271268
v 0.526967764 -1.51046991 0.145370856
v 0.632501841 -1.42697144 0.145370856
v 0.632501841 -1.42697144 0.0849271268
v 0.723960578 -1.34429872 0.0849271268
v 0.723960578 -1.34429872 0.145370573
v 0.799657583 -1.25867844 0.0849271268
v 0.799657583 -1.25867832 0.145370245
v 0.859476626 -1.18345428 0.14587006
v 0.859476626 -1.18345428 0.0849271268
v 0.914995074 -1.10183465 0.0849271268
v 0.914995074 -1.10183454 0.146377623
v 0.969091177 -0.985496104 0.0849271268
v 0.969091177 -0.985496104 0.146377623
v 0.986569524 -0.917509794 0.146377638
v 0.986569524 -0.917509794 0.0849271268
v 0.965705216 -0.908345222 0.185086414
v 0.965705216 -0.908345222 0.0849271268
v 1.07533443 0.331500918 0.0849271268
v 1.07047641 0.378259033 0.158672839
v 1.07533443 0.331500918 0.163609982
v 1.07047641 0.378259033 0.0849271268
v 1.04176784 0.475038826 0.145370245
v 1.04176784 0.475038826 0.0849271268
v 0.985729635 0.608269393 0.145370245
v 0.985729337 0.608269393 0.0849271268
v 0.918805838 0.733284354 0.145370245
v 0.918805838 0.733284354 0.0849271268
v 0.861370802 0.824423909 0.0849271268
v 0.861370802 0.824423909 0.145370245
v 0.789072871 0.930166066 0.145370245
v 0.789072871 0.930166066 0.0849271268
v 0.681663215 1.05656898 0.145370245
v 0.681663215 1.05656898 0.0849271268
v 0.560190439 1.15209663 0.0849271268
v 0.560190737 1.15209663 0.145370245
v 0.424699396 1.2160697 0.145370245
v 0.424699396 1.2160697 0.0849271268
v 0.274917603 1.26355529 0.0849271268
v 0.274917603 1.26355529 0.145370245
v 0.0824752823 1.28891146 0.145370245
v 0.0824752823 1.28891146 0.0849271268
v -0 1.29977846 0.0849271268
v -0 1.29977846 0.145370245
v 1.02182734 0.310671449 0.0849271268
v 1.07533443 0.331500918 0.0849271268
v 1.07533443 0.331500918 0.163609982
v 1.02182734 0.310671449 0.190188959
v 1.02094662 0.284052491 0.190188959
v 1.02094662 0.284052491 0.0849271268
v 1.05981874 0.246181712 0.0849271268
v 1.05981874 0.246181712 0.160817012
v 1.09388757 0.159543678 0.0849271268
v 1.09388757 0.159543678 0.145370245
v 1.10638547 0.0293808747 0.137311161
v 1.10638547 0.0293808747 0.0849271268
v 1.10858393 -0.0886502787 0.0849271268
v 1.10858393 -0.0886502787 0.132769227
v 1.10189879 -0.205454022 0.137311161
v 1.10189879 -0.205454022 0.0849271268
v 1.0841732 -0.310125947 0.0849271268
v 1.0841732 -0.310125947 0.145370245
v 1.04922569 -0.355505586 0.0849271268
v 1.04922569 -0.355505586 0.170207575
v 0.981746495 -0.400616378 0.0849271268
v 0.981746495 -0.400616378 0.229422972
v 0.97993499 -0.422261268 0.0849271268
v 0.981746495 -0.400616378 0.0849271268
v 0.981746495 -0.400616378 0.229422972
v 0.97993499 -0.422261268 0.229422972
v 1.05251825 -0.462522507 0.145370245
v 1.05251825 -0.462522507 0.0849271268
v 0.97993499 -0.422261268 0.0849271268
v 0.97993499 -0.422261268 0.229422972
v 1.01840723 -0.474583358 0.0849271268
v 1.05251825 -0.462522507 0.0849271268
v 1.05251825 -0.462522507 0.145370245
v 1.01840723 -0.474583358 0.199768424
v 1.06218255 -0.547045529 0.0849271268
v 1.01840723 -0.474583358 0.0849271268
v 1.01840723 -0.474583358 0.199768424
v 1.06218255 -0.547045529 0.162159786
v 1.06757998 -0.630462229 0.144702524
v 1.06757998 -0.630462229 0.0849271268
v 1.06500244 -0.743514001 0.0849271268
v 1.06500244 -0.743514001 0.140528321
v 1.02141142 -0.856437266 0.0849271268
v 1.02141106 -0.856437266 0.149328366
v 0.965705574 -0.875401795 0.0849271268
v 0.965705574 -0.875401795 0.185086414
v 0.965705216 -0.908345222 0.185086414
v 0.965705216 -0.908345222 0.0849271268
v 0.965705574 -0.875401795 0.0849271268
v 0.965705574 -0.875401795 0.185086414
v -1.22682738 0.331500918 0.00624487642
v -1.28589046 0.310671449 -0.0203347169
v -1.02182734 0.310671449 -0.0203347169
v -1.07533443 0.331500918 0.00624426594
v -1.30541623 -0.474583358 -0.0299141854
v -1.06218255 -0.547045529 0.00769446138
v -1.01840723 -0.474583358 -0.0299141854
v -1.25681579 -0.547045648 0.00769446138
v -1.06757998 -0.630462229 0.025151737
v -1.23904109 -0.628707469 0.025151737
v -1.22924066 -0.740004361 0.0293259304
v -1.06500244 -0.743514001 0.0293259304
v -1.02141106 -0.856437266 0.020525882
v -1.22762692 -0.856437564 0.020525882
v -0.965705574 -0.875401795 -0.0152321784
v -1.27102292 -0.875401974 -0.0152321784
v -1.22682738 0.331500918 0.0849270895
v -1.28589046 0.310671449 0.0849271268
v -1.28589046 0.310671449 -0.0203347169
v -1.22682738 0.331500918 0.00624487642
v -1.30541623 -0.474583358 0.0849271268
v -1.25681579 -0.547045648 0.00769446138
v -1.30541623 -0.474583358 -0.0299141854
v -1.25681579 -0.547045648 0.0849271268
v -1.23904109 -0.628707469 0.025151737
v -1.23904109 -0.628707469 0.0849271268
v -1.22924066 -0.740004361 0.0849271268
v -1.22924066 -0.740004361 0.0293259304
v -1.22762692 -0.856437564 0.020525882
v -1.22762692 -0.856437564 0.0849271268
v -1.27102292 -0.875401974 -0.0152321784
v -1.27102292 -0.875401974 0.0849271268
v -1.24562502 -1.03909767 0.0234766174
v -1.24562502 -1.03909767 0.0849271268
v -1.14855039 -1.14531147 0.0849271268
v -1.14855039 -1.14531147 0.023476636
v -1.08392882 -1.14531147 0.0849271268
v -1.1332196 0.686584234 0.0244840123
v -1.09567046 0.48946175 -0.0297159739
v -1.0694555 0.482881844 0.0244840123
v -1.22734189 0.376505792 0.0111813992
v -1.1332196 0.686584234 0.0849271268
v -1.24467528 0.544137955 0.0849271268
v -1.24467528 0.544137955 0.0244840123
v -1.1332196 0.686584234 0.0244840123
v -1.07459342 0.810309172 0.0244840123
v -1.07459342 0.810309172 0.0849271268
v -1.00907707 0.927576363 0.0849271268
v -1.00907707 0.927576363 0.0244840123
v -0.922646165 1.05419838 0.0849271268
v -0.922646165 1.05419838 0.0244840123
v -0.799842536 1.19260073 0.0849271268
v -0.799842536 1.19260073 0.0244840123
v -0.664676487 1.32044435 0.0849271268
v -0.664676487 1.32044435 0.0244840123
v -0.526453257 1.40915704 0.0244840123
v -0.526453257 1.40915704 0.0849271268
v -0.334296554 1.49826539 0.0849271268
v -0.334296554 1.49826539 0.0244840123
v -0.100289002 1.52973664 0.0244840123
v -0.208310232 1.51488185 0.0849271268
v -0.211512744 1.66584563 0.0849271268
v -0.1856433 1.67700708 0.0849271268
v -0.168669119 1.74284267 0.0849271268
v -0.109135129 1.67120874 0.0849271268
v -0 1.66310632 0.0849271268
v -0 1.5432241 0.0244840123
v -0.0824752823 1.28891146 0.0244840123
v -0 1.29977846 0.0244840123
v -0.334296554 1.49826539 0.0244840123
v -0.274917603 1.26355529 0.0244840123
v -0.424699396 1.2160697 0.0244840123
v -0.526453257 1.40915704 0.0244840123
v -0.560190737 1.15209663 0.0244840123
v -0.664676487 1.32044435 0.0244840123
v -0.681663215 1.05656898 0.0244840123
v -0.799842536 1.19260073 0.0244840123
v -0.922646165 1.05419838 0.0244840123
v -0.789072871 0.930166066 0.0244840123
v -0.861370802 0.824423909 0.0244840123
v -1.00907707 0.927576363 0.0244840123
v -0.918805838 0.733284354 0.0244840123
v -1.07459342 0.810309172 0.0244840123
v -0.985729635 0.608269393 0.0244840123
v -1.1332196 0.686584234 0.0244840123
v -1.04176784 0.475038826 0.0244840123
v -1.0694555 0.482881844 0.0244840123
v -1.22734189 0.376505792 0.0111813992
v -1.07047641 0.378259033 0.0111813992
v -1.07533443 0.331500918 0.00624426594
v -1.22682738 0.331500918 0.00624487642
v -1.28572512 0.284053415 -0.0203347169
v -1.05981874 0.246181712 0.00903723482
v -1.02094662 0.284052491 -0.0203347169
v -1.25206542 0.246292338 0.00903723482
v -1.09388757 0.159543678 0.0244840123
v -1.223966 0.15964058 0.0244840123
v -1.10638547 0.0293808747 0.032543093
v -1.21837342 0.0294593032 0.032543093
v -1.21858156 -0.08859016 0.0370850228
v -1.10858393 -0.0886502787 0.0370850228
v -1.10189879 -0.205454022 0.032543093
v -1.2228601 -0.20541206 0.032543093
v -1.23169124 -0.310102165 0.0244840123
v -1.0841732 -0.310125947 0.0244840123
v -1.04922569 -0.355505586 -0.000353324402
v -1.26265872 -0.355489403 -0.000353324402
v -0.981746495 -0.400616378 -0.0595687293
v -1.33013797 -0.400607824 -0.0595687293
v -1.28572512 0.284053415 -0.0203347169
v -1.28572512 0.284053415 0.0849271268
v -1.25206542 0.246292338 0.0849271268
v -1.25206542 0.246292338 0.00903723482
v -1.223966 0.15964058 0.0244840123
v -1.223966 0.15964058 0.0849271268
v -1.21837342 0.0294593032 0.032543093
v -1.21837342 0.0294593032 0.0849271268
v -1.21858156 -0.08859016 0.0849271268
v -1.21858156 -0.08859016 0.0370850228
v -1.2228601 -0.20541206 0.032543093
v -1.2228601 -0.20541206 0.0849271268
v -1.23169124 -0.310102165 0.0849271268
v -1.23169124 -0.310102165 0.0244840123
v -1.26265872 -0.355489403 -0.000353324402
v -1.26265872 -0.355489403 0.0849271268
v -1.33013797 -0.400607824 -0.0595687293
v -1.33013797 -0.400607824 0.0849271268
v -1.28589046 0.310671449 -0.0203347169
v -1.28572512 0.284053415 -0.0203347169
v -1.02094662 0.284052491 -0.0203347169
v -1.02182734 0.310671449 -0.0203347169
v -1.28589046 0.310671449 0.0849271268
v -1.28572512 0.284053415 0.0849271268
v -1.28572512 0.284053415 -0.0203347169
v -1.28589046 0.310671449 -0.0203347169
v -1.33013797 -0.400607824 -0.0595687293
v -1.33194947 -0.422255009 -0.0595687293
v -0.97993499 -0.422261268 -0.0595687293
v -0.981746495 -0.400616378 -0.0595687293
v -1.33013797 -0.400607824 0.0849271268
v -1.33194947 -0.422255009 0.0849271268
v -1.33194947 -0.422255009 -0.0595687293
v -1.33013797 -0.400607824 -0.0595687293
v -1.33194947 -0.422255009 -0.0595687293
v -1.25936639 -0.462522656 0.0244840123
v -1.05251825 -0.462522507 0.0244840123
v -0.97993499 -0.422261268 -0.0595687293
v -1.33194947 -0.422255009 0.0849271268
v -1.25936639 -0.462522656 0.0849271268
v -1.25936639 -0.462522656 0.0244840123
v -1.33194947 -0.422255009 -0.0595687293
v -1.22734189 0.376505792 0.0849271268
v -1.22682738 0.331500918 0.0849270895
v -1.22682738 0.331500918 0.00624487642
v -1.22734189 0.376505792 0.0111813992
v -1.24467528 0.544137955 0.0849271268
v -1.24467528 0.544137955 0.0244840123
v -1.24467528 0.544137955 0.0244840123
v -1.22734189 0.376505792 0.0111813992
v -1.09567046 0.48946175 -0.0297159739
v -1.1332196 0.686584234 0.0244840123
v -1.25936639 -0.462522656 0.0244840123
v -1.30541623 -0.474583358 -0.0299141854
v -1.01840723 -0.474583358 -0.0299141854
v -1.05251825 -0.462522507 0.0244840123
v -1.25936639 -0.462522656 0.0244840123
v -1.25936639 -0.462522656 0.0849271268
v -1.30541623 -0.474583358 0.0849271268
v -1.30541623 -0.474583358 -0.0299141854
v -1.27102292 -0.875401974 -0.0152321784
v -1.27102292 -0.90834552 -0.0152321784
v -0.965705216 -0.908345222 -0.0152321784
v -0.965705574 -0.875401795 -0.0152321784
v -1.27102292 -0.875401974 0.0849271268
v -1.27102292 -0.90834552 0.0849271268
v -1.27102292 -0.90834552 -0.0152321784
v -1.27102292 -0.875401974 -0.0152321784
v -0.986569524 -0.917509794 0.0234766174
v -0.965705216 -0.908345222 -0.0152321784
v -1.27102292 -0.90834552 -0.0152321784
v -1.23298037 -0.917509794 0.0234766174
v -0.969091177 -0.985496104 0.0234766211
v -1.07764161 -1.03007054 0.0234766211
v -1.22533381 -0.980529845 0.0234766174
v -0.914995074 -1.10183454 0.023476636
v -1.14855039 -1.14531147 0.023476636
v -1.24562502 -1.03909767 0.0234766174
v -1.04559326 -1.14531147 0.023476636
v -0.859476626 -1.18345428 0.0239842013
v -0.978353262 -1.24166536 0.0239838958
v -0.901823401 -1.33143783 0.0244834013
v -0.799657583 -1.25867832 0.0244840123
v -0.723960578 -1.34429872 0.024483677
v -0.813282132 -1.42709482 0.0244834013
v -0.709793389 -1.51962459 0.0244834013
v -0.632501841 -1.42697144 0.0244834013
v -0.526967764 -1.51046991 0.0244834013
v -0.597513735 -1.60570586 0.0244840123
v -0.38951841 -1.59419799 0.0244837068
v -0.461812109 -1.69104552 0.0244840123
v -0.328490585 -1.76236689 0.0244840123
v -0.252069086 -1.66121578 0.0244840123
v -1.23298037 -0.917509794 0.0234766174
v -1.27102292 -0.90834552 -0.0152321784
v -1.27102292 -0.90834552 0.0849271268
v -1.23298037 -0.917509794 0.0849271268
v -1.22533381 -0.980529845 0.0234766174
v -1.22533381 -0.980529845 0.0849271268
v -1.24562502 -1.03909767 0.0234766174
v -1.24562502 -1.03909767 0.0849271268
v -1.08392882 -1.14531147 0.0849271268
v -1.04559326 -1.14531147 0.023476636
v -1.07764161 -1.03007054 0.0234766211
v -1.04559326 -1.14531147 0.0849271268
v -0.978353262 -1.24166536 0.0849271268
v -0.978353262 -1.24166536 0.0239838958
v -0.901823401 -1.33143795 0.0849271268
v -0.901823401 -1.33143783 0.0244834013
v -0.813282132 -1.42709482 0.0244834013
v -0.813282132 -1.42709482 0.0849271268
v -0.709793389 -1.51962459 0.0849271268
v -0.709793389 -1.51962459 0.0244834013
v -0.597513437 -1.60570586 0.0849271268
v -0.597513735 -1.60570586 0.0244840123
v -0.461812109 -1.69104552 0.0244840123
v -0.461812109 -1.69104552 0.0849271268
v -0.328490585 -1.76236665 0.0849271268
v -0.328490585 -1.76236689 0.0244840123
v -0.252069086 -1.66121578 0.0244840123
v -0.252068788 -1.66121578 0.0849271268
v -0.38951841 -1.59419799 0.0849271268
v -0.38951841 -1.59419799 0.0244837068
v -0.526967764 -1.51046991 0.0849271268
v -0.526967764 -1.51046991 0.0244834013
v -0.632501841 -1.42697144 0.0244834013
v -0.632501841 -1.42697144 0.0849271268
v -0.723960578 -1.34429872 0.0849271268
v -0.723960578 -1.34429872 0.024483677
v -0.799657583 -1.25867844 0.0849271268
v -0.799657583 -1.25867832 0.0244840123
v -0.859476626 -1.18345428 0.0239842013
v -0.859476626 -1.18345428 0.0849271268
v -0.914995074 -1.10183465 0.0849271268
v -0.914995074 -1.10183454 0.023476636
v -0.969091177 -0.985496104 0.0849271268
v -0.969091177 -0.985496104 0.0234766211
v -0.986569524 -0.917509794 0.0234766174
v -0.986569524 -0.917509794 0.0849271268
v -0.965705216 -0.908345222 -0.0152321784
v -0.965705216 -0.908345222 0.0849271268
v -1.07533443 0.331500918 0.0849271268
v -1.07047641 0.378259033 0.0111813992
v -1.07533443 0.331500918 0.00624426594
v -1.07047641 0.378259033 0.0849271268
v -1.04176784 0.475038826 0.0244840123
v -1.04176784 0.475038826 0.0849271268
v -0.985729635 0.608269393 0.0244840123
v -0.985729337 0.608269393 0.0849271268
v -0.918805838 0.733284354 0.0244840123
v -0.918805838 0.733284354 0.0849271268
v -0.861370802 0.824423909 0.0849271268
v -0.861370802 0.824423909 0.0244840123
v -0.789072871 0.930166066 0.0244840123
v -0.789072871 0.930166066 0.0849271268
v -0.681663215 1.05656898 0.0244840123
v -0.681663215 1.05656898 0.0849271268
v -0.560190439 1.15209663 0.0849271268
v -0.560190737 1.15209663 0.0244840123
v -0.424699396 1.2160697 0.0244840123
v -0.424699396 1.2160697 0.0849271268
v -0.274917603 1.26355529 0.0849271268
v -0.274917603 1.26355529 0.0244840123
v -0.0824752823 1.28891146 0.0244840123
v -0.0824752823 1.28891146 0.0849271268
v -0 1.29977846 0.0849271268
v -0 1.29977846 0.0244840123
v -1.02182734 0.310671449 0.0849271268
v -1.07533443 0.331500918 0.0849271268
v -1.07533443 0.331500918 0.00624426594
v -1.02182734 0.310671449 -0.0203347169
v -1.02094662 0.284052491 -0.0203347169
v -1.02094662 0.284052491 0.0849271268
v -1.02182734 0.310671449 0.0849271268
v -1.02182734 0.310671449 -0.0203347169
v -1.05981874 0.246181712 0.0849271268
v -1.02094662 0.284052491 0.0849271268
v -1.02094662 0.284052491 -0.0203347169
v -1.05981874 0.246181712 0.00903723482
v -1.09388757 0.159543678 0.0849271268
v -1.09388757 0.159543678 0.0244840123
v -1.10638547 0.0293808747 0.032543093
v -1.10638547 0.0293808747 0.0849271268
v -1.10858393 -0.0886502787 0.0849271268
v -1.10858393 -0.0886502787 0.0370850228
v -1.10189879 -0.205454022 0.032543093
v -1.10189879 -0.205454022 0.0849271268
v -1.0841732 -0.310125947 0.0849271268
v -1.0841732 -0.310125947 0.0244840123
v -1.04922569 -0.355505586 0.0849271268
v -1.04922569 -0.355505586 -0.000353324402
v -0.981746495 -0.400616378 0.0849271268
v -0.981746495 -0.400616378 -0.0595687293
v -0.97993499 -0.422261268 0.0849271268
v -0.981746495 -0.400616378 0.0849271268
v -0.981746495 -0.400616378 -0.0595687293
v -0.97993499 -0.422261268 -0.0595687293
v -1.05251825 -0.462522507 0.0244840123
v -1.05251825 -0.462522507 0.0849271268
v -0.97993499 -0.422261268 0.0849271268
v -0.97993499 -0.422261268 -0.0595687293
v -1.01840723 -0.474583358 0.0849271268
v -1.05251825 -0.462522507 0.0849271268
v -1.05251825 -0.462522507 0.0244840123
v -1.01840723 -0.474583358 -0.0299141854
v -1.06218255 -0.547045529 0.0849271268
v -1.01840723 -0.474583358 0.0849271268
v -1.01840723 -0.474583358 -0.0299141854
v -1.06218255 -0.547045529 0.00769446138
v -1.06757998 -0.630462229 0.025151737
v -1.06757998 -0.630462229 0.0849271268
v -1.06500244 -0.743514001 0.0849271268
v -1.06500244 -0.743514001 0.0293259304
v -1.02141142 -0.856437266 0.0849271268
v -1.02141106 -0.856437266 0.020525882
v -0.965705574 -0.875401795 0.0849271268
v -0.965705574 -0.875401795 -0.0152321784
v -0.965705216 -0.908345222 -0.0152321784
v -0.965705216 -0.908345222 0.0849271268
v -0.965705574 -0.875401795 0.0849271268
v -0.965705574 -0.875401795 -0.0152321784
v 1.22682738 0.331500918 0.00624487642
v 1.07533443 0.331500918 0.00624426594
v 1.02182734 0.310671449 -0.0203347169
v 1.28589046 0.310671449 -0.0203347169
v 1.02094662 0.284052491 -0.0203347169
v 1.28572512 0.284053415 -0.0203347169
v 1.05981874 0.246181712 0.00903723482
v 1.25206542 0.246292338 0.00903723482
v 1.09388757 0.159543678 0.0244840123
v 1.223966 0.15964058 0.0244840123
v 1.10638547 0.0293808747 0.032543093
v 1.21837342 0.0294593032 0.032543093
v 1.21858156 -0.08859016 0.0370850228
v 1.10858393 -0.0886502787 0.0370850228
v 1.10189879 -0.205454022 0.032543093
v 1.2228601 -0.20541206 0.032543093
v 1.23169124 -0.310102165 0.0244840123
v 1.0841732 -0.310125947 0.0244840123
v 1.04922569 -0.355505586 -0.000353324402
v 1.26265872 -0.355489403 -0.000353324402
v 0.981746495 -0.400616378 -0.0595687293
v 1.33013797 -0.400607824 -0.0595687293
v 1.30541623 -0.474583358 -0.0299141854
v 1.01840723 -0.474583358 -0.0299141854
v 1.06218255 -0.547045529 0.00769446138
v 1.25681579 -0.547045648 0.00769446138
v 1.06757998 -0.630462229 0.025151737
v 1.23904109 -0.628707469 0.025151737
v 1.22924066 -0.740004361 0.0293259304
v 1.06500244 -0.743514001 0.0293259304
v 1.02141106 -0.856437266 0.020525882
v 1.22762692 -0.856437564 0.020525882
v 0.965705574 -0.875401795 -0.0152321784
v 1.27102292 -0.875401974 -0.0152321784
v 1.22682738 0.331500918 0.0849271268
v 1.22682738 0.331500918 0.00624487642
v 1.28589046 0.310671449 -0.0203347169
v 1.28589046 0.310671449 0.0849271268
v 1.28572512 0.284053415 -0.0203347169
v 1.28572512 0.284053415 0.0849271268
v 1.25206542 0.246292338 0.0849271268
v 1.25206542 0.246292338 0.00903723482
v 1.223966 0.15964058 0.0244840123
v 1.223966 0.15964058 0.0849271268
v 1.21837342 0.0294593032 0.032543093
v 1.21837342 0.0294593032 0.0849271268
v 1.21858156 -0.08859016 0.0849271268
v 1.21858156 -0.08859016 0.0370850228
v 1.2228601 -0.20541206 0.032543093
v 1.2228601 -0.20541206 0.0849271268
v 1.23169124 -0.310102165 0.0849271268
v 1.23169124 -0.310102165 0.0244840123
v 1.26265872 -0.355489403 -0.000353324402
v 1.26265872 -0.355489403 0.0849271268
v 1.33013797 -0.400607824 -0.0595687293
v 1.33013797 -0.400607824 0.0849271268
v 1.30541623 -0.474583358 0.0849271268
v 1.30541623 -0.474583358 -0.0299141854
v 1.25681579 -0.547045648 0.00769446138
v 1.25681579 -0.547045648 0.0849271268
v 1.23904109 -0.628707469 0.025151737
v 1.23904109 -0.628707469 0.0849271268
v 1.22924066 -0.740004361 0.0849271268
v 1.22924066 -0.740004361 0.0293259304
v 1.22762692 -0.856437564 0.020525882
v 1.22762692 -0.856437564 0.0849271268
v 1.27102292 -0.875401974 -0.0152321784
v 1.27102292 -0.875401974 0.0849271268
v 1.24562502 -1.03909767 0.0234766174
v 1.14855039 -1.14531147 0.023476636
v 1.14855039 -1.14531147 0.0849271268
v 1.24562502 -1.03909767 0.0849271268
v 1.1332196 0.686584234 0.0244840123
v 1.0694555 0.482881844 0.0244840123
v 1.09567046 0.48946175 -0.0297159739
v 1.22734189 0.376505792 0.0111813992
v 1.1332196 0.686584234 0.0849271268
v 1.24467528 0.544137955 0.0244840123
v 1.24467528 0.544137955 0.0849271268
v 1.1332196 0.686584234 0.0244840123
v 1.07459342 0.810309172 0.0244840123
v 1.07459342 0.810309172 0.0849271268
v 1.00907707 0.927576363 0.0849271268
v 1.00907707 0.927576363 0.0244840123
v 0.922646165 1.05419838 0.0849271268
v 0.922646165 1.05419838 0.0244840123
v 0.799842536 1.19260073 0.0849271268
v 0.799842536 1.19260073 0.0244840123
v 0.664676487 1.32044435 0.0849271268
v 0.664676487 1.32044435 0.0244840123
v 0.526453257 1.40915704 0.0244840123
v 0.526453257 1.40915704 0.0849271268
v 0.334296554 1.49826539 0.0849271268
v 0.334296554 1.49826539 0.0244840123
v 0.100289002 1.52973664 0.0244840123
v 0.208310232 1.51488185 0.0849271268
v 0.211512744 1.66584563 0.0849271268
v 0.1856433 1.67700708 0.0849271268
v 0.168669119 1.74284267 0.0849271268
v 0.109135129 1.67120874 0.0849271268
v -0 1.66310632 0.0849271268
v -0 1.5432241 0.0244840123
v 0.0824752823 1.28891146 0.0244840123
v -0 1.29977846 0.0244840123
v 0.334296554 1.49826539 0.0244840123
v 0.274917603 1.26355529 0.0244840123
v 0.424699396 1.2160697 0.0244840123
v 0.526453257 1.40915704 0.0244840123
v 0.560190737 1.15209663 0.0244840123
v 0.664676487 1.32044435 0.0244840123
v 0.681663215 1.05656898 0.0244840123
v 0.799842536 1.19260073 0.0244840123
v 0.922646165 1.05419838 0.0244840123
v 0.789072871 0.930166066 0.0244840123
v 0.861370802 0.824423909 0.0244840123
v 1.00907707 0.927576363 0.0244840123
v 0.918805838 0.733284354 0.0244840123
v 1.07459342 0.810309172 0.0244840123
v 0.985729635 0.608269393 0.0244840123
v 1.1332196 0.686584234 0.0244840123
v 1.04176784 0.475038826 0.0244840123
v 1.0694555 0.482881844 0.0244840123
v 1.22734189 0.376505792 0.0111813992
v 1.07047641 0.378259033 0.0111813992
v 1.07533443 0.331500918 0.00624426594
v 1.22682738 0.331500918 0.00624487642
v 1.33013797 -0.400607824 -0.0595687293
v 0.981746495 -0.400616378 -0.0595687293
v 0.97993499 -0.422261268 -0.0595687293
v 1.33194947 -0.422255009 -0.0595687293
v 1.33013797 -0.400607824 0.0849271268
v 1.33013797 -0.400607824 -0.0595687293
v 1.33194947 -0.422255009 -0.0595687293
v 1.33194947 -0.422255009 0.0849271268
v 1.33194947 -0.422255009 -0.0595687293
v 0.97993499 -0.422261268 -0.0595687293
v 1.05251825 -0.462522507 0.0244840123
v 1.25936639 -0.462522656 0.0244840123
v 1.33194947 -0.422255009 0.0849271268
v 1.33194947 -0.422255009 -0.0595687293
v 1.25936639 -0.462522656 0.0244840123
v 1.25936639 -0.462522656 0.0849271268
v 1.22734189 0.376505792 0.0849271268
v 1.22682738 0.331500918 0.00624487642
v 1.22682738 0.331500918 0.0849271268
v 1.22734189 0.376505792 0.0111813992
v 1.24467528 0.544137955 0.0849271268
v 1.24467528 0.544137955 0.0244840123
v 1.24467528 0.544137955 0.0244840123
v 1.09567046 0.48946175 -0.0297159739
v 1.22734189 0.376505792 0.0111813992
v 1.1332196 0.686584234 0.0244840123
v 1.25936639 -0.462522656 0.0244840123
v 1.05251825 -0.462522507 0.0244840123
v 1.01840723 -0.474583358 -0.0299141854
v 1.30541623 -0.474583358 -0.0299141854
v 1.25936639 -0.462522656 0.0244840123
v 1.30541623 -0.474583358 -0.0299141854
v 1.30541623 -0.474583358 0.0849271268
v 1.25936639 -0.462522656 0.0849271268
v 1.27102292 -0.875401974 -0.0152321784
v 0.965705574 -0.875401795 -0.0152321784
v 0.965705216 -0.908345222 -0.0152321784
v 1.27102292 -0.90834552 -0.0152321784
v 1.27102292 -0.875401974 0.0849271268
v 1.27102292 -0.875401974 -0.0152321784
v 1.27102292 -0.90834552 -0.0152321784
v 1.27102292 -0.90834552 0.0849271268
v 0.986569524 -0.917509794 0.0234766174
v 1.27102292 -0.90834552 -0.0152321784
v 0.965705216 -0.908345222 -0.0152321784
v 1.23298037 -0.917509794 0.0234766174
v 0.969091177 -0.985496104 0.0234766211
v 1.07764161 -1.03007054 0.0234766211
v 0.914995074 -1.10183454 0.023476636
v 1.04559326 -1.14531147 0.023476636
v 0.859476626 -1.18345428 0.0239842013
v 0.978353262 -1.24166536 0.0239838958
v 0.901823401 -1.33143783 0.0244834013
v 0.799657583 -1.25867832 0.0244840123
v 0.723960578 -1.34429872 0.024483677
v 0.813282132 -1.42709482 0.0244834013
v 0.709793389 -1.51962459 0.0244834013
v 0.632501841 -1.42697144 0.0244834013
v 0.526967764 -1.51046991 0.0244834013
v 0.597513735 -1.60570586 0.0244840123
v 0.38951841 -1.59419799 0.0244837068
v 0.461812109 -1.69104552 0.0244840123
v 0.328490585 -1.76236689 0.0244840123
v 0.252069086 -1.66121578 0.0244840123
v 1.27102292 -0.90834552 0.0849271268
v 1.27102292 -0.90834552 -0.0152321784
v 1.23298037 -0.917509794 0.0849271268
v 1.22533381 -0.980529845 0.0234766174
v 1.14855039 -1.14531147 0.023476636
v 1.22533381 -0.980529845 0.0849271268
v 1.24562502 -1.03909767 0.0234766174
v 1.24562502 -1.03909767 0.0849271268
v 1.08392882 -1.14531147 0.0849271268
v 1.07764161 -1.03007054 0.0234766211
v 1.04559326 -1.14531147 0.023476636
v 1.04559326 -1.14531147 0.0849271268
v 0.978353262 -1.24166536 0.0849271268
v 0.978353262 -1.24166536 0.0239838958
v 0.901823401 -1.33143795 0.0849271268
v 0.901823401 -1.33143783 0.0244834013
v 0.813282132 -1.42709482 0.0244834013
v 0.813282132 -1.42709482 0.0849271268
v 0.709793389 -1.51962459 0.0849271268
v 0.709793389 -1.51962459 0.0244834013
v 0.597513437 -1.60570586 0.0849271268
v 0.597513735 -1.60570586 0.0244840123
v 0.461812109 -1.69104552 0.0244840123
v 0.461812109 -1.69104552 0.0849271268
v 0.328490585 -1.76236665 0.0849271268
v 0.328490585 -1.76236689 0.0244840123
v 0.252069086 -1.66121578 0.0244840123
v 0.38951841 -1.59419799 0.0849271268
v 0.252068788 -1.66121578 0.0849271268
v 0.38951841 -1.59419799 0.0244837068
v 0.526967764 -1.51046991 0.0849271268
v 0.526967764 -1.51046991 0.0244834013
v 0.632501841 -1.42697144 0.0244834013
v 0.632501841 -1.42697144 0.0849271268
v 0.723960578 -1.34429872 0.0849271268
v 0.723960578 -1.34429872 0.024483677
v 0.799657583 -1.25867844 0.0849271268
v 0.799657583 -1.25867832 0.0244840123
v 0.859476626 -1.18345428 0.0239842013
v 0.859476626 -1.18345428 0.0849271268
v 0.914995074 -1.10183465 0.0849271268
v 0.914995074 -1.10183454 0.023476636
v 0.969091177 -0.985496104 0.0849271268
v 0.969091177 -0.985496104 0.0234766211
v 0.986569524 -0.917509794 0.0234766174
v 0.986569524 -0.917509794 0.0849271268
v 0.965705216 -0.908345222 -0.0152321784
v 0.965705216 -0.908345222 0.0849271268
v 1.07533443 0.331500918 0.0849271268
v 1.07533443 0.331500918 0.00624426594
v 1.07047641 0.378259033 0.0111813992
v 1.07047641 0.378259033 0.0849271268
v 1.04176784 0.475038826 0.0244840123
v 1.04176784 0.475038826 0.0849271268
v 0.985729635 0.608269393 0.0244840123
v 0.985729337 0.608269393 0.0849271268
v 0.918805838 0.733284354 0.0244840123
v 0.918805838 0.733284354 0.0849271268
v 0.861370802 0.824423909 0.0849271268
v 0.861370802 0.824423909 0.0244840123
v 0.789072871 0.930166066 0.0244840123
v 0.789072871 0.930166066 0.0849271268
v 0.681663215 1.05656898 0.0244840123
v 0.681663215 1.05656898 0.0849271268
v 0.560190439 1.15209663 0.0849271268
v 0.560190737 1.15209663 0.0244840123
v 0.424699396 1.2160697 0.0244840123
v 0.424699396 1.2160697 0.0849271268
v 0.274917603 1.26355529 0.0849271268
v 0.274917603 1.26355529 0.0244840123
v 0.0824752823 1.28891146 0.0244840123
v 0.0824752823 1.28891146 0.0849271268
v -0 1.29977846 0.0849271268
v -0 1.29977846 0.0244840123
v 1.02182734 0.310671449 0.0849271268
v 1.07533443 0.331500918 0.00624426594
v 1.07533443 0.331500918 0.0849271268
v 1.02182734 0.310671449 -0.0203347169
v 1.02094662 0.284052491 -0.0203347169
v 1.02094662 0.284052491 0.0849271268
v 1.05981874 0.246181712 0.0849271268
v 1.05981874 0.246181712 0.00903723482
v 1.09388757 0.159543678 0.0849271268
v 1.09388757 0.159543678 0.0244840123
v 1.10638547 0.0293808747 0.032543093
v 1.10638547 0.0293808747 0.0849271268
v 1.10858393 -0.0886502787 0.0849271268
v 1.10858393 -0.0886502787 0.0370850228
v 1.10189879 -0.205454022 0.032543093
v 1.10189879 -0.205454022 0.0849271268
v 1.0841732 -0.310125947 0.0849271268
v 1.0841732 -0.310125947 0.0244840123
v 1.04922569 -0.355505586 0.0849271268
v 1.04922569 -0.355505586 -0.000353324402
v 0.981746495 -0.400616378 0.0849271268
v 0.981746495 -0.400616378 -0.0595687293
v 0.97993499 -0.422261268 0.0849271268
v 0.97993499 -0.422261268 -0.0595687293
v 0.981746495 -0.400616378 -0.0595687293
v 0.981746495 -0.400616378 0.0849271268
v 1.05251825 -0.462522507 0.0244840123
v 0.97993499 -0.422261268 -0.0595687293
v 0.97993499 -0.422261268 0.0849271268
v 1.05251825 -0.462522507 0.0849271268
v 1.01840723 -0.474583358 0.0849271268
v 1.01840723 -0.474583358 -0.0299141854
v 1.05251825 -0.462522507 0.0244840123
v 1.05251825 -0.462522507 0.0849271268
v 1.06218255 -0.547045529 0.0849271268
v 1.01840723 -0.474583358 -0.0299141854
v 1.01840723 -0.474583358 0.0849271268
v 1.06218255 -0.547045529 0.00769446138
v 1.06757998 -0.630462229 0.025151737
v 1.06757998 -0.630462229 0.0849271268
v 1.06500244 -0.743514001 0.0849271268
v 1.06500244 -0.743514001 0.0293259304
v 1.02141142 -0.856437266 0.0849271268
v 1.02141106 -0.856437266 0.020525882
v 0.965705574 -0.875401795 0.0849271268
v 0.965705574 -0.875401795 -0.0152321784
v 0.965705216 -0.908345222 -0.0152321784
v 0.965705574 -0.875401795 -0.0152321784
v 0.965705574 -0.875401795 0.0849271268
v 0.965705216 -0.908345222 0.0849271268
v -0.0323107913 1.66891015 0.199964479
v -0 1.66891015 0.199960813
v -0 1.64019465 0.243718445
v -0.077796936 1.63284171 0.199964479
v -0.0508541875 1.60718477 0.243718445
v -0.13472046 1.52012753 0.243718445
v -0.158852845 1.55092216 0.199964479
v -0.199745789 1.49821436 0.199964479
v -0.164855644 1.47349274 0.243718445
v -0.195403442 1.44257081 0.199964479
v -0.158996582 1.39596403 0.199964479
v -0.13472046 1.42688596 0.243718445
v -0.0508541875 1.33982873 0.243718445
v -0.0778057873 1.31417871 0.199964479
v -0.0323107913 1.27810335 0.199964479
v -0 1.30679047 0.243718445
v -0 1.27810335 0.199964479
v -0.0355722047 1.25838053 0.133629024
v -0 1.27810335 0.199964479
v -0 1.25838053 0.133629024
v -0.0323107913 1.27810335 0.199964479
v -0.0778057873 1.31417871 0.199964479
v -0.0902487189 1.30173647 0.133629024
v -0.171439514 1.38352168 0.133629024
v -0.158996582 1.39596403 0.199964479
v -0.195403442 1.44257081 0.199964479
v -0.215126336 1.43944824 0.133629024
v -0.219906911 1.50070822 0.133629024
v -0.199745789 1.49821436 0.199964479
v -0.158852845 1.55092216 0.199964479
v -0.171296075 1.56336367 0.133629024
v -0.0902398676 1.64528406 0.133629024
v -0.077796936 1.63284171 0.199964479
v -0.0323107913 1.66891015 0.199964479
v -0.0355722047 1.68863308 0.133629024
v -0 1.68863308 0.133629024
v -0 1.66891015 0.199960813
v -0.0508541875 1.60718477 0.243718445
v -0 1.64019465 0.243718445
v -0 1.30679047 0.243718445
v -0.0508541875 1.33982873 0.243718445
v -0.13472046 1.52012753 0.243718445
v -0.13472046 1.42688596 0.243718445
v -0.164855644 1.47349274 0.243718445
v -0 1.68863308 0.133629024
v -0.0355722047 1.68863308 0.133629024
v -0 1.55499542 0.133629024
v -0.0902398676 1.64528406 0.133629024
v -0.171296075 1.56336367 0.133629024
v -0 1.47350669 0.133629024
v -0.219906911 1.50070822 0.133629024
v -0.215126336 1.43944824 0.133629024
v -0.171439514 1.38352168 0.133629024
v -0.0902487189 1.30173647 0.133629024
v -0 1.39201808 0.133629024
v -0.0355722047 1.25838053 0.133629024
v -0 1.25838053 0.133629024
v 0.0323107913 1.66891015 0.199964479
v -0 1.64019465 0.243718445
v -0 1.66891015 0.199960813
v 0.077796936 1.63284171 0.199964479
v 0.0508541875 1.60718477 0.243718445
v 0.13472046 1.52012753 0.243718445
v 0.158852845 1.55092216 0.199964479
v 0.199745789 1.49821436 0.199964479
v 0.164855644 1.47349274 0.243718445
v 0.195403442 1.44257081 0.199964479
v 0.158996582 1.39596403 0.199964479
v 0.13472046 1.42688596 0.243718445
v 0.0508541875 1.33982873 0.243718445
v 0.0778057873 1.31417871 0.199964479
v 0.0323107913 1.27810335 0.199964479
v -0 1.30679047 0.243718445
v -0 1.27810335 0.199964479
v 0.0355722047 1.25838053 0.133629024
v -0 1.25838053 0.133629024
v -0 1.27810335 0.199964479
v 0.0323107913 1.27810335 0.199964479
v 0.0778057873 1.31417871 0.199964479
v 0.0902487189 1.30173647 0.133629024
v 0.171439514 1.38352168 0.133629024
v 0.158996582 1.39596403 0.199964479
v 0.195403442 1.44257081 0.199964479
v 0.215126336 1.43944824 0.133629024
v 0.219906911 1.50070822 0.133629024
v 0.199745789 1.49821436 0.199964479
v 0.158852845 1.55092216 0.199964479
v 0.171296075 1.56336367 0.133629024
v 0.0902398676 1.64528406 0.133629024
v 0.077796936 1.63284171 0.199964479
v 0.0323107913 1.66891015 0.199964479
v 0.0355722047 1.68863308 0.133629024
v -0 1.68863308 0.133629024
v -0 1.66891015 0.199960813
v 0.0508541875 1.60718477 0.243718445
v -0 1.30679047 0.243718445
v -0 1.64019465 0.243718445
v 0.0508541875 1.33982873 0.243718445
v 0.13472046 1.52012753 0.243718445
v 0.13472046 1.42688596 0.243718445
v 0.164855644 1.47349274 0.243718445
v -0 1.68863308 0.133629024
v -0 1.55499542 0.133629024
v 0.0355722047 1.68863308 0.133629024
v 0.0902398676 1.64528406 0.133629024
v 0.171296075 1.56336367 0.133629024
v -0 1.47350669 0.133629024
v 0.219906911 1.50070822 0.133629024
v 0.215126336 1.43944824 0.133629024
v 0.171439514 1.38352168 0.133629024
v 0.0902487189 1.30173647 0.133629024
v -0 1.39201808 0.133629024
v 0.0355722047 1.25838053 0.133629024
v -0 1.25838053 0.133629024
v -0.0323107913 1.66891015 -0.0301087629
v -0 1.64019465 -0.0738630369
v -0 1.66891015 -0.0301051009
v -0.077796936 1.63284171 -0.0301087629
v -0.0508541875 1.60718477 -0.0738630369
v -0.13472046 1.52012753 -0.0738630369
v -0.158852845 1.55092216 -0.0301087629
v -0.199745789 1.49821436 -0.0301087629
v -0.164855644 1.47349274 -0.0738630369
v -0.195403442 1.44257081 -0.0301087629
v -0.158996582 1.39596403 -0.0301087629
v -0.13472046 1.42688596 -0.0738630369
v -0.0508541875 1.33982873 -0.0738630369
v -0.0778057873 1.31417871 -0.0301087629
v -0.0323107913 1.27810335 -0.0301087629
v -0 1.30679047 -0.0738630369
v -0 1.27810335 -0.0301087629
v -0.0355722047 1.25838053 0.0362266861
v -0 1.25838053 0.0362266861
v -0 1.27810335 -0.0301087629
v -0.0323107913 1.27810335 -0.0301087629
v -0.0778057873 1.31417871 -0.0301087629
v -0.0902487189 1.30173647 0.0362266861
v -0.171439514 1.38352168 0.0362266861
v -0.158996582 1.39596403 -0.0301087629
v -0.195403442 1.44257081 -0.0301087629
v -0.215126336 1.43944824 0.0362266861
v -0.219906911 1.50070822 0.0362266861
v -0.199745789 1.49821436 -0.0301087629
v -0.158852845 1.55092216 -0.0301087629
v -0.171296075 1.56336367 0.0362266861
v -0.0902398676 1.64528406 0.0362266861
v -0.077796936 1.63284171 -0.0301087629
v -0.0323107913 1.66891015 -0.0301087629
v -0.0355722047 1.68863308 0.0362266861
v -0 1.68863308 0.0362266861
v -0 1.66891015 -0.0301051009
v -0.0508541875 1.60718477 -0.0738630369
v -0 1.30679047 -0.0738630369
v -0 1.64019465 -0.0738630369
v -0.0508541875 1.33982873 -0.0738630369
v -0.13472046 1.52012753 -0.0738630369
v -0.13472046 1.42688596 -0.0738630369
v -0.164855644 1.47349274 -0.0738630369
v -0 1.68863308 0.0362266861
v -0 1.55499542 0.0362266861
v -0.0355722047 1.68863308 0.0362266861
v -0.0902398676 1.64528406 0.0362266861
v -0.171296075 1.56336367 0.0362266861
v -0 1.47350669 0.0362266861
v -0.219906911 1.50070822 0.0362266861
v -0.215126336 1.43944824 0.0362266861
v -0.171439514 1.38352168 0.0362266861
v -0.0902487189 1.30173647 0.0362266861
v -0 1.39201808 0.0362266861
v -0.0355722047 1.25838053 0.0362266861
v -0 1.25838053 0.0362266861
v 0.0323107913 1.66891015 -0.0301087629
v -0 1.66891015 -0.0301051009
v -0 1.64019465 -0.0738630369
v 0.077796936 1.63284171 -0.0301087629
v 0.0508541875 1.60718477 -0.0738630369
v 0.13472046 1.52012753 -0.0738630369
v 0.158852845 1.55092216 -0.0301087629
v 0.199745789 1.49821436 -0.0301087629
v 0.164855644 1.47349274 -0.0738630369
v 0.195403442 1.44257081 -0.0301087629
v 0.158996582 1.39596403 -0.0301087629
v 0.13472046 1.42688596 -0.0738630369
v 0.0508541875 1.33982873 -0.0738630369
v 0.0778057873 1.31417871 -0.0301087629
v 0.0323107913 1.27810335 -0.0301087629
v -0 1.30679047 -0.0738630369
v -0 1.27810335 -0.0301087629
v 0.0355722047 1.25838053 0.0362266861
v -0 1.27810335 -0.0301087629
v -0 1.25838053 0.0362266861
v 0.0323107913 1.27810335 -0.0301087629
v 0.0778057873 1.31417871 -0.0301087629
v 0.0902487189 1.30173647 0.0362266861
v 0.171439514 1.38352168 0.0362266861
v 0.158996582 1.39596403 -0.0301087629
v 0.195403442 1.44257081 -0.0301087629
v 0.215126336 1.43944824 0.0362266861
v 0.219906911 1.50070822 0.0362266861
v 0.199745789 1.49821436 -0.0301087629
v 0.158852845 1.55092216 -0.0301087629
v 0.171296075 1.56336367 0.0362266861
v 0.0902398676 1.64528406 0.0362266861
v 0.077796936 1.63284171 -0.0301087629
v 0.0323107913 1.66891015 -0.0301087629
v 0.0355722047 1.68863308 0.0362266861
v -0 1.68863308 0.0362266861
v -0 1.66891015 -0.0301051009
v 0.0508541875 1.60718477 -0.0738630369
v -0 1.64019465 -0.0738630369
v -0 1.30679047 -0.0738630369
v 0.0508541875 1.33982873 -0.0738630369
v 0.13472046 1.52012753 -0.0738630369
v 0.13472046 1.42688596 -0.0738630369
v 0.164855644 1.47349274 -0.0738630369
v -0 1.68863308 0.0362266861
v 0.0355722047 1.68863308 0.0362266861
v -0 1.55499542 0.0362266861
v 0.0902398676 1.64528406 0.0362266861
v 0.171296075 1.56336367 0.0362266861
v -0 1.47350669 0.0362266861
v 0.219906911 1.50070822 0.0362266861
v 0.215126336 1.43944824 0.0362266861
v 0.171439514 1.38352168 0.0362266861
v 0.0902487189 1.30173647 0.0362266861
v -0 1.39201808 0.0362266861
v 0.0355722047 1.25838053 0.0362266861
v -0 1.25838053 0.0362266861
v -0.749491274 1.32899284 0.129061654
v -0.718572378 1.2718873 0.167956904
v -0.751025975 1.24030244 0.167956904
v -0.806267977 1.27529216 0.129061654
v -0.799842536 1.19260073 0.145370245
v -0.799842536 1.19260073 0.0849277377
v -0.806267977 1.27529216 0.0849277452
v -0.806267977 1.27529216 0.129061654
v -0.749491274 1.32899284 0.0849277377
v -0.749491274 1.32899284 0.129061654
v -0.806267977 1.27529216 0.129061654
v -0.806267977 1.27529216 0.0849277452
v -0.664676487 1.32044435 0.0849277377
v -0.664676487 1.32044435 0.145370245
v -0.749491274 1.32899284 0.129061654
v -0.749491274 1.32899284 0.0849277377
v -0.67308408 1.19548285 0.0849277377
v -0.664676487 1.32044435 0.145370245
v -0.664676487 1.32044435 0.0849277377
v -0.67308408 1.19548285 0.145370245
v -0.799842536 1.19260073 0.0849277377
v -0.799842536 1.19260073 0.145370245
v 0.749491274 1.32899284 0.129061654
v 0.806267977 1.27529216 0.129061654
v 0.751025975 1.24030244 0.167956904
v 0.718572378 1.2718873 0.167956904
v 0.799842536 1.19260073 0.145370245
v 0.806267977 1.27529216 0.129061654
v 0.806267977 1.27529216 0.0849277377
v 0.799842536 1.19260073 0.0849277377
v 0.749491274 1.32899284 0.0849277377
v 0.806267977 1.27529216 0.0849277377
v 0.806267977 1.27529216 0.129061654
v 0.749491274 1.32899284 0.129061654
v 0.664676487 1.32044435 0.0849277377
v 0.749491274 1.32899284 0.0849277377
v 0.749491274 1.32899284 0.129061654
v 0.664676487 1.32044435 0.145370245
v 0.67308408 1.19548285 0.0849277377
v 0.664676487 1.32044435 0.0849277377
v 0.664676487 1.32044435 0.145370245
v 0.67308408 1.19548285 0.145370245
v 0.799842536 1.19260073 0.0849277377
v 0.799842536 1.19260073 0.145370245
v -0.749491274 1.32899284 0.0407938287
v -0.806267977 1.27529216 0.0407938287
v -0.751025975 1.24030244 0.00189856766
v -0.718572378 1.2718873 0.00189856766
v -0.799842536 1.19260073 0.0244852323
v -0.806267977 1.27529216 0.0407938287
v -0.806267977 1.27529216 0.0849277452
v -0.799842536 1.19260073 0.0849277377
v -0.749491274 1.32899284 0.0849277377
v -0.806267977 1.27529216 0.0849277452
v -0.806267977 1.27529216 0.0407938287
v -0.749491274 1.32899284 0.0407938287
v -0.664676487 1.32044435 0.0849277377
v -0.749491274 1.32899284 0.0849277377
v -0.749491274 1.32899284 0.0407938287
v -0.664676487 1.32044435 0.0244852323
v -0.67308408 1.19548285 0.0849277377
v -0.664676487 1.32044435 0.0849277377
v -0.664676487 1.32044435 0.0244852323
v -0.67308408 1.19548285 0.0244852323
v -0.799842536 1.19260073 0.0849277377
v -0.799842536 1.19260073 0.0244852323
v 0.749491274 1.32899284 0.0407938287
v 0.718572378 1.2718873 0.00189856766
v 0.751025975 1.24030244 0.00189856766
v 0.806267977 1.27529216 0.0407938287
v 0.799842536 1.19260073 0.0244852323
v 0.799842536 1.19260073 0.0849277377
v 0.806267977 1.27529216 0.0849277377
v 0.806267977 1.27529216 0.0407938287
v 0.749491274 1.32899284 0.0849277377
v 0.749491274 1.32899284 0.0407938287
v 0.806267977 1.27529216 0.0407938287
v 0.806267977 1.27529216 0.0849277377
v 0.664676487 1.32044435 0.0849277377
v 0.664676487 1.32044435 0.0244852323
v 0.749491274 1.32899284 0.0407938287
v 0.749491274 1.32899284 0.0849277377
v 0.67308408 1.19548285 0.0849277377
v 0.664676487 1.32044435 0.0244852323
v 0.664676487 1.32044435 0.0849277377
v 0.67308408 1.19548285 0.0244852323
v 0.799842536 1.19260073 0.0849277377
v 0.799842536 1.19260073 0.0244852323
v -0.434771121 1.57001555 0.129009575
v -0.501582026 1.57599151 0.0849278495
v -0.488075256 1.61294246 0.0849278495
v -0.431092829 1.58401179 0.133268312
v -0.419851661 1.60630941 0.140296206
v -0.466548443 1.65014708 0.0849278495
v -0.443610519 1.67836761 0.0849278495
v -0.40937531 1.64454615 0.143369019
v -0.392598569 1.63027465 0.149011716
v -0.369334698 1.64626181 0.154875368
v -0.390643001 1.67089474 0.146119252
v -0.415427834 1.70386076 0.0849278495
v -0.348886698 1.65377557 0.158387318
v -0.37757811 1.7229718 0.0849278495
v -0.360089719 1.69106591 0.149191767
v -0.326080322 1.6522814 0.164287299
v -0.326707155 1.69740045 0.15332599
v -0.327476799 1.73274934 0.0849278495
v -0.301123947 1.64625514 0.169935182
v -0.277900398 1.72848845 0.0849278495
v -0.288597703 1.69308496 0.15909563
v -0.275690287 1.6278677 0.174196348
v -0.243084714 1.67408013 0.165178105
v -0.231375113 1.71214902 0.0849278495
v -0.192010492 1.6862576 0.0849278495
v -0.254777521 1.5947156 0.182078123
v -0.202108145 1.62961912 0.173982427
v -0.162721559 1.64509332 0.0849278495
v -0.15510498 1.59562159 0.180577576
v -0.133432612 1.60392904 0.0849278495
v -0.256029665 1.55194032 0.189528391
v -0.0969177261 1.57533109 0.0849278495
v -0.0969177261 1.55916381 0.189528391
v -0 1.58657348 0.0849278495
v -0 1.57040644 0.189528391
v -0.292774051 1.49373162 0.189528391
v -0 1.40588343 0.189528391
v -0.311469406 1.40898955 0.189528391
v -0.071339108 1.3320663 0.189528391
v -0.228927299 1.30050838 0.189528391
v -0.29778868 1.31865847 0.189528391
v -0.25029847 1.24180114 0.189528391
v -0.221591175 1.23272777 0.189528391
v -0.192883909 1.22365391 0.189528391
v -0.185335696 1.24775457 0.189528391
v -0.163659975 1.27185488 0.189528391
v -0.13849701 1.28776944 0.189528391
v -0.111886591 1.29355073 0.189528391
v -0.0832952857 1.28752589 0.189528391
v -0.051808469 1.27353919 0.189528391
v -0.0295233149 1.24595892 0.189528391
v -0 1.22923589 0.189528391
v -0.385163873 1.5512768 0.0849278495
v -0.434771121 1.57001555 0.129009575
v -0.431092829 1.58401179 0.133268312
v -0.380953372 1.5710541 0.0849278495
v -0.371751398 1.59083152 0.0849278495
v -0.419851661 1.60630941 0.140296206
v -0.392598569 1.63027465 0.149011716
v -0.362819195 1.60236633 0.0849278495
v -0.350114733 1.61107171 0.0849278495
v -0.369334698 1.64626181 0.154875368
v -0.348886698 1.65377557 0.158387318
v -0.338246763 1.61457491 0.0849278495
v -0.326378763 1.6150521 0.0849278495
v -0.326080322 1.6522814 0.164287299
v -0.301123947 1.64625514 0.169935182
v -0.310006708 1.61082125 0.0849278495
v -0.293634325 1.59598482 0.0849278495
v -0.275690287 1.6278677 0.174196348
v -0.254777521 1.5947156 0.182078123
v -0.284779042 1.57477748 0.0849278495
v -0.256029665 1.55194032 0.189528391
v -0.28724274 1.55121183 0.0849278495
v -0.302969664 1.52558982 0.0849278495
v -0.292774051 1.49373162 0.189528391
v -0.340390921 1.49336541 0.0849278495
v -0.311469406 1.40898955 0.189528391
v -0.356774896 1.40898955 0.0849278495
v -0.29778868 1.31865847 0.189528391
v -0.347060233 1.31786525 0.0849278495
v -0.302850038 1.24285531 0.0849278495
v -0.25029847 1.24180114 0.189528391
v -0.272749007 1.21070802 0.0849278495
v -0.218911126 1.1844095 0.0849278495
v -0.221591175 1.23272777 0.189528391
v -0.192883909 1.22365391 0.189528391
v -0.150324702 1.16505075 0.0849278495
v -0.185335696 1.24775457 0.189528391
v -0.144722894 1.19612372 0.0849278495
v -0.163659975 1.27185488 0.189528391
v -0.124271542 1.21988559 0.0849278495
v -0.13849701 1.28776944 0.189528391
v -0.111886591 1.29355073 0.189528391
v -0.0968801826 1.23063445 0.0849278495
v -0.0739022791 1.22976899 0.0849278495
v -0.0832952857 1.28752589 0.189528391
v -0.051808469 1.27353919 0.189528391
v -0.0509246811 1.22196293 0.0849278495
v -0.0254623406 1.20220041 0.0849278495
v -0.0295233149 1.24595892 0.189528391
v -0 1.22923589 0.189528391
v -0 1.18764353 0.0849278495
v 0.434771121 1.57001555 0.129009575
v 0.488075256 1.61294246 0.0849278495
v 0.501582026 1.57599151 0.0849278495
v 0.431092829 1.58401179 0.133268312
v 0.419851661 1.60630941 0.140296206
v 0.466548443 1.65014708 0.0849278495
v 0.443610519 1.67836761 0.0849278495
v 0.40937531 1.64454615 0.143369019
v 0.392598569 1.63027465 0.149011716
v 0.369334698 1.64626181 0.154875368
v 0.390643001 1.67089474 0.146119252
v 0.415427834 1.70386076 0.0849278495
v 0.348886698 1.65377557 0.158387318
v 0.37757811 1.7229718 0.0849278495
v 0.360089719 1.69106591 0.149191767
v 0.326080322 1.6522814 0.164287299
v 0.326707155 1.69740045 0.15332599
v 0.327476799 1.73274934 0.0849278495
v 0.301123947 1.64625514 0.169935182
v 0.277900398 1.72848845 0.0849278495
v 0.288597703 1.69308496 0.15909563
v 0.275690287 1.6278677 0.174196348
v 0.243084714 1.67408013 0.165178105
v 0.231375113 1.71214902 0.0849278495
v 0.192010492 1.6862576 0.0849278495
v 0.254777521 1.5947156 0.182078123
v 0.202108145 1.62961912 0.173982427
v 0.162721559 1.64509332 0.0849278495
v 0.15510498 1.59562159 0.180577576
v 0.133432612 1.60392904 0.0849278495
v 0.256029665 1.55194032 0.189528391
v 0.0969177261 1.57533109 0.0849278495
v 0.0969177261 1.55916381 0.189528391
v -0 1.58657348 0.0849278495
v -0 1.57040644 0.189528391
v 0.292774051 1.49373162 0.189528391
v -0 1.40588343 0.189528391
v 0.311469406 1.40898955 0.189528391
v 0.071339108 1.3320663 0.189528391
v 0.228927299 1.30050838 0.189528391
v 0.29778868 1.31865847 0.189528391
v 0.25029847 1.24180114 0.189528391
v 0.221591175 1.23272777 0.189528391
v 0.192883909 1.22365391 0.189528391
v 0.185335696 1.24775457 0.189528391
v 0.163659975 1.27185488 0.189528391
v 0.13849701 1.28776944 0.189528391
v 0.111886591 1.29355073 0.189528391
v 0.0832952857 1.28752589 0.189528391
v 0.051808469 1.27353919 0.189528391
v 0.0295233149 1.24595892 0.189528391
v -0 1.22923589 0.189528391
v 0.385163873 1.5512768 0.0849278495
v 0.431092829 1.58401179 0.133268312
v 0.434771121 1.57001555 0.129009575
v 0.380953372 1.5710541 0.0849278495
v 0.371751398 1.59083152 0.0849278495
v 0.419851661 1.60630941 0.140296206
v 0.392598569 1.63027465 0.149011716
v 0.362819195 1.60236633 0.0849278495
v 0.350114733 1.61107171 0.0849278495
v 0.369334698 1.64626181 0.154875368
v 0.348886698 1.65377557 0.158387318
v 0.338246763 1.61457491 0.0849278495
v 0.326378763 1.6150521 0.0849278495
v 0.326080322 1.6522814 0.164287299
v 0.301123947 1.64625514 0.169935182
v 0.310006708 1.61082125 0.0849278495
v 0.293634325 1.59598482 0.0849278495
v 0.275690287 1.6278677 0.174196348
v 0.254777521 1.5947156 0.182078123
v 0.284779042 1.57477748 0.0849278495
v 0.256029665 1.55194032 0.189528391
v 0.28724274 1.55121183 0.0849278495
v 0.302969664 1.52558982 0.0849278495
v 0.292774051 1.49373162 0.189528391
v 0.340390921 1.49336541 0.0849278495
v 0.311469406 1.40898955 0.189528391
v 0.356774896 1.40898955 0.0849278495
v 0.29778868 1.31865847 0.189528391
v 0.347060233 1.31786525 0.0849278495
v 0.302850038 1.24285531 0.0849278495
v 0.25029847 1.24180114 0.189528391
v 0.272749007 1.21070802 0.0849278495
v 0.218911126 1.1844095 0.0849278495
v 0.221591175 1.23272777 0.189528391
v 0.192883909 1.22365391 0.189528391
v 0.150324702 1.16505075 0.0849278495
v 0.185335696 1.24775457 0.189528391
v 0.144722894 1.19612372 0.0849278495
v 0.163659975 1.27185488 0.189528391
v 0.124271542 1.21988559 0.0849278495
v 0.13849701 1.28776944 0.189528391
v 0.111886591 1.29355073 0.189528391
v 0.0968801826 1.23063445 0.0849278495
v 0.0739022791 1.22976899 0.0849278495
v 0.0832952857 1.28752589 0.189528391
v 0.051808469 1.27353919 0.189528391
v 0.0509246811 1.22196293 0.0849278495
v 0.0254623406 1.20220041 0.0849278495
v 0.0295233149 1.24595892 0.189528391
v -0 1.22923589 0.189528391
v -0 1.18764353 0.0849278495
v -0.434771121 1.57001555 0.0408464335
v -0.488075256 1.61294246 0.0849278495
v -0.501582026 1.57599151 0.0849278495
v -0.431092829 1.58401179 0.0365874022
v -0.419851661 1.60630941 0.0295598134
v -0.466548443 1.65014708 0.0849278495
v -0.443610519 1.67836761 0.0849278495
v -0.40937531 1.64454615 0.0264866948
v -0.392598569 1.63027465 0.0208439939
v -0.369334698 1.64626181 0.0149803469
v -0.390643001 1.67089474 0.0237364508
v -0.415427834 1.70386076 0.0849278495
v -0.348886698 1.65377557 0.0114683844
v -0.37757811 1.7229718 0.0849278495
v -0.360089719 1.69106591 0.0206639413
v -0.326080322 1.6522814 0.00556811551
v -0.326707155 1.69740045 0.0165300295
v -0.327476799 1.73274934 0.0849278495
v -0.301123947 1.64625514 -7.9467296E-05
v -0.277900398 1.72848845 0.0849278495
v -0.288597703 1.69308496 0.0107597662
v -0.275690287 1.6278677 -0.00434033154
v -0.243084714 1.67408013 0.0046776128
v -0.231375113 1.71214902 0.0849278495
v -0.192010492 1.6862576 0.0849278495
v -0.254777521 1.5947156 -0.0122224111
v -0.202108145 1.62961912 -0.00412670849
v -0.162721559 1.64509332 0.0849278495
v -0.15510498 1.59562159 -0.0107221669
v -0.133432612 1.60392904 0.0849278495
v -0.256029665 1.55194032 -0.0196723621
v -0.0969177261 1.57533109 0.0849278495
v -0.0969177261 1.55916381 -0.0196723621
v -0 1.58657348 0.0849278495
v -0 1.57040644 -0.0196723621
v -0.292774051 1.49373162 -0.0196723621
v -0 1.40588343 -0.0196723621
v -0.311469406 1.40898955 -0.0196723621
v -0.071339108 1.3320663 -0.0196723621
v -0.228927299 1.30050838 -0.0196723621
v -0.29778868 1.31865847 -0.0196723621
v -0.25029847 1.24180114 -0.0196723621
v -0.221591175 1.23272777 -0.0196723621
v -0.192883909 1.22365391 -0.0196723621
v -0.185335696 1.24775457 -0.0196723621
v -0.163659975 1.27185488 -0.0196723621
v -0.13849701 1.28776944 -0.0196723621
v -0.111886591 1.29355073 -0.0196723621
v -0.0832952857 1.28752589 -0.0196723621
v -0.051808469 1.27353919 -0.0196723621
v -0.0295233149 1.24595892 -0.0196723621
v -0 1.22923589 -0.0196723621
v -0.385163873 1.5512768 0.0849278495
v -0.431092829 1.58401179 0.0365874022
v -0.434771121 1.57001555 0.0408464335
v -0.380953372 1.5710541 0.0849278495
v -0.371751398 1.59083152 0.0849278495
v -0.419851661 1.60630941 0.0295598134
v -0.392598569 1.63027465 0.0208439939
v -0.362819195 1.60236633 0.0849278495
v -0.350114733 1.61107171 0.0849278495
v -0.369334698 1.64626181 0.0149803469
v -0.348886698 1.65377557 0.0114683844
v -0.338246763 1.61457491 0.0849278495
v -0.326378763 1.6150521 0.0849278495
v -0.326080322 1.6522814 0.00556811551
v -0.301123947 1.64625514 -7.9467296E-05
v -0.310006708 1.61082125 0.0849278495
v -0.293634325 1.59598482 0.0849278495
v -0.275690287 1.6278677 -0.00434033154
v -0.254777521 1.5947156 -0.0122224111
v -0.284779042 1.57477748 0.0849278495
v -0.256029665 1.55194032 -0.0196723621
v -0.28724274 1.55121183 0.0849278495
v -0.302969664 1.52558982 0.0849278495
v -0.292774051 1.49373162 -0.0196723621
v -0.340390921 1.49336541 0.0849278495
v -0.311469406 1.40898955 -0.0196723621
v -0.356774896 1.40898955 0.0849278495
v -0.29778868 1.31865847 -0.0196723621
v -0.347060233 1.31786525 0.0849278495
v -0.302850038 1.24285531 0.0849278495
v -0.25029847 1.24180114 -0.0196723621
v -0.272749007 1.21070802 0.0849278495
v -0.218911126 1.1844095 0.0849278495
v -0.221591175 1.23272777 -0.0196723621
v -0.192883909 1.22365391 -0.0196723621
v -0.150324702 1.16505075 0.0849278495
v -0.185335696 1.24775457 -0.0196723621
v -0.144722894 1.19612372 0.0849278495
v -0.163659975 1.27185488 -0.0196723621
v -0.124271542 1.21988559 0.0849278495
v -0.13849701 1.28776944 -0.0196723621
v -0.111886591 1.29355073 -0.0196723621
v -0.0968801826 1.23063445 0.0849278495
v -0.0739022791 1.22976899 0.0849278495
v -0.0832952857 1.28752589 -0.0196723621
v -0.051808469 1.27353919 -0.0196723621
v -0.0509246811 1.22196293 0.0849278495
v -0.0254623406 1.20220041 0.0849278495
v -0.0295233149 1.24595892 -0.0196723621
v -0 1.22923589 -0.0196723621
v -0 1.18764353 0.0849278495
v 0.434771121 1.57001555 0.0408464335
v 0.501582026 1.57599151 0.0849278495
v 0.488075256 1.61294246 0.0849278495
v 0.431092829 1.58401179 0.0365874022
v 0.419851661 1.60630941 0.0295598134
v 0.466548443 1.65014708 0.0849278495
v 0.443610519 1.67836761 0.0849278495
v 0.40937531 1.64454615 0.0264866948
v 0.392598569 1.63027465 0.0208439939
v 0.369334698 1.64626181 0.0149803469
v 0.390643001 1.67089474 0.0237364508
v 0.415427834 1.70386076 0.0849278495
v 0.348886698 1.65377557 0.0114683844
v 0.37757811 1.7229718 0.0849278495
v 0.360089719 1.69106591 0.0206639413
v 0.326080322 1.6522814 0.00556811551
v 0.326707155 1.69740045 0.0165300295
v 0.327476799 1.73274934 0.0849278495
v 0.301123947 1.64625514 -7.9467296E-05
v 0.277900398 1.72848845 0.0849278495
v 0.288597703 1.69308496 0.0107597662
v 0.275690287 1.6278677 -0.00434033154
v 0.243084714 1.67408013 0.0046776128
v 0.231375113 1.71214902 0.0849278495
v 0.192010492 1.6862576 0.0849278495
v 0.254777521 1.5947156 -0.0122224111
v 0.202108145 1.62961912 -0.00412670849
v 0.162721559 1.64509332 0.0849278495
v 0.15510498 1.59562159 -0.0107221669
v 0.133432612 1.60392904 0.0849278495
v 0.256029665 1.55194032 -0.0196723621
v 0.0969177261 1.57533109 0.0849278495
v 0.0969177261 1.55916381 -0.0196723621
v -0 1.58657348 0.0849278495
v -0 1.57040644 -0.0196723621
v 0.292774051 1.49373162 -0.0196723621
v -0 1.40588343 -0.0196723621
v 0.311469406 1.40898955 -0.0196723621
v 0.340390921 1.49336541 0.0849278495
v 0.302969664 1.52558982 0.0849278495
v 0.256029665 1.55194032 -0.0196723621
v 0.28724274 1.55121183 0.0849278495
v 0.284779042 1.57477748 0.0849278495
v 0.254777521 1.5947156 -0.0122224111
v 0.293634325 1.59598482 0.0849278495
v 0.275690287 1.6278677 -0.00434033154
v 0.301123947 1.64625514 -7.9467296E-05
v 0.310006708 1.61082125 0.0849278495
v 0.326378763 1.6150521 0.0849278495
v 0.326080322 1.6522814 0.00556811551
v 0.348886698 1.65377557 0.0114683844
v 0.338246763 1.61457491 0.0849278495
v 0.350114733 1.61107171 0.0849278495
v 0.369334698 1.64626181 0.0149803469
v 0.392598569 1.63027465 0.0208439939
v 0.362819195 1.60236633 0.0849278495
v 0.371751398 1.59083152 0.0849278495
v 0.419851661 1.60630941 0.0295598134
v 0.431092829 1.58401179 0.0365874022
v 0.380953372 1.5710541 0.0849278495
v 0.385163873 1.5512768 0.0849278495
v 0.434771121 1.57001555 0.0408464335
v -0 1.22923589 -0.0196723621
v -0 1.18764353 0.0849278495
v 0.0254623406 1.20220041 0.0849278495
v 0.0295233149 1.24595892 -0.0196723621
v 0.051808469 1.27353919 -0.0196723621
v 0.0509246811 1.22196293 0.0849278495
v 0.0739022791 1.22976899 0.0849278495
v 0.0832952857 1.28752589 -0.0196723621
v 0.111886591 1.29355073 -0.0196723621
v 0.0968801826 1.23063445 0.0849278495
v 0.124271542 1.21988559 0.0849278495
v 0.13849701 1.28776944 -0.0196723621
v 0.163659975 1.27185488 -0.0196723621
v 0.144722894 1.19612372 0.0849278495
v 0.185335696 1.24775457 -0.0196723621
v 0.150324702 1.16505075 0.0849278495
v 0.192883909 1.22365391 -0.0196723621
v 0.218911126 1.1844095 0.0849278495
v 0.221591175 1.23272777 -0.0196723621
v 0.228927299 1.30050838 -0.0196723621
v 0.185335696 1.24775457 -0.0196723621
v 0.163659975 1.27185488 -0.0196723621
v 0.13849701 1.28776944 -0.0196723621
v 0.111886591 1.29355073 -0.0196723621
v 0.25029847 1.24180114 -0.0196723621
v 0.272749007 1.21070802 0.0849278495
v 0.302850038 1.24285531 0.0849278495
v 0.29778868 1.31865847 -0.0196723621
v 0.347060233 1.31786525 0.0849278495
v 0.356774896 1.40898955 0.0849278495
v 0.071339108 1.3320663 -0.0196723621
v 0.0832952857 1.28752589 -0.0196723621
v 0.051808469 1.27353919 -0.0196723621
v 0.0295233149 1.24595892 -0.0196723621
v -0 1.22923589 -0.0196723621
v 2.23791812E-08 -1.11188436 -0.153850853
v -1.10287929 -0.774120569 0.0657996237
v -0.89303571 -1.20569944 0.0637281686
v -0.521122873 -1.63727844 0.0616567135
v 2.23791812E-08 -1.11188436 -0.153850853
v -0.521122873 -1.63727844 0.0616567135
v 3.81469718E-08 -1.7011764 0.0616567023
v 0.521122932 -1.63727844 0.0616566837
v 2.23791812E-08 -1.11188436 -0.153850853
v 0.521122932 -1.63727844 0.0616566837
v 0.893035889 -1.20569944 0.063728191
v 1.10287929 -0.774120569 0.0657996833
v 0.452980608 -0.193690985 -0.24371843
v 1.15250981 -0.19369106 0.0657996535
v 1.10287929 0.38673842 0.0657996237
v 1.10287929 -0.774120569 0.0657996833
v -0.452980608 -0.193690985 -0.24371843
v -1.10287929 0.38673842 0.0657996833
v -1.15250981 -0.19369106 0.0657996535
v -1.10287929 -0.774120569 0.0657996237
v 1.10287929 0.38673842 0.0657996237
v 0.893035769 0.818317473 0.0637281686
v -2.23791758E-08 0.724502265 -0.153850868
v 0.521122873 1.24989665 0.0616567135
v -2.23791758E-08 0.724502265 -0.153850868
v 0.521122873 1.24989665 0.0616567135
v -3.81469718E-08 1.31379485 0.0616567023
v -0.521122932 1.24989665 0.0616566837
v -2.23791758E-08 0.724502265 -0.153850868
v -0.521122932 1.24989665 0.0616566837
v -0.893035889 0.818317473 0.063728191
v -1.10287929 0.38673842 0.0657996833
v 1.11025572 -0.721720815 0.100891598
v -0 -0.19373481 0.100891598
v 1.17977965 -0.19373481 0.100891598
v 0.944440007 -1.19802308 0.100890987
v 1.11025631 0.334251165 0.100891598
v 0.686175525 -1.49422908 0.100891598
v 0.944440603 0.810554266 0.100891598
v 0.360743999 -1.68029046 0.100890987
v 0.686176121 1.1228776 0.100891598
v -0 -1.74440241 0.100890987
v 0.360743999 1.33590269 0.100891598
v -0.360743999 -1.68029046 0.100891598
v -0 1.40930784 0.100891598
v -0.686175823 -1.49422908 0.100890987
v -0.360743999 1.33590269 0.100891598
v -0.944440007 -1.19802308 0.100891598
v -0.686175823 1.122877 0.100891598
v -1.11025572 -0.721720934 0.100891598
v -0.944440305 0.810553968 0.100891598
v -1.17978024 -0.19373481 0.100891598
v -1.11025572 0.334250867 0.100891598
vt 0.666015625 0.0650024414
vt 0.62890625 0.0650024414
vt 0.62890625 0.109680176
vt 0.62890625 0.109680176
vt 0.62890625 0.0650024414
vt 0.591308594 0.0650024414
vt 0.591308594 0.0650024414
vt 0.62890625 0.0650024414
vt 0.62890625 0.020324707
vt 0.62890625 0.0650024414
vt 0.666015625 0.0650024414
vt 0.62890625 0.020324707
vt 0.662109375 0.209472656
vt 0.679199219 0.209472656
vt 0.662109375 0.230224609
vt 0.662109375 0.209472656
vt 0.662109375 0.230224609
vt 0.645019531 0.209472656
vt 0.662109375 0.209472656
vt 0.645019531 0.209472656
vt 0.662109375 0.188720703
vt 0.662109375 0.209472656
vt 0.662109375 0.188720703
vt 0.679199219 0.209472656
vt 0.666015625 0.0650024414
vt 0.62890625 0.109680176
vt 0.62890625 0.0650024414
vt 0.62890625 0.109680176
vt 0.591308594 0.0650024414
vt 0.62890625 0.0650024414
vt 0.591308594 0.0650024414
vt 0.62890625 0.020324707
vt 0.62890625 0.0650024414
vt 0.62890625 0.0650024414
vt 0.62890625 0.020324707
vt 0.666015625 0.0650024414
vt 0.662109375 0.209472656
vt 0.662109375 0.230224609
vt 0.679199219 0.209472656
vt 0.662109375 0.209472656
vt 0.645019531 0.209472656
vt 0.662109375 0.230224609
vt 0.662109375 0.209472656
vt 0.662109375 0.188720703
vt 0.645019531 0.209472656
vt 0.662109375 0.209472656
vt 0.679199219 0.209472656
vt 0.662109375 0.188720703
vt 0.666015625 0.0650024414
vt 0.62890625 0.0650024414
vt 0.62890625 0.109680176
vt 0.62890625 0.109680176
vt 0.62890625 0.0650024414
vt 0.591308594 0.0650024414
vt 0.591308594 0.0650024414
vt 0.62890625 0.0650024414
vt 0.62890625 0.020324707
vt 0.62890625 0.0650024414
vt 0.666015625 0.0650024414
vt 0.62890625 0.020324707
vt 0.662109375 0.209472656
vt 0.679199219 0.209472656
vt 0.662109375 0.230224609
vt 0.662109375 0.209472656
vt 0.662109375 0.230224609
vt 0.645019531 0.209472656
vt 0.662109375 0.209472656
vt 0.645019531 0.209472656
vt 0.662109375 0.188720703
vt 0.662109375 0.209472656
vt 0.662109375 0.188720703
vt 0.679199219 0.209472656
vt 0.666015625 0.0650024414
vt 0.62890625 0.109680176
vt 0.62890625 0.0650024414
vt 0.62890625 0.109680176
vt 0.591308594 0.0650024414
vt 0.62890625 0.0650024414
vt 0.591308594 0.0650024414
vt 0.62890625 0.020324707
vt 0.62890625 0.0650024414
vt 0.62890625 0.0650024414
vt 0.62890625 0.020324707
vt 0.666015625 0.0650024414
vt 0.662109375 0.209472656
vt 0.662109375 0.230224609
vt 0.679199219 0.209472656
vt 0.662109375 0.209472656
vt 0.645019531 0.209472656
vt 0.662109375 0.230224609
vt 0.662109375 0.209472656
vt 0.662109375 0.188720703
vt 0.645019531 0.209472656
vt 0.662109375 0.209472656
vt 0.679199219 0.209472656
vt 0.662109375 0.188720703
vt 0.666015625 0.0650024414
vt 0.62890625 0.0650024414
vt 0.62890625 0.109680176
vt 0.62890625 0.109680176
vt 0.62890625 0.0650024414
vt 0.591308594 0.0650024414
vt 0.591308594 0.0650024414
vt 0.62890625 0.0650024414
vt 0.62890625 0.020324707
vt 0.62890625 0.0650024414
vt 0.666015625 0.0650024414
vt 0.62890625 0.020324707
vt 0.662109375 0.209472656
vt 0.679199219 0.209472656
vt 0.662109375 0.230224609
vt 0.662109375 0.209472656
vt 0.662109375 0.230224609
vt 0.645019531 0.209472656
vt 0.662109375 0.209472656
vt 0.645019531 0.209472656
vt 0.662109375 0.188720703
vt 0.662109375 0.209472656
vt 0.662109375 0.188720703
vt 0.679199219 0.209472656
vt 0.666015625 0.0650024414
vt 0.62890625 0.109680176
vt 0.62890625 0.0650024414
vt 0.62890625 0.109680176
vt 0.591308594 0.0650024414
vt 0.62890625 0.0650024414
vt 0.591308594 0.0650024414
vt 0.62890625 0.020324707
vt 0.62890625 0.0650024414
vt 0.62890625 0.0650024414
vt 0.62890625 0.020324707
vt 0.666015625 0.0650024414
vt 0.662109375 0.209472656
vt 0.662109375 0.230224609
vt 0.679199219 0.209472656
vt 0.662109375 0.209472656
vt 0.645019531 0.209472656
vt 0.662109375 0.230224609
vt 0.662109375 0.209472656
vt 0.662109375 0.188720703
vt 0.645019531 0.209472656
vt 0.662109375 0.209472656
vt 0.679199219 0.209472656
vt 0.662109375 0.188720703
vt 0.666015625 0.0650024414
vt 0.62890625 0.0650024414
vt 0.62890625 0.109680176
vt 0.62890625 0.109680176
vt 0.62890625 0.0650024414
vt 0.591308594 0.0650024414
vt 0.591308594 0.0650024414
vt 0.62890625 0.0650024414
vt 0.62890625 0.020324707
vt 0.62890625 0.0650024414
vt 0.666015625 0.0650024414
vt 0.62890625 0.020324707
vt 0.662109375 0.209472656
vt 0.679199219 0.209472656
vt 0.662109375 0.230224609
vt 0.662109375 0.209472656
vt 0.662109375 0.230224609
vt 0.645019531 0.209472656
vt 0.662109375 0.209472656
vt 0.645019531 0.209472656
vt 0.662109375 0.188720703
vt 0.662109375 0.209472656
vt 0.662109375 0.188720703
vt 0.679199219 0.209472656
vt 0.666015625 0.0650024414
vt 0.62890625 0.109680176
vt 0.62890625 0.0650024414
vt 0.62890625 0.109680176
vt 0.591308594 0.0650024414
vt 0.62890625 0.0650024414
vt 0.591308594 0.0650024414
vt 0.62890625 0.020324707
vt 0.62890625 0.0650024414
vt 0.62890625 0.0650024414
vt 0.62890625 0.020324707
vt 0.666015625 0.0650024414
vt 0.662109375 0.209472656
vt 0.662109375 0.230224609
vt 0.679199219 0.209472656
vt 0.662109375 0.209472656
vt 0.645019531 0.209472656
vt 0.662109375 0.230224609
vt 0.662109375 0.209472656
vt 0.662109375 0.188720703
vt 0.645019531 0.209472656
vt 0.662109375 0.209472656
vt 0.679199219 0.209472656
vt 0.662109375 0.188720703
vt 0.662597656 0.727050781
vt 0.687011719 0.737304688
vt 0.668457031 0.714355469
vt 0.629394531 0.969726562
vt 0.611816406 0.988769531
vt 0.611816406 0.988769531
vt 0.668457031 0.714355469
vt 0.662597656 0.727050781
vt 0.654785156 0.720214844
vt 0.629394531 0.969726562
vt 0.611816406 0.988769531
vt 0.611816406 0.988769531
vt 0.662597656 0.727050781
vt 0.668457031 0.714355469
vt 0.687011719 0.737304688
vt 0.629394531 0.969726562
vt 0.611816406 0.988769531
vt 0.611816406 0.988769531
vt 0.668457031 0.714355469
vt 0.654785156 0.720214844
vt 0.662597656 0.727050781
vt 0.662597656 0.727050781
vt 0.687011719 0.737304688
vt 0.668457031 0.714355469
vt 0.629394531 0.969726562
vt 0.611816406 0.988769531
vt 0.611816406 0.988769531
vt 0.625488281 0.242797852
vt 0.625488281 0.183227539
vt 0.572265625 0.242797852
vt 0.625488281 0.242797852
vt 0.572265625 0.242797852
vt 0.625488281 0.327392578
vt 0.625488281 0.242797852
vt 0.572265625 0.242797852
vt 0.625488281 0.183227539
vt 0.625488281 0.242797852
vt 0.625488281 0.327392578
vt 0.572265625 0.242797852
vt 0.625488281 0.242797852
vt 0.572265625 0.242797852
vt 0.625488281 0.183227539
vt 0.625488281 0.242797852
vt 0.625488281 0.327392578
vt 0.572265625 0.242797852
vt 0.625488281 0.242797852
vt 0.625488281 0.183227539
vt 0.572265625 0.242797852
vt 0.625488281 0.242797852
vt 0.572265625 0.242797852
vt 0.625488281 0.327392578
vt 0.784667969 0.191650391
vt 0.751953125 0.191650391
vt 0.751953125 0.242431641
vt 0.751953125 0.242431641
vt 0.751953125 0.191650391
vt 0.719238281 0.19152832
vt 0.719238281 0.19152832
vt 0.751953125 0.191650391
vt 0.751953125 0.140869141
vt 0.751953125 0.191650391
vt 0.784667969 0.191650391
vt 0.751953125 0.140869141
vt 0.693847656 0.23449707
vt 0.708984375 0.23449707
vt 0.693847656 0.258056641
vt 0.693847656 0.23449707
vt 0.693847656 0.258056641
vt 0.678710938 0.234375
vt 0.693847656 0.23449707
vt 0.678710938 0.234375
vt 0.693847656 0.21081543
vt 0.693847656 0.23449707
vt 0.693847656 0.21081543
vt 0.708984375 0.23449707
vt 0.7421875 0.952636719
vt 0.76171875 0.944335938
vt 0.7421875 0.936523438
vt 0.735351562 0.978515625
vt 0.7421875 0.952636719
vt 0.725097656 0.959472656
vt 0.735351562 0.978515625
vt 0.76171875 0.944335938
vt 0.7421875 0.952636719
vt 0.7421875 0.936523438
vt 0.76171875 0.944335938
vt 0.735351562 0.912109375
vt 0.725097656 0.931640625
vt 0.7421875 0.936523438
vt 0.735351562 0.912109375
vt 0.784667969 0.191650391
vt 0.751953125 0.242431641
vt 0.751953125 0.191650391
vt 0.751953125 0.242431641
vt 0.719238281 0.19152832
vt 0.751953125 0.191650391
vt 0.719238281 0.19152832
vt 0.751953125 0.140869141
vt 0.751953125 0.191650391
vt 0.751953125 0.191650391
vt 0.751953125 0.140869141
vt 0.784667969 0.191650391
vt 0.693847656 0.23449707
vt 0.693847656 0.258056641
vt 0.708984375 0.23449707
vt 0.693847656 0.23449707
vt 0.678710938 0.234375
vt 0.693847656 0.258056641
vt 0.693847656 0.23449707
vt 0.693847656 0.21081543
vt 0.678710938 0.234375
vt 0.693847656 0.23449707
vt 0.708984375 0.23449707
vt 0.693847656 0.21081543
vt 0.7421875 0.952636719
vt 0.7421875 0.936523438
vt 0.76171875 0.944335938
vt 0.735351562 0.978515625
vt 0.725097656 0.959472656
vt 0.7421875 0.952636719
vt 0.735351562 0.978515625
vt 0.7421875 0.952636719
vt 0.76171875 0.944335938
vt 0.7421875 0.936523438
vt 0.735351562 0.912109375
vt 0.76171875 0.944335938
vt 0.725097656 0.931640625
vt 0.735351562 0.912109375
vt 0.7421875 0.936523438
vt 0.784667969 0.191650391
vt 0.751953125 0.242431641
vt 0.751953125 0.191650391
vt 0.751953125 0.242431641
vt 0.719238281 0.19152832
vt 0.751953125 0.191650391
vt 0.719238281 0.19152832
vt 0.751953125 0.140869141
vt 0.751953125 0.191650391
vt 0.751953125 0.191650391
vt 0.751953125 0.140869141
vt 0.784667969 0.191650391
vt 0.693847656 0.23449707
vt 0.693847656 0.258056641
vt 0.708984375 0.23449707
vt 0.693847656 0.23449707
vt 0.678710938 0.234375
vt 0.693847656 0.258056641
vt 0.693847656 0.23449707
vt 0.693847656 0.21081543
vt 0.678710938 0.234375
vt 0.693847656 0.23449707
vt 0.708984375 0.23449707
vt 0.693847656 0.21081543
vt 0.7421875 0.952636719
vt 0.7421875 0.936523438
vt 0.76171875 0.944335938
vt 0.735351562 0.978515625
vt 0.725097656 0.959472656
vt 0.7421875 0.952636719
vt 0.735351562 0.978515625
vt 0.7421875 0.952636719
vt 0.76171875 0.944335938
vt 0.7421875 0.936523438
vt 0.735351562 0.912109375
vt 0.76171875 0.944335938
vt 0.725097656 0.931640625
vt 0.735351562 0.912109375
vt 0.7421875 0.936523438
vt 0.784667969 0.191650391
vt 0.751953125 0.191650391
vt 0.751953125 0.242431641
vt 0.751953125 0.242431641
vt 0.751953125 0.191650391
vt 0.719238281 0.19152832
vt 0.719238281 0.19152832
vt 0.751953125 0.191650391
vt 0.751953125 0.140869141
vt 0.751953125 0.191650391
vt 0.784667969 0.191650391
vt 0.751953125 0.140869141
vt 0.693847656 0.23449707
vt 0.708984375 0.23449707
vt 0.693847656 0.258056641
vt 0.693847656 0.23449707
vt 0.693847656 0.258056641
vt 0.678710938 0.234375
vt 0.693847656 0.23449707
vt 0.678710938 0.234375
vt 0.693847656 0.21081543
vt 0.693847656 0.23449707
vt 0.693847656 0.21081543
vt 0.708984375 0.23449707
vt 0.7421875 0.952636719
vt 0.76171875 0.944335938
vt 0.7421875 0.936523438
vt 0.735351562 0.978515625
vt 0.7421875 0.952636719
vt 0.725097656 0.959472656
vt 0.735351562 0.978515625
vt 0.76171875 0.944335938
vt 0.7421875 0.952636719
vt 0.7421875 0.936523438
vt 0.76171875 0.944335938
vt 0.735351562 0.912109375
vt 0.725097656 0.931640625
vt 0.7421875 0.936523438
vt 0.735351562 0.912109375
vt 0.848144531 0.334960938
vt 0.862304688 0.35546875
vt 0.814453125 0.35546875
vt 0.848144531 0.334960938
vt 0.814453125 0.35546875
vt 0.862304688 0.35546875
vt 0.848144531 0.334960938
vt 0.862304688 0.35546875
vt 0.814453125 0.35546875
vt 0.814453125 0.35546875
vt 0.862304688 0.35546875
vt 0.848144531 0.334960938
vt 0.0425109863 0.806640625
vt 0.163208008 0.806640625
vt 0.102905273 0.922851562
vt 0.102905273 0.922851562
vt 0.0425109863 0.806640625
vt 0.163208008 0.806640625
vt 0.102905273 0.922851562
vt 0.0432434082 0.807128906
vt 0.162475586 0.807128906
vt 0.0425109863 0.806640625
vt 0.163208008 0.806640625
vt 0.102905273 0.922851562
vt 0.102905273 0.922851562
vt 0.0425109863 0.806640625
vt 0.163208008 0.806640625
vt 0.102905273 0.922851562
vt 0.0432434082 0.807128906
vt 0.162475586 0.807128906
vt 0.759277344 0.318847656
vt 0.75 0.340576172
vt 0.762207031 0.338378906
vt 0.748046875 0.322265625
vt 0.736328125 0.323974609
vt 0.736328125 0.342773438
vt 0.720214844 0.342041016
vt 0.723144531 0.324462891
vt 0.7109375 0.322509766
vt 0.704589844 0.339355469
vt 0.699707031 0.317871094
vt 0.688476562 0.333251953
vt 0.684570312 0.305419922
vt 0.669921875 0.306396484
vt 0.711425781 0.293945312
vt 0.697265625 0.288574219
vt 0.694824219 0.292724609
vt 0.692871094 0.296142578
vt 0.699707031 0.317871094
vt 0.689453125 0.300537109
vt 0.684570312 0.305419922
vt 0.7109375 0.322509766
vt 0.723144531 0.324462891
vt 0.717285156 0.294189453
vt 0.723144531 0.294433594
vt 0.73046875 0.29296875
vt 0.737304688 0.291503906
vt 0.736328125 0.323974609
vt 0.753417969 0.283203125
vt 0.748046875 0.322265625
vt 0.759277344 0.318847656
vt 0.765625 0.275634766
vt 0.771972656 0.273681641
vt 0.763183594 0.255615234
vt 0.771972656 0.273681641
vt 0.770019531 0.252685547
vt 0.765625 0.275634766
vt 0.749511719 0.262939453
vt 0.753417969 0.283203125
vt 0.737304688 0.291503906
vt 0.732910156 0.271484375
vt 0.73046875 0.29296875
vt 0.7265625 0.272949219
vt 0.720703125 0.274414062
vt 0.723144531 0.294433594
vt 0.717285156 0.294189453
vt 0.714355469 0.274169922
vt 0.708007812 0.273925781
vt 0.711425781 0.293945312
vt 0.689453125 0.274414062
vt 0.697265625 0.288574219
vt 0.694824219 0.292724609
vt 0.697265625 0.288574219
vt 0.689453125 0.274414062
vt 0.682128906 0.281982422
vt 0.692871094 0.296142578
vt 0.676269531 0.287841797
vt 0.689453125 0.300537109
vt 0.673339844 0.296386719
vt 0.684570312 0.305419922
vt 0.669921875 0.306396484
vt 0.759277344 0.318847656
vt 0.762207031 0.338378906
vt 0.75 0.340576172
vt 0.748046875 0.322265625
vt 0.736328125 0.323974609
vt 0.736328125 0.342773438
vt 0.720214844 0.342041016
vt 0.723144531 0.324462891
vt 0.7109375 0.322509766
vt 0.704589844 0.339355469
vt 0.699707031 0.317871094
vt 0.688476562 0.333251953
vt 0.684570312 0.305419922
vt 0.669921875 0.306396484
vt 0.711425781 0.293945312
vt 0.694824219 0.292724609
vt 0.697265625 0.288574219
vt 0.692871094 0.296142578
vt 0.699707031 0.317871094
vt 0.689453125 0.300537109
vt 0.684570312 0.305419922
vt 0.7109375 0.322509766
vt 0.723144531 0.324462891
vt 0.717285156 0.294189453
vt 0.723144531 0.294433594
vt 0.73046875 0.29296875
vt 0.737304688 0.291503906
vt 0.736328125 0.323974609
vt 0.753417969 0.283203125
vt 0.748046875 0.322265625
vt 0.759277344 0.318847656
vt 0.765625 0.275634766
vt 0.771972656 0.273681641
vt 0.763183594 0.255615234
vt 0.770019531 0.252685547
vt 0.771972656 0.273681641
vt 0.765625 0.275634766
vt 0.749511719 0.262939453
vt 0.753417969 0.283203125
vt 0.737304688 0.291503906
vt 0.732910156 0.271484375
vt 0.73046875 0.29296875
vt 0.7265625 0.272949219
vt 0.720703125 0.274414062
vt 0.723144531 0.294433594
vt 0.717285156 0.294189453
vt 0.714355469 0.274169922
vt 0.708007812 0.273925781
vt 0.711425781 0.293945312
vt 0.689453125 0.274414062
vt 0.697265625 0.288574219
vt 0.694824219 0.292724609
vt 0.689453125 0.274414062
vt 0.697265625 0.288574219
vt 0.682128906 0.281982422
vt 0.692871094 0.296142578
vt 0.676269531 0.287841797
vt 0.689453125 0.300537109
vt 0.673339844 0.296386719
vt 0.684570312 0.305419922
vt 0.669921875 0.306396484
vt 0.759277344 0.318847656
vt 0.762207031 0.338378906
vt 0.75 0.340576172
vt 0.748046875 0.322265625
vt 0.736328125 0.323974609
vt 0.736328125 0.342773438
vt 0.720214844 0.342041016
vt 0.723144531 0.324462891
vt 0.7109375 0.322509766
vt 0.704589844 0.339355469
vt 0.699707031 0.317871094
vt 0.688476562 0.333251953
vt 0.684570312 0.305419922
vt 0.669921875 0.306396484
vt 0.711425781 0.293945312
vt 0.694824219 0.292724609
vt 0.697265625 0.288574219
vt 0.692871094 0.296142578
vt 0.699707031 0.317871094
vt 0.689453125 0.300537109
vt 0.684570312 0.305419922
vt 0.7109375 0.322509766
vt 0.723144531 0.324462891
vt 0.717285156 0.294189453
vt 0.723144531 0.294433594
vt 0.73046875 0.29296875
vt 0.737304688 0.291503906
vt 0.736328125 0.323974609
vt 0.753417969 0.283203125
vt 0.748046875 0.322265625
vt 0.759277344 0.318847656
vt 0.765625 0.275634766
vt 0.771972656 0.273681641
vt 0.763183594 0.255615234
vt 0.770019531 0.252685547
vt 0.771972656 0.273681641
vt 0.765625 0.275634766
vt 0.749511719 0.262939453
vt 0.753417969 0.283203125
vt 0.737304688 0.291503906
vt 0.732910156 0.271484375
vt 0.73046875 0.29296875
vt 0.7265625 0.272949219
vt 0.720703125 0.274414062
vt 0.723144531 0.294433594
vt 0.717285156 0.294189453
vt 0.714355469 0.274169922
vt 0.708007812 0.273925781
vt 0.711425781 0.293945312
vt 0.689453125 0.274414062
vt 0.697265625 0.288574219
vt 0.694824219 0.292724609
vt 0.689453125 0.274414062
vt 0.697265625 0.288574219
vt 0.682128906 0.281982422
vt 0.692871094 0.296142578
vt 0.676269531 0.287841797
vt 0.689453125 0.300537109
vt 0.673339844 0.296386719
vt 0.684570312 0.305419922
vt 0.669921875 0.306396484
vt 0.759277344 0.318847656
vt 0.75 0.340576172
vt 0.762207031 0.338378906
vt 0.748046875 0.322265625
vt 0.736328125 0.323974609
vt 0.736328125 0.342773438
vt 0.720214844 0.342041016
vt 0.723144531 0.324462891
vt 0.7109375 0.322509766
vt 0.704589844 0.339355469
vt 0.699707031 0.317871094
vt 0.688476562 0.333251953
vt 0.684570312 0.305419922
vt 0.669921875 0.306396484
vt 0.711425781 0.293945312
vt 0.697265625 0.288574219
vt 0.694824219 0.292724609
vt 0.692871094 0.296142578
vt 0.699707031 0.317871094
vt 0.689453125 0.300537109
vt 0.684570312 0.305419922
vt 0.7109375 0.322509766
vt 0.723144531 0.324462891
vt 0.717285156 0.294189453
vt 0.723144531 0.294433594
vt 0.73046875 0.29296875
vt 0.737304688 0.291503906
vt 0.736328125 0.323974609
vt 0.753417969 0.283203125
vt 0.748046875 0.322265625
vt 0.759277344 0.318847656
vt 0.765625 0.275634766
vt 0.771972656 0.273681641
vt 0.763183594 0.255615234
vt 0.771972656 0.273681641
vt 0.770019531 0.252685547
vt 0.765625 0.275634766
vt 0.749511719 0.262939453
vt 0.753417969 0.283203125
vt 0.737304688 0.291503906
vt 0.732910156 0.271484375
vt 0.73046875 0.29296875
vt 0.7265625 0.272949219
vt 0.720703125 0.274414062
vt 0.723144531 0.294433594
vt 0.717285156 0.294189453
vt 0.714355469 0.274169922
vt 0.708007812 0.273925781
vt 0.711425781 0.293945312
vt 0.689453125 0.274414062
vt 0.697265625 0.288574219
vt 0.694824219 0.292724609
vt 0.697265625 0.288574219
vt 0.689453125 0.274414062
vt 0.682128906 0.281982422
vt 0.692871094 0.296142578
vt 0.676269531 0.287841797
vt 0.689453125 0.300537109
vt 0.673339844 0.296386719
vt 0.684570312 0.305419922
vt 0.669921875 0.306396484
vt 0.616699219 0.576660156
vt 0.644042969 0.577148438
vt 0.650878906 0.569824219
vt 0.608886719 0.568359375
vt 0.699707031 0.869628906
vt 0.734375 0.851074219
vt 0.728027344 0.838867188
vt 0.692871094 0.854492188
vt 0.722167969 0.823242188
vt 0.687988281 0.837402344
vt 0.682128906 0.814453125
vt 0.715332031 0.801269531
vt 0.713378906 0.775878906
vt 0.674316406 0.791503906
vt 0.716308594 0.764648438
vt 0.66796875 0.786132812
vt 0.600097656 0.583496094
vt 0.616699219 0.576660156
vt 0.608886719 0.568359375
vt 0.593261719 0.571289062
vt 0.687988281 0.880859375
vt 0.699707031 0.869628906
vt 0.692871094 0.854492188
vt 0.679199219 0.860351562
vt 0.687988281 0.837402344
vt 0.676269531 0.840820312
vt 0.671386719 0.818359375
vt 0.682128906 0.814453125
vt 0.674316406 0.791503906
vt 0.662109375 0.797851562
vt 0.66796875 0.786132812
vt 0.655761719 0.790527344
vt 0.657226562 0.749023438
vt 0.654785156 0.720214844
vt 0.64453125 0.748046875
vt 0.662597656 0.727050781
vt 0.668457031 0.714355469
vt 0.575683594 0.685058594
vt 0.608398438 0.654785156
vt 0.600585938 0.653320312
vt 0.588378906 0.620605469
vt 0.563476562 0.685058594
vt 0.571289062 0.651367188
vt 0.559570312 0.649902344
vt 0.575683594 0.685058594
vt 0.573730469 0.711914062
vt 0.561523438 0.711425781
vt 0.561035156 0.73828125
vt 0.573242188 0.73828125
vt 0.561523438 0.769042969
vt 0.573730469 0.768554688
vt 0.564453125 0.805175781
vt 0.576660156 0.804199219
vt 0.568359375 0.841796875
vt 0.580078125 0.83984375
vt 0.586425781 0.870605469
vt 0.574707031 0.873535156
vt 0.5859375 0.913574219
vt 0.597167969 0.909667969
vt 0.6171875 0.952636719
vt 0.596679688 0.937011719
vt 0.579589844 0.959960938
vt 0.58203125 0.96484375
vt 0.576171875 0.977539062
vt 0.595214844 0.975585938
vt 0.611816406 0.988769531
vt 0.629394531 0.969726562
vt 0.659179688 0.925292969
vt 0.667480469 0.939941406
vt 0.597167969 0.909667969
vt 0.641113281 0.890625
vt 0.628417969 0.859863281
vt 0.586425781 0.870605469
vt 0.619140625 0.829589844
vt 0.580078125 0.83984375
vt 0.612792969 0.797851562
vt 0.576660156 0.804199219
vt 0.573730469 0.768554688
vt 0.609863281 0.763183594
vt 0.608886719 0.736816406
vt 0.573242188 0.73828125
vt 0.608886719 0.714355469
vt 0.573730469 0.711914062
vt 0.610839844 0.688964844
vt 0.575683594 0.685058594
vt 0.615234375 0.656738281
vt 0.608398438 0.654785156
vt 0.588378906 0.620605469
vt 0.617675781 0.635253906
vt 0.620117188 0.625976562
vt 0.592285156 0.612304688
vt 0.608886719 0.562988281
vt 0.651367188 0.564453125
vt 0.649414062 0.554199219
vt 0.610839844 0.553710938
vt 0.64453125 0.534667969
vt 0.615234375 0.535644531
vt 0.640625 0.506835938
vt 0.616699219 0.507324219
vt 0.615722656 0.479248047
vt 0.639648438 0.478271484
vt 0.639648438 0.455322266
vt 0.614257812 0.456542969
vt 0.609863281 0.433837891
vt 0.643554688 0.432373047
vt 0.646972656 0.420654297
vt 0.604980469 0.422851562
vt 0.648925781 0.404541016
vt 0.599121094 0.409667969
vt 0.608886719 0.562988281
vt 0.595214844 0.552246094
vt 0.592285156 0.564453125
vt 0.610839844 0.553710938
vt 0.615234375 0.535644531
vt 0.602050781 0.533203125
vt 0.616699219 0.507324219
vt 0.60546875 0.506347656
vt 0.605957031 0.479736328
vt 0.615722656 0.479248047
vt 0.614257812 0.456542969
vt 0.603027344 0.458984375
vt 0.59765625 0.439208984
vt 0.609863281 0.433837891
vt 0.604980469 0.422851562
vt 0.590820312 0.430175781
vt 0.599121094 0.409667969
vt 0.580566406 0.413085938
vt 0.608886719 0.568359375
vt 0.650878906 0.569824219
vt 0.651367188 0.564453125
vt 0.608886719 0.562988281
vt 0.593261719 0.571289062
vt 0.608886719 0.568359375
vt 0.608886719 0.562988281
vt 0.592285156 0.564453125
vt 0.599121094 0.409667969
vt 0.648925781 0.404541016
vt 0.6484375 0.400146484
vt 0.598632812 0.405517578
vt 0.580566406 0.413085938
vt 0.599121094 0.409667969
vt 0.598632812 0.405517578
vt 0.579589844 0.407226562
vt 0.598632812 0.405517578
vt 0.6484375 0.400146484
vt 0.644042969 0.384765625
vt 0.598144531 0.386230469
vt 0.579589844 0.407226562
vt 0.598632812 0.405517578
vt 0.598144531 0.386230469
vt 0.583496094 0.387207031
vt 0.573730469 0.614746094
vt 0.592285156 0.612304688
vt 0.577148438 0.606445312
vt 0.588378906 0.620605469
vt 0.559570312 0.649902344
vt 0.571289062 0.651367188
vt 0.571289062 0.651367188
vt 0.600585938 0.653320312
vt 0.588378906 0.620605469
vt 0.575683594 0.685058594
vt 0.706542969 0.87890625
vt 0.739257812 0.858886719
vt 0.734375 0.851074219
vt 0.699707031 0.869628906
vt 0.706542969 0.87890625
vt 0.699707031 0.869628906
vt 0.687988281 0.880859375
vt 0.697265625 0.887207031
vt 0.66796875 0.786132812
vt 0.716308594 0.764648438
vt 0.713867188 0.758789062
vt 0.666015625 0.780273438
vt 0.655761719 0.790527344
vt 0.66796875 0.786132812
vt 0.666015625 0.780273438
vt 0.652832031 0.783691406
vt 0.713378906 0.752929688
vt 0.666015625 0.780273438
vt 0.713867188 0.758789062
vt 0.666503906 0.770996094
vt 0.710449219 0.736328125
vt 0.687011719 0.737304688
vt 0.662109375 0.758300781
vt 0.710449219 0.708007812
vt 0.662597656 0.727050781
vt 0.657226562 0.749023438
vt 0.682617188 0.711425781
vt 0.712890625 0.688476562
vt 0.686035156 0.688476562
vt 0.689941406 0.665527344
vt 0.715332031 0.668945312
vt 0.719238281 0.645996094
vt 0.694824219 0.641601562
vt 0.698242188 0.622070312
vt 0.72265625 0.626953125
vt 0.732421875 0.58984375
vt 0.708984375 0.583984375
vt 0.7421875 0.557617188
vt 0.717773438 0.553222656
vt 0.727050781 0.523925781
vt 0.752929688 0.527832031
vt 0.666503906 0.770996094
vt 0.652832031 0.783691406
vt 0.666015625 0.780273438
vt 0.65234375 0.7734375
vt 0.662109375 0.758300781
vt 0.648925781 0.760742188
vt 0.657226562 0.749023438
vt 0.64453125 0.748046875
vt 0.668457031 0.714355469
vt 0.687011719 0.737304688
vt 0.682617188 0.711425781
vt 0.670410156 0.708496094
vt 0.673828125 0.685546875
vt 0.686035156 0.688476562
vt 0.677734375 0.663085938
vt 0.689941406 0.665527344
vt 0.694824219 0.641601562
vt 0.682617188 0.639160156
vt 0.686035156 0.619140625
vt 0.698242188 0.622070312
vt 0.696777344 0.580566406
vt 0.708984375 0.583984375
vt 0.717773438 0.553222656
vt 0.706054688 0.549316406
vt 0.715332031 0.520019531
vt 0.727050781 0.523925781
vt 0.752929688 0.527832031
vt 0.75390625 0.561523438
vt 0.764648438 0.531738281
vt 0.7421875 0.557617188
vt 0.744140625 0.593261719
vt 0.732421875 0.58984375
vt 0.72265625 0.626953125
vt 0.734863281 0.629882812
vt 0.731445312 0.647949219
vt 0.719238281 0.645996094
vt 0.727539062 0.670898438
vt 0.715332031 0.668945312
vt 0.712890625 0.688476562
vt 0.725097656 0.689453125
vt 0.72265625 0.708496094
vt 0.710449219 0.708007812
vt 0.723144531 0.734863281
vt 0.710449219 0.736328125
vt 0.713378906 0.752929688
vt 0.725585938 0.749511719
vt 0.713867188 0.758789062
vt 0.727050781 0.75390625
vt 0.634765625 0.630859375
vt 0.620117188 0.625976562
vt 0.617675781 0.635253906
vt 0.631835938 0.639648438
vt 0.615234375 0.656738281
vt 0.627441406 0.659179688
vt 0.610839844 0.688964844
vt 0.622558594 0.690429688
vt 0.608886719 0.714355469
vt 0.620605469 0.71484375
vt 0.62109375 0.736816406
vt 0.608886719 0.736816406
vt 0.609863281 0.763183594
vt 0.622070312 0.762695312
vt 0.612792969 0.797851562
vt 0.624511719 0.796386719
vt 0.630859375 0.826660156
vt 0.619140625 0.829589844
vt 0.628417969 0.859863281
vt 0.640136719 0.855957031
vt 0.65234375 0.885253906
vt 0.641113281 0.890625
vt 0.659179688 0.925292969
vt 0.669921875 0.919433594
vt 0.677734375 0.934082031
vt 0.667480469 0.939941406
vt 0.666503906 0.573242188
vt 0.650878906 0.569824219
vt 0.644042969 0.577148438
vt 0.66015625 0.584472656
vt 0.651367188 0.564453125
vt 0.650878906 0.569824219
vt 0.666503906 0.573242188
vt 0.66796875 0.56640625
vt 0.665039062 0.552734375
vt 0.651367188 0.564453125
vt 0.66796875 0.56640625
vt 0.649414062 0.554199219
vt 0.657714844 0.532226562
vt 0.64453125 0.534667969
vt 0.640625 0.506835938
vt 0.651855469 0.505371094
vt 0.649414062 0.478271484
vt 0.639648438 0.478271484
vt 0.639648438 0.455322266
vt 0.650878906 0.45703125
vt 0.65625 0.436035156
vt 0.643554688 0.432373047
vt 0.662597656 0.424316406
vt 0.646972656 0.420654297
vt 0.668457031 0.403808594
vt 0.648925781 0.404541016
vt 0.667480469 0.397949219
vt 0.6484375 0.400146484
vt 0.648925781 0.404541016
vt 0.668457031 0.403808594
vt 0.644042969 0.384765625
vt 0.6484375 0.400146484
vt 0.667480469 0.397949219
vt 0.657226562 0.380126953
vt 0.750488281 0.849121094
vt 0.734375 0.851074219
vt 0.739257812 0.858886719
vt 0.751464844 0.856933594
vt 0.7421875 0.833496094
vt 0.734375 0.851074219
vt 0.750488281 0.849121094
vt 0.728027344 0.838867188
vt 0.722167969 0.823242188
vt 0.733886719 0.819335938
vt 0.727050781 0.799316406
vt 0.715332031 0.801269531
vt 0.727050781 0.774902344
vt 0.713378906 0.775878906
vt 0.729003906 0.76171875
vt 0.716308594 0.764648438
vt 0.713867188 0.758789062
vt 0.716308594 0.764648438
vt 0.729003906 0.76171875
vt 0.727050781 0.75390625
vt 0.616699219 0.576660156
vt 0.650878906 0.569824219
vt 0.644042969 0.577148438
vt 0.608886719 0.568359375
vt 0.651367188 0.564453125
vt 0.608886719 0.562988281
vt 0.649414062 0.554199219
vt 0.610839844 0.553710938
vt 0.64453125 0.534667969
vt 0.615234375 0.535644531
vt 0.640625 0.506835938
vt 0.616699219 0.507324219
vt 0.615722656 0.479248047
vt 0.639648438 0.478271484
vt 0.639648438 0.455322266
vt 0.614257812 0.456542969
vt 0.609863281 0.433837891
vt 0.643554688 0.432373047
vt 0.646972656 0.420654297
vt 0.604980469 0.422851562
vt 0.648925781 0.404541016
vt 0.599121094 0.409667969
vt 0.699707031 0.869628906
vt 0.728027344 0.838867188
vt 0.734375 0.851074219
vt 0.692871094 0.854492188
vt 0.722167969 0.823242188
vt 0.687988281 0.837402344
vt 0.682128906 0.814453125
vt 0.715332031 0.801269531
vt 0.713378906 0.775878906
vt 0.674316406 0.791503906
vt 0.716308594 0.764648438
vt 0.66796875 0.786132812
vt 0.600097656 0.583496094
vt 0.608886719 0.568359375
vt 0.616699219 0.576660156
vt 0.593261719 0.571289062
vt 0.608886719 0.562988281
vt 0.592285156 0.564453125
vt 0.595214844 0.552246094
vt 0.610839844 0.553710938
vt 0.615234375 0.535644531
vt 0.602050781 0.533203125
vt 0.616699219 0.507324219
vt 0.60546875 0.506347656
vt 0.605957031 0.479736328
vt 0.615722656 0.479248047
vt 0.614257812 0.456542969
vt 0.603027344 0.458984375
vt 0.59765625 0.439208984
vt 0.609863281 0.433837891
vt 0.604980469 0.422851562
vt 0.590820312 0.430175781
vt 0.599121094 0.409667969
vt 0.580566406 0.413085938
vt 0.687988281 0.880859375
vt 0.692871094 0.854492188
vt 0.699707031 0.869628906
vt 0.679199219 0.860351562
vt 0.687988281 0.837402344
vt 0.676269531 0.840820312
vt 0.671386719 0.818359375
vt 0.682128906 0.814453125
vt 0.674316406 0.791503906
vt 0.662109375 0.797851562
vt 0.66796875 0.786132812
vt 0.655761719 0.790527344
vt 0.657226562 0.749023438
vt 0.64453125 0.748046875
vt 0.654785156 0.720214844
vt 0.662597656 0.727050781
vt 0.575683594 0.685058594
vt 0.600585938 0.653320312
vt 0.608398438 0.654785156
vt 0.588378906 0.620605469
vt 0.563476562 0.685058594
vt 0.559570312 0.649902344
vt 0.571289062 0.651367188
vt 0.575683594 0.685058594
vt 0.573730469 0.711914062
vt 0.561523438 0.711425781
vt 0.561035156 0.73828125
vt 0.573242188 0.73828125
vt 0.561523438 0.769042969
vt 0.573730469 0.768554688
vt 0.564453125 0.805175781
vt 0.576660156 0.804199219
vt 0.568359375 0.841796875
vt 0.580078125 0.83984375
vt 0.586425781 0.870605469
vt 0.574707031 0.873535156
vt 0.5859375 0.913574219
vt 0.597167969 0.909667969
vt 0.6171875 0.952636719
vt 0.596679688 0.937011719
vt 0.579589844 0.959960938
vt 0.58203125 0.96484375
vt 0.576171875 0.977539062
vt 0.595214844 0.975585938
vt 0.611816406 0.988769531
vt 0.629394531 0.969726562
vt 0.659179688 0.925292969
vt 0.667480469 0.939941406
vt 0.597167969 0.909667969
vt 0.641113281 0.890625
vt 0.628417969 0.859863281
vt 0.586425781 0.870605469
vt 0.619140625 0.829589844
vt 0.580078125 0.83984375
vt 0.612792969 0.797851562
vt 0.576660156 0.804199219
vt 0.573730469 0.768554688
vt 0.609863281 0.763183594
vt 0.608886719 0.736816406
vt 0.573242188 0.73828125
vt 0.608886719 0.714355469
vt 0.573730469 0.711914062
vt 0.610839844 0.688964844
vt 0.575683594 0.685058594
vt 0.615234375 0.656738281
vt 0.608398438 0.654785156
vt 0.588378906 0.620605469
vt 0.617675781 0.635253906
vt 0.620117188 0.625976562
vt 0.592285156 0.612304688
vt 0.599121094 0.409667969
vt 0.598632812 0.405517578
vt 0.6484375 0.400146484
vt 0.648925781 0.404541016
vt 0.580566406 0.413085938
vt 0.579589844 0.407226562
vt 0.598632812 0.405517578
vt 0.599121094 0.409667969
vt 0.598632812 0.405517578
vt 0.598144531 0.386230469
vt 0.644042969 0.384765625
vt 0.6484375 0.400146484
vt 0.579589844 0.407226562
vt 0.583496094 0.387207031
vt 0.598144531 0.386230469
vt 0.598632812 0.405517578
vt 0.573730469 0.614746094
vt 0.577148438 0.606445312
vt 0.592285156 0.612304688
vt 0.588378906 0.620605469
vt 0.559570312 0.649902344
vt 0.571289062 0.651367188
vt 0.571289062 0.651367188
vt 0.588378906 0.620605469
vt 0.600585938 0.653320312
vt 0.575683594 0.685058594
vt 0.706542969 0.87890625
vt 0.699707031 0.869628906
vt 0.734375 0.851074219
vt 0.739257812 0.858886719
vt 0.706542969 0.87890625
vt 0.697265625 0.887207031
vt 0.687988281 0.880859375
vt 0.699707031 0.869628906
vt 0.66796875 0.786132812
vt 0.666015625 0.780273438
vt 0.713867188 0.758789062
vt 0.716308594 0.764648438
vt 0.655761719 0.790527344
vt 0.652832031 0.783691406
vt 0.666015625 0.780273438
vt 0.66796875 0.786132812
vt 0.713378906 0.752929688
vt 0.713867188 0.758789062
vt 0.666015625 0.780273438
vt 0.666503906 0.770996094
vt 0.710449219 0.736328125
vt 0.687011719 0.737304688
vt 0.710449219 0.708007812
vt 0.682617188 0.711425781
vt 0.712890625 0.688476562
vt 0.686035156 0.688476562
vt 0.689941406 0.665527344
vt 0.715332031 0.668945312
vt 0.719238281 0.645996094
vt 0.694824219 0.641601562
vt 0.698242188 0.622070312
vt 0.72265625 0.626953125
vt 0.732421875 0.58984375
vt 0.708984375 0.583984375
vt 0.7421875 0.557617188
vt 0.717773438 0.553222656
vt 0.727050781 0.523925781
vt 0.752929688 0.527832031
vt 0.668457031 0.714355469
vt 0.670410156 0.708496094
vt 0.673828125 0.685546875
vt 0.686035156 0.688476562
vt 0.677734375 0.663085938
vt 0.689941406 0.665527344
vt 0.694824219 0.641601562
vt 0.682617188 0.639160156
vt 0.686035156 0.619140625
vt 0.698242188 0.622070312
vt 0.696777344 0.580566406
vt 0.708984375 0.583984375
vt 0.717773438 0.553222656
vt 0.706054688 0.549316406
vt 0.715332031 0.520019531
vt 0.727050781 0.523925781
vt 0.662597656 0.727050781
vt 0.662109375 0.758300781
vt 0.657226562 0.749023438
vt 0.648925781 0.760742188
vt 0.64453125 0.748046875
vt 0.65234375 0.7734375
vt 0.652832031 0.783691406
vt 0.666015625 0.780273438
vt 0.752929688 0.527832031
vt 0.764648438 0.531738281
vt 0.75390625 0.561523438
vt 0.7421875 0.557617188
vt 0.744140625 0.593261719
vt 0.732421875 0.58984375
vt 0.72265625 0.626953125
vt 0.734863281 0.629882812
vt 0.731445312 0.647949219
vt 0.719238281 0.645996094
vt 0.727539062 0.670898438
vt 0.715332031 0.668945312
vt 0.712890625 0.688476562
vt 0.725097656 0.689453125
vt 0.72265625 0.708496094
vt 0.710449219 0.708007812
vt 0.723144531 0.734863281
vt 0.710449219 0.736328125
vt 0.713378906 0.752929688
vt 0.725585938 0.749511719
vt 0.713867188 0.758789062
vt 0.727050781 0.75390625
vt 0.634765625 0.630859375
vt 0.617675781 0.635253906
vt 0.620117188 0.625976562
vt 0.631835938 0.639648438
vt 0.615234375 0.656738281
vt 0.627441406 0.659179688
vt 0.610839844 0.688964844
vt 0.622558594 0.690429688
vt 0.608886719 0.714355469
vt 0.620605469 0.71484375
vt 0.62109375 0.736816406
vt 0.608886719 0.736816406
vt 0.609863281 0.763183594
vt 0.622070312 0.762695312
vt 0.612792969 0.797851562
vt 0.624511719 0.796386719
vt 0.630859375 0.826660156
vt 0.619140625 0.829589844
vt 0.628417969 0.859863281
vt 0.640136719 0.855957031
vt 0.65234375 0.885253906
vt 0.641113281 0.890625
vt 0.659179688 0.925292969
vt 0.669921875 0.919433594
vt 0.677734375 0.934082031
vt 0.667480469 0.939941406
vt 0.666503906 0.573242188
vt 0.66015625 0.584472656
vt 0.644042969 0.577148438
vt 0.650878906 0.569824219
vt 0.651367188 0.564453125
vt 0.66796875 0.56640625
vt 0.665039062 0.552734375
vt 0.649414062 0.554199219
vt 0.657714844 0.532226562
vt 0.64453125 0.534667969
vt 0.640625 0.506835938
vt 0.651855469 0.505371094
vt 0.649414062 0.478271484
vt 0.639648438 0.478271484
vt 0.639648438 0.455322266
vt 0.650878906 0.45703125
vt 0.65625 0.436035156
vt 0.643554688 0.432373047
vt 0.662597656 0.424316406
vt 0.646972656 0.420654297
vt 0.668457031 0.403808594
vt 0.648925781 0.404541016
vt 0.667480469 0.397949219
vt 0.668457031 0.403808594
vt 0.648925781 0.404541016
vt 0.6484375 0.400146484
vt 0.644042969 0.384765625
vt 0.657226562 0.380126953
vt 0.667480469 0.397949219
vt 0.6484375 0.400146484
vt 0.750488281 0.849121094
vt 0.751464844 0.856933594
vt 0.739257812 0.858886719
vt 0.734375 0.851074219
vt 0.7421875 0.833496094
vt 0.750488281 0.849121094
vt 0.734375 0.851074219
vt 0.728027344 0.838867188
vt 0.722167969 0.823242188
vt 0.733886719 0.819335938
vt 0.727050781 0.799316406
vt 0.715332031 0.801269531
vt 0.727050781 0.774902344
vt 0.713378906 0.775878906
vt 0.729003906 0.76171875
vt 0.716308594 0.764648438
vt 0.713867188 0.758789062
vt 0.727050781 0.75390625
vt 0.729003906 0.76171875
vt 0.716308594 0.764648438
vt 0.616699219 0.576660156
vt 0.608886719 0.568359375
vt 0.650878906 0.569824219
vt 0.644042969 0.577148438
vt 0.699707031 0.869628906
vt 0.728027344 0.838867188
vt 0.734375 0.851074219
vt 0.692871094 0.854492188
vt 0.722167969 0.823242188
vt 0.687988281 0.837402344
vt 0.682128906 0.814453125
vt 0.715332031 0.801269531
vt 0.713378906 0.775878906
vt 0.674316406 0.791503906
vt 0.716308594 0.764648438
vt 0.66796875 0.786132812
vt 0.600097656 0.583496094
vt 0.593261719 0.571289062
vt 0.608886719 0.568359375
vt 0.616699219 0.576660156
vt 0.687988281 0.880859375
vt 0.692871094 0.854492188
vt 0.699707031 0.869628906
vt 0.679199219 0.860351562
vt 0.687988281 0.837402344
vt 0.676269531 0.840820312
vt 0.671386719 0.818359375
vt 0.682128906 0.814453125
vt 0.674316406 0.791503906
vt 0.662109375 0.797851562
vt 0.66796875 0.786132812
vt 0.655761719 0.790527344
vt 0.657226562 0.749023438
vt 0.64453125 0.748046875
vt 0.654785156 0.720214844
vt 0.662597656 0.727050781
vt 0.668457031 0.714355469
vt 0.575683594 0.685058594
vt 0.600585938 0.653320312
vt 0.608398438 0.654785156
vt 0.588378906 0.620605469
vt 0.563476562 0.685058594
vt 0.559570312 0.649902344
vt 0.571289062 0.651367188
vt 0.575683594 0.685058594
vt 0.573730469 0.711914062
vt 0.561523438 0.711425781
vt 0.561035156 0.73828125
vt 0.573242188 0.73828125
vt 0.561523438 0.769042969
vt 0.573730469 0.768554688
vt 0.564453125 0.805175781
vt 0.576660156 0.804199219
vt 0.568359375 0.841796875
vt 0.580078125 0.83984375
vt 0.586425781 0.870605469
vt 0.574707031 0.873535156
vt 0.5859375 0.913574219
vt 0.597167969 0.909667969
vt 0.6171875 0.952636719
vt 0.596679688 0.937011719
vt 0.579589844 0.959960938
vt 0.58203125 0.96484375
vt 0.576171875 0.977539062
vt 0.595214844 0.975585938
vt 0.611816406 0.988769531
vt 0.629394531 0.969726562
vt 0.659179688 0.925292969
vt 0.667480469 0.939941406
vt 0.597167969 0.909667969
vt 0.641113281 0.890625
vt 0.628417969 0.859863281
vt 0.586425781 0.870605469
vt 0.619140625 0.829589844
vt 0.580078125 0.83984375
vt 0.612792969 0.797851562
vt 0.576660156 0.804199219
vt 0.573730469 0.768554688
vt 0.609863281 0.763183594
vt 0.608886719 0.736816406
vt 0.573242188 0.73828125
vt 0.608886719 0.714355469
vt 0.573730469 0.711914062
vt 0.610839844 0.688964844
vt 0.575683594 0.685058594
vt 0.615234375 0.656738281
vt 0.608398438 0.654785156
vt 0.588378906 0.620605469
vt 0.617675781 0.635253906
vt 0.620117188 0.625976562
vt 0.592285156 0.612304688
vt 0.608886719 0.562988281
vt 0.649414062 0.554199219
vt 0.651367188 0.564453125
vt 0.610839844 0.553710938
vt 0.64453125 0.534667969
vt 0.615234375 0.535644531
vt 0.640625 0.506835938
vt 0.616699219 0.507324219
vt 0.615722656 0.479248047
vt 0.639648438 0.478271484
vt 0.639648438 0.455322266
vt 0.614257812 0.456542969
vt 0.609863281 0.433837891
vt 0.643554688 0.432373047
vt 0.646972656 0.420654297
vt 0.604980469 0.422851562
vt 0.648925781 0.404541016
vt 0.599121094 0.409667969
vt 0.608886719 0.562988281
vt 0.592285156 0.564453125
vt 0.595214844 0.552246094
vt 0.610839844 0.553710938
vt 0.615234375 0.535644531
vt 0.602050781 0.533203125
vt 0.616699219 0.507324219
vt 0.60546875 0.506347656
vt 0.605957031 0.479736328
vt 0.615722656 0.479248047
vt 0.614257812 0.456542969
vt 0.603027344 0.458984375
vt 0.59765625 0.439208984
vt 0.609863281 0.433837891
vt 0.604980469 0.422851562
vt 0.590820312 0.430175781
vt 0.599121094 0.409667969
vt 0.580566406 0.413085938
vt 0.608886719 0.568359375
vt 0.608886719 0.562988281
vt 0.651367188 0.564453125
vt 0.650878906 0.569824219
vt 0.593261719 0.571289062
vt 0.592285156 0.564453125
vt 0.608886719 0.562988281
vt 0.608886719 0.568359375
vt 0.599121094 0.409667969
vt 0.598632812 0.405517578
vt 0.6484375 0.400146484
vt 0.648925781 0.404541016
vt 0.580566406 0.413085938
vt 0.579589844 0.407226562
vt 0.598632812 0.405517578
vt 0.599121094 0.409667969
vt 0.598632812 0.405517578
vt 0.598144531 0.386230469
vt 0.644042969 0.384765625
vt 0.6484375 0.400146484
vt 0.579589844 0.407226562
vt 0.583496094 0.387207031
vt 0.598144531 0.386230469
vt 0.598632812 0.405517578
vt 0.573730469 0.614746094
vt 0.577148438 0.606445312
vt 0.592285156 0.612304688
vt 0.588378906 0.620605469
vt 0.559570312 0.649902344
vt 0.571289062 0.651367188
vt 0.571289062 0.651367188
vt 0.588378906 0.620605469
vt 0.600585938 0.653320312
vt 0.575683594 0.685058594
vt 0.706542969 0.87890625
vt 0.699707031 0.869628906
vt 0.734375 0.851074219
vt 0.739257812 0.858886719
vt 0.706542969 0.87890625
vt 0.697265625 0.887207031
vt 0.687988281 0.880859375
vt 0.699707031 0.869628906
vt 0.66796875 0.786132812
vt 0.666015625 0.780273438
vt 0.713867188 0.758789062
vt 0.716308594 0.764648438
vt 0.655761719 0.790527344
vt 0.652832031 0.783691406
vt 0.666015625 0.780273438
vt 0.66796875 0.786132812
vt 0.713378906 0.752929688
vt 0.713867188 0.758789062
vt 0.666015625 0.780273438
vt 0.666503906 0.770996094
vt 0.710449219 0.736328125
vt 0.687011719 0.737304688
vt 0.662109375 0.758300781
vt 0.710449219 0.708007812
vt 0.662597656 0.727050781
vt 0.657226562 0.749023438
vt 0.682617188 0.711425781
vt 0.712890625 0.688476562
vt 0.686035156 0.688476562
vt 0.689941406 0.665527344
vt 0.715332031 0.668945312
vt 0.719238281 0.645996094
vt 0.694824219 0.641601562
vt 0.698242188 0.622070312
vt 0.72265625 0.626953125
vt 0.732421875 0.58984375
vt 0.708984375 0.583984375
vt 0.7421875 0.557617188
vt 0.717773438 0.553222656
vt 0.727050781 0.523925781
vt 0.752929688 0.527832031
vt 0.666503906 0.770996094
vt 0.666015625 0.780273438
vt 0.652832031 0.783691406
vt 0.65234375 0.7734375
vt 0.662109375 0.758300781
vt 0.648925781 0.760742188
vt 0.657226562 0.749023438
vt 0.64453125 0.748046875
vt 0.668457031 0.714355469
vt 0.682617188 0.711425781
vt 0.687011719 0.737304688
vt 0.670410156 0.708496094
vt 0.673828125 0.685546875
vt 0.686035156 0.688476562
vt 0.677734375 0.663085938
vt 0.689941406 0.665527344
vt 0.694824219 0.641601562
vt 0.682617188 0.639160156
vt 0.686035156 0.619140625
vt 0.698242188 0.622070312
vt 0.696777344 0.580566406
vt 0.708984375 0.583984375
vt 0.717773438 0.553222656
vt 0.706054688 0.549316406
vt 0.715332031 0.520019531
vt 0.727050781 0.523925781
vt 0.752929688 0.527832031
vt 0.764648438 0.531738281
vt 0.75390625 0.561523438
vt 0.7421875 0.557617188
vt 0.744140625 0.593261719
vt 0.732421875 0.58984375
vt 0.72265625 0.626953125
vt 0.734863281 0.629882812
vt 0.731445312 0.647949219
vt 0.719238281 0.645996094
vt 0.727539062 0.670898438
vt 0.715332031 0.668945312
vt 0.712890625 0.688476562
vt 0.725097656 0.689453125
vt 0.72265625 0.708496094
vt 0.710449219 0.708007812
vt 0.723144531 0.734863281
vt 0.710449219 0.736328125
vt 0.713378906 0.752929688
vt 0.725585938 0.749511719
vt 0.713867188 0.758789062
vt 0.727050781 0.75390625
vt 0.634765625 0.630859375
vt 0.617675781 0.635253906
vt 0.620117188 0.625976562
vt 0.631835938 0.639648438
vt 0.615234375 0.656738281
vt 0.627441406 0.659179688
vt 0.610839844 0.688964844
vt 0.622558594 0.690429688
vt 0.608886719 0.714355469
vt 0.620605469 0.71484375
vt 0.62109375 0.736816406
vt 0.608886719 0.736816406
vt 0.609863281 0.763183594
vt 0.622070312 0.762695312
vt 0.612792969 0.797851562
vt 0.624511719 0.796386719
vt 0.630859375 0.826660156
vt 0.619140625 0.829589844
vt 0.628417969 0.859863281
vt 0.640136719 0.855957031
vt 0.65234375 0.885253906
vt 0.641113281 0.890625
vt 0.659179688 0.925292969
vt 0.669921875 0.919433594
vt 0.677734375 0.934082031
vt 0.667480469 0.939941406
vt 0.666503906 0.573242188
vt 0.66015625 0.584472656
vt 0.644042969 0.577148438
vt 0.650878906 0.569824219
vt 0.651367188 0.564453125
vt 0.66796875 0.56640625
vt 0.666503906 0.573242188
vt 0.650878906 0.569824219
vt 0.665039062 0.552734375
vt 0.66796875 0.56640625
vt 0.651367188 0.564453125
vt 0.649414062 0.554199219
vt 0.657714844 0.532226562
vt 0.64453125 0.534667969
vt 0.640625 0.506835938
vt 0.651855469 0.505371094
vt 0.649414062 0.478271484
vt 0.639648438 0.478271484
vt 0.639648438 0.455322266
vt 0.650878906 0.45703125
vt 0.65625 0.436035156
vt 0.643554688 0.432373047
vt 0.662597656 0.424316406
vt 0.646972656 0.420654297
vt 0.668457031 0.403808594
vt 0.648925781 0.404541016
vt 0.667480469 0.397949219
vt 0.668457031 0.403808594
vt 0.648925781 0.404541016
vt 0.6484375 0.400146484
vt 0.644042969 0.384765625
vt 0.657226562 0.380126953
vt 0.667480469 0.397949219
vt 0.6484375 0.400146484
vt 0.750488281 0.849121094
vt 0.751464844 0.856933594
vt 0.739257812 0.858886719
vt 0.734375 0.851074219
vt 0.7421875 0.833496094
vt 0.750488281 0.849121094
vt 0.734375 0.851074219
vt 0.728027344 0.838867188
vt 0.722167969 0.823242188
vt 0.733886719 0.819335938
vt 0.727050781 0.799316406
vt 0.715332031 0.801269531
vt 0.727050781 0.774902344
vt 0.713378906 0.775878906
vt 0.729003906 0.76171875
vt 0.716308594 0.764648438
vt 0.713867188 0.758789062
vt 0.727050781 0.75390625
vt 0.729003906 0.76171875
vt 0.716308594 0.764648438
vt 0.616699219 0.576660156
vt 0.644042969 0.577148438
vt 0.650878906 0.569824219
vt 0.608886719 0.568359375
vt 0.651367188 0.564453125
vt 0.608886719 0.562988281
vt 0.649414062 0.554199219
vt 0.610839844 0.553710938
vt 0.64453125 0.534667969
vt 0.615234375 0.535644531
vt 0.640625 0.506835938
vt 0.616699219 0.507324219
vt 0.615722656 0.479248047
vt 0.639648438 0.478271484
vt 0.639648438 0.455322266
vt 0.614257812 0.456542969
vt 0.609863281 0.433837891
vt 0.643554688 0.432373047
vt 0.646972656 0.420654297
vt 0.604980469 0.422851562
vt 0.648925781 0.404541016
vt 0.599121094 0.409667969
vt 0.699707031 0.869628906
vt 0.734375 0.851074219
vt 0.728027344 0.838867188
vt 0.692871094 0.854492188
vt 0.722167969 0.823242188
vt 0.687988281 0.837402344
vt 0.682128906 0.814453125
vt 0.715332031 0.801269531
vt 0.713378906 0.775878906
vt 0.674316406 0.791503906
vt 0.716308594 0.764648438
vt 0.66796875 0.786132812
vt 0.600097656 0.583496094
vt 0.616699219 0.576660156
vt 0.608886719 0.568359375
vt 0.593261719 0.571289062
vt 0.608886719 0.562988281
vt 0.592285156 0.564453125
vt 0.595214844 0.552246094
vt 0.610839844 0.553710938
vt 0.615234375 0.535644531
vt 0.602050781 0.533203125
vt 0.616699219 0.507324219
vt 0.60546875 0.506347656
vt 0.605957031 0.479736328
vt 0.615722656 0.479248047
vt 0.614257812 0.456542969
vt 0.603027344 0.458984375
vt 0.59765625 0.439208984
vt 0.609863281 0.433837891
vt 0.604980469 0.422851562
vt 0.590820312 0.430175781
vt 0.599121094 0.409667969
vt 0.580566406 0.413085938
vt 0.687988281 0.880859375
vt 0.699707031 0.869628906
vt 0.692871094 0.854492188
vt 0.679199219 0.860351562
vt 0.687988281 0.837402344
vt 0.676269531 0.840820312
vt 0.671386719 0.818359375
vt 0.682128906 0.814453125
vt 0.674316406 0.791503906
vt 0.662109375 0.797851562
vt 0.66796875 0.786132812
vt 0.655761719 0.790527344
vt 0.657226562 0.749023438
vt 0.662597656 0.727050781
vt 0.654785156 0.720214844
vt 0.64453125 0.748046875
vt 0.575683594 0.685058594
vt 0.608398438 0.654785156
vt 0.600585938 0.653320312
vt 0.588378906 0.620605469
vt 0.563476562 0.685058594
vt 0.571289062 0.651367188
vt 0.559570312 0.649902344
vt 0.575683594 0.685058594
vt 0.573730469 0.711914062
vt 0.561523438 0.711425781
vt 0.561035156 0.73828125
vt 0.573242188 0.73828125
vt 0.561523438 0.769042969
vt 0.573730469 0.768554688
vt 0.564453125 0.805175781
vt 0.576660156 0.804199219
vt 0.568359375 0.841796875
vt 0.580078125 0.83984375
vt 0.586425781 0.870605469
vt 0.574707031 0.873535156
vt 0.5859375 0.913574219
vt 0.597167969 0.909667969
vt 0.6171875 0.952636719
vt 0.596679688 0.937011719
vt 0.579589844 0.959960938
vt 0.58203125 0.96484375
vt 0.576171875 0.977539062
vt 0.595214844 0.975585938
vt 0.611816406 0.988769531
vt 0.629394531 0.969726562
vt 0.659179688 0.925292969
vt 0.667480469 0.939941406
vt 0.597167969 0.909667969
vt 0.641113281 0.890625
vt 0.628417969 0.859863281
vt 0.586425781 0.870605469
vt 0.619140625 0.829589844
vt 0.580078125 0.83984375
vt 0.612792969 0.797851562
vt 0.576660156 0.804199219
vt 0.573730469 0.768554688
vt 0.609863281 0.763183594
vt 0.608886719 0.736816406
vt 0.573242188 0.73828125
vt 0.608886719 0.714355469
vt 0.573730469 0.711914062
vt 0.610839844 0.688964844
vt 0.575683594 0.685058594
vt 0.615234375 0.656738281
vt 0.608398438 0.654785156
vt 0.588378906 0.620605469
vt 0.617675781 0.635253906
vt 0.620117188 0.625976562
vt 0.592285156 0.612304688
vt 0.599121094 0.409667969
vt 0.648925781 0.404541016
vt 0.6484375 0.400146484
vt 0.598632812 0.405517578
vt 0.580566406 0.413085938
vt 0.599121094 0.409667969
vt 0.598632812 0.405517578
vt 0.579589844 0.407226562
vt 0.598632812 0.405517578
vt 0.6484375 0.400146484
vt 0.644042969 0.384765625
vt 0.598144531 0.386230469
vt 0.579589844 0.407226562
vt 0.598632812 0.405517578
vt 0.598144531 0.386230469
vt 0.583496094 0.387207031
vt 0.573730469 0.614746094
vt 0.592285156 0.612304688
vt 0.577148438 0.606445312
vt 0.588378906 0.620605469
vt 0.559570312 0.649902344
vt 0.571289062 0.651367188
vt 0.571289062 0.651367188
vt 0.600585938 0.653320312
vt 0.588378906 0.620605469
vt 0.575683594 0.685058594
vt 0.706542969 0.87890625
vt 0.739257812 0.858886719
vt 0.734375 0.851074219
vt 0.699707031 0.869628906
vt 0.706542969 0.87890625
vt 0.699707031 0.869628906
vt 0.687988281 0.880859375
vt 0.697265625 0.887207031
vt 0.66796875 0.786132812
vt 0.716308594 0.764648438
vt 0.713867188 0.758789062
vt 0.666015625 0.780273438
vt 0.655761719 0.790527344
vt 0.66796875 0.786132812
vt 0.666015625 0.780273438
vt 0.652832031 0.783691406
vt 0.713378906 0.752929688
vt 0.666015625 0.780273438
vt 0.713867188 0.758789062
vt 0.666503906 0.770996094
vt 0.710449219 0.736328125
vt 0.687011719 0.737304688
vt 0.710449219 0.708007812
vt 0.682617188 0.711425781
vt 0.712890625 0.688476562
vt 0.686035156 0.688476562
vt 0.689941406 0.665527344
vt 0.715332031 0.668945312
vt 0.719238281 0.645996094
vt 0.694824219 0.641601562
vt 0.698242188 0.622070312
vt 0.72265625 0.626953125
vt 0.732421875 0.58984375
vt 0.708984375 0.583984375
vt 0.7421875 0.557617188
vt 0.717773438 0.553222656
vt 0.727050781 0.523925781
vt 0.752929688 0.527832031
vt 0.652832031 0.783691406
vt 0.666015625 0.780273438
vt 0.65234375 0.7734375
vt 0.662109375 0.758300781
vt 0.662597656 0.727050781
vt 0.648925781 0.760742188
vt 0.657226562 0.749023438
vt 0.64453125 0.748046875
vt 0.668457031 0.714355469
vt 0.687011719 0.737304688
vt 0.682617188 0.711425781
vt 0.670410156 0.708496094
vt 0.673828125 0.685546875
vt 0.686035156 0.688476562
vt 0.677734375 0.663085938
vt 0.689941406 0.665527344
vt 0.694824219 0.641601562
vt 0.682617188 0.639160156
vt 0.686035156 0.619140625
vt 0.698242188 0.622070312
vt 0.696777344 0.580566406
vt 0.708984375 0.583984375
vt 0.717773438 0.553222656
vt 0.706054688 0.549316406
vt 0.715332031 0.520019531
vt 0.727050781 0.523925781
vt 0.752929688 0.527832031
vt 0.75390625 0.561523438
vt 0.764648438 0.531738281
vt 0.7421875 0.557617188
vt 0.744140625 0.593261719
vt 0.732421875 0.58984375
vt 0.72265625 0.626953125
vt 0.734863281 0.629882812
vt 0.731445312 0.647949219
vt 0.719238281 0.645996094
vt 0.727539062 0.670898438
vt 0.715332031 0.668945312
vt 0.712890625 0.688476562
vt 0.725097656 0.689453125
vt 0.72265625 0.708496094
vt 0.710449219 0.708007812
vt 0.723144531 0.734863281
vt 0.710449219 0.736328125
vt 0.713378906 0.752929688
vt 0.725585938 0.749511719
vt 0.713867188 0.758789062
vt 0.727050781 0.75390625
vt 0.634765625 0.630859375
vt 0.620117188 0.625976562
vt 0.617675781 0.635253906
vt 0.631835938 0.639648438
vt 0.615234375 0.656738281
vt 0.627441406 0.659179688
vt 0.610839844 0.688964844
vt 0.622558594 0.690429688
vt 0.608886719 0.714355469
vt 0.620605469 0.71484375
vt 0.62109375 0.736816406
vt 0.608886719 0.736816406
vt 0.609863281 0.763183594
vt 0.622070312 0.762695312
vt 0.612792969 0.797851562
vt 0.624511719 0.796386719
vt 0.630859375 0.826660156
vt 0.619140625 0.829589844
vt 0.628417969 0.859863281
vt 0.640136719 0.855957031
vt 0.65234375 0.885253906
vt 0.641113281 0.890625
vt 0.659179688 0.925292969
vt 0.669921875 0.919433594
vt 0.677734375 0.934082031
vt 0.667480469 0.939941406
vt 0.666503906 0.573242188
vt 0.644042969 0.577148438
vt 0.66015625 0.584472656
vt 0.650878906 0.569824219
vt 0.651367188 0.564453125
vt 0.66796875 0.56640625
vt 0.665039062 0.552734375
vt 0.649414062 0.554199219
vt 0.657714844 0.532226562
vt 0.64453125 0.534667969
vt 0.640625 0.506835938
vt 0.651855469 0.505371094
vt 0.649414062 0.478271484
vt 0.639648438 0.478271484
vt 0.639648438 0.455322266
vt 0.650878906 0.45703125
vt 0.65625 0.436035156
vt 0.643554688 0.432373047
vt 0.662597656 0.424316406
vt 0.646972656 0.420654297
vt 0.668457031 0.403808594
vt 0.648925781 0.404541016
vt 0.667480469 0.397949219
vt 0.6484375 0.400146484
vt 0.648925781 0.404541016
vt 0.668457031 0.403808594
vt 0.644042969 0.384765625
vt 0.6484375 0.400146484
vt 0.667480469 0.397949219
vt 0.657226562 0.380126953
vt 0.750488281 0.849121094
vt 0.734375 0.851074219
vt 0.739257812 0.858886719
vt 0.751464844 0.856933594
vt 0.7421875 0.833496094
vt 0.734375 0.851074219
vt 0.750488281 0.849121094
vt 0.728027344 0.838867188
vt 0.722167969 0.823242188
vt 0.733886719 0.819335938
vt 0.727050781 0.799316406
vt 0.715332031 0.801269531
vt 0.727050781 0.774902344
vt 0.713378906 0.775878906
vt 0.729003906 0.76171875
vt 0.716308594 0.764648438
vt 0.713867188 0.758789062
vt 0.716308594 0.764648438
vt 0.729003906 0.76171875
vt 0.727050781 0.75390625
vt 0.759765625 0.489746094
vt 0.76953125 0.489746094
vt 0.76953125 0.482177734
vt 0.74609375 0.479003906
vt 0.754394531 0.470458984
vt 0.729492188 0.445068359
vt 0.721191406 0.454101562
vt 0.708984375 0.437988281
vt 0.718261719 0.430664062
vt 0.709960938 0.421142578
vt 0.721191406 0.406982422
vt 0.729492188 0.415039062
vt 0.754394531 0.390625
vt 0.74609375 0.382324219
vt 0.759765625 0.371337891
vt 0.76953125 0.37890625
vt 0.76953125 0.371337891
vt 0.758789062 0.365234375
vt 0.76953125 0.371337891
vt 0.76953125 0.365234375
vt 0.759765625 0.371337891
vt 0.74609375 0.382324219
vt 0.7421875 0.378417969
vt 0.717285156 0.403320312
vt 0.721191406 0.406982422
vt 0.709960938 0.421142578
vt 0.704101562 0.420166016
vt 0.702636719 0.438720703
vt 0.708984375 0.437988281
vt 0.721191406 0.454101562
vt 0.717285156 0.457763672
vt 0.7421875 0.482666016
vt 0.74609375 0.479003906
vt 0.759765625 0.489746094
vt 0.758789062 0.495849609
vt 0.76953125 0.495849609
vt 0.76953125 0.489746094
vt 0.754394531 0.470458984
vt 0.76953125 0.482177734
vt 0.76953125 0.37890625
vt 0.754394531 0.390625
vt 0.729492188 0.445068359
vt 0.729492188 0.415039062
vt 0.718261719 0.430664062
vt 0.803222656 0.174804688
vt 0.803222656 0.170288086
vt 0.819824219 0.174926758
vt 0.80859375 0.163452148
vt 0.818847656 0.153442383
vt 0.830078125 0.175048828
vt 0.827148438 0.147338867
vt 0.834960938 0.148071289
vt 0.841796875 0.153686523
vt 0.852050781 0.1640625
vt 0.840332031 0.175170898
vt 0.857421875 0.171020508
vt 0.856933594 0.175415039
vt 0.759765625 0.489746094
vt 0.76953125 0.482177734
vt 0.76953125 0.489746094
vt 0.74609375 0.479003906
vt 0.754394531 0.470458984
vt 0.729492188 0.445068359
vt 0.721191406 0.454101562
vt 0.708984375 0.437988281
vt 0.718261719 0.430664062
vt 0.709960938 0.421142578
vt 0.721191406 0.406982422
vt 0.729492188 0.415039062
vt 0.754394531 0.390625
vt 0.74609375 0.382324219
vt 0.759765625 0.371337891
vt 0.76953125 0.37890625
vt 0.76953125 0.371337891
vt 0.758789062 0.365234375
vt 0.76953125 0.365234375
vt 0.76953125 0.371337891
vt 0.759765625 0.371337891
vt 0.74609375 0.382324219
vt 0.7421875 0.378417969
vt 0.717285156 0.403320312
vt 0.721191406 0.406982422
vt 0.709960938 0.421142578
vt 0.704101562 0.420166016
vt 0.702636719 0.438720703
vt 0.708984375 0.437988281
vt 0.721191406 0.454101562
vt 0.717285156 0.457763672
vt 0.7421875 0.482666016
vt 0.74609375 0.479003906
vt 0.759765625 0.489746094
vt 0.758789062 0.495849609
vt 0.76953125 0.495849609
vt 0.76953125 0.489746094
vt 0.754394531 0.470458984
vt 0.76953125 0.37890625
vt 0.76953125 0.482177734
vt 0.754394531 0.390625
vt 0.729492188 0.445068359
vt 0.729492188 0.415039062
vt 0.718261719 0.430664062
vt 0.803222656 0.174804688
vt 0.819824219 0.174926758
vt 0.803222656 0.170288086
vt 0.80859375 0.163452148
vt 0.818847656 0.153442383
vt 0.830078125 0.175048828
vt 0.827148438 0.147338867
vt 0.834960938 0.148071289
vt 0.841796875 0.153686523
vt 0.852050781 0.1640625
vt 0.840332031 0.175170898
vt 0.857421875 0.171020508
vt 0.856933594 0.175415039
vt 0.759765625 0.489746094
vt 0.76953125 0.482177734
vt 0.76953125 0.489746094
vt 0.74609375 0.479003906
vt 0.754394531 0.470458984
vt 0.729492188 0.445068359
vt 0.721191406 0.454101562
vt 0.708984375 0.437988281
vt 0.718261719 0.430664062
vt 0.709960938 0.421142578
vt 0.721191406 0.406982422
vt 0.729492188 0.415039062
vt 0.754394531 0.390625
vt 0.74609375 0.382324219
vt 0.759765625 0.371337891
vt 0.76953125 0.37890625
vt 0.76953125 0.371337891
vt 0.758789062 0.365234375
vt 0.76953125 0.365234375
vt 0.76953125 0.371337891
vt 0.759765625 0.371337891
vt 0.74609375 0.382324219
vt 0.7421875 0.378417969
vt 0.717285156 0.403320312
vt 0.721191406 0.406982422
vt 0.709960938 0.421142578
vt 0.704101562 0.420166016
vt 0.702636719 0.438720703
vt 0.708984375 0.437988281
vt 0.721191406 0.454101562
vt 0.717285156 0.457763672
vt 0.7421875 0.482666016
vt 0.74609375 0.479003906
vt 0.759765625 0.489746094
vt 0.758789062 0.495849609
vt 0.76953125 0.495849609
vt 0.76953125 0.489746094
vt 0.754394531 0.470458984
vt 0.76953125 0.37890625
vt 0.76953125 0.482177734
vt 0.754394531 0.390625
vt 0.729492188 0.445068359
vt 0.729492188 0.415039062
vt 0.718261719 0.430664062
vt 0.803222656 0.174804688
vt 0.819824219 0.174926758
vt 0.803222656 0.170288086
vt 0.80859375 0.163452148
vt 0.818847656 0.153442383
vt 0.830078125 0.175048828
vt 0.827148438 0.147338867
vt 0.834960938 0.148071289
vt 0.841796875 0.153686523
vt 0.852050781 0.1640625
vt 0.840332031 0.175170898
vt 0.857421875 0.171020508
vt 0.856933594 0.175415039
vt 0.759765625 0.489746094
vt 0.76953125 0.489746094
vt 0.76953125 0.482177734
vt 0.74609375 0.479003906
vt 0.754394531 0.470458984
vt 0.729492188 0.445068359
vt 0.721191406 0.454101562
vt 0.708984375 0.437988281
vt 0.718261719 0.430664062
vt 0.709960938 0.421142578
vt 0.721191406 0.406982422
vt 0.729492188 0.415039062
vt 0.754394531 0.390625
vt 0.74609375 0.382324219
vt 0.759765625 0.371337891
vt 0.76953125 0.37890625
vt 0.76953125 0.371337891
vt 0.758789062 0.365234375
vt 0.76953125 0.371337891
vt 0.76953125 0.365234375
vt 0.759765625 0.371337891
vt 0.74609375 0.382324219
vt 0.7421875 0.378417969
vt 0.717285156 0.403320312
vt 0.721191406 0.406982422
vt 0.709960938 0.421142578
vt 0.704101562 0.420166016
vt 0.702636719 0.438720703
vt 0.708984375 0.437988281
vt 0.721191406 0.454101562
vt 0.717285156 0.457763672
vt 0.7421875 0.482666016
vt 0.74609375 0.479003906
vt 0.759765625 0.489746094
vt 0.758789062 0.495849609
vt 0.76953125 0.495849609
vt 0.76953125 0.489746094
vt 0.754394531 0.470458984
vt 0.76953125 0.482177734
vt 0.76953125 0.37890625
vt 0.754394531 0.390625
vt 0.729492188 0.445068359
vt 0.729492188 0.415039062
vt 0.718261719 0.430664062
vt 0.803222656 0.174804688
vt 0.803222656 0.170288086
vt 0.819824219 0.174926758
vt 0.80859375 0.163452148
vt 0.818847656 0.153442383
vt 0.830078125 0.175048828
vt 0.827148438 0.147338867
vt 0.834960938 0.148071289
vt 0.841796875 0.153686523
vt 0.852050781 0.1640625
vt 0.840332031 0.175170898
vt 0.857421875 0.171020508
vt 0.856933594 0.175415039
vt 0.725097656 0.959472656
vt 0.7421875 0.952636719
vt 0.7421875 0.936523438
vt 0.725097656 0.931640625
vt 0.735351562 0.912109375
vt 0.705566406 0.912109375
vt 0.705566406 0.931640625
vt 0.725097656 0.931640625
vt 0.705566406 0.959472656
vt 0.725097656 0.959472656
vt 0.725097656 0.931640625
vt 0.705566406 0.931640625
vt 0.705566406 0.978515625
vt 0.735351562 0.978515625
vt 0.725097656 0.959472656
vt 0.705566406 0.959472656
vt 0.748535156 0.782714844
vt 0.769042969 0.806152344
vt 0.748535156 0.806152344
vt 0.769042969 0.782714844
vt 0.748535156 0.760253906
vt 0.769042969 0.760253906
vt 0.725097656 0.959472656
vt 0.725097656 0.931640625
vt 0.7421875 0.936523438
vt 0.7421875 0.952636719
vt 0.735351562 0.912109375
vt 0.725097656 0.931640625
vt 0.705566406 0.931640625
vt 0.705566406 0.912109375
vt 0.705566406 0.959472656
vt 0.705566406 0.931640625
vt 0.725097656 0.931640625
vt 0.725097656 0.959472656
vt 0.705566406 0.978515625
vt 0.705566406 0.959472656
vt 0.725097656 0.959472656
vt 0.735351562 0.978515625
vt 0.748535156 0.782714844
vt 0.748535156 0.806152344
vt 0.769042969 0.806152344
vt 0.769042969 0.782714844
vt 0.748535156 0.760253906
vt 0.769042969 0.760253906
vt 0.725097656 0.959472656
vt 0.725097656 0.931640625
vt 0.7421875 0.936523438
vt 0.7421875 0.952636719
vt 0.735351562 0.912109375
vt 0.725097656 0.931640625
vt 0.705566406 0.931640625
vt 0.705566406 0.912109375
vt 0.705566406 0.959472656
vt 0.705566406 0.931640625
vt 0.725097656 0.931640625
vt 0.725097656 0.959472656
vt 0.705566406 0.978515625
vt 0.705566406 0.959472656
vt 0.725097656 0.959472656
vt 0.735351562 0.978515625
vt 0.748535156 0.782714844
vt 0.748535156 0.806152344
vt 0.769042969 0.806152344
vt 0.769042969 0.782714844
vt 0.748535156 0.760253906
vt 0.769042969 0.760253906
vt 0.725097656 0.959472656
vt 0.7421875 0.952636719
vt 0.7421875 0.936523438
vt 0.725097656 0.931640625
vt 0.735351562 0.912109375
vt 0.705566406 0.912109375
vt 0.705566406 0.931640625
vt 0.725097656 0.931640625
vt 0.705566406 0.959472656
vt 0.725097656 0.959472656
vt 0.725097656 0.931640625
vt 0.705566406 0.931640625
vt 0.705566406 0.978515625
vt 0.735351562 0.978515625
vt 0.725097656 0.959472656
vt 0.705566406 0.959472656
vt 0.748535156 0.782714844
vt 0.769042969 0.806152344
vt 0.748535156 0.806152344
vt 0.769042969 0.782714844
vt 0.748535156 0.760253906
vt 0.769042969 0.760253906
vt 0.659667969 0.119567871
vt 0.642089844 0.123291016
vt 0.646972656 0.132324219
vt 0.662597656 0.125488281
vt 0.666015625 0.130981445
vt 0.651855469 0.141357422
vt 0.658203125 0.14831543
vt 0.666503906 0.141601562
vt 0.671386719 0.135253906
vt 0.674804688 0.139526367
vt 0.671875 0.147094727
vt 0.664550781 0.155273438
vt 0.679199219 0.140014648
vt 0.674804688 0.159179688
vt 0.677734375 0.148925781
vt 0.68359375 0.140380859
vt 0.684082031 0.150634766
vt 0.684570312 0.163085938
vt 0.690429688 0.138305664
vt 0.6953125 0.161743164
vt 0.6953125 0.147338867
vt 0.696777344 0.136230469
vt 0.706542969 0.144042969
vt 0.706054688 0.160522461
vt 0.721191406 0.14831543
vt 0.701660156 0.127563477
vt 0.716308594 0.135009766
vt 0.728027344 0.139282227
vt 0.7265625 0.125976562
vt 0.734863281 0.130249023
vt 0.704101562 0.1171875
vt 0.744140625 0.12310791
vt 0.744140625 0.119018555
vt 0.768554688 0.125976562
vt 0.768554688 0.121887207
vt 0.693847656 0.103149414
vt 0.768554688 0.0803833008
vt 0.689941406 0.081237793
vt 0.750488281 0.0618896484
vt 0.7109375 0.0539245605
vt 0.693359375 0.0585021973
vt 0.705566406 0.0391540527
vt 0.712890625 0.0368652344
vt 0.719726562 0.0346069336
vt 0.723632812 0.0406494141
vt 0.727050781 0.0467224121
vt 0.733886719 0.0494689941
vt 0.740234375 0.0521850586
vt 0.747558594 0.0492248535
vt 0.754882812 0.0462341309
vt 0.76171875 0.0411071777
vt 0.768554688 0.0360107422
vt 0.671386719 0.11706543
vt 0.659667969 0.119567871
vt 0.662597656 0.125488281
vt 0.673339844 0.122009277
vt 0.674804688 0.126953125
vt 0.666015625 0.130981445
vt 0.671386719 0.135253906
vt 0.677734375 0.129516602
vt 0.680175781 0.132080078
vt 0.674804688 0.139526367
vt 0.679199219 0.140014648
vt 0.683105469 0.132446289
vt 0.686035156 0.1328125
vt 0.68359375 0.140380859
vt 0.690429688 0.138305664
vt 0.690429688 0.130615234
vt 0.694335938 0.128295898
vt 0.696777344 0.136230469
vt 0.701660156 0.127563477
vt 0.696289062 0.123535156
vt 0.704101562 0.1171875
vt 0.697753906 0.118835449
vt 0.690429688 0.11138916
vt 0.693847656 0.103149414
vt 0.682617188 0.104003906
vt 0.689941406 0.081237793
vt 0.678710938 0.081237793
vt 0.693359375 0.0585021973
vt 0.681152344 0.0583190918
vt 0.694335938 0.0394287109
vt 0.705566406 0.0391540527
vt 0.699707031 0.0313415527
vt 0.714355469 0.0262451172
vt 0.712890625 0.0368652344
vt 0.719726562 0.0346069336
vt 0.729003906 0.0211639404
vt 0.723632812 0.0406494141
vt 0.734375 0.0326843262
vt 0.727050781 0.0467224121
vt 0.737792969 0.0345153809
vt 0.733886719 0.0494689941
vt 0.740234375 0.0521850586
vt 0.740722656 0.0363464355
vt 0.748535156 0.0356750488
vt 0.747558594 0.0492248535
vt 0.754882812 0.0462341309
vt 0.756347656 0.0350036621
vt 0.762207031 0.0296173096
vt 0.76171875 0.0411071777
vt 0.768554688 0.0360107422
vt 0.768554688 0.024230957
vt 0.600097656 0.119567871
vt 0.61328125 0.132324219
vt 0.618164062 0.123291016
vt 0.59765625 0.125488281
vt 0.594238281 0.130981445
vt 0.608398438 0.141357422
vt 0.602050781 0.14831543
vt 0.59375 0.141601562
vt 0.588867188 0.135253906
vt 0.585449219 0.139526367
vt 0.588378906 0.147094727
vt 0.595703125 0.155273438
vt 0.581054688 0.140014648
vt 0.585449219 0.159179688
vt 0.582519531 0.148925781
vt 0.576171875 0.140380859
vt 0.576171875 0.150634766
vt 0.575195312 0.163085938
vt 0.569824219 0.138305664
vt 0.564453125 0.161743164
vt 0.564941406 0.147338867
vt 0.563476562 0.136230469
vt 0.553710938 0.144042969
vt 0.553710938 0.160522461
vt 0.538574219 0.14831543
vt 0.558105469 0.127563477
vt 0.543945312 0.135009766
vt 0.532226562 0.139282227
vt 0.533691406 0.125976562
vt 0.525390625 0.130249023
vt 0.556152344 0.1171875
vt 0.516113281 0.12310791
vt 0.516113281 0.119018555
vt 0.491699219 0.125976562
vt 0.491699219 0.121887207
vt 0.565917969 0.103149414
vt 0.491699219 0.0803833008
vt 0.5703125 0.081237793
vt 0.509765625 0.0618896484
vt 0.549316406 0.0539245605
vt 0.566894531 0.0585021973
vt 0.5546875 0.0391540527
vt 0.547363281 0.0368652344
vt 0.540039062 0.0346069336
vt 0.536621094 0.0406494141
vt 0.532714844 0.0467224121
vt 0.526367188 0.0494689941
vt 0.520019531 0.0521850586
vt 0.512695312 0.0492248535
vt 0.504882812 0.0462341309
vt 0.498535156 0.0411071777
vt 0.491699219 0.0360107422
vt 0.588867188 0.11706543
vt 0.59765625 0.125488281
vt 0.600097656 0.119567871
vt 0.586914062 0.122009277
vt 0.585449219 0.126953125
vt 0.594238281 0.130981445
vt 0.588867188 0.135253906
vt 0.582519531 0.129516602
vt 0.580078125 0.132080078
vt 0.585449219 0.139526367
vt 0.581054688 0.140014648
vt 0.576660156 0.132446289
vt 0.573730469 0.1328125
vt 0.576171875 0.140380859
vt 0.569824219 0.138305664
vt 0.569824219 0.130615234
vt 0.565429688 0.128295898
vt 0.563476562 0.136230469
vt 0.558105469 0.127563477
vt 0.563964844 0.123535156
vt 0.556152344 0.1171875
vt 0.5625 0.118835449
vt 0.569824219 0.11138916
vt 0.565917969 0.103149414
vt 0.577148438 0.104003906
vt 0.5703125 0.081237793
vt 0.581542969 0.081237793
vt 0.566894531 0.0585021973
vt 0.579101562 0.0583190918
vt 0.565917969 0.0394287109
vt 0.5546875 0.0391540527
vt 0.560546875 0.0313415527
vt 0.545898438 0.0262451172
vt 0.547363281 0.0368652344
vt 0.540039062 0.0346069336
vt 0.53125 0.0211639404
vt 0.536621094 0.0406494141
vt 0.525390625 0.0326843262
vt 0.532714844 0.0467224121
vt 0.522460938 0.0345153809
vt 0.526367188 0.0494689941
vt 0.520019531 0.0521850586
vt 0.51953125 0.0363464355
vt 0.51171875 0.0356750488
vt 0.512695312 0.0492248535
vt 0.504882812 0.0462341309
vt 0.50390625 0.0350036621
vt 0.497802734 0.0296173096
vt 0.498535156 0.0411071777
vt 0.491699219 0.0360107422
vt 0.491699219 0.024230957
vt 0.659667969 0.119567871
vt 0.646972656 0.132324219
vt 0.642089844 0.123291016
vt 0.662597656 0.125488281
vt 0.666015625 0.130981445
vt 0.651855469 0.141357422
vt 0.658203125 0.14831543
vt 0.666503906 0.141601562
vt 0.671386719 0.135253906
vt 0.674804688 0.139526367
vt 0.671875 0.147094727
vt 0.664550781 0.155273438
vt 0.679199219 0.140014648
vt 0.674804688 0.159179688
vt 0.677734375 0.148925781
vt 0.68359375 0.140380859
vt 0.684082031 0.150634766
vt 0.684570312 0.163085938
vt 0.690429688 0.138305664
vt 0.6953125 0.161743164
vt 0.6953125 0.147338867
vt 0.696777344 0.136230469
vt 0.706542969 0.144042969
vt 0.706054688 0.160522461
vt 0.721191406 0.14831543
vt 0.701660156 0.127563477
vt 0.716308594 0.135009766
vt 0.728027344 0.139282227
vt 0.7265625 0.125976562
vt 0.734863281 0.130249023
vt 0.704101562 0.1171875
vt 0.744140625 0.12310791
vt 0.744140625 0.119018555
vt 0.768554688 0.125976562
vt 0.768554688 0.121887207
vt 0.693847656 0.103149414
vt 0.768554688 0.0803833008
vt 0.689941406 0.081237793
vt 0.750488281 0.0618896484
vt 0.7109375 0.0539245605
vt 0.693359375 0.0585021973
vt 0.705566406 0.0391540527
vt 0.712890625 0.0368652344
vt 0.719726562 0.0346069336
vt 0.723632812 0.0406494141
vt 0.727050781 0.0467224121
vt 0.733886719 0.0494689941
vt 0.740234375 0.0521850586
vt 0.747558594 0.0492248535
vt 0.754882812 0.0462341309
vt 0.76171875 0.0411071777
vt 0.768554688 0.0360107422
vt 0.671386719 0.11706543
vt 0.662597656 0.125488281
vt 0.659667969 0.119567871
vt 0.673339844 0.122009277
vt 0.674804688 0.126953125
vt 0.666015625 0.130981445
vt 0.671386719 0.135253906
vt 0.677734375 0.129516602
vt 0.680175781 0.132080078
vt 0.674804688 0.139526367
vt 0.679199219 0.140014648
vt 0.683105469 0.132446289
vt 0.686035156 0.1328125
vt 0.68359375 0.140380859
vt 0.690429688 0.138305664
vt 0.690429688 0.130615234
vt 0.694335938 0.128295898
vt 0.696777344 0.136230469
vt 0.701660156 0.127563477
vt 0.696289062 0.123535156
vt 0.704101562 0.1171875
vt 0.697753906 0.118835449
vt 0.690429688 0.11138916
vt 0.693847656 0.103149414
vt 0.682617188 0.104003906
vt 0.689941406 0.081237793
vt 0.678710938 0.081237793
vt 0.693359375 0.0585021973
vt 0.681152344 0.0583190918
vt 0.694335938 0.0394287109
vt 0.705566406 0.0391540527
vt 0.699707031 0.0313415527
vt 0.714355469 0.0262451172
vt 0.712890625 0.0368652344
vt 0.719726562 0.0346069336
vt 0.729003906 0.0211639404
vt 0.723632812 0.0406494141
vt 0.734375 0.0326843262
vt 0.727050781 0.0467224121
vt 0.737792969 0.0345153809
vt 0.733886719 0.0494689941
vt 0.740234375 0.0521850586
vt 0.740722656 0.0363464355
vt 0.748535156 0.0356750488
vt 0.747558594 0.0492248535
vt 0.754882812 0.0462341309
vt 0.756347656 0.0350036621
vt 0.762207031 0.0296173096
vt 0.76171875 0.0411071777
vt 0.768554688 0.0360107422
vt 0.768554688 0.024230957
vt 0.600097656 0.119567871
vt 0.618164062 0.123291016
vt 0.61328125 0.132324219
vt 0.59765625 0.125488281
vt 0.594238281 0.130981445
vt 0.608398438 0.141357422
vt 0.602050781 0.14831543
vt 0.59375 0.141601562
vt 0.588867188 0.135253906
vt 0.585449219 0.139526367
vt 0.588378906 0.147094727
vt 0.595703125 0.155273438
vt 0.581054688 0.140014648
vt 0.585449219 0.159179688
vt 0.582519531 0.148925781
vt 0.576171875 0.140380859
vt 0.576171875 0.150634766
vt 0.575195312 0.163085938
vt 0.569824219 0.138305664
vt 0.564453125 0.161743164
vt 0.564941406 0.147338867
vt 0.563476562 0.136230469
vt 0.553710938 0.144042969
vt 0.553710938 0.160522461
vt 0.538574219 0.14831543
vt 0.558105469 0.127563477
vt 0.543945312 0.135009766
vt 0.532226562 0.139282227
vt 0.533691406 0.125976562
vt 0.525390625 0.130249023
vt 0.556152344 0.1171875
vt 0.516113281 0.12310791
vt 0.516113281 0.119018555
vt 0.491699219 0.125976562
vt 0.491699219 0.121887207
vt 0.565917969 0.103149414
vt 0.491699219 0.0803833008
vt 0.5703125 0.081237793
vt 0.577148438 0.104003906
vt 0.569824219 0.11138916
vt 0.556152344 0.1171875
vt 0.5625 0.118835449
vt 0.563964844 0.123535156
vt 0.558105469 0.127563477
vt 0.565429688 0.128295898
vt 0.563476562 0.136230469
vt 0.569824219 0.138305664
vt 0.569824219 0.130615234
vt 0.573730469 0.1328125
vt 0.576171875 0.140380859
vt 0.581054688 0.140014648
vt 0.576660156 0.132446289
vt 0.580078125 0.132080078
vt 0.585449219 0.139526367
vt 0.588867188 0.135253906
vt 0.582519531 0.129516602
vt 0.585449219 0.126953125
vt 0.594238281 0.130981445
vt 0.59765625 0.125488281
vt 0.586914062 0.122009277
vt 0.588867188 0.11706543
vt 0.600097656 0.119567871
vt 0.491699219 0.0360107422
vt 0.491699219 0.024230957
vt 0.497802734 0.0296173096
vt 0.498535156 0.0411071777
vt 0.504882812 0.0462341309
vt 0.50390625 0.0350036621
vt 0.51171875 0.0356750488
vt 0.512695312 0.0492248535
vt 0.520019531 0.0521850586
vt 0.51953125 0.0363464355
vt 0.522460938 0.0345153809
vt 0.526367188 0.0494689941
vt 0.532714844 0.0467224121
vt 0.525390625 0.0326843262
vt 0.536621094 0.0406494141
vt 0.53125 0.0211639404
vt 0.540039062 0.0346069336
vt 0.545898438 0.0262451172
vt 0.547363281 0.0368652344
vt 0.549316406 0.0539245605
vt 0.536621094 0.0406494141
vt 0.532714844 0.0467224121
vt 0.526367188 0.0494689941
vt 0.520019531 0.0521850586
vt 0.5546875 0.0391540527
vt 0.560546875 0.0313415527
vt 0.565917969 0.0394287109
vt 0.566894531 0.0585021973
vt 0.579101562 0.0583190918
vt 0.581542969 0.081237793
vt 0.509765625 0.0618896484
vt 0.512695312 0.0492248535
vt 0.504882812 0.0462341309
vt 0.498535156 0.0411071777
vt 0.491699219 0.0360107422
vt 0.041809082 0.806152344
vt 0.16394043 0.806152344
vt 0.133300781 0.864746094
vt 0.102905273 0.922851562
vt 0.102905273 0.922851562
vt 0.0432434082 0.807128906
vt 0.102905273 0.807128906
vt 0.162475586 0.807128906
vt 0.16394043 0.806152344
vt 0.102905273 0.922851562
vt 0.0725097656 0.864746094
vt 0.041809082 0.806152344
vt 0.0432434082 0.807128906
vt 0.13269043 0.864746094
vt 0.102905273 0.922851562
vt 0.162475586 0.807128906
vt 0.102905273 0.922851562
vt 0.0432434082 0.807128906
vt 0.102905273 0.807128906
vt 0.162475586 0.807128906
vt 0.16394043 0.806152344
vt 0.133300781 0.864746094
vt 0.041809082 0.806152344
vt 0.102905273 0.922851562
vt 0.102905273 0.922851562
vt 0.0432434082 0.807128906
vt 0.102905273 0.807128906
vt 0.162475586 0.807128906
vt 0.16394043 0.806152344
vt 0.102905273 0.922851562
vt 0.0725097656 0.864746094
vt 0.041809082 0.806152344
vt 0.496582031 0.305175781
vt 0.277587891 0.409423828
vt 0.510253906 0.409423828
vt 0.463867188 0.211303711
vt 0.496582031 0.513671875
vt 0.412841797 0.152954102
vt 0.463867188 0.607421875
vt 0.348632812 0.116210938
vt 0.412841797 0.668945312
vt 0.277587891 0.10357666
vt 0.348632812 0.7109375
vt 0.206420898 0.116210938
vt 0.277587891 0.725585938
vt 0.142211914 0.152954102
vt 0.206420898 0.7109375
vt 0.0912475586 0.211303711
vt 0.142211914 0.668945312
vt 0.0585632324 0.305175781
vt 0.0912475586 0.607421875
vt 0.0448608398 0.409423828
vt 0.0585632324 0.513671875
vn 0.469970703 0.391601562 0.791015625
vn 0.469970703 0.391601562 0.791015625
vn 0.469970703 0.391601562 0.791015625
vn -0.469970703 0.391601562 0.791015625
vn -0.469970703 0.391601562 0.791015625
vn -0.469970703 0.391601562 0.791015625
vn -0.469970703 -0.391601562 0.791015625
vn -0.469970703 -0.391601562 0.791015625
vn -0.469970703 -0.391601562 0.791015625
vn 0.469970703 -0.391601562 0.791015625
vn 0.469970703 -0.391601562 0.791015625
vn 0.469970703 -0.391601562 0.791015625
vn 0.469970703 0.391601562 -0.791015625
vn 0.469970703 0.391601562 -0.791015625
vn 0.469970703 0.391601562 -0.791015625
vn -0.469970703 0.391601562 -0.791015625
vn -0.469970703 0.391601562 -0.791015625
vn -0.469970703 0.391601562 -0.791015625
vn -0.469970703 -0.391601562 -0.791015625
vn -0.469970703 -0.391601562 -0.791015625
vn -0.469970703 -0.391601562 -0.791015625
vn 0.469970703 -0.391601562 -0.791015625
vn 0.469970703 -0.391601562 -0.791015625
vn 0.469970703 -0.391601562 -0.791015625
vn 0.469970703 0.391601562 -0.791015625
vn 0.469970703 0.391601562 -0.791015625
vn 0.469970703 0.391601562 -0.791015625
vn -0.469970703 0.391601562 -0.791015625
vn -0.469970703 0.391601562 -0.791015625
vn -0.469970703 0.391601562 -0.791015625
vn -0.469970703 -0.391601562 -0.791015625
vn -0.469970703 -0.391601562 -0.791015625
vn -0.469970703 -0.391601562 -0.791015625
vn 0.469970703 -0.391601562 -0.791015625
vn 0.469970703 -0.391601562 -0.791015625
vn 0.469970703 -0.391601562 -0.791015625
vn 0.469970703 0.391601562 0.791015625
vn 0.469970703 0.391601562 0.791015625
vn 0.469970703 0.391601562 0.791015625
vn -0.469970703 0.391601562 0.791015625
vn -0.469970703 0.391601562 0.791015625
vn -0.469970703 0.391601562 0.791015625
vn -0.469970703 -0.391601562 0.791015625
vn -0.469970703 -0.391601562 0.791015625
vn -0.469970703 -0.391601562 0.791015625
vn 0.469970703 -0.391601562 0.791015625
vn 0.469970703 -0.391601562 0.791015625
vn 0.469970703 -0.391601562 0.791015625
vn 0.473876953 0.456054688 0.753417969
vn 0.473876953 0.456054688 0.753417969
vn 0.473876953 0.456054688 0.753417969
vn -0.473876953 0.456054688 0.753417969
vn -0.473876953 0.456054688 0.753417969
vn -0.473876953 0.456054688 0.753417969
vn -0.473876953 -0.456054688 0.753417969
vn -0.473876953 -0.456054688 0.753417969
vn -0.473876953 -0.456054688 0.753417969
vn 0.473876953 -0.456054688 0.753417969
vn 0.473876953 -0.456054688 0.753417969
vn 0.473876953 -0.456054688 0.753417969
vn 0.473876953 0.456054688 -0.753417969
vn 0.473876953 0.456054688 -0.753417969
vn 0.473876953 0.456054688 -0.753417969
vn -0.473876953 0.456054688 -0.753417969
vn -0.473876953 0.456054688 -0.753417969
vn -0.473876953 0.456054688 -0.753417969
vn -0.473876953 -0.456054688 -0.753417969
vn -0.473876953 -0.456054688 -0.753417969
vn -0.473876953 -0.456054688 -0.753417969
vn 0.473876953 -0.456054688 -0.753417969
vn 0.473876953 -0.456054688 -0.753417969
vn 0.473876953 -0.456054688 -0.753417969
vn 0.473876953 0.456054688 -0.753417969
vn 0.473876953 0.456054688 -0.753417969
vn 0.473876953 0.456054688 -0.753417969
vn -0.473876953 0.456054688 -0.753417969
vn -0.473876953 0.456054688 -0.753417969
vn -0.473876953 0.456054688 -0.753417969
vn -0.473876953 -0.456054688 -0.753417969
vn -0.473876953 -0.456054688 -0.753417969
vn -0.473876953 -0.456054688 -0.753417969
vn 0.473876953 -0.456054688 -0.753417969
vn 0.473876953 -0.456054688 -0.753417969
vn 0.473876953 -0.456054688 -0.753417969
vn 0.473876953 0.456054688 0.753417969
vn 0.473876953 0.456054688 0.753417969
vn 0.473876953 0.456054688 0.753417969
vn -0.473876953 0.456054688 0.753417969
vn -0.473876953 0.456054688 0.753417969
vn -0.473876953 0.456054688 0.753417969
vn -0.473876953 -0.456054688 0.753417969
vn -0.473876953 -0.456054688 0.753417969
vn -0.473876953 -0.456054688 0.753417969
vn 0.473876953 -0.456054688 0.753417969
vn 0.473876953 -0.456054688 0.753417969
vn 0.473876953 -0.456054688 0.753417969
vn 0.473876953 0.456054688 0.753417969
vn 0.473876953 0.456054688 0.753417969
vn 0.473876953 0.456054688 0.753417969
vn -0.473876953 0.456054688 0.753417969
vn -0.473876953 0.456054688 0.753417969
vn -0.473876953 0.456054688 0.753417969
vn -0.473876953 -0.456054688 0.753417969
vn -0.473876953 -0.456054688 0.753417969
vn -0.473876953 -0.456054688 0.753417969
vn 0.473876953 -0.456054688 0.753417969
vn 0.473876953 -0.456054688 0.753417969
vn 0.473876953 -0.456054688 0.753417969
vn 0.473876953 0.456054688 -0.753417969
vn 0.473876953 0.456054688 -0.753417969
vn 0.473876953 0.456054688 -0.753417969
vn -0.473876953 0.456054688 -0.753417969
vn -0.473876953 0.456054688 -0.753417969
vn -0.473876953 0.456054688 -0.753417969
vn -0.473876953 -0.456054688 -0.753417969
vn -0.473876953 -0.456054688 -0.753417969
vn -0.473876953 -0.456054688 -0.753417969
vn 0.473876953 -0.456054688 -0.753417969
vn 0.473876953 -0.456054688 -0.753417969
vn 0.473876953 -0.456054688 -0.753417969
vn 0.473876953 0.456054688 -0.753417969
vn 0.473876953 0.456054688 -0.753417969
vn 0.473876953 0.456054688 -0.753417969
vn -0.473876953 0.456054688 -0.753417969
vn -0.473876953 0.456054688 -0.753417969
vn -0.473876953 0.456054688 -0.753417969
vn -0.473876953 -0.456054688 -0.753417969
vn -0.473876953 -0.456054688 -0.753417969
vn -0.473876953 -0.456054688 -0.753417969
vn 0.473876953 -0.456054688 -0.753417969
vn 0.473876953 -0.456054688 -0.753417969
vn 0.473876953 -0.456054688 -0.753417969
vn 0.473876953 0.456054688 0.753417969
vn 0.473876953 0.456054688 0.753417969
vn 0.473876953 0.456054688 0.753417969
vn -0.473876953 0.456054688 0.753417969
vn -0.473876953 0.456054688 0.753417969
vn -0.473876953 0.456054688 0.753417969
vn -0.473876953 -0.456054688 0.753417969
vn -0.473876953 -0.456054688 0.753417969
vn -0.473876953 -0.456054688 0.753417969
vn 0.473876953 -0.456054688 0.753417969
vn 0.473876953 -0.456054688 0.753417969
vn 0.473876953 -0.456054688 0.753417969
vn 0.494873047 0.294189453 0.817871094
vn 0.494873047 0.294189453 0.817871094
vn 0.494873047 0.294189453 0.817871094
vn -0.494873047 0.294189453 0.817871094
vn -0.494873047 0.294189453 0.817871094
vn -0.494873047 0.294189453 0.817871094
vn -0.474853516 -0.398681641 0.784667969
vn -0.474853516 -0.398681641 0.784667969
vn -0.474853516 -0.398681641 0.784667969
vn 0.474853516 -0.398681641 0.784667969
vn 0.474853516 -0.398681641 0.784667969
vn 0.474853516 -0.398681641 0.784667969
vn 0.416503906 0.247680664 -0.874511719
vn 0.416503906 0.247680664 -0.874511719
vn 0.416503906 0.247680664 -0.874511719
vn -0.416503906 0.247680664 -0.874511719
vn -0.416503906 0.247680664 -0.874511719
vn -0.416503906 0.247680664 -0.874511719
vn -0.404296875 -0.339599609 -0.849121094
vn -0.404296875 -0.339599609 -0.849121094
vn -0.404296875 -0.339599609 -0.849121094
vn 0.404296875 -0.339599609 -0.849121094
vn 0.404296875 -0.339599609 -0.849121094
vn 0.404296875 -0.339599609 -0.849121094
vn 0.494873047 0.294189453 -0.817871094
vn 0.494873047 0.294189453 -0.817871094
vn 0.494873047 0.294189453 -0.817871094
vn -0.494873047 0.294189453 -0.817871094
vn -0.494873047 0.294189453 -0.817871094
vn -0.494873047 0.294189453 -0.817871094
vn -0.474853516 -0.398681641 -0.784667969
vn -0.474853516 -0.398681641 -0.784667969
vn -0.474853516 -0.398681641 -0.784667969
vn 0.474853516 -0.398681641 -0.784667969
vn 0.474853516 -0.398681641 -0.784667969
vn 0.474853516 -0.398681641 -0.784667969
vn 0.416503906 0.247680664 0.874511719
vn 0.416503906 0.247680664 0.874511719
vn 0.416503906 0.247680664 0.874511719
vn -0.416503906 0.247680664 0.874511719
vn -0.416503906 0.247680664 0.874511719
vn -0.416503906 0.247680664 0.874511719
vn -0.404296875 -0.339599609 0.849121094
vn -0.404296875 -0.339599609 0.849121094
vn -0.404296875 -0.339599609 0.849121094
vn 0.404296875 -0.339599609 0.849121094
vn 0.404296875 -0.339599609 0.849121094
vn 0.404296875 -0.339599609 0.849121094
vn 0.634277344 -0.390380859 0.666992188
vn 0.634277344 -0.390380859 0.666992188
vn 0.634277344 -0.390380859 0.666992188
vn 1 0 0
vn 1 0 0
vn 1 0 0
vn -0 -1 0
vn -0 -1 0
vn -0 -1 0
vn -1 0 0
vn -1 0 0
vn -1 0 0
vn 0.634277344 -0.390380859 -0.666992188
vn 0.634277344 -0.390380859 -0.666992188
vn 0.634277344 -0.390380859 -0.666992188
vn 1 0 0
vn 1 0 0
vn 1 0 0
vn -0 -1 0
vn -0 -1 0
vn -0 -1 0
vn -0.634277344 -0.390380859 -0.666992188
vn -0.634277344 -0.390380859 -0.666992188
vn -0.634277344 -0.390380859 -0.666992188
vn -1 0 0
vn -1 0 0
vn -1 0 0
vn -0.434082031 -0.386962891 0.813476562
vn -0.434082031 -0.386962891 0.813476562
vn -0.434082031 -0.386962891 0.813476562
vn -0.451416016 0.282714844 0.846191406
vn -0.451416016 0.282714844 0.846191406
vn -0.451416016 0.282714844 0.846191406
vn 0.434082031 -0.386962891 0.813476562
vn 0.434082031 -0.386962891 0.813476562
vn 0.434082031 -0.386962891 0.813476562
vn 0.451416016 0.282714844 0.846191406
vn 0.451416016 0.282714844 0.846191406
vn 0.451416016 0.282714844 0.846191406
vn -0.434082031 -0.386962891 -0.813476562
vn -0.434082031 -0.386962891 -0.813476562
vn -0.434082031 -0.386962891 -0.813476562
vn -0.451416016 0.282714844 -0.846191406
vn -0.451416016 0.282714844 -0.846191406
vn -0.451416016 0.282714844 -0.846191406
vn 0.434082031 -0.386962891 -0.813476562
vn 0.434082031 -0.386962891 -0.813476562
vn 0.434082031 -0.386962891 -0.813476562
vn 0.451416016 0.282714844 -0.846191406
vn 0.451416016 0.282714844 -0.846191406
vn 0.451416016 0.282714844 -0.846191406
vn 0.0516357422 0.584472656 0.809570312
vn 0.0516357422 0.584472656 0.809570312
vn 0.0516357422 0.584472656 0.809570312
vn -0.554199219 -0.193603516 0.809570312
vn -0.554199219 -0.193603516 0.809570312
vn -0.554199219 -0.193603516 0.809570312
vn -0.0516357422 -0.584472656 0.809570312
vn -0.0516357422 -0.584472656 0.809570312
vn -0.0516357422 -0.584472656 0.809570312
vn 0.554199219 0.193603516 0.809570312
vn 0.554199219 0.193603516 0.809570312
vn 0.554199219 0.193603516 0.809570312
vn 0.0516357422 0.584472656 -0.809570312
vn 0.0516357422 0.584472656 -0.809570312
vn 0.0516357422 0.584472656 -0.809570312
vn -0.554199219 -0.193603516 -0.809570312
vn -0.554199219 -0.193603516 -0.809570312
vn -0.554199219 -0.193603516 -0.809570312
vn -0.0516357422 -0.584472656 -0.809570312
vn -0.0516357422 -0.584472656 -0.809570312
vn -0.0516357422 -0.584472656 -0.809570312
vn 0.554199219 0.193603516 -0.809570312
vn 0.554199219 0.193603516 -0.809570312
vn 0.554199219 0.193603516 -0.809570312
vn 0.176269531 -0.181152344 0.967773438
vn 0.176269531 -0.181152344 0.967773438
vn 0.176269531 -0.181152344 0.967773438
vn -0.110961914 0.517578125 0.848144531
vn -0.110961914 0.517578125 0.848144531
vn -0.110961914 0.517578125 0.848144531
vn 0.407226562 -0.0274047852 0.913085938
vn 0.407226562 -0.0274047852 0.913085938
vn 0.407226562 -0.0274047852 0.913085938
vn 0.00991821289 -0.436279297 0.899902344
vn 0.00991821289 -0.436279297 0.899902344
vn 0.00991821289 -0.436279297 0.899902344
vn -0.516113281 0.126953125 0.847167969
vn -0.516113281 0.126953125 0.847167969
vn -0.516113281 0.126953125 0.847167969
vn -0.0516357422 0.584472656 0.809570312
vn -0.0516357422 0.584472656 0.809570312
vn -0.0516357422 0.584472656 0.809570312
vn 0.554199219 -0.193603516 0.809570312
vn 0.554199219 -0.193603516 0.809570312
vn 0.554199219 -0.193603516 0.809570312
vn 0.0516357422 -0.584472656 0.809570312
vn 0.0516357422 -0.584472656 0.809570312
vn 0.0516357422 -0.584472656 0.809570312
vn -0.554199219 0.193603516 0.809570312
vn -0.554199219 0.193603516 0.809570312
vn -0.554199219 0.193603516 0.809570312
vn -0.0516357422 0.584472656 -0.809570312
vn -0.0516357422 0.584472656 -0.809570312
vn -0.0516357422 0.584472656 -0.809570312
vn 0.554199219 -0.193603516 -0.809570312
vn 0.554199219 -0.193603516 -0.809570312
vn 0.554199219 -0.193603516 -0.809570312
vn 0.0516357422 -0.584472656 -0.809570312
vn 0.0516357422 -0.584472656 -0.809570312
vn 0.0516357422 -0.584472656 -0.809570312
vn -0.554199219 0.193603516 -0.809570312
vn -0.554199219 0.193603516 -0.809570312
vn -0.554199219 0.193603516 -0.809570312
vn -0.176269531 -0.181152344 0.967773438
vn -0.176269531 -0.181152344 0.967773438
vn -0.176269531 -0.181152344 0.967773438
vn 0.110961914 0.517578125 0.848144531
vn 0.110961914 0.517578125 0.848144531
vn 0.110961914 0.517578125 0.848144531
vn -0.407226562 -0.0274047852 0.913085938
vn -0.407226562 -0.0274047852 0.913085938
vn -0.407226562 -0.0274047852 0.913085938
vn -0.00991821289 -0.436279297 0.899902344
vn -0.00991821289 -0.436279297 0.899902344
vn -0.00991821289 -0.436279297 0.899902344
vn 0.516113281 0.126953125 0.847167969
vn 0.516113281 0.126953125 0.847167969
vn 0.516113281 0.126953125 0.847167969
vn 0.0516357422 0.584472656 -0.809570312
vn 0.0516357422 0.584472656 -0.809570312
vn 0.0516357422 0.584472656 -0.809570312
vn -0.554199219 -0.193603516 -0.809570312
vn -0.554199219 -0.193603516 -0.809570312
vn -0.554199219 -0.193603516 -0.809570312
vn -0.173339844 -0.513671875 -0.840332031
vn -0.173339844 -0.513671875 -0.840332031
vn -0.173339844 -0.513671875 -0.840332031
vn 0.455322266 0.294189453 -0.840332031
vn 0.455322266 0.294189453 -0.840332031
vn 0.455322266 0.294189453 -0.840332031
vn 0.0516357422 0.584472656 0.809570312
vn 0.0516357422 0.584472656 0.809570312
vn 0.0516357422 0.584472656 0.809570312
vn -0.554199219 -0.193603516 0.809570312
vn -0.554199219 -0.193603516 0.809570312
vn -0.554199219 -0.193603516 0.809570312
vn 0.0603942871 -0.639160156 0.767089844
vn 0.0603942871 -0.639160156 0.767089844
vn 0.0603942871 -0.639160156 0.767089844
vn 0.634277344 0.0983276367 0.767089844
vn 0.634277344 0.0983276367 0.767089844
vn 0.634277344 0.0983276367 0.767089844
vn 0.176269531 -0.181152344 -0.967773438
vn 0.176269531 -0.181152344 -0.967773438
vn 0.176269531 -0.181152344 -0.967773438
vn -0.110961914 0.517578125 -0.848144531
vn -0.110961914 0.517578125 -0.848144531
vn -0.110961914 0.517578125 -0.848144531
vn 0.407226562 -0.0274047852 -0.913085938
vn 0.407226562 -0.0274047852 -0.913085938
vn 0.407226562 -0.0274047852 -0.913085938
vn 0.00991821289 -0.436279297 -0.899902344
vn 0.00991821289 -0.436279297 -0.899902344
vn 0.00991821289 -0.436279297 -0.899902344
vn -0.516113281 0.126953125 -0.847167969
vn -0.516113281 0.126953125 -0.847167969
vn -0.516113281 0.126953125 -0.847167969
vn -0.0516357422 0.584472656 -0.809570312
vn -0.0516357422 0.584472656 -0.809570312
vn -0.0516357422 0.584472656 -0.809570312
vn 0.554199219 -0.193603516 -0.809570312
vn 0.554199219 -0.193603516 -0.809570312
vn 0.554199219 -0.193603516 -0.809570312
vn 0.173339844 -0.513671875 -0.840332031
vn 0.173339844 -0.513671875 -0.840332031
vn 0.173339844 -0.513671875 -0.840332031
vn -0.455322266 0.294189453 -0.840332031
vn -0.455322266 0.294189453 -0.840332031
vn -0.455322266 0.294189453 -0.840332031
vn -0.0516357422 0.584472656 0.809570312
vn -0.0516357422 0.584472656 0.809570312
vn -0.0516357422 0.584472656 0.809570312
vn 0.554199219 -0.193603516 0.809570312
vn 0.554199219 -0.193603516 0.809570312
vn 0.554199219 -0.193603516 0.809570312
vn -0.0603942871 -0.639160156 0.767089844
vn -0.0603942871 -0.639160156 0.767089844
vn -0.0603942871 -0.639160156 0.767089844
vn -0.634277344 0.0983276367 0.767089844
vn -0.634277344 0.0983276367 0.767089844
vn -0.634277344 0.0983276367 0.767089844
vn -0.176269531 -0.181152344 -0.967773438
vn -0.176269531 -0.181152344 -0.967773438
vn -0.176269531 -0.181152344 -0.967773438
vn 0.110961914 0.517578125 -0.848144531
vn 0.110961914 0.517578125 -0.848144531
vn 0.110961914 0.517578125 -0.848144531
vn -0.407226562 -0.0274047852 -0.913085938
vn -0.407226562 -0.0274047852 -0.913085938
vn -0.407226562 -0.0274047852 -0.913085938
vn -0.00991821289 -0.436279297 -0.899902344
vn -0.00991821289 -0.436279297 -0.899902344
vn -0.00991821289 -0.436279297 -0.899902344
vn 0.516113281 0.126953125 -0.847167969
vn 0.516113281 0.126953125 -0.847167969
vn 0.516113281 0.126953125 -0.847167969
vn -0.204345703 -0.962402344 0.179199219
vn -0.204345703 -0.962402344 0.179199219
vn -0.204345703 -0.962402344 0.179199219
vn -0.204345703 -0.962402344 -0.179199219
vn -0.204345703 -0.962402344 -0.179199219
vn -0.204345703 -0.962402344 -0.179199219
vn 0.204345703 -0.962402344 -0.179199219
vn 0.204345703 -0.962402344 -0.179199219
vn 0.204345703 -0.962402344 -0.179199219
vn 0.204345703 -0.962402344 0.179199219
vn 0.204345703 -0.962402344 0.179199219
vn 0.204345703 -0.962402344 0.179199219
vn 0.254394531 -0.217651367 -0.942382812
vn 0.254394531 -0.217651367 -0.942382812
vn 0.254394531 -0.217651367 -0.942382812
vn -0.254394531 -0.217651367 -0.942382812
vn -0.254394531 -0.217651367 -0.942382812
vn -0.254394531 -0.217651367 -0.942382812
vn -0 -0.0974121094 -0.995117188
vn -0 -0.0974121094 -0.995117188
vn -0 -0.0974121094 -0.995117188
vn -0.254394531 0.217651367 -0.942382812
vn -0.254394531 0.217651367 -0.942382812
vn -0.254394531 0.217651367 -0.942382812
vn 0.254394531 0.217651367 -0.942382812
vn 0.254394531 0.217651367 -0.942382812
vn 0.254394531 0.217651367 -0.942382812
vn -0 0.0974121094 -0.995117188
vn -0 0.0974121094 -0.995117188
vn -0 0.0974121094 -0.995117188
vn -0 0.956054688 0.292480469
vn 0.495361328 0.868652344 0
vn -0 1 0
vn 0.494628906 0.831054688 0.254150391
vn 0.260498047 0.923339844 0.282470703
vn 0.256591797 0.966308594 0
vn 0.0191192627 1 0
vn 0.0188751221 0.956054688 0.292480469
vn -0.242553711 0.927734375 0.283691406
vn -0.240112305 0.970703125 0
vn -0.601074219 0.759765625 0.247558594
vn -0.588867188 0.808105469 2.98023224E-07
vn -0.698730469 0.677734375 0.229370117
vn -0.717773438 0.696289062 5.36441803E-07
vn -0 0 1
vn -0 0 1
vn -1.1920929E-07 0 1
vn 1.1920929E-07 0 1
vn -0 0 1
vn 2.98023224E-07 0 1
vn -0 0 1
vn -0 0 1
vn -2.98023224E-06 -1.1920929E-07 1
vn -1.1920929E-07 0 1
vn -0 0 1
vn -4.88758087E-06 -2.38418579E-07 1
vn -5.24520874E-06 3.57627869E-07 1
vn -5.30481339E-06 1.1920929E-07 1
vn -1.43051147E-06 1.1920929E-07 1
vn -3.21865082E-06 3.57627869E-07 1
vn -0 0 1
vn -0 0 1
vn -0 0 1
vn -0.711914062 -0.702148438 0
vn -0 -0.888183594 0.459228516
vn -0 -1 0
vn -0.709472656 -0.633789062 0.308837891
vn -0.786621094 -0.6171875 0
vn -0.754882812 -0.601074219 0.262451172
vn -0.654296875 -0.706542969 0.269775391
vn -0.705566406 -0.708984375 -1.78813934E-07
vn -0.42578125 -0.856445312 0.291015625
vn -0.461425781 -0.887207031 -1.78813934E-07
vn -0.200317383 -0.979492188 0
vn -0.180419922 -0.935546875 0.302978516
vn 0.193359375 -0.934570312 0.298339844
vn 0.212646484 -0.977050781 0
vn 0.629882812 -0.776367188 0
vn 0.564941406 -0.786621094 0.249633789
vn 0.772949219 -0.634277344 0
vn 0.7578125 -0.622070312 0.196044922
vn -0.763183594 -0.62109375 0.177978516
vn -0.828125 -0.534667969 0.16809082
vn -0.83984375 -0.542480469 0
vn -0.786132812 -0.618164062 0
vn -0.597167969 -0.78125 0.183105469
vn -0.604980469 -0.796386719 0
vn -0.471191406 -0.864746094 0.173095703
vn -0.470214844 -0.882324219 -2.38418579E-07
vn -0.430908203 -0.88671875 0.167602539
vn -0.437011719 -0.899414062 -4.76837158E-07
vn -0 0.956054688 0.292480469
vn -0 1 0
vn -0.495361328 0.868652344 0
vn -0.494628906 0.831054688 0.254150391
vn -0.260498047 0.923339844 0.282470703
vn -0.256591797 0.966308594 0
vn -0.0191192627 1 0
vn -0.0188751221 0.956054688 0.292480469
vn 0.242553711 0.927734375 0.283691406
vn 0.240112305 0.970703125 0
vn 0.601074219 0.759765625 0.247558594
vn 0.588867188 0.808105469 -3.57627869E-07
vn 0.698730469 0.677734375 0.229370117
vn 0.717773438 0.696289062 -5.36441803E-07
vn -0 0 1
vn 1.78813934E-07 0 1
vn 1.78813934E-07 0 1
vn -1.1920929E-07 0 1
vn -1.1920929E-07 0 1
vn -1.78813934E-07 0 1
vn 2.38418579E-07 0 1
vn -0 0 1
vn 2.98023224E-06 -1.1920929E-07 1
vn -0 0 1
vn -0 0 1
vn 4.88758087E-06 -2.38418579E-07 1
vn 5.30481339E-06 3.57627869E-07 1
vn 5.36441803E-06 1.1920929E-07 1
vn 1.37090683E-06 1.1920929E-07 1
vn 3.21865082E-06 3.57627869E-07 1
vn -0 0 1
vn -0 0 1
vn -0 0 1
vn 0.711914062 -0.702148438 0
vn -0 -1 0
vn -0 -0.888183594 0.459228516
vn 0.709472656 -0.633789062 0.308837891
vn 0.786621094 -0.6171875 0
vn 0.754882812 -0.601074219 0.262451172
vn 0.654296875 -0.706542969 0.269775391
vn 0.705566406 -0.708984375 1.78813934E-07
vn 0.42578125 -0.856445312 0.291015625
vn 0.461425781 -0.887207031 1.1920929E-07
vn 0.200317383 -0.979492188 0
vn 0.180419922 -0.935546875 0.302978516
vn -0.193359375 -0.934570312 0.298339844
vn -0.212646484 -0.977050781 0
vn -0.629882812 -0.776367188 0
vn -0.564941406 -0.786621094 0.249633789
vn -0.772949219 -0.634277344 0
vn -0.7578125 -0.622070312 0.196044922
vn 0.763183594 -0.62109375 0.177978516
vn 0.83984375 -0.542480469 0
vn 0.828125 -0.534667969 0.16809082
vn 0.786132812 -0.618164062 0
vn 0.597167969 -0.78125 0.183105469
vn 0.604980469 -0.796386719 0
vn 0.471191406 -0.864746094 0.173095703
vn 0.470214844 -0.882324219 2.38418579E-07
vn 0.430908203 -0.88671875 0.167602539
vn 0.437011719 -0.899414062 4.76837158E-07
vn -0 0.956054688 -0.292480469
vn -0 1 0
vn 0.495361328 0.868652344 0
vn 0.494628906 0.831054688 -0.254150391
vn 0.260498047 0.923339844 -0.282470703
vn 0.256591797 0.966308594 0
vn 0.0191192627 1 0
vn 0.0188751221 0.956054688 -0.292480469
vn -0.242553711 0.927734375 -0.283691406
vn -0.240112305 0.970703125 0
vn -0.601074219 0.759765625 -0.247558594
vn -0.588867188 0.808105469 2.98023224E-07
vn -0.698730469 0.677734375 -0.229370117
vn -0.717773438 0.696289062 5.36441803E-07
vn -0 0 -1
vn -0 0 -1
vn -1.78813934E-07 0 -1
vn -0 0 -1
vn -0 0 -1
vn -0 0 -1
vn -0 0 -1
vn -0 0 -1
vn -5.78165054E-06 -2.98023224E-07 -1
vn -0 0 -1
vn -0 0 -1
vn -9.59634781E-06 -4.76837158E-07 -1
vn -3.09944153E-06 -1.1920929E-07 -1
vn -5.7220459E-06 -2.98023224E-07 -1
vn -0 0 -1
vn -0 0 -1
vn -0 0 -1
vn -0 0 -1
vn -0 0 -1
vn -0.711914062 -0.702148438 0
vn -0 -1 0
vn -0 -0.888183594 -0.459228516
vn -0.709472656 -0.633789062 -0.308837891
vn -0.786621094 -0.6171875 0
vn -0.754882812 -0.601074219 -0.262451172
vn -0.654296875 -0.706542969 -0.269775391
vn -0.705566406 -0.708984375 -1.78813934E-07
vn -0.42578125 -0.856445312 -0.291015625
vn -0.461425781 -0.887207031 -1.78813934E-07
vn -0.200317383 -0.979492188 0
vn -0.180419922 -0.935546875 -0.302978516
vn 0.193359375 -0.934570312 -0.298339844
vn 0.212646484 -0.977050781 0
vn 0.629882812 -0.776367188 0
vn 0.564941406 -0.786621094 -0.249633789
vn 0.772949219 -0.634277344 0
vn 0.7578125 -0.622070312 -0.196044922
vn -0.763183594 -0.62109375 -0.177978516
vn -0.83984375 -0.542480469 0
vn -0.828125 -0.534667969 -0.16809082
vn -0.786132812 -0.618164062 0
vn -0.597167969 -0.78125 -0.183105469
vn -0.604980469 -0.796386719 0
vn -0.471191406 -0.864746094 -0.173095703
vn -0.470214844 -0.882324219 -2.38418579E-07
vn -0.430908203 -0.88671875 -0.167602539
vn -0.437011719 -0.899414062 -4.76837158E-07
vn -0 0.956054688 -0.292480469
vn -0.495361328 0.868652344 0
vn -0 1 0
vn -0.494628906 0.831054688 -0.254150391
vn -0.260498047 0.923339844 -0.282470703
vn -0.256591797 0.966308594 0
vn -0.0191192627 1 0
vn -0.0188751221 0.956054688 -0.292480469
vn 0.242553711 0.927734375 -0.283691406
vn 0.240112305 0.970703125 0
vn 0.601074219 0.759765625 -0.247558594
vn 0.588867188 0.808105469 -3.57627869E-07
vn 0.698730469 0.677734375 -0.229370117
vn 0.717773438 0.696289062 -5.36441803E-07
vn -0 0 -1
vn 3.57627869E-07 0 -1
vn 1.78813934E-07 0 -1
vn -0 0 -1
vn -0 0 -1
vn -0 0 -1
vn -0 0 -1
vn -0 0 -1
vn 5.7220459E-06 -2.98023224E-07 -1
vn -0 0 -1
vn -0 0 -1
vn 9.53674316E-06 -4.76837158E-07 -1
vn 3.03983688E-06 -1.1920929E-07 -1
vn 5.66244125E-06 -2.98023224E-07 -1
vn -0 0 -1
vn -0 0 -1
vn -0 0 -1
vn -0 0 -1
vn -0 0 -1
vn 0.711914062 -0.702148438 0
vn -0 -0.888183594 -0.459228516
vn -0 -1 0
vn 0.709472656 -0.633789062 -0.308837891
vn 0.786621094 -0.6171875 0
vn 0.754882812 -0.601074219 -0.262451172
vn 0.654296875 -0.706542969 -0.269775391
vn 0.705566406 -0.708984375 1.78813934E-07
vn 0.42578125 -0.856445312 -0.291015625
vn 0.461425781 -0.887207031 1.1920929E-07
vn 0.200317383 -0.979492188 0
vn 0.180419922 -0.935546875 -0.302978516
vn -0.193359375 -0.934570312 -0.298339844
vn -0.212646484 -0.977050781 0
vn -0.629882812 -0.776367188 0
vn -0.564941406 -0.786621094 -0.249633789
vn -0.772949219 -0.634277344 0
vn -0.7578125 -0.622070312 -0.196044922
vn 0.763183594 -0.62109375 -0.177978516
vn 0.828125 -0.534667969 -0.16809082
vn 0.83984375 -0.542480469 0
vn 0.786132812 -0.618164062 0
vn 0.597167969 -0.78125 -0.183105469
vn 0.604980469 -0.796386719 0
vn 0.471191406 -0.864746094 -0.173095703
vn 0.470214844 -0.882324219 2.38418579E-07
vn 0.430908203 -0.88671875 -0.167602539
vn 0.437011719 -0.899414062 4.76837158E-07
vn -0.000250816345 0.571289062 0.820800781
vn -0.000262498856 0.559082031 0.829101562
vn -8.94069672E-07 0.787109375 0.616699219
vn -8.94069672E-07 0.787109375 0.616699219
vn 1.78813934E-07 -0.460693359 0.887695312
vn 1.78813934E-07 -0.460693359 0.887695312
vn -0.000364780426 -0.371337891 0.928710938
vn -0.000336408615 -0.378417969 0.92578125
vn -0.000771522522 -0.114685059 0.993164062
vn -0.000790596008 -0.122436523 0.992675781
vn 8.18371773E-05 0.0206604004 1
vn 0.000191807747 0.0302124023 0.999511719
vn 0.000410556793 0.551757812 0.833984375
vn 0.000475883484 0.475830078 0.879394531
vn -7.74860382E-07 0.883300781 0.468505859
vn -7.74860382E-07 0.883300781 0.468505859
vn -0.704101562 0.710449219 0
vn -0.636230469 0.771484375 0
vn -0.332519531 0.942871094 0
vn -0.332519531 0.942871094 0
vn -0.830566406 -0.557128906 0
vn -0.830566406 -0.557128906 0
vn -0.891113281 -0.453613281 0
vn -0.905273438 -0.424560547 0
vn -0.98828125 -0.151367188 0
vn -0.989257812 -0.146850586 0
vn -0.999023438 -0.0493469238 0
vn -0.999023438 -0.0488891602 0
vn -0.873046875 0.487792969 0
vn -0.926269531 0.376464844 0
vn -0.400390625 0.916503906 0
vn -0.400390625 0.916503906 0
vn -0.73828125 -0.674804688 0
vn -0.634277344 -0.772949219 0
vn -0.73828125 -0.674804688 0
vn -0.682617188 -0.730957031 0
vn -0 -1 0
vn 0.878417969 0.274902344 0.391357422
vn 0.870117188 -0.209838867 0.446289062
vn 0.855957031 -0.26171875 0.445800781
vn 0.54296875 -0.761230469 0.354980469
vn -0.842773438 0.538574219 0
vn -0.787597656 0.616210938 0
vn -0.787597656 0.616210938 0
vn -0.842773438 0.538574219 0
vn -0.889160156 0.458007812 0
vn -0.889160156 0.458007812 0
vn -0.848632812 0.528808594 0
vn -0.848632812 0.528808594 0
vn -0.784667969 0.619628906 0
vn -0.784667969 0.619628906 0
vn -0.718261719 0.695800781 0
vn -0.718261719 0.695800781 0
vn -0.62109375 0.783691406 0
vn -0.62109375 0.783691406 0
vn -0.473876953 0.880371094 0
vn -0.473876953 0.880371094 0
vn -0.291015625 0.956542969 0
vn -0.291015625 0.956542969 -0.00162792206
vn -0.0354003906 0.10723877 0.993652344
vn -0.346435547 0.937988281 0
vn -0.969726562 0.244628906 0
vn -0.899902344 0.436035156 0
vn -0.193603516 0.980957031 -2.38418579E-07
vn 0.346435547 0.937988281 -1.78813934E-07
vn -0.0257110596 0.999511719 0
vn -0 0.190551758 0.981445312
vn -0 0 1
vn -0 0 1
vn -0 0 1
vn -0 0 1
vn -0 0 1
vn -0 0 1
vn -0 0 1
vn -0 0 1
vn -0 0 1
vn -0 0 1
vn -0 0 1
vn -0 0 1
vn -0 0 1
vn -0 0 1
vn -0 0 1
vn -0 0 1
vn -0 0 1
vn -0 0 1
vn 0.00158596039 0.0480651855 0.999023438
vn 0.00172328949 0.0522155762 0.998535156
vn 0.00100135803 0.113464355 0.993652344
vn 0.00242805481 0.119140625 0.992675781
vn -0.000262498856 0.559082031 0.829101562
vn -0.000250816345 0.571289062 0.820800781
vn -0.000149726868 -0.61328125 0.789550781
vn -0.000149726868 -0.61328125 0.789550781
vn -0.000138640404 -0.446777344 0.89453125
vn -0.000137925148 -0.438476562 0.898925781
vn -8.18371773E-05 -0.123535156 0.9921875
vn -8.0704689E-05 -0.121704102 0.992675781
vn -3.57031822E-05 -0.0516052246 0.998535156
vn -3.54647636E-05 -0.051361084 0.998535156
vn -2.86102295E-06 0.00121974945 1
vn -2.86102295E-06 0.00124263763 1
vn 1.80602074E-05 0.0595397949 0.998046875
vn 1.80602074E-05 0.0589294434 0.998046875
vn 3.62992287E-05 0.278320312 0.960449219
vn 3.70144844E-05 0.287109375 0.958007812
vn 3.83257866E-05 0.75390625 0.656738281
vn 3.85046005E-05 0.751953125 0.659179688
vn 3.49879265E-05 0.795410156 0.605957031
vn 3.49879265E-05 0.795410156 0.605957031
vn -0.746582031 -0.665527344 0
vn -0.8828125 -0.469726562 0
vn -0.746582031 -0.665527344 0
vn -0.862304688 -0.506347656 0
vn -0.984375 -0.175537109 0
vn -0.986328125 -0.166015625 0
vn -0.999511719 -0.0236968994 0
vn -0.999511719 -0.0229949951 0
vn -1 0.0191040039 0
vn -1 0.0191040039 0
vn -0.998046875 0.061340332 0
vn -0.998046875 0.0604858398 0
vn -0.958007812 0.286376953 0
vn -0.946777344 0.322021484 0
vn -0.611816406 0.791015625 0
vn -0.646972656 0.762695312 0
vn -0.555664062 0.831054688 0
vn -0.555664062 0.831054688 0
vn -0 0 1
vn -0 0 1
vn -0 0 1
vn -0 0 1
vn -1 -0.00621414185 0
vn -1 -0.00621414185 0
vn -1 -0.00621414185 0
vn -1 -0.00621414185 0
vn -0 0 1
vn -0 0 1
vn -0 0 1
vn -0 0 1
vn -0.996582031 0.0833740234 0
vn -0.996582031 0.0833740234 0
vn -0.996582031 0.0833740234 0
vn -0.996582031 0.0833740234 0
vn -9.83476639E-06 -0.901855469 0.432128906
vn -9.83476639E-06 -0.901855469 0.432128906
vn -9.83476639E-06 -0.901855469 0.432128906
vn -9.83476639E-06 -0.901855469 0.432128906
vn -0.485107422 -0.874511719 0
vn -0.485107422 -0.874511719 0
vn -0.485107422 -0.874511719 0
vn -0.485107422 -0.874511719 0
vn -0.996582031 -0.0816650391 0
vn -0.636230469 0.771484375 0
vn -0.704101562 0.710449219 0
vn -0.996582031 -0.0796508789 0
vn -0.994628906 -0.102844238 0
vn -0.994628906 -0.102844238 0
vn -0.294189453 0.136108398 0.945800781
vn -0.296875 0.12902832 0.946289062
vn -0.328125 0.0409545898 0.943847656
vn -0.266113281 0.208129883 0.94140625
vn -2.98023224E-07 0.976074219 0.216430664
vn -2.98023224E-07 0.976074219 0.216430664
vn -2.98023224E-07 0.976074219 0.216430664
vn -2.98023224E-07 0.976074219 0.216430664
vn -0.253417969 0.967285156 0
vn -0.253417969 0.967285156 0
vn -0.253417969 0.967285156 0
vn -0.253417969 0.967285156 0
vn -0 0 1
vn -0 0 1
vn -0 0 1
vn -0 0 1
vn -1 0 0
vn -1 0 0
vn -1 0 0
vn -1 0 0
vn 2.38418579E-07 -0.500976562 0.865722656
vn 5.36441803E-07 -0.973144531 0.23034668
vn 5.36441803E-07 -0.973144531 0.23034668
vn 4.17232513E-07 -0.767089844 0.641113281
vn -0 0 1
vn -0 0 1
vn -0 0 1
vn 0.000968933105 -0.0023765564 1
vn -0 -1.1920929E-07 1
vn -0 -1.1920929E-07 1
vn 0.000784873962 -0.00192451477 1
vn 0.00214004517 -0.00423812866 1
vn 0.00206756592 -0.00428771973 1
vn 0.00122833252 -0.00206565857 1
vn 0.00108528137 -0.00182437897 1
vn 8.34465027E-07 2.50339508E-06 1
vn 8.94069672E-07 2.50339508E-06 1
vn -0 -9.53674316E-07 1
vn -0 -9.53674316E-07 1
vn -5.96046448E-07 -3.63588333E-06 1
vn -5.96046448E-07 -3.63588333E-06 1
vn -4.76837158E-07 -2.68220901E-06 1
vn -5.96046448E-07 -2.86102295E-06 1
vn 2.38418579E-07 -1.7285347E-06 1
vn 2.38418579E-07 -1.7285347E-06 1
vn -0.700683594 -0.713378906 0
vn -0.23425293 -0.972167969 0
vn -0.23425293 -0.972167969 0
vn -0.79296875 -0.609375 0
vn -0.994628906 0.10345459 0
vn -0.994628906 0.10345459 0
vn -0.944824219 0.327392578 0
vn -0.944824219 0.327392578 0
vn -0.866699219 -0.498779297 1.1920929E-07
vn -0.825683594 -0.229614258 0.515136719
vn -0.844238281 -0.502441406 0.186401367
vn -0.744140625 -0.66796875 0
vn -0.791503906 -0.611328125 0
vn -0.791503906 -0.610839844 0
vn -0.747070312 -0.665039062 0
vn -0.747070312 -0.665039062 0
vn -0.699707031 -0.714355469 0
vn -0.699707031 -0.714355469 0
vn -0.637695312 -0.770507812 0
vn -0.637695312 -0.770507812 -7.15255737E-07
vn -0.568847656 -0.822753906 1.1920929E-07
vn -0.568847656 -0.822753906 -1.13248825E-06
vn -0.503417969 -0.864257812 -1.7285347E-06
vn -0.503417969 -0.864257812 0
vn -0.471679688 -0.881835938 0
vn -0.471679688 -0.881835938 -2.68220901E-06
vn 0.438232422 0.898925781 2.62260437E-06
vn 0.480712891 0.876953125 1.1920929E-07
vn 0.438232422 0.898925781 1.78813934E-07
vn 0.480712891 0.876953125 1.31130219E-06
vn 0.566894531 0.823730469 0
vn 0.566894531 0.823730469 0
vn 0.645019531 0.764160156 0
vn 0.645019531 0.764160156 0
vn 0.709472656 0.704589844 0
vn 0.709472656 0.704589844 0
vn 0.764648438 0.644042969 0
vn 0.764648438 0.644042969 0
vn 0.805664062 0.592285156 -5.36441803E-07
vn 0.805664062 0.592285156 0
vn 0.875 0.484375 0
vn 0.875 0.484130859 -4.17232513E-07
vn 0.932128906 0.362060547 0
vn 0.932128906 0.362060547 0
vn 0.952636719 -0.304199219 0
vn 0.9921875 -0.123474121 0
vn 0.402099609 -0.915527344 0
vn 0.402099609 -0.915527344 0
vn 0.769042969 0.639160156 0
vn 0.697265625 0.716796875 0
vn 0.9765625 -0.216308594 0
vn 0.975097656 -0.22265625 0
vn 0.939941406 -0.341064453 1.13248825E-06
vn 0.939453125 -0.343017578 0
vn 0.902832031 -0.429931641 2.08616257E-06
vn 0.902832031 -0.429931641 0
vn 0.866699219 -0.498779297 1.1920929E-06
vn 0.866699219 -0.498779297 0
vn 0.834960938 -0.550292969 0
vn 0.834960938 -0.550292969 0
vn 0.790527344 -0.612304688 0
vn 0.790527344 -0.612304688 0
vn 0.696289062 -0.717773438 6.55651093E-07
vn 0.696289062 -0.717773438 0
vn 0.52734375 -0.849609375 1.1920929E-07
vn 0.52734375 -0.849609375 1.54972076E-06
vn 0.364013672 -0.931640625 8.94069672E-07
vn 0.364013672 -0.931640625 1.1920929E-07
vn 0.208129883 -0.978027344 0
vn 0.208129883 -0.978027344 0
vn 0.130615234 -0.991210938 0
vn 0.130615234 -0.991210938 0
vn -0 -1 0
vn -0 -1 0
vn 0.362792969 0.931640625 0
vn 0.362792969 0.931640625 0
vn 0.697265625 0.716796875 0
vn 0.769042969 0.639160156 0
vn 0.999511719 0.0330810547 0
vn 0.999511719 0.0330810547 0
vn 0.999511719 0.0330810547 0
vn 0.999511719 0.0330810547 0
vn 0.84765625 -0.530761719 0
vn 0.697753906 -0.716308594 0
vn 0.697753906 -0.716308594 0
vn 0.825195312 -0.564941406 0
vn 0.975097656 -0.22277832 0
vn 0.97265625 -0.232299805 0
vn 0.998046875 -0.0625610352 0
vn 0.998046875 -0.0613708496 0
vn 1 0.0191040039 0
vn 1 0.0191040039 0
vn 0.993164062 0.114807129 0
vn 0.993652344 0.112792969 0
vn 0.933105469 0.359375 0
vn 0.920410156 0.391357422 0
vn 0.636230469 0.771484375 0
vn 0.605957031 0.795410156 0
vn 0.555664062 0.831542969 0
vn 0.555664062 0.831542969 0
vn 0.996582031 0.0833740234 0
vn 0.996582031 0.0833740234 0
vn 0.996582031 0.0833740234 0
vn 0.996582031 0.0833740234 0
vn 0.485107422 -0.874511719 0
vn 0.485107422 -0.874511719 0
vn 0.485107422 -0.874511719 0
vn 0.485107422 -0.874511719 0
vn 0.333251953 0.942871094 0
vn 0.333251953 0.942871094 0
vn 0.333251953 0.942871094 0
vn 0.333251953 0.942871094 0
vn 0.940429688 -0.339355469 0
vn 0.855957031 -0.517089844 0
vn 0.855957031 -0.517089844 0
vn 0.925292969 -0.379150391 0
vn 1 -0.021270752 0
vn 1 -0.0180664062 0
vn 0.979003906 0.203491211 0
vn 0.978515625 0.205444336 -1.43051147E-06
vn 0.756835938 0.653808594 0
vn 0.702636719 0.711425781 -1.7285347E-06
vn 0.322265625 0.946777344 0
vn 0.322265625 0.946777344 -4.76837158E-07
vn 1 9.23871994E-06 0
vn 1 9.23871994E-06 0
vn 1 9.23871994E-06 0
vn 1 9.23871994E-06 0
vn 0.000250816345 0.571289062 0.820800781
vn 2.98023224E-07 0.220947266 0.975097656
vn 0.000262498856 0.559082031 0.829101562
vn 2.38418579E-07 0.211425781 0.977539062
vn 7.49230385E-05 -0.306884766 0.951660156
vn 7.68899918E-05 -0.314941406 0.94921875
vn 0.000138640404 -0.446777344 0.89453125
vn 0.000137925148 -0.438476562 0.898925781
vn 8.18371773E-05 -0.123535156 0.9921875
vn 8.0704689E-05 -0.121704102 0.992675781
vn 3.57031822E-05 -0.0516052246 0.998535156
vn 3.54647636E-05 -0.051361084 0.998535156
vn 2.86102295E-06 0.00121974945 1
vn 2.86102295E-06 0.00124263763 1
vn -1.80602074E-05 0.0595397949 0.998046875
vn -1.80602074E-05 0.0589294434 0.998046875
vn -3.62992287E-05 0.278320312 0.960449219
vn -3.70144844E-05 0.287109375 0.958007812
vn -3.83257866E-05 0.75390625 0.656738281
vn -3.85046005E-05 0.751953125 0.659179688
vn -3.49879265E-05 0.795410156 0.605957031
vn -3.49879265E-05 0.795410156 0.605957031
vn -1.78813934E-07 -0.460693359 0.887695312
vn 0.000364780426 -0.371337891 0.928710938
vn -1.78813934E-07 -0.460693359 0.887695312
vn 0.000336408615 -0.378417969 0.92578125
vn 0.000771522522 -0.114685059 0.993164062
vn 0.000790596008 -0.122436523 0.992675781
vn -8.18967819E-05 0.0206604004 1
vn -0.000191807747 0.0302124023 0.999511719
vn -0.000410556793 0.551757812 0.833984375
vn -0.000475883484 0.475830078 0.879394531
vn 7.74860382E-07 0.883300781 0.468505859
vn 7.74860382E-07 0.883300781 0.468505859
vn 0.704101562 0.710449219 0
vn 0.724121094 0.689453125 0
vn 0.636230469 0.771484375 0
vn 0.656738281 0.75390625 0
vn 0.927734375 -0.373779297 0
vn 0.896972656 -0.442138672 0
vn 0.8828125 -0.469726562 0
vn 0.862304688 -0.506347656 0
vn 0.984375 -0.175537109 0
vn 0.986328125 -0.166015625 0
vn 0.999511719 -0.0236968994 0
vn 0.999511719 -0.0229949951 0
vn 1 0.0191040039 0
vn 1 0.0191040039 0
vn 0.998046875 0.061340332 0
vn 0.998046875 0.0604858398 0
vn 0.958007812 0.286376953 0
vn 0.946777344 0.322021484 0
vn 0.611816406 0.791015625 0
vn 0.646972656 0.762695312 0
vn 0.555664062 0.831054688 0
vn 0.555664062 0.831054688 0
vn 0.830566406 -0.557128906 0
vn 0.891113281 -0.453613281 0
vn 0.830566406 -0.557128906 0
vn 0.905273438 -0.424560547 0
vn 0.98828125 -0.151367188 0
vn 0.989257812 -0.146850586 0
vn 0.999023438 -0.0493469238 0
vn 0.999023438 -0.0488891602 0
vn 0.873046875 0.487792969 0
vn 0.926269531 0.376464844 0
vn 0.400390625 0.916503906 0
vn 0.400390625 0.916503906 0
vn 0.73828125 -0.674804688 0
vn 0.73828125 -0.674804688 0
vn 0.73828125 -0.674804688 0
vn 0.73828125 -0.674804688 0
vn -0.878417969 0.274902344 0.391357422
vn -0.855957031 -0.26171875 0.445800781
vn -0.870117188 -0.209838867 0.446289062
vn -0.54296875 -0.761230469 0.354980469
vn 0.842773438 0.538574219 0
vn 0.787597656 0.616210938 0
vn 0.787597656 0.616210938 0
vn 0.842773438 0.538574219 0
vn 0.889160156 0.458007812 0
vn 0.889160156 0.458007812 0
vn 0.848632812 0.528808594 0
vn 0.848632812 0.528808594 0
vn 0.784667969 0.619628906 0
vn 0.784667969 0.619628906 0
vn 0.718261719 0.695800781 0
vn 0.718261719 0.695800781 0
vn 0.62109375 0.783691406 0
vn 0.62109375 0.783691406 0
vn 0.473876953 0.880371094 0
vn 0.473876953 0.880371094 0
vn 0.291015625 0.956542969 0
vn 0.291015625 0.956542969 -0.00162792206
vn 0.0354003906 0.10723877 0.993652344
vn 0.346435547 0.937988281 0
vn 0.969726562 0.244628906 0
vn 0.899902344 0.436035156 0
vn 0.193603516 0.980957031 1.78813934E-07
vn -0.346435547 0.937988281 1.1920929E-07
vn 0.0257110596 0.999511719 0
vn -0 0.190551758 0.981445312
vn -0 0 1
vn -0 0 1
vn -0 0 1
vn -0 0 1
vn -0 0 1
vn -0 0 1
vn -0 0 1
vn -0 0 1
vn -0 0 1
vn -0 0 1
vn -0 0 1
vn -0 0 1
vn -0 0 1
vn -0 0 1
vn -0 0 1
vn -0 0 1
vn -0 0 1
vn -0 0 1
vn -0.00158596039 0.0480651855 0.999023438
vn -0.00172328949 0.0522155762 0.998535156
vn -0.00100135803 0.113464355 0.993652344
vn -0.00242805481 0.119140625 0.992675781
vn 0.000262498856 0.559082031 0.829101562
vn 0.000250816345 0.571289062 0.820800781
vn -0 0 1
vn -0 0 1
vn -0 0 1
vn -0 0 1
vn 0.996582031 0.0833740234 0
vn 0.996582031 0.0833740234 0
vn 0.996582031 0.0833740234 0
vn 0.996582031 0.0833740234 0
vn 9.83476639E-06 -0.901855469 0.432128906
vn 9.83476639E-06 -0.901855469 0.432128906
vn 9.83476639E-06 -0.901855469 0.432128906
vn 9.83476639E-06 -0.901855469 0.432128906
vn 0.485107422 -0.874511719 0
vn 0.485107422 -0.874511719 0
vn 0.485107422 -0.874511719 0
vn 0.485107422 -0.874511719 0
vn 0.996582031 -0.0816650391 0
vn 0.704101562 0.710449219 0
vn 0.636230469 0.771484375 0
vn 0.996582031 -0.0796508789 0
vn 0.994628906 -0.102844238 0
vn 0.994628906 -0.102844238 0
vn 0.294189453 0.136108398 0.945800781
vn 0.328125 0.0409545898 0.943847656
vn 0.296875 0.12902832 0.946289062
vn 0.266113281 0.208129883 0.94140625
vn 2.98023224E-07 0.976074219 0.216430664
vn 2.98023224E-07 0.976074219 0.216430664
vn 2.98023224E-07 0.976074219 0.216430664
vn 2.98023224E-07 0.976074219 0.216430664
vn 0.253417969 0.967285156 0
vn 0.253417969 0.967285156 0
vn 0.253417969 0.967285156 0
vn 0.253417969 0.967285156 0
vn -0 0 1
vn -0 0 1
vn -0 0 1
vn -0 0 1
vn 1 0 0
vn 1 0 0
vn 1 0 0
vn 1 0 0
vn -2.98023224E-07 -0.500976562 0.865722656
vn -5.36441803E-07 -0.973144531 0.23034668
vn -5.36441803E-07 -0.973144531 0.23034668
vn 0.197021484 -0.828125 0.524414062
vn -0 0 1
vn -0.00407409668 -0.0231323242 0.999511719
vn -0.000968933105 -0.0023765564 1
vn 0.295410156 -0.177856445 0.938476562
vn -0.00214004517 -0.00423812866 1
vn -0.00206756592 -0.00428771973 1
vn -0.00122833252 -0.00206565857 1
vn -0.00108528137 -0.00182437897 1
vn -8.34465027E-07 2.50339508E-06 1
vn -8.94069672E-07 2.50339508E-06 1
vn -0 -9.53674316E-07 1
vn -0 -9.53674316E-07 1
vn 5.96046448E-07 -3.63588333E-06 1
vn 5.96046448E-07 -3.63588333E-06 1
vn 4.76837158E-07 -2.68220901E-06 1
vn 5.96046448E-07 -2.86102295E-06 1
vn -1.78813934E-07 -1.7285347E-06 1
vn -1.78813934E-07 -1.7285347E-06 1
vn 0.369384766 -0.781738281 0.502441406
vn 0.744140625 -0.66796875 0
vn 0.791503906 -0.611328125 0
vn 0.791503906 -0.610839844 0
vn 0.747070312 -0.665039062 0
vn 0.747070312 -0.665039062 0
vn 0.699707031 -0.714355469 0
vn 0.699707031 -0.714355469 0
vn 0.637695312 -0.770507812 0
vn 0.637695312 -0.770507812 -7.15255737E-07
vn 0.568847656 -0.822753906 -1.1920929E-07
vn 0.568847656 -0.822753906 -1.31130219E-06
vn 0.503417969 -0.864257812 -1.96695328E-06
vn 0.503417969 -0.864257812 0
vn 0.471679688 -0.881835938 0
vn 0.471679688 -0.881835938 -2.68220901E-06
vn -0.179931641 -0.110656738 0.977539062
vn 0.349609375 0.0363769531 0.936035156
vn 0.188842773 0.0654296875 0.979980469
vn 0.994628906 0.10345459 0
vn 0.944824219 0.327392578 0
vn 0.79296875 -0.609375 0
vn 0.23425293 -0.972167969 0
vn 0.23425293 -0.972167969 0
vn -0.438232422 0.898925781 2.20537186E-06
vn -0.438232422 0.898925781 -1.78813934E-07
vn -0.480712891 0.876953125 -1.1920929E-07
vn -0.480712891 0.876953125 1.07288361E-06
vn -0.566894531 0.823730469 0
vn -0.566894531 0.823730469 0
vn -0.645019531 0.764160156 0
vn -0.645019531 0.764160156 0
vn -0.709472656 0.704589844 0
vn -0.709472656 0.704589844 0
vn -0.764648438 0.644042969 0
vn -0.764648438 0.644042969 0
vn -0.805664062 0.592285156 -5.36441803E-07
vn -0.805664062 0.592285156 0
vn -0.875 0.484375 0
vn -0.875 0.484130859 -4.17232513E-07
vn -0.932128906 0.362060547 0
vn -0.932128906 0.362060547 0
vn -0.952636719 -0.304199219 0
vn -0.9921875 -0.123474121 0
vn -0.402099609 -0.915527344 0
vn -0.402099609 -0.915527344 0
vn -0.769042969 0.639160156 0
vn -0.9765625 -0.216308594 0
vn -0.697265625 0.716796875 0
vn -0.975097656 -0.22265625 0
vn -0.939941406 -0.341064453 1.13248825E-06
vn -0.939453125 -0.343017578 0
vn -0.902832031 -0.429931641 2.14576721E-06
vn -0.902832031 -0.429931641 0
vn -0.866699219 -0.498779297 1.1920929E-06
vn -0.866699219 -0.498779297 0
vn -0.834960938 -0.550292969 0
vn -0.834960938 -0.550292969 0
vn -0.790527344 -0.612304688 0
vn -0.790527344 -0.612304688 0
vn -0.696289062 -0.717773438 6.55651093E-07
vn -0.696289062 -0.717773438 0
vn -0.52734375 -0.849609375 -1.1920929E-07
vn -0.52734375 -0.849609375 1.31130219E-06
vn -0.364013672 -0.931640625 6.55651093E-07
vn -0.364013672 -0.931640625 -1.1920929E-07
vn -0.208129883 -0.978027344 0
vn -0.208129883 -0.978027344 0
vn -0.130615234 -0.991210938 0
vn -0.130615234 -0.991210938 0
vn -0 -1 0
vn -0 -1 0
vn -0.685058594 0.728515625 0
vn -0.769042969 0.639160156 0
vn -0.697265625 0.716796875 0
vn -0.753417969 0.657714844 0
vn -0.912109375 -0.41015625 0
vn -0.875976562 -0.481933594 0
vn -0.84765625 -0.530761719 0
vn -0.825195312 -0.564941406 0
vn -0.975097656 -0.22277832 0
vn -0.97265625 -0.232299805 0
vn -0.998046875 -0.0625610352 0
vn -0.998046875 -0.0613708496 0
vn -1 0.0191040039 0
vn -1 0.0191040039 0
vn -0.993164062 0.114807129 0
vn -0.993652344 0.112792969 0
vn -0.933105469 0.359375 0
vn -0.920410156 0.391357422 0
vn -0.636230469 0.771484375 0
vn -0.605957031 0.795410156 0
vn -0.555664062 0.831542969 0
vn -0.555664062 0.831542969 0
vn -0.996582031 0.0833740234 0
vn -0.996582031 0.0833740234 0
vn -0.996582031 0.0833740234 0
vn -0.996582031 0.0833740234 0
vn -0.485107422 -0.874511719 0
vn -0.485107422 -0.874511719 0
vn -0.485107422 -0.874511719 0
vn -0.485107422 -0.874511719 0
vn -0.333251953 0.942871094 0
vn -0.333251953 0.942871094 0
vn -0.333251953 0.942871094 0
vn -0.333251953 0.942871094 0
vn -0.940429688 -0.339355469 0
vn -0.855957031 -0.517089844 0
vn -0.855957031 -0.517089844 0
vn -0.925292969 -0.379150391 0
vn -1 -0.021270752 0
vn -1 -0.0180664062 0
vn -0.979003906 0.203491211 0
vn -0.978515625 0.205444336 -1.37090683E-06
vn -0.756835938 0.653808594 0
vn -0.702636719 0.711425781 -1.78813934E-06
vn -0.322265625 0.946777344 0
vn -0.322265625 0.946777344 -6.55651093E-07
vn -1 9.23871994E-06 0
vn -1 9.23871994E-06 0
vn -1 9.23871994E-06 0
vn -1 9.23871994E-06 0
vn -0.000250816345 0.571289062 -0.820800781
vn -8.94069672E-07 0.787109375 -0.616699219
vn -8.94069672E-07 0.787109375 -0.616699219
vn -0.000262498856 0.559082031 -0.829101562
vn 1.78813934E-07 -0.460693359 -0.887695312
vn -0.000364542007 -0.371337891 -0.928710938
vn 1.78813934E-07 -0.460693359 -0.887695312
vn -0.000336408615 -0.378417969 -0.92578125
vn -0.000771522522 -0.114685059 -0.993164062
vn -0.000790596008 -0.122436523 -0.992675781
vn 8.18967819E-05 0.0206604004 -1
vn 0.000191807747 0.0302124023 -0.999511719
vn 0.000410556793 0.551757812 -0.833984375
vn 0.000475883484 0.475830078 -0.879394531
vn -7.74860382E-07 0.883300781 -0.468505859
vn -7.74860382E-07 0.883300781 -0.468505859
vn -0.704101562 0.710449219 0
vn -0.332519531 0.942871094 0
vn -0.332519531 0.942871094 0
vn -0.636230469 0.771484375 0
vn -0.830566406 -0.557128906 0
vn -0.891113281 -0.453613281 0
vn -0.830566406 -0.557128906 0
vn -0.905273438 -0.424560547 0
vn -0.98828125 -0.151367188 0
vn -0.989257812 -0.146850586 0
vn -0.999023438 -0.0493469238 0
vn -0.999023438 -0.0488891602 0
vn -0.873046875 0.487792969 0
vn -0.926269531 0.376464844 0
vn -0.400390625 0.916503906 0
vn -0.400390625 0.916503906 0
vn -0.73828125 -0.674804688 0
vn -0.73828125 -0.674804688 0
vn -0.634277344 -0.772949219 0
vn -0.682617188 -0.730957031 0
vn -0 -1 0
vn 0.878417969 0.274902344 -0.391357422
vn 0.855957031 -0.26171875 -0.445800781
vn 0.870117188 -0.209838867 -0.446289062
vn 0.54296875 -0.761230469 -0.354980469
vn -0.842773438 0.538574219 0
vn -0.787597656 0.616210938 0
vn -0.787597656 0.616210938 0
vn -0.842773438 0.538574219 0
vn -0.889160156 0.458007812 0
vn -0.889160156 0.458007812 0
vn -0.848632812 0.528808594 0
vn -0.848632812 0.528808594 0
vn -0.784667969 0.619628906 0
vn -0.784667969 0.619628906 0
vn -0.718261719 0.695800781 0
vn -0.718261719 0.695800781 0
vn -0.62109375 0.783691406 0
vn -0.62109375 0.783691406 0
vn -0.473876953 0.880371094 0
vn -0.473876953 0.880371094 0
vn -0.291015625 0.956542969 0
vn -0.291015625 0.956542969 0.00162792206
vn -0.0354003906 0.10723877 -0.993652344
vn -0.346435547 0.937988281 0
vn -0.969726562 0.244628906 0
vn -0.899902344 0.436035156 0
vn -0.193603516 0.980957031 -2.38418579E-07
vn 0.346435547 0.937988281 -1.78813934E-07
vn -0.0257110596 0.999511719 0
vn -0 0.190551758 -0.981445312
vn -0 0 -1
vn -0 0 -1
vn -0 0 -1
vn -0 0 -1
vn -0 0 -1
vn -0 0 -1
vn -0 0 -1
vn -0 0 -1
vn -0 0 -1
vn -0 0 -1
vn -0 0 -1
vn -0 0 -1
vn -0 0 -1
vn -0 0 -1
vn -0 0 -1
vn -0 0 -1
vn -0 0 -1
vn -0 0 -1
vn 0.00158596039 0.0480651855 -0.999023438
vn 0.00172328949 0.0522155762 -0.998535156
vn 0.00100135803 0.113464355 -0.993652344
vn 0.00242805481 0.119140625 -0.992675781
vn -0.000262498856 0.559082031 -0.829101562
vn -0.000250816345 0.571289062 -0.820800781
vn -0.000149726868 -0.61328125 -0.789550781
vn -0.000138640404 -0.446777344 -0.89453125
vn -0.000149726868 -0.61328125 -0.789550781
vn -0.000137925148 -0.438476562 -0.898925781
vn -8.18371773E-05 -0.123535156 -0.9921875
vn -8.0704689E-05 -0.121704102 -0.992675781
vn -3.57031822E-05 -0.0516052246 -0.998535156
vn -3.54647636E-05 -0.051361084 -0.998535156
vn -2.86102295E-06 0.00121974945 -1
vn -2.86102295E-06 0.00124263763 -1
vn 1.80602074E-05 0.0595397949 -0.998046875
vn 1.80602074E-05 0.0589294434 -0.998046875
vn 3.62992287E-05 0.278320312 -0.960449219
vn 3.70144844E-05 0.287109375 -0.958007812
vn 3.83257866E-05 0.75390625 -0.656738281
vn 3.85046005E-05 0.751953125 -0.659179688
vn 3.49879265E-05 0.795410156 -0.605957031
vn 3.49879265E-05 0.795410156 -0.605957031
vn -0.746582031 -0.665527344 0
vn -0.746582031 -0.665527344 0
vn -0.8828125 -0.469726562 0
vn -0.862304688 -0.506347656 0
vn -0.984375 -0.175537109 0
vn -0.986328125 -0.166015625 0
vn -0.999511719 -0.0236968994 0
vn -0.999511719 -0.0229949951 0
vn -1 0.0191040039 0
vn -1 0.0191040039 0
vn -0.998046875 0.061340332 0
vn -0.998046875 0.0604858398 0
vn -0.958007812 0.286376953 0
vn -0.946777344 0.322021484 0
vn -0.611816406 0.791015625 0
vn -0.646972656 0.762695312 0
vn -0.555664062 0.831054688 0
vn -0.555664062 0.831054688 0
vn -0 0 -1
vn -0 0 -1
vn -0 0 -1
vn -0 0 -1
vn -1 -0.00621414185 0
vn -1 -0.00621414185 0
vn -1 -0.00621414185 0
vn -1 -0.00621414185 0
vn -0 0 -1
vn -0 0 -1
vn -0 0 -1
vn -0 0 -1
vn -0.996582031 0.0833740234 0
vn -0.996582031 0.0833740234 0
vn -0.996582031 0.0833740234 0
vn -0.996582031 0.0833740234 0
vn -9.83476639E-06 -0.901855469 -0.432128906
vn -9.83476639E-06 -0.901855469 -0.432128906
vn -9.83476639E-06 -0.901855469 -0.432128906
vn -9.83476639E-06 -0.901855469 -0.432128906
vn -0.485107422 -0.874511719 0
vn -0.485107422 -0.874511719 0
vn -0.485107422 -0.874511719 0
vn -0.485107422 -0.874511719 0
vn -0.996582031 -0.0816650391 0
vn -0.704101562 0.710449219 0
vn -0.636230469 0.771484375 0
vn -0.996582031 -0.0796508789 0
vn -0.994628906 -0.102844238 0
vn -0.994628906 -0.102844238 0
vn -0.294189453 0.136108398 -0.945800781
vn -0.328125 0.0409545898 -0.943847656
vn -0.296875 0.12902832 -0.946289062
vn -0.266113281 0.208129883 -0.94140625
vn -2.98023224E-07 0.976074219 -0.216430664
vn -2.98023224E-07 0.976074219 -0.216430664
vn -2.98023224E-07 0.976074219 -0.216430664
vn -2.98023224E-07 0.976074219 -0.216430664
vn -0.253417969 0.967285156 0
vn -0.253417969 0.967285156 0
vn -0.253417969 0.967285156 0
vn -0.253417969 0.967285156 0
vn -0 0 -1
vn -0 0 -1
vn -0 0 -1
vn -0 0 -1
vn -1 0 0
vn -1 0 0
vn -1 0 0
vn -1 0 0
vn 2.98023224E-07 -0.500976562 -0.865722656
vn 5.36441803E-07 -0.973144531 -0.23034668
vn 5.36441803E-07 -0.973144531 -0.23034668
vn 4.17232513E-07 -0.767089844 -0.641113281
vn -0 0 -1
vn -0 0 -1
vn -0 0 -1
vn 0.000968933105 -0.0023765564 -1
vn -0 -1.1920929E-07 -1
vn -0 -1.1920929E-07 -1
vn 0.000784873962 -0.00192451477 -1
vn 0.00214004517 -0.00423812866 -1
vn 0.00206756592 -0.00428771973 -1
vn 0.00122833252 -0.00206565857 -1
vn 0.00108528137 -0.00182437897 -1
vn 8.34465027E-07 2.50339508E-06 -1
vn 8.94069672E-07 2.50339508E-06 -1
vn -0 -9.53674316E-07 -1
vn -0 -9.53674316E-07 -1
vn -5.96046448E-07 -3.63588333E-06 -1
vn -5.96046448E-07 -3.63588333E-06 -1
vn -4.17232513E-07 -2.68220901E-06 -1
vn -5.36441803E-07 -2.86102295E-06 -1
vn 2.38418579E-07 -1.7285347E-06 -1
vn 2.38418579E-07 -1.7285347E-06 -1
vn -0.700683594 -0.713378906 0
vn -0.23425293 -0.972167969 0
vn -0.23425293 -0.972167969 0
vn -0.79296875 -0.609375 0
vn -0.994628906 0.10345459 0
vn -0.994628906 0.10345459 0
vn -0.944824219 0.327392578 0
vn -0.944824219 0.327392578 0
vn -0.866699219 -0.498779297 1.1920929E-07
vn -0.844238281 -0.502441406 -0.186401367
vn -0.825683594 -0.229614258 -0.515136719
vn -0.744140625 -0.66796875 0
vn -0.791503906 -0.611328125 0
vn -0.791503906 -0.610839844 0
vn -0.747070312 -0.665039062 0
vn -0.747070312 -0.665039062 0
vn -0.699707031 -0.714355469 0
vn -0.699707031 -0.714355469 0
vn -0.637695312 -0.770507812 0
vn -0.637695312 -0.770507812 7.15255737E-07
vn -0.568847656 -0.822753906 1.1920929E-07
vn -0.568847656 -0.822753906 1.31130219E-06
vn -0.503417969 -0.864257812 1.96695328E-06
vn -0.503417969 -0.864257812 0
vn -0.471679688 -0.881835938 0
vn -0.471679688 -0.881835938 2.68220901E-06
vn 0.438232422 0.898925781 -2.20537186E-06
vn 0.438232422 0.898925781 1.78813934E-07
vn 0.480712891 0.876953125 1.1920929E-07
vn 0.480712891 0.876953125 -1.07288361E-06
vn 0.566894531 0.823730469 0
vn 0.566894531 0.823730469 0
vn 0.645019531 0.764160156 0
vn 0.645019531 0.764160156 0
vn 0.709472656 0.704589844 0
vn 0.709472656 0.704589844 0
vn 0.764648438 0.644042969 0
vn 0.764648438 0.644042969 0
vn 0.805664062 0.592285156 5.36441803E-07
vn 0.805664062 0.592285156 0
vn 0.875 0.484375 0
vn 0.875 0.484130859 4.17232513E-07
vn 0.932128906 0.362060547 0
vn 0.932128906 0.362060547 0
vn 0.952636719 -0.304199219 0
vn 0.9921875 -0.123474121 0
vn 0.402099609 -0.915527344 0
vn 0.402099609 -0.915527344 0
vn 0.769042969 0.639160156 0
vn 0.9765625 -0.216308594 0
vn 0.697265625 0.716796875 0
vn 0.975097656 -0.22265625 0
vn 0.939941406 -0.341064453 -1.13248825E-06
vn 0.939453125 -0.343017578 0
vn 0.902832031 -0.429931641 -2.14576721E-06
vn 0.902832031 -0.429931641 0
vn 0.866699219 -0.498779297 -1.1920929E-06
vn 0.866699219 -0.498779297 0
vn 0.834960938 -0.550292969 0
vn 0.834960938 -0.550292969 0
vn 0.790527344 -0.612304688 0
vn 0.790527344 -0.612304688 0
vn 0.696289062 -0.717773438 -6.55651093E-07
vn 0.696289062 -0.717773438 0
vn 0.52734375 -0.849609375 1.1920929E-07
vn 0.52734375 -0.849609375 -1.31130219E-06
vn 0.364013672 -0.931640625 -6.55651093E-07
vn 0.364013672 -0.931640625 1.1920929E-07
vn 0.208129883 -0.978027344 0
vn 0.208129883 -0.978027344 0
vn 0.130615234 -0.991210938 0
vn 0.130615234 -0.991210938 0
vn -0 -1 0
vn -0 -1 0
vn 0.362792969 0.931640625 0
vn 0.769042969 0.639160156 0
vn 0.697265625 0.716796875 0
vn 0.362792969 0.931640625 0
vn 0.999511719 0.0330810547 0
vn 0.999511719 0.0330810547 0
vn 0.999511719 0.0330810547 0
vn 0.999511719 0.0330810547 0
vn 0.84765625 -0.530761719 0
vn 0.697753906 -0.716308594 0
vn 0.697753906 -0.716308594 0
vn 0.825195312 -0.564941406 0
vn 0.975097656 -0.22277832 0
vn 0.97265625 -0.232299805 0
vn 0.998046875 -0.0625610352 0
vn 0.998046875 -0.0613708496 0
vn 1 0.0191040039 0
vn 1 0.0191040039 0
vn 0.993164062 0.114807129 0
vn 0.993652344 0.112792969 0
vn 0.933105469 0.359375 0
vn 0.920410156 0.391357422 0
vn 0.636230469 0.771484375 0
vn 0.605957031 0.795410156 0
vn 0.555664062 0.831542969 0
vn 0.555664062 0.831542969 0
vn 0.996582031 0.0833740234 0
vn 0.996582031 0.0833740234 0
vn 0.996582031 0.0833740234 0
vn 0.996582031 0.0833740234 0
vn 0.485107422 -0.874511719 0
vn 0.485107422 -0.874511719 0
vn 0.485107422 -0.874511719 0
vn 0.485107422 -0.874511719 0
vn 0.333251953 0.942871094 0
vn 0.333251953 0.942871094 0
vn 0.333251953 0.942871094 0
vn 0.333251953 0.942871094 0
vn 0.940429688 -0.339355469 0
vn 0.855957031 -0.517089844 0
vn 0.855957031 -0.517089844 0
vn 0.925292969 -0.379150391 0
vn 1 -0.021270752 0
vn 1 -0.0180664062 0
vn 0.979003906 0.203491211 0
vn 0.978515625 0.205444336 1.37090683E-06
vn 0.756835938 0.653808594 0
vn 0.702636719 0.711425781 1.78813934E-06
vn 0.322265625 0.946777344 0
vn 0.322265625 0.946777344 6.55651093E-07
vn 1 9.23871994E-06 0
vn 1 9.23871994E-06 0
vn 1 9.23871994E-06 0
vn 1 9.23871994E-06 0
vn 0.000250816345 0.571289062 -0.820800781
vn 0.000262498856 0.559082031 -0.829101562
vn 2.38418579E-07 0.220947266 -0.975097656
vn 2.38418579E-07 0.211425781 -0.977539062
vn 7.49230385E-05 -0.306884766 -0.951660156
vn 7.68303871E-05 -0.314941406 -0.94921875
vn 0.000138640404 -0.446777344 -0.89453125
vn 0.000137925148 -0.438476562 -0.898925781
vn 8.18371773E-05 -0.123535156 -0.9921875
vn 8.07642937E-05 -0.121704102 -0.992675781
vn 3.57031822E-05 -0.0516052246 -0.998535156
vn 3.54647636E-05 -0.051361084 -0.998535156
vn 2.86102295E-06 0.00121974945 -1
vn 2.86102295E-06 0.00124263763 -1
vn -1.80602074E-05 0.0595397949 -0.998046875
vn -1.80602074E-05 0.0589294434 -0.998046875
vn -3.62992287E-05 0.278320312 -0.960449219
vn -3.70144844E-05 0.287109375 -0.958007812
vn -3.83257866E-05 0.75390625 -0.656738281
vn -3.85046005E-05 0.751953125 -0.659179688
vn -3.49879265E-05 0.795410156 -0.605957031
vn -3.49879265E-05 0.795410156 -0.605957031
vn -1.78813934E-07 -0.460693359 -0.887695312
vn -1.78813934E-07 -0.460693359 -0.887695312
vn 0.000364542007 -0.371337891 -0.928710938
vn 0.000336408615 -0.378417969 -0.92578125
vn 0.000771522522 -0.114685059 -0.993164062
vn 0.000790596008 -0.122436523 -0.992675781
vn -8.18967819E-05 0.0206604004 -1
vn -0.000191807747 0.0302124023 -0.999511719
vn -0.000410556793 0.551757812 -0.833984375
vn -0.000475883484 0.475830078 -0.879394531
vn 7.74860382E-07 0.883300781 -0.468505859
vn 7.74860382E-07 0.883300781 -0.468505859
vn 0.704101562 0.710449219 0
vn 0.636230469 0.771484375 0
vn 0.724121094 0.689453125 0
vn 0.656738281 0.75390625 0
vn 0.927734375 -0.373779297 0
vn 0.896972656 -0.442138672 0
vn 0.8828125 -0.469726562 0
vn 0.862304688 -0.506347656 0
vn 0.984375 -0.175537109 0
vn 0.986328125 -0.166015625 0
vn 0.999511719 -0.0236968994 0
vn 0.999511719 -0.0229949951 0
vn 1 0.0191040039 0
vn 1 0.0191040039 0
vn 0.998046875 0.061340332 0
vn 0.998046875 0.0604858398 0
vn 0.958007812 0.286376953 0
vn 0.946777344 0.322021484 0
vn 0.611816406 0.791015625 0
vn 0.646972656 0.762695312 0
vn 0.555664062 0.831054688 0
vn 0.555664062 0.831054688 0
vn 0.830566406 -0.557128906 0
vn 0.830566406 -0.557128906 0
vn 0.891113281 -0.453613281 0
vn 0.905273438 -0.424560547 0
vn 0.98828125 -0.151367188 0
vn 0.989257812 -0.146850586 0
vn 0.999023438 -0.0493469238 0
vn 0.999023438 -0.0488891602 0
vn 0.873046875 0.487792969 0
vn 0.926269531 0.376464844 0
vn 0.400390625 0.916503906 0
vn 0.400390625 0.916503906 0
vn 0.73828125 -0.674804688 0
vn 0.73828125 -0.674804688 0
vn 0.73828125 -0.674804688 0
vn 0.73828125 -0.674804688 0
vn -0.878417969 0.274902344 -0.391357422
vn -0.870117188 -0.209838867 -0.446289062
vn -0.855957031 -0.26171875 -0.445800781
vn -0.54296875 -0.761230469 -0.354980469
vn 0.842773438 0.538574219 0
vn 0.787597656 0.616210938 0
vn 0.787597656 0.616210938 0
vn 0.842773438 0.538574219 0
vn 0.889160156 0.458007812 0
vn 0.889160156 0.458007812 0
vn 0.848632812 0.528808594 0
vn 0.848632812 0.528808594 0
vn 0.784667969 0.619628906 0
vn 0.784667969 0.619628906 0
vn 0.718261719 0.695800781 0
vn 0.718261719 0.695800781 0
vn 0.62109375 0.783691406 0
vn 0.62109375 0.783691406 0
vn 0.473876953 0.880371094 0
vn 0.473876953 0.880371094 0
vn 0.291015625 0.956542969 0
vn 0.291015625 0.956542969 0.00162792206
vn 0.0354003906 0.10723877 -0.993652344
vn 0.346435547 0.937988281 0
vn 0.969726562 0.244628906 0
vn 0.899902344 0.436035156 0
vn 0.193603516 0.980957031 1.78813934E-07
vn -0.346435547 0.937988281 1.1920929E-07
vn 0.0257110596 0.999511719 0
vn -0 0.190551758 -0.981445312
vn -0 0 -1
vn -0 0 -1
vn -0 0 -1
vn -0 0 -1
vn -0 0 -1
vn -0 0 -1
vn -0 0 -1
vn -0 0 -1
vn -0 0 -1
vn -0 0 -1
vn -0 0 -1
vn -0 0 -1
vn -0 0 -1
vn -0 0 -1
vn -0 0 -1
vn -0 0 -1
vn -0 0 -1
vn -0 0 -1
vn -0.00158596039 0.0480651855 -0.999023438
vn -0.00172328949 0.0522155762 -0.998535156
vn -0.00100135803 0.113464355 -0.993652344
vn -0.00242805481 0.119140625 -0.992675781
vn 0.000262498856 0.559082031 -0.829101562
vn 0.000250816345 0.571289062 -0.820800781
vn -0 0 -1
vn -0 0 -1
vn -0 0 -1
vn -0 0 -1
vn 0.996582031 0.0833740234 0
vn 0.996582031 0.0833740234 0
vn 0.996582031 0.0833740234 0
vn 0.996582031 0.0833740234 0
vn 9.83476639E-06 -0.901855469 -0.432128906
vn 9.83476639E-06 -0.901855469 -0.432128906
vn 9.83476639E-06 -0.901855469 -0.432128906
vn 9.83476639E-06 -0.901855469 -0.432128906
vn 0.485107422 -0.874511719 0
vn 0.485107422 -0.874511719 0
vn 0.485107422 -0.874511719 0
vn 0.485107422 -0.874511719 0
vn 0.996582031 -0.0816650391 0
vn 0.636230469 0.771484375 0
vn 0.704101562 0.710449219 0
vn 0.996582031 -0.0796508789 0
vn 0.994628906 -0.102844238 0
vn 0.994628906 -0.102844238 0
vn 0.294189453 0.136108398 -0.945800781
vn 0.296875 0.12902832 -0.946289062
vn 0.328125 0.0409545898 -0.943847656
vn 0.266113281 0.208129883 -0.94140625
vn 2.98023224E-07 0.976074219 -0.216430664
vn 2.98023224E-07 0.976074219 -0.216430664
vn 2.98023224E-07 0.976074219 -0.216430664
vn 2.98023224E-07 0.976074219 -0.216430664
vn 0.253417969 0.967285156 0
vn 0.253417969 0.967285156 0
vn 0.253417969 0.967285156 0
vn 0.253417969 0.967285156 0
vn -0 0 -1
vn -0 0 -1
vn -0 0 -1
vn -0 0 -1
vn 1 0 0
vn 1 0 0
vn 1 0 0
vn 1 0 0
vn -2.38418579E-07 -0.500976562 -0.865722656
vn -5.36441803E-07 -0.973144531 -0.23034668
vn -5.36441803E-07 -0.973144531 -0.23034668
vn 0.197021484 -0.828125 -0.524414062
vn -0 0 -1
vn -0 0 -1
vn -0.000968933105 -0.0023765564 -1
vn -0.000784873962 -0.00192451477 -1
vn -0.00214004517 -0.00423812866 -1
vn -0.00206756592 -0.00428771973 -1
vn -0.00122833252 -0.00206565857 -1
vn -0.00108528137 -0.00182437897 -1
vn -8.34465027E-07 2.50339508E-06 -1
vn -8.94069672E-07 2.50339508E-06 -1
vn -0 -9.53674316E-07 -1
vn -0 -9.53674316E-07 -1
vn 5.96046448E-07 -3.63588333E-06 -1
vn 5.96046448E-07 -3.63588333E-06 -1
vn 4.76837158E-07 -2.68220901E-06 -1
vn 5.96046448E-07 -2.86102295E-06 -1
vn -2.38418579E-07 -1.7285347E-06 -1
vn -2.38418579E-07 -1.7285347E-06 -1
vn 0.23425293 -0.972167969 0
vn 0.23425293 -0.972167969 0
vn 0.79296875 -0.609375 0
vn 0.349609375 0.0363769531 -0.936035156
vn -0 -1.1920929E-07 -1
vn 0.994628906 0.10345459 0
vn 0.188842773 0.0654296875 -0.979980469
vn 0.944824219 0.327392578 0
vn 0.369384766 -0.781738281 0.502441406
vn 0.825683594 -0.229614258 -0.515136719
vn 0.844238281 -0.502441406 -0.186401367
vn 0.744140625 -0.66796875 0
vn 0.791503906 -0.611328125 0
vn 0.791503906 -0.610839844 0
vn 0.747070312 -0.665039062 0
vn 0.747070312 -0.665039062 0
vn 0.699707031 -0.714355469 0
vn 0.699707031 -0.714355469 0
vn 0.637695312 -0.770507812 0
vn 0.637695312 -0.770507812 7.15255737E-07
vn 0.568847656 -0.822753906 -1.1920929E-07
vn 0.568847656 -0.822753906 1.13248825E-06
vn 0.503417969 -0.864257812 1.7285347E-06
vn 0.503417969 -0.864257812 0
vn 0.471679688 -0.881835938 0
vn 0.471679688 -0.881835938 2.68220901E-06
vn -0.438232422 0.898925781 -2.62260437E-06
vn -0.480712891 0.876953125 -1.1920929E-07
vn -0.438232422 0.898925781 -1.78813934E-07
vn -0.480712891 0.876953125 -1.31130219E-06
vn -0.566894531 0.823730469 0
vn -0.566894531 0.823730469 0
vn -0.645019531 0.764160156 0
vn -0.645019531 0.764160156 0
vn -0.709472656 0.704589844 0
vn -0.709472656 0.704589844 0
vn -0.764648438 0.644042969 0
vn -0.764648438 0.644042969 0
vn -0.805664062 0.592285156 5.36441803E-07
vn -0.805664062 0.592285156 0
vn -0.875 0.484375 0
vn -0.875 0.484130859 4.17232513E-07
vn -0.932128906 0.362060547 0
vn -0.932128906 0.362060547 0
vn -0.952636719 -0.304199219 0
vn -0.9921875 -0.123474121 0
vn -0.402099609 -0.915527344 0
vn -0.402099609 -0.915527344 0
vn -0.769042969 0.639160156 0
vn -0.697265625 0.716796875 0
vn -0.9765625 -0.216308594 0
vn -0.975097656 -0.22265625 0
vn -0.939941406 -0.341064453 -1.13248825E-06
vn -0.939453125 -0.343017578 0
vn -0.902832031 -0.429931641 -2.08616257E-06
vn -0.902832031 -0.429931641 0
vn -0.866699219 -0.498779297 -1.1920929E-06
vn -0.866699219 -0.498779297 0
vn -0.834960938 -0.550292969 0
vn -0.834960938 -0.550292969 0
vn -0.790527344 -0.612304688 0
vn -0.790527344 -0.612304688 0
vn -0.696289062 -0.717773438 -6.55651093E-07
vn -0.696289062 -0.717773438 0
vn -0.52734375 -0.849609375 -1.1920929E-07
vn -0.52734375 -0.849609375 -1.54972076E-06
vn -0.364013672 -0.931640625 -8.94069672E-07
vn -0.364013672 -0.931640625 -1.1920929E-07
vn -0.208129883 -0.978027344 0
vn -0.208129883 -0.978027344 0
vn -0.130615234 -0.991210938 0
vn -0.130615234 -0.991210938 0
vn -0 -1 0
vn -0 -1 0
vn -0.685058594 0.728515625 0
vn -0.697265625 0.716796875 0
vn -0.769042969 0.639160156 0
vn -0.753417969 0.657714844 0
vn -0.912109375 -0.41015625 0
vn -0.875976562 -0.481933594 0
vn -0.84765625 -0.530761719 0
vn -0.825195312 -0.564941406 0
vn -0.975097656 -0.22277832 0
vn -0.97265625 -0.232299805 0
vn -0.998046875 -0.0625610352 0
vn -0.998046875 -0.0613708496 0
vn -1 0.0191040039 0
vn -1 0.0191040039 0
vn -0.993164062 0.114807129 0
vn -0.993652344 0.112792969 0
vn -0.933105469 0.359375 0
vn -0.920410156 0.391357422 0
vn -0.636230469 0.771484375 0
vn -0.605957031 0.795410156 0
vn -0.555664062 0.831542969 0
vn -0.555664062 0.831542969 0
vn -0.996582031 0.0833740234 0
vn -0.996582031 0.0833740234 0
vn -0.996582031 0.0833740234 0
vn -0.996582031 0.0833740234 0
vn -0.485107422 -0.874511719 0
vn -0.485107422 -0.874511719 0
vn -0.485107422 -0.874511719 0
vn -0.485107422 -0.874511719 0
vn -0.333251953 0.942871094 0
vn -0.333251953 0.942871094 0
vn -0.333251953 0.942871094 0
vn -0.333251953 0.942871094 0
vn -0.940429688 -0.339355469 0
vn -0.855957031 -0.517089844 0
vn -0.855957031 -0.517089844 0
vn -0.925292969 -0.379150391 0
vn -1 -0.021270752 0
vn -1 -0.0180664062 0
vn -0.979003906 0.203491211 0
vn -0.978515625 0.205444336 1.43051147E-06
vn -0.756835938 0.653808594 0
vn -0.702636719 0.711425781 1.7285347E-06
vn -0.322265625 0.946777344 0
vn -0.322265625 0.946777344 4.76837158E-07
vn -1 9.23871994E-06 0
vn -1 9.23871994E-06 0
vn -1 9.23871994E-06 0
vn -1 9.23871994E-06 0
vn -0.383544922 0.643066406 0.663085938
vn -0 0.8359375 0.548828125
vn -6.55651093E-07 0.688476562 0.725097656
vn -0.506835938 0.553222656 0.661132812
vn -0.502929688 0.556152344 0.661621094
vn -0.564453125 0.489501953 0.664550781
vn -0.559570312 0.497314453 0.663085938
vn -0.662597656 0.322753906 0.67578125
vn -0.682128906 0.0222015381 0.730957031
vn -0.654296875 -0.349853516 0.670410156
vn -0.558105469 -0.498291016 0.663574219
vn -0.5625 -0.490478516 0.665527344
vn -0.502441406 -0.556152344 0.662109375
vn -0.506347656 -0.553222656 0.661621094
vn -0.383789062 -0.643066406 0.663085938
vn -0 -0.688476562 0.725097656
vn -0 -0.836425781 0.548339844
vn -0.401611328 -0.872070312 0.279052734
vn -0 -0.958496094 0.284912109
vn -0 -0.958496094 0.284912109
vn -0.41796875 -0.864746094 0.277832031
vn -0.65625 -0.709960938 0.256103516
vn -0.656738281 -0.708984375 0.256103516
vn -0.714355469 -0.651367188 0.256103516
vn -0.71484375 -0.650878906 0.256103516
vn -0.885253906 -0.370849609 0.280761719
vn -0.893066406 -0.350830078 0.281982422
vn -0.908691406 0.302246094 0.287597656
vn -0.90234375 0.322753906 0.286376953
vn -0.718261719 0.646484375 0.256103516
vn -0.717773438 0.647460938 0.256103516
vn -0.657714844 0.708496094 0.256347656
vn -0.657226562 0.708984375 0.256103516
vn -0.41796875 0.864746094 0.277832031
vn -0.401611328 0.872070312 0.279052734
vn -0 0.958496094 0.284912109
vn -0 0.958496094 0.284912109
vn -0 0 1
vn -0 0 1
vn -0 0 1
vn -0 0 1
vn -0 0 1
vn -0 0 1
vn -0 0 1
vn -0 0 -1
vn -0 0 -1
vn -0 0 -1
vn -0 0 -1
vn -0 0 -1
vn -0 0 -1
vn -0 0 -1
vn -0 0 -1
vn -0 0 -1
vn -0 0 -1
vn -0 0 -1
vn -0 0 -1
vn -0 0 -1
vn 0.383544922 0.643066406 0.663085938
vn -6.55651093E-07 0.688476562 0.725097656
vn -0 0.8359375 0.548828125
vn 0.506835938 0.553222656 0.661132812
vn 0.502929688 0.556152344 0.661621094
vn 0.564453125 0.489501953 0.664550781
vn 0.559570312 0.497314453 0.663085938
vn 0.662597656 0.322753906 0.67578125
vn 0.682128906 0.0222015381 0.730957031
vn 0.654296875 -0.349853516 0.670410156
vn 0.558105469 -0.498291016 0.663574219
vn 0.5625 -0.490478516 0.665527344
vn 0.502441406 -0.556152344 0.662109375
vn 0.506347656 -0.553222656 0.661621094
vn 0.383789062 -0.643066406 0.663085938
vn -0 -0.688476562 0.725097656
vn -0 -0.836425781 0.548339844
vn 0.401611328 -0.872070312 0.279052734
vn -0 -0.958496094 0.284912109
vn -0 -0.958496094 0.284912109
vn 0.41796875 -0.864746094 0.277832031
vn 0.65625 -0.709960938 0.256103516
vn 0.656738281 -0.708984375 0.256103516
vn 0.714355469 -0.651367188 0.256103516
vn 0.71484375 -0.650878906 0.256103516
vn 0.885253906 -0.370849609 0.280761719
vn 0.893066406 -0.350830078 0.281982422
vn 0.908691406 0.302246094 0.287597656
vn 0.90234375 0.322753906 0.286376953
vn 0.718261719 0.646484375 0.256103516
vn 0.717773438 0.647460938 0.256103516
vn 0.657714844 0.708496094 0.256347656
vn 0.657226562 0.708984375 0.256103516
vn 0.41796875 0.864746094 0.277832031
vn 0.401611328 0.872070312 0.279052734
vn -0 0.958496094 0.284912109
vn -0 0.958496094 0.284912109
vn -0 0 1
vn -0 0 1
vn -0 0 1
vn -0 0 1
vn -0 0 1
vn -0 0 1
vn -0 0 1
vn -0 0 -1
vn -0 0 -1
vn -0 0 -1
vn -0 0 -1
vn -0 0 -1
vn -0 0 -1
vn -0 0 -1
vn -0 0 -1
vn -0 0 -1
vn -0 0 -1
vn -0 0 -1
vn -0 0 -1
vn -0 0 -1
vn -0.383544922 0.643066406 -0.663085938
vn 5.96046448E-07 0.688476562 -0.725097656
vn -0 0.8359375 -0.548828125
vn -0.506835938 0.553222656 -0.661132812
vn -0.502929688 0.556152344 -0.661621094
vn -0.564453125 0.489501953 -0.664550781
vn -0.559570312 0.497314453 -0.663085938
vn -0.662597656 0.322753906 -0.67578125
vn -0.682128906 0.0222015381 -0.730957031
vn -0.654296875 -0.349853516 -0.670410156
vn -0.558105469 -0.498291016 -0.663574219
vn -0.5625 -0.490478516 -0.665527344
vn -0.502441406 -0.556152344 -0.662109375
vn -0.506347656 -0.553222656 -0.661621094
vn -0.383789062 -0.643066406 -0.663085938
vn -0 -0.688476562 -0.725097656
vn -0 -0.836425781 -0.548339844
vn -0.401611328 -0.872070312 -0.279052734
vn -0 -0.958496094 -0.284912109
vn -0 -0.958496094 -0.284912109
vn -0.41796875 -0.864746094 -0.277832031
vn -0.65625 -0.709960938 -0.256103516
vn -0.656738281 -0.708984375 -0.256103516
vn -0.714355469 -0.651367188 -0.256103516
vn -0.71484375 -0.650878906 -0.256103516
vn -0.885253906 -0.370849609 -0.280761719
vn -0.893066406 -0.350830078 -0.281982422
vn -0.908691406 0.302246094 -0.287597656
vn -0.90234375 0.322753906 -0.286376953
vn -0.718261719 0.646484375 -0.256103516
vn -0.717773438 0.647460938 -0.256103516
vn -0.657714844 0.708496094 -0.256347656
vn -0.657226562 0.708984375 -0.256103516
vn -0.41796875 0.864746094 -0.277832031
vn -0.401611328 0.872070312 -0.279052734
vn -0 0.958496094 -0.284912109
vn -0 0.958496094 -0.284912109
vn -1.1920929E-07 0 -1
vn -0 0 -1
vn -0 0 -1
vn -1.1920929E-07 0 -1
vn -0 0 -1
vn -0 0 -1
vn -0 0 -1
vn -0 0 1
vn -0 0 1
vn -0 0 1
vn -0 0 1
vn -0 0 1
vn -0 0 1
vn -0 0 1
vn -0 0 1
vn -0 0 1
vn -0 0 1
vn -0 0 1
vn -0 0 1
vn -0 0 1
vn 0.383544922 0.643066406 -0.663085938
vn -0 0.8359375 -0.548828125
vn 5.96046448E-07 0.688476562 -0.725097656
vn 0.506835938 0.553222656 -0.661132812
vn 0.502929688 0.556152344 -0.661621094
vn 0.564453125 0.489501953 -0.664550781
vn 0.559570312 0.497314453 -0.663085938
vn 0.662597656 0.322753906 -0.67578125
vn 0.682128906 0.0222015381 -0.730957031
vn 0.654296875 -0.349853516 -0.670410156
vn 0.558105469 -0.498291016 -0.663574219
vn 0.5625 -0.490478516 -0.665527344
vn 0.502441406 -0.556152344 -0.662109375
vn 0.506347656 -0.553222656 -0.661621094
vn 0.383789062 -0.643066406 -0.663085938
vn -0 -0.688476562 -0.725097656
vn -0 -0.836425781 -0.548339844
vn 0.401611328 -0.872070312 -0.279052734
vn -0 -0.958496094 -0.284912109
vn -0 -0.958496094 -0.284912109
vn 0.41796875 -0.864746094 -0.277832031
vn 0.65625 -0.709960938 -0.256103516
vn 0.656738281 -0.708984375 -0.256103516
vn 0.714355469 -0.651367188 -0.256103516
vn 0.71484375 -0.650878906 -0.256103516
vn 0.885253906 -0.370849609 -0.280761719
vn 0.893066406 -0.350830078 -0.281982422
vn 0.908691406 0.302246094 -0.287597656
vn 0.90234375 0.322753906 -0.286376953
vn 0.718261719 0.646484375 -0.256103516
vn 0.717773438 0.647460938 -0.256103516
vn 0.657714844 0.708496094 -0.256347656
vn 0.657226562 0.708984375 -0.256103516
vn 0.41796875 0.864746094 -0.277832031
vn 0.401611328 0.872070312 -0.279052734
vn -0 0.958496094 -0.284912109
vn -0 0.958496094 -0.284912109
vn 1.1920929E-07 0 -1
vn -0 0 -1
vn -0 0 -1
vn 1.1920929E-07 0 -1
vn -0 0 -1
vn -0 0 -1
vn -0 0 -1
vn -0 0 1
vn -0 0 1
vn -0 0 1
vn -0 0 1
vn -0 0 1
vn -0 0 1
vn -0 0 1
vn -0 0 1
vn -0 0 1
vn -0 0 1
vn -0 0 1
vn -0 0 1
vn -0 0 1
vn -0.362792969 0.379638672 0.851074219
vn -0.362792969 0.379638672 0.851074219
vn -0.362792969 0.379638672 0.851074219
vn -0.362792969 0.379638672 0.851074219
vn -0.997070312 -0.0774536133 0
vn -0.997070312 -0.0774536133 0
vn -0.997070312 -0.0774536133 0
vn -0.997070312 -0.0774536133 0
vn -0.687011719 0.7265625 0
vn -0.687011719 0.7265625 0
vn -0.687011719 0.7265625 0
vn -0.687011719 0.7265625 0
vn 0.100280762 0.995117188 0
vn 0.100280762 0.995117188 0
vn 0.100280762 0.995117188 0
vn 0.100280762 0.995117188 0
vn 0.687011719 -0.7265625 0
vn 0.997558594 -0.0671386719 0
vn 0.997558594 -0.0671386719 0
vn 0.687011719 -0.7265625 0
vn 0.0227355957 -0.999511719 0
vn 0.0227355957 -0.999511719 0
vn 0.362792969 0.379638672 0.851074219
vn 0.362792969 0.379638672 0.851074219
vn 0.362792969 0.379638672 0.851074219
vn 0.362792969 0.379638672 0.851074219
vn 0.997070312 -0.0774536133 0
vn 0.997070312 -0.0774536133 0
vn 0.997070312 -0.0774536133 0
vn 0.997070312 -0.0774536133 0
vn 0.687011719 0.7265625 0
vn 0.687011719 0.7265625 0
vn 0.687011719 0.7265625 0
vn 0.687011719 0.7265625 0
vn -0.100280762 0.995117188 0
vn -0.100280762 0.995117188 0
vn -0.100280762 0.995117188 0
vn -0.100280762 0.995117188 0
vn -0.687011719 -0.7265625 0
vn -0.997558594 -0.0671386719 0
vn -0.997558594 -0.0671386719 0
vn -0.687011719 -0.7265625 0
vn -0.0227355957 -0.999511719 0
vn -0.0227355957 -0.999511719 0
vn -0.362792969 0.379638672 -0.851074219
vn -0.362792969 0.379638672 -0.851074219
vn -0.362792969 0.379638672 -0.851074219
vn -0.362792969 0.379638672 -0.851074219
vn -0.997070312 -0.0774536133 0
vn -0.997070312 -0.0774536133 0
vn -0.997070312 -0.0774536133 0
vn -0.997070312 -0.0774536133 0
vn -0.687011719 0.7265625 0
vn -0.687011719 0.7265625 0
vn -0.687011719 0.7265625 0
vn -0.687011719 0.7265625 0
vn 0.100280762 0.995117188 0
vn 0.100280762 0.995117188 0
vn 0.100280762 0.995117188 0
vn 0.100280762 0.995117188 0
vn 0.687011719 -0.7265625 0
vn 0.997558594 -0.0671386719 0
vn 0.997558594 -0.0671386719 0
vn 0.687011719 -0.7265625 0
vn 0.0227355957 -0.999511719 0
vn 0.0227355957 -0.999511719 0
vn 0.362792969 0.379638672 -0.851074219
vn 0.362792969 0.379638672 -0.851074219
vn 0.362792969 0.379638672 -0.851074219
vn 0.362792969 0.379638672 -0.851074219
vn 0.997070312 -0.0774536133 0
vn 0.997070312 -0.0774536133 0
vn 0.997070312 -0.0774536133 0
vn 0.997070312 -0.0774536133 0
vn 0.687011719 0.7265625 0
vn 0.687011719 0.7265625 0
vn 0.687011719 0.7265625 0
vn 0.687011719 0.7265625 0
vn -0.100280762 0.995117188 0
vn -0.100280762 0.995117188 0
vn -0.100280762 0.995117188 0
vn -0.100280762 0.995117188 0
vn -0.687011719 -0.7265625 0
vn -0.997558594 -0.0671386719 0
vn -0.997558594 -0.0671386719 0
vn -0.687011719 -0.7265625 0
vn -0.0227355957 -0.999511719 0
vn -0.0227355957 -0.999511719 0
vn -0.570800781 0.124694824 0.811523438
vn -0.977050781 0.213378906 -7.74860382E-07
vn -0.951171875 0.308837891 -2.38418579E-07
vn -0.587890625 0.192749023 0.785644531
vn -0.622558594 0.26171875 0.737304688
vn -0.91796875 0.396484375 1.78813934E-07
vn -0.84375 0.536621094 0
vn -0.6015625 0.352050781 0.716796875
vn -0.287597656 0.0623779297 0.955566406
vn -0.23840332 0.135375977 0.961914062
vn -0.484619141 0.546875 0.682617188
vn -0.639648438 0.768554688 1.78813934E-07
vn -0.199707031 0.190673828 0.9609375
vn -0.370117188 0.929199219 1.78813934E-07
vn -0.295166016 0.70703125 0.642578125
vn -0.154907227 0.230957031 0.960449219
vn -0.0858154297 0.768066406 0.634765625
vn -0.0664672852 0.997558594 0
vn -0.0653076172 0.229858398 0.971191406
vn 0.21472168 0.9765625 0
vn 0.127929688 0.743652344 0.65625
vn -0.0105819702 0.212890625 0.977050781
vn 0.378173828 0.615722656 0.690917969
vn 0.400878906 0.916015625 2.38418579E-07
vn 0.709472656 0.704589844 0
vn -0.000158905983 0.204589844 0.979003906
vn 0.508300781 0.565917969 0.648925781
vn 0.715332031 0.698730469 1.78813934E-07
vn 0.390625 0.606445312 0.692382812
vn 0.615234375 0.788085938 2.98023224E-07
vn -9.43541527E-05 0.0282897949 0.999511719
vn 0.142456055 0.989746094 1.1920929E-07
vn 0.0375671387 0.340576172 0.939453125
vn -0.115234375 0.993164062 0
vn -0.0869750977 0.749511719 0.65625
vn -0 0 1
vn -0 0 1
vn -0 0 1
vn -0 0 1
vn -0 0 1
vn -0 0 1
vn -2.38418579E-07 0 1
vn -0 0 1
vn 1.1920929E-07 0 1
vn -0 0 1
vn -0 0 1
vn -0 0 1
vn -0 0 1
vn -0 0 1
vn -0 0 1
vn -0 0 1
vn -0 0 1
vn 0.932617188 -0.360351562 -5.36441803E-07
vn 0.618164062 -0.238769531 0.749023438
vn 0.611816406 -0.345703125 0.711425781
vn 0.873046875 -0.487792969 1.1920929E-07
vn 0.706054688 -0.708007812 3.57627869E-07
vn 0.55859375 -0.539550781 0.629882812
vn 0.467285156 -0.701660156 0.538085938
vn 0.557128906 -0.830566406 5.96046448E-07
vn 0.395019531 -0.918457031 6.55651093E-07
vn 0.333740234 -0.799316406 0.5
vn 0.0482177734 -0.883300781 0.466796875
vn 0.0645751953 -0.998046875 1.78813934E-07
vn -0.220214844 -0.975585938 0
vn -0.206176758 -0.884765625 0.41796875
vn -0.4765625 -0.7890625 0.387207031
vn -0.516113281 -0.856445312 -1.78813934E-07
vn -0.814453125 -0.580078125 -4.76837158E-07
vn -0.75390625 -0.553222656 0.354248047
vn -0.938476562 -0.141723633 0.314697266
vn -0.990234375 -0.138549805 -1.78813934E-07
vn -0.8984375 0.3515625 0.262695312
vn -0.926269531 0.377441406 0
vn -0.798339844 0.602050781 -1.1920929E-07
vn -0.87890625 0.325195312 0.349365234
vn -0.950195312 0.311279297 0
vn -0.912109375 0.0316162109 0.408935547
vn -0.999511719 0.0314331055 0
vn -0.877441406 -0.252197266 0.407470703
vn -0.970703125 -0.240722656 0
vn -0.828125 -0.561035156 0
vn -0.582519531 -0.715332031 0.385498047
vn -0.479492188 -0.80078125 0.359130859
vn -0.303222656 -0.873046875 0.381347656
vn -0.314697266 -0.870605469 0.377685547
vn 0.17565918 -0.827636719 0.533203125
vn 0.216918945 -0.8125 0.541015625
vn 0.782226562 -0.375 0.497314453
vn 0.761230469 -0.408447266 0.50390625
vn 0.578125 -0.621582031 0.528320312
vn 0.433105469 -0.721191406 0.540527344
vn 0.402587891 -0.737792969 0.541992188
vn 0.0923461914 -0.846191406 0.524902344
vn 0.0737915039 -0.849609375 0.522460938
vn -0.243408203 -0.857421875 0.453125
vn -0.215942383 -0.860839844 0.4609375
vn -0.490234375 -0.786621094 0.374755859
vn -0.544433594 -0.760742188 0.354003906
vn -0.561035156 -0.766113281 0.314453125
vn -0.594726562 -0.7421875 0.309082031
vn -0.467529297 -0.821777344 0.326171875
vn -0.467529297 -0.821777344 0.326171875
vn 0.570800781 0.124694824 0.811523438
vn 0.951171875 0.308837891 0
vn 0.977050781 0.213378906 1.49011612E-06
vn 0.587890625 0.192749023 0.785644531
vn 0.622558594 0.26171875 0.737304688
vn 0.91796875 0.396484375 -2.98023224E-07
vn 0.84375 0.536621094 0
vn 0.6015625 0.352050781 0.716796875
vn 0.287597656 0.0623779297 0.955566406
vn 0.23840332 0.135375977 0.961914062
vn 0.484619141 0.546875 0.682617188
vn 0.639648438 0.768554688 -1.78813934E-07
vn 0.199707031 0.190673828 0.9609375
vn 0.370117188 0.929199219 -1.78813934E-07
vn 0.295166016 0.70703125 0.642578125
vn 0.154907227 0.230957031 0.960449219
vn 0.0858154297 0.768066406 0.634765625
vn 0.0664672852 0.997558594 0
vn 0.0653076172 0.229858398 0.971191406
vn -0.21472168 0.9765625 -1.78813934E-07
vn -0.127929688 0.743652344 0.65625
vn 0.0105819702 0.212890625 0.977050781
vn -0.378173828 0.615722656 0.690917969
vn -0.400878906 0.916015625 -2.38418579E-07
vn -0.709472656 0.704589844 0
vn 0.000158905983 0.204589844 0.979003906
vn -0.508300781 0.565917969 0.648925781
vn -0.715332031 0.698730469 -1.1920929E-07
vn -0.390625 0.606445312 0.692382812
vn -0.615234375 0.788085938 -2.38418579E-07
vn 9.43541527E-05 0.0282897949 0.999511719
vn -0.142456055 0.989746094 -1.1920929E-07
vn -0.0375671387 0.340576172 0.939453125
vn 0.115234375 0.993164062 0
vn 0.0869750977 0.749511719 0.65625
vn -0 0 1
vn -0 0 1
vn -0 0 1
vn -0 0 1
vn -0 0 1
vn -0 0 1
vn 1.1920929E-07 0 1
vn -0 0 1
vn -0 0 1
vn -0 0 1
vn -0 0 1
vn -0 0 1
vn -0 0 1
vn -0 0 1
vn 1.1920929E-07 0 1
vn -0 0 1
vn -0 0 1
vn -0.932617188 -0.360351562 1.01327896E-06
vn -0.611816406 -0.345703125 0.711425781
vn -0.618164062 -0.238769531 0.749023438
vn -0.873046875 -0.487792969 0
vn -0.706054688 -0.708007812 -5.36441803E-07
vn -0.55859375 -0.539550781 0.629882812
vn -0.467285156 -0.701660156 0.538085938
vn -0.557128906 -0.830566406 -5.96046448E-07
vn -0.395019531 -0.918457031 -7.15255737E-07
vn -0.333740234 -0.799316406 0.5
vn -0.0482177734 -0.883300781 0.466796875
vn -0.0645751953 -0.998046875 -3.57627869E-07
vn 0.220214844 -0.975585938 0
vn 0.206176758 -0.884765625 0.41796875
vn 0.4765625 -0.7890625 0.387207031
vn 0.516113281 -0.856445312 1.1920929E-07
vn 0.814453125 -0.580078125 3.57627869E-07
vn 0.75390625 -0.553222656 0.354248047
vn 0.938476562 -0.141723633 0.314697266
vn 0.990234375 -0.138549805 1.78813934E-07
vn 0.8984375 0.3515625 0.262695312
vn 0.926269531 0.377441406 0
vn 0.798339844 0.602050781 0
vn 0.87890625 0.325195312 0.349365234
vn 0.950195312 0.311279297 0
vn 0.912109375 0.0316162109 0.408935547
vn 0.999511719 0.0314331055 0
vn 0.877441406 -0.252197266 0.407470703
vn 0.970703125 -0.240722656 0
vn 0.828125 -0.561035156 0
vn 0.582519531 -0.715332031 0.385498047
vn 0.479492188 -0.80078125 0.359130859
vn 0.303222656 -0.873046875 0.381347656
vn 0.314697266 -0.870605469 0.377685547
vn -0.17565918 -0.827636719 0.533203125
vn -0.216918945 -0.8125 0.541015625
vn -0.782226562 -0.375 0.497314453
vn -0.761230469 -0.408447266 0.50390625
vn -0.578125 -0.621582031 0.528320312
vn -0.433105469 -0.721191406 0.540527344
vn -0.402587891 -0.737792969 0.541992188
vn -0.0923461914 -0.846191406 0.524902344
vn -0.0737915039 -0.849609375 0.522460938
vn 0.243408203 -0.857421875 0.453125
vn 0.215942383 -0.860839844 0.4609375
vn 0.490234375 -0.786621094 0.374755859
vn 0.544433594 -0.760742188 0.354003906
vn 0.561035156 -0.766113281 0.314453125
vn 0.594726562 -0.7421875 0.309082031
vn 0.467529297 -0.821777344 0.326171875
vn 0.467529297 -0.821777344 0.326171875
vn -0.570800781 0.124694824 -0.811523438
vn -0.951171875 0.308837891 -2.38418579E-07
vn -0.977050781 0.213378906 -7.74860382E-07
vn -0.587890625 0.192749023 -0.785644531
vn -0.622558594 0.26171875 -0.737304688
vn -0.91796875 0.396484375 1.78813934E-07
vn -0.84375 0.536621094 0
vn -0.6015625 0.352050781 -0.716796875
vn -0.287597656 0.0623779297 -0.955566406
vn -0.23840332 0.135375977 -0.961914062
vn -0.484619141 0.546875 -0.682617188
vn -0.639648438 0.768554688 1.78813934E-07
vn -0.199707031 0.190673828 -0.9609375
vn -0.370117188 0.929199219 1.78813934E-07
vn -0.295166016 0.70703125 -0.642578125
vn -0.154907227 0.230957031 -0.960449219
vn -0.0858154297 0.768066406 -0.634765625
vn -0.0664672852 0.997558594 0
vn -0.0653076172 0.229858398 -0.971191406
vn 0.21472168 0.9765625 0
vn 0.127929688 0.743652344 -0.65625
vn -0.0105819702 0.212890625 -0.977050781
vn 0.378173828 0.615722656 -0.690917969
vn 0.400878906 0.916015625 2.38418579E-07
vn 0.709472656 0.704589844 0
vn -0.000160932541 0.204589844 -0.979003906
vn 0.508300781 0.565917969 -0.648925781
vn 0.715332031 0.698730469 1.78813934E-07
vn 0.390625 0.606445312 -0.692382812
vn 0.615234375 0.788085938 2.98023224E-07
vn -9.4473362E-05 0.0282897949 -0.999511719
vn 0.142456055 0.989746094 1.1920929E-07
vn 0.0375671387 0.340576172 -0.939453125
vn -0.115234375 0.993164062 0
vn -0.0869750977 0.749511719 -0.65625
vn -0 0 -1
vn -0 0 -1
vn -0 0 -1
vn -0 0 -1
vn -0 0 -1
vn -0 0 -1
vn -0 0 -1
vn -0 0 -1
vn -1.1920929E-07 0 -1
vn -0 0 -1
vn -0 0 -1
vn -0 0 -1
vn -0 0 -1
vn -0 0 -1
vn -0 0 -1
vn -0 0 -1
vn -0 0 -1
vn 0.932617188 -0.360351562 -5.36441803E-07
vn 0.611816406 -0.345703125 -0.711425781
vn 0.618164062 -0.238769531 -0.749023438
vn 0.873046875 -0.487792969 1.1920929E-07
vn 0.706054688 -0.708007812 3.57627869E-07
vn 0.55859375 -0.539550781 -0.629882812
vn 0.467285156 -0.701660156 -0.538085938
vn 0.557128906 -0.830566406 5.96046448E-07
vn 0.395019531 -0.918457031 6.55651093E-07
vn 0.333740234 -0.799316406 -0.5
vn 0.0482177734 -0.883300781 -0.466796875
vn 0.0645751953 -0.998046875 1.78813934E-07
vn -0.220214844 -0.975585938 0
vn -0.206176758 -0.884765625 -0.41796875
vn -0.4765625 -0.7890625 -0.387207031
vn -0.516113281 -0.856445312 -1.78813934E-07
vn -0.814453125 -0.580078125 -4.76837158E-07
vn -0.75390625 -0.553222656 -0.354248047
vn -0.938476562 -0.141723633 -0.314697266
vn -0.990234375 -0.138549805 -1.78813934E-07
vn -0.8984375 0.3515625 -0.262695312
vn -0.926269531 0.377441406 0
vn -0.798339844 0.602050781 -1.1920929E-07
vn -0.87890625 0.325195312 -0.349365234
vn -0.950195312 0.311279297 0
vn -0.912109375 0.0316162109 -0.408935547
vn -0.999511719 0.0314331055 0
vn -0.877441406 -0.252197266 -0.407470703
vn -0.970703125 -0.240722656 0
vn -0.828125 -0.561035156 0
vn -0.582519531 -0.715332031 -0.385498047
vn -0.479492188 -0.80078125 -0.359130859
vn -0.303222656 -0.873046875 -0.381347656
vn -0.314697266 -0.870605469 -0.377685547
vn 0.17565918 -0.827636719 -0.533203125
vn 0.216918945 -0.8125 -0.541015625
vn 0.782226562 -0.375 -0.497314453
vn 0.761230469 -0.408447266 -0.50390625
vn 0.578125 -0.621582031 -0.528320312
vn 0.433105469 -0.721191406 -0.540527344
vn 0.402587891 -0.737792969 -0.541992188
vn 0.0923461914 -0.846191406 -0.524902344
vn 0.0737915039 -0.849609375 -0.522460938
vn -0.243408203 -0.857421875 -0.453125
vn -0.215942383 -0.860839844 -0.4609375
vn -0.490234375 -0.786621094 -0.374755859
vn -0.544433594 -0.760742188 -0.354003906
vn -0.561035156 -0.766113281 -0.314453125
vn -0.594726562 -0.7421875 -0.309082031
vn -0.467529297 -0.821777344 -0.326171875
vn -0.467529297 -0.821777344 -0.326171875
vn 0.570800781 0.124694824 -0.811523438
vn 0.977050781 0.213378906 1.49011612E-06
vn 0.951171875 0.308837891 0
vn 0.587890625 0.192749023 -0.785644531
vn 0.622558594 0.26171875 -0.737304688
vn 0.91796875 0.396484375 -2.98023224E-07
vn 0.84375 0.536621094 0
vn 0.6015625 0.352050781 -0.716796875
vn 0.287597656 0.0623779297 -0.955566406
vn 0.23840332 0.135375977 -0.961914062
vn 0.484619141 0.546875 -0.682617188
vn 0.639648438 0.768554688 -1.78813934E-07
vn 0.199707031 0.190673828 -0.9609375
vn 0.370117188 0.929199219 -1.78813934E-07
vn 0.295166016 0.70703125 -0.642578125
vn 0.154907227 0.230957031 -0.960449219
vn 0.0858154297 0.768066406 -0.634765625
vn 0.0664672852 0.997558594 0
vn 0.0653076172 0.229858398 -0.971191406
vn -0.21472168 0.9765625 -1.78813934E-07
vn -0.127929688 0.743652344 -0.65625
vn 0.0105819702 0.212890625 -0.977050781
vn -0.378173828 0.615722656 -0.690917969
vn -0.400878906 0.916015625 -2.38418579E-07
vn -0.709472656 0.704589844 0
vn 0.000160932541 0.204589844 -0.979003906
vn -0.508300781 0.565917969 -0.648925781
vn -0.715332031 0.698730469 -1.1920929E-07
vn -0.390625 0.606445312 -0.692382812
vn -0.615234375 0.788085938 -2.38418579E-07
vn 9.4473362E-05 0.0282897949 -0.999511719
vn -0.142456055 0.989746094 -1.1920929E-07
vn -0.0375671387 0.340576172 -0.939453125
vn 0.115234375 0.993164062 0
vn 0.0869750977 0.749511719 -0.65625
vn 0.325683594 0.120544434 -0.937988281
vn -0 0 -1
vn 0.497070312 0.0172271729 -0.867675781
vn 0.950195312 0.311279297 0
vn 0.798339844 0.602050781 0
vn 0.8984375 0.3515625 -0.262695312
vn 0.926269531 0.377441406 0
vn 0.990234375 -0.138549805 1.78813934E-07
vn 0.938476562 -0.141723633 -0.314697266
vn 0.814453125 -0.580078125 3.57627869E-07
vn 0.75390625 -0.553222656 -0.354248047
vn 0.4765625 -0.7890625 -0.387207031
vn 0.516113281 -0.856445312 1.1920929E-07
vn 0.220214844 -0.975585938 0
vn 0.206176758 -0.884765625 -0.41796875
vn -0.0482177734 -0.883300781 -0.466796875
vn -0.0645751953 -0.998046875 -3.57627869E-07
vn -0.395019531 -0.918457031 -7.15255737E-07
vn -0.333740234 -0.799316406 -0.5
vn -0.467285156 -0.701660156 -0.538085938
vn -0.557128906 -0.830566406 -5.96046448E-07
vn -0.706054688 -0.708007812 -5.36441803E-07
vn -0.55859375 -0.539550781 -0.629882812
vn -0.611816406 -0.345703125 -0.711425781
vn -0.873046875 -0.487792969 0
vn -0.932617188 -0.360351562 1.01327896E-06
vn -0.618164062 -0.238769531 -0.749023438
vn 0.467529297 -0.821777344 -0.326171875
vn 0.467529297 -0.821777344 -0.326171875
vn 0.561035156 -0.766113281 -0.314453125
vn 0.594726562 -0.7421875 -0.309082031
vn 0.490234375 -0.786621094 -0.374755859
vn 0.544433594 -0.760742188 -0.354003906
vn 0.243408203 -0.857421875 -0.453125
vn 0.215942383 -0.860839844 -0.4609375
vn -0.0923461914 -0.846191406 -0.524902344
vn -0.0737915039 -0.849609375 -0.522460938
vn -0.433105469 -0.721191406 -0.540527344
vn -0.402587891 -0.737792969 -0.541992188
vn -0.578125 -0.621582031 -0.528320312
vn -0.761230469 -0.408447266 -0.50390625
vn -0.782226562 -0.375 -0.497314453
vn -0.216918945 -0.8125 -0.541015625
vn -0.158325195 -0.74609375 -0.646484375
vn 0.303222656 -0.873046875 -0.381347656
vn 0.279785156 -0.774414062 -0.567871094
vn -0 0 -1
vn -0 0 -1
vn -0 0 -1
vn -0 0 -1
vn -0 0 -1
vn 0.527832031 -0.647949219 -0.548828125
vn 0.479492188 -0.80078125 -0.359130859
vn 0.828125 -0.561035156 0
vn 0.755859375 -0.217163086 -0.617675781
vn 0.970703125 -0.240722656 0
vn 0.999511719 0.0314331055 0
vn -0 0 -1
vn -0 0 -1
vn -0 0 -1
vn -0 0 -1
vn -0 0 -1
vn -0.0747680664 0 -0.997070312
vn -0.0747680664 0 -0.997070312
vn -0.0747680664 0 -0.997070312
vn -0.0747680664 0 -0.997070312
vn -0.0747680664 0 -0.997070312
vn -0.0420837402 -0.343261719 -0.938476562
vn -0 -0.343505859 -0.938964844
vn 0.0420837402 -0.343261719 -0.938476562
vn 0.0747680664 0 -0.997070312
vn 0.0747680664 0 -0.997070312
vn 0.0747680664 0 -0.997070312
vn 0.0747680664 0 -0.997070312
vn 0.404541016 0 -0.914550781
vn 0.404541016 0 -0.914550781
vn 0.404296875 0.034576416 -0.9140625
vn 0.404296875 -0.034576416 -0.9140625
vn -0.404541016 0 -0.914550781
vn -0.404296875 0.034576416 -0.9140625
vn -0.404541016 0 -0.914550781
vn -0.404296875 -0.034576416 -0.9140625
vn 0.0747680664 0 -0.997070312
vn 0.0747680664 0 -0.997070312
vn 0.0747680664 0 -0.997070312
vn 0.0747680664 0 -0.997070312
vn -0 0.343505859 -0.938964844
vn 0.0420837402 0.343261719 -0.938476562
vn -0 0.343505859 -0.938964844
vn -0.0420837402 0.343261719 -0.938476562
vn -0.0747680664 0 -0.997070312
vn -0.0747680664 0 -0.997070312
vn -0.0747680664 0 -0.997070312
vn -0.0747680664 0 -0.997070312
vn -2.98023224E-07 -5.96046448E-07 1
vn -0 -1.1920929E-07 1
vn -0 0 1
vn 5.96046448E-07 0 1
vn -0 0 1
vn -1.78813934E-07 -1.1920929E-07 1
vn -0 0 1
vn -5.96046448E-07 -5.36441803E-07 1
vn -0 0 1
vn 8.34465027E-07 -4.17232513E-07 1
vn -0 0 1
vn 1.1920929E-07 0 1
vn -0 0 1
vn -4.76837158E-07 -2.38418579E-07 1
vn -0 0 1
vn 6.55651093E-07 -5.96046448E-07 1
vn -0 0 1
vn -0 0 1
vn -0 0 1
vn -0 0 1
vn -0 0 1
g TowerMirrorFrameMesh_0
f 3/3/3 2/2/2 1/1/1
f 6/6/6 5/5/5 4/4/4
f 9/9/9 8/8/8 7/7/7
f 12/12/12 11/11/11 10/10/10
f 15/15/15 14/14/14 13/13/13
f 18/18/18 17/17/17 16/16/16
f 21/21/21 20/20/20 19/19/19
f 24/24/24 23/23/23 22/22/22
f 27/27/27 26/26/26 25/25/25
f 30/30/30 29/29/29 28/28/28
f 33/33/33 32/32/32 31/31/31
f 36/36/36 35/35/35 34/34/34
f 39/39/39 38/38/38 37/37/37
f 42/42/42 41/41/41 40/40/40
f 45/45/45 44/44/44 43/43/43
f 48/48/48 47/47/47 46/46/46
f 51/51/51 50/50/50 49/49/49
f 54/54/54 53/53/53 52/52/52
f 57/57/57 56/56/56 55/55/55
f 60/60/60 59/59/59 58/58/58
f 63/63/63 62/62/62 61/61/61
f 66/66/66 65/65/65 64/64/64
f 69/69/69 68/68/68 67/67/67
f 72/72/72 71/71/71 70/70/70
f 75/75/75 74/74/74 73/73/73
f 78/78/78 77/77/77 76/76/76
f 81/81/81 80/80/80 79/79/79
f 84/84/84 83/83/83 82/82/82
f 87/87/87 86/86/86 85/85/85
f 90/90/90 89/89/89 88/88/88
f 93/93/93 92/92/92 91/91/91
f 96/96/96 95/95/95 94/94/94
f 99/99/99 98/98/98 97/97/97
f 102/102/102 101/101/101 100/100/100
f 105/105/105 104/104/104 103/103/103
f 108/108/108 107/107/107 106/106/106
f 111/111/111 110/110/110 109/109/109
f 114/114/114 113/113/113 112/112/112
f 117/117/117 116/116/116 115/115/115
f 120/120/120 119/119/119 118/118/118
f 123/123/123 122/122/122 121/121/121
f 126/126/126 125/125/125 124/124/124
f 129/129/129 128/128/128 127/127/127
f 132/132/132 131/131/131 130/130/130
f 135/135/135 134/134/134 133/133/133
f 138/138/138 137/137/137 136/136/136
f 141/141/141 140/140/140 139/139/139
f 144/144/144 143/143/143 142/142/142
f 147/147/147 146/146/146 145/145/145
f 150/150/150 149/149/149 148/148/148
f 153/153/153 152/152/152 151/151/151
f 156/156/156 155/155/155 154/154/154
f 159/159/159 158/158/158 157/157/157
f 162/162/162 161/161/161 160/160/160
f 165/165/165 164/164/164 163/163/163
f 168/168/168 167/167/167 166/166/166
f 171/171/171 170/170/170 169/169/169
f 174/174/174 173/173/173 172/172/172
f 177/177/177 176/176/176 175/175/175
f 180/180/180 179/179/179 178/178/178
f 183/183/183 182/182/182 181/181/181
f 186/186/186 185/185/185 184/184/184
f 189/189/189 188/188/188 187/187/187
f 192/192/192 191/191/191 190/190/190
f 195/195/195 194/194/194 193/193/193
f 198/198/198 197/197/197 196/196/196
f 201/201/201 200/200/200 199/199/199
f 204/204/204 203/203/203 202/202/202
f 207/207/207 206/206/206 205/205/205
f 210/210/210 209/209/209 208/208/208
f 213/213/213 212/212/212 211/211/211
f 216/216/216 215/215/215 214/214/214
f 219/219/219 218/218/218 217/217/217
f 222/222/222 221/221/221 220/220/220
f 225/225/225 224/224/224 223/223/223
f 228/228/228 227/227/227 226/226/226
f 231/231/231 230/230/230 229/229/229
f 234/234/234 233/233/233 232/232/232
f 237/237/237 236/236/236 235/235/235
f 240/240/240 239/239/239 238/238/238
f 243/243/243 242/242/242 241/241/241
f 246/246/246 245/245/245 244/244/244
f 249/249/249 248/248/248 247/247/247
f 252/252/252 251/251/251 250/250/250
f 255/255/255 254/254/254 253/253/253
f 258/258/258 257/257/257 256/256/256
f 261/261/261 260/260/260 259/259/259
f 264/264/264 263/263/263 262/262/262
f 267/267/267 266/266/266 265/265/265
f 270/270/270 269/269/269 268/268/268
f 273/273/273 272/272/272 271/271/271
f 276/276/276 275/275/275 274/274/274
f 279/279/279 278/278/278 277/277/277
f 282/282/282 281/281/281 280/280/280
f 285/285/285 284/284/284 283/283/283
f 288/288/288 287/287/287 286/286/286
f 291/291/291 290/290/290 289/289/289
f 294/294/294 293/293/293 292/292/292
f 297/297/297 296/296/296 295/295/295
f 300/300/300 299/299/299 298/298/298
f 303/303/303 302/302/302 301/301/301
f 306/306/306 305/305/305 304/304/304
f 309/309/309 308/308/308 307/307/307
f 312/312/312 311/311/311 310/310/310
f 315/315/315 314/314/314 313/313/313
f 318/318/318 317/317/317 316/316/316
f 321/321/321 320/320/320 319/319/319
f 324/324/324 323/323/323 322/322/322
f 327/327/327 326/326/326 325/325/325
f 330/330/330 329/329/329 328/328/328
f 333/333/333 332/332/332 331/331/331
f 336/336/336 335/335/335 334/334/334
f 339/339/339 338/338/338 337/337/337
f 342/342/342 341/341/341 340/340/340
f 345/345/345 344/344/344 343/343/343
f 348/348/348 347/347/347 346/346/346
f 351/351/351 350/350/350 349/349/349
f 354/354/354 353/353/353 352/352/352
f 357/357/357 356/356/356 355/355/355
f 360/360/360 359/359/359 358/358/358
f 363/363/363 362/362/362 361/361/361
f 366/366/366 365/365/365 364/364/364
f 369/369/369 368/368/368 367/367/367
f 372/372/372 371/371/371 370/370/370
f 375/375/375 374/374/374 373/373/373
f 378/378/378 377/377/377 376/376/376
f 381/381/381 380/380/380 379/379/379
f 384/384/384 383/383/383 382/382/382
f 387/387/387 386/386/386 385/385/385
f 390/390/390 389/389/389 388/388/388
f 393/393/393 392/392/392 391/391/391
f 396/396/396 395/395/395 394/394/394
f 399/399/399 398/398/398 397/397/397
f 402/402/402 401/401/401 400/400/400
f 405/405/405 404/404/404 403/403/403
f 408/408/408 407/407/407 406/406/406
f 411/411/411 410/410/410 409/409/409
f 414/414/414 413/413/413 412/412/412
f 417/417/417 416/416/416 415/415/415
f 420/420/420 419/419/419 418/418/418
f 423/423/423 422/422/422 421/421/421
f 426/426/426 425/425/425 424/424/424
f 429/429/429 428/428/428 427/427/427
f 432/432/432 431/431/431 430/430/430
f 431/431/431 433/433/433 430/430/430
f 434/434/434 433/433/433 431/431/431
f 435/435/435 434/434/434 431/431/431
f 435/435/435 436/436/436 434/434/434
f 436/436/436 437/437/437 434/434/434
f 438/438/438 437/437/437 436/436/436
f 439/439/439 438/438/438 436/436/436
f 440/440/440 438/438/438 439/439/439
f 441/441/441 440/440/440 439/439/439
f 442/442/442 440/440/440 441/441/441
f 443/443/443 442/442/442 441/441/441
f 446/446/446 445/445/445 444/444/444
f 447/447/447 446/446/446 444/444/444
f 447/447/447 444/444/444 448/448/448
f 449/449/449 447/447/447 448/448/448
f 449/449/449 448/448/448 450/450/450
f 444/444/444 451/451/451 448/448/448
f 452/452/452 451/451/451 444/444/444
f 453/453/453 452/452/452 444/444/444
f 453/453/453 454/454/454 452/452/452
f 455/455/455 452/452/452 454/454/454
f 455/455/455 456/456/456 452/452/452
f 456/456/456 457/457/457 452/452/452
f 456/456/456 458/458/458 457/457/457
f 458/458/458 459/459/459 457/457/457
f 460/460/460 459/459/459 458/458/458
f 461/461/461 460/460/460 458/458/458
f 461/461/461 462/462/462 460/460/460
f 465/465/465 464/464/464 463/463/463
f 464/464/464 466/466/466 463/463/463
f 463/463/463 466/466/466 467/467/467
f 466/466/466 468/468/468 467/467/467
f 467/467/467 468/468/468 469/469/469
f 470/470/470 467/467/467 469/469/469
f 470/470/470 469/469/469 471/471/471
f 472/472/472 470/470/470 471/471/471
f 472/472/472 471/471/471 473/473/473
f 471/471/471 474/474/474 473/473/473
f 473/473/473 474/474/474 475/475/475
f 476/476/476 473/473/473 475/475/475
f 476/476/476 475/475/475 477/477/477
f 475/475/475 478/478/478 477/477/477
f 477/477/477 478/478/478 479/479/479
f 478/478/478 480/480/480 479/479/479
f 483/483/483 482/482/482 481/481/481
f 484/484/484 483/483/483 481/481/481
f 484/484/484 481/481/481 485/485/485
f 486/486/486 484/484/484 485/485/485
f 486/486/486 485/485/485 487/487/487
f 488/488/488 486/486/486 487/487/487
f 488/488/488 487/487/487 489/489/489
f 490/490/490 488/488/488 489/489/489
f 493/493/493 492/492/492 491/491/491
f 494/494/494 493/493/493 491/491/491
f 494/494/494 495/495/495 493/493/493
f 495/495/495 496/496/496 493/493/493
f 497/497/497 496/496/496 495/495/495
f 498/498/498 497/497/497 495/495/495
f 498/498/498 499/499/499 497/497/497
f 499/499/499 500/500/500 497/497/497
f 499/499/499 501/501/501 500/500/500
f 501/501/501 502/502/502 500/500/500
f 501/501/501 503/503/503 502/502/502
f 503/503/503 504/504/504 502/502/502
f 507/507/507 506/506/506 505/505/505
f 506/506/506 508/508/508 505/505/505
f 505/505/505 508/508/508 509/509/509
f 508/508/508 510/510/510 509/509/509
f 509/509/509 510/510/510 511/511/511
f 512/512/512 505/505/505 509/509/509
f 512/512/512 513/513/513 505/505/505
f 513/513/513 514/514/514 505/505/505
f 515/515/515 514/514/514 513/513/513
f 513/513/513 516/516/516 515/515/515
f 517/517/517 516/516/516 513/513/513
f 518/518/518 517/517/517 513/513/513
f 519/519/519 517/517/517 518/518/518
f 520/520/520 519/519/519 518/518/518
f 520/520/520 521/521/521 519/519/519
f 521/521/521 522/522/522 519/519/519
f 523/523/523 522/522/522 521/521/521
f 526/526/526 525/525/525 524/524/524
f 527/527/527 526/526/526 524/524/524
f 527/527/527 524/524/524 528/528/528
f 529/529/529 527/527/527 528/528/528
f 529/529/529 528/528/528 530/530/530
f 528/528/528 531/531/531 530/530/530
f 530/530/530 531/531/531 532/532/532
f 531/531/531 533/533/533 532/532/532
f 532/532/532 533/533/533 534/534/534
f 535/535/535 532/532/532 534/534/534
f 535/535/535 534/534/534 536/536/536
f 534/534/534 537/537/537 536/536/536
f 536/536/536 537/537/537 538/538/538
f 539/539/539 536/536/536 538/538/538
f 539/539/539 538/538/538 540/540/540
f 541/541/541 539/539/539 540/540/540
f 544/544/544 543/543/543 542/542/542
f 543/543/543 545/545/545 542/542/542
f 542/542/542 545/545/545 546/546/546
f 545/545/545 547/547/547 546/546/546
f 546/546/546 547/547/547 548/548/548
f 547/547/547 549/549/549 548/548/548
f 548/548/548 549/549/549 550/550/550
f 549/549/549 551/551/551 550/550/550
f 554/554/554 553/553/553 552/552/552
f 555/555/555 554/554/554 552/552/552
f 555/555/555 556/556/556 554/554/554
f 556/556/556 557/557/557 554/554/554
f 558/558/558 557/557/557 556/556/556
f 559/559/559 558/558/558 556/556/556
f 559/559/559 560/560/560 558/558/558
f 560/560/560 561/561/561 558/558/558
f 560/560/560 562/562/562 561/561/561
f 562/562/562 563/563/563 561/561/561
f 562/562/562 564/564/564 563/563/563
f 564/564/564 565/565/565 563/563/563
f 568/568/568 567/567/567 566/566/566
f 567/567/567 569/569/569 566/566/566
f 566/566/566 569/569/569 570/570/570
f 569/569/569 571/571/571 570/570/570
f 570/570/570 571/571/571 572/572/572
f 573/573/573 566/566/566 570/570/570
f 573/573/573 574/574/574 566/566/566
f 574/574/574 575/575/575 566/566/566
f 576/576/576 575/575/575 574/574/574
f 574/574/574 577/577/577 576/576/576
f 578/578/578 577/577/577 574/574/574
f 579/579/579 578/578/578 574/574/574
f 580/580/580 578/578/578 579/579/579
f 581/581/581 580/580/580 579/579/579
f 581/581/581 582/582/582 580/580/580
f 582/582/582 583/583/583 580/580/580
f 584/584/584 583/583/583 582/582/582
f 587/587/587 586/586/586 585/585/585
f 588/588/588 587/587/587 585/585/585
f 588/588/588 585/585/585 589/589/589
f 590/590/590 588/588/588 589/589/589
f 590/590/590 589/589/589 591/591/591
f 589/589/589 592/592/592 591/591/591
f 591/591/591 592/592/592 593/593/593
f 592/592/592 594/594/594 593/593/593
f 593/593/593 594/594/594 595/595/595
f 596/596/596 593/593/593 595/595/595
f 596/596/596 595/595/595 597/597/597
f 595/595/595 598/598/598 597/597/597
f 597/597/597 598/598/598 599/599/599
f 600/600/600 597/597/597 599/599/599
f 600/600/600 599/599/599 601/601/601
f 602/602/602 600/600/600 601/601/601
f 605/605/605 604/604/604 603/603/603
f 604/604/604 606/606/606 603/603/603
f 603/603/603 606/606/606 607/607/607
f 606/606/606 608/608/608 607/607/607
f 607/607/607 608/608/608 609/609/609
f 608/608/608 610/610/610 609/609/609
f 609/609/609 610/610/610 611/611/611
f 610/610/610 612/612/612 611/611/611
f 615/615/615 614/614/614 613/613/613
f 614/614/614 616/616/616 613/613/613
f 617/617/617 616/616/616 614/614/614
f 618/618/618 617/617/617 614/614/614
f 618/618/618 619/619/619 617/617/617
f 619/619/619 620/620/620 617/617/617
f 621/621/621 620/620/620 619/619/619
f 622/622/622 621/621/621 619/619/619
f 623/623/623 621/621/621 622/622/622
f 624/624/624 623/623/623 622/622/622
f 625/625/625 623/623/623 624/624/624
f 626/626/626 625/625/625 624/624/624
f 629/629/629 628/628/628 627/627/627
f 630/630/630 629/629/629 627/627/627
f 630/630/630 627/627/627 631/631/631
f 632/632/632 630/630/630 631/631/631
f 632/632/632 631/631/631 633/633/633
f 627/627/627 634/634/634 631/631/631
f 635/635/635 634/634/634 627/627/627
f 636/636/636 635/635/635 627/627/627
f 636/636/636 637/637/637 635/635/635
f 638/638/638 635/635/635 637/637/637
f 638/638/638 639/639/639 635/635/635
f 639/639/639 640/640/640 635/635/635
f 639/639/639 641/641/641 640/640/640
f 641/641/641 642/642/642 640/640/640
f 643/643/643 642/642/642 641/641/641
f 644/644/644 643/643/643 641/641/641
f 644/644/644 645/645/645 643/643/643
f 648/648/648 647/647/647 646/646/646
f 647/647/647 649/649/649 646/646/646
f 646/646/646 649/649/649 650/650/650
f 649/649/649 651/651/651 650/650/650
f 650/650/650 651/651/651 652/652/652
f 653/653/653 650/650/650 652/652/652
f 653/653/653 652/652/652 654/654/654
f 655/655/655 653/653/653 654/654/654
f 655/655/655 654/654/654 656/656/656
f 654/654/654 657/657/657 656/656/656
f 656/656/656 657/657/657 658/658/658
f 659/659/659 656/656/656 658/658/658
f 659/659/659 658/658/658 660/660/660
f 658/658/658 661/661/661 660/660/660
f 660/660/660 661/661/661 662/662/662
f 661/661/661 663/663/663 662/662/662
f 666/666/666 665/665/665 664/664/664
f 667/667/667 666/666/666 664/664/664
f 667/667/667 664/664/664 668/668/668
f 669/669/669 667/667/667 668/668/668
f 669/669/669 668/668/668 670/670/670
f 671/671/671 669/669/669 670/670/670
f 671/671/671 670/670/670 672/672/672
f 673/673/673 671/671/671 672/672/672
f 676/676/676 675/675/675 674/674/674
f 677/677/677 676/676/676 674/674/674
f 680/680/680 679/679/679 678/678/678
f 681/681/681 680/680/680 678/678/678
f 682/682/682 680/680/680 681/681/681
f 683/683/683 682/682/682 681/681/681
f 683/683/683 684/684/684 682/682/682
f 684/684/684 685/685/685 682/682/682
f 686/686/686 685/685/685 684/684/684
f 687/687/687 686/686/686 684/684/684
f 688/688/688 686/686/686 687/687/687
f 689/689/689 688/688/688 687/687/687
f 692/692/692 691/691/691 690/690/690
f 693/693/693 692/692/692 690/690/690
f 696/696/696 695/695/695 694/694/694
f 697/697/697 696/696/696 694/694/694
f 698/698/698 696/696/696 697/697/697
f 699/699/699 698/698/698 697/697/697
f 699/699/699 700/700/700 698/698/698
f 700/700/700 701/701/701 698/698/698
f 702/702/702 701/701/701 700/700/700
f 703/703/703 702/702/702 700/700/700
f 704/704/704 702/702/702 703/703/703
f 705/705/705 704/704/704 703/703/703
f 708/708/708 707/707/707 706/706/706
f 707/707/707 709/709/709 706/706/706
f 709/709/709 707/707/707 710/710/710
f 713/713/713 712/712/712 711/711/711
f 712/712/712 713/713/713 714/714/714
f 717/717/717 716/716/716 715/715/715
f 716/716/716 718/718/718 715/715/715
f 715/715/715 718/718/718 719/719/719
f 720/720/720 715/715/715 719/719/719
f 720/720/720 719/719/719 721/721/721
f 719/719/719 722/722/722 721/721/721
f 721/721/721 722/722/722 723/723/723
f 722/722/722 724/724/724 723/723/723
f 723/723/723 724/724/724 725/725/725
f 724/724/724 726/726/726 725/725/725
f 725/725/725 726/726/726 727/727/727
f 726/726/726 728/728/728 727/727/727
f 727/727/727 728/728/728 729/729/729
f 730/730/730 727/727/727 729/729/729
f 730/730/730 729/729/729 731/731/731
f 729/729/729 732/732/732 731/731/731
f 731/731/731 732/732/732 733/733/733
f 734/734/734 731/731/731 733/733/733
f 734/734/734 733/733/733 735/735/735
f 733/733/733 736/736/736 735/735/735
f 737/737/737 736/736/736 733/733/733
f 738/738/738 737/737/737 733/733/733
f 739/739/739 738/738/738 733/733/733
f 740/740/740 739/739/739 733/733/733
f 733/733/733 741/741/741 740/740/740
f 741/741/741 742/742/742 740/740/740
f 733/733/733 743/743/743 741/741/741
f 743/743/743 744/744/744 741/741/741
f 745/745/745 744/744/744 743/743/743
f 746/746/746 745/745/745 743/743/743
f 747/747/747 745/745/745 746/746/746
f 748/748/748 747/747/747 746/746/746
f 749/749/749 747/747/747 748/748/748
f 750/750/750 749/749/749 748/748/748
f 749/749/749 750/750/750 751/751/751
f 752/752/752 749/749/749 751/751/751
f 752/752/752 751/751/751 753/753/753
f 751/751/751 754/754/754 753/753/753
f 755/755/755 753/753/753 754/754/754
f 756/756/756 755/755/755 754/754/754
f 757/757/757 755/755/755 756/756/756
f 758/758/758 757/757/757 756/756/756
f 759/759/759 757/757/757 758/758/758
f 760/760/760 759/759/759 758/758/758
f 759/759/759 760/760/760 761/761/761
f 762/762/762 759/759/759 761/761/761
f 763/763/763 762/762/762 761/761/761
f 764/764/764 763/763/763 761/761/761
f 767/767/767 766/766/766 765/765/765
f 768/768/768 767/767/767 765/765/765
f 769/769/769 767/767/767 768/768/768
f 770/770/770 769/769/769 768/768/768
f 771/771/771 769/769/769 770/770/770
f 772/772/772 771/771/771 770/770/770
f 772/772/772 773/773/773 771/771/771
f 773/773/773 774/774/774 771/771/771
f 775/775/775 774/774/774 773/773/773
f 776/776/776 775/775/775 773/773/773
f 776/776/776 777/777/777 775/775/775
f 777/777/777 778/778/778 775/775/775
f 779/779/779 778/778/778 777/777/777
f 780/780/780 779/779/779 777/777/777
f 781/781/781 779/779/779 780/780/780
f 782/782/782 781/781/781 780/780/780
f 785/785/785 784/784/784 783/783/783
f 784/784/784 786/786/786 783/783/783
f 787/787/787 786/786/786 784/784/784
f 788/788/788 787/787/787 784/784/784
f 789/789/789 787/787/787 788/788/788
f 790/790/790 789/789/789 788/788/788
f 790/790/790 791/791/791 789/789/789
f 791/791/791 792/792/792 789/789/789
f 793/793/793 792/792/792 791/791/791
f 794/794/794 793/793/793 791/791/791
f 794/794/794 795/795/795 793/793/793
f 795/795/795 796/796/796 793/793/793
f 797/797/797 796/796/796 795/795/795
f 798/798/798 797/797/797 795/795/795
f 799/799/799 797/797/797 798/798/798
f 800/800/800 799/799/799 798/798/798
f 803/803/803 802/802/802 801/801/801
f 804/804/804 803/803/803 801/801/801
f 807/807/807 806/806/806 805/805/805
f 808/808/808 807/807/807 805/805/805
f 811/811/811 810/810/810 809/809/809
f 812/812/812 811/811/811 809/809/809
f 815/815/815 814/814/814 813/813/813
f 816/816/816 815/815/815 813/813/813
f 819/819/819 818/818/818 817/817/817
f 820/820/820 819/819/819 817/817/817
f 823/823/823 822/822/822 821/821/821
f 824/824/824 823/823/823 821/821/821
f 827/827/827 826/826/826 825/825/825
f 826/826/826 828/828/828 825/825/825
f 825/825/825 828/828/828 829/829/829
f 828/828/828 830/830/830 829/829/829
f 833/833/833 832/832/832 831/831/831
f 831/831/831 832/832/832 834/834/834
f 837/837/837 836/836/836 835/835/835
f 838/838/838 837/837/837 835/835/835
f 841/841/841 840/840/840 839/839/839
f 842/842/842 841/841/841 839/839/839
f 845/845/845 844/844/844 843/843/843
f 846/846/846 845/845/845 843/843/843
f 849/849/849 848/848/848 847/847/847
f 850/850/850 849/849/849 847/847/847
f 853/853/853 852/852/852 851/851/851
f 852/852/852 854/854/854 851/851/851
f 855/855/855 851/851/851 854/854/854
f 856/856/856 855/855/855 854/854/854
f 857/857/857 856/856/856 854/854/854
f 858/858/858 855/855/855 856/856/856
f 859/859/859 856/856/856 857/857/857
f 860/860/860 859/859/859 857/857/857
f 861/861/861 858/858/858 856/856/856
f 862/862/862 858/858/858 861/861/861
f 863/863/863 862/862/862 861/861/861
f 863/863/863 864/864/864 862/862/862
f 864/864/864 865/865/865 862/862/862
f 866/866/866 865/865/865 864/864/864
f 867/867/867 866/866/866 864/864/864
f 867/867/867 868/868/868 866/866/866
f 868/868/868 869/869/869 866/866/866
f 870/870/870 869/869/869 868/868/868
f 871/871/871 870/870/870 868/868/868
f 872/872/872 870/870/870 871/871/871
f 873/873/873 872/872/872 871/871/871
f 873/873/873 874/874/874 872/872/872
f 874/874/874 875/875/875 872/872/872
f 878/878/878 877/877/877 876/876/876
f 877/877/877 879/879/879 876/876/876
f 880/880/880 876/876/876 879/879/879
f 881/881/881 880/880/880 879/879/879
f 882/882/882 880/880/880 881/881/881
f 883/883/883 882/882/882 881/881/881
f 886/886/886 885/885/885 884/884/884
f 884/884/884 887/887/887 886/886/886
f 887/887/887 888/888/888 886/886/886
f 888/888/888 889/889/889 886/886/886
f 888/888/888 890/890/890 889/889/889
f 890/890/890 891/891/891 889/889/889
f 892/892/892 891/891/891 890/890/890
f 893/893/893 892/892/892 890/890/890
f 893/893/893 894/894/894 892/892/892
f 894/894/894 895/895/895 892/892/892
f 894/894/894 896/896/896 895/895/895
f 896/896/896 897/897/897 895/895/895
f 898/898/898 897/897/897 896/896/896
f 899/899/899 898/898/898 896/896/896
f 899/899/899 900/900/900 898/898/898
f 900/900/900 901/901/901 898/898/898
f 904/904/904 903/903/903 902/902/902
f 903/903/903 905/905/905 902/902/902
f 903/903/903 906/906/906 905/905/905
f 906/906/906 907/907/907 905/905/905
f 908/908/908 907/907/907 906/906/906
f 909/909/909 908/908/908 906/906/906
f 909/909/909 910/910/910 908/908/908
f 910/910/910 911/911/911 908/908/908
f 910/910/910 912/912/912 911/911/911
f 912/912/912 913/913/913 911/911/911
f 914/914/914 913/913/913 912/912/912
f 915/915/915 914/914/914 912/912/912
f 915/915/915 916/916/916 914/914/914
f 916/916/916 917/917/917 914/914/914
f 916/916/916 918/918/918 917/917/917
f 918/918/918 919/919/919 917/917/917
f 920/920/920 919/919/919 918/918/918
f 921/921/921 920/920/920 918/918/918
f 922/922/922 920/920/920 921/921/921
f 923/923/923 922/922/922 921/921/921
f 926/926/926 925/925/925 924/924/924
f 927/927/927 926/926/926 924/924/924
f 928/928/928 926/926/926 927/927/927
f 929/929/929 928/928/928 927/927/927
f 930/930/930 928/928/928 929/929/929
f 931/931/931 930/930/930 929/929/929
f 932/932/932 930/930/930 931/931/931
f 933/933/933 932/932/932 931/931/931
f 933/933/933 934/934/934 932/932/932
f 934/934/934 935/935/935 932/932/932
f 936/936/936 935/935/935 934/934/934
f 937/937/937 936/936/936 934/934/934
f 936/936/936 937/937/937 938/938/938
f 937/937/937 939/939/939 938/938/938
f 939/939/939 940/940/940 938/938/938
f 940/940/940 941/941/941 938/938/938
f 942/942/942 941/941/941 940/940/940
f 943/943/943 942/942/942 940/940/940
f 943/943/943 944/944/944 942/942/942
f 944/944/944 945/945/945 942/942/942
f 946/946/946 945/945/945 944/944/944
f 947/947/947 946/946/946 944/944/944
f 947/947/947 948/948/948 946/946/946
f 948/948/948 949/949/949 946/946/946
f 952/952/952 951/951/951 950/950/950
f 953/953/953 952/952/952 950/950/950
f 956/956/956 955/955/955 954/954/954
f 957/957/957 956/956/956 954/954/954
f 960/960/960 959/959/959 958/958/958
f 959/959/959 961/961/961 958/958/958
f 958/958/958 961/961/961 962/962/962
f 961/961/961 963/963/963 962/962/962
f 962/962/962 963/963/963 964/964/964
f 965/965/965 962/962/962 964/964/964
f 965/965/965 964/964/964 966/966/966
f 964/964/964 967/967/967 966/966/966
f 966/966/966 967/967/967 968/968/968
f 969/969/969 966/966/966 968/968/968
f 969/969/969 968/968/968 970/970/970
f 968/968/968 971/971/971 970/970/970
f 970/970/970 971/971/971 972/972/972
f 971/971/971 973/973/973 972/972/972
f 972/972/972 973/973/973 974/974/974
f 973/973/973 975/975/975 974/974/974
f 978/978/978 977/977/977 976/976/976
f 979/979/979 978/978/978 976/976/976
f 982/982/982 981/981/981 980/980/980
f 983/983/983 982/982/982 980/980/980
f 986/986/986 985/985/985 984/984/984
f 987/987/987 986/986/986 984/984/984
f 990/990/990 989/989/989 988/988/988
f 989/989/989 991/991/991 988/988/988
f 988/988/988 991/991/991 992/992/992
f 993/993/993 988/988/988 992/992/992
f 993/993/993 992/992/992 994/994/994
f 992/992/992 995/995/995 994/994/994
f 994/994/994 995/995/995 996/996/996
f 995/995/995 997/997/997 996/996/996
f 998/998/998 996/996/996 997/997/997
f 999/999/999 998/998/998 997/997/997
f 1002/1002/1002 1001/1001/1001 1000/1000/1000
f 1003/1003/1003 1002/1002/1002 1000/1000/1000
f 1006/1006/1006 1005/1005/1005 1004/1004/1004
f 1005/1005/1005 1007/1007/1007 1004/1004/1004
f 1005/1005/1005 1008/1008/1008 1007/1007/1007
f 1008/1008/1008 1009/1009/1009 1007/1007/1007
f 1008/1008/1008 1010/1010/1010 1009/1009/1009
f 1010/1010/1010 1011/1011/1011 1009/1009/1009
f 1010/1010/1010 1012/1012/1012 1011/1011/1011
f 1012/1012/1012 1013/1013/1013 1011/1011/1011
f 1012/1012/1012 1014/1014/1014 1013/1013/1013
f 1014/1014/1014 1015/1015/1015 1013/1013/1013
f 1016/1016/1016 1015/1015/1015 1014/1014/1014
f 1017/1017/1017 1016/1016/1016 1014/1014/1014
f 1017/1017/1017 1018/1018/1018 1016/1016/1016
f 1018/1018/1018 1019/1019/1019 1016/1016/1016
f 1020/1020/1020 1019/1019/1019 1018/1018/1018
f 1021/1021/1021 1020/1020/1020 1018/1018/1018
f 1021/1021/1021 1022/1022/1022 1020/1020/1020
f 1022/1022/1022 1023/1023/1023 1020/1020/1020
f 1022/1022/1022 1024/1024/1024 1023/1023/1023
f 1024/1024/1024 1025/1025/1025 1023/1023/1023
f 1028/1028/1028 1027/1027/1027 1026/1026/1026
f 1027/1027/1027 1029/1029/1029 1026/1026/1026
f 1027/1027/1027 1030/1030/1030 1029/1029/1029
f 1030/1030/1030 1031/1031/1031 1029/1029/1029
f 1032/1032/1032 1031/1031/1031 1030/1030/1030
f 1033/1033/1033 1032/1032/1032 1030/1030/1030
f 1033/1033/1033 1034/1034/1034 1032/1032/1032
f 1034/1034/1034 1035/1035/1035 1032/1032/1032
f 1034/1034/1034 1036/1036/1036 1035/1035/1035
f 1036/1036/1036 1037/1037/1037 1035/1035/1035
f 1040/1040/1040 1039/1039/1039 1038/1038/1038
f 1039/1039/1039 1041/1041/1041 1038/1038/1038
f 1039/1039/1039 1042/1042/1042 1041/1041/1041
f 1042/1042/1042 1043/1043/1043 1041/1041/1041
f 1044/1044/1044 1043/1043/1043 1042/1042/1042
f 1045/1045/1045 1044/1044/1044 1042/1042/1042
f 1045/1045/1045 1046/1046/1046 1044/1044/1044
f 1046/1046/1046 1047/1047/1047 1044/1044/1044
f 1046/1046/1046 1048/1048/1048 1047/1047/1047
f 1048/1048/1048 1049/1049/1049 1047/1047/1047
f 1050/1050/1050 1049/1049/1049 1048/1048/1048
f 1051/1051/1051 1050/1050/1050 1048/1048/1048
f 1051/1051/1051 1052/1052/1052 1050/1050/1050
f 1052/1052/1052 1053/1053/1053 1050/1050/1050
f 1054/1054/1054 1053/1053/1053 1052/1052/1052
f 1055/1055/1055 1054/1054/1054 1052/1052/1052
f 1055/1055/1055 1056/1056/1056 1054/1054/1054
f 1056/1056/1056 1057/1057/1057 1054/1054/1054
f 1056/1056/1056 1058/1058/1058 1057/1057/1057
f 1058/1058/1058 1059/1059/1059 1057/1057/1057
f 1062/1062/1062 1061/1061/1061 1060/1060/1060
f 1061/1061/1061 1063/1063/1063 1060/1060/1060
f 1061/1061/1061 1064/1064/1064 1063/1063/1063
f 1064/1064/1064 1065/1065/1065 1063/1063/1063
f 1066/1066/1066 1065/1065/1065 1064/1064/1064
f 1067/1067/1067 1066/1066/1066 1064/1064/1064
f 1067/1067/1067 1068/1068/1068 1066/1066/1066
f 1068/1068/1068 1069/1069/1069 1066/1066/1066
f 1068/1068/1068 1070/1070/1070 1069/1069/1069
f 1070/1070/1070 1071/1071/1071 1069/1069/1069
f 1074/1074/1074 1073/1073/1073 1072/1072/1072
f 1075/1075/1075 1074/1074/1074 1072/1072/1072
f 1078/1078/1078 1077/1077/1077 1076/1076/1076
f 1077/1077/1077 1078/1078/1078 1079/1079/1079
f 1082/1082/1082 1081/1081/1081 1080/1080/1080
f 1083/1083/1083 1082/1082/1082 1080/1080/1080
f 1083/1083/1083 1080/1080/1080 1084/1084/1084
f 1080/1080/1080 1085/1085/1085 1084/1084/1084
f 1084/1084/1084 1085/1085/1085 1086/1086/1086
f 1087/1087/1087 1084/1084/1084 1086/1086/1086
f 1087/1087/1087 1086/1086/1086 1088/1088/1088
f 1089/1089/1089 1087/1087/1087 1088/1088/1088
f 1089/1089/1089 1088/1088/1088 1090/1090/1090
f 1091/1091/1091 1089/1089/1089 1090/1090/1090
f 1091/1091/1091 1090/1090/1090 1092/1092/1092
f 1093/1093/1093 1091/1091/1091 1092/1092/1092
f 1093/1093/1093 1092/1092/1092 1094/1094/1094
f 1092/1092/1092 1095/1095/1095 1094/1094/1094
f 1094/1094/1094 1095/1095/1095 1096/1096/1096
f 1097/1097/1097 1094/1094/1094 1096/1096/1096
f 1097/1097/1097 1096/1096/1096 1098/1098/1098
f 1096/1096/1096 1099/1099/1099 1098/1098/1098
f 1098/1098/1098 1099/1099/1099 1100/1100/1100
f 1101/1101/1101 1098/1098/1098 1100/1100/1100
f 1101/1101/1101 1102/1102/1102 1098/1098/1098
f 1102/1102/1102 1103/1103/1103 1098/1098/1098
f 1103/1103/1103 1104/1104/1104 1098/1098/1098
f 1104/1104/1104 1105/1105/1105 1098/1098/1098
f 1106/1106/1106 1098/1098/1098 1105/1105/1105
f 1107/1107/1107 1106/1106/1106 1105/1105/1105
f 1108/1108/1108 1098/1098/1098 1106/1106/1106
f 1109/1109/1109 1108/1108/1108 1106/1106/1106
f 1109/1109/1109 1110/1110/1110 1108/1108/1108
f 1110/1110/1110 1111/1111/1111 1108/1108/1108
f 1110/1110/1110 1112/1112/1112 1111/1111/1111
f 1112/1112/1112 1113/1113/1113 1111/1111/1111
f 1112/1112/1112 1114/1114/1114 1113/1113/1113
f 1114/1114/1114 1115/1115/1115 1113/1113/1113
f 1115/1115/1115 1114/1114/1114 1116/1116/1116
f 1114/1114/1114 1117/1117/1117 1116/1116/1116
f 1116/1116/1116 1117/1117/1117 1118/1118/1118
f 1119/1119/1119 1116/1116/1116 1118/1118/1118
f 1118/1118/1118 1120/1120/1120 1119/1119/1119
f 1120/1120/1120 1121/1121/1121 1119/1119/1119
f 1120/1120/1120 1122/1122/1122 1121/1121/1121
f 1122/1122/1122 1123/1123/1123 1121/1121/1121
f 1122/1122/1122 1124/1124/1124 1123/1123/1123
f 1124/1124/1124 1125/1125/1125 1123/1123/1123
f 1125/1125/1125 1124/1124/1124 1126/1126/1126
f 1124/1124/1124 1127/1127/1127 1126/1126/1126
f 1127/1127/1127 1128/1128/1128 1126/1126/1126
f 1128/1128/1128 1129/1129/1129 1126/1126/1126
f 1132/1132/1132 1131/1131/1131 1130/1130/1130
f 1133/1133/1133 1132/1132/1132 1130/1130/1130
f 1136/1136/1136 1135/1135/1135 1134/1134/1134
f 1137/1137/1137 1136/1136/1136 1134/1134/1134
f 1140/1140/1140 1139/1139/1139 1138/1138/1138
f 1141/1141/1141 1140/1140/1140 1138/1138/1138
f 1144/1144/1144 1143/1143/1143 1142/1142/1142
f 1145/1145/1145 1144/1144/1144 1142/1142/1142
f 1148/1148/1148 1147/1147/1147 1146/1146/1146
f 1149/1149/1149 1148/1148/1148 1146/1146/1146
f 1149/1149/1149 1146/1146/1146 1150/1150/1150
f 1151/1151/1151 1149/1149/1149 1150/1150/1150
f 1154/1154/1154 1153/1153/1153 1152/1152/1152
f 1154/1154/1154 1152/1152/1152 1155/1155/1155
f 1158/1158/1158 1157/1157/1157 1156/1156/1156
f 1159/1159/1159 1158/1158/1158 1156/1156/1156
f 1162/1162/1162 1161/1161/1161 1160/1160/1160
f 1163/1163/1163 1162/1162/1162 1160/1160/1160
f 1166/1166/1166 1165/1165/1165 1164/1164/1164
f 1167/1167/1167 1166/1166/1166 1164/1164/1164
f 1170/1170/1170 1169/1169/1169 1168/1168/1168
f 1171/1171/1171 1170/1170/1170 1168/1168/1168
f 1174/1174/1174 1173/1173/1173 1172/1172/1172
f 1175/1175/1175 1174/1174/1174 1172/1172/1172
f 1172/1172/1172 1176/1176/1176 1175/1175/1175
f 1176/1176/1176 1177/1177/1177 1175/1175/1175
f 1176/1176/1176 1178/1178/1178 1177/1177/1177
f 1178/1178/1178 1179/1179/1179 1177/1177/1177
f 1178/1178/1178 1180/1180/1180 1179/1179/1179
f 1180/1180/1180 1181/1181/1181 1179/1179/1179
f 1182/1182/1182 1181/1181/1181 1180/1180/1180
f 1183/1183/1183 1182/1182/1182 1180/1180/1180
f 1183/1183/1183 1184/1184/1184 1182/1182/1182
f 1184/1184/1184 1185/1185/1185 1182/1182/1182
f 1186/1186/1186 1185/1185/1185 1184/1184/1184
f 1187/1187/1187 1186/1186/1186 1184/1184/1184
f 1187/1187/1187 1188/1188/1188 1186/1186/1186
f 1188/1188/1188 1189/1189/1189 1186/1186/1186
f 1188/1188/1188 1190/1190/1190 1189/1189/1189
f 1190/1190/1190 1191/1191/1191 1189/1189/1189
f 1192/1192/1192 1191/1191/1191 1190/1190/1190
f 1193/1193/1193 1192/1192/1192 1190/1190/1190
f 1195/1195/1195 1194/1194/1194 1179/1179/1179
f 1196/1196/1196 1195/1195/1195 1179/1179/1179
f 1197/1197/1197 1196/1196/1196 1179/1179/1179
f 1177/1177/1177 1179/1179/1179 1194/1194/1194
f 1198/1198/1198 1196/1196/1196 1197/1197/1197
f 1199/1199/1199 1198/1198/1198 1197/1197/1197
f 1199/1199/1199 1200/1200/1200 1198/1198/1198
f 1200/1200/1200 1201/1201/1201 1198/1198/1198
f 1202/1202/1202 1201/1201/1201 1200/1200/1200
f 1203/1203/1203 1202/1202/1202 1200/1200/1200
f 1204/1204/1204 1202/1202/1202 1203/1203/1203
f 1205/1205/1205 1204/1204/1204 1203/1203/1203
f 1205/1205/1205 1206/1206/1206 1204/1204/1204
f 1206/1206/1206 1207/1207/1207 1204/1204/1204
f 1208/1208/1208 1207/1207/1207 1206/1206/1206
f 1209/1209/1209 1208/1208/1208 1206/1206/1206
f 1177/1177/1177 1194/1194/1194 1210/1210/1210
f 1177/1177/1177 1210/1210/1210 1211/1211/1211
f 1210/1210/1210 1212/1212/1212 1211/1211/1211
f 1177/1177/1177 1211/1211/1211 1175/1175/1175
f 1211/1211/1211 1212/1212/1212 1213/1213/1213
f 1212/1212/1212 1214/1214/1214 1213/1213/1213
f 1211/1211/1211 1213/1213/1213 1215/1215/1215
f 1175/1175/1175 1211/1211/1211 1215/1215/1215
f 1215/1215/1215 1216/1216/1216 1175/1175/1175
f 1216/1216/1216 1217/1217/1217 1175/1175/1175
f 1220/1220/1220 1219/1219/1219 1218/1218/1218
f 1221/1221/1221 1220/1220/1220 1218/1218/1218
f 1222/1222/1222 1220/1220/1220 1221/1221/1221
f 1223/1223/1223 1222/1222/1222 1221/1221/1221
f 1223/1223/1223 1224/1224/1224 1222/1222/1222
f 1224/1224/1224 1225/1225/1225 1222/1222/1222
f 1226/1226/1226 1225/1225/1225 1224/1224/1224
f 1227/1227/1227 1226/1226/1226 1224/1224/1224
f 1228/1228/1228 1226/1226/1226 1227/1227/1227
f 1229/1229/1229 1228/1228/1228 1227/1227/1227
f 1229/1229/1229 1230/1230/1230 1228/1228/1228
f 1230/1230/1230 1231/1231/1231 1228/1228/1228
f 1232/1232/1232 1231/1231/1231 1230/1230/1230
f 1233/1233/1233 1232/1232/1232 1230/1230/1230
f 1234/1234/1234 1232/1232/1232 1233/1233/1233
f 1235/1235/1235 1234/1234/1234 1233/1233/1233
f 1235/1235/1235 1236/1236/1236 1234/1234/1234
f 1236/1236/1236 1237/1237/1237 1234/1234/1234
f 1236/1236/1236 1238/1238/1238 1237/1237/1237
f 1238/1238/1238 1239/1239/1239 1237/1237/1237
f 1242/1242/1242 1241/1241/1241 1240/1240/1240
f 1241/1241/1241 1243/1243/1243 1240/1240/1240
f 1241/1241/1241 1244/1244/1244 1243/1243/1243
f 1244/1244/1244 1245/1245/1245 1243/1243/1243
f 1244/1244/1244 1246/1246/1246 1245/1245/1245
f 1246/1246/1246 1247/1247/1247 1245/1245/1245
f 1246/1246/1246 1248/1248/1248 1247/1247/1247
f 1248/1248/1248 1249/1249/1249 1247/1247/1247
f 1250/1250/1250 1249/1249/1249 1248/1248/1248
f 1251/1251/1251 1250/1250/1250 1248/1248/1248
f 1251/1251/1251 1252/1252/1252 1250/1250/1250
f 1252/1252/1252 1253/1253/1253 1250/1250/1250
f 1253/1253/1253 1252/1252/1252 1254/1254/1254
f 1255/1255/1255 1253/1253/1253 1254/1254/1254
f 1256/1256/1256 1255/1255/1255 1254/1254/1254
f 1257/1257/1257 1256/1256/1256 1254/1254/1254
f 1257/1257/1257 1258/1258/1258 1256/1256/1256
f 1258/1258/1258 1259/1259/1259 1256/1256/1256
f 1260/1260/1260 1259/1259/1259 1258/1258/1258
f 1261/1261/1261 1260/1260/1260 1258/1258/1258
f 1261/1261/1261 1262/1262/1262 1260/1260/1260
f 1262/1262/1262 1263/1263/1263 1260/1260/1260
f 1264/1264/1264 1263/1263/1263 1262/1262/1262
f 1265/1265/1265 1264/1264/1264 1262/1262/1262
f 1268/1268/1268 1267/1267/1267 1266/1266/1266
f 1269/1269/1269 1268/1268/1268 1266/1266/1266
f 1269/1269/1269 1266/1266/1266 1270/1270/1270
f 1266/1266/1266 1271/1271/1271 1270/1270/1270
f 1270/1270/1270 1271/1271/1271 1272/1272/1272
f 1273/1273/1273 1270/1270/1270 1272/1272/1272
f 1273/1273/1273 1272/1272/1272 1274/1274/1274
f 1275/1275/1275 1273/1273/1273 1274/1274/1274
f 1275/1275/1275 1274/1274/1274 1276/1276/1276
f 1274/1274/1274 1277/1277/1277 1276/1276/1276
f 1276/1276/1276 1277/1277/1277 1278/1278/1278
f 1279/1279/1279 1276/1276/1276 1278/1278/1278
f 1279/1279/1279 1278/1278/1278 1280/1280/1280
f 1278/1278/1278 1281/1281/1281 1280/1280/1280
f 1280/1280/1280 1281/1281/1281 1282/1282/1282
f 1283/1283/1283 1280/1280/1280 1282/1282/1282
f 1283/1283/1283 1282/1282/1282 1284/1284/1284
f 1285/1285/1285 1283/1283/1283 1284/1284/1284
f 1285/1285/1285 1284/1284/1284 1286/1286/1286
f 1287/1287/1287 1285/1285/1285 1286/1286/1286
f 1290/1290/1290 1289/1289/1289 1288/1288/1288
f 1291/1291/1291 1290/1290/1290 1288/1288/1288
f 1294/1294/1294 1293/1293/1293 1292/1292/1292
f 1295/1295/1295 1294/1294/1294 1292/1292/1292
f 1298/1298/1298 1297/1297/1297 1296/1296/1296
f 1299/1299/1299 1298/1298/1298 1296/1296/1296
f 1302/1302/1302 1301/1301/1301 1300/1300/1300
f 1303/1303/1303 1302/1302/1302 1300/1300/1300
f 1303/1303/1303 1300/1300/1300 1304/1304/1304
f 1300/1300/1300 1305/1305/1305 1304/1304/1304
f 1304/1304/1304 1305/1305/1305 1306/1306/1306
f 1307/1307/1307 1304/1304/1304 1306/1306/1306
f 1307/1307/1307 1306/1306/1306 1308/1308/1308
f 1309/1309/1309 1307/1307/1307 1308/1308/1308
f 1308/1308/1308 1310/1310/1310 1309/1309/1309
f 1310/1310/1310 1311/1311/1311 1309/1309/1309
f 1314/1314/1314 1313/1313/1313 1312/1312/1312
f 1315/1315/1315 1314/1314/1314 1312/1312/1312
f 1318/1318/1318 1317/1317/1317 1316/1316/1316
f 1319/1319/1319 1318/1318/1318 1316/1316/1316
f 1322/1322/1322 1321/1321/1321 1320/1320/1320
f 1321/1321/1321 1323/1323/1323 1320/1320/1320
f 1321/1321/1321 1324/1324/1324 1323/1323/1323
f 1324/1324/1324 1325/1325/1325 1323/1323/1323
f 1326/1326/1326 1325/1325/1325 1324/1324/1324
f 1327/1327/1327 1326/1326/1326 1324/1324/1324
f 1327/1327/1327 1328/1328/1328 1326/1326/1326
f 1328/1328/1328 1329/1329/1329 1326/1326/1326
f 1328/1328/1328 1330/1330/1330 1329/1329/1329
f 1330/1330/1330 1331/1331/1331 1329/1329/1329
f 1334/1334/1334 1333/1333/1333 1332/1332/1332
f 1335/1335/1335 1334/1334/1334 1332/1332/1332
f 1338/1338/1338 1337/1337/1337 1336/1336/1336
f 1337/1337/1337 1339/1339/1339 1336/1336/1336
f 1337/1337/1337 1340/1340/1340 1339/1339/1339
f 1340/1340/1340 1341/1341/1341 1339/1339/1339
f 1342/1342/1342 1341/1341/1341 1340/1340/1340
f 1343/1343/1343 1342/1342/1342 1340/1340/1340
f 1343/1343/1343 1344/1344/1344 1342/1342/1342
f 1344/1344/1344 1345/1345/1345 1342/1342/1342
f 1344/1344/1344 1346/1346/1346 1345/1345/1345
f 1346/1346/1346 1347/1347/1347 1345/1345/1345
f 1350/1350/1350 1349/1349/1349 1348/1348/1348
f 1351/1351/1351 1350/1350/1350 1348/1348/1348
f 1350/1350/1350 1351/1351/1351 1352/1352/1352
f 1355/1355/1355 1354/1354/1354 1353/1353/1353
f 1354/1354/1354 1355/1355/1355 1356/1356/1356
f 1359/1359/1359 1358/1358/1358 1357/1357/1357
f 1360/1360/1360 1359/1359/1359 1357/1357/1357
f 1360/1360/1360 1357/1357/1357 1361/1361/1361
f 1357/1357/1357 1362/1362/1362 1361/1361/1361
f 1361/1361/1361 1362/1362/1362 1363/1363/1363
f 1364/1364/1364 1361/1361/1361 1363/1363/1363
f 1364/1364/1364 1363/1363/1363 1365/1365/1365
f 1366/1366/1366 1364/1364/1364 1365/1365/1365
f 1366/1366/1366 1365/1365/1365 1367/1367/1367
f 1368/1368/1368 1366/1366/1366 1367/1367/1367
f 1368/1368/1368 1367/1367/1367 1369/1369/1369
f 1370/1370/1370 1368/1368/1368 1369/1369/1369
f 1370/1370/1370 1369/1369/1369 1371/1371/1371
f 1369/1369/1369 1372/1372/1372 1371/1371/1371
f 1371/1371/1371 1372/1372/1372 1373/1373/1373
f 1374/1374/1374 1371/1371/1371 1373/1373/1373
f 1374/1374/1374 1373/1373/1373 1375/1375/1375
f 1373/1373/1373 1376/1376/1376 1375/1375/1375
f 1375/1375/1375 1376/1376/1376 1377/1377/1377
f 1378/1378/1378 1375/1375/1375 1377/1377/1377
f 1378/1378/1378 1379/1379/1379 1375/1375/1375
f 1379/1379/1379 1380/1380/1380 1375/1375/1375
f 1380/1380/1380 1381/1381/1381 1375/1375/1375
f 1381/1381/1381 1382/1382/1382 1375/1375/1375
f 1383/1383/1383 1375/1375/1375 1382/1382/1382
f 1384/1384/1384 1383/1383/1383 1382/1382/1382
f 1385/1385/1385 1375/1375/1375 1383/1383/1383
f 1386/1386/1386 1385/1385/1385 1383/1383/1383
f 1386/1386/1386 1387/1387/1387 1385/1385/1385
f 1387/1387/1387 1388/1388/1388 1385/1385/1385
f 1387/1387/1387 1389/1389/1389 1388/1388/1388
f 1389/1389/1389 1390/1390/1390 1388/1388/1388
f 1389/1389/1389 1391/1391/1391 1390/1390/1390
f 1391/1391/1391 1392/1392/1392 1390/1390/1390
f 1392/1392/1392 1391/1391/1391 1393/1393/1393
f 1391/1391/1391 1394/1394/1394 1393/1393/1393
f 1393/1393/1393 1394/1394/1394 1395/1395/1395
f 1396/1396/1396 1393/1393/1393 1395/1395/1395
f 1395/1395/1395 1397/1397/1397 1396/1396/1396
f 1397/1397/1397 1398/1398/1398 1396/1396/1396
f 1397/1397/1397 1399/1399/1399 1398/1398/1398
f 1399/1399/1399 1400/1400/1400 1398/1398/1398
f 1399/1399/1399 1401/1401/1401 1400/1400/1400
f 1401/1401/1401 1402/1402/1402 1400/1400/1400
f 1402/1402/1402 1401/1401/1401 1403/1403/1403
f 1401/1401/1401 1404/1404/1404 1403/1403/1403
f 1404/1404/1404 1405/1405/1405 1403/1403/1403
f 1405/1405/1405 1406/1406/1406 1403/1403/1403
f 1409/1409/1409 1408/1408/1408 1407/1407/1407
f 1408/1408/1408 1410/1410/1410 1407/1407/1407
f 1408/1408/1408 1411/1411/1411 1410/1410/1410
f 1411/1411/1411 1412/1412/1412 1410/1410/1410
f 1411/1411/1411 1413/1413/1413 1412/1412/1412
f 1413/1413/1413 1414/1414/1414 1412/1412/1412
f 1415/1415/1415 1414/1414/1414 1413/1413/1413
f 1416/1416/1416 1415/1415/1415 1413/1413/1413
f 1416/1416/1416 1417/1417/1417 1415/1415/1415
f 1417/1417/1417 1418/1418/1418 1415/1415/1415
f 1419/1419/1419 1418/1418/1418 1417/1417/1417
f 1420/1420/1420 1419/1419/1419 1417/1417/1417
f 1420/1420/1420 1421/1421/1421 1419/1419/1419
f 1421/1421/1421 1422/1422/1422 1419/1419/1419
f 1421/1421/1421 1423/1423/1423 1422/1422/1422
f 1423/1423/1423 1424/1424/1424 1422/1422/1422
f 1427/1427/1427 1426/1426/1426 1425/1425/1425
f 1428/1428/1428 1427/1427/1427 1425/1425/1425
f 1428/1428/1428 1429/1429/1429 1427/1427/1427
f 1429/1429/1429 1430/1430/1430 1427/1427/1427
f 1429/1429/1429 1431/1431/1431 1430/1430/1430
f 1431/1431/1431 1432/1432/1432 1430/1430/1430
f 1433/1433/1433 1432/1432/1432 1431/1431/1431
f 1434/1434/1434 1433/1433/1433 1431/1431/1431
f 1434/1434/1434 1435/1435/1435 1433/1433/1433
f 1435/1435/1435 1436/1436/1436 1433/1433/1433
f 1437/1437/1437 1436/1436/1436 1435/1435/1435
f 1438/1438/1438 1437/1437/1437 1435/1435/1435
f 1438/1438/1438 1439/1439/1439 1437/1437/1437
f 1439/1439/1439 1440/1440/1440 1437/1437/1437
f 1439/1439/1439 1441/1441/1441 1440/1440/1440
f 1441/1441/1441 1442/1442/1442 1440/1440/1440
f 1445/1445/1445 1444/1444/1444 1443/1443/1443
f 1446/1446/1446 1445/1445/1445 1443/1443/1443
f 1449/1449/1449 1448/1448/1448 1447/1447/1447
f 1450/1450/1450 1449/1449/1449 1447/1447/1447
f 1453/1453/1453 1452/1452/1452 1451/1451/1451
f 1454/1454/1454 1453/1453/1453 1451/1451/1451
f 1457/1457/1457 1456/1456/1456 1455/1455/1455
f 1458/1458/1458 1457/1457/1457 1455/1455/1455
f 1461/1461/1461 1460/1460/1460 1459/1459/1459
f 1462/1462/1462 1461/1461/1461 1459/1459/1459
f 1465/1465/1465 1464/1464/1464 1463/1463/1463
f 1466/1466/1466 1465/1465/1465 1463/1463/1463
f 1469/1469/1469 1468/1468/1468 1467/1467/1467
f 1470/1470/1470 1469/1469/1469 1467/1467/1467
f 1470/1470/1470 1467/1467/1467 1471/1471/1471
f 1472/1472/1472 1470/1470/1470 1471/1471/1471
f 1475/1475/1475 1474/1474/1474 1473/1473/1473
f 1475/1475/1475 1473/1473/1473 1476/1476/1476
f 1479/1479/1479 1478/1478/1478 1477/1477/1477
f 1480/1480/1480 1479/1479/1479 1477/1477/1477
f 1483/1483/1483 1482/1482/1482 1481/1481/1481
f 1484/1484/1484 1483/1483/1483 1481/1481/1481
f 1487/1487/1487 1486/1486/1486 1485/1485/1485
f 1488/1488/1488 1487/1487/1487 1485/1485/1485
f 1491/1491/1491 1490/1490/1490 1489/1489/1489
f 1492/1492/1492 1491/1491/1491 1489/1489/1489
f 1495/1495/1495 1494/1494/1494 1493/1493/1493
f 1496/1496/1496 1495/1495/1495 1493/1493/1493
f 1493/1493/1493 1497/1497/1497 1496/1496/1496
f 1497/1497/1497 1498/1498/1498 1496/1496/1496
f 1498/1498/1498 1499/1499/1499 1496/1496/1496
f 1497/1497/1497 1500/1500/1500 1498/1498/1498
f 1498/1498/1498 1501/1501/1501 1499/1499/1499
f 1501/1501/1501 1502/1502/1502 1499/1499/1499
f 1500/1500/1500 1503/1503/1503 1498/1498/1498
f 1500/1500/1500 1504/1504/1504 1503/1503/1503
f 1504/1504/1504 1505/1505/1505 1503/1503/1503
f 1506/1506/1506 1505/1505/1505 1504/1504/1504
f 1507/1507/1507 1506/1506/1506 1504/1504/1504
f 1507/1507/1507 1508/1508/1508 1506/1506/1506
f 1508/1508/1508 1509/1509/1509 1506/1506/1506
f 1510/1510/1510 1509/1509/1509 1508/1508/1508
f 1511/1511/1511 1510/1510/1510 1508/1508/1508
f 1511/1511/1511 1512/1512/1512 1510/1510/1510
f 1512/1512/1512 1513/1513/1513 1510/1510/1510
f 1512/1512/1512 1514/1514/1514 1513/1513/1513
f 1514/1514/1514 1515/1515/1515 1513/1513/1513
f 1516/1516/1516 1515/1515/1515 1514/1514/1514
f 1517/1517/1517 1516/1516/1516 1514/1514/1514
f 1520/1520/1520 1519/1519/1519 1518/1518/1518
f 1521/1521/1521 1520/1520/1520 1518/1518/1518
f 1518/1518/1518 1522/1522/1522 1521/1521/1521
f 1522/1522/1522 1523/1523/1523 1521/1521/1521
f 1522/1522/1522 1524/1524/1524 1523/1523/1523
f 1524/1524/1524 1525/1525/1525 1523/1523/1523
f 1528/1528/1528 1527/1527/1527 1526/1526/1526
f 1529/1529/1529 1526/1526/1526 1527/1527/1527
f 1530/1530/1530 1529/1529/1529 1527/1527/1527
f 1531/1531/1531 1530/1530/1530 1527/1527/1527
f 1532/1532/1532 1530/1530/1530 1531/1531/1531
f 1533/1533/1533 1532/1532/1532 1531/1531/1531
f 1533/1533/1533 1534/1534/1534 1532/1532/1532
f 1534/1534/1534 1535/1535/1535 1532/1532/1532
f 1536/1536/1536 1535/1535/1535 1534/1534/1534
f 1537/1537/1537 1536/1536/1536 1534/1534/1534
f 1538/1538/1538 1536/1536/1536 1537/1537/1537
f 1539/1539/1539 1538/1538/1538 1537/1537/1537
f 1539/1539/1539 1540/1540/1540 1538/1538/1538
f 1540/1540/1540 1541/1541/1541 1538/1538/1538
f 1542/1542/1542 1541/1541/1541 1540/1540/1540
f 1543/1543/1543 1542/1542/1542 1540/1540/1540
f 1546/1546/1546 1545/1545/1545 1544/1544/1544
f 1547/1547/1547 1546/1546/1546 1544/1544/1544
f 1548/1548/1548 1546/1546/1546 1547/1547/1547
f 1549/1549/1549 1548/1548/1548 1547/1547/1547
f 1549/1549/1549 1550/1550/1550 1548/1548/1548
f 1550/1550/1550 1551/1551/1551 1548/1548/1548
f 1552/1552/1552 1551/1551/1551 1550/1550/1550
f 1553/1553/1553 1552/1552/1552 1550/1550/1550
f 1554/1554/1554 1552/1552/1552 1553/1553/1553
f 1555/1555/1555 1554/1554/1554 1553/1553/1553
f 1555/1555/1555 1556/1556/1556 1554/1554/1554
f 1556/1556/1556 1557/1557/1557 1554/1554/1554
f 1558/1558/1558 1557/1557/1557 1556/1556/1556
f 1559/1559/1559 1558/1558/1558 1556/1556/1556
f 1560/1560/1560 1558/1558/1558 1559/1559/1559
f 1561/1561/1561 1560/1560/1560 1559/1559/1559
f 1561/1561/1561 1562/1562/1562 1560/1560/1560
f 1562/1562/1562 1563/1563/1563 1560/1560/1560
f 1562/1562/1562 1564/1564/1564 1563/1563/1563
f 1564/1564/1564 1565/1565/1565 1563/1563/1563
f 1568/1568/1568 1567/1567/1567 1566/1566/1566
f 1567/1567/1567 1569/1569/1569 1566/1566/1566
f 1567/1567/1567 1570/1570/1570 1569/1569/1569
f 1570/1570/1570 1571/1571/1571 1569/1569/1569
f 1570/1570/1570 1572/1572/1572 1571/1571/1571
f 1572/1572/1572 1573/1573/1573 1571/1571/1571
f 1572/1572/1572 1574/1574/1574 1573/1573/1573
f 1574/1574/1574 1575/1575/1575 1573/1573/1573
f 1576/1576/1576 1575/1575/1575 1574/1574/1574
f 1577/1577/1577 1576/1576/1576 1574/1574/1574
f 1577/1577/1577 1578/1578/1578 1576/1576/1576
f 1578/1578/1578 1579/1579/1579 1576/1576/1576
f 1579/1579/1579 1578/1578/1578 1580/1580/1580
f 1581/1581/1581 1579/1579/1579 1580/1580/1580
f 1582/1582/1582 1581/1581/1581 1580/1580/1580
f 1583/1583/1583 1582/1582/1582 1580/1580/1580
f 1583/1583/1583 1584/1584/1584 1582/1582/1582
f 1584/1584/1584 1585/1585/1585 1582/1582/1582
f 1586/1586/1586 1585/1585/1585 1584/1584/1584
f 1587/1587/1587 1586/1586/1586 1584/1584/1584
f 1587/1587/1587 1588/1588/1588 1586/1586/1586
f 1588/1588/1588 1589/1589/1589 1586/1586/1586
f 1590/1590/1590 1589/1589/1589 1588/1588/1588
f 1591/1591/1591 1590/1590/1590 1588/1588/1588
f 1594/1594/1594 1593/1593/1593 1592/1592/1592
f 1595/1595/1595 1594/1594/1594 1592/1592/1592
f 1598/1598/1598 1597/1597/1597 1596/1596/1596
f 1599/1599/1599 1598/1598/1598 1596/1596/1596
f 1602/1602/1602 1601/1601/1601 1600/1600/1600
f 1603/1603/1603 1602/1602/1602 1600/1600/1600
f 1603/1603/1603 1600/1600/1600 1604/1604/1604
f 1605/1605/1605 1603/1603/1603 1604/1604/1604
f 1605/1605/1605 1604/1604/1604 1606/1606/1606
f 1604/1604/1604 1607/1607/1607 1606/1606/1606
f 1606/1606/1606 1607/1607/1607 1608/1608/1608
f 1609/1609/1609 1606/1606/1606 1608/1608/1608
f 1609/1609/1609 1608/1608/1608 1610/1610/1610
f 1608/1608/1608 1611/1611/1611 1610/1610/1610
f 1610/1610/1610 1611/1611/1611 1612/1612/1612
f 1613/1613/1613 1610/1610/1610 1612/1612/1612
f 1613/1613/1613 1612/1612/1612 1614/1614/1614
f 1615/1615/1615 1613/1613/1613 1614/1614/1614
f 1615/1615/1615 1614/1614/1614 1616/1616/1616
f 1617/1617/1617 1615/1615/1615 1616/1616/1616
f 1620/1620/1620 1619/1619/1619 1618/1618/1618
f 1621/1621/1621 1620/1620/1620 1618/1618/1618
f 1624/1624/1624 1623/1623/1623 1622/1622/1622
f 1625/1625/1625 1624/1624/1624 1622/1622/1622
f 1628/1628/1628 1627/1627/1627 1626/1626/1626
f 1629/1629/1629 1628/1628/1628 1626/1626/1626
f 1632/1632/1632 1631/1631/1631 1630/1630/1630
f 1633/1633/1633 1632/1632/1632 1630/1630/1630
f 1633/1633/1633 1630/1630/1630 1634/1634/1634
f 1630/1630/1630 1635/1635/1635 1634/1634/1634
f 1634/1634/1634 1635/1635/1635 1636/1636/1636
f 1637/1637/1637 1634/1634/1634 1636/1636/1636
f 1637/1637/1637 1636/1636/1636 1638/1638/1638
f 1639/1639/1639 1637/1637/1637 1638/1638/1638
f 1638/1638/1638 1640/1640/1640 1639/1639/1639
f 1640/1640/1640 1641/1641/1641 1639/1639/1639
f 1644/1644/1644 1643/1643/1643 1642/1642/1642
f 1645/1645/1645 1644/1644/1644 1642/1642/1642
f 1648/1648/1648 1647/1647/1647 1646/1646/1646
f 1649/1649/1649 1648/1648/1648 1646/1646/1646
f 1650/1650/1650 1648/1648/1648 1649/1649/1649
f 1651/1651/1651 1650/1650/1650 1649/1649/1649
f 1652/1652/1652 1650/1650/1650 1651/1651/1651
f 1653/1653/1653 1652/1652/1652 1651/1651/1651
f 1654/1654/1654 1652/1652/1652 1653/1653/1653
f 1655/1655/1655 1654/1654/1654 1653/1653/1653
f 1656/1656/1656 1654/1654/1654 1655/1655/1655
f 1657/1657/1657 1656/1656/1656 1655/1655/1655
f 1657/1657/1657 1658/1658/1658 1656/1656/1656
f 1658/1658/1658 1659/1659/1659 1656/1656/1656
f 1660/1660/1660 1659/1659/1659 1658/1658/1658
f 1661/1661/1661 1660/1660/1660 1658/1658/1658
f 1661/1661/1661 1662/1662/1662 1660/1660/1660
f 1662/1662/1662 1663/1663/1663 1660/1660/1660
f 1664/1664/1664 1663/1663/1663 1662/1662/1662
f 1665/1665/1665 1664/1664/1664 1662/1662/1662
f 1666/1666/1666 1664/1664/1664 1665/1665/1665
f 1667/1667/1667 1666/1666/1666 1665/1665/1665
f 1670/1670/1670 1669/1669/1669 1668/1668/1668
f 1671/1671/1671 1670/1670/1670 1668/1668/1668
f 1672/1672/1672 1670/1670/1670 1671/1671/1671
f 1673/1673/1673 1672/1672/1672 1671/1671/1671
f 1673/1673/1673 1674/1674/1674 1672/1672/1672
f 1674/1674/1674 1675/1675/1675 1672/1672/1672
f 1676/1676/1676 1675/1675/1675 1674/1674/1674
f 1677/1677/1677 1676/1676/1676 1674/1674/1674
f 1678/1678/1678 1676/1676/1676 1677/1677/1677
f 1679/1679/1679 1678/1678/1678 1677/1677/1677
f 1682/1682/1682 1681/1681/1681 1680/1680/1680
f 1683/1683/1683 1682/1682/1682 1680/1680/1680
f 1684/1684/1684 1682/1682/1682 1683/1683/1683
f 1685/1685/1685 1684/1684/1684 1683/1683/1683
f 1685/1685/1685 1686/1686/1686 1684/1684/1684
f 1686/1686/1686 1687/1687/1687 1684/1684/1684
f 1688/1688/1688 1687/1687/1687 1686/1686/1686
f 1689/1689/1689 1688/1688/1688 1686/1686/1686
f 1690/1690/1690 1688/1688/1688 1689/1689/1689
f 1691/1691/1691 1690/1690/1690 1689/1689/1689
f 1691/1691/1691 1692/1692/1692 1690/1690/1690
f 1692/1692/1692 1693/1693/1693 1690/1690/1690
f 1694/1694/1694 1693/1693/1693 1692/1692/1692
f 1695/1695/1695 1694/1694/1694 1692/1692/1692
f 1695/1695/1695 1696/1696/1696 1694/1694/1694
f 1696/1696/1696 1697/1697/1697 1694/1694/1694
f 1698/1698/1698 1697/1697/1697 1696/1696/1696
f 1699/1699/1699 1698/1698/1698 1696/1696/1696
f 1700/1700/1700 1698/1698/1698 1699/1699/1699
f 1701/1701/1701 1700/1700/1700 1699/1699/1699
f 1704/1704/1704 1703/1703/1703 1702/1702/1702
f 1705/1705/1705 1704/1704/1704 1702/1702/1702
f 1706/1706/1706 1704/1704/1704 1705/1705/1705
f 1707/1707/1707 1706/1706/1706 1705/1705/1705
f 1707/1707/1707 1708/1708/1708 1706/1706/1706
f 1708/1708/1708 1709/1709/1709 1706/1706/1706
f 1710/1710/1710 1709/1709/1709 1708/1708/1708
f 1711/1711/1711 1710/1710/1710 1708/1708/1708
f 1712/1712/1712 1710/1710/1710 1711/1711/1711
f 1713/1713/1713 1712/1712/1712 1711/1711/1711
f 1716/1716/1716 1715/1715/1715 1714/1714/1714
f 1717/1717/1717 1716/1716/1716 1714/1714/1714
f 1720/1720/1720 1719/1719/1719 1718/1718/1718
f 1719/1719/1719 1720/1720/1720 1721/1721/1721
f 1724/1724/1724 1723/1723/1723 1722/1722/1722
f 1723/1723/1723 1725/1725/1725 1722/1722/1722
f 1722/1722/1722 1725/1725/1725 1726/1726/1726
f 1727/1727/1727 1722/1722/1722 1726/1726/1726
f 1727/1727/1727 1726/1726/1726 1728/1728/1728
f 1726/1726/1726 1729/1729/1729 1728/1728/1728
f 1728/1728/1728 1729/1729/1729 1730/1730/1730
f 1729/1729/1729 1731/1731/1731 1730/1730/1730
f 1730/1730/1730 1731/1731/1731 1732/1732/1732
f 1731/1731/1731 1733/1733/1733 1732/1732/1732
f 1732/1732/1732 1733/1733/1733 1734/1734/1734
f 1733/1733/1733 1735/1735/1735 1734/1734/1734
f 1734/1734/1734 1735/1735/1735 1736/1736/1736
f 1737/1737/1737 1734/1734/1734 1736/1736/1736
f 1737/1737/1737 1736/1736/1736 1738/1738/1738
f 1736/1736/1736 1739/1739/1739 1738/1738/1738
f 1738/1738/1738 1739/1739/1739 1740/1740/1740
f 1741/1741/1741 1738/1738/1738 1740/1740/1740
f 1741/1741/1741 1740/1740/1740 1742/1742/1742
f 1740/1740/1740 1743/1743/1743 1742/1742/1742
f 1744/1744/1744 1743/1743/1743 1740/1740/1740
f 1745/1745/1745 1744/1744/1744 1740/1740/1740
f 1746/1746/1746 1745/1745/1745 1740/1740/1740
f 1747/1747/1747 1746/1746/1746 1740/1740/1740
f 1740/1740/1740 1748/1748/1748 1747/1747/1747
f 1748/1748/1748 1749/1749/1749 1747/1747/1747
f 1740/1740/1740 1750/1750/1750 1748/1748/1748
f 1750/1750/1750 1751/1751/1751 1748/1748/1748
f 1752/1752/1752 1751/1751/1751 1750/1750/1750
f 1753/1753/1753 1752/1752/1752 1750/1750/1750
f 1754/1754/1754 1752/1752/1752 1753/1753/1753
f 1755/1755/1755 1754/1754/1754 1753/1753/1753
f 1756/1756/1756 1754/1754/1754 1755/1755/1755
f 1757/1757/1757 1756/1756/1756 1755/1755/1755
f 1756/1756/1756 1757/1757/1757 1758/1758/1758
f 1759/1759/1759 1756/1756/1756 1758/1758/1758
f 1759/1759/1759 1758/1758/1758 1760/1760/1760
f 1758/1758/1758 1761/1761/1761 1760/1760/1760
f 1762/1762/1762 1760/1760/1760 1761/1761/1761
f 1763/1763/1763 1762/1762/1762 1761/1761/1761
f 1764/1764/1764 1762/1762/1762 1763/1763/1763
f 1765/1765/1765 1764/1764/1764 1763/1763/1763
f 1766/1766/1766 1764/1764/1764 1765/1765/1765
f 1767/1767/1767 1766/1766/1766 1765/1765/1765
f 1766/1766/1766 1767/1767/1767 1768/1768/1768
f 1769/1769/1769 1766/1766/1766 1768/1768/1768
f 1770/1770/1770 1769/1769/1769 1768/1768/1768
f 1771/1771/1771 1770/1770/1770 1768/1768/1768
f 1774/1774/1774 1773/1773/1773 1772/1772/1772
f 1775/1775/1775 1774/1774/1774 1772/1772/1772
f 1778/1778/1778 1777/1777/1777 1776/1776/1776
f 1779/1779/1779 1778/1778/1778 1776/1776/1776
f 1782/1782/1782 1781/1781/1781 1780/1780/1780
f 1783/1783/1783 1782/1782/1782 1780/1780/1780
f 1786/1786/1786 1785/1785/1785 1784/1784/1784
f 1787/1787/1787 1786/1786/1786 1784/1784/1784
f 1790/1790/1790 1789/1789/1789 1788/1788/1788
f 1789/1789/1789 1791/1791/1791 1788/1788/1788
f 1788/1788/1788 1791/1791/1791 1792/1792/1792
f 1791/1791/1791 1793/1793/1793 1792/1792/1792
f 1796/1796/1796 1795/1795/1795 1794/1794/1794
f 1794/1794/1794 1795/1795/1795 1797/1797/1797
f 1800/1800/1800 1799/1799/1799 1798/1798/1798
f 1801/1801/1801 1800/1800/1800 1798/1798/1798
f 1804/1804/1804 1803/1803/1803 1802/1802/1802
f 1805/1805/1805 1804/1804/1804 1802/1802/1802
f 1808/1808/1808 1807/1807/1807 1806/1806/1806
f 1809/1809/1809 1808/1808/1808 1806/1806/1806
f 1812/1812/1812 1811/1811/1811 1810/1810/1810
f 1813/1813/1813 1812/1812/1812 1810/1810/1810
f 1816/1816/1816 1815/1815/1815 1814/1814/1814
f 1815/1815/1815 1817/1817/1817 1814/1814/1814
f 1818/1818/1818 1814/1814/1814 1817/1817/1817
f 1819/1819/1819 1818/1818/1818 1817/1817/1817
f 1820/1820/1820 1818/1818/1818 1819/1819/1819
f 1821/1821/1821 1820/1820/1820 1819/1819/1819
f 1822/1822/1822 1820/1820/1820 1821/1821/1821
f 1823/1823/1823 1822/1822/1822 1821/1821/1821
f 1823/1823/1823 1824/1824/1824 1822/1822/1822
f 1824/1824/1824 1825/1825/1825 1822/1822/1822
f 1826/1826/1826 1825/1825/1825 1824/1824/1824
f 1827/1827/1827 1826/1826/1826 1824/1824/1824
f 1827/1827/1827 1828/1828/1828 1826/1826/1826
f 1828/1828/1828 1829/1829/1829 1826/1826/1826
f 1830/1830/1830 1829/1829/1829 1828/1828/1828
f 1831/1831/1831 1830/1830/1830 1828/1828/1828
f 1832/1832/1832 1830/1830/1830 1831/1831/1831
f 1833/1833/1833 1832/1832/1832 1831/1831/1831
f 1833/1833/1833 1834/1834/1834 1832/1832/1832
f 1834/1834/1834 1835/1835/1835 1832/1832/1832
f 1837/1837/1837 1836/1836/1836 1817/1817/1817
f 1836/1836/1836 1838/1838/1838 1817/1817/1817
f 1839/1839/1839 1817/1817/1817 1838/1838/1838
f 1839/1839/1839 1819/1819/1819 1817/1817/1817
f 1840/1840/1840 1819/1819/1819 1839/1839/1839
f 1841/1841/1841 1839/1839/1839 1838/1838/1838
f 1842/1842/1842 1840/1840/1840 1839/1839/1839
f 1842/1842/1842 1839/1839/1839 1841/1841/1841
f 1843/1843/1843 1842/1842/1842 1841/1841/1841
f 1846/1846/1846 1845/1845/1845 1844/1844/1844
f 1844/1844/1844 1847/1847/1847 1846/1846/1846
f 1847/1847/1847 1848/1848/1848 1846/1846/1846
f 1848/1848/1848 1849/1849/1849 1846/1846/1846
f 1848/1848/1848 1850/1850/1850 1849/1849/1849
f 1850/1850/1850 1851/1851/1851 1849/1849/1849
f 1852/1852/1852 1851/1851/1851 1850/1850/1850
f 1853/1853/1853 1852/1852/1852 1850/1850/1850
f 1853/1853/1853 1854/1854/1854 1852/1852/1852
f 1854/1854/1854 1855/1855/1855 1852/1852/1852
f 1854/1854/1854 1856/1856/1856 1855/1855/1855
f 1856/1856/1856 1857/1857/1857 1855/1855/1855
f 1858/1858/1858 1857/1857/1857 1856/1856/1856
f 1859/1859/1859 1858/1858/1858 1856/1856/1856
f 1859/1859/1859 1860/1860/1860 1858/1858/1858
f 1860/1860/1860 1861/1861/1861 1858/1858/1858
f 1864/1864/1864 1863/1863/1863 1862/1862/1862
f 1863/1863/1863 1865/1865/1865 1862/1862/1862
f 1863/1863/1863 1866/1866/1866 1865/1865/1865
f 1866/1866/1866 1867/1867/1867 1865/1865/1865
f 1868/1868/1868 1867/1867/1867 1866/1866/1866
f 1869/1869/1869 1868/1868/1868 1866/1866/1866
f 1869/1869/1869 1870/1870/1870 1868/1868/1868
f 1870/1870/1870 1871/1871/1871 1868/1868/1868
f 1870/1870/1870 1872/1872/1872 1871/1871/1871
f 1872/1872/1872 1873/1873/1873 1871/1871/1871
f 1874/1874/1874 1873/1873/1873 1872/1872/1872
f 1875/1875/1875 1874/1874/1874 1872/1872/1872
f 1875/1875/1875 1876/1876/1876 1874/1874/1874
f 1876/1876/1876 1877/1877/1877 1874/1874/1874
f 1876/1876/1876 1878/1878/1878 1877/1877/1877
f 1878/1878/1878 1879/1879/1879 1877/1877/1877
f 1880/1880/1880 1879/1879/1879 1878/1878/1878
f 1881/1881/1881 1880/1880/1880 1878/1878/1878
f 1882/1882/1882 1880/1880/1880 1881/1881/1881
f 1883/1883/1883 1882/1882/1882 1881/1881/1881
f 1886/1886/1886 1885/1885/1885 1884/1884/1884
f 1887/1887/1887 1886/1886/1886 1884/1884/1884
f 1888/1888/1888 1886/1886/1886 1887/1887/1887
f 1889/1889/1889 1888/1888/1888 1887/1887/1887
f 1890/1890/1890 1888/1888/1888 1889/1889/1889
f 1891/1891/1891 1890/1890/1890 1889/1889/1889
f 1892/1892/1892 1890/1890/1890 1891/1891/1891
f 1893/1893/1893 1892/1892/1892 1891/1891/1891
f 1893/1893/1893 1894/1894/1894 1892/1892/1892
f 1894/1894/1894 1895/1895/1895 1892/1892/1892
f 1896/1896/1896 1895/1895/1895 1894/1894/1894
f 1897/1897/1897 1896/1896/1896 1894/1894/1894
f 1896/1896/1896 1897/1897/1897 1898/1898/1898
f 1897/1897/1897 1899/1899/1899 1898/1898/1898
f 1899/1899/1899 1900/1900/1900 1898/1898/1898
f 1900/1900/1900 1901/1901/1901 1898/1898/1898
f 1902/1902/1902 1901/1901/1901 1900/1900/1900
f 1903/1903/1903 1902/1902/1902 1900/1900/1900
f 1903/1903/1903 1904/1904/1904 1902/1902/1902
f 1904/1904/1904 1905/1905/1905 1902/1902/1902
f 1906/1906/1906 1905/1905/1905 1904/1904/1904
f 1907/1907/1907 1906/1906/1906 1904/1904/1904
f 1907/1907/1907 1908/1908/1908 1906/1906/1906
f 1908/1908/1908 1909/1909/1909 1906/1906/1906
f 1912/1912/1912 1911/1911/1911 1910/1910/1910
f 1911/1911/1911 1913/1913/1913 1910/1910/1910
f 1910/1910/1910 1913/1913/1913 1914/1914/1914
f 1915/1915/1915 1910/1910/1910 1914/1914/1914
f 1915/1915/1915 1914/1914/1914 1916/1916/1916
f 1914/1914/1914 1917/1917/1917 1916/1916/1916
f 1916/1916/1916 1917/1917/1917 1918/1918/1918
f 1917/1917/1917 1919/1919/1919 1918/1918/1918
f 1918/1918/1918 1919/1919/1919 1920/1920/1920
f 1921/1921/1921 1918/1918/1918 1920/1920/1920
f 1921/1921/1921 1920/1920/1920 1922/1922/1922
f 1920/1920/1920 1923/1923/1923 1922/1922/1922
f 1922/1922/1922 1923/1923/1923 1924/1924/1924
f 1925/1925/1925 1922/1922/1922 1924/1924/1924
f 1925/1925/1925 1924/1924/1924 1926/1926/1926
f 1924/1924/1924 1927/1927/1927 1926/1926/1926
f 1926/1926/1926 1927/1927/1927 1928/1928/1928
f 1927/1927/1927 1929/1929/1929 1928/1928/1928
f 1928/1928/1928 1929/1929/1929 1930/1930/1930
f 1929/1929/1929 1931/1931/1931 1930/1930/1930
f 1934/1934/1934 1933/1933/1933 1932/1932/1932
f 1935/1935/1935 1934/1934/1934 1932/1932/1932
f 1938/1938/1938 1937/1937/1937 1936/1936/1936
f 1939/1939/1939 1938/1938/1938 1936/1936/1936
f 1942/1942/1942 1941/1941/1941 1940/1940/1940
f 1943/1943/1943 1942/1942/1942 1940/1940/1940
f 1946/1946/1946 1945/1945/1945 1944/1944/1944
f 1945/1945/1945 1947/1947/1947 1944/1944/1944
f 1944/1944/1944 1947/1947/1947 1948/1948/1948
f 1949/1949/1949 1944/1944/1944 1948/1948/1948
f 1949/1949/1949 1948/1948/1948 1950/1950/1950
f 1948/1948/1948 1951/1951/1951 1950/1950/1950
f 1950/1950/1950 1951/1951/1951 1952/1952/1952
f 1951/1951/1951 1953/1953/1953 1952/1952/1952
f 1954/1954/1954 1952/1952/1952 1953/1953/1953
f 1955/1955/1955 1954/1954/1954 1953/1953/1953
f 1958/1958/1958 1957/1957/1957 1956/1956/1956
f 1959/1959/1959 1958/1958/1958 1956/1956/1956
f 1962/1962/1962 1961/1961/1961 1960/1960/1960
f 1962/1962/1962 1960/1960/1960 1963/1963/1963
f 1964/1964/1964 1962/1962/1962 1963/1963/1963
f 1964/1964/1964 1963/1963/1963 1965/1965/1965
f 1963/1963/1963 1966/1966/1966 1965/1965/1965
f 1965/1965/1965 1966/1966/1966 1967/1967/1967
f 1968/1968/1968 1965/1965/1965 1967/1967/1967
f 1968/1968/1968 1967/1967/1967 1969/1969/1969
f 1969/1969/1969 1970/1970/1970 1968/1968/1968
f 1970/1970/1970 1971/1971/1971 1968/1968/1968
f 1972/1972/1972 1971/1971/1971 1970/1970/1970
f 1973/1973/1973 1972/1972/1972 1970/1970/1970
f 1973/1973/1973 1974/1974/1974 1972/1972/1972
f 1974/1974/1974 1975/1975/1975 1972/1972/1972
f 1975/1975/1975 1974/1974/1974 1976/1976/1976
f 1979/1979/1979 1978/1978/1978 1977/1977/1977
f 1978/1978/1978 1980/1980/1980 1977/1977/1977
f 1977/1977/1977 1980/1980/1980 1981/1981/1981
f 1982/1982/1982 1977/1977/1977 1981/1981/1981
f 1982/1982/1982 1981/1981/1981 1983/1983/1983
f 1981/1981/1981 1984/1984/1984 1983/1983/1983
f 1983/1983/1983 1984/1984/1984 1985/1985/1985
f 1986/1986/1986 1983/1983/1983 1985/1985/1985
f 1986/1986/1986 1985/1985/1985 1987/1987/1987
f 1985/1985/1985 1988/1988/1988 1987/1987/1987
f 1987/1987/1987 1988/1988/1988 1989/1989/1989
f 1990/1990/1990 1987/1987/1987 1989/1989/1989
f 1990/1990/1990 1989/1989/1989 1991/1991/1991
f 1989/1989/1989 1992/1992/1992 1991/1991/1991
f 1991/1991/1991 1992/1992/1992 1993/1993/1993
f 1994/1994/1994 1991/1991/1991 1993/1993/1993
f 1995/1995/1995 1994/1994/1994 1993/1993/1993
f 1996/1996/1996 1995/1995/1995 1993/1993/1993
f 1999/1999/1999 1998/1998/1998 1997/1997/1997
f 2000/2000/2000 1999/1999/1999 1997/1997/1997
f 2000/2000/2000 1997/1997/1997 2001/2001/2001
f 2002/2002/2002 2000/2000/2000 2001/2001/2001
f 2002/2002/2002 2001/2001/2001 2003/2003/2003
f 2006/2006/2006 2005/2005/2005 2004/2004/2004
f 2006/2006/2006 2007/2007/2007 2005/2005/2005
f 2008/2008/2008 2007/2007/2007 2006/2006/2006
f 2009/2009/2009 2008/2008/2008 2006/2006/2006
f 2009/2009/2009 2010/2010/2010 2008/2008/2008
f 2009/2009/2009 2011/2011/2011 2010/2010/2010
f 2009/2009/2009 2012/2012/2012 2011/2011/2011
f 2013/2013/2013 2012/2012/2012 2009/2009/2009
f 2014/2014/2014 2013/2013/2013 2009/2009/2009
f 2014/2014/2014 2015/2015/2015 2013/2013/2013
f 2014/2014/2014 2016/2016/2016 2015/2015/2015
f 2019/2019/2019 2018/2018/2018 2017/2017/2017
f 2017/2017/2017 2018/2018/2018 2020/2020/2020
f 2018/2018/2018 2021/2021/2021 2020/2020/2020
f 2020/2020/2020 2021/2021/2021 2022/2022/2022
f 2023/2023/2023 2020/2020/2020 2022/2022/2022
f 2023/2023/2023 2022/2022/2022 2024/2024/2024
f 2022/2022/2022 2025/2025/2025 2024/2024/2024
f 2024/2024/2024 2025/2025/2025 2026/2026/2026
f 2027/2027/2027 2026/2026/2026 2025/2025/2025
f 2028/2028/2028 2027/2027/2027 2025/2025/2025
f 2028/2028/2028 2029/2029/2029 2027/2027/2027
f 2029/2029/2029 2030/2030/2030 2027/2027/2027
f 2031/2031/2031 2030/2030/2030 2029/2029/2029
f 2032/2032/2032 2031/2031/2031 2029/2029/2029
f 2031/2031/2031 2032/2032/2032 2033/2033/2033
f 2036/2036/2036 2035/2035/2035 2034/2034/2034
f 2037/2037/2037 2036/2036/2036 2034/2034/2034
f 2037/2037/2037 2034/2034/2034 2038/2038/2038
f 2034/2034/2034 2039/2039/2039 2038/2038/2038
f 2038/2038/2038 2039/2039/2039 2040/2040/2040
f 2041/2041/2041 2038/2038/2038 2040/2040/2040
f 2041/2041/2041 2040/2040/2040 2042/2042/2042
f 2040/2040/2040 2043/2043/2043 2042/2042/2042
f 2042/2042/2042 2043/2043/2043 2044/2044/2044
f 2045/2045/2045 2042/2042/2042 2044/2044/2044
f 2045/2045/2045 2044/2044/2044 2046/2046/2046
f 2044/2044/2044 2047/2047/2047 2046/2046/2046
f 2046/2046/2046 2047/2047/2047 2048/2048/2048
f 2049/2049/2049 2046/2046/2046 2048/2048/2048
f 2049/2049/2049 2048/2048/2048 2050/2050/2050
f 2048/2048/2048 2051/2051/2051 2050/2050/2050
f 2051/2051/2051 2052/2052/2052 2050/2050/2050
f 2052/2052/2052 2053/2053/2053 2050/2050/2050
f 2056/2056/2056 2055/2055/2055 2054/2054/2054
f 2055/2055/2055 2057/2057/2057 2054/2054/2054
f 2054/2054/2054 2057/2057/2057 2058/2058/2058
f 2057/2057/2057 2059/2059/2059 2058/2058/2058
f 2058/2058/2058 2059/2059/2059 2060/2060/2060
f 2063/2063/2063 2062/2062/2062 2061/2061/2061
f 2064/2064/2064 2062/2062/2062 2063/2063/2063
f 2064/2064/2064 2065/2065/2065 2062/2062/2062
f 2065/2065/2065 2066/2066/2066 2062/2062/2062
f 2067/2067/2067 2066/2066/2066 2065/2065/2065
f 2068/2068/2068 2066/2066/2066 2067/2067/2067
f 2069/2069/2069 2066/2066/2066 2068/2068/2068
f 2069/2069/2069 2070/2070/2070 2066/2066/2066
f 2070/2070/2070 2071/2071/2071 2066/2066/2066
f 2072/2072/2072 2071/2071/2071 2070/2070/2070
f 2073/2073/2073 2071/2071/2071 2072/2072/2072
f 2076/2076/2076 2075/2075/2075 2074/2074/2074
f 2074/2074/2074 2075/2075/2075 2077/2077/2077
f 2075/2075/2075 2078/2078/2078 2077/2077/2077
f 2077/2077/2077 2078/2078/2078 2079/2079/2079
f 2080/2080/2080 2077/2077/2077 2079/2079/2079
f 2080/2080/2080 2079/2079/2079 2081/2081/2081
f 2079/2079/2079 2082/2082/2082 2081/2081/2081
f 2081/2081/2081 2082/2082/2082 2083/2083/2083
f 2084/2084/2084 2083/2083/2083 2082/2082/2082
f 2085/2085/2085 2084/2084/2084 2082/2082/2082
f 2085/2085/2085 2086/2086/2086 2084/2084/2084
f 2086/2086/2086 2087/2087/2087 2084/2084/2084
f 2088/2088/2088 2087/2087/2087 2086/2086/2086
f 2089/2089/2089 2088/2088/2088 2086/2086/2086
f 2088/2088/2088 2089/2089/2089 2090/2090/2090
f 2093/2093/2093 2092/2092/2092 2091/2091/2091
f 2094/2094/2094 2093/2093/2093 2091/2091/2091
f 2094/2094/2094 2091/2091/2091 2095/2095/2095
f 2091/2091/2091 2096/2096/2096 2095/2095/2095
f 2095/2095/2095 2096/2096/2096 2097/2097/2097
f 2098/2098/2098 2095/2095/2095 2097/2097/2097
f 2098/2098/2098 2097/2097/2097 2099/2099/2099
f 2097/2097/2097 2100/2100/2100 2099/2099/2099
f 2099/2099/2099 2100/2100/2100 2101/2101/2101
f 2102/2102/2102 2099/2099/2099 2101/2101/2101
f 2102/2102/2102 2101/2101/2101 2103/2103/2103
f 2101/2101/2101 2104/2104/2104 2103/2103/2103
f 2103/2103/2103 2104/2104/2104 2105/2105/2105
f 2106/2106/2106 2103/2103/2103 2105/2105/2105
f 2106/2106/2106 2105/2105/2105 2107/2107/2107
f 2105/2105/2105 2108/2108/2108 2107/2107/2107
f 2108/2108/2108 2109/2109/2109 2107/2107/2107
f 2109/2109/2109 2110/2110/2110 2107/2107/2107
f 2113/2113/2113 2112/2112/2112 2111/2111/2111
f 2112/2112/2112 2114/2114/2114 2111/2111/2111
f 2111/2111/2111 2114/2114/2114 2115/2115/2115
f 2114/2114/2114 2116/2116/2116 2115/2115/2115
f 2115/2115/2115 2116/2116/2116 2117/2117/2117
f 2120/2120/2120 2119/2119/2119 2118/2118/2118
f 2121/2121/2121 2119/2119/2119 2120/2120/2120
f 2121/2121/2121 2122/2122/2122 2119/2119/2119
f 2122/2122/2122 2123/2123/2123 2119/2119/2119
f 2124/2124/2124 2123/2123/2123 2122/2122/2122
f 2125/2125/2125 2123/2123/2123 2124/2124/2124
f 2126/2126/2126 2123/2123/2123 2125/2125/2125
f 2126/2126/2126 2127/2127/2127 2123/2123/2123
f 2127/2127/2127 2128/2128/2128 2123/2123/2123
f 2129/2129/2129 2128/2128/2128 2127/2127/2127
f 2130/2130/2130 2128/2128/2128 2129/2129/2129
f 2133/2133/2133 2132/2132/2132 2131/2131/2131
f 2133/2133/2133 2131/2131/2131 2134/2134/2134
f 2135/2135/2135 2133/2133/2133 2134/2134/2134
f 2135/2135/2135 2134/2134/2134 2136/2136/2136
f 2134/2134/2134 2137/2137/2137 2136/2136/2136
f 2136/2136/2136 2137/2137/2137 2138/2138/2138
f 2139/2139/2139 2136/2136/2136 2138/2138/2138
f 2139/2139/2139 2138/2138/2138 2140/2140/2140
f 2140/2140/2140 2141/2141/2141 2139/2139/2139
f 2141/2141/2141 2142/2142/2142 2139/2139/2139
f 2143/2143/2143 2142/2142/2142 2141/2141/2141
f 2144/2144/2144 2143/2143/2143 2141/2141/2141
f 2144/2144/2144 2145/2145/2145 2143/2143/2143
f 2145/2145/2145 2146/2146/2146 2143/2143/2143
f 2146/2146/2146 2145/2145/2145 2147/2147/2147
f 2150/2150/2150 2149/2149/2149 2148/2148/2148
f 2149/2149/2149 2151/2151/2151 2148/2148/2148
f 2148/2148/2148 2151/2151/2151 2152/2152/2152
f 2153/2153/2153 2148/2148/2148 2152/2152/2152
f 2153/2153/2153 2152/2152/2152 2154/2154/2154
f 2152/2152/2152 2155/2155/2155 2154/2154/2154
f 2154/2154/2154 2155/2155/2155 2156/2156/2156
f 2157/2157/2157 2154/2154/2154 2156/2156/2156
f 2157/2157/2157 2156/2156/2156 2158/2158/2158
f 2156/2156/2156 2159/2159/2159 2158/2158/2158
f 2158/2158/2158 2159/2159/2159 2160/2160/2160
f 2161/2161/2161 2158/2158/2158 2160/2160/2160
f 2161/2161/2161 2160/2160/2160 2162/2162/2162
f 2160/2160/2160 2163/2163/2163 2162/2162/2162
f 2162/2162/2162 2163/2163/2163 2164/2164/2164
f 2165/2165/2165 2162/2162/2162 2164/2164/2164
f 2166/2166/2166 2165/2165/2165 2164/2164/2164
f 2167/2167/2167 2166/2166/2166 2164/2164/2164
f 2170/2170/2170 2169/2169/2169 2168/2168/2168
f 2171/2171/2171 2170/2170/2170 2168/2168/2168
f 2171/2171/2171 2168/2168/2168 2172/2172/2172
f 2173/2173/2173 2171/2171/2171 2172/2172/2172
f 2173/2173/2173 2172/2172/2172 2174/2174/2174
f 2177/2177/2177 2176/2176/2176 2175/2175/2175
f 2177/2177/2177 2178/2178/2178 2176/2176/2176
f 2179/2179/2179 2178/2178/2178 2177/2177/2177
f 2180/2180/2180 2179/2179/2179 2177/2177/2177
f 2180/2180/2180 2181/2181/2181 2179/2179/2179
f 2180/2180/2180 2182/2182/2182 2181/2181/2181
f 2180/2180/2180 2183/2183/2183 2182/2182/2182
f 2184/2184/2184 2183/2183/2183 2180/2180/2180
f 2185/2185/2185 2184/2184/2184 2180/2180/2180
f 2185/2185/2185 2186/2186/2186 2184/2184/2184
f 2185/2185/2185 2187/2187/2187 2186/2186/2186
f 2190/2190/2190 2189/2189/2189 2188/2188/2188
f 2191/2191/2191 2190/2190/2190 2188/2188/2188
f 2194/2194/2194 2193/2193/2193 2192/2192/2192
f 2195/2195/2195 2194/2194/2194 2192/2192/2192
f 2198/2198/2198 2197/2197/2197 2196/2196/2196
f 2199/2199/2199 2198/2198/2198 2196/2196/2196
f 2202/2202/2202 2201/2201/2201 2200/2200/2200
f 2203/2203/2203 2202/2202/2202 2200/2200/2200
f 2206/2206/2206 2205/2205/2205 2204/2204/2204
f 2205/2205/2205 2207/2207/2207 2204/2204/2204
f 2208/2208/2208 2204/2204/2204 2207/2207/2207
f 2209/2209/2209 2208/2208/2208 2207/2207/2207
f 2212/2212/2212 2211/2211/2211 2210/2210/2210
f 2213/2213/2213 2212/2212/2212 2210/2210/2210
f 2216/2216/2216 2215/2215/2215 2214/2214/2214
f 2217/2217/2217 2216/2216/2216 2214/2214/2214
f 2220/2220/2220 2219/2219/2219 2218/2218/2218
f 2221/2221/2221 2220/2220/2220 2218/2218/2218
f 2224/2224/2224 2223/2223/2223 2222/2222/2222
f 2225/2225/2225 2224/2224/2224 2222/2222/2222
f 2228/2228/2228 2227/2227/2227 2226/2226/2226
f 2229/2229/2229 2228/2228/2228 2226/2226/2226
f 2226/2226/2226 2230/2230/2230 2229/2229/2229
f 2230/2230/2230 2231/2231/2231 2229/2229/2229
f 2234/2234/2234 2233/2233/2233 2232/2232/2232
f 2235/2235/2235 2234/2234/2234 2232/2232/2232
f 2238/2238/2238 2237/2237/2237 2236/2236/2236
f 2239/2239/2239 2238/2238/2238 2236/2236/2236
f 2242/2242/2242 2241/2241/2241 2240/2240/2240
f 2243/2243/2243 2242/2242/2242 2240/2240/2240
f 2246/2246/2246 2245/2245/2245 2244/2244/2244
f 2247/2247/2247 2246/2246/2246 2244/2244/2244
f 2250/2250/2250 2249/2249/2249 2248/2248/2248
f 2251/2251/2251 2250/2250/2250 2248/2248/2248
f 2248/2248/2248 2252/2252/2252 2251/2251/2251
f 2252/2252/2252 2253/2253/2253 2251/2251/2251
f 2256/2256/2256 2255/2255/2255 2254/2254/2254
f 2257/2257/2257 2256/2256/2256 2254/2254/2254
f 2260/2260/2260 2259/2259/2259 2258/2258/2258
f 2261/2261/2261 2260/2260/2260 2258/2258/2258
f 2264/2264/2264 2263/2263/2263 2262/2262/2262
f 2265/2265/2265 2264/2264/2264 2262/2262/2262
f 2268/2268/2268 2267/2267/2267 2266/2266/2266
f 2269/2269/2269 2268/2268/2268 2266/2266/2266
f 2272/2272/2272 2271/2271/2271 2270/2270/2270
f 2271/2271/2271 2273/2273/2273 2270/2270/2270
f 2274/2274/2274 2270/2270/2270 2273/2273/2273
f 2275/2275/2275 2274/2274/2274 2273/2273/2273
f 2278/2278/2278 2277/2277/2277 2276/2276/2276
f 2279/2279/2279 2278/2278/2278 2276/2276/2276
f 2279/2279/2279 2280/2280/2280 2278/2278/2278
f 2280/2280/2280 2281/2281/2281 2278/2278/2278
f 2282/2282/2282 2281/2281/2281 2280/2280/2280
f 2283/2283/2283 2282/2282/2282 2280/2280/2280
f 2283/2283/2283 2280/2280/2280 2284/2284/2284
f 2283/2283/2283 2284/2284/2284 2285/2285/2285
f 2283/2283/2283 2286/2286/2286 2282/2282/2282
f 2286/2286/2286 2283/2283/2283 2285/2285/2285
f 2286/2286/2286 2287/2287/2287 2282/2282/2282
f 2286/2286/2286 2285/2285/2285 2288/2288/2288
f 2289/2289/2289 2287/2287/2287 2286/2286/2286
f 2290/2290/2290 2286/2286/2286 2288/2288/2288
f 2290/2290/2290 2289/2289/2289 2286/2286/2286
f 2290/2290/2290 2288/2288/2288 2291/2291/2291
f 2290/2290/2290 2292/2292/2292 2289/2289/2289
f 2292/2292/2292 2290/2290/2290 2291/2291/2291
f 2292/2292/2292 2293/2293/2293 2289/2289/2289
f 2292/2292/2292 2291/2291/2291 2294/2294/2294
f 2295/2295/2295 2293/2293/2293 2292/2292/2292
f 2296/2296/2296 2292/2292/2292 2294/2294/2294
f 2296/2296/2296 2295/2295/2295 2292/2292/2292
f 2296/2296/2296 2294/2294/2294 2297/2297/2297
f 2296/2296/2296 2298/2298/2298 2295/2295/2295
f 2298/2298/2298 2296/2296/2296 2297/2297/2297
f 2298/2298/2298 2299/2299/2299 2295/2295/2295
f 2298/2298/2298 2300/2300/2300 2299/2299/2299
f 2298/2298/2298 2297/2297/2297 2301/2301/2301
f 2300/2300/2300 2298/2298/2298 2302/2302/2302
f 2302/2302/2302 2298/2298/2298 2301/2301/2301
f 2303/2303/2303 2300/2300/2300 2302/2302/2302
f 2302/2302/2302 2301/2301/2301 2304/2304/2304
f 2303/2303/2303 2302/2302/2302 2304/2304/2304
f 2305/2305/2305 2303/2303/2303 2304/2304/2304
f 2301/2301/2301 2306/2306/2306 2304/2304/2304
f 2307/2307/2307 2305/2305/2305 2304/2304/2304
f 2306/2306/2306 2308/2308/2308 2304/2304/2304
f 2308/2308/2308 2307/2307/2307 2304/2304/2304
f 2309/2309/2309 2307/2307/2307 2308/2308/2308
f 2310/2310/2310 2309/2309/2309 2308/2308/2308
f 2308/2308/2308 2306/2306/2306 2311/2311/2311
f 2308/2308/2308 2312/2312/2312 2310/2310/2310
f 2312/2312/2312 2308/2308/2308 2311/2311/2311
f 2311/2311/2311 2313/2313/2313 2312/2312/2312
f 2312/2312/2312 2313/2313/2313 2314/2314/2314
f 2313/2313/2313 2315/2315/2315 2314/2314/2314
f 2315/2315/2315 2313/2313/2313 2316/2316/2316
f 2315/2315/2315 2316/2316/2316 2317/2317/2317
f 2315/2315/2315 2317/2317/2317 2318/2318/2318
f 2315/2315/2315 2318/2318/2318 2319/2319/2319
f 2320/2320/2320 2315/2315/2315 2319/2319/2319
f 2320/2320/2320 2321/2321/2321 2315/2315/2315
f 2315/2315/2315 2321/2321/2321 2322/2322/2322
f 2315/2315/2315 2322/2322/2322 2323/2323/2323
f 2314/2314/2314 2315/2315/2315 2323/2323/2323
f 2323/2323/2323 2324/2324/2324 2314/2314/2314
f 2324/2324/2324 2325/2325/2325 2314/2314/2314
f 2314/2314/2314 2325/2325/2325 2312/2312/2312
f 2325/2325/2325 2326/2326/2326 2312/2312/2312
f 2326/2326/2326 2327/2327/2327 2312/2312/2312
f 2330/2330/2330 2329/2329/2329 2328/2328/2328
f 2331/2331/2331 2330/2330/2330 2328/2328/2328
f 2331/2331/2331 2332/2332/2332 2330/2330/2330
f 2332/2332/2332 2333/2333/2333 2330/2330/2330
f 2334/2334/2334 2333/2333/2333 2332/2332/2332
f 2335/2335/2335 2334/2334/2334 2332/2332/2332
f 2335/2335/2335 2336/2336/2336 2334/2334/2334
f 2336/2336/2336 2337/2337/2337 2334/2334/2334
f 2338/2338/2338 2337/2337/2337 2336/2336/2336
f 2339/2339/2339 2338/2338/2338 2336/2336/2336
f 2339/2339/2339 2340/2340/2340 2338/2338/2338
f 2340/2340/2340 2341/2341/2341 2338/2338/2338
f 2342/2342/2342 2341/2341/2341 2340/2340/2340
f 2343/2343/2343 2342/2342/2342 2340/2340/2340
f 2343/2343/2343 2344/2344/2344 2342/2342/2342
f 2344/2344/2344 2345/2345/2345 2342/2342/2342
f 2346/2346/2346 2345/2345/2345 2344/2344/2344
f 2347/2347/2347 2346/2346/2346 2344/2344/2344
f 2348/2348/2348 2346/2346/2346 2347/2347/2347
f 2349/2349/2349 2348/2348/2348 2347/2347/2347
f 2349/2349/2349 2350/2350/2350 2348/2348/2348
f 2350/2350/2350 2351/2351/2351 2348/2348/2348
f 2350/2350/2350 2352/2352/2352 2351/2351/2351
f 2353/2353/2353 2351/2351/2351 2352/2352/2352
f 2354/2354/2354 2353/2353/2353 2352/2352/2352
f 2355/2355/2355 2353/2353/2353 2354/2354/2354
f 2356/2356/2356 2355/2355/2355 2354/2354/2354
f 2357/2357/2357 2355/2355/2355 2356/2356/2356
f 2357/2357/2357 2358/2358/2358 2355/2355/2355
f 2357/2357/2357 2359/2359/2359 2358/2358/2358
f 2359/2359/2359 2360/2360/2360 2358/2358/2358
f 2360/2360/2360 2361/2361/2361 2358/2358/2358
f 2362/2362/2362 2361/2361/2361 2360/2360/2360
f 2363/2363/2363 2362/2362/2362 2360/2360/2360
f 2364/2364/2364 2362/2362/2362 2363/2363/2363
f 2365/2365/2365 2364/2364/2364 2363/2363/2363
f 2365/2365/2365 2366/2366/2366 2364/2364/2364
f 2366/2366/2366 2365/2365/2365 2367/2367/2367
f 2368/2368/2368 2366/2366/2366 2367/2367/2367
f 2368/2368/2368 2367/2367/2367 2369/2369/2369
f 2367/2367/2367 2370/2370/2370 2369/2369/2369
f 2369/2369/2369 2370/2370/2370 2371/2371/2371
f 2372/2372/2372 2369/2369/2369 2371/2371/2371
f 2372/2372/2372 2371/2371/2371 2373/2373/2373
f 2371/2371/2371 2374/2374/2374 2373/2373/2373
f 2373/2373/2373 2374/2374/2374 2375/2375/2375
f 2376/2376/2376 2373/2373/2373 2375/2375/2375
f 2376/2376/2376 2375/2375/2375 2377/2377/2377
f 2375/2375/2375 2378/2378/2378 2377/2377/2377
f 2381/2381/2381 2380/2380/2380 2379/2379/2379
f 2380/2380/2380 2382/2382/2382 2379/2379/2379
f 2383/2383/2383 2382/2382/2382 2380/2380/2380
f 2384/2384/2384 2383/2383/2383 2380/2380/2380
f 2384/2384/2384 2385/2385/2385 2383/2383/2383
f 2385/2385/2385 2386/2386/2386 2383/2383/2383
f 2383/2383/2383 2386/2386/2386 2387/2387/2387
f 2387/2387/2387 2386/2386/2386 2388/2388/2388
f 2389/2389/2389 2386/2386/2386 2385/2385/2385
f 2386/2386/2386 2389/2389/2389 2388/2388/2388
f 2390/2390/2390 2389/2389/2389 2385/2385/2385
f 2388/2388/2388 2389/2389/2389 2391/2391/2391
f 2390/2390/2390 2392/2392/2392 2389/2389/2389
f 2389/2389/2389 2393/2393/2393 2391/2391/2391
f 2392/2392/2392 2393/2393/2393 2389/2389/2389
f 2391/2391/2391 2393/2393/2393 2394/2394/2394
f 2395/2395/2395 2393/2393/2393 2392/2392/2392
f 2393/2393/2393 2395/2395/2395 2394/2394/2394
f 2396/2396/2396 2395/2395/2395 2392/2392/2392
f 2394/2394/2394 2395/2395/2395 2397/2397/2397
f 2396/2396/2396 2398/2398/2398 2395/2395/2395
f 2395/2395/2395 2399/2399/2399 2397/2397/2397
f 2398/2398/2398 2399/2399/2399 2395/2395/2395
f 2397/2397/2397 2399/2399/2399 2400/2400/2400
f 2401/2401/2401 2399/2399/2399 2398/2398/2398
f 2399/2399/2399 2401/2401/2401 2400/2400/2400
f 2402/2402/2402 2401/2401/2401 2398/2398/2398
f 2403/2403/2403 2401/2401/2401 2402/2402/2402
f 2400/2400/2400 2401/2401/2401 2404/2404/2404
f 2401/2401/2401 2403/2403/2403 2405/2405/2405
f 2401/2401/2401 2405/2405/2405 2404/2404/2404
f 2403/2403/2403 2406/2406/2406 2405/2405/2405
f 2404/2404/2404 2405/2405/2405 2407/2407/2407
f 2405/2405/2405 2406/2406/2406 2407/2407/2407
f 2406/2406/2406 2408/2408/2408 2407/2407/2407
f 2409/2409/2409 2404/2404/2404 2407/2407/2407
f 2408/2408/2408 2410/2410/2410 2407/2407/2407
f 2411/2411/2411 2409/2409/2409 2407/2407/2407
f 2410/2410/2410 2411/2411/2411 2407/2407/2407
f 2410/2410/2410 2412/2412/2412 2411/2411/2411
f 2412/2412/2412 2413/2413/2413 2411/2411/2411
f 2409/2409/2409 2411/2411/2411 2414/2414/2414
f 2415/2415/2415 2411/2411/2411 2413/2413/2413
f 2411/2411/2411 2415/2415/2415 2414/2414/2414
f 2416/2416/2416 2414/2414/2414 2415/2415/2415
f 2416/2416/2416 2415/2415/2415 2417/2417/2417
f 2418/2418/2418 2416/2416/2416 2417/2417/2417
f 2416/2416/2416 2418/2418/2418 2419/2419/2419
f 2419/2419/2419 2418/2418/2418 2420/2420/2420
f 2420/2420/2420 2418/2418/2418 2421/2421/2421
f 2421/2421/2421 2418/2418/2418 2422/2422/2422
f 2418/2418/2418 2423/2423/2423 2422/2422/2422
f 2424/2424/2424 2423/2423/2423 2418/2418/2418
f 2424/2424/2424 2418/2418/2418 2425/2425/2425
f 2425/2425/2425 2418/2418/2418 2426/2426/2426
f 2418/2418/2418 2417/2417/2417 2426/2426/2426
f 2427/2427/2427 2426/2426/2426 2417/2417/2417
f 2428/2428/2428 2427/2427/2427 2417/2417/2417
f 2428/2428/2428 2417/2417/2417 2415/2415/2415
f 2429/2429/2429 2428/2428/2428 2415/2415/2415
f 2430/2430/2430 2429/2429/2429 2415/2415/2415
f 2433/2433/2433 2432/2432/2432 2431/2431/2431
f 2432/2432/2432 2434/2434/2434 2431/2431/2431
f 2435/2435/2435 2434/2434/2434 2432/2432/2432
f 2436/2436/2436 2435/2435/2435 2432/2432/2432
f 2436/2436/2436 2437/2437/2437 2435/2435/2435
f 2437/2437/2437 2438/2438/2438 2435/2435/2435
f 2439/2439/2439 2438/2438/2438 2437/2437/2437
f 2440/2440/2440 2439/2439/2439 2437/2437/2437
f 2440/2440/2440 2441/2441/2441 2439/2439/2439
f 2441/2441/2441 2442/2442/2442 2439/2439/2439
f 2443/2443/2443 2442/2442/2442 2441/2441/2441
f 2444/2444/2444 2443/2443/2443 2441/2441/2441
f 2444/2444/2444 2445/2445/2445 2443/2443/2443
f 2445/2445/2445 2446/2446/2446 2443/2443/2443
f 2447/2447/2447 2446/2446/2446 2445/2445/2445
f 2448/2448/2448 2447/2447/2447 2445/2445/2445
f 2448/2448/2448 2449/2449/2449 2447/2447/2447
f 2449/2449/2449 2450/2450/2450 2447/2447/2447
f 2449/2449/2449 2451/2451/2451 2450/2450/2450
f 2451/2451/2451 2452/2452/2452 2450/2450/2450
f 2453/2453/2453 2452/2452/2452 2451/2451/2451
f 2454/2454/2454 2453/2453/2453 2451/2451/2451
f 2455/2455/2455 2453/2453/2453 2454/2454/2454
f 2454/2454/2454 2456/2456/2456 2455/2455/2455
f 2456/2456/2456 2457/2457/2457 2455/2455/2455
f 2456/2456/2456 2458/2458/2458 2457/2457/2457
f 2458/2458/2458 2459/2459/2459 2457/2457/2457
f 2458/2458/2458 2460/2460/2460 2459/2459/2459
f 2461/2461/2461 2460/2460/2460 2458/2458/2458
f 2462/2462/2462 2460/2460/2460 2461/2461/2461
f 2463/2463/2463 2462/2462/2462 2461/2461/2461
f 2464/2464/2464 2463/2463/2463 2461/2461/2461
f 2464/2464/2464 2465/2465/2465 2463/2463/2463
f 2465/2465/2465 2466/2466/2466 2463/2463/2463
f 2465/2465/2465 2467/2467/2467 2466/2466/2466
f 2467/2467/2467 2468/2468/2468 2466/2466/2466
f 2469/2469/2469 2468/2468/2468 2467/2467/2467
f 2468/2468/2468 2469/2469/2469 2470/2470/2470
f 2469/2469/2469 2471/2471/2471 2470/2470/2470
f 2470/2470/2470 2471/2471/2471 2472/2472/2472
f 2473/2473/2473 2470/2470/2470 2472/2472/2472
f 2473/2473/2473 2472/2472/2472 2474/2474/2474
f 2472/2472/2472 2475/2475/2475 2474/2474/2474
f 2474/2474/2474 2475/2475/2475 2476/2476/2476
f 2477/2477/2477 2474/2474/2474 2476/2476/2476
f 2477/2477/2477 2476/2476/2476 2478/2478/2478
f 2476/2476/2476 2479/2479/2479 2478/2478/2478
f 2478/2478/2478 2479/2479/2479 2480/2480/2480
f 2481/2481/2481 2478/2478/2478 2480/2480/2480
f 2484/2484/2484 2483/2483/2483 2482/2482/2482
f 2483/2483/2483 2485/2485/2485 2482/2482/2482
f 2486/2486/2486 2485/2485/2485 2483/2483/2483
f 2487/2487/2487 2486/2486/2486 2483/2483/2483
f 2487/2487/2487 2488/2488/2488 2486/2486/2486
f 2488/2488/2488 2489/2489/2489 2486/2486/2486
f 2486/2486/2486 2489/2489/2489 2490/2490/2490
f 2490/2490/2490 2489/2489/2489 2491/2491/2491
f 2492/2492/2492 2489/2489/2489 2488/2488/2488
f 2489/2489/2489 2492/2492/2492 2491/2491/2491
f 2493/2493/2493 2492/2492/2492 2488/2488/2488
f 2491/2491/2491 2492/2492/2492 2494/2494/2494
f 2493/2493/2493 2495/2495/2495 2492/2492/2492
f 2492/2492/2492 2496/2496/2496 2494/2494/2494
f 2495/2495/2495 2496/2496/2496 2492/2492/2492
f 2494/2494/2494 2496/2496/2496 2497/2497/2497
f 2498/2498/2498 2496/2496/2496 2495/2495/2495
f 2496/2496/2496 2498/2498/2498 2497/2497/2497
f 2499/2499/2499 2498/2498/2498 2495/2495/2495
f 2497/2497/2497 2498/2498/2498 2500/2500/2500
f 2499/2499/2499 2501/2501/2501 2498/2498/2498
f 2498/2498/2498 2502/2502/2502 2500/2500/2500
f 2501/2501/2501 2502/2502/2502 2498/2498/2498
f 2500/2500/2500 2502/2502/2502 2503/2503/2503
f 2504/2504/2504 2502/2502/2502 2501/2501/2501
f 2502/2502/2502 2504/2504/2504 2503/2503/2503
f 2505/2505/2505 2504/2504/2504 2501/2501/2501
f 2506/2506/2506 2504/2504/2504 2505/2505/2505
f 2503/2503/2503 2504/2504/2504 2507/2507/2507
f 2504/2504/2504 2506/2506/2506 2508/2508/2508
f 2504/2504/2504 2508/2508/2508 2507/2507/2507
f 2506/2506/2506 2509/2509/2509 2508/2508/2508
f 2507/2507/2507 2508/2508/2508 2510/2510/2510
f 2508/2508/2508 2509/2509/2509 2510/2510/2510
f 2509/2509/2509 2511/2511/2511 2510/2510/2510
f 2512/2512/2512 2507/2507/2507 2510/2510/2510
f 2511/2511/2511 2513/2513/2513 2510/2510/2510
f 2514/2514/2514 2512/2512/2512 2510/2510/2510
f 2513/2513/2513 2514/2514/2514 2510/2510/2510
f 2513/2513/2513 2515/2515/2515 2514/2514/2514
f 2515/2515/2515 2516/2516/2516 2514/2514/2514
f 2512/2512/2512 2514/2514/2514 2517/2517/2517
f 2518/2518/2518 2514/2514/2514 2516/2516/2516
f 2514/2514/2514 2518/2518/2518 2517/2517/2517
f 2519/2519/2519 2517/2517/2517 2518/2518/2518
f 2519/2519/2519 2518/2518/2518 2520/2520/2520
f 2521/2521/2521 2519/2519/2519 2520/2520/2520
f 2519/2519/2519 2521/2521/2521 2522/2522/2522
f 2522/2522/2522 2521/2521/2521 2523/2523/2523
f 2523/2523/2523 2521/2521/2521 2524/2524/2524
f 2524/2524/2524 2521/2521/2521 2525/2525/2525
f 2521/2521/2521 2526/2526/2526 2525/2525/2525
f 2527/2527/2527 2526/2526/2526 2521/2521/2521
f 2527/2527/2527 2521/2521/2521 2528/2528/2528
f 2528/2528/2528 2521/2521/2521 2529/2529/2529
f 2521/2521/2521 2520/2520/2520 2529/2529/2529
f 2530/2530/2530 2529/2529/2529 2520/2520/2520
f 2531/2531/2531 2530/2530/2530 2520/2520/2520
f 2531/2531/2531 2520/2520/2520 2518/2518/2518
f 2532/2532/2532 2531/2531/2531 2518/2518/2518
f 2533/2533/2533 2532/2532/2532 2518/2518/2518
f 2536/2536/2536 2535/2535/2535 2534/2534/2534
f 2535/2535/2535 2537/2537/2537 2534/2534/2534
f 2538/2538/2538 2537/2537/2537 2535/2535/2535
f 2539/2539/2539 2538/2538/2538 2535/2535/2535
f 2539/2539/2539 2540/2540/2540 2538/2538/2538
f 2540/2540/2540 2541/2541/2541 2538/2538/2538
f 2542/2542/2542 2541/2541/2541 2540/2540/2540
f 2543/2543/2543 2542/2542/2542 2540/2540/2540
f 2543/2543/2543 2544/2544/2544 2542/2542/2542
f 2544/2544/2544 2545/2545/2545 2542/2542/2542
f 2546/2546/2546 2545/2545/2545 2544/2544/2544
f 2547/2547/2547 2546/2546/2546 2544/2544/2544
f 2547/2547/2547 2548/2548/2548 2546/2546/2546
f 2548/2548/2548 2549/2549/2549 2546/2546/2546
f 2550/2550/2550 2549/2549/2549 2548/2548/2548
f 2551/2551/2551 2550/2550/2550 2548/2548/2548
f 2551/2551/2551 2552/2552/2552 2550/2550/2550
f 2552/2552/2552 2553/2553/2553 2550/2550/2550
f 2552/2552/2552 2554/2554/2554 2553/2553/2553
f 2554/2554/2554 2555/2555/2555 2553/2553/2553
f 2556/2556/2556 2555/2555/2555 2554/2554/2554
f 2557/2557/2557 2556/2556/2556 2554/2554/2554
f 2558/2558/2558 2556/2556/2556 2557/2557/2557
f 2557/2557/2557 2559/2559/2559 2558/2558/2558
f 2559/2559/2559 2560/2560/2560 2558/2558/2558
f 2559/2559/2559 2561/2561/2561 2560/2560/2560
f 2561/2561/2561 2562/2562/2562 2560/2560/2560
f 2561/2561/2561 2563/2563/2563 2562/2562/2562
f 2564/2564/2564 2563/2563/2563 2561/2561/2561
f 2565/2565/2565 2563/2563/2563 2564/2564/2564
f 2566/2566/2566 2565/2565/2565 2564/2564/2564
f 2567/2567/2567 2566/2566/2566 2564/2564/2564
f 2567/2567/2567 2568/2568/2568 2566/2566/2566
f 2568/2568/2568 2569/2569/2569 2566/2566/2566
f 2568/2568/2568 2570/2570/2570 2569/2569/2569
f 2570/2570/2570 2571/2571/2571 2569/2569/2569
f 2572/2572/2572 2571/2571/2571 2570/2570/2570
f 2571/2571/2571 2572/2572/2572 2573/2573/2573
f 2572/2572/2572 2574/2574/2574 2573/2573/2573
f 2573/2573/2573 2574/2574/2574 2575/2575/2575
f 2576/2576/2576 2573/2573/2573 2575/2575/2575
f 2576/2576/2576 2575/2575/2575 2577/2577/2577
f 2575/2575/2575 2578/2578/2578 2577/2577/2577
f 2577/2577/2577 2578/2578/2578 2579/2579/2579
f 2580/2580/2580 2577/2577/2577 2579/2579/2579
f 2580/2580/2580 2579/2579/2579 2581/2581/2581
f 2579/2579/2579 2582/2582/2582 2581/2581/2581
f 2581/2581/2581 2582/2582/2582 2583/2583/2583
f 2584/2584/2584 2581/2581/2581 2583/2583/2583
f 2587/2587/2587 2586/2586/2586 2585/2585/2585
f 2588/2588/2588 2587/2587/2587 2585/2585/2585
f 2588/2588/2588 2589/2589/2589 2587/2587/2587
f 2589/2589/2589 2590/2590/2590 2587/2587/2587
f 2591/2591/2591 2590/2590/2590 2589/2589/2589
f 2592/2592/2592 2591/2591/2591 2589/2589/2589
f 2592/2592/2592 2589/2589/2589 2593/2593/2593
f 2592/2592/2592 2593/2593/2593 2594/2594/2594
f 2592/2592/2592 2595/2595/2595 2591/2591/2591
f 2595/2595/2595 2592/2592/2592 2594/2594/2594
f 2595/2595/2595 2596/2596/2596 2591/2591/2591
f 2595/2595/2595 2594/2594/2594 2597/2597/2597
f 2598/2598/2598 2596/2596/2596 2595/2595/2595
f 2599/2599/2599 2595/2595/2595 2597/2597/2597
f 2599/2599/2599 2598/2598/2598 2595/2595/2595
f 2599/2599/2599 2597/2597/2597 2600/2600/2600
f 2599/2599/2599 2601/2601/2601 2598/2598/2598
f 2601/2601/2601 2599/2599/2599 2600/2600/2600
f 2601/2601/2601 2602/2602/2602 2598/2598/2598
f 2601/2601/2601 2600/2600/2600 2603/2603/2603
f 2604/2604/2604 2602/2602/2602 2601/2601/2601
f 2605/2605/2605 2601/2601/2601 2603/2603/2603
f 2605/2605/2605 2604/2604/2604 2601/2601/2601
f 2605/2605/2605 2603/2603/2603 2606/2606/2606
f 2605/2605/2605 2607/2607/2607 2604/2604/2604
f 2607/2607/2607 2605/2605/2605 2606/2606/2606
f 2607/2607/2607 2608/2608/2608 2604/2604/2604
f 2607/2607/2607 2609/2609/2609 2608/2608/2608
f 2607/2607/2607 2606/2606/2606 2610/2610/2610
f 2609/2609/2609 2607/2607/2607 2611/2611/2611
f 2611/2611/2611 2607/2607/2607 2610/2610/2610
f 2612/2612/2612 2609/2609/2609 2611/2611/2611
f 2611/2611/2611 2610/2610/2610 2613/2613/2613
f 2612/2612/2612 2611/2611/2611 2613/2613/2613
f 2614/2614/2614 2612/2612/2612 2613/2613/2613
f 2610/2610/2610 2615/2615/2615 2613/2613/2613
f 2616/2616/2616 2614/2614/2614 2613/2613/2613
f 2615/2615/2615 2617/2617/2617 2613/2613/2613
f 2617/2617/2617 2616/2616/2616 2613/2613/2613
f 2618/2618/2618 2616/2616/2616 2617/2617/2617
f 2619/2619/2619 2618/2618/2618 2617/2617/2617
f 2617/2617/2617 2615/2615/2615 2620/2620/2620
f 2617/2617/2617 2621/2621/2621 2619/2619/2619
f 2621/2621/2621 2617/2617/2617 2620/2620/2620
f 2620/2620/2620 2622/2622/2622 2621/2621/2621
f 2622/2622/2622 2620/2620/2620 2623/2623/2623
f 2624/2624/2624 2623/2623/2623 2620/2620/2620
f 2624/2624/2624 2620/2620/2620 2625/2625/2625
f 2626/2626/2626 2624/2624/2624 2625/2625/2625
f 2626/2626/2626 2625/2625/2625 2627/2627/2627
f 2625/2625/2625 2628/2628/2628 2627/2627/2627
f 2627/2627/2627 2628/2628/2628 2629/2629/2629
f 2628/2628/2628 2630/2630/2630 2629/2629/2629
f 2629/2629/2629 2630/2630/2630 2631/2631/2631
f 2632/2632/2632 2629/2629/2629 2631/2631/2631
f 2632/2632/2632 2631/2631/2631 2633/2633/2633
f 2631/2631/2631 2634/2634/2634 2633/2633/2633
f 2633/2633/2633 2634/2634/2634 2635/2635/2635
f 2636/2636/2636 2633/2633/2633 2635/2635/2635
f 2636/2636/2636 2635/2635/2635 2637/2637/2637
f 2635/2635/2635 2638/2638/2638 2637/2637/2637
f 2637/2637/2637 2638/2638/2638 2639/2639/2639
f 2640/2640/2640 2637/2637/2637 2639/2639/2639
f 2640/2640/2640 2639/2639/2639 2641/2641/2641
f 2639/2639/2639 2642/2642/2642 2641/2641/2641
f 2641/2641/2641 2642/2642/2642 2643/2643/2643
f 2644/2644/2644 2641/2641/2641 2643/2643/2643
f 2644/2644/2644 2643/2643/2643 2645/2645/2645
f 2643/2643/2643 2646/2646/2646 2645/2645/2645
f 2649/2649/2649 2648/2648/2648 2647/2647/2647
f 2650/2650/2650 2649/2649/2649 2647/2647/2647
f 2650/2650/2650 2651/2651/2651 2649/2649/2649
f 2651/2651/2651 2652/2652/2652 2649/2649/2649
f 2653/2653/2653 2652/2652/2652 2651/2651/2651
f 2654/2654/2654 2653/2653/2653 2651/2651/2651
f 2654/2654/2654 2655/2655/2655 2653/2653/2653
f 2655/2655/2655 2656/2656/2656 2653/2653/2653
f 2657/2657/2657 2656/2656/2656 2655/2655/2655
f 2658/2658/2658 2657/2657/2657 2655/2655/2655
f 2658/2658/2658 2659/2659/2659 2657/2657/2657
f 2659/2659/2659 2660/2660/2660 2657/2657/2657
f 2660/2660/2660 2659/2659/2659 2661/2661/2661
f 2660/2660/2660 2661/2661/2661 2662/2662/2662
f 2661/2661/2661 2663/2663/2663 2662/2662/2662
f 2662/2662/2662 2663/2663/2663 2664/2664/2664
f 2663/2663/2663 2665/2665/2665 2664/2664/2664
f 2666/2666/2666 2665/2665/2665 2663/2663/2663
f 2667/2667/2667 2666/2666/2666 2663/2663/2663
f 2667/2667/2667 2668/2668/2668 2666/2666/2666
f 2666/2666/2666 2668/2668/2668 2669/2669/2669
f 2666/2666/2666 2669/2669/2669 2670/2670/2670
f 2664/2664/2664 2665/2665/2665 2671/2671/2671
f 2666/2666/2666 2671/2671/2671 2665/2665/2665
f 2672/2672/2672 2664/2664/2664 2671/2671/2671
f 2673/2673/2673 2672/2672/2672 2671/2671/2671
f 2673/2673/2673 2671/2671/2671 2674/2674/2674
f 2666/2666/2666 2674/2674/2674 2671/2671/2671
f 2673/2673/2673 2674/2674/2674 2675/2675/2675
f 2675/2675/2675 2674/2674/2674 2676/2676/2676
f 2674/2674/2674 2622/2622/2622 2676/2676/2676
f 2666/2666/2666 2622/2622/2622 2674/2674/2674
f 2676/2676/2676 2622/2622/2622 2623/2623/2623
f 2677/2677/2677 2666/2666/2666 2670/2670/2670
f 2622/2622/2622 2666/2666/2666 2677/2677/2677
f 2670/2670/2670 2678/2678/2678 2677/2677/2677
f 2678/2678/2678 2679/2679/2679 2677/2677/2677
f 2621/2621/2621 2622/2622/2622 2677/2677/2677
f 2677/2677/2677 2679/2679/2679 2621/2621/2621
f 2679/2679/2679 2680/2680/2680 2621/2621/2621
f 2680/2680/2680 2681/2681/2681 2621/2621/2621
f 2684/2684/2684 2683/2683/2683 2682/2682/2682
f 2685/2685/2685 2684/2684/2684 2682/2682/2682
f 2688/2688/2688 2687/2687/2687 2686/2686/2686
f 2689/2689/2689 2688/2688/2688 2686/2686/2686
f 2692/2692/2692 2691/2691/2691 2690/2690/2690
f 2693/2693/2693 2692/2692/2692 2690/2690/2690
f 2696/2696/2696 2695/2695/2695 2694/2694/2694
f 2695/2695/2695 2697/2697/2697 2694/2694/2694
f 2700/2700/2700 2699/2699/2699 2698/2698/2698
f 2701/2701/2701 2700/2700/2700 2698/2698/2698
f 2704/2704/2704 2703/2703/2703 2702/2702/2702
f 2705/2705/2705 2703/2703/2703 2704/2704/2704
f 2708/2708/2708 2707/2707/2707 2706/2706/2706
f 2709/2709/2709 2708/2708/2708 2706/2706/2706
f 2712/2712/2712 2711/2711/2711 2710/2710/2710
f 2713/2713/2713 2712/2712/2712 2710/2710/2710
f 2716/2716/2716 2715/2715/2715 2714/2714/2714
f 2714/2714/2714 2715/2715/2715 2717/2717/2717
f 2718/2718/2718 2715/2715/2715 2716/2716/2716
f 2717/2717/2717 2715/2715/2715 2719/2719/2719
f 2720/2720/2720 2715/2715/2715 2718/2718/2718
f 2719/2719/2719 2715/2715/2715 2721/2721/2721
f 2722/2722/2722 2715/2715/2715 2720/2720/2720
f 2721/2721/2721 2715/2715/2715 2723/2723/2723
f 2724/2724/2724 2715/2715/2715 2722/2722/2722
f 2723/2723/2723 2715/2715/2715 2725/2725/2725
f 2726/2726/2726 2715/2715/2715 2724/2724/2724
f 2725/2725/2725 2715/2715/2715 2727/2727/2727
f 2728/2728/2728 2715/2715/2715 2726/2726/2726
f 2727/2727/2727 2715/2715/2715 2729/2729/2729
f 2730/2730/2730 2715/2715/2715 2728/2728/2728
f 2729/2729/2729 2715/2715/2715 2731/2731/2731
f 2732/2732/2732 2715/2715/2715 2730/2730/2730
f 2731/2731/2731 2715/2715/2715 2733/2733/2733
f 2734/2734/2734 2715/2715/2715 2732/2732/2732
f 2733/2733/2733 2715/2715/2715 2734/2734/2734
