g TowerIzisMapBaseFrame_Chip64
v 1.36424202E-14 -0.450923711 -0.966691852
v -0.0713854954 -0.554206014 -0.962491751
v 1.36424202E-14 -0.556274414 -1.00893152
v -0.0713854954 -0.554206014 -0.962491751
v 1.36424202E-14 -0.657488286 -0.958290994
v 1.36424202E-14 -0.556274414 -1.00893152
v 1.36424202E-14 -0.556274414 -1.00893152
v 0.0713854954 -0.554206014 -0.962491751
v 1.36424202E-14 -0.450923711 -0.966691852
v 1.36424202E-14 -0.657488286 -0.958290994
v 0.0713854954 -0.554206014 -0.962491751
v 1.36424202E-14 -0.556274414 -1.00893152
v -6.46217537 -0.511787117 3.48501849
v -6.46217537 -0.675559044 3.598037
v -6.53586149 -0.675559044 3.48501849
v -6.46217537 -0.675559044 3.598037
v -6.46217537 -0.839330971 3.48501849
v -6.53586149 -0.675559044 3.48501849
v -6.53586149 -0.675559044 3.48501849
v -6.46217537 -0.675559044 3.37199974
v -6.46217537 -0.511787117 3.48501849
v -6.46217537 -0.839330971 3.48501849
v -6.46217537 -0.675559044 3.37199974
v -6.53586149 -0.675559044 3.48501849
v 6.46217585 -0.511787117 3.48501849
v 6.53586149 -0.675559044 3.48501849
v 6.46217585 -0.675559044 3.598037
v 6.46217585 -0.675559044 3.598037
v 6.53586149 -0.675559044 3.48501849
v 6.46217585 -0.839330971 3.48501849
v 6.53586149 -0.675559044 3.48501849
v 6.46217585 -0.511787117 3.48501849
v 6.46217585 -0.675559044 3.37199974
v 6.46217585 -0.839330971 3.48501849
v 6.53586149 -0.675559044 3.48501849
v 6.46217585 -0.675559044 3.37199974
v 1.36424202E-14 -0.450923711 7.93673086
v 1.36424202E-14 -0.556274414 7.97897005
v -0.0713854954 -0.554206014 7.9325304
v -0.0713854954 -0.554206014 7.9325304
v 1.36424202E-14 -0.556274414 7.97897005
v 1.36424202E-14 -0.657488286 7.92832994
v 1.36424202E-14 -0.556274414 7.97897005
v 1.36424202E-14 -0.450923711 7.93673086
v 0.0713854954 -0.554206014 7.9325304
v 1.36424202E-14 -0.657488286 7.92832994
v 1.36424202E-14 -0.556274414 7.97897005
v 0.0713854954 -0.554206014 7.9325304
v -0.297449946 -0.274741501 -0.976015627
v -0.288115233 -0.317352325 -0.974280655
v 1.36424202E-14 -0.274741441 -0.977751434
v -0.249918208 -0.431732535 -0.971010745
v -0.192037344 -0.540108263 -0.96600312
v -0.0450402834 -0.697624087 -0.957602203
v 1.36424202E-14 -0.719249487 -0.957603157
v 0.0450415015 -0.697624087 -0.957602203
v 0.192038566 -0.540108263 -0.96600312
v 0.249919429 -0.431732535 -0.971010745
v 0.288115233 -0.317352325 -0.974280655
v 0.297451168 -0.274741501 -0.976015627
v -0.199394524 -0.547585309 -0.957602203
v -0.199964598 -0.57051754 -0.957602501
v -0.328399658 -0.431951016 -0.957602501
v -0.266765118 -0.438724548 -0.957602799
v -0.307821035 -0.324241012 -0.957602799
v -0.359841287 -0.359397829 -0.957602799
v -0.317231447 -0.27474156 -0.957602799
v -0.358905017 -0.274741739 -0.957602501
v 0.199394524 -0.547585309 -0.957602203
v 0.205988765 -0.564869642 -0.957602501
v 0.32840088 -0.431951016 -0.957602501
v 0.26676634 -0.438724548 -0.957602799
v 0.359842509 -0.359397829 -0.957602799
v 0.307822257 -0.324241012 -0.957602799
v 0.317232668 -0.27474156 -0.957602799
v 0.358906239 -0.274741739 -0.957602501
v -0.358905017 -0.274741739 -0.872242391
v -0.359841287 -0.359397829 -0.957602799
v -0.358905017 -0.274741739 -0.957602501
v -0.359842509 -0.359394819 -0.872242689
v -0.328399658 -0.431948006 -0.872242391
v -0.328399658 -0.431951016 -0.957602501
v -0.199964598 -0.57051754 -0.957602501
v -0.19996582 -0.57051456 -0.872242391
v -0.0450402834 -0.697621047 -0.872242391
v -0.0450402834 -0.697624087 -0.957602203
v 1.36424202E-14 -0.719246507 -0.872242391
v 1.36424202E-14 -0.719249487 -0.957603157
v 0.359842509 -0.359397829 -0.957602799
v 0.358905017 -0.274741739 -0.872242391
v 0.358906239 -0.274741739 -0.957602501
v 0.359841287 -0.359394819 -0.872242689
v 0.32840088 -0.431951016 -0.957602501
v 0.328399658 -0.431948006 -0.872242391
v 0.205988765 -0.564866602 -0.872242689
v 0.205988765 -0.564869642 -0.957602501
v 0.0450402834 -0.697621047 -0.872242391
v 0.0450415015 -0.697624087 -0.957602203
v 1.36424202E-14 -0.719249487 -0.957603157
v 1.36424202E-14 -0.719246507 -0.872242391
v -0.307821035 -0.324241012 -0.957602799
v -0.297449946 -0.274741501 -0.976015627
v -0.317231447 -0.27474156 -0.957602799
v -0.288115233 -0.317352325 -0.974280655
v -0.266765118 -0.438724548 -0.957602799
v -0.249918208 -0.431732535 -0.971010745
v -0.192037344 -0.540108263 -0.96600312
v -0.199394524 -0.547585309 -0.957602203
v -0.0450402834 -0.697624087 -0.957602203
v 0.297451168 -0.274741501 -0.976015627
v 0.307822257 -0.324241012 -0.957602799
v 0.317232668 -0.27474156 -0.957602799
v 0.288115233 -0.317352325 -0.974280655
v 0.249919429 -0.431732535 -0.971010745
v 0.26676634 -0.438724548 -0.957602799
v 0.192038566 -0.540108263 -0.96600312
v 0.199394524 -0.547585309 -0.957602203
v 0.0450415015 -0.697624087 -0.957602203
v 0.239678949 -0.0195250679 -0.609202564
v 0.239678949 -0.166348249 -0.609202564
v -0.239678949 -0.166348249 -0.609202564
v -0.239678949 -0.0195250679 -0.609202564
v -0.297336429 -0.0195250679 -0.812366903
v -0.297336429 -0.0951741263 -0.812366903
v 0.297336429 -0.0951741263 -0.812366903
v 0.297336429 -0.0195250679 -0.812366903
v 0.295056134 -0.0111205494 -0.80433625
v 0.241959229 -0.0111205494 -0.617233276
v -0.241959229 -0.0111205494 -0.617233276
v -0.295056134 -0.0111205494 -0.80433625
v -0.297336429 -0.0195250679 -0.812366903
v -0.295056134 -0.0111205494 -0.80433625
v -0.241959229 -0.0111205494 -0.617233276
v -0.239678949 -0.0195250679 -0.609202564
v -0.297336429 -0.0951741263 -0.812366903
v -0.239678949 -0.166348249 -0.609202564
v 0.239678949 -0.0195250679 -0.609202564
v 0.241959229 -0.0111205494 -0.617233276
v 0.295056134 -0.0111205494 -0.80433625
v 0.297336429 -0.0195250679 -0.812366903
v 0.239678949 -0.166348249 -0.609202564
v 0.297336429 -0.0951741263 -0.812366903
v -0.241959229 -0.0111205494 -0.617233276
v 0.241959229 -0.0111205494 -0.617233276
v 0.239678949 -0.0195250679 -0.609202564
v -0.239678949 -0.0195250679 -0.609202564
v -0.297336429 -0.0195250679 -0.812366903
v 0.297336429 -0.0195250679 -0.812366903
v 0.295056134 -0.0111205494 -0.80433625
v -0.295056134 -0.0111205494 -0.80433625
v -0.835532188 -0.0111203259 -0.215354607
v -0.861689448 -0.0111201787 -0.220500171
v -0.966747999 -0.0111201787 -0.384040207
v -0.96053952 -0.0111203259 -0.409949929
v -1.16066158 -0.0111203259 -0.281557292
v -1.13450432 -0.0111201787 -0.276411742
v -1.02944577 -0.0111201787 -0.112871699
v -1.0356518 -0.0111203259 -0.0869616643
v -0.835532188 -0.0111203259 -0.215354607
v -1.0356518 -0.0111203259 -0.0869616643
v -1.02944577 -0.0111201787 -0.112871699
v -0.861689448 -0.0111201787 -0.220500171
v -0.966747999 -0.0111201787 -0.384040207
v -0.861689448 -0.0111201787 -0.220500171
v -0.960063457 0.148529649 -0.240073234
v -0.989908397 0.148529649 -0.286532581
v -0.97383666 0.157866403 -0.236102283
v -0.999254107 0.157866403 -0.275667727
v -0.98589474 0.160051823 -0.229461059
v -1.01029909 0.160051823 -0.267450869
v -0.96053952 -0.0111203259 -0.409949929
v -0.966747999 -0.0111201787 -0.384040207
v -1.05062616 -0.0111201787 -0.330226123
v -1.16066158 -0.0111203259 -0.281557292
v -1.13450432 -0.0111201787 -0.276411742
v -1.0356518 -0.166348249 -0.0869616643
v -1.0356518 -0.0111203259 -0.0869616643
v -0.835532188 -0.0111203259 -0.215354607
v -0.835532188 -0.166348249 -0.215354607
v -0.835532188 -0.166348249 -0.215354607
v -0.835532188 -0.0111203259 -0.215354607
v -0.96053952 -0.0111203259 -0.409949929
v -0.96053952 -0.0951741412 -0.409949929
v -0.96053952 -0.0951741412 -0.409949929
v -0.96053952 -0.0111203259 -0.409949929
v -1.16066158 -0.0111203259 -0.281557292
v -1.16066158 -0.0951741412 -0.281557292
v -1.16066158 -0.0951741412 -0.281557292
v -1.16066158 -0.0111203259 -0.281557292
v -1.0356518 -0.0111203259 -0.0869616643
v -1.0356518 -0.166348249 -0.0869616643
v -1.13450432 -0.0111201787 -0.276411742
v -1.00630248 0.148529649 -0.210408017
v -1.02944577 -0.0111201787 -0.112871699
v -1.03614748 0.148529649 -0.256867051
v -1.02237308 0.157866403 -0.260834962
v -0.996955574 0.157866403 -0.22126922
v -1.01029909 0.160051823 -0.267450869
v -0.98589474 0.160051823 -0.229461059
v -0.99728024 0.140184805 -0.211867064
v -1.0233252 -0.00570378639 -0.134593204
v -1.01785028 -0.000588277995 -0.126069948
v -1.00117791 0.135069296 -0.217933655
v -0.990897179 0.147171974 -0.219589233
v -0.994653285 0.142056465 -0.225436702
v -0.983269036 0.148853555 -0.225375667
v -0.986957967 0.143738046 -0.231116325
v -0.974830329 0.147171989 -0.229897156
v -0.978586376 0.14205648 -0.235744312
v -0.965146482 0.140184805 -0.23248291
v -0.969044149 0.135069311 -0.238549501
v -0.878524125 -0.000588277995 -0.215457752
v -0.884000242 -0.00570378639 -0.22398071
v -1.01785028 -0.000588277995 -0.126069948
v -1.0233252 -0.00570378639 -0.134593204
v -0.884000242 -0.00570378639 -0.22398071
v -0.878524125 -0.000588277995 -0.215457752
v -1.03614748 0.148529649 -0.256867051
v -1.13450432 -0.0111201787 -0.276411742
v -1.05062616 -0.0111201787 -0.330226123
v -0.989908397 0.148529649 -0.286532581
v -0.966747999 -0.0111201787 -0.384040207
v -1.01029909 0.160051823 -0.267450869
v -1.02237308 0.157866403 -0.260834962
v -0.999254107 0.157866403 -0.275667727
v -0.969044149 0.135069311 -0.238549501
v -0.884000242 -0.00570378639 -0.22398071
v -1.0233252 -0.00570378639 -0.134593204
v -1.00117791 0.135069296 -0.217933655
v -0.986957967 0.143738046 -0.231116325
v -0.994653285 0.142056465 -0.225436702
v -0.978586376 0.14205648 -0.235744312
v 1.03601444 -0.0111203259 -0.0869625807
v 1.02980709 -0.0111201787 -0.112872615
v 1.13486564 -0.0111201787 -0.276412666
v 1.1610229 -0.0111203259 -0.281557918
v 0.960902095 -0.0111203259 -0.409950852
v 0.967109382 -0.0111201787 -0.384041131
v 0.862050772 -0.0111201787 -0.220500782
v 0.83589232 -0.0111203259 -0.215355217
v 1.03601444 -0.0111203259 -0.0869625807
v 0.83589232 -0.0111203259 -0.215355217
v 0.862050772 -0.0111201787 -0.220500782
v 1.02980709 -0.0111201787 -0.112872615
v 1.13486564 -0.0111201787 -0.276412666
v 1.02980709 -0.0111201787 -0.112872615
v 1.00666261 0.148529649 -0.210408628
v 1.03650999 0.148529649 -0.256867677
v 0.997316897 0.157866403 -0.221270442
v 1.0227344 0.157866403 -0.260835558
v 0.986256063 0.160051823 -0.22946167
v 1.01066041 0.160051823 -0.267451465
v 1.1610229 -0.0111203259 -0.281557918
v 1.13486564 -0.0111201787 -0.276412666
v 1.05098748 -0.0111201787 -0.330226749
v 0.960902095 -0.0111203259 -0.409950852
v 0.967109382 -0.0111201787 -0.384041131
v 0.83589232 -0.166348249 -0.215355217
v 0.83589232 -0.0111203259 -0.215355217
v 1.03601444 -0.0111203259 -0.0869625807
v 1.03601444 -0.166348249 -0.0869625807
v 1.03601444 -0.166348249 -0.0869625807
v 1.03601444 -0.0111203259 -0.0869625807
v 1.1610229 -0.0111203259 -0.281557918
v 1.1610229 -0.0951741412 -0.281557918
v 1.1610229 -0.0951741412 -0.281557918
v 1.1610229 -0.0111203259 -0.281557918
v 0.960902095 -0.0111203259 -0.409950852
v 0.960902095 -0.0951741412 -0.409950852
v 0.960902095 -0.0951741412 -0.409950852
v 0.960902095 -0.0111203259 -0.409950852
v 0.83589232 -0.0111203259 -0.215355217
v 0.83589232 -0.166348249 -0.215355217
v 0.967109382 -0.0111201787 -0.384041131
v 0.960424781 0.148529649 -0.240074158
v 0.862050772 -0.0111201787 -0.220500782
v 0.990270972 0.148529649 -0.286533207
v 0.999615431 0.157866403 -0.275668621
v 0.974197984 0.157866403 -0.236102596
v 1.01066041 0.160051823 -0.267451465
v 0.986256063 0.160051823 -0.22946167
v 0.965508997 0.140184805 -0.232483521
v 0.884361565 -0.00570378639 -0.223981619
v 0.878885508 -0.000588277995 -0.215458065
v 0.969406724 0.135069296 -0.23855041
v 0.975190401 0.147171974 -0.229898065
v 0.978947759 0.142056465 -0.235745236
v 0.983630359 0.148853555 -0.225375965
v 0.987319291 0.143738046 -0.231116936
v 0.991258502 0.147171989 -0.219589844
v 0.995014608 0.14205648 -0.225437
v 0.997641563 0.140184805 -0.211867675
v 1.00153923 0.135069311 -0.217934266
v 1.0182116 -0.000588277995 -0.126070246
v 1.02368653 -0.00570378639 -0.134593815
v 0.878885508 -0.000588277995 -0.215458065
v 0.884361565 -0.00570378639 -0.223981619
v 1.02368653 -0.00570378639 -0.134593815
v 1.0182116 -0.000588277995 -0.126070246
v 0.990270972 0.148529649 -0.286533207
v 0.967109382 -0.0111201787 -0.384041131
v 1.05098748 -0.0111201787 -0.330226749
v 1.03650999 0.148529649 -0.256867677
v 1.13486564 -0.0111201787 -0.276412666
v 1.01066041 0.160051823 -0.267451465
v 0.999615431 0.157866403 -0.275668621
v 1.0227344 0.157866403 -0.260835558
v 1.00153923 0.135069311 -0.217934266
v 1.02368653 -0.00570378639 -0.134593815
v 0.884361565 -0.00570378639 -0.223981619
v 0.969406724 0.135069296 -0.23855041
v 0.987319291 0.143738046 -0.231116936
v 0.978947759 0.142056465 -0.235745236
v 0.995014608 0.14205648 -0.225437
v -0.154788822 -0.0903674513 -0.763003826
v -0.154943839 -0.107317992 -0.763003826
v -0.215865478 -0.107185155 -0.90433681
v -0.215865478 -0.0903677568 -0.90433681
v -0.204000235 -0.0903676003 -0.938921809
v -0.159910887 -0.0903676972 -0.989213824
v -0.158778071 -0.136196494 -0.983637393
v -0.054262694 -0.155520231 -1.08316255
v -0.0554272458 -0.0903678089 -1.08959258
v -0.0215783678 -0.157389224 -1.1052289
v -0.0232067872 -0.0903678089 -1.11234403
v 1.36424202E-14 -0.0903678089 -1.1184597
v -0.151783437 -0.184220791 -0.973355711
v -0.0560314916 -0.216048419 -1.06180358
v -0.0182934571 -0.225470543 -1.08170986
v 1.36424202E-14 -0.292638779 -1.0199182
v 1.36424202E-14 -0.158621818 -1.11343014
v -0.140028074 -0.235047236 -0.959847987
v -0.109807126 -0.257139057 -0.922177434
v -0.0375988744 -0.316211879 -0.922177434
v -0.049262695 -0.275068194 -1.00723386
v 1.36424202E-14 -0.332994342 -0.922177434
v 0.0215783678 -0.157389224 -1.1052289
v 0.0232067872 -0.0903678089 -1.11234403
v 0.0554272458 -0.0903678089 -1.08959258
v 1.36424202E-14 -0.22835809 -1.09023345
v 0.0182934571 -0.225470543 -1.08170986
v 0.054262694 -0.155520231 -1.08316255
v 0.159910887 -0.0903676972 -0.989213824
v 0.0560314916 -0.216048419 -1.06180358
v 0.158778071 -0.136196494 -0.983637393
v 0.049262695 -0.275068194 -1.00723386
v 1.36424202E-14 -0.332994342 -0.922177434
v 0.0375988744 -0.316211879 -0.922177434
v 0.215865478 -0.107185155 -0.90433681
v 0.204000235 -0.0903676003 -0.938921809
v 0.215865478 -0.0903677568 -0.90433681
v 0.151783437 -0.184220791 -0.973355711
v 0.140028074 -0.235047236 -0.959847987
v 0.109807126 -0.257139057 -0.922177434
v 0.154788822 -0.0903674513 -0.763003826
v 0.215865478 -0.0903677568 -0.90433681
v 0.215865478 -0.107185155 -0.90433681
v 0.154943839 -0.107317992 -0.763003826
v -0.198259279 -0.0903677568 -0.899415553
v -0.144016117 -0.0903674513 -0.770450115
v -0.154788822 -0.0903674513 -0.763003826
v -0.215865478 -0.0903677568 -0.90433681
v -0.204000235 -0.0903676003 -0.938921809
v -0.186522216 -0.0903675854 -0.93342191
v -0.151529536 -0.0903676897 -0.974527895
v -0.159910887 -0.0903676972 -0.989213824
v -0.0554272458 -0.0903678089 -1.08959258
v -0.0454138182 -0.0903677568 -1.07507348
v -0.0170385744 -0.0903677717 -1.09525907
v -0.0232067872 -0.0903678089 -1.11234403
v 1.36424202E-14 -0.0903678089 -1.1184597
v 1.36424202E-14 -0.090367794 -1.10137546
v 0.0170385744 -0.0903677717 -1.09525907
v 0.0232067872 -0.0903678089 -1.11234403
v 0.0554272458 -0.0903678089 -1.08959258
v 0.0454138182 -0.0903677568 -1.07507348
v 0.151529536 -0.0903676897 -0.974527895
v 0.159910887 -0.0903676972 -0.989213824
v 0.204000235 -0.0903676003 -0.938921809
v 0.186522216 -0.0903675854 -0.93342191
v 0.198259279 -0.0903677568 -0.899415553
v 0.215865478 -0.0903677568 -0.90433681
v 0.154788822 -0.0903674513 -0.763003826
v 0.144016117 -0.0903674513 -0.770450115
v -0.144016117 -0.0903674513 -0.770450115
v 1.36424202E-14 0.00469490001 -0.770450115
v 1.36424202E-14 -0.0903674513 -0.770450115
v -0.144016117 0.00469490001 -0.770450115
v -0.198259279 -0.0903677568 -0.899415553
v -0.198259279 0.00469490001 -0.899415553
v -0.186522216 0.00469490001 -0.93342191
v -0.186522216 -0.0903675854 -0.93342191
v -0.151529536 0.00469490001 -0.974527895
v -0.151529536 -0.0903676897 -0.974527895
v -0.0454138182 -0.0903677568 -1.07507348
v -0.0454138182 0.00469490001 -1.07507348
v -0.0170385744 -0.0903677717 -1.09525907
v -0.0170385744 0.00469490001 -1.09525907
v 1.36424202E-14 0.00469490001 -1.10137546
v 1.36424202E-14 -0.090367794 -1.10137546
v 0.0170385744 -0.0903677717 -1.09525907
v 0.0170385744 0.00469490001 -1.09525907
v 0.0454138182 0.00469490001 -1.07507348
v 0.0454138182 -0.0903677568 -1.07507348
v 0.151529536 0.00469490001 -0.974527895
v 0.151529536 -0.0903676897 -0.974527895
v 0.186522216 -0.0903675854 -0.93342191
v 0.186522216 0.00469490001 -0.93342191
v 0.198259279 -0.0903677568 -0.899415553
v 0.198259279 0.00469490001 -0.899415553
v 0.144016117 0.00469490001 -0.770450115
v 0.144016117 -0.0903674513 -0.770450115
v 1.36424202E-14 0.00469490001 -0.770450115
v 1.36424202E-14 -0.0903674513 -0.770450115
v -0.154788822 0.00469490001 -0.763003528
v 1.36424202E-14 0.0256512184 -0.763003528
v 1.36424202E-14 0.00469490001 -0.763003528
v -0.154788822 0.0256512184 -0.763003528
v -0.215865478 0.0256512184 -0.90433681
v -0.215865478 0.00469490001 -0.90433681
v -0.204000235 0.0256512184 -0.938921809
v -0.204000235 0.00469490001 -0.938921809
v -0.159910887 0.0256512184 -0.989213824
v -0.159910887 0.00469490001 -0.989213824
v -0.0554272458 0.00469490001 -1.08959258
v -0.0554272458 0.0256512184 -1.08959258
v -0.0232067872 0.00469490001 -1.11234403
v -0.0232067872 0.0256512184 -1.11234403
v 1.36424202E-14 0.0256512184 -1.1184597
v 1.36424202E-14 0.00469490001 -1.1184597
v 0.0232067872 0.00469490001 -1.11234403
v 0.0232067872 0.0256512184 -1.11234403
v 0.0554272458 0.0256512184 -1.08959258
v 0.0554272458 0.00469490001 -1.08959258
v 0.159910887 0.0256512184 -0.989213824
v 0.159910887 0.00469490001 -0.989213824
v 0.204000235 0.00469490001 -0.938921809
v 0.204000235 0.0256512184 -0.938921809
v 0.215865478 0.00469490001 -0.90433681
v 0.215865478 0.0256512184 -0.90433681
v 0.154788822 0.00469490001 -0.763003528
v 0.154788822 0.0256512184 -0.763003528
v 1.36424202E-14 0.0256512184 -0.763003528
v 1.36424202E-14 0.00469490001 -0.763003528
v 1.36424202E-14 0.00469490001 -0.763003528
v 1.36424202E-14 0.00469490001 -0.770450115
v -0.144016117 0.00469490001 -0.770450115
v -0.154788822 0.00469490001 -0.763003528
v -0.198259279 0.00469490001 -0.899415553
v -0.215865478 0.00469490001 -0.90433681
v -0.204000235 0.00469490001 -0.938921809
v -0.186522216 0.00469490001 -0.93342191
v -0.151529536 0.00469490001 -0.974527895
v -0.159910887 0.00469490001 -0.989213824
v -0.0554272458 0.00469490001 -1.08959258
v -0.0454138182 0.00469490001 -1.07507348
v -0.0170385744 0.00469490001 -1.09525907
v -0.0232067872 0.00469490001 -1.11234403
v 1.36424202E-14 0.00469490001 -1.1184597
v 1.36424202E-14 0.00469490001 -1.10137546
v 0.0170385744 0.00469490001 -1.09525907
v 0.0232067872 0.00469490001 -1.11234403
v 0.0554272458 0.00469490001 -1.08959258
v 0.0454138182 0.00469490001 -1.07507348
v 0.151529536 0.00469490001 -0.974527895
v 0.159910887 0.00469490001 -0.989213824
v 0.204000235 0.00469490001 -0.938921809
v 0.186522216 0.00469490001 -0.93342191
v 0.198259279 0.00469490001 -0.899415553
v 0.215865478 0.00469490001 -0.90433681
v 0.154788822 0.00469490001 -0.763003528
v 0.144016117 0.00469490001 -0.770450115
v 1.36424202E-14 0.00469490001 -0.763003528
v 1.36424202E-14 0.00469490001 -0.770450115
v 1.36424202E-14 0.0206900146 -1.07848477
v 0.00890747085 0.0206900146 -1.07600343
v -0.00890747085 0.0206900146 -1.07600343
v -0.0197985843 0.0206900146 -1.06766295
v 0.0197985843 0.0206900146 -1.06766295
v 0.0753503367 0.0206900146 -1.01735353
v -0.0753503367 0.0206900146 -1.01735353
v 1.36424202E-14 0.0206900146 -0.95224911
v 0.108155519 0.0206900146 -0.95224911
v 0.111326903 0.0206900146 -0.981977224
v 0.115657955 0.0206900146 -0.959074974
v 0.116458736 0.0206900146 -0.973537564
v -0.108155519 0.0206900146 -0.95224911
v -0.111326903 0.0206900146 -0.981977224
v -0.116458736 0.0206900146 -0.973537564
v -0.115657955 0.0206900146 -0.959074974
v -0.108155519 0.0206900146 -0.95224911
v 1.36424202E-14 0.0206900146 -0.95224911
v 1.36424202E-14 0.0256512165 -0.943583071
v -0.111368403 0.0256512165 -0.943583071
v -0.115657955 0.0206900146 -0.959074974
v -0.123699948 0.0256512184 -0.95508635
v -0.116458736 0.0206900146 -0.973537564
v -0.125395507 0.0256512165 -0.975879192
v -0.111326903 0.0206900146 -0.981977224
v -0.118879393 0.0256512165 -0.98807919
v -0.0753503367 0.0206900146 -1.01735353
v -0.0827197284 0.0256512165 -1.02436912
v -0.0197985843 0.0206900146 -1.06766295
v -0.0292639155 0.0256512165 -1.07483578
v -0.00890747085 0.0206900146 -1.07600343
v -0.0134619139 0.0256512165 -1.08621335
v 1.36424202E-14 0.0256512165 -1.08869445
v 1.36424202E-14 0.0206900146 -1.07848477
v 1.36424202E-14 0.0256512165 -1.08869445
v 0.00890747085 0.0206900146 -1.07600343
v 1.36424202E-14 0.0206900146 -1.07848477
v 0.0134619139 0.0256512165 -1.08621335
v 0.0197985843 0.0206900146 -1.06766295
v 0.0292639155 0.0256512165 -1.07483578
v 0.0827197284 0.0256512165 -1.02436912
v 0.0753503367 0.0206900146 -1.01735353
v 0.118879393 0.0256512165 -0.98807919
v 0.111326903 0.0206900146 -0.981977224
v 0.125395507 0.0256512165 -0.975879192
v 0.116458736 0.0206900146 -0.973537564
v 0.115657955 0.0206900146 -0.959074974
v 0.123699948 0.0256512184 -0.95508635
v 0.111368403 0.0256512165 -0.943583071
v 0.108155519 0.0206900146 -0.95224911
v 1.36424202E-14 0.0206900146 -0.95224911
v 1.36424202E-14 0.0256512165 -0.943583071
v -0.301263422 -0.0856407508 -0.847122788
v 0.301263422 -0.0856407508 -0.847122788
v 0.290156245 -0.0856407508 -0.809253812
v -0.290156245 -0.0856407508 -0.809253812
v -0.333992898 -0.284070194 -0.985824585
v 0.333992898 -0.284070194 -0.985824585
v 0.333992898 -0.155090094 -0.985824585
v -0.333992898 -0.155090094 -0.985824585
v -0.322329104 -0.284070283 -0.872241795
v 0.322329104 -0.284070283 -0.872241795
v 0.333992898 -0.284070194 -0.985824585
v -0.333992898 -0.284070194 -0.985824585
v 0.42010498 -0.782750905 -0.681333005
v 0.427578121 -0.516925633 -0.733785689
v -0.427578121 -0.516925633 -0.733785689
v -0.42010498 -0.782750905 -0.681333005
v -0.322329104 -0.516925275 -0.872241795
v 0.322329104 -0.516925275 -0.872241795
v 0.322329104 -0.284070283 -0.872241795
v -0.322329104 -0.284070283 -0.872241795
v -0.427578121 -0.516925633 -0.733785689
v 0.427578121 -0.516925633 -0.733785689
v 0.322329104 -0.516925275 -0.872241795
v -0.322329104 -0.516925275 -0.872241795
v -1.29755616 -0.0856407434 -0.204992369
v -0.301263422 -0.0856407508 -0.847122788
v -0.290156245 -0.0856407508 -0.809253812
v -1.27999878 -0.0856407434 -0.174820855
v -1.34490597 -0.131513342 -0.289905697
v -0.322919905 -0.129305363 -0.944540977
v -0.307829589 -0.10362497 -0.864149153
v -1.30776119 -0.103115782 -0.219687194
v -1.36537111 -0.155090094 -0.322743207
v -0.333992898 -0.155090094 -0.985824585
v -0.330883771 -0.126927271 -0.970877051
v -1.35944581 -0.128733978 -0.312391043
v -1.36537111 -0.284070194 -0.322743207
v -0.333992898 -0.284070194 -0.985824585
v -0.333992898 -0.155090094 -0.985824585
v -1.36537111 -0.155090094 -0.322743207
v -1.31461298 -0.284070134 -0.234283134
v -0.322329104 -0.284070283 -0.872241795
v -0.333992898 -0.284070194 -0.985824585
v -1.36537111 -0.284070194 -0.322743207
v -1.31461298 -0.516925216 -0.234283134
v -0.322329104 -0.516925275 -0.872241795
v -0.322329104 -0.284070283 -0.872241795
v -1.31461298 -0.284070134 -0.234283134
v -1.28460085 -0.516925216 -0.182745054
v -0.427578121 -0.516925633 -0.733785689
v -0.322329104 -0.516925275 -0.872241795
v -1.31461298 -0.516925216 -0.234283134
v -0.42010498 -0.782750905 -0.681333005
v -0.427578121 -0.516925633 -0.733785689
v -1.28460085 -0.516925216 -0.182745054
v -1.26024783 -0.782750368 -0.141147152
v -0.330883771 -0.126927271 -0.970877051
v -0.333992898 -0.155090094 -0.985824585
v 0.333992898 -0.155090094 -0.985824585
v 0.330883771 -0.126927271 -0.970877051
v -0.307829589 -0.10362497 -0.864149153
v -0.322919905 -0.129305363 -0.944540977
v 0.322919905 -0.129305273 -0.944540679
v 0.307829589 -0.103624836 -0.864148855
v 1.29755616 -0.0856407434 -0.204992056
v 1.27999878 -0.0856407434 -0.174820855
v 0.290156245 -0.0856407508 -0.809253812
v 0.301263422 -0.0856407508 -0.847122788
v 1.34490848 -0.131515235 -0.289911181
v 1.30775881 -0.103113897 -0.219682008
v 0.307829589 -0.103624836 -0.864148855
v 0.322919905 -0.129305273 -0.944540679
v 1.36537111 -0.155090094 -0.322743207
v 1.35944581 -0.128733978 -0.312391043
v 0.330883771 -0.126927271 -0.970877051
v 0.333992898 -0.155090094 -0.985824585
v 1.36537111 -0.284070194 -0.322743207
v 1.36537111 -0.155090094 -0.322743207
v 0.333992898 -0.155090094 -0.985824585
v 0.333992898 -0.284070194 -0.985824585
v 1.31461298 -0.284070134 -0.234283134
v 1.36537111 -0.284070194 -0.322743207
v 0.333992898 -0.284070194 -0.985824585
v 0.322329104 -0.284070283 -0.872241795
v 1.31461298 -0.516925216 -0.234283134
v 1.31461298 -0.284070134 -0.234283134
v 0.322329104 -0.284070283 -0.872241795
v 0.322329104 -0.516925275 -0.872241795
v 1.28460085 -0.516925216 -0.182745054
v 1.31461298 -0.516925216 -0.234283134
v 0.322329104 -0.516925275 -0.872241795
v 0.427578121 -0.516925633 -0.733785689
v 0.42010498 -0.782750905 -0.681333005
v 1.26024783 -0.782750368 -0.141147152
v 1.28460085 -0.516925216 -0.182745054
v 0.427578121 -0.516925633 -0.733785689
v -1.29755616 -0.0856407434 -0.204992369
v -1.30472898 -0.090240635 -0.216138303
v -0.305137932 -0.0905050039 -0.860295415
v -0.301263422 -0.0856407508 -0.847122788
v -0.330883771 -0.126927271 -0.970877051
v -0.327034891 -0.122067556 -0.957702935
v -1.35229373 -0.124134108 -0.301232606
v -1.35944581 -0.128733978 -0.312391043
v -0.301263422 -0.0856407508 -0.847122788
v -0.305137932 -0.0905050039 -0.860295415
v 0.305137932 -0.0905050039 -0.860295415
v 0.301263422 -0.0856407508 -0.847122788
v 0.330883771 -0.126927271 -0.970877051
v 0.327034891 -0.122067556 -0.957702935
v -0.327034891 -0.122067556 -0.957702935
v -0.330883771 -0.126927271 -0.970877051
v 1.35944581 -0.128733978 -0.312391043
v 1.35229373 -0.124134108 -0.301232606
v 0.327034891 -0.122067556 -0.957702935
v 0.330883771 -0.126927271 -0.970877051
v 0.301263422 -0.0856407508 -0.847122788
v 0.305137932 -0.0905050039 -0.860295415
v 1.30472898 -0.090240635 -0.21613799
v 1.29755616 -0.0856407434 -0.204992056
v -1.30472898 -0.090240635 -0.216138303
v -1.30776119 -0.103115782 -0.219687194
v -0.307829589 -0.10362497 -0.864149153
v -0.305137932 -0.0905050039 -0.860295415
v -0.327034891 -0.122067556 -0.957702935
v -0.322919905 -0.129305363 -0.944540977
v -1.34490597 -0.131513342 -0.289905697
v -1.35229373 -0.124134108 -0.301232606
v -0.305137932 -0.0905050039 -0.860295415
v -0.307829589 -0.10362497 -0.864149153
v 0.307829589 -0.103624836 -0.864148855
v 0.305137932 -0.0905050039 -0.860295415
v 0.327034891 -0.122067556 -0.957702935
v 0.322919905 -0.129305273 -0.944540679
v -0.322919905 -0.129305363 -0.944540977
v -0.327034891 -0.122067556 -0.957702935
v 1.35229373 -0.124134108 -0.301232606
v 1.34490848 -0.131515235 -0.289911181
v 0.322919905 -0.129305273 -0.944540679
v 0.327034891 -0.122067556 -0.957702935
v 0.305137932 -0.0905050039 -0.860295415
v 0.307829589 -0.103624836 -0.864148855
v 1.30775881 -0.103113897 -0.219682008
v 1.30472898 -0.090240635 -0.21613799
v 1.2774719 -0.0333017036 -0.170505375
v 0.288688958 -0.0333017111 -0.804255068
v 0.290156245 -0.0385329053 -0.809253812
v 1.27999997 -0.0385350697 -0.174820855
v 1.18582034 -0.0385350659 -0.014041137
v 0.235552967 -0.0385329016 -0.623093545
v 0.237020254 -0.0333017074 -0.628092349
v 1.18834841 -0.0333017074 -0.0183569323
v -1.27999997 -0.0385350697 -0.174820855
v -0.290156245 -0.0385329053 -0.809253812
v -0.288688958 -0.0333017111 -0.804255068
v -1.2774719 -0.0333017036 -0.170505375
v -1.18834841 -0.0333017074 -0.0183569323
v -0.237020254 -0.0333017074 -0.628092349
v -0.235552967 -0.0385329016 -0.623093545
v -1.18582034 -0.0385350659 -0.014041137
v -1.18582034 -0.0385350659 -0.014041137
v -0.235552967 -0.0385329016 -0.623093545
v -0.235552967 -0.166348249 -0.623093545
v -1.18582034 -0.166348249 -0.014041137
v -1.18834841 -0.0333017074 -0.0183569323
v -1.2774719 -0.0333017036 -0.170505375
v -0.288688958 -0.0333017111 -0.804255068
v -0.237020254 -0.0333017074 -0.628092349
v -1.27999878 -0.0856407434 -0.174820855
v -0.290156245 -0.0856407508 -0.809253812
v -0.290156245 -0.0385329053 -0.809253812
v -1.27999997 -0.0385350697 -0.174820855
v 1.18582034 -0.0385350659 -0.014041137
v 1.18582034 -0.166348249 -0.014041137
v 0.235552967 -0.166348249 -0.623093545
v 0.235552967 -0.0385329016 -0.623093545
v 1.27999878 -0.0856407434 -0.174820855
v 1.27999997 -0.0385350697 -0.174820855
v 0.290156245 -0.0385329053 -0.809253812
v 0.290156245 -0.0856407508 -0.809253812
v 1.2774719 -0.0333017036 -0.170505375
v 1.18834841 -0.0333017074 -0.0183569323
v 0.237020254 -0.0333017074 -0.628092349
v 0.288688958 -0.0333017111 -0.804255068
v -0.609165013 -0.0111203315 -0.612855792
v -0.503192127 -0.0111203287 -0.447892129
v -0.704044163 -0.0111203287 -0.319030136
v -0.810017049 -0.0111203315 -0.483993828
v -0.699702144 -0.166348249 -0.312271714
v -0.699702144 -0.0195248667 -0.312271714
v -0.498851299 -0.0195248667 -0.441133708
v -0.498851299 -0.166348249 -0.441133708
v -0.613507092 -0.0951741263 -0.619613945
v -0.613507092 -0.0195248686 -0.619613945
v -0.814357877 -0.0195248686 -0.490751952
v -0.814357877 -0.0951741263 -0.490751952
v -0.498851299 -0.166348249 -0.441133708
v -0.613507092 -0.0195248686 -0.619613945
v -0.613507092 -0.0951741263 -0.619613945
v -0.498851299 -0.0195248667 -0.441133708
v -0.609165013 -0.0111203315 -0.612855792
v -0.503192127 -0.0111203287 -0.447892129
v -0.814082026 -0.0189909302 -0.490322858
v -0.810017049 -0.0111203315 -0.483993828
v -0.704044163 -0.0111203287 -0.319030136
v -0.699702144 -0.0195248667 -0.312271714
v -0.814357877 -0.0195248686 -0.490751952
v -0.814357877 -0.0951741263 -0.490751952
v -0.699702144 -0.166348249 -0.312271714
v -0.704044163 -0.0111203287 -0.319030136
v -0.503192127 -0.0111203287 -0.447892129
v -0.498851299 -0.0195248667 -0.441133708
v -0.699702144 -0.0195248667 -0.312271714
v -0.814357877 -0.0195248686 -0.490751952
v -0.613507092 -0.0195248686 -0.619613945
v -0.609165013 -0.0111203315 -0.612855792
v -0.814082026 -0.0189909302 -0.490322858
v -0.810017049 -0.0111203315 -0.483993828
v 0.609165013 -0.0111203315 -0.612855792
v 0.810017049 -0.0111203315 -0.483993828
v 0.704044163 -0.0111203287 -0.319030136
v 0.503192127 -0.0111203287 -0.447892129
v 0.699702144 -0.166348249 -0.312271714
v 0.498851299 -0.166348249 -0.441134036
v 0.498851299 -0.0195248667 -0.441134036
v 0.699702144 -0.0195248667 -0.312271714
v 0.613507092 -0.0951741263 -0.619613945
v 0.814357877 -0.0951741263 -0.490751952
v 0.814357877 -0.0195248686 -0.490751952
v 0.613507092 -0.0195248686 -0.619613945
v 0.498851299 -0.166348249 -0.441134036
v 0.613507092 -0.0951741263 -0.619613945
v 0.613507092 -0.0195248686 -0.619613945
v 0.498851299 -0.0195248667 -0.441134036
v 0.609165013 -0.0111203315 -0.612855792
v 0.503192127 -0.0111203287 -0.447892129
v 0.814082026 -0.0189909302 -0.49032256
v 0.704044163 -0.0111203287 -0.319030136
v 0.810017049 -0.0111203315 -0.483993828
v 0.699702144 -0.0195248667 -0.312271714
v 0.814357877 -0.0195248686 -0.490751952
v 0.814357877 -0.0951741263 -0.490751952
v 0.699702144 -0.166348249 -0.312271714
v 0.704044163 -0.0111203287 -0.319030136
v 0.699702144 -0.0195248667 -0.312271714
v 0.498851299 -0.0195248667 -0.441134036
v 0.503192127 -0.0111203287 -0.447892129
v 0.609165013 -0.0111203315 -0.612855792
v 0.613507092 -0.0195248686 -0.619613945
v 0.814357877 -0.0195248686 -0.490751952
v 0.814082026 -0.0189909302 -0.49032256
v 0.810017049 -0.0111203315 -0.483993828
v -1.94247305 -0.543062031 0.109881893
v -1.74162233 -0.543062031 -0.0189797971
v -1.74162233 -0.284070194 -0.0189797971
v -1.94247305 -0.284070194 0.109881893
v -1.71214104 -0.284070194 0.0269113146
v -1.74162233 -0.284070194 -0.0189797971
v -1.74162233 -0.543062031 -0.0189797971
v -1.68123901 -0.543062091 0.0750158653
v -1.68123901 -0.543062091 0.0750158653
v -1.74162233 -0.543062031 -0.0189797971
v -1.94247305 -0.543062031 0.109881893
v -1.88208985 -0.543062091 0.203877553
v -1.88208985 -0.543062091 0.203877553
v -1.94247305 -0.543062031 0.109881893
v -1.94247305 -0.284070194 0.109881893
v -1.91299307 -0.284070194 0.155773014
v -2.92692614 -0.166348428 1.10275543
v -2.92692614 -0.0598874874 1.10275543
v -2.75938225 -0.0598874874 1.1374253
v -2.75938225 -0.166348428 1.1374253
v -2.71367311 -0.0598874874 1.10809982
v -2.67547107 -0.0598874874 0.941428185
v -2.67547107 -0.166348428 0.941428185
v -2.71367311 -0.166348428 1.10809982
v -2.72867417 -0.0598874874 1.13498712
v -2.71367311 -0.0598874874 1.10809982
v -2.71367311 -0.166348428 1.10809982
v -2.72867417 -0.166348428 1.13498712
v -2.75938225 -0.166348428 1.1374253
v -2.75938225 -0.0598874874 1.1374253
v -2.72867417 -0.0598874874 1.13498712
v -2.75938225 -0.0598874874 1.1374253
v -2.92692614 -0.0598874874 1.10275543
v -2.67547107 -0.0598874874 0.941428185
v -2.71367311 -0.0598874874 1.10809982
v -1.56980217 -0.166348428 0.232057795
v -1.56980217 -0.0598874874 0.232057795
v -1.40225828 -0.0598874874 0.266727597
v -1.40225828 -0.166348428 0.266727597
v -1.35654902 -0.0598874874 0.237402335
v -1.3183471 -0.0598874874 0.0707305893
v -1.3183471 -0.166348428 0.0707305893
v -1.35654902 -0.166348428 0.237402335
v -1.37155032 -0.0598874874 0.264289558
v -1.35654902 -0.0598874874 0.237402335
v -1.35654902 -0.166348428 0.237402335
v -1.37155032 -0.166348428 0.264289558
v -1.40225828 -0.166348428 0.266727597
v -1.40225828 -0.0598874874 0.266727597
v -1.37155032 -0.0598874874 0.264289558
v -1.40225828 -0.0598874874 0.266727597
v -1.56980217 -0.0598874874 0.232057795
v -1.3183471 -0.0598874874 0.0707305893
v -1.35654902 -0.0598874874 0.237402335
v -2.82531857 -0.543062031 0.67629391
v -2.62446761 -0.543062031 0.547432542
v -2.62446761 -0.284070194 0.547432244
v -2.82531857 -0.284070194 0.67629391
v -2.59498644 -0.284070194 0.593323946
v -2.62446761 -0.284070194 0.547432244
v -2.62446761 -0.543062031 0.547432542
v -2.56408453 -0.543062091 0.641427875
v -2.56408453 -0.543062091 0.641427875
v -2.62446761 -0.543062031 0.547432542
v -2.82531857 -0.543062031 0.67629391
v -2.76493645 -0.543062091 0.7702896
v -2.76493645 -0.543062091 0.7702896
v -2.82531857 -0.543062031 0.67629391
v -2.82531857 -0.284070194 0.67629391
v -2.7958374 -0.284070194 0.722185373
v -1.34588134 -0.0111203631 -0.140195608
v -1.23990846 -0.0111203631 0.0247677602
v -1.6181128 -0.0111203631 0.267415166
v -1.72408688 -0.0111203631 0.102451473
v -1.61377192 -0.166348249 0.274172962
v -1.61377192 -0.0195249002 0.274172962
v -1.23556638 -0.0195249002 0.0315258764
v -1.23556638 -0.166348249 0.0315258764
v -1.35022211 -0.0951741263 -0.14695403
v -1.35022211 -0.0195249002 -0.14695403
v -1.72842765 -0.0195249002 0.0956930518
v -1.72842765 -0.0951741263 0.0956930518
v -1.23556638 -0.0195249002 0.0315258764
v -1.23990846 -0.0111203631 0.0247677602
v -1.34588134 -0.0111203631 -0.140195608
v -1.35022211 -0.0195249002 -0.14695403
v -1.23556638 -0.166348249 0.0315258764
v -1.35022211 -0.0951741263 -0.14695403
v -1.72842765 -0.0195249002 0.0956930518
v -1.72408688 -0.0111203631 0.102451473
v -1.6181128 -0.0111203631 0.267415166
v -1.61377192 -0.0195249002 0.274172962
v -1.72842765 -0.0951741263 0.0956930518
v -1.61377192 -0.166348249 0.274172962
v -1.6181128 -0.0111203631 0.267415166
v -1.23990846 -0.0111203631 0.0247677602
v -1.23556638 -0.0195249002 0.0315258764
v -1.61377192 -0.0195249002 0.274172962
v -1.34588134 -0.0111203631 -0.140195608
v -1.72408688 -0.0111203631 0.102451473
v -1.72842765 -0.0195249002 0.0956930518
v -1.35022211 -0.0195249002 -0.14695403
v -2.02975702 -0.556547344 0.261322945
v -2.02975702 -0.516928136 0.261323243
v -2.53010011 -0.516928136 0.582331538
v -2.53010011 -0.556547344 0.582331538
v -2.28006339 -0.736053765 0.421913445
v -2.42013669 -0.740596116 0.511782527
v -2.13475704 -0.735595047 0.328689277
v -2.33483028 -0.810531139 0.457051367
v -2.22368646 -0.808085978 0.385743707
v -2.30514765 -0.854191482 0.4380081
v -2.25474596 -0.854191482 0.405671984
v -2.28006339 -0.859109104 0.421913445
v -2.27994871 -0.869182169 0.421839595
v -2.43218255 -0.777216911 0.559428096
v -2.45584464 -0.777216911 0.522594273
v -2.58430791 -0.563695371 0.605012476
v -2.56064439 -0.563695371 0.641846597
v -2.2854321 -0.925365984 0.41326049
v -2.26177001 -0.925365984 0.450095206
v -2.23102546 -0.91383338 0.430371076
v -2.25468755 -0.91383338 0.393537283
v -2.31617427 -0.91383338 0.432985216
v -2.29251218 -0.91383338 0.469819009
v -2.26177001 -0.925365984 0.450095206
v -2.2854321 -0.925365984 0.41326049
v -1.96289301 -0.563695371 0.258342892
v -1.98655391 -0.563695371 0.221509084
v -2.10994744 -0.772044003 0.300675035
v -2.08628654 -0.772043884 0.337509453
v -2.29251218 -0.91383338 0.469819009
v -2.31617427 -0.91383338 0.432985216
v -2.45584464 -0.777216911 0.522594273
v -2.43218255 -0.777216911 0.559428096
v -2.58430791 -0.516928077 0.605012476
v -2.56064439 -0.516928136 0.641846597
v -2.56064439 -0.563695371 0.641846597
v -2.58430791 -0.563695371 0.605012476
v -1.96289301 -0.563695371 0.258342892
v -1.96289301 -0.516928136 0.258343488
v -1.98655391 -0.516928077 0.221509084
v -1.98655391 -0.563695371 0.221509084
v -2.10994744 -0.772044003 0.300675035
v -2.25468755 -0.91383338 0.393537283
v -2.23102546 -0.91383338 0.430371076
v -2.08628654 -0.772043884 0.337509453
v -2.25468755 -0.91383338 0.393537283
v -2.28545165 -0.869182169 0.413273007
v -2.2854321 -0.925365984 0.41326049
v -2.2602489 -0.854191482 0.397105396
v -2.10994744 -0.772044003 0.300675035
v -2.14025998 -0.735595047 0.320122659
v -1.98655391 -0.563695371 0.221509084
v -2.03525996 -0.556547344 0.252756953
v -1.98655391 -0.516928077 0.221509084
v -2.03525877 -0.516928136 0.252756953
v -2.2854321 -0.925365984 0.41326049
v -2.28545165 -0.869182169 0.413273007
v -2.31065059 -0.854191482 0.42944181
v -2.31617427 -0.91383338 0.432985216
v -2.42563963 -0.740596116 0.503215909
v -2.45584464 -0.777216911 0.522594273
v -2.53560305 -0.556547344 0.57376492
v -2.58430791 -0.563695371 0.605012476
v -2.53560305 -0.516928136 0.57376492
v -2.58430791 -0.516928077 0.605012476
v -2.03525996 -0.556547344 0.252756953
v -2.02975702 -0.556547344 0.261322945
v -2.13475704 -0.735595047 0.328689277
v -2.14025998 -0.735595047 0.320122659
v -2.25474596 -0.854191482 0.405671984
v -2.2602489 -0.854191482 0.397105396
v -2.27994871 -0.869182169 0.421839595
v -2.28545165 -0.869182169 0.413273007
v -2.28545165 -0.869182169 0.413273007
v -2.27994871 -0.869182169 0.421839595
v -2.30514765 -0.854191482 0.4380081
v -2.31065059 -0.854191482 0.42944181
v -2.42013669 -0.740596116 0.511782527
v -2.42563963 -0.740596116 0.503215909
v -2.53010011 -0.556547344 0.582331538
v -2.53560305 -0.556547344 0.57376492
v -2.53560305 -0.556547344 0.57376492
v -2.53010011 -0.556547344 0.582331538
v -2.53010011 -0.516928136 0.582331538
v -2.53560305 -0.516928136 0.57376492
v -2.03525877 -0.516928136 0.252756953
v -2.02975702 -0.516928136 0.261323243
v -2.02975702 -0.556547344 0.261322945
v -2.03525996 -0.556547344 0.252756953
v -2.2757678 -0.859109104 0.428599536
v -2.21939206 -0.808085978 0.392429501
v -2.2757678 -0.736053765 0.428599536
v -2.3305347 -0.810531139 0.46373716
v -2.28006339 -0.859109104 0.421913445
v -2.2757678 -0.859109104 0.428599536
v -2.3305347 -0.810531139 0.46373716
v -2.33483028 -0.810531139 0.457051367
v -2.33483028 -0.810531139 0.457051367
v -2.3305347 -0.810531139 0.46373716
v -2.2757678 -0.736053765 0.428599536
v -2.28006339 -0.736053765 0.421913445
v -2.28006339 -0.736053765 0.421913445
v -2.2757678 -0.736053765 0.428599536
v -2.21939206 -0.808085978 0.392429501
v -2.22368646 -0.808085978 0.385743707
v -2.22368646 -0.808085978 0.385743707
v -2.21939206 -0.808085978 0.392429501
v -2.2757678 -0.859109104 0.428599536
v -2.28006339 -0.859109104 0.421913445
v -1.28460085 -0.516925216 -0.182745054
v -3.18511462 -0.516925454 1.03533721
v -3.16074324 -0.782750845 1.07691193
v -1.26024783 -0.782750368 -0.141147152
v -1.31461298 -0.516925216 -0.234283134
v -3.21512699 -0.516925454 0.9837991
v -3.18511462 -0.516925454 1.03533721
v -1.28460085 -0.516925216 -0.182745054
v -1.31461298 -0.284070134 -0.234283134
v -3.21512699 -0.284070373 0.9837991
v -3.21512699 -0.516925454 0.9837991
v -1.31461298 -0.516925216 -0.234283134
v -1.36537111 -0.284070194 -0.322743207
v -3.26588368 -0.284070402 0.895338714
v -3.21512699 -0.284070373 0.9837991
v -1.31461298 -0.284070134 -0.234283134
v -1.36537111 -0.155090094 -0.322743207
v -3.26588368 -0.155090317 0.895338714
v -3.26588368 -0.284070402 0.895338714
v -1.36537111 -0.284070194 -0.322743207
v -1.30776119 -0.103115782 -0.219687194
v -3.20340085 -0.1030313 0.995281339
v -3.24624515 -0.131612539 0.928670943
v -1.34490597 -0.131513342 -0.289905697
v -1.27999878 -0.0856407434 -0.174820855
v -3.18051267 -0.0856409743 1.04326141
v -3.19807005 -0.0856409594 1.0130899
v -1.29755616 -0.0856407434 -0.204992369
v -3.2599597 -0.128734231 0.905691206
v -3.26588368 -0.155090317 0.895338714
v -1.36537111 -0.155090094 -0.322743207
v -1.35944581 -0.128733978 -0.312391043
v -1.35944581 -0.128733978 -0.312391043
v -1.35229373 -0.124134108 -0.301232606
v -3.25280261 -0.124139361 0.916849017
v -3.2599597 -0.128734231 0.905691206
v -3.19807005 -0.0856409594 1.0130899
v -3.20523667 -0.0902358443 1.0019381
v -1.30472898 -0.090240635 -0.216138303
v -1.29755616 -0.0856407434 -0.204992369
v -1.35229373 -0.124134108 -0.301232606
v -1.34490597 -0.131513342 -0.289905697
v -3.24624515 -0.131612539 0.928670943
v -3.25280261 -0.124139361 0.916849017
v -3.20523667 -0.0902358443 1.0019381
v -3.20340085 -0.1030313 0.995281339
v -1.30776119 -0.103115782 -0.219687194
v -1.30472898 -0.090240635 -0.216138303
v -3.08886218 -0.0333019309 1.19972515
v -1.18834841 -0.0333017074 -0.0183569323
v -1.18582034 -0.0385350659 -0.014041137
v -3.08633423 -0.0385352857 1.204041
v -3.18051267 -0.0385352969 1.04326141
v -1.27999997 -0.0385350697 -0.174820855
v -1.2774719 -0.0333017036 -0.170505375
v -3.17798567 -0.0333019271 1.04757714
v -1.27999997 -0.0385350697 -0.174820855
v -3.18051267 -0.0385352969 1.04326141
v -3.18051267 -0.0856409743 1.04326141
v -1.27999878 -0.0856407434 -0.174820855
v -3.17798567 -0.0333019271 1.04757714
v -1.2774719 -0.0333017036 -0.170505375
v -1.18834841 -0.0333017074 -0.0183569323
v -3.08886218 -0.0333019309 1.19972515
v -3.08633423 -0.166348472 1.20404112
v -3.08633423 -0.0385352857 1.204041
v -1.18582034 -0.0385350659 -0.014041137
v -1.18582034 -0.166348249 -0.014041137
v -1.91505849 -0.0111203315 0.224975273
v -1.80908561 -0.0111203287 0.389938653
v -2.00993776 -0.0111203287 0.518800676
v -2.11591053 -0.0111203315 0.353836954
v -2.00559568 -0.166348249 0.525559068
v -2.00559568 -0.0195248667 0.525559068
v -1.80474484 -0.0195248667 0.396697074
v -1.80474484 -0.166348249 0.396697074
v -1.91940057 -0.0951741263 0.218216851
v -1.91940057 -0.0195248686 0.218216851
v -2.12025142 -0.0195248686 0.34707886
v -2.12025142 -0.0951741263 0.34707886
v -1.80474484 -0.166348249 0.396697074
v -1.91940057 -0.0195248686 0.218216851
v -1.91940057 -0.0951741263 0.218216851
v -1.80474484 -0.0195248667 0.396697074
v -1.91505849 -0.0111203315 0.224975273
v -1.80908561 -0.0111203287 0.389938653
v -2.11997676 -0.0189909302 0.347507924
v -2.11591053 -0.0111203315 0.353836954
v -2.00993776 -0.0111203287 0.518800676
v -2.00559568 -0.0195248667 0.525559068
v -2.12025142 -0.0195248686 0.34707886
v -2.12025142 -0.0951741263 0.34707886
v -2.00559568 -0.166348249 0.525559068
v -2.00993776 -0.0111203287 0.518800676
v -1.80908561 -0.0111203287 0.389938653
v -1.80474484 -0.0195248667 0.396697074
v -2.00559568 -0.0195248667 0.525559068
v -2.12025142 -0.0195248686 0.34707886
v -1.91940057 -0.0195248686 0.218216851
v -1.91505849 -0.0111203315 0.224975273
v -2.11591053 -0.0111203315 0.353836954
v -2.11997676 -0.0189909302 0.347507924
v -2.77549314 -0.0111203631 0.777008355
v -2.66951895 -0.0111203631 0.941971719
v -3.04772449 -0.0111203631 1.18461895
v -3.15369749 -0.0111203631 1.01965547
v -3.04338241 -0.166348249 1.19137728
v -3.04338241 -0.0195249002 1.19137728
v -2.66517806 -0.0195249002 0.948730171
v -2.66517806 -0.166348249 0.948730171
v -2.77983403 -0.0951741263 0.770250201
v -2.77983403 -0.0195249002 0.770250201
v -3.15803957 -0.0195249002 1.01289737
v -3.15803957 -0.0951741263 1.01289737
v -2.66517806 -0.0195249002 0.948730171
v -2.66951895 -0.0111203631 0.941971719
v -2.77549314 -0.0111203631 0.777008355
v -2.77983403 -0.0195249002 0.770250201
v -2.66517806 -0.166348249 0.948730171
v -2.77983403 -0.0951741263 0.770250201
v -3.15803957 -0.0195249002 1.01289737
v -3.15369749 -0.0111203631 1.01965547
v -3.04772449 -0.0111203631 1.18461895
v -3.04338241 -0.0195249002 1.19137728
v -3.15803957 -0.0951741263 1.01289737
v -3.04338241 -0.166348249 1.19137728
v -3.04772449 -0.0111203631 1.18461895
v -2.66951895 -0.0111203631 0.941971719
v -2.66517806 -0.0195249002 0.948730171
v -3.04338241 -0.0195249002 1.19137728
v -2.77549314 -0.0111203631 0.777008355
v -3.15369749 -0.0111203631 1.01965547
v -3.15803957 -0.0195249002 1.01289737
v -2.77983403 -0.0195249002 0.770250201
v -5.8742137 -0.0111207766 2.76382113
v -5.76824188 -0.0111207748 2.92878461
v -5.96909189 -0.0111207748 3.05764675
v -6.07506561 -0.0111207766 2.89268303
v -5.96475077 -0.166348681 3.06440473
v -5.96475077 -0.0195253137 3.06440473
v -5.76390123 -0.0195253137 2.93554306
v -5.76390123 -0.166348681 2.93554306
v -5.87855434 -0.0951745659 2.75706291
v -5.87855434 -0.0195253156 2.75706291
v -6.07940674 -0.0195253156 2.88592458
v -6.07940674 -0.0951745659 2.88592458
v -5.76390123 -0.166348681 2.93554306
v -5.87855434 -0.0195253156 2.75706291
v -5.87855434 -0.0951745659 2.75706291
v -5.76390123 -0.0195253137 2.93554306
v -5.8742137 -0.0111207766 2.76382113
v -5.76824188 -0.0111207748 2.92878461
v -6.07913065 -0.0189913753 2.88635421
v -6.07506561 -0.0111207766 2.89268303
v -5.96909189 -0.0111207748 3.05764675
v -5.96475077 -0.0195253137 3.06440473
v -6.07940674 -0.0195253156 2.88592458
v -6.07940674 -0.0951745659 2.88592458
v -5.96475077 -0.166348681 3.06440473
v -5.96909189 -0.0111207748 3.05764675
v -5.76824188 -0.0111207748 2.92878461
v -5.76390123 -0.0195253137 2.93554306
v -5.96475077 -0.0195253137 3.06440473
v -6.07940674 -0.0195253156 2.88592458
v -5.87855434 -0.0195253156 2.75706291
v -5.8742137 -0.0111207766 2.76382113
v -6.07506561 -0.0111207766 2.89268303
v -6.07913065 -0.0189913753 2.88635421
v -6.32931137 -0.0195254199 3.93548298
v -6.32127428 -0.011120894 3.9315896
v -6.11473131 -0.011120894 3.83152604
v -6.10669661 -0.0195254199 3.8276329
v -6.10669661 -0.166348681 3.8276329
v -6.32931137 -0.0951745659 3.93548298
v -6.10669661 -0.0195254199 3.14240408
v -6.10669661 -0.166348681 3.14240408
v -6.10669661 -0.166348681 3.8276329
v -6.10669661 -0.0195254199 3.8276329
v -6.32127428 -0.011120894 3.03844714
v -6.11473131 -0.011120894 3.1385107
v -6.11473131 -0.011120894 3.83152604
v -6.32127428 -0.011120894 3.9315896
v -6.32931137 -0.0951745659 3.03455377
v -6.32931137 -0.0195254199 3.03455377
v -6.32931137 -0.0195254199 3.93548298
v -6.32931137 -0.0951745659 3.93548298
v -6.10669661 -0.0195254199 3.14240408
v -6.11473131 -0.011120894 3.1385107
v -6.32127428 -0.011120894 3.03844714
v -6.32931137 -0.0195254199 3.03455377
v -6.10669661 -0.166348681 3.14240408
v -6.32931137 -0.0951745659 3.03455377
v -6.11473131 -0.011120894 3.83152604
v -6.11473131 -0.011120894 3.1385107
v -6.10669661 -0.0195254199 3.14240408
v -6.10669661 -0.0195254199 3.8276329
v -6.32931137 -0.0195254199 3.93548298
v -6.32931137 -0.0195254199 3.03455377
v -6.32127428 -0.011120894 3.03844714
v -6.32127428 -0.011120894 3.9315896
v -5.23195791 -0.011120772 2.60403395
v -5.25811529 -0.0111206239 2.5988884
v -5.36317348 -0.0111206239 2.43534803
v -5.35696507 -0.011120772 2.40943861
v -5.55708742 -0.011120772 2.53783131
v -5.53093004 -0.0111206239 2.54297686
v -5.42587137 -0.0111206239 2.70651674
v -5.43207884 -0.011120772 2.73242664
v -5.23195791 -0.011120772 2.60403395
v -5.43207884 -0.011120772 2.73242664
v -5.42587137 -0.0111206239 2.70651674
v -5.25811529 -0.0111206239 2.5988884
v -5.36317348 -0.0111206239 2.43534803
v -5.25811529 -0.0111206239 2.5988884
v -5.35648918 0.148529217 2.57931519
v -5.38633537 0.148529217 2.53285599
v -5.37026215 0.157865956 2.58328629
v -5.39567995 0.157865956 2.54372072
v -5.3823204 0.160051361 2.5899272
v -5.40672493 0.160051361 2.55193782
v -5.35696507 -0.011120772 2.40943861
v -5.36317348 -0.0111206239 2.43534803
v -5.447052 -0.0111206239 2.48916245
v -5.55708742 -0.011120772 2.53783131
v -5.53093004 -0.0111206239 2.54297686
v -5.43207884 -0.166348681 2.73242664
v -5.43207884 -0.011120772 2.73242664
v -5.23195791 -0.011120772 2.60403395
v -5.23195791 -0.166348681 2.60403395
v -5.23195791 -0.166348681 2.60403395
v -5.23195791 -0.011120772 2.60403395
v -5.35696507 -0.011120772 2.40943861
v -5.35696507 -0.0951745808 2.40943861
v -5.35696507 -0.0951745808 2.40943861
v -5.35696507 -0.011120772 2.40943861
v -5.55708742 -0.011120772 2.53783131
v -5.55708742 -0.0951745808 2.53783131
v -5.55708742 -0.0951745808 2.53783131
v -5.55708742 -0.011120772 2.53783131
v -5.43207884 -0.011120772 2.73242664
v -5.43207884 -0.166348681 2.73242664
v -5.53093004 -0.0111206239 2.54297686
v -5.40272808 0.148529217 2.60898066
v -5.42587137 -0.0111206239 2.70651674
v -5.43257332 0.148529217 2.5625217
v -5.41879988 0.157865956 2.55855346
v -5.39338112 0.157865956 2.59811926
v -5.40672493 0.160051361 2.55193782
v -5.3823204 0.160051361 2.5899272
v -5.39370728 0.140184358 2.60752201
v -5.41975069 -0.00570423249 2.68479538
v -5.41427469 -0.000588723866 2.69331908
v -5.39760256 0.135068849 2.60145497
v -5.3873229 0.147171527 2.59979939
v -5.39107895 0.142056018 2.59395194
v -5.37969589 0.148853108 2.59401321
v -5.38338232 0.143737599 2.58827233
v -5.37125587 0.147171542 2.58949161
v -5.37501192 0.142056033 2.58364439
v -5.36157227 0.140184373 2.58690548
v -5.36546993 0.135068864 2.58083892
v -5.27495003 -0.000588723866 2.60393095
v -5.28042603 -0.00570423249 2.59540772
v -5.41427469 -0.000588723866 2.69331908
v -5.41975069 -0.00570423249 2.68479538
v -5.28042603 -0.00570423249 2.59540772
v -5.27495003 -0.000588723866 2.60393095
v -5.43257332 0.148529217 2.5625217
v -5.53093004 -0.0111206239 2.54297686
v -5.447052 -0.0111206239 2.48916245
v -5.38633537 0.148529217 2.53285599
v -5.36317348 -0.0111206239 2.43534803
v -5.40672493 0.160051361 2.55193782
v -5.41879988 0.157865956 2.55855346
v -5.39567995 0.157865956 2.54372072
v -5.36546993 0.135068864 2.58083892
v -5.28042603 -0.00570423249 2.59540772
v -5.41975069 -0.00570423249 2.68479538
v -5.39760256 0.135068849 2.60145497
v -5.38338232 0.143737599 2.58827233
v -5.39107895 0.142056018 2.59395194
v -5.37501192 0.142056033 2.58364439
v -6.4813571 -0.282840222 3.92923331
v -6.47959948 -0.348750859 3.91529322
v -6.48311996 -0.282840073 3.48501801
v -6.47627926 -0.525674939 3.85825014
v -6.47119856 -0.693311274 3.7718091
v -6.46267557 -0.936957896 3.55228233
v -6.46267557 -0.970408142 3.48501754
v -6.46267557 -0.936957896 3.4177525
v -6.47119856 -0.693311274 3.19822598
v -6.47627926 -0.525674939 3.11178493
v -6.47959709 -0.348750859 3.05474186
v -6.4813571 -0.282840222 3.04080129
v -6.46267557 -0.70487684 3.78279662
v -6.46267557 -0.740348577 3.78364825
v -6.46267557 -0.526012957 3.97545528
v -6.46267557 -0.536490262 3.88340998
v -6.46267557 -0.359406382 3.94472218
v -6.46267557 -0.413787186 4.02241135
v -6.46267557 -0.282840252 3.95877624
v -6.46267557 -0.28284052 4.02101135
v -6.46267557 -0.70487684 3.18723989
v -6.46267557 -0.731612325 3.17739058
v -6.46267557 -0.526012957 2.99458003
v -6.46267557 -0.536490262 3.0866251
v -6.46267557 -0.413787186 2.94762373
v -6.46267557 -0.359406382 3.02531266
v -6.46267557 -0.282840252 3.01125884
v -6.46267557 -0.28284052 2.94902396
v -6.3760643 -0.28284052 4.02101231
v -6.46267557 -0.413787186 4.02241135
v -6.46267557 -0.28284052 4.02101135
v -6.3760643 -0.413782537 4.0224123
v -6.37606192 -0.526008308 3.97545624
v -6.46267557 -0.526012957 3.97545528
v -6.46267557 -0.740348577 3.78364825
v -6.3760643 -0.740343928 3.78364921
v -6.3760643 -0.936953247 3.55228329
v -6.46267557 -0.936957896 3.55228233
v -6.37606192 -0.970403492 3.48501849
v -6.46267557 -0.970408142 3.48501754
v -6.46267557 -0.413787186 2.94762373
v -6.37606192 -0.28284052 2.94902468
v -6.46267557 -0.28284052 2.94902396
v -6.37606192 -0.413782537 2.94762444
v -6.46267557 -0.526012957 2.99458003
v -6.3760643 -0.526008308 2.99458051
v -6.3760643 -0.731607676 3.17739129
v -6.46267557 -0.731612325 3.17739058
v -6.3760643 -0.936953247 3.41775322
v -6.46267557 -0.936957896 3.4177525
v -6.46267557 -0.970408142 3.48501754
v -6.37606192 -0.970403492 3.48501849
v -6.46267557 -0.359406382 3.94472218
v -6.4813571 -0.282840222 3.92923331
v -6.46267557 -0.282840252 3.95877624
v -6.47959948 -0.348750859 3.91529322
v -6.46267557 -0.536490262 3.88340998
v -6.47627926 -0.525674939 3.85825014
v -6.47119856 -0.693311274 3.7718091
v -6.46267557 -0.70487684 3.78279662
v -6.46267557 -0.936957896 3.55228233
v -6.4813571 -0.282840222 3.04080129
v -6.46267557 -0.359406382 3.02531266
v -6.46267557 -0.282840252 3.01125884
v -6.47959709 -0.348750859 3.05474186
v -6.47627926 -0.525674939 3.11178493
v -6.46267557 -0.536490262 3.0866251
v -6.47119856 -0.693311274 3.19822598
v -6.46267557 -0.70487684 3.18723989
v -6.46267557 -0.936957896 3.4177525
v -5.23195791 -0.011120772 4.36600256
v -5.35696507 -0.011120772 4.5605979
v -5.36317348 -0.0111206239 4.53468847
v -5.25811529 -0.0111206239 4.37114859
v -5.55708742 -0.011120772 4.4322052
v -5.43207884 -0.011120772 4.23760986
v -5.42587137 -0.0111206239 4.26352024
v -5.53093004 -0.0111206239 4.4270606
v -5.23195791 -0.011120772 4.36600256
v -5.25811529 -0.0111206239 4.37114859
v -5.42587137 -0.0111206239 4.26352024
v -5.43207884 -0.011120772 4.23760986
v -5.36317348 -0.0111206239 4.53468847
v -5.35648918 0.148529217 4.3907218
v -5.25811529 -0.0111206239 4.37114859
v -5.38633537 0.148529217 4.43718052
v -5.37026215 0.157865956 4.38675022
v -5.39567995 0.157865956 4.42631626
v -5.3823204 0.160051361 4.38010931
v -5.40672493 0.160051361 4.4180994
v -5.35696507 -0.011120772 4.5605979
v -5.447052 -0.0111206239 4.48087454
v -5.36317348 -0.0111206239 4.53468847
v -5.55708742 -0.011120772 4.4322052
v -5.53093004 -0.0111206239 4.4270606
v -5.43207884 -0.166348681 4.23760986
v -5.23195791 -0.166348681 4.36600256
v -5.23195791 -0.011120772 4.36600256
v -5.43207884 -0.011120772 4.23760986
v -5.23195791 -0.166348681 4.36600256
v -5.35696507 -0.0951745808 4.5605979
v -5.35696507 -0.011120772 4.5605979
v -5.23195791 -0.011120772 4.36600256
v -5.35696507 -0.0951745808 4.5605979
v -5.55708742 -0.0951745808 4.4322052
v -5.55708742 -0.011120772 4.4322052
v -5.35696507 -0.011120772 4.5605979
v -5.55708742 -0.0951745808 4.4322052
v -5.43207884 -0.166348681 4.23760986
v -5.43207884 -0.011120772 4.23760986
v -5.55708742 -0.011120772 4.4322052
v -5.53093004 -0.0111206239 4.4270606
v -5.42587137 -0.0111206239 4.26352024
v -5.40272808 0.148529217 4.36105633
v -5.43257332 0.148529217 4.40751505
v -5.41879988 0.157865956 4.41148329
v -5.39338112 0.157865956 4.37191772
v -5.40672493 0.160051361 4.4180994
v -5.3823204 0.160051361 4.38010931
v -5.39370728 0.140184358 4.36251497
v -5.41427469 -0.000588723866 4.27671814
v -5.41975069 -0.00570423249 4.28524113
v -5.39760256 0.135068849 4.36858225
v -5.3873229 0.147171527 4.37023735
v -5.39107895 0.142056018 4.3760848
v -5.37969589 0.148853108 4.37602377
v -5.38338232 0.143737599 4.38176441
v -5.37125587 0.147171542 4.38054514
v -5.37501192 0.142056033 4.38639259
v -5.36157227 0.140184373 4.38313103
v -5.36546993 0.135068864 4.38919783
v -5.27495003 -0.000588723866 4.36610603
v -5.28042603 -0.00570423249 4.3746295
v -5.41427469 -0.000588723866 4.27671814
v -5.27495003 -0.000588723866 4.36610603
v -5.28042603 -0.00570423249 4.3746295
v -5.41975069 -0.00570423249 4.28524113
v -5.43257332 0.148529217 4.40751505
v -5.447052 -0.0111206239 4.48087454
v -5.53093004 -0.0111206239 4.4270606
v -5.38633537 0.148529217 4.43718052
v -5.36317348 -0.0111206239 4.53468847
v -5.40672493 0.160051361 4.4180994
v -5.41879988 0.157865956 4.41148329
v -5.39567995 0.157865956 4.42631626
v -5.36546993 0.135068864 4.38919783
v -5.41975069 -0.00570423249 4.28524113
v -5.28042603 -0.00570423249 4.3746295
v -5.39760256 0.135068849 4.36858225
v -5.38338232 0.143737599 4.38176441
v -5.39107895 0.142056018 4.3760848
v -5.37501192 0.142056033 4.38639259
v -6.23000956 -0.124891892 3.68611526
v -6.23000956 -0.14692758 3.68631649
v -6.41385984 -0.146754906 3.76546478
v -6.41385984 -0.124892272 3.76546478
v -6.45884991 -0.124892078 3.75004935
v -6.52427244 -0.124892198 3.69277072
v -6.51701641 -0.18446964 3.69129753
v -6.64648438 -0.209590495 3.55551577
v -6.65484858 -0.124892354 3.55702806
v -6.67518806 -0.212020189 3.51305294
v -6.684443 -0.124892354 3.51516843
v -6.69239998 -0.124892354 3.48501921
v -6.50364256 -0.246901214 3.68221116
v -6.6186986 -0.288277149 3.55781364
v -6.64459467 -0.300525904 3.5087862
v -6.56421375 -0.387844622 3.48501921
v -6.68585682 -0.21362254 3.48501921
v -6.48607159 -0.312975585 3.6669383
v -6.43706751 -0.341694951 3.62767577
v -6.43706751 -0.418489635 3.53386736
v -6.54771233 -0.365002811 3.5490191
v -6.43706751 -0.440306872 3.48501921
v -6.67518806 -0.212020189 3.45698571
v -6.684443 -0.124892354 3.45487022
v -6.65484858 -0.124892354 3.4130106
v -6.65568113 -0.304279715 3.48501921
v -6.64459467 -0.300525904 3.46125245
v -6.64648438 -0.209590495 3.41452289
v -6.52427244 -0.124892198 3.27726793
v -6.6186986 -0.288277149 3.41222501
v -6.51701641 -0.18446964 3.27874112
v -6.54771233 -0.365002811 3.42101955
v -6.43706751 -0.440306872 3.48501921
v -6.43706751 -0.418489635 3.43617129
v -6.41385984 -0.146754906 3.20457387
v -6.45884991 -0.124892078 3.2199893
v -6.41385984 -0.124892272 3.20457387
v -6.50364256 -0.246901214 3.28782749
v -6.48607159 -0.312975585 3.30309987
v -6.43706751 -0.341694951 3.34236288
v -6.23000956 -0.124891892 3.28392315
v -6.41385984 -0.124892272 3.20457387
v -6.41385984 -0.146754906 3.20457387
v -6.23000956 -0.14692758 3.28372216
v -6.40745831 -0.124892272 3.74259067
v -6.23969698 -0.124891892 3.67211986
v -6.23000956 -0.124891892 3.68611526
v -6.41385984 -0.124892272 3.76546478
v -6.45884991 -0.124892078 3.75004935
v -6.45169401 -0.124892063 3.72734213
v -6.50516844 -0.124892183 3.68188167
v -6.52427244 -0.124892198 3.69277072
v -6.65484858 -0.124892354 3.55702806
v -6.63596153 -0.124892272 3.54401898
v -6.66221905 -0.124892302 3.50715446
v -6.684443 -0.124892354 3.51516843
v -6.69239998 -0.124892354 3.48501921
v -6.67017555 -0.124892317 3.48501921
v -6.66221905 -0.124892302 3.46288419
v -6.684443 -0.124892354 3.45487022
v -6.65484858 -0.124892354 3.4130106
v -6.63596153 -0.124892272 3.42601943
v -6.50516844 -0.124892183 3.28815699
v -6.52427244 -0.124892198 3.27726793
v -6.45884991 -0.124892078 3.2199893
v -6.45169401 -0.124892063 3.24269652
v -6.40745831 -0.124892272 3.22744799
v -6.41385984 -0.124892272 3.20457387
v -6.23000956 -0.124891892 3.28392315
v -6.23969698 -0.124891892 3.29791856
v -6.23969698 -0.124891892 3.67211986
v -6.23969698 -0.00131083129 3.48501921
v -6.23969698 -0.124891892 3.48501921
v -6.23969698 -0.00131083129 3.67211986
v -6.40745831 -0.124892272 3.74259067
v -6.40745831 -0.00131083129 3.74259067
v -6.45169401 -0.00131083129 3.72734213
v -6.45169401 -0.124892063 3.72734213
v -6.50516844 -0.00131083129 3.68188167
v -6.50516844 -0.124892183 3.68188167
v -6.63596153 -0.124892272 3.54401898
v -6.63596153 -0.00131083129 3.54401898
v -6.66221905 -0.124892302 3.50715446
v -6.66221905 -0.00131083129 3.50715446
v -6.67017555 -0.00131083129 3.48501921
v -6.67017555 -0.124892317 3.48501921
v -6.66221905 -0.124892302 3.46288419
v -6.66221905 -0.00131083129 3.46288419
v -6.63596153 -0.00131083129 3.42601943
v -6.63596153 -0.124892272 3.42601943
v -6.50516844 -0.00131083129 3.28815699
v -6.50516844 -0.124892183 3.28815699
v -6.45169401 -0.124892063 3.24269652
v -6.45169401 -0.00131083129 3.24269652
v -6.40745831 -0.124892272 3.22744799
v -6.40745831 -0.00131083129 3.22744799
v -6.23969698 -0.00131083129 3.29791856
v -6.23969698 -0.124891892 3.29791856
v -6.23969698 -0.00131083129 3.48501921
v -6.23969698 -0.124891892 3.48501921
v -6.23000956 -0.00131083129 3.68611526
v -6.23000956 0.0259323809 3.48501921
v -6.23000956 -0.00131083129 3.48501921
v -6.23000956 0.0259323809 3.68611526
v -6.41385984 0.0259323809 3.76546502
v -6.41385984 -0.00131083129 3.76546502
v -6.45884991 0.0259323809 3.75004935
v -6.45884991 -0.00131083129 3.75004935
v -6.52427244 0.0259323809 3.69277072
v -6.52427244 -0.00131083129 3.69277072
v -6.65484858 -0.00131083129 3.55702806
v -6.65484858 0.0259323809 3.55702806
v -6.684443 -0.00131083129 3.51516843
v -6.684443 0.0259323809 3.51516843
v -6.69239998 0.0259323809 3.48501921
v -6.69239998 -0.00131083129 3.48501921
v -6.684443 -0.00131083129 3.45487022
v -6.684443 0.0259323809 3.45487022
v -6.65484858 0.0259323809 3.4130106
v -6.65484858 -0.00131083129 3.4130106
v -6.52427244 0.0259323809 3.27726793
v -6.52427244 -0.00131083129 3.27726793
v -6.45884991 -0.00131083129 3.21998882
v -6.45884991 0.0259323809 3.21998882
v -6.41385984 -0.00131083129 3.20457363
v -6.41385984 0.0259323809 3.20457363
v -6.23000956 -0.00131083129 3.28392315
v -6.23000956 0.0259323809 3.28392315
v -6.23000956 0.0259323809 3.48501921
v -6.23000956 -0.00131083129 3.48501921
v -6.23000956 -0.00131083129 3.68611526
v -6.23969698 -0.00131083129 3.67211986
v -6.40745831 -0.00131083129 3.74259067
v -6.41385984 -0.00131083129 3.76546502
v -6.45884991 -0.00131083129 3.75004935
v -6.45169401 -0.00131083129 3.72734213
v -6.50516844 -0.00131083129 3.68188167
v -6.52427244 -0.00131083129 3.69277072
v -6.65484858 -0.00131083129 3.55702806
v -6.63596153 -0.00131083129 3.54401898
v -6.66221905 -0.00131083129 3.50715446
v -6.684443 -0.00131083129 3.51516843
v -6.69239998 -0.00131083129 3.48501921
v -6.67017555 -0.00131083129 3.48501921
v -6.66221905 -0.00131083129 3.46288419
v -6.684443 -0.00131083129 3.45487022
v -6.65484858 -0.00131083129 3.4130106
v -6.63596153 -0.00131083129 3.42601943
v -6.50516844 -0.00131083129 3.28815699
v -6.52427244 -0.00131083129 3.27726793
v -6.45884991 -0.00131083129 3.21998882
v -6.45169401 -0.00131083129 3.24269652
v -6.40745831 -0.00131083129 3.22744799
v -6.41385984 -0.00131083129 3.20457363
v -6.23000956 -0.00131083129 3.48501921
v -6.23969698 -0.00131083129 3.48501921
v -6.23969698 -0.00131083129 3.67211986
v -6.23000956 -0.00131083129 3.68611526
v -6.23000956 -0.00131083129 3.28392315
v -6.41385984 -0.00131083129 3.20457363
v -6.40745831 -0.00131083129 3.22744799
v -6.23969698 -0.00131083129 3.29791856
v -6.23000956 -0.00131083129 3.48501921
v -6.23969698 -0.00131083129 3.48501921
v -6.64039803 0.0194828156 3.48501921
v -6.63717031 0.0194828156 3.47344565
v -6.63717031 0.0194828156 3.496593
v -6.62632084 0.0194828156 3.51074052
v -6.62632084 0.0194828156 3.45929813
v -6.56087637 0.0194828156 3.38712811
v -6.56087637 0.0194828156 3.5829103
v -6.47618628 0.0194828156 3.48501921
v -6.47618628 0.0194828156 3.34450674
v -6.51485825 0.0194828156 3.34038782
v -6.48506594 0.0194828156 3.33476186
v -6.50387907 0.0194828156 3.33372068
v -6.47618628 0.0194828156 3.62553191
v -6.51485825 0.0194828156 3.62965083
v -6.50387907 0.0194828156 3.63631797
v -6.48506594 0.0194828156 3.63527703
v -6.47618628 0.0194828156 3.62553191
v -6.47618628 0.0194828156 3.48501921
v -6.46491432 0.0259323791 3.48501921
v -6.46491432 0.0259323791 3.62970519
v -6.48506594 0.0194828156 3.63527703
v -6.47987795 0.0259323809 3.64572573
v -6.50387907 0.0194828156 3.63631797
v -6.50692606 0.0259323791 3.647928
v -6.51485825 0.0194828156 3.62965083
v -6.5227952 0.0259323791 3.63946342
v -6.56087637 0.0194828156 3.5829103
v -6.57000208 0.0259323791 3.5924859
v -6.62632084 0.0194828156 3.51074052
v -6.63565159 0.0259323791 3.52303815
v -6.63717031 0.0194828156 3.496593
v -6.65045166 0.0259323791 3.50250816
v -6.65367889 0.0259323791 3.48501921
v -6.64039803 0.0194828156 3.48501921
v -6.65367889 0.0259323791 3.48501921
v -6.63717031 0.0194828156 3.47344565
v -6.64039803 0.0194828156 3.48501921
v -6.65045166 0.0259323791 3.46753049
v -6.62632084 0.0194828156 3.45929813
v -6.63565159 0.0259323791 3.44700074
v -6.57000208 0.0259323791 3.37755275
v -6.56087637 0.0194828156 3.38712811
v -6.5227952 0.0259323791 3.33057523
v -6.51485825 0.0194828156 3.34038782
v -6.50692606 0.0259323791 3.32211041
v -6.50387907 0.0194828156 3.33372068
v -6.48506594 0.0194828156 3.33476186
v -6.47987795 0.0259323809 3.32431293
v -6.46491432 0.0259323791 3.34033346
v -6.47618628 0.0194828156 3.34450674
v -6.47618628 0.0194828156 3.48501921
v -6.46491432 0.0259323791 3.48501921
v -5.08102655 -0.0385355316 4.70869398
v -6.313447 -0.038533356 3.91881442
v -6.3084445 -0.0333021656 3.91608143
v -5.07849836 -0.0333021544 4.7043786
v -4.98937511 -0.0333021581 4.55223036
v -6.13216782 -0.0333021618 3.81978202
v -6.12716532 -0.038533356 3.8170495
v -4.98684692 -0.0385355167 4.54791451
v -6.13216782 -0.0333021618 3.15025473
v -4.98937511 -0.0333021581 2.41780734
v -4.98684692 -0.038535513 2.42212296
v -6.12716532 -0.038533356 3.15298772
v -6.313447 -0.038533356 3.0512228
v -5.08102655 -0.0385355279 2.26134372
v -5.07849836 -0.0333021544 2.26565933
v -6.3084445 -0.0333021656 3.05395532
v -5.07849836 -0.0333021544 2.26565933
v -4.98937511 -0.0333021581 2.41780734
v -6.13216782 -0.0333021618 3.15025473
v -6.3084445 -0.0333021656 3.05395532
v -4.98684692 -0.166348681 2.42212319
v -6.12716532 -0.166348681 3.15298772
v -6.12716532 -0.038533356 3.15298772
v -4.98684692 -0.038535513 2.42212296
v -6.313447 -0.0856411979 3.0512228
v -5.08102512 -0.0856411904 2.26134348
v -5.08102655 -0.0385355279 2.26134372
v -6.313447 -0.038533356 3.0512228
v -4.98684692 -0.166348681 4.54791451
v -4.98684692 -0.0385355167 4.54791451
v -6.12716532 -0.038533356 3.8170495
v -6.12716532 -0.166348681 3.8170495
v -6.313447 -0.0856411979 3.91881442
v -6.313447 -0.038533356 3.91881442
v -5.08102655 -0.0385355316 4.70869398
v -5.08102512 -0.0856411904 4.70869446
v -5.07849836 -0.0333021544 4.7043786
v -6.3084445 -0.0333021656 3.91608143
v -6.13216782 -0.0333021618 3.81978202
v -4.98937511 -0.0333021581 4.55223036
v -6.49697733 -0.15509063 2.96626973
v -5.16639757 -0.155090541 2.1134212
v -5.16047335 -0.128734469 2.12377334
v -6.48201895 -0.127818346 2.97075987
v -6.48201895 -0.127818346 2.97075987
v -6.48201895 -0.127818346 3.99927688
v -6.49697733 -0.15509063 4.00376701
v -6.49697733 -0.15509063 2.96626973
v -5.08102512 -0.0856411904 2.26134348
v -6.313447 -0.0856411979 3.0512228
v -6.35500479 -0.0856411532 3.03646088
v -5.0985837 -0.085641183 2.23117208
v -6.36846399 -0.105115756 3.02410054
v -6.36846399 -0.105115615 3.9459362
v -6.45688963 -0.128848612 3.98473692
v -6.45688963 -0.128848538 2.98529935
v -5.10389614 -0.10303174 2.21334052
v -6.36846399 -0.105115756 3.02410054
v -6.45688963 -0.128848538 2.98529935
v -5.14674044 -0.131612986 2.14673018
v -6.49697733 -0.15509063 2.96626973
v -6.49697733 -0.284070611 2.96626973
v -5.16639757 -0.284070641 2.11342096
v -5.16639757 -0.155090541 2.1134212
v -6.49697733 -0.284070611 2.96626973
v -6.37634039 -0.2840707 3.00997639
v -5.11563969 -0.284070611 2.20188141
v -5.16639757 -0.284070641 2.11342096
v -6.313447 -0.516925871 3.03929615
v -6.23631096 -0.782751083 3.04708695
v -5.06123781 -0.782751322 2.29497099
v -5.08562756 -0.516925693 2.2534194
v -6.37634039 -0.2840707 3.00997639
v -6.37634039 -0.516925871 3.00997639
v -5.11563969 -0.516925693 2.20188141
v -5.11563969 -0.284070611 2.20188141
v -6.37634039 -0.516925871 3.00997639
v -6.313447 -0.516925871 3.03929615
v -5.08562756 -0.516925693 2.2534194
v -5.11563969 -0.516925693 2.20188141
v -6.49697733 -0.15509063 4.00376701
v -6.48201895 -0.127818346 3.99927688
v -5.16047335 -0.128734469 4.84626436
v -5.16639757 -0.155090541 4.8566165
v -5.08102512 -0.0856411904 4.70869446
v -5.0985837 -0.085641183 4.73886538
v -6.35500479 -0.0856411532 3.93357635
v -6.313447 -0.0856411979 3.91881442
v -6.35500479 -0.0856411532 3.03646088
v -6.313447 -0.0856411979 3.0512228
v -6.313447 -0.0856411979 3.91881442
v -6.35500479 -0.0856411532 3.93357635
v -5.10390377 -0.103037253 4.75671148
v -5.1467309 -0.131607488 4.82329321
v -6.45688963 -0.128848612 3.98473692
v -6.36846399 -0.105115615 3.9459362
v -6.49697733 -0.15509063 4.00376701
v -5.16639757 -0.155090541 4.8566165
v -5.16639757 -0.284070641 4.8566165
v -6.49697733 -0.284070611 4.00376701
v -6.49697733 -0.284070611 2.96626973
v -6.49697733 -0.15509063 2.96626973
v -6.49697733 -0.15509063 4.00376701
v -6.49697733 -0.284070611 4.00376701
v -6.49697733 -0.284070611 4.00376701
v -5.16639757 -0.284070641 4.8566165
v -5.11563969 -0.284070611 4.76815653
v -6.37634039 -0.2840707 3.9600606
v -6.37634039 -0.2840707 3.00997639
v -6.49697733 -0.284070611 2.96626973
v -6.49697733 -0.284070611 4.00376701
v -6.37634039 -0.2840707 3.9600606
v -6.313447 -0.516925871 3.93074059
v -5.08562756 -0.516925693 4.71661806
v -5.06123781 -0.782751322 4.67506695
v -6.23631096 -0.782751083 3.92294979
v -6.23631096 -0.782751083 3.04708695
v -6.313447 -0.516925871 3.03929615
v -6.313447 -0.516925871 3.93074059
v -6.23631096 -0.782751083 3.92294979
v -6.37634039 -0.2840707 3.9600606
v -5.11563969 -0.284070611 4.76815653
v -5.11563969 -0.516925693 4.76815653
v -6.37634039 -0.516925871 3.9600606
v -6.37634039 -0.516925871 3.9600606
v -5.11563969 -0.516925693 4.76815653
v -5.08562756 -0.516925693 4.71661806
v -6.313447 -0.516925871 3.93074059
v -6.313447 -0.516925871 3.03929615
v -6.37634039 -0.516925871 3.00997639
v -6.37634039 -0.516925871 3.9600606
v -6.313447 -0.516925871 3.93074059
v -6.48201895 -0.127818346 2.97075987
v -6.46908426 -0.122141205 2.97780919
v -6.46908426 -0.122141197 3.99222779
v -6.48201895 -0.127818346 3.99927688
v -6.35500479 -0.0856411532 3.93357635
v -6.36793947 -0.0913187489 3.94062686
v -6.36793947 -0.0913187414 3.02941012
v -6.35500479 -0.0856411532 3.03646088
v -5.16047335 -0.128734469 2.12377334
v -5.15331173 -0.124144599 2.13493061
v -6.46908426 -0.122141205 2.97780919
v -6.48201895 -0.127818346 2.97075987
v -6.35500479 -0.0856411532 3.03646088
v -6.36793947 -0.0913187414 3.02941012
v -5.10574341 -0.0902310535 2.22001433
v -5.0985837 -0.085641183 2.23117208
v -5.0985837 -0.085641183 4.73886538
v -5.10574341 -0.090231061 4.75002289
v -6.36793947 -0.0913187489 3.94062686
v -6.35500479 -0.0856411532 3.93357635
v -6.48201895 -0.127818346 3.99927688
v -6.46908426 -0.122141197 3.99222779
v -5.15331173 -0.124144599 4.83510733
v -5.16047335 -0.128734469 4.84626436
v -6.46908426 -0.122141205 2.97780919
v -6.45688963 -0.128848538 2.98529935
v -6.45688963 -0.128848612 3.98473692
v -6.46908426 -0.122141197 3.99222779
v -6.36793947 -0.0913187489 3.94062686
v -6.36846399 -0.105115615 3.9459362
v -6.36846399 -0.105115756 3.02410054
v -6.36793947 -0.0913187414 3.02941012
v -5.15331173 -0.124144599 2.13493061
v -5.14674044 -0.131612986 2.14673018
v -6.45688963 -0.128848538 2.98529935
v -6.46908426 -0.122141205 2.97780919
v -6.36793947 -0.0913187414 3.02941012
v -6.36846399 -0.105115756 3.02410054
v -5.10389614 -0.10303174 2.21334052
v -5.10574341 -0.0902310535 2.22001433
v -5.10574341 -0.090231061 4.75002289
v -5.10390377 -0.103037253 4.75671148
v -6.36846399 -0.105115615 3.9459362
v -6.36793947 -0.0913187489 3.94062686
v -6.46908426 -0.122141197 3.99222779
v -6.45688963 -0.128848612 3.98473692
v -5.1467309 -0.131607488 4.82329321
v -5.15331173 -0.124144599 4.83510733
v -5.86602259 -0.0111207766 4.21664619
v -6.06687498 -0.0111207766 4.08778429
v -5.96090317 -0.0111207748 3.92282104
v -5.76005125 -0.0111207748 4.05168247
v -5.95656013 -0.166348681 3.91606259
v -5.75570774 -0.166348681 4.04492474
v -5.75570774 -0.0195253137 4.04492474
v -5.95656013 -0.0195253137 3.91606259
v -5.8703661 -0.0951745659 4.22340488
v -6.07121563 -0.0951745659 4.09454298
v -6.07121563 -0.0195253156 4.09454298
v -5.8703661 -0.0195253156 4.22340488
v -5.75570774 -0.166348681 4.04492474
v -5.8703661 -0.0951745659 4.22340488
v -5.8703661 -0.0195253156 4.22340488
v -5.75570774 -0.0195253137 4.04492474
v -5.86602259 -0.0111207766 4.21664619
v -5.76005125 -0.0111207748 4.05168247
v -6.0709424 -0.0189913753 4.09411383
v -5.96090317 -0.0111207748 3.92282104
v -6.06687498 -0.0111207766 4.08778429
v -5.95656013 -0.0195253137 3.91606259
v -6.07121563 -0.0195253156 4.09454298
v -6.07121563 -0.0951745659 4.09454298
v -5.95656013 -0.166348681 3.91606259
v -5.96090317 -0.0111207748 3.92282104
v -5.95656013 -0.0195253137 3.91606259
v -5.75570774 -0.0195253137 4.04492474
v -5.76005125 -0.0111207748 4.05168247
v -6.0709424 -0.0189913753 4.09411383
v -6.06687498 -0.0111207766 4.08778429
v -5.86602259 -0.0111207766 4.21664619
v -6.07121563 -0.0195253156 4.09454298
v -5.8703661 -0.0195253156 4.22340488
v -3.8429687 -0.543062508 1.32794046
v -3.64211655 -0.543062508 1.19907916
v -3.64211655 -0.284070671 1.19907916
v -3.8429687 -0.284070671 1.32794046
v -3.61263657 -0.284070671 1.24497032
v -3.64211655 -0.284070671 1.19907916
v -3.64211655 -0.543062508 1.19907916
v -3.58173323 -0.543062568 1.29307473
v -3.58173323 -0.543062568 1.29307473
v -3.64211655 -0.543062508 1.19907916
v -3.8429687 -0.543062508 1.32794046
v -3.78258538 -0.543062568 1.42193651
v -3.78258538 -0.543062568 1.42193651
v -3.8429687 -0.543062508 1.32794046
v -3.8429687 -0.284070671 1.32794046
v -3.81348872 -0.284070671 1.37383211
v -4.82742071 -0.166348875 2.32081437
v -4.82742071 -0.0598879382 2.32081437
v -4.65987682 -0.0598879382 2.35548449
v -4.65987682 -0.166348875 2.35548449
v -4.61416721 -0.0598879382 2.32615876
v -4.5759654 -0.0598879382 2.15948725
v -4.5759654 -0.166348875 2.15948725
v -4.61416721 -0.166348875 2.32615876
v -4.62916994 -0.0598879382 2.35304618
v -4.61416721 -0.0598879382 2.32615876
v -4.61416721 -0.166348875 2.32615876
v -4.62916994 -0.166348875 2.35304618
v -4.65987682 -0.166348875 2.35548449
v -4.65987682 -0.0598879382 2.35548449
v -4.62916994 -0.0598879382 2.35304618
v -4.65987682 -0.0598879382 2.35548449
v -4.82742071 -0.0598879382 2.32081437
v -4.5759654 -0.0598879382 2.15948725
v -4.61416721 -0.0598879382 2.32615876
v -3.47029781 -0.166348875 1.45011687
v -3.47029781 -0.0598879382 1.45011687
v -3.30275249 -0.0598879382 1.48478675
v -3.30275249 -0.166348875 1.48478675
v -3.25704455 -0.0598879382 1.45546138
v -3.21884274 -0.0598879382 1.28878951
v -3.21884274 -0.166348875 1.28878951
v -3.25704455 -0.166348875 1.45546138
v -3.27204585 -0.0598879382 1.48234856
v -3.25704455 -0.0598879382 1.45546138
v -3.25704455 -0.166348875 1.45546138
v -3.27204585 -0.166348875 1.48234856
v -3.30275249 -0.166348875 1.48478675
v -3.30275249 -0.0598879382 1.48478675
v -3.27204585 -0.0598879382 1.48234856
v -3.30275249 -0.0598879382 1.48478675
v -3.47029781 -0.0598879382 1.45011687
v -3.21884274 -0.0598879382 1.28878951
v -3.25704455 -0.0598879382 1.45546138
v -4.72581291 -0.543062508 1.89435279
v -4.52496195 -0.543062508 1.7654916
v -4.52496195 -0.284070671 1.76549149
v -4.72581291 -0.284070671 1.89435279
v -4.49548101 -0.284070671 1.81138289
v -4.52496195 -0.284070671 1.76549149
v -4.52496195 -0.543062508 1.7654916
v -4.46458006 -0.543062568 1.85948706
v -4.46458006 -0.543062568 1.85948706
v -4.52496195 -0.543062508 1.7654916
v -4.72581291 -0.543062508 1.89435279
v -4.66543102 -0.543062568 1.98834884
v -4.66543102 -0.543062568 1.98834884
v -4.72581291 -0.543062508 1.89435279
v -4.72581291 -0.284070671 1.89435279
v -4.69633293 -0.284070671 1.94024444
v -3.24637556 -0.0111208092 1.0778631
v -3.14040279 -0.0111208092 1.2428267
v -3.51860833 -0.0111208092 1.48547375
v -3.62458134 -0.0111208092 1.32051039
v -3.51426625 -0.166348681 1.49223197
v -3.51426625 -0.0195253454 1.49223197
v -3.13606191 -0.0195253454 1.24958491
v -3.13606191 -0.166348681 1.24958491
v -3.25071764 -0.0951745659 1.071105
v -3.25071764 -0.0195253454 1.071105
v -3.62892318 -0.0195253454 1.31375206
v -3.62892318 -0.0951745659 1.31375206
v -3.13606191 -0.0195253454 1.24958491
v -3.14040279 -0.0111208092 1.2428267
v -3.24637556 -0.0111208092 1.0778631
v -3.25071764 -0.0195253454 1.071105
v -3.13606191 -0.166348681 1.24958491
v -3.25071764 -0.0951745659 1.071105
v -3.62892318 -0.0195253454 1.31375206
v -3.62458134 -0.0111208092 1.32051039
v -3.51860833 -0.0111208092 1.48547375
v -3.51426625 -0.0195253454 1.49223197
v -3.62892318 -0.0951745659 1.31375206
v -3.51426625 -0.166348681 1.49223197
v -3.51860833 -0.0111208092 1.48547375
v -3.14040279 -0.0111208092 1.2428267
v -3.13606191 -0.0195253454 1.24958491
v -3.51426625 -0.0195253454 1.49223197
v -3.24637556 -0.0111208092 1.0778631
v -3.62458134 -0.0111208092 1.32051039
v -3.62892318 -0.0195253454 1.31375206
v -3.25071764 -0.0195253454 1.071105
v -3.93025136 -0.556547821 1.47938204
v -3.93025136 -0.516928613 1.47938204
v -4.43059444 -0.516928613 1.80039048
v -4.43059444 -0.556547821 1.80039048
v -4.18055773 -0.736054242 1.63997245
v -4.32063246 -0.740596592 1.72984147
v -4.03525114 -0.735595524 1.54674816
v -4.23532438 -0.810531616 1.67511046
v -4.12418079 -0.808086395 1.6038028
v -4.20564222 -0.854191959 1.65606713
v -4.15524149 -0.854191959 1.62373078
v -4.18055773 -0.859109581 1.63997245
v -4.18044281 -0.869182587 1.63989854
v -4.33267689 -0.777217329 1.77748704
v -4.35634041 -0.777217329 1.7406534
v -4.48480225 -0.563695848 1.82307136
v -4.46114016 -0.563695848 1.85990536
v -4.18592644 -0.925366402 1.63131964
v -4.16226435 -0.925366402 1.668154
v -4.13152075 -0.913833797 1.64842987
v -4.15518284 -0.913833797 1.61159623
v -4.21666861 -0.913833797 1.65104401
v -4.19300795 -0.913833797 1.68787789
v -4.16226435 -0.925366402 1.668154
v -4.18592644 -0.925366402 1.63131964
v -3.86338735 -0.563695848 1.47640181
v -3.88704944 -0.563695848 1.43956816
v -4.01044178 -0.77204442 1.5187341
v -3.98678088 -0.772044361 1.55556846
v -4.19300795 -0.913833797 1.68787789
v -4.21666861 -0.913833797 1.65104401
v -4.35634041 -0.777217329 1.7406534
v -4.33267689 -0.777217329 1.77748704
v -4.48480225 -0.516928554 1.82307136
v -4.46114016 -0.516928613 1.8599056
v -4.46114016 -0.563695848 1.85990536
v -4.48480225 -0.563695848 1.82307136
v -3.86338735 -0.563695848 1.47640181
v -3.86338735 -0.516928613 1.47640204
v -3.88704824 -0.516928554 1.43956828
v -3.88704944 -0.563695848 1.43956816
v -4.01044178 -0.77204442 1.5187341
v -4.15518284 -0.913833797 1.61159623
v -4.13152075 -0.913833797 1.64842987
v -3.98678088 -0.772044361 1.55556846
v -4.15518284 -0.913833797 1.61159623
v -4.18594599 -0.869182587 1.63133192
v -4.18592644 -0.925366402 1.63131964
v -4.16074467 -0.854191959 1.61516428
v -4.01044178 -0.77204442 1.5187341
v -4.04075432 -0.735595524 1.53818178
v -3.88704944 -0.563695848 1.43956816
v -3.9357543 -0.556547821 1.47081566
v -3.88704824 -0.516928554 1.43956828
v -3.9357543 -0.516928613 1.47081566
v -4.18592644 -0.925366402 1.63131964
v -4.18594599 -0.869182587 1.63133192
v -4.21114635 -0.854191959 1.64750087
v -4.21666861 -0.913833797 1.65104401
v -4.32613516 -0.740596592 1.7212745
v -4.35634041 -0.777217329 1.7406534
v -4.43609715 -0.556547821 1.79182398
v -4.48480225 -0.563695848 1.82307136
v -4.43609715 -0.516928613 1.79182398
v -4.48480225 -0.516928554 1.82307136
v -3.9357543 -0.556547821 1.47081566
v -3.93025136 -0.556547821 1.47938204
v -4.03525114 -0.735595524 1.54674816
v -4.04075432 -0.735595524 1.53818178
v -4.15524149 -0.854191959 1.62373078
v -4.16074467 -0.854191959 1.61516428
v -4.18044281 -0.869182587 1.63989854
v -4.18594599 -0.869182587 1.63133192
v -4.18594599 -0.869182587 1.63133192
v -4.18044281 -0.869182587 1.63989854
v -4.20564222 -0.854191959 1.65606713
v -4.21114635 -0.854191959 1.64750087
v -4.32063246 -0.740596592 1.72984147
v -4.32613516 -0.740596592 1.7212745
v -4.43059444 -0.556547821 1.80039048
v -4.43609715 -0.556547821 1.79182398
v -4.43609715 -0.556547821 1.79182398
v -4.43059444 -0.556547821 1.80039048
v -4.43059444 -0.516928613 1.80039048
v -4.43609715 -0.516928613 1.79182398
v -3.9357543 -0.516928613 1.47081566
v -3.93025136 -0.516928613 1.47938204
v -3.93025136 -0.556547821 1.47938204
v -3.9357543 -0.556547821 1.47081566
v -4.1762619 -0.859109581 1.64665842
v -4.1198864 -0.808086395 1.61048806
v -4.1762619 -0.736054242 1.64665842
v -4.23102999 -0.810531616 1.68179619
v -4.18055773 -0.859109581 1.63997245
v -4.1762619 -0.859109581 1.64665842
v -4.23102999 -0.810531616 1.68179619
v -4.23532438 -0.810531616 1.67511046
v -4.23532438 -0.810531616 1.67511046
v -4.23102999 -0.810531616 1.68179619
v -4.1762619 -0.736054242 1.64665842
v -4.18055773 -0.736054242 1.63997245
v -4.18055773 -0.736054242 1.63997245
v -4.1762619 -0.736054242 1.64665842
v -4.1198864 -0.808086395 1.61048806
v -4.12418079 -0.808086395 1.6038028
v -4.12418079 -0.808086395 1.6038028
v -4.1198864 -0.808086395 1.61048806
v -4.1762619 -0.859109581 1.64665842
v -4.18055773 -0.859109581 1.63997245
v -3.18511462 -0.516925454 1.03533721
v -5.08562756 -0.516925693 2.2534194
v -5.06123781 -0.782751322 2.29497099
v -3.16074324 -0.782750845 1.07691193
v -3.21512699 -0.516925454 0.9837991
v -5.11563969 -0.516925693 2.20188141
v -5.08562756 -0.516925693 2.2534194
v -3.18511462 -0.516925454 1.03533721
v -3.21512699 -0.284070373 0.9837991
v -5.11563969 -0.284070611 2.20188141
v -5.11563969 -0.516925693 2.20188141
v -3.21512699 -0.516925454 0.9837991
v -3.26588368 -0.284070402 0.895338714
v -5.16639757 -0.284070641 2.11342096
v -5.11563969 -0.284070611 2.20188141
v -3.21512699 -0.284070373 0.9837991
v -3.26588368 -0.155090317 0.895338714
v -5.16639757 -0.155090541 2.1134212
v -5.16639757 -0.284070641 2.11342096
v -3.26588368 -0.284070402 0.895338714
v -3.20825553 -0.103116237 0.99837184
v -5.10389614 -0.10303174 2.21334052
v -5.14674044 -0.131612986 2.14673018
v -3.24540043 -0.131513789 0.928153336
v -3.18051267 -0.0856409743 1.04326141
v -5.08102512 -0.0856411904 2.26134348
v -5.0985837 -0.085641183 2.23117208
v -3.19807005 -0.0856409594 1.0130899
v -5.16047335 -0.128734469 2.12377334
v -5.16639757 -0.155090541 2.1134212
v -3.26588368 -0.155090317 0.895338714
v -3.2599597 -0.128734231 0.905691206
v -3.2599597 -0.128734231 0.905691206
v -3.25280261 -0.124139361 0.916849017
v -5.15331173 -0.124144599 2.13493061
v -5.16047335 -0.128734469 2.12377334
v -5.0985837 -0.085641183 2.23117208
v -5.10574341 -0.0902310535 2.22001433
v -3.20523667 -0.0902358443 1.0019381
v -3.19807005 -0.0856409594 1.0130899
v -3.25280261 -0.124139361 0.916849017
v -3.24540043 -0.131513789 0.928153336
v -5.14674044 -0.131612986 2.14673018
v -5.15331173 -0.124144599 2.13493061
v -5.10574341 -0.0902310535 2.22001433
v -5.10389614 -0.10303174 2.21334052
v -3.20825553 -0.103116237 0.99837184
v -3.20523667 -0.0902358443 1.0019381
v -4.98937511 -0.0333021581 2.41780734
v -3.08886218 -0.0333019309 1.19972515
v -3.08633423 -0.0385352857 1.204041
v -4.98684692 -0.038535513 2.42212296
v -5.08102655 -0.0385355279 2.26134372
v -3.18051267 -0.0385352969 1.04326141
v -3.17798567 -0.0333019271 1.04757714
v -5.07849836 -0.0333021544 2.26565933
v -3.18051267 -0.0385352969 1.04326141
v -5.08102655 -0.0385355279 2.26134372
v -5.08102512 -0.0856411904 2.26134348
v -3.18051267 -0.0856409743 1.04326141
v -5.07849836 -0.0333021544 2.26565933
v -3.17798567 -0.0333019271 1.04757714
v -3.08886218 -0.0333019309 1.19972515
v -4.98937511 -0.0333021581 2.41780734
v -4.98684692 -0.166348681 2.42212319
v -4.98684692 -0.038535513 2.42212296
v -3.08633423 -0.0385352857 1.204041
v -3.08633423 -0.166348472 1.20404112
v -3.81555414 -0.0111207766 1.44303405
v -3.70958114 -0.0111207748 1.60799766
v -3.9104321 -0.0111207748 1.73685968
v -4.01640511 -0.0111207766 1.57189584
v -3.90609121 -0.166348681 1.74361777
v -3.90609121 -0.0195253137 1.74361777
v -3.70523906 -0.0195253137 1.61475599
v -3.70523906 -0.166348681 1.61475599
v -3.81989503 -0.0951745659 1.43627596
v -3.81989503 -0.0195253156 1.43627596
v -4.02074718 -0.0195253156 1.56513762
v -4.02074718 -0.0951745659 1.56513762
v -3.70523906 -0.166348681 1.61475599
v -3.81989503 -0.0195253156 1.43627596
v -3.81989503 -0.0951745659 1.43627596
v -3.70523906 -0.0195253137 1.61475599
v -3.81555414 -0.0111207766 1.44303405
v -3.70958114 -0.0111207748 1.60799766
v -4.0204711 -0.0189913753 1.56556714
v -4.01640511 -0.0111207766 1.57189584
v -3.9104321 -0.0111207748 1.73685968
v -3.90609121 -0.0195253137 1.74361777
v -4.02074718 -0.0195253156 1.56513762
v -4.02074718 -0.0951745659 1.56513762
v -3.90609121 -0.166348681 1.74361777
v -3.9104321 -0.0111207748 1.73685968
v -3.70958114 -0.0111207748 1.60799766
v -3.70523906 -0.0195253137 1.61475599
v -3.90609121 -0.0195253137 1.74361777
v -4.02074718 -0.0195253156 1.56513762
v -3.81989503 -0.0195253156 1.43627596
v -3.81555414 -0.0111207766 1.44303405
v -4.01640511 -0.0111207766 1.57189584
v -4.0204711 -0.0189913753 1.56556714
v -4.67598724 -0.0111208092 1.99506736
v -4.57001448 -0.0111208092 2.16003084
v -4.94821882 -0.0111208092 2.40267801
v -5.05419159 -0.0111208092 2.23771429
v -4.94387674 -0.166348681 2.40943623
v -4.94387674 -0.0195253454 2.40943623
v -4.56567383 -0.0195253454 2.16678929
v -4.56567383 -0.166348681 2.16678929
v -4.68032932 -0.0951745659 1.98830926
v -4.68032932 -0.0195253454 1.98830926
v -5.05853367 -0.0195253454 2.23095632
v -5.05853367 -0.0951745659 2.23095632
v -4.56567383 -0.0195253454 2.16678929
v -4.57001448 -0.0111208092 2.16003084
v -4.67598724 -0.0111208092 1.99506736
v -4.68032932 -0.0195253454 1.98830926
v -4.56567383 -0.166348681 2.16678929
v -4.68032932 -0.0951745659 1.98830926
v -5.05853367 -0.0195253454 2.23095632
v -5.05419159 -0.0111208092 2.23771429
v -4.94821882 -0.0111208092 2.40267801
v -4.94387674 -0.0195253454 2.40943623
v -5.05853367 -0.0951745659 2.23095632
v -4.94387674 -0.166348681 2.40943623
v -4.94821882 -0.0111208092 2.40267801
v -4.57001448 -0.0111208092 2.16003084
v -4.56567383 -0.0195253454 2.16678929
v -4.94387674 -0.0195253454 2.40943623
v -4.67598724 -0.0111208092 1.99506736
v -5.05419159 -0.0111208092 2.23771429
v -5.05853367 -0.0195253454 2.23095632
v -4.68032932 -0.0195253454 1.98830926
v 1.94247305 -0.543062031 0.109881893
v 1.94247305 -0.284070194 0.109881893
v 1.74162233 -0.284070194 -0.0189797971
v 1.74162233 -0.543062031 -0.0189797971
v 1.71214104 -0.284070194 0.0269113146
v 1.68123901 -0.543062091 0.0750158653
v 1.74162233 -0.543062031 -0.0189797971
v 1.74162233 -0.284070194 -0.0189797971
v 1.68123901 -0.543062091 0.0750158653
v 1.88208985 -0.543062091 0.203877553
v 1.94247305 -0.543062031 0.109881893
v 1.74162233 -0.543062031 -0.0189797971
v 1.88208985 -0.543062091 0.203877553
v 1.91299307 -0.284070194 0.155773014
v 1.94247305 -0.284070194 0.109881893
v 1.94247305 -0.543062031 0.109881893
v 2.92692614 -0.166348428 1.10275543
v 2.75938225 -0.166348428 1.1374253
v 2.75938225 -0.0598874874 1.1374253
v 2.92692614 -0.0598874874 1.10275543
v 2.71367311 -0.0598874874 1.10809982
v 2.71367311 -0.166348428 1.10809982
v 2.67547107 -0.166348428 0.941428185
v 2.67547107 -0.0598874874 0.941428185
v 2.72867417 -0.0598874874 1.13498712
v 2.71367311 -0.166348428 1.10809982
v 2.71367311 -0.0598874874 1.10809982
v 2.72867417 -0.166348428 1.13498712
v 2.75938225 -0.166348428 1.1374253
v 2.75938225 -0.0598874874 1.1374253
v 2.72867417 -0.0598874874 1.13498712
v 2.92692614 -0.0598874874 1.10275543
v 2.75938225 -0.0598874874 1.1374253
v 2.67547107 -0.0598874874 0.941428185
v 2.71367311 -0.0598874874 1.10809982
v 1.56980217 -0.166348428 0.232057795
v 1.40225828 -0.166348428 0.266727597
v 1.40225828 -0.0598874874 0.266727597
v 1.56980217 -0.0598874874 0.232057795
v 1.35654902 -0.0598874874 0.237402335
v 1.35654902 -0.166348428 0.237402335
v 1.3183471 -0.166348428 0.0707305893
v 1.3183471 -0.0598874874 0.0707305893
v 1.37155032 -0.0598874874 0.264289558
v 1.35654902 -0.166348428 0.237402335
v 1.35654902 -0.0598874874 0.237402335
v 1.37155032 -0.166348428 0.264289558
v 1.40225828 -0.166348428 0.266727597
v 1.40225828 -0.0598874874 0.266727597
v 1.37155032 -0.0598874874 0.264289558
v 1.56980217 -0.0598874874 0.232057795
v 1.40225828 -0.0598874874 0.266727597
v 1.3183471 -0.0598874874 0.0707305893
v 1.35654902 -0.0598874874 0.237402335
v 2.82531857 -0.543062031 0.67629391
v 2.82531857 -0.284070194 0.67629391
v 2.62446761 -0.284070194 0.547432244
v 2.62446761 -0.543062031 0.547432542
v 2.59498644 -0.284070194 0.593323946
v 2.56408453 -0.543062091 0.641427875
v 2.62446761 -0.543062031 0.547432542
v 2.62446761 -0.284070194 0.547432244
v 2.56408453 -0.543062091 0.641427875
v 2.76493645 -0.543062091 0.7702896
v 2.82531857 -0.543062031 0.67629391
v 2.62446761 -0.543062031 0.547432542
v 2.76493645 -0.543062091 0.7702896
v 2.7958374 -0.284070194 0.722185373
v 2.82531857 -0.284070194 0.67629391
v 2.82531857 -0.543062031 0.67629391
v 1.34588134 -0.0111203631 -0.140195608
v 1.72408688 -0.0111203631 0.102451473
v 1.6181128 -0.0111203631 0.267415166
v 1.23990846 -0.0111203631 0.0247677602
v 1.61377192 -0.166348249 0.274172962
v 1.23556638 -0.166348249 0.0315258764
v 1.23556638 -0.0195249002 0.0315258764
v 1.61377192 -0.0195249002 0.274172962
v 1.35022211 -0.0951741263 -0.14695403
v 1.72842765 -0.0951741263 0.0956930518
v 1.72842765 -0.0195249002 0.0956930518
v 1.35022211 -0.0195249002 -0.14695403
v 1.23556638 -0.0195249002 0.0315258764
v 1.34588134 -0.0111203631 -0.140195608
v 1.23990846 -0.0111203631 0.0247677602
v 1.35022211 -0.0195249002 -0.14695403
v 1.23556638 -0.166348249 0.0315258764
v 1.35022211 -0.0951741263 -0.14695403
v 1.72842765 -0.0195249002 0.0956930518
v 1.6181128 -0.0111203631 0.267415166
v 1.72408688 -0.0111203631 0.102451473
v 1.61377192 -0.0195249002 0.274172962
v 1.72842765 -0.0951741263 0.0956930518
v 1.61377192 -0.166348249 0.274172962
v 1.6181128 -0.0111203631 0.267415166
v 1.61377192 -0.0195249002 0.274172962
v 1.23556638 -0.0195249002 0.0315258764
v 1.23990846 -0.0111203631 0.0247677602
v 1.34588134 -0.0111203631 -0.140195608
v 1.35022211 -0.0195249002 -0.14695403
v 1.72842765 -0.0195249002 0.0956930518
v 1.72408688 -0.0111203631 0.102451473
v 2.02975702 -0.556547344 0.261322945
v 2.53010011 -0.516928136 0.582331538
v 2.02975702 -0.516928136 0.261323243
v 2.53010011 -0.556547344 0.582331538
v 2.28006339 -0.736053765 0.421913445
v 2.42013669 -0.740596116 0.511782527
v 2.13475704 -0.735595047 0.328689277
v 2.33483028 -0.810531139 0.457051367
v 2.22368646 -0.808085978 0.385743707
v 2.30514765 -0.854191482 0.4380081
v 2.25474596 -0.854191482 0.405671984
v 2.28006339 -0.859109104 0.421913445
v 2.27994871 -0.869182169 0.421839595
v 2.43218255 -0.777216911 0.559428096
v 2.56064439 -0.563695371 0.641846597
v 2.58430791 -0.563695371 0.605012476
v 2.45584464 -0.777216911 0.522594273
v 2.2854321 -0.925365984 0.41326049
v 2.25468755 -0.91383338 0.393537283
v 2.23102546 -0.91383338 0.430371076
v 2.26177001 -0.925365984 0.450095206
v 2.31617427 -0.91383338 0.432985216
v 2.2854321 -0.925365984 0.41326049
v 2.26177001 -0.925365984 0.450095206
v 2.29251218 -0.91383338 0.469819009
v 1.96289301 -0.563695371 0.258342892
v 2.08628654 -0.772043884 0.337509453
v 2.10994744 -0.772044003 0.300675035
v 1.98655391 -0.563695371 0.221509084
v 2.29251218 -0.91383338 0.469819009
v 2.43218255 -0.777216911 0.559428096
v 2.45584464 -0.777216911 0.522594273
v 2.31617427 -0.91383338 0.432985216
v 2.58430791 -0.516928077 0.605012476
v 2.58430791 -0.563695371 0.605012476
v 2.56064439 -0.563695371 0.641846597
v 2.56064439 -0.516928136 0.641846597
v 1.96289301 -0.563695371 0.258342892
v 1.98655391 -0.563695371 0.221509084
v 1.98655391 -0.516928077 0.221509084
v 1.96289301 -0.516928136 0.258343488
v 2.10994744 -0.772044003 0.300675035
v 2.08628654 -0.772043884 0.337509453
v 2.23102546 -0.91383338 0.430371076
v 2.25468755 -0.91383338 0.393537283
v 2.25468755 -0.91383338 0.393537283
v 2.2854321 -0.925365984 0.41326049
v 2.28545165 -0.869182169 0.413273007
v 2.2602489 -0.854191482 0.397105396
v 2.10994744 -0.772044003 0.300675035
v 2.14025998 -0.735595047 0.320122659
v 1.98655391 -0.563695371 0.221509084
v 2.03525996 -0.556547344 0.252756953
v 1.98655391 -0.516928077 0.221509084
v 2.03525877 -0.516928136 0.252756953
v 2.2854321 -0.925365984 0.41326049
v 2.31065059 -0.854191482 0.42944181
v 2.28545165 -0.869182169 0.413273007
v 2.31617427 -0.91383338 0.432985216
v 2.42563963 -0.740596116 0.503215909
v 2.45584464 -0.777216911 0.522594273
v 2.53560305 -0.556547344 0.57376492
v 2.58430791 -0.563695371 0.605012476
v 2.53560305 -0.516928136 0.57376492
v 2.58430791 -0.516928077 0.605012476
v 2.03525996 -0.556547344 0.252756953
v 2.13475704 -0.735595047 0.328689277
v 2.02975702 -0.556547344 0.261322945
v 2.14025998 -0.735595047 0.320122659
v 2.25474596 -0.854191482 0.405671984
v 2.2602489 -0.854191482 0.397105396
v 2.27994871 -0.869182169 0.421839595
v 2.28545165 -0.869182169 0.413273007
v 2.28545165 -0.869182169 0.413273007
v 2.30514765 -0.854191482 0.4380081
v 2.27994871 -0.869182169 0.421839595
v 2.31065059 -0.854191482 0.42944181
v 2.42013669 -0.740596116 0.511782527
v 2.42563963 -0.740596116 0.503215909
v 2.53010011 -0.556547344 0.582331538
v 2.53560305 -0.556547344 0.57376492
v 2.53560305 -0.556547344 0.57376492
v 2.53560305 -0.516928136 0.57376492
v 2.53010011 -0.516928136 0.582331538
v 2.53010011 -0.556547344 0.582331538
v 2.03525877 -0.516928136 0.252756953
v 2.03525996 -0.556547344 0.252756953
v 2.02975702 -0.556547344 0.261322945
v 2.02975702 -0.516928136 0.261323243
v 2.2757678 -0.859109104 0.428599536
v 2.3305347 -0.810531139 0.46373716
v 2.2757678 -0.736053765 0.428599536
v 2.21939206 -0.808085978 0.392429501
v 2.28006339 -0.859109104 0.421913445
v 2.33483028 -0.810531139 0.457051367
v 2.3305347 -0.810531139 0.46373716
v 2.2757678 -0.859109104 0.428599536
v 2.33483028 -0.810531139 0.457051367
v 2.28006339 -0.736053765 0.421913445
v 2.2757678 -0.736053765 0.428599536
v 2.3305347 -0.810531139 0.46373716
v 2.28006339 -0.736053765 0.421913445
v 2.22368646 -0.808085978 0.385743707
v 2.21939206 -0.808085978 0.392429501
v 2.2757678 -0.736053765 0.428599536
v 2.22368646 -0.808085978 0.385743707
v 2.28006339 -0.859109104 0.421913445
v 2.2757678 -0.859109104 0.428599536
v 2.21939206 -0.808085978 0.392429501
v 1.28460085 -0.516925216 -0.182745054
v 1.26024783 -0.782750368 -0.141147152
v 3.16074324 -0.782750845 1.07691193
v 3.18511462 -0.516925454 1.03533721
v 1.31461298 -0.516925216 -0.234283134
v 1.28460085 -0.516925216 -0.182745054
v 3.18511462 -0.516925454 1.03533721
v 3.21512699 -0.516925454 0.9837991
v 1.31461298 -0.284070134 -0.234283134
v 1.31461298 -0.516925216 -0.234283134
v 3.21512699 -0.516925454 0.9837991
v 3.21512699 -0.284070373 0.9837991
v 1.36537111 -0.284070194 -0.322743207
v 1.31461298 -0.284070134 -0.234283134
v 3.21512699 -0.284070373 0.9837991
v 3.26588368 -0.284070402 0.895338714
v 1.36537111 -0.155090094 -0.322743207
v 1.36537111 -0.284070194 -0.322743207
v 3.26588368 -0.284070402 0.895338714
v 3.26588368 -0.155090317 0.895338714
v 1.30775881 -0.103113897 -0.219682008
v 1.34490848 -0.131515235 -0.289911181
v 3.24624515 -0.131612539 0.928670943
v 3.20340085 -0.1030313 0.995281339
v 1.27999878 -0.0856407434 -0.174820855
v 1.29755616 -0.0856407434 -0.204992056
v 3.19807005 -0.0856409594 1.0130899
v 3.18051267 -0.0856409743 1.04326141
v 3.2599597 -0.128734231 0.905691206
v 1.35944581 -0.128733978 -0.312391043
v 1.36537111 -0.155090094 -0.322743207
v 3.26588368 -0.155090317 0.895338714
v 1.35944581 -0.128733978 -0.312391043
v 3.2599597 -0.128734231 0.905691206
v 3.25280261 -0.124139361 0.916849017
v 1.35229373 -0.124134108 -0.301232606
v 3.19807005 -0.0856409594 1.0130899
v 1.29755616 -0.0856407434 -0.204992056
v 1.30472898 -0.090240635 -0.21613799
v 3.20523667 -0.0902358443 1.0019381
v 1.35229373 -0.124134108 -0.301232606
v 3.25280261 -0.124139361 0.916849017
v 3.24624515 -0.131612539 0.928670943
v 1.34490848 -0.131515235 -0.289911181
v 3.20523667 -0.0902358443 1.0019381
v 1.30472898 -0.090240635 -0.21613799
v 1.30775881 -0.103113897 -0.219682008
v 3.20340085 -0.1030313 0.995281339
v 3.08886218 -0.0333019309 1.19972515
v 3.08633423 -0.0385352857 1.204041
v 1.18582034 -0.0385350659 -0.014041137
v 1.18834841 -0.0333017074 -0.0183569323
v 3.18051267 -0.0385352969 1.04326141
v 3.17798567 -0.0333019271 1.04757714
v 1.2774719 -0.0333017036 -0.170505375
v 1.27999997 -0.0385350697 -0.174820855
v 1.27999997 -0.0385350697 -0.174820855
v 1.27999878 -0.0856407434 -0.174820855
v 3.18051267 -0.0856409743 1.04326141
v 3.18051267 -0.0385352969 1.04326141
v 3.17798567 -0.0333019271 1.04757714
v 3.08886218 -0.0333019309 1.19972515
v 1.18834841 -0.0333017074 -0.0183569323
v 1.2774719 -0.0333017036 -0.170505375
v 3.08633423 -0.166348472 1.20404112
v 1.18582034 -0.166348249 -0.014041137
v 1.18582034 -0.0385350659 -0.014041137
v 3.08633423 -0.0385352857 1.204041
v 1.91505849 -0.0111203315 0.224975273
v 2.11591053 -0.0111203315 0.353836954
v 2.00993776 -0.0111203287 0.518800676
v 1.80908561 -0.0111203287 0.389938653
v 2.00559568 -0.166348249 0.525559068
v 1.80474484 -0.166348249 0.396697074
v 1.80474484 -0.0195248667 0.396697074
v 2.00559568 -0.0195248667 0.525559068
v 1.91940057 -0.0951741263 0.218216851
v 2.12025142 -0.0951741263 0.34707886
v 2.12025142 -0.0195248686 0.34707886
v 1.91940057 -0.0195248686 0.218216851
v 1.80474484 -0.166348249 0.396697074
v 1.91940057 -0.0951741263 0.218216851
v 1.91940057 -0.0195248686 0.218216851
v 1.80474484 -0.0195248667 0.396697074
v 1.91505849 -0.0111203315 0.224975273
v 1.80908561 -0.0111203287 0.389938653
v 2.11997676 -0.0189909302 0.347507924
v 2.00993776 -0.0111203287 0.518800676
v 2.11591053 -0.0111203315 0.353836954
v 2.00559568 -0.0195248667 0.525559068
v 2.12025142 -0.0195248686 0.34707886
v 2.12025142 -0.0951741263 0.34707886
v 2.00559568 -0.166348249 0.525559068
v 2.00993776 -0.0111203287 0.518800676
v 2.00559568 -0.0195248667 0.525559068
v 1.80474484 -0.0195248667 0.396697074
v 1.80908561 -0.0111203287 0.389938653
v 1.91505849 -0.0111203315 0.224975273
v 1.91940057 -0.0195248686 0.218216851
v 2.12025142 -0.0195248686 0.34707886
v 2.11591053 -0.0111203315 0.353836954
v 2.11997676 -0.0189909302 0.347507924
v 2.77549314 -0.0111203631 0.777008355
v 3.15369749 -0.0111203631 1.01965547
v 3.04772449 -0.0111203631 1.18461895
v 2.66951895 -0.0111203631 0.941971719
v 3.04338241 -0.166348249 1.19137728
v 2.66517806 -0.166348249 0.948730171
v 2.66517806 -0.0195249002 0.948730171
v 3.04338241 -0.0195249002 1.19137728
v 2.77983403 -0.0951741263 0.770250201
v 3.15803957 -0.0951741263 1.01289737
v 3.15803957 -0.0195249002 1.01289737
v 2.77983403 -0.0195249002 0.770250201
v 2.66517806 -0.0195249002 0.948730171
v 2.77549314 -0.0111203631 0.777008355
v 2.66951895 -0.0111203631 0.941971719
v 2.77983403 -0.0195249002 0.770250201
v 2.66517806 -0.166348249 0.948730171
v 2.77983403 -0.0951741263 0.770250201
v 3.15803957 -0.0195249002 1.01289737
v 3.04772449 -0.0111203631 1.18461895
v 3.15369749 -0.0111203631 1.01965547
v 3.04338241 -0.0195249002 1.19137728
v 3.15803957 -0.0951741263 1.01289737
v 3.04338241 -0.166348249 1.19137728
v 3.04772449 -0.0111203631 1.18461895
v 3.04338241 -0.0195249002 1.19137728
v 2.66517806 -0.0195249002 0.948730171
v 2.66951895 -0.0111203631 0.941971719
v 2.77549314 -0.0111203631 0.777008355
v 2.77983403 -0.0195249002 0.770250201
v 3.15803957 -0.0195249002 1.01289737
v 3.15369749 -0.0111203631 1.01965547
v 5.87421417 -0.0111207766 2.76382113
v 6.07506561 -0.0111207766 2.89268303
v 5.96909285 -0.0111207748 3.05764675
v 5.76824141 -0.0111207748 2.92878461
v 5.96475124 -0.166348681 3.06440473
v 5.7638998 -0.166348681 2.93554306
v 5.7638998 -0.0195253137 2.93554306
v 5.96475124 -0.0195253137 3.06440473
v 5.87855577 -0.0951745659 2.75706291
v 6.07940674 -0.0951745659 2.88592458
v 6.07940674 -0.0195253156 2.88592458
v 5.87855577 -0.0195253156 2.75706291
v 5.7638998 -0.166348681 2.93554306
v 5.87855577 -0.0951745659 2.75706291
v 5.87855577 -0.0195253156 2.75706291
v 5.7638998 -0.0195253137 2.93554306
v 5.87421417 -0.0111207766 2.76382113
v 5.76824141 -0.0111207748 2.92878461
v 6.07913208 -0.0189913753 2.88635421
v 5.96909285 -0.0111207748 3.05764675
v 6.07506561 -0.0111207766 2.89268303
v 5.96475124 -0.0195253137 3.06440473
v 6.07940674 -0.0195253156 2.88592458
v 6.07940674 -0.0951745659 2.88592458
v 5.96475124 -0.166348681 3.06440473
v 5.96909285 -0.0111207748 3.05764675
v 5.96475124 -0.0195253137 3.06440473
v 5.7638998 -0.0195253137 2.93554306
v 5.76824141 -0.0111207748 2.92878461
v 5.87421417 -0.0111207766 2.76382113
v 5.87855577 -0.0195253156 2.75706291
v 6.07940674 -0.0195253156 2.88592458
v 6.07506561 -0.0111207766 2.89268303
v 6.07913208 -0.0189913753 2.88635421
v 6.32930994 -0.0195254199 3.93548298
v 6.11473274 -0.011120894 3.83152604
v 6.32127428 -0.011120894 3.9315896
v 6.10669661 -0.0195254199 3.8276329
v 6.10669661 -0.166348681 3.8276329
v 6.32930994 -0.0951745659 3.93548298
v 6.10669661 -0.0195254199 3.14240408
v 6.10669661 -0.0195254199 3.8276329
v 6.10669661 -0.166348681 3.8276329
v 6.10669661 -0.166348681 3.14240408
v 6.32127428 -0.011120894 3.03844714
v 6.32127428 -0.011120894 3.9315896
v 6.11473274 -0.011120894 3.83152604
v 6.11473274 -0.011120894 3.1385107
v 6.32930994 -0.0951745659 3.03455377
v 6.32930994 -0.0951745659 3.93548298
v 6.32930994 -0.0195254199 3.93548298
v 6.32930994 -0.0195254199 3.03455377
v 6.10669661 -0.0195254199 3.14240408
v 6.32127428 -0.011120894 3.03844714
v 6.11473274 -0.011120894 3.1385107
v 6.32930994 -0.0195254199 3.03455377
v 6.10669661 -0.166348681 3.14240408
v 6.32930994 -0.0951745659 3.03455377
v 6.11473274 -0.011120894 3.83152604
v 6.10669661 -0.0195254199 3.8276329
v 6.10669661 -0.0195254199 3.14240408
v 6.11473274 -0.011120894 3.1385107
v 6.32930994 -0.0195254199 3.93548298
v 6.32127428 -0.011120894 3.9315896
v 6.32127428 -0.011120894 3.03844714
v 6.32930994 -0.0195254199 3.03455377
v 5.23195791 -0.011120772 2.60403395
v 5.35696602 -0.011120772 2.40943861
v 5.36317348 -0.0111206239 2.43534803
v 5.25811529 -0.0111206239 2.5988884
v 5.5570879 -0.011120772 2.53783131
v 5.43207884 -0.011120772 2.73242664
v 5.42587137 -0.0111206239 2.70651674
v 5.53093004 -0.0111206239 2.54297686
v 5.23195791 -0.011120772 2.60403395
v 5.25811529 -0.0111206239 2.5988884
v 5.42587137 -0.0111206239 2.70651674
v 5.43207884 -0.011120772 2.73242664
v 5.36317348 -0.0111206239 2.43534803
v 5.35648918 0.148529217 2.57931519
v 5.25811529 -0.0111206239 2.5988884
v 5.3863349 0.148529217 2.53285599
v 5.37026215 0.157865956 2.58328629
v 5.39567995 0.157865956 2.54372072
v 5.3823204 0.160051361 2.5899272
v 5.40672493 0.160051361 2.55193782
v 5.35696602 -0.011120772 2.40943861
v 5.447052 -0.0111206239 2.48916245
v 5.36317348 -0.0111206239 2.43534803
v 5.5570879 -0.011120772 2.53783131
v 5.53093004 -0.0111206239 2.54297686
v 5.43207884 -0.166348681 2.73242664
v 5.23195791 -0.166348681 2.60403395
v 5.23195791 -0.011120772 2.60403395
v 5.43207884 -0.011120772 2.73242664
v 5.23195791 -0.166348681 2.60403395
v 5.35696602 -0.0951745808 2.40943861
v 5.35696602 -0.011120772 2.40943861
v 5.23195791 -0.011120772 2.60403395
v 5.35696602 -0.0951745808 2.40943861
v 5.5570879 -0.0951745808 2.53783131
v 5.5570879 -0.011120772 2.53783131
v 5.35696602 -0.011120772 2.40943861
v 5.5570879 -0.0951745808 2.53783131
v 5.43207884 -0.166348681 2.73242664
v 5.43207884 -0.011120772 2.73242664
v 5.5570879 -0.011120772 2.53783131
v 5.53093004 -0.0111206239 2.54297686
v 5.42587137 -0.0111206239 2.70651674
v 5.40272808 0.148529217 2.60898066
v 5.43257332 0.148529217 2.5625217
v 5.41879988 0.157865956 2.55855346
v 5.39338112 0.157865956 2.59811926
v 5.40672493 0.160051361 2.55193782
v 5.3823204 0.160051361 2.5899272
v 5.39370728 0.140184358 2.60752201
v 5.41427469 -0.000588723866 2.69331908
v 5.41975069 -0.00570423249 2.68479538
v 5.39760303 0.135068849 2.60145497
v 5.3873229 0.147171527 2.59979939
v 5.39107895 0.142056018 2.59395194
v 5.37969589 0.148853108 2.59401321
v 5.38338232 0.143737599 2.58827233
v 5.37125587 0.147171542 2.58949161
v 5.37501192 0.142056033 2.58364439
v 5.36157227 0.140184373 2.58690548
v 5.36546993 0.135068864 2.58083892
v 5.27495003 -0.000588723866 2.60393095
v 5.28042603 -0.00570423249 2.59540772
v 5.41427469 -0.000588723866 2.69331908
v 5.27495003 -0.000588723866 2.60393095
v 5.28042603 -0.00570423249 2.59540772
v 5.41975069 -0.00570423249 2.68479538
v 5.43257332 0.148529217 2.5625217
v 5.447052 -0.0111206239 2.48916245
v 5.53093004 -0.0111206239 2.54297686
v 5.3863349 0.148529217 2.53285599
v 5.36317348 -0.0111206239 2.43534803
v 5.40672493 0.160051361 2.55193782
v 5.41879988 0.157865956 2.55855346
v 5.39567995 0.157865956 2.54372072
v 5.36546993 0.135068864 2.58083892
v 5.41975069 -0.00570423249 2.68479538
v 5.28042603 -0.00570423249 2.59540772
v 5.39760303 0.135068849 2.60145497
v 5.38338232 0.143737599 2.58827233
v 5.39107895 0.142056018 2.59395194
v 5.37501192 0.142056033 2.58364439
v 6.4813571 -0.282840222 3.92923331
v 6.48311853 -0.282840073 3.48501801
v 6.47959805 -0.348750859 3.91529322
v 6.47627974 -0.525674939 3.85825014
v 6.47119856 -0.693311274 3.7718091
v 6.46267462 -0.936957896 3.55228233
v 6.46267557 -0.970408142 3.48501754
v 6.46267462 -0.936957896 3.4177525
v 6.47119856 -0.693311274 3.19822598
v 6.47628021 -0.525674939 3.11178493
v 6.47959757 -0.348750859 3.05474186
v 6.4813571 -0.282840222 3.04080129
v 6.46267509 -0.740348577 3.78364825
v 6.46267462 -0.70487684 3.78279662
v 6.46267557 -0.526012957 3.97545528
v 6.46267557 -0.536490262 3.88340998
v 6.46267557 -0.359406382 3.94472218
v 6.46267557 -0.413787186 4.02241135
v 6.46267557 -0.282840252 3.95877624
v 6.46267557 -0.28284052 4.02101135
v 6.46267462 -0.70487684 3.18723989
v 6.46267509 -0.731612325 3.17739058
v 6.46267557 -0.526012957 2.99458003
v 6.46267557 -0.536490262 3.0866251
v 6.46267509 -0.413787186 2.94762373
v 6.46267557 -0.359406382 3.02531266
v 6.46267509 -0.282840252 3.01125884
v 6.46267509 -0.28284052 2.94902396
v 6.37606287 -0.28284052 4.02101231
v 6.46267557 -0.28284052 4.02101135
v 6.46267557 -0.413787186 4.02241135
v 6.37606287 -0.413782537 4.0224123
v 6.37606239 -0.526008308 3.97545624
v 6.46267557 -0.526012957 3.97545528
v 6.46267509 -0.740348577 3.78364825
v 6.37606287 -0.740343928 3.78364921
v 6.37606287 -0.936953247 3.55228329
v 6.46267462 -0.936957896 3.55228233
v 6.37606239 -0.970403492 3.48501849
v 6.46267557 -0.970408142 3.48501754
v 6.46267509 -0.413787186 2.94762373
v 6.46267509 -0.28284052 2.94902396
v 6.37606239 -0.28284052 2.94902468
v 6.37606239 -0.413782537 2.94762444
v 6.46267557 -0.526012957 2.99458003
v 6.37606287 -0.526008308 2.99458051
v 6.37606287 -0.731607676 3.17739129
v 6.46267509 -0.731612325 3.17739058
v 6.37606287 -0.936953247 3.41775322
v 6.46267462 -0.936957896 3.4177525
v 6.46267557 -0.970408142 3.48501754
v 6.37606239 -0.970403492 3.48501849
v 6.46267557 -0.359406382 3.94472218
v 6.46267557 -0.282840252 3.95877624
v 6.4813571 -0.282840222 3.92923331
v 6.47959805 -0.348750859 3.91529322
v 6.46267557 -0.536490262 3.88340998
v 6.47627974 -0.525674939 3.85825014
v 6.47119856 -0.693311274 3.7718091
v 6.46267462 -0.70487684 3.78279662
v 6.46267462 -0.936957896 3.55228233
v 6.4813571 -0.282840222 3.04080129
v 6.46267509 -0.282840252 3.01125884
v 6.46267557 -0.359406382 3.02531266
v 6.47959757 -0.348750859 3.05474186
v 6.47628021 -0.525674939 3.11178493
v 6.46267557 -0.536490262 3.0866251
v 6.47119856 -0.693311274 3.19822598
v 6.46267462 -0.70487684 3.18723989
v 6.46267462 -0.936957896 3.4177525
v 5.23195791 -0.011120772 4.36600256
v 5.25811529 -0.0111206239 4.37114859
v 5.36317348 -0.0111206239 4.53468847
v 5.35696602 -0.011120772 4.5605979
v 5.5570879 -0.011120772 4.4322052
v 5.53093004 -0.0111206239 4.4270606
v 5.42587137 -0.0111206239 4.26352024
v 5.43207884 -0.011120772 4.23760986
v 5.23195791 -0.011120772 4.36600256
v 5.43207884 -0.011120772 4.23760986
v 5.42587137 -0.0111206239 4.26352024
v 5.25811529 -0.0111206239 4.37114859
v 5.36317348 -0.0111206239 4.53468847
v 5.25811529 -0.0111206239 4.37114859
v 5.35648918 0.148529217 4.3907218
v 5.3863349 0.148529217 4.43718052
v 5.37026215 0.157865956 4.38675022
v 5.39567995 0.157865956 4.42631626
v 5.3823204 0.160051361 4.38010931
v 5.40672493 0.160051361 4.4180994
v 5.35696602 -0.011120772 4.5605979
v 5.36317348 -0.0111206239 4.53468847
v 5.447052 -0.0111206239 4.48087454
v 5.5570879 -0.011120772 4.4322052
v 5.53093004 -0.0111206239 4.4270606
v 5.43207884 -0.166348681 4.23760986
v 5.43207884 -0.011120772 4.23760986
v 5.23195791 -0.011120772 4.36600256
v 5.23195791 -0.166348681 4.36600256
v 5.23195791 -0.166348681 4.36600256
v 5.23195791 -0.011120772 4.36600256
v 5.35696602 -0.011120772 4.5605979
v 5.35696602 -0.0951745808 4.5605979
v 5.35696602 -0.0951745808 4.5605979
v 5.35696602 -0.011120772 4.5605979
v 5.5570879 -0.011120772 4.4322052
v 5.5570879 -0.0951745808 4.4322052
v 5.5570879 -0.0951745808 4.4322052
v 5.5570879 -0.011120772 4.4322052
v 5.43207884 -0.011120772 4.23760986
v 5.43207884 -0.166348681 4.23760986
v 5.53093004 -0.0111206239 4.4270606
v 5.40272808 0.148529217 4.36105633
v 5.42587137 -0.0111206239 4.26352024
v 5.43257332 0.148529217 4.40751505
v 5.41879988 0.157865956 4.41148329
v 5.39338112 0.157865956 4.37191772
v 5.40672493 0.160051361 4.4180994
v 5.3823204 0.160051361 4.38010931
v 5.39370728 0.140184358 4.36251497
v 5.41975069 -0.00570423249 4.28524113
v 5.41427469 -0.000588723866 4.27671814
v 5.39760303 0.135068849 4.36858225
v 5.3873229 0.147171527 4.37023735
v 5.39107895 0.142056018 4.3760848
v 5.37969589 0.148853108 4.37602377
v 5.38338232 0.143737599 4.38176441
v 5.37125587 0.147171542 4.38054514
v 5.37501192 0.142056033 4.38639259
v 5.36157227 0.140184373 4.38313103
v 5.36546993 0.135068864 4.38919783
v 5.27495003 -0.000588723866 4.36610603
v 5.28042603 -0.00570423249 4.3746295
v 5.41427469 -0.000588723866 4.27671814
v 5.41975069 -0.00570423249 4.28524113
v 5.28042603 -0.00570423249 4.3746295
v 5.27495003 -0.000588723866 4.36610603
v 5.43257332 0.148529217 4.40751505
v 5.53093004 -0.0111206239 4.4270606
v 5.447052 -0.0111206239 4.48087454
v 5.3863349 0.148529217 4.43718052
v 5.36317348 -0.0111206239 4.53468847
v 5.40672493 0.160051361 4.4180994
v 5.41879988 0.157865956 4.41148329
v 5.39567995 0.157865956 4.42631626
v 5.36546993 0.135068864 4.38919783
v 5.28042603 -0.00570423249 4.3746295
v 5.41975069 -0.00570423249 4.28524113
v 5.39760303 0.135068849 4.36858225
v 5.38338232 0.143737599 4.38176441
v 5.39107895 0.142056018 4.3760848
v 5.37501192 0.142056033 4.38639259
v 6.23000908 -0.124891892 3.68611526
v 6.41386032 -0.146754906 3.76546478
v 6.23000908 -0.14692758 3.68631649
v 6.41386032 -0.124892272 3.76546478
v 6.45885038 -0.124892078 3.75004935
v 6.52427101 -0.124892198 3.69277072
v 6.51701784 -0.18446964 3.69129753
v 6.64648294 -0.209590495 3.55551577
v 6.65484858 -0.124892354 3.55702806
v 6.67518806 -0.212020189 3.51305294
v 6.68444395 -0.124892354 3.51516843
v 6.69239998 -0.124892354 3.48501921
v 6.50364304 -0.246901214 3.68221116
v 6.61869907 -0.288277149 3.55781364
v 6.64459324 -0.300525904 3.5087862
v 6.56421232 -0.387844622 3.48501921
v 6.6858573 -0.21362254 3.48501921
v 6.48607111 -0.312975585 3.6669383
v 6.43706846 -0.341694951 3.62767577
v 6.43706846 -0.418489635 3.53386736
v 6.5477128 -0.365002811 3.5490191
v 6.43706846 -0.440306872 3.48501921
v 6.67518806 -0.212020189 3.45698571
v 6.68444395 -0.124892354 3.45487022
v 6.65484858 -0.124892354 3.4130106
v 6.65568161 -0.304279715 3.48501921
v 6.64459324 -0.300525904 3.46125245
v 6.64648294 -0.209590495 3.41452289
v 6.52427101 -0.124892198 3.27726793
v 6.61869907 -0.288277149 3.41222501
v 6.51701784 -0.18446964 3.27874112
v 6.5477128 -0.365002811 3.42101955
v 6.43706846 -0.440306872 3.48501921
v 6.43706846 -0.418489635 3.43617129
v 6.41386032 -0.146754906 3.20457387
v 6.45885038 -0.124892078 3.2199893
v 6.41386032 -0.124892272 3.20457387
v 6.50364304 -0.246901214 3.28782749
v 6.48607111 -0.312975585 3.30309987
v 6.43706846 -0.341694951 3.34236288
v 6.23000908 -0.124891892 3.28392315
v 6.23000908 -0.14692758 3.28372216
v 6.41386032 -0.146754906 3.20457387
v 6.41386032 -0.124892272 3.20457387
v 6.40745831 -0.124892272 3.74259067
v 6.23000908 -0.124891892 3.68611526
v 6.23969603 -0.124891892 3.67211986
v 6.41386032 -0.124892272 3.76546478
v 6.45885038 -0.124892078 3.75004935
v 6.45169497 -0.124892063 3.72734213
v 6.50516748 -0.124892183 3.68188167
v 6.52427101 -0.124892198 3.69277072
v 6.65484858 -0.124892354 3.55702806
v 6.63596058 -0.124892272 3.54401898
v 6.66221905 -0.124892302 3.50715446
v 6.68444395 -0.124892354 3.51516843
v 6.69239998 -0.124892354 3.48501921
v 6.67017555 -0.124892317 3.48501921
v 6.66221905 -0.124892302 3.46288419
v 6.68444395 -0.124892354 3.45487022
v 6.65484858 -0.124892354 3.4130106
v 6.63596058 -0.124892272 3.42601943
v 6.50516748 -0.124892183 3.28815699
v 6.52427101 -0.124892198 3.27726793
v 6.45885038 -0.124892078 3.2199893
v 6.45169497 -0.124892063 3.24269652
v 6.40745831 -0.124892272 3.22744799
v 6.41386032 -0.124892272 3.20457387
v 6.23000908 -0.124891892 3.28392315
v 6.23969603 -0.124891892 3.29791856
v 6.23969603 -0.124891892 3.67211986
v 6.23969603 -0.124891892 3.48501921
v 6.23969603 -0.00131083129 3.48501921
v 6.23969603 -0.00131083129 3.67211986
v 6.40745831 -0.124892272 3.74259067
v 6.40745831 -0.00131083129 3.74259067
v 6.45169497 -0.00131083129 3.72734213
v 6.45169497 -0.124892063 3.72734213
v 6.50516748 -0.00131083129 3.68188167
v 6.50516748 -0.124892183 3.68188167
v 6.63596058 -0.124892272 3.54401898
v 6.63596058 -0.00131083129 3.54401898
v 6.66221905 -0.124892302 3.50715446
v 6.66221905 -0.00131083129 3.50715446
v 6.67017555 -0.00131083129 3.48501921
v 6.67017555 -0.124892317 3.48501921
v 6.66221905 -0.124892302 3.46288419
v 6.66221905 -0.00131083129 3.46288419
v 6.63596058 -0.00131083129 3.42601943
v 6.63596058 -0.124892272 3.42601943
v 6.50516748 -0.00131083129 3.28815699
v 6.50516748 -0.124892183 3.28815699
v 6.45169497 -0.124892063 3.24269652
v 6.45169497 -0.00131083129 3.24269652
v 6.40745831 -0.124892272 3.22744799
v 6.40745831 -0.00131083129 3.22744799
v 6.23969603 -0.00131083129 3.29791856
v 6.23969603 -0.124891892 3.29791856
v 6.23969603 -0.00131083129 3.48501921
v 6.23969603 -0.124891892 3.48501921
v 6.2300086 -0.00131083129 3.68611526
v 6.2300086 -0.00131083129 3.48501921
v 6.2300086 0.0259323809 3.48501921
v 6.2300086 0.0259323809 3.68611526
v 6.41386032 0.0259323809 3.76546502
v 6.41386032 -0.00131083129 3.76546502
v 6.45885038 0.0259323809 3.75004935
v 6.45885038 -0.00131083129 3.75004935
v 6.52427101 0.0259323809 3.69277072
v 6.52427101 -0.00131083129 3.69277072
v 6.65484858 -0.00131083129 3.55702806
v 6.65484858 0.0259323809 3.55702806
v 6.68444395 -0.00131083129 3.51516843
v 6.68444395 0.0259323809 3.51516843
v 6.69239998 0.0259323809 3.48501921
v 6.69239998 -0.00131083129 3.48501921
v 6.68444395 -0.00131083129 3.45487022
v 6.68444395 0.0259323809 3.45487022
v 6.65484858 0.0259323809 3.4130106
v 6.65484858 -0.00131083129 3.4130106
v 6.52427101 0.0259323809 3.27726793
v 6.52427101 -0.00131083129 3.27726793
v 6.45885038 -0.00131083129 3.21998882
v 6.45885038 0.0259323809 3.21998882
v 6.41386032 -0.00131083129 3.20457363
v 6.41386032 0.0259323809 3.20457363
v 6.2300086 -0.00131083129 3.28392315
v 6.2300086 0.0259323809 3.28392315
v 6.2300086 0.0259323809 3.48501921
v 6.2300086 -0.00131083129 3.48501921
v 6.2300086 -0.00131083129 3.68611526
v 6.40745831 -0.00131083129 3.74259067
v 6.23969603 -0.00131083129 3.67211986
v 6.41386032 -0.00131083129 3.76546502
v 6.45885038 -0.00131083129 3.75004935
v 6.45169497 -0.00131083129 3.72734213
v 6.50516748 -0.00131083129 3.68188167
v 6.52427101 -0.00131083129 3.69277072
v 6.65484858 -0.00131083129 3.55702806
v 6.63596058 -0.00131083129 3.54401898
v 6.66221905 -0.00131083129 3.50715446
v 6.68444395 -0.00131083129 3.51516843
v 6.69239998 -0.00131083129 3.48501921
v 6.67017555 -0.00131083129 3.48501921
v 6.66221905 -0.00131083129 3.46288419
v 6.68444395 -0.00131083129 3.45487022
v 6.65484858 -0.00131083129 3.4130106
v 6.63596058 -0.00131083129 3.42601943
v 6.50516748 -0.00131083129 3.28815699
v 6.52427101 -0.00131083129 3.27726793
v 6.45885038 -0.00131083129 3.21998882
v 6.45169497 -0.00131083129 3.24269652
v 6.40745831 -0.00131083129 3.22744799
v 6.41386032 -0.00131083129 3.20457363
v 6.2300086 -0.00131083129 3.48501921
v 6.2300086 -0.00131083129 3.68611526
v 6.23969603 -0.00131083129 3.67211986
v 6.23969603 -0.00131083129 3.48501921
v 6.2300086 -0.00131083129 3.28392315
v 6.40745831 -0.00131083129 3.22744799
v 6.41386032 -0.00131083129 3.20457363
v 6.23969603 -0.00131083129 3.29791856
v 6.2300086 -0.00131083129 3.48501921
v 6.23969603 -0.00131083129 3.48501921
v 6.64039803 0.0194828156 3.48501921
v 6.63717031 0.0194828156 3.496593
v 6.63717031 0.0194828156 3.47344565
v 6.62632132 0.0194828156 3.51074052
v 6.62632132 0.0194828156 3.45929813
v 6.56087685 0.0194828156 3.38712811
v 6.56087685 0.0194828156 3.5829103
v 6.4761858 0.0194828156 3.48501921
v 6.4761858 0.0194828156 3.34450674
v 6.51485777 0.0194828156 3.34038782
v 6.48506641 0.0194828156 3.33476186
v 6.50388002 0.0194828156 3.33372068
v 6.4761858 0.0194828156 3.62553191
v 6.51485777 0.0194828156 3.62965083
v 6.50388002 0.0194828156 3.63631797
v 6.48506641 0.0194828156 3.63527703
v 6.4761858 0.0194828156 3.62553191
v 6.46491385 0.0259323791 3.48501921
v 6.4761858 0.0194828156 3.48501921
v 6.46491385 0.0259323791 3.62970519
v 6.48506641 0.0194828156 3.63527703
v 6.479877 0.0259323809 3.64572573
v 6.50388002 0.0194828156 3.63631797
v 6.50692558 0.0259323791 3.647928
v 6.51485777 0.0194828156 3.62965083
v 6.5227952 0.0259323791 3.63946342
v 6.56087685 0.0194828156 3.5829103
v 6.57000303 0.0259323791 3.5924859
v 6.62632132 0.0194828156 3.51074052
v 6.63565254 0.0259323791 3.52303815
v 6.63717031 0.0194828156 3.496593
v 6.65045214 0.0259323791 3.50250816
v 6.65367985 0.0259323791 3.48501921
v 6.64039803 0.0194828156 3.48501921
v 6.65367985 0.0259323791 3.48501921
v 6.64039803 0.0194828156 3.48501921
v 6.63717031 0.0194828156 3.47344565
v 6.65045214 0.0259323791 3.46753049
v 6.62632132 0.0194828156 3.45929813
v 6.63565254 0.0259323791 3.44700074
v 6.57000303 0.0259323791 3.37755275
v 6.56087685 0.0194828156 3.38712811
v 6.5227952 0.0259323791 3.33057523
v 6.51485777 0.0194828156 3.34038782
v 6.50692558 0.0259323791 3.32211041
v 6.50388002 0.0194828156 3.33372068
v 6.48506641 0.0194828156 3.33476186
v 6.479877 0.0259323809 3.32431293
v 6.46491385 0.0259323791 3.34033346
v 6.4761858 0.0194828156 3.34450674
v 6.4761858 0.0194828156 3.48501921
v 6.46491385 0.0259323791 3.48501921
v 5.08102655 -0.0385355316 4.70869398
v 5.07849789 -0.0333021544 4.7043786
v 6.30844402 -0.0333021656 3.91608143
v 6.31344604 -0.038533356 3.91881442
v 4.98937511 -0.0333021581 4.55223036
v 4.98684692 -0.0385355167 4.54791451
v 6.12716532 -0.038533356 3.8170495
v 6.13216829 -0.0333021618 3.81978202
v 6.13216829 -0.0333021618 3.15025473
v 6.12716532 -0.038533356 3.15298772
v 4.98684692 -0.038535513 2.42212296
v 4.98937511 -0.0333021581 2.41780734
v 6.31344604 -0.038533356 3.0512228
v 6.30844402 -0.0333021656 3.05395532
v 5.07849789 -0.0333021544 2.26565933
v 5.08102655 -0.0385355279 2.26134372
v 5.07849789 -0.0333021544 2.26565933
v 6.30844402 -0.0333021656 3.05395532
v 6.13216829 -0.0333021618 3.15025473
v 4.98937511 -0.0333021581 2.41780734
v 4.98684692 -0.166348681 2.42212319
v 4.98684692 -0.038535513 2.42212296
v 6.12716532 -0.038533356 3.15298772
v 6.12716532 -0.166348681 3.15298772
v 6.31344604 -0.0856411979 3.0512228
v 6.31344604 -0.038533356 3.0512228
v 5.08102655 -0.0385355279 2.26134372
v 5.08102512 -0.0856411904 2.26134348
v 4.98684692 -0.166348681 4.54791451
v 6.12716532 -0.166348681 3.8170495
v 6.12716532 -0.038533356 3.8170495
v 4.98684692 -0.0385355167 4.54791451
v 6.31344604 -0.0856411979 3.91881442
v 5.08102512 -0.0856411904 4.70869446
v 5.08102655 -0.0385355316 4.70869398
v 6.31344604 -0.038533356 3.91881442
v 5.07849789 -0.0333021544 4.7043786
v 4.98937511 -0.0333021581 4.55223036
v 6.13216829 -0.0333021618 3.81978202
v 6.30844402 -0.0333021656 3.91608143
v 6.49697638 -0.15509063 2.96626973
v 6.48201895 -0.127818346 2.97075987
v 5.16047335 -0.128734469 2.12377334
v 5.16639757 -0.155090541 2.1134212
v 6.48201895 -0.127818346 2.97075987
v 6.49697638 -0.15509063 2.96626973
v 6.49697638 -0.15509063 4.00376701
v 6.48201895 -0.127818346 3.99927688
v 5.08102512 -0.0856411904 2.26134348
v 5.0985837 -0.085641183 2.23117208
v 6.35500336 -0.0856411532 3.03646088
v 6.31344604 -0.0856411979 3.0512228
v 6.36846399 -0.105115756 3.02410054
v 6.45688963 -0.128848538 2.98529935
v 6.45688963 -0.128848612 3.98473692
v 6.36846399 -0.105115615 3.9459362
v 5.10389566 -0.10303174 2.21334052
v 5.14673996 -0.131612986 2.14673018
v 6.45688963 -0.128848538 2.98529935
v 6.36846399 -0.105115756 3.02410054
v 6.49697638 -0.15509063 2.96626973
v 5.16639757 -0.155090541 2.1134212
v 5.16639757 -0.284070641 2.11342096
v 6.49697638 -0.284070611 2.96626973
v 6.49697638 -0.284070611 2.96626973
v 5.16639757 -0.284070641 2.11342096
v 5.11563969 -0.284070611 2.20188141
v 6.37634039 -0.2840707 3.00997639
v 6.31344604 -0.516925871 3.03929615
v 5.08562803 -0.516925693 2.2534194
v 5.06123781 -0.782751322 2.29497099
v 6.23631096 -0.782751083 3.04708695
v 6.37634039 -0.2840707 3.00997639
v 5.11563969 -0.284070611 2.20188141
v 5.11563969 -0.516925693 2.20188141
v 6.37634039 -0.516925871 3.00997639
v 6.37634039 -0.516925871 3.00997639
v 5.11563969 -0.516925693 2.20188141
v 5.08562803 -0.516925693 2.2534194
v 6.31344604 -0.516925871 3.03929615
v 6.49697638 -0.15509063 4.00376701
v 5.16639757 -0.155090541 4.8566165
v 5.16047335 -0.128734469 4.84626436
v 6.48201895 -0.127818346 3.99927688
v 5.08102512 -0.0856411904 4.70869446
v 6.31344604 -0.0856411979 3.91881442
v 6.35500336 -0.0856411532 3.93357635
v 5.0985837 -0.085641183 4.73886538
v 6.35500336 -0.0856411532 3.03646088
v 6.35500336 -0.0856411532 3.93357635
v 6.31344604 -0.0856411979 3.91881442
v 6.31344604 -0.0856411979 3.0512228
v 5.10390377 -0.103037253 4.75671148
v 6.36846399 -0.105115615 3.9459362
v 6.45688963 -0.128848612 3.98473692
v 5.14673042 -0.131607488 4.82329321
v 6.49697638 -0.15509063 4.00376701
v 6.49697638 -0.284070611 4.00376701
v 5.16639757 -0.284070641 4.8566165
v 5.16639757 -0.155090541 4.8566165
v 6.49697638 -0.284070611 2.96626973
v 6.49697638 -0.284070611 4.00376701
v 6.49697638 -0.15509063 4.00376701
v 6.49697638 -0.15509063 2.96626973
v 6.49697638 -0.284070611 4.00376701
v 6.37634039 -0.2840707 3.9600606
v 5.11563969 -0.284070611 4.76815653
v 5.16639757 -0.284070641 4.8566165
v 6.37634039 -0.2840707 3.00997639
v 6.37634039 -0.2840707 3.9600606
v 6.49697638 -0.284070611 4.00376701
v 6.49697638 -0.284070611 2.96626973
v 6.31344604 -0.516925871 3.93074059
v 6.23631096 -0.782751083 3.92294979
v 5.06123781 -0.782751322 4.67506695
v 5.08562803 -0.516925693 4.71661806
v 6.23631096 -0.782751083 3.04708695
v 6.23631096 -0.782751083 3.92294979
v 6.31344604 -0.516925871 3.93074059
v 6.31344604 -0.516925871 3.03929615
v 6.37634039 -0.2840707 3.9600606
v 6.37634039 -0.516925871 3.9600606
v 5.11563969 -0.516925693 4.76815653
v 5.11563969 -0.284070611 4.76815653
v 6.37634039 -0.516925871 3.9600606
v 6.31344604 -0.516925871 3.93074059
v 5.08562803 -0.516925693 4.71661806
v 5.11563969 -0.516925693 4.76815653
v 6.31344604 -0.516925871 3.03929615
v 6.31344604 -0.516925871 3.93074059
v 6.37634039 -0.516925871 3.9600606
v 6.37634039 -0.516925871 3.00997639
v 6.48201895 -0.127818346 2.97075987
v 6.48201895 -0.127818346 3.99927688
v 6.46908426 -0.122141197 3.99222779
v 6.46908426 -0.122141205 2.97780919
v 6.35500336 -0.0856411532 3.93357635
v 6.35500336 -0.0856411532 3.03646088
v 6.36793804 -0.0913187414 3.02941012
v 6.36793804 -0.0913187489 3.94062686
v 5.16047335 -0.128734469 2.12377334
v 6.48201895 -0.127818346 2.97075987
v 6.46908426 -0.122141205 2.97780919
v 5.15331173 -0.124144599 2.13493061
v 6.35500336 -0.0856411532 3.03646088
v 5.0985837 -0.085641183 2.23117208
v 5.10574341 -0.0902310535 2.22001433
v 6.36793804 -0.0913187414 3.02941012
v 5.0985837 -0.085641183 4.73886538
v 6.35500336 -0.0856411532 3.93357635
v 6.36793804 -0.0913187489 3.94062686
v 5.10574341 -0.090231061 4.75002289
v 6.48201895 -0.127818346 3.99927688
v 5.16047335 -0.128734469 4.84626436
v 5.15331173 -0.124144599 4.83510733
v 6.46908426 -0.122141197 3.99222779
v 6.46908426 -0.122141205 2.97780919
v 6.46908426 -0.122141197 3.99222779
v 6.45688963 -0.128848612 3.98473692
v 6.45688963 -0.128848538 2.98529935
v 6.36793804 -0.0913187489 3.94062686
v 6.36793804 -0.0913187414 3.02941012
v 6.36846399 -0.105115756 3.02410054
v 6.36846399 -0.105115615 3.9459362
v 5.15331173 -0.124144599 2.13493061
v 6.46908426 -0.122141205 2.97780919
v 6.45688963 -0.128848538 2.98529935
v 5.14673996 -0.131612986 2.14673018
v 6.36793804 -0.0913187414 3.02941012
v 5.10574341 -0.0902310535 2.22001433
v 5.10389566 -0.10303174 2.21334052
v 6.36846399 -0.105115756 3.02410054
v 5.10574341 -0.090231061 4.75002289
v 6.36793804 -0.0913187489 3.94062686
v 6.36846399 -0.105115615 3.9459362
v 5.10390377 -0.103037253 4.75671148
v 6.46908426 -0.122141197 3.99222779
v 5.15331173 -0.124144599 4.83510733
v 5.14673042 -0.131607488 4.82329321
v 6.45688963 -0.128848612 3.98473692
v 5.86602354 -0.0111207766 4.21664619
v 5.7600503 -0.0111207748 4.05168247
v 5.96090174 -0.0111207748 3.92282104
v 6.06687498 -0.0111207766 4.08778429
v 5.95656061 -0.166348681 3.91606259
v 5.95656061 -0.0195253137 3.91606259
v 5.75570917 -0.0195253137 4.04492474
v 5.75570917 -0.166348681 4.04492474
v 5.87036467 -0.0951745659 4.22340488
v 5.87036467 -0.0195253156 4.22340488
v 6.07121563 -0.0195253156 4.09454298
v 6.07121563 -0.0951745659 4.09454298
v 5.75570917 -0.166348681 4.04492474
v 5.87036467 -0.0195253156 4.22340488
v 5.87036467 -0.0951745659 4.22340488
v 5.75570917 -0.0195253137 4.04492474
v 5.86602354 -0.0111207766 4.21664619
v 5.7600503 -0.0111207748 4.05168247
v 6.07094097 -0.0189913753 4.09411383
v 6.06687498 -0.0111207766 4.08778429
v 5.96090174 -0.0111207748 3.92282104
v 5.95656061 -0.0195253137 3.91606259
v 6.07121563 -0.0195253156 4.09454298
v 6.07121563 -0.0951745659 4.09454298
v 5.95656061 -0.166348681 3.91606259
v 5.96090174 -0.0111207748 3.92282104
v 5.7600503 -0.0111207748 4.05168247
v 5.75570917 -0.0195253137 4.04492474
v 5.95656061 -0.0195253137 3.91606259
v 5.86602354 -0.0111207766 4.21664619
v 6.06687498 -0.0111207766 4.08778429
v 6.07094097 -0.0189913753 4.09411383
v 6.07121563 -0.0195253156 4.09454298
v 5.87036467 -0.0195253156 4.22340488
v 3.8429687 -0.543062508 1.32794046
v 3.8429687 -0.284070671 1.32794046
v 3.64211655 -0.284070671 1.19907916
v 3.64211655 -0.543062508 1.19907916
v 3.61263657 -0.284070671 1.24497032
v 3.58173323 -0.543062568 1.29307473
v 3.64211655 -0.543062508 1.19907916
v 3.64211655 -0.284070671 1.19907916
v 3.58173323 -0.543062568 1.29307473
v 3.78258538 -0.543062568 1.42193651
v 3.8429687 -0.543062508 1.32794046
v 3.64211655 -0.543062508 1.19907916
v 3.78258538 -0.543062568 1.42193651
v 3.81348872 -0.284070671 1.37383211
v 3.8429687 -0.284070671 1.32794046
v 3.8429687 -0.543062508 1.32794046
v 4.82742071 -0.166348875 2.32081437
v 4.65987682 -0.166348875 2.35548449
v 4.65987682 -0.0598879382 2.35548449
v 4.82742071 -0.0598879382 2.32081437
v 4.61416721 -0.0598879382 2.32615876
v 4.61416721 -0.166348875 2.32615876
v 4.5759654 -0.166348875 2.15948725
v 4.5759654 -0.0598879382 2.15948725
v 4.62916994 -0.0598879382 2.35304618
v 4.61416721 -0.166348875 2.32615876
v 4.61416721 -0.0598879382 2.32615876
v 4.62916994 -0.166348875 2.35304618
v 4.65987682 -0.166348875 2.35548449
v 4.65987682 -0.0598879382 2.35548449
v 4.62916994 -0.0598879382 2.35304618
v 4.82742071 -0.0598879382 2.32081437
v 4.65987682 -0.0598879382 2.35548449
v 4.5759654 -0.0598879382 2.15948725
v 4.61416721 -0.0598879382 2.32615876
v 3.47029781 -0.166348875 1.45011687
v 3.30275249 -0.166348875 1.48478675
v 3.30275249 -0.0598879382 1.48478675
v 3.47029781 -0.0598879382 1.45011687
v 3.25704455 -0.0598879382 1.45546138
v 3.25704455 -0.166348875 1.45546138
v 3.21884274 -0.166348875 1.28878951
v 3.21884274 -0.0598879382 1.28878951
v 3.27204585 -0.0598879382 1.48234856
v 3.25704455 -0.166348875 1.45546138
v 3.25704455 -0.0598879382 1.45546138
v 3.27204585 -0.166348875 1.48234856
v 3.30275249 -0.166348875 1.48478675
v 3.30275249 -0.0598879382 1.48478675
v 3.27204585 -0.0598879382 1.48234856
v 3.47029781 -0.0598879382 1.45011687
v 3.30275249 -0.0598879382 1.48478675
v 3.21884274 -0.0598879382 1.28878951
v 3.25704455 -0.0598879382 1.45546138
v 4.72581291 -0.543062508 1.89435279
v 4.72581291 -0.284070671 1.89435279
v 4.52496195 -0.284070671 1.76549149
v 4.52496195 -0.543062508 1.7654916
v 4.49548101 -0.284070671 1.81138289
v 4.46458006 -0.543062568 1.85948706
v 4.52496195 -0.543062508 1.7654916
v 4.52496195 -0.284070671 1.76549149
v 4.46458006 -0.543062568 1.85948706
v 4.66543102 -0.543062568 1.98834884
v 4.72581291 -0.543062508 1.89435279
v 4.52496195 -0.543062508 1.7654916
v 4.66543102 -0.543062568 1.98834884
v 4.69633293 -0.284070671 1.94024444
v 4.72581291 -0.284070671 1.89435279
v 4.72581291 -0.543062508 1.89435279
v 3.24637556 -0.0111208092 1.0778631
v 3.62458134 -0.0111208092 1.32051039
v 3.51860833 -0.0111208092 1.48547375
v 3.14040279 -0.0111208092 1.2428267
v 3.51426625 -0.166348681 1.49223197
v 3.13606191 -0.166348681 1.24958491
v 3.13606191 -0.0195253454 1.24958491
v 3.51426625 -0.0195253454 1.49223197
v 3.25071764 -0.0951745659 1.071105
v 3.62892318 -0.0951745659 1.31375206
v 3.62892318 -0.0195253454 1.31375206
v 3.25071764 -0.0195253454 1.071105
v 3.13606191 -0.0195253454 1.24958491
v 3.24637556 -0.0111208092 1.0778631
v 3.14040279 -0.0111208092 1.2428267
v 3.25071764 -0.0195253454 1.071105
v 3.13606191 -0.166348681 1.24958491
v 3.25071764 -0.0951745659 1.071105
v 3.62892318 -0.0195253454 1.31375206
v 3.51860833 -0.0111208092 1.48547375
v 3.62458134 -0.0111208092 1.32051039
v 3.51426625 -0.0195253454 1.49223197
v 3.62892318 -0.0951745659 1.31375206
v 3.51426625 -0.166348681 1.49223197
v 3.51860833 -0.0111208092 1.48547375
v 3.51426625 -0.0195253454 1.49223197
v 3.13606191 -0.0195253454 1.24958491
v 3.14040279 -0.0111208092 1.2428267
v 3.24637556 -0.0111208092 1.0778631
v 3.25071764 -0.0195253454 1.071105
v 3.62892318 -0.0195253454 1.31375206
v 3.62458134 -0.0111208092 1.32051039
v 3.93025136 -0.556547821 1.47938204
v 4.43059444 -0.516928613 1.80039048
v 3.93025136 -0.516928613 1.47938204
v 4.43059444 -0.556547821 1.80039048
v 4.18055773 -0.736054242 1.63997245
v 4.32063246 -0.740596592 1.72984147
v 4.03525114 -0.735595524 1.54674816
v 4.23532438 -0.810531616 1.67511046
v 4.12418079 -0.808086395 1.6038028
v 4.20564222 -0.854191959 1.65606713
v 4.15524149 -0.854191959 1.62373078
v 4.18055773 -0.859109581 1.63997245
v 4.18044281 -0.869182587 1.63989854
v 4.33267689 -0.777217329 1.77748704
v 4.46114016 -0.563695848 1.85990536
v 4.48480225 -0.563695848 1.82307136
v 4.35634041 -0.777217329 1.7406534
v 4.18592644 -0.925366402 1.63131964
v 4.15518284 -0.913833797 1.61159623
v 4.13152075 -0.913833797 1.64842987
v 4.16226435 -0.925366402 1.668154
v 4.21666861 -0.913833797 1.65104401
v 4.18592644 -0.925366402 1.63131964
v 4.16226435 -0.925366402 1.668154
v 4.19300795 -0.913833797 1.68787789
v 3.86338735 -0.563695848 1.47640181
v 3.98678088 -0.772044361 1.55556846
v 4.01044178 -0.77204442 1.5187341
v 3.88704944 -0.563695848 1.43956816
v 4.19300795 -0.913833797 1.68787789
v 4.33267689 -0.777217329 1.77748704
v 4.35634041 -0.777217329 1.7406534
v 4.21666861 -0.913833797 1.65104401
v 4.48480225 -0.516928554 1.82307136
v 4.48480225 -0.563695848 1.82307136
v 4.46114016 -0.563695848 1.85990536
v 4.46114016 -0.516928613 1.8599056
v 3.86338735 -0.563695848 1.47640181
v 3.88704944 -0.563695848 1.43956816
v 3.88704824 -0.516928554 1.43956828
v 3.86338735 -0.516928613 1.47640204
v 4.01044178 -0.77204442 1.5187341
v 3.98678088 -0.772044361 1.55556846
v 4.13152075 -0.913833797 1.64842987
v 4.15518284 -0.913833797 1.61159623
v 4.15518284 -0.913833797 1.61159623
v 4.18592644 -0.925366402 1.63131964
v 4.18594599 -0.869182587 1.63133192
v 4.16074467 -0.854191959 1.61516428
v 4.01044178 -0.77204442 1.5187341
v 4.04075432 -0.735595524 1.53818178
v 3.88704944 -0.563695848 1.43956816
v 3.9357543 -0.556547821 1.47081566
v 3.88704824 -0.516928554 1.43956828
v 3.9357543 -0.516928613 1.47081566
v 4.18592644 -0.925366402 1.63131964
v 4.21114635 -0.854191959 1.64750087
v 4.18594599 -0.869182587 1.63133192
v 4.21666861 -0.913833797 1.65104401
v 4.32613516 -0.740596592 1.7212745
v 4.35634041 -0.777217329 1.7406534
v 4.43609715 -0.556547821 1.79182398
v 4.48480225 -0.563695848 1.82307136
v 4.43609715 -0.516928613 1.79182398
v 4.48480225 -0.516928554 1.82307136
v 3.9357543 -0.556547821 1.47081566
v 4.03525114 -0.735595524 1.54674816
v 3.93025136 -0.556547821 1.47938204
v 4.04075432 -0.735595524 1.53818178
v 4.15524149 -0.854191959 1.62373078
v 4.16074467 -0.854191959 1.61516428
v 4.18044281 -0.869182587 1.63989854
v 4.18594599 -0.869182587 1.63133192
v 4.18594599 -0.869182587 1.63133192
v 4.20564222 -0.854191959 1.65606713
v 4.18044281 -0.869182587 1.63989854
v 4.21114635 -0.854191959 1.64750087
v 4.32063246 -0.740596592 1.72984147
v 4.32613516 -0.740596592 1.7212745
v 4.43059444 -0.556547821 1.80039048
v 4.43609715 -0.556547821 1.79182398
v 4.43609715 -0.556547821 1.79182398
v 4.43609715 -0.516928613 1.79182398
v 4.43059444 -0.516928613 1.80039048
v 4.43059444 -0.556547821 1.80039048
v 3.9357543 -0.516928613 1.47081566
v 3.9357543 -0.556547821 1.47081566
v 3.93025136 -0.556547821 1.47938204
v 3.93025136 -0.516928613 1.47938204
v 4.1762619 -0.859109581 1.64665842
v 4.23102999 -0.810531616 1.68179619
v 4.1762619 -0.736054242 1.64665842
v 4.1198864 -0.808086395 1.61048806
v 4.18055773 -0.859109581 1.63997245
v 4.23532438 -0.810531616 1.67511046
v 4.23102999 -0.810531616 1.68179619
v 4.1762619 -0.859109581 1.64665842
v 4.23532438 -0.810531616 1.67511046
v 4.18055773 -0.736054242 1.63997245
v 4.1762619 -0.736054242 1.64665842
v 4.23102999 -0.810531616 1.68179619
v 4.18055773 -0.736054242 1.63997245
v 4.12418079 -0.808086395 1.6038028
v 4.1198864 -0.808086395 1.61048806
v 4.1762619 -0.736054242 1.64665842
v 4.12418079 -0.808086395 1.6038028
v 4.18055773 -0.859109581 1.63997245
v 4.1762619 -0.859109581 1.64665842
v 4.1198864 -0.808086395 1.61048806
v 3.18511462 -0.516925454 1.03533721
v 3.16074324 -0.782750845 1.07691193
v 5.06123781 -0.782751322 2.29497099
v 5.08562803 -0.516925693 2.2534194
v 3.21512699 -0.516925454 0.9837991
v 3.18511462 -0.516925454 1.03533721
v 5.08562803 -0.516925693 2.2534194
v 5.11563969 -0.516925693 2.20188141
v 3.21512699 -0.284070373 0.9837991
v 3.21512699 -0.516925454 0.9837991
v 5.11563969 -0.516925693 2.20188141
v 5.11563969 -0.284070611 2.20188141
v 3.26588368 -0.284070402 0.895338714
v 3.21512699 -0.284070373 0.9837991
v 5.11563969 -0.284070611 2.20188141
v 5.16639757 -0.284070641 2.11342096
v 3.26588368 -0.155090317 0.895338714
v 3.26588368 -0.284070402 0.895338714
v 5.16639757 -0.284070641 2.11342096
v 5.16639757 -0.155090541 2.1134212
v 3.20825553 -0.103116237 0.99837184
v 3.24540043 -0.131513789 0.928153336
v 5.14673996 -0.131612986 2.14673018
v 5.10389566 -0.10303174 2.21334052
v 3.18051267 -0.0856409743 1.04326141
v 3.19807005 -0.0856409594 1.0130899
v 5.0985837 -0.085641183 2.23117208
v 5.08102512 -0.0856411904 2.26134348
v 5.16047335 -0.128734469 2.12377334
v 3.2599597 -0.128734231 0.905691206
v 3.26588368 -0.155090317 0.895338714
v 5.16639757 -0.155090541 2.1134212
v 3.2599597 -0.128734231 0.905691206
v 5.16047335 -0.128734469 2.12377334
v 5.15331173 -0.124144599 2.13493061
v 3.25280261 -0.124139361 0.916849017
v 5.0985837 -0.085641183 2.23117208
v 3.19807005 -0.0856409594 1.0130899
v 3.20523667 -0.0902358443 1.0019381
v 5.10574341 -0.0902310535 2.22001433
v 3.25280261 -0.124139361 0.916849017
v 5.15331173 -0.124144599 2.13493061
v 5.14673996 -0.131612986 2.14673018
v 3.24540043 -0.131513789 0.928153336
v 5.10574341 -0.0902310535 2.22001433
v 3.20523667 -0.0902358443 1.0019381
v 3.20825553 -0.103116237 0.99837184
v 5.10389566 -0.10303174 2.21334052
v 4.98937511 -0.0333021581 2.41780734
v 4.98684692 -0.038535513 2.42212296
v 3.08633423 -0.0385352857 1.204041
v 3.08886218 -0.0333019309 1.19972515
v 5.08102655 -0.0385355279 2.26134372
v 5.07849789 -0.0333021544 2.26565933
v 3.17798567 -0.0333019271 1.04757714
v 3.18051267 -0.0385352969 1.04326141
v 3.18051267 -0.0385352969 1.04326141
v 3.18051267 -0.0856409743 1.04326141
v 5.08102512 -0.0856411904 2.26134348
v 5.08102655 -0.0385355279 2.26134372
v 5.07849789 -0.0333021544 2.26565933
v 4.98937511 -0.0333021581 2.41780734
v 3.08886218 -0.0333019309 1.19972515
v 3.17798567 -0.0333019271 1.04757714
v 4.98684692 -0.166348681 2.42212319
v 3.08633423 -0.166348472 1.20404112
v 3.08633423 -0.0385352857 1.204041
v 4.98684692 -0.038535513 2.42212296
v 3.81555414 -0.0111207766 1.44303405
v 4.01640511 -0.0111207766 1.57189584
v 3.9104321 -0.0111207748 1.73685968
v 3.70958114 -0.0111207748 1.60799766
v 3.90609121 -0.166348681 1.74361777
v 3.70523906 -0.166348681 1.61475599
v 3.70523906 -0.0195253137 1.61475599
v 3.90609121 -0.0195253137 1.74361777
v 3.81989503 -0.0951745659 1.43627596
v 4.02074718 -0.0951745659 1.56513762
v 4.02074718 -0.0195253156 1.56513762
v 3.81989503 -0.0195253156 1.43627596
v 3.70523906 -0.166348681 1.61475599
v 3.81989503 -0.0951745659 1.43627596
v 3.81989503 -0.0195253156 1.43627596
v 3.70523906 -0.0195253137 1.61475599
v 3.81555414 -0.0111207766 1.44303405
v 3.70958114 -0.0111207748 1.60799766
v 4.0204711 -0.0189913753 1.56556714
v 3.9104321 -0.0111207748 1.73685968
v 4.01640511 -0.0111207766 1.57189584
v 3.90609121 -0.0195253137 1.74361777
v 4.02074718 -0.0195253156 1.56513762
v 4.02074718 -0.0951745659 1.56513762
v 3.90609121 -0.166348681 1.74361777
v 3.9104321 -0.0111207748 1.73685968
v 3.90609121 -0.0195253137 1.74361777
v 3.70523906 -0.0195253137 1.61475599
v 3.70958114 -0.0111207748 1.60799766
v 3.81555414 -0.0111207766 1.44303405
v 3.81989503 -0.0195253156 1.43627596
v 4.02074718 -0.0195253156 1.56513762
v 4.01640511 -0.0111207766 1.57189584
v 4.0204711 -0.0189913753 1.56556714
v 4.67598629 -0.0111208092 1.99506736
v 5.05419159 -0.0111208092 2.23771429
v 4.94821882 -0.0111208092 2.40267801
v 4.57001448 -0.0111208092 2.16003084
v 4.94387722 -0.166348681 2.40943623
v 4.5656724 -0.166348681 2.16678929
v 4.5656724 -0.0195253454 2.16678929
v 4.94387722 -0.0195253454 2.40943623
v 4.68032837 -0.0951745659 1.98830926
v 5.05853367 -0.0951745659 2.23095632
v 5.05853367 -0.0195253454 2.23095632
v 4.68032837 -0.0195253454 1.98830926
v 4.5656724 -0.0195253454 2.16678929
v 4.67598629 -0.0111208092 1.99506736
v 4.57001448 -0.0111208092 2.16003084
v 4.68032837 -0.0195253454 1.98830926
v 4.5656724 -0.166348681 2.16678929
v 4.68032837 -0.0951745659 1.98830926
v 5.05853367 -0.0195253454 2.23095632
v 4.94821882 -0.0111208092 2.40267801
v 5.05419159 -0.0111208092 2.23771429
v 4.94387722 -0.0195253454 2.40943623
v 5.05853367 -0.0951745659 2.23095632
v 4.94387722 -0.166348681 2.40943623
v 4.94821882 -0.0111208092 2.40267801
v 4.94387722 -0.0195253454 2.40943623
v 4.5656724 -0.0195253454 2.16678929
v 4.57001448 -0.0111208092 2.16003084
v 4.67598629 -0.0111208092 1.99506736
v 4.68032837 -0.0195253454 1.98830926
v 5.05853367 -0.0195253454 2.23095632
v 5.05419159 -0.0111208092 2.23771429
v -1.94247305 -0.543062031 6.86015654
v -1.94247305 -0.284070194 6.86015654
v -1.74162233 -0.284070194 6.98901844
v -1.74162233 -0.543062031 6.98901844
v -1.71214104 -0.284070194 6.94312716
v -1.68123901 -0.543062091 6.89502287
v -1.74162233 -0.543062031 6.98901844
v -1.74162233 -0.284070194 6.98901844
v -1.68123901 -0.543062091 6.89502287
v -1.88208985 -0.543062091 6.76616096
v -1.94247305 -0.543062031 6.86015654
v -1.74162233 -0.543062031 6.98901844
v -1.88208985 -0.543062091 6.76616096
v -1.91299307 -0.284070194 6.81426573
v -1.94247305 -0.284070194 6.86015654
v -1.94247305 -0.543062031 6.86015654
v -2.92692614 -0.166348428 5.86728334
v -2.75938225 -0.166348428 5.83261347
v -2.75938225 -0.0598874874 5.83261347
v -2.92692614 -0.0598874874 5.86728334
v -2.71367311 -0.0598874874 5.86193848
v -2.71367311 -0.166348428 5.86193848
v -2.67547107 -0.166348428 6.02861071
v -2.67547107 -0.0598874874 6.02861071
v -2.72867417 -0.0598874874 5.83505106
v -2.71367311 -0.166348428 5.86193848
v -2.71367311 -0.0598874874 5.86193848
v -2.72867417 -0.166348428 5.83505106
v -2.75938225 -0.166348428 5.83261347
v -2.75938225 -0.0598874874 5.83261347
v -2.72867417 -0.0598874874 5.83505106
v -2.92692614 -0.0598874874 5.86728334
v -2.75938225 -0.0598874874 5.83261347
v -2.67547107 -0.0598874874 6.02861071
v -2.71367311 -0.0598874874 5.86193848
v -1.56980217 -0.166348428 6.73798084
v -1.40225828 -0.166348428 6.70331097
v -1.40225828 -0.0598874874 6.70331097
v -1.56980217 -0.0598874874 6.73798084
v -1.35654902 -0.0598874874 6.73263645
v -1.35654902 -0.166348428 6.73263645
v -1.3183471 -0.166348428 6.89930773
v -1.3183471 -0.0598874874 6.89930773
v -1.37155032 -0.0598874874 6.70574951
v -1.35654902 -0.166348428 6.73263645
v -1.35654902 -0.0598874874 6.73263645
v -1.37155032 -0.166348428 6.70574951
v -1.40225828 -0.166348428 6.70331097
v -1.40225828 -0.0598874874 6.70331097
v -1.37155032 -0.0598874874 6.70574951
v -1.56980217 -0.0598874874 6.73798084
v -1.40225828 -0.0598874874 6.70331097
v -1.3183471 -0.0598874874 6.89930773
v -1.35654902 -0.0598874874 6.73263645
v -2.82531857 -0.543062031 6.29374504
v -2.82531857 -0.284070194 6.29374504
v -2.62446761 -0.284070194 6.42260599
v -2.62446761 -0.543062031 6.42260599
v -2.59498644 -0.284070194 6.37671518
v -2.56408453 -0.543062091 6.3286109
v -2.62446761 -0.543062031 6.42260599
v -2.62446761 -0.284070194 6.42260599
v -2.56408453 -0.543062091 6.3286109
v -2.76493645 -0.543062091 6.19974899
v -2.82531857 -0.543062031 6.29374504
v -2.62446761 -0.543062031 6.42260599
v -2.76493645 -0.543062091 6.19974899
v -2.7958374 -0.284070194 6.24785328
v -2.82531857 -0.284070194 6.29374504
v -2.82531857 -0.543062031 6.29374504
v -1.34588134 -0.0111203631 7.11023426
v -1.72408688 -0.0111203631 6.86758709
v -1.6181128 -0.0111203631 6.70262337
v -1.23990846 -0.0111203631 6.94527102
v -1.61377192 -0.166348249 6.69586515
v -1.23556638 -0.166348249 6.9385128
v -1.23556638 -0.0195249002 6.9385128
v -1.61377192 -0.0195249002 6.69586515
v -1.35022211 -0.0951741263 7.11699247
v -1.72842765 -0.0951741263 6.87434578
v -1.72842765 -0.0195249002 6.87434578
v -1.35022211 -0.0195249002 7.11699247
v -1.23556638 -0.0195249002 6.9385128
v -1.34588134 -0.0111203631 7.11023426
v -1.23990846 -0.0111203631 6.94527102
v -1.35022211 -0.0195249002 7.11699247
v -1.23556638 -0.166348249 6.9385128
v -1.35022211 -0.0951741263 7.11699247
v -1.72842765 -0.0195249002 6.87434578
v -1.6181128 -0.0111203631 6.70262337
v -1.72408688 -0.0111203631 6.86758709
v -1.61377192 -0.0195249002 6.69586515
v -1.72842765 -0.0951741263 6.87434578
v -1.61377192 -0.166348249 6.69586515
v -1.6181128 -0.0111203631 6.70262337
v -1.61377192 -0.0195249002 6.69586515
v -1.23556638 -0.0195249002 6.9385128
v -1.23990846 -0.0111203631 6.94527102
v -1.34588134 -0.0111203631 7.11023426
v -1.35022211 -0.0195249002 7.11699247
v -1.72842765 -0.0195249002 6.87434578
v -1.72408688 -0.0111203631 6.86758709
v -2.02975702 -0.556547344 6.70871544
v -2.53010011 -0.516928136 6.38770723
v -2.02975702 -0.516928136 6.70871544
v -2.53010011 -0.556547344 6.38770723
v -2.28006339 -0.736053765 6.54812479
v -2.42013669 -0.740596116 6.45825624
v -2.13475704 -0.735595047 6.64134932
v -2.33483028 -0.810531139 6.51298714
v -2.22368646 -0.808085978 6.5842948
v -2.30514765 -0.854191482 6.53203058
v -2.25474596 -0.854191482 6.56436634
v -2.28006339 -0.859109104 6.54812479
v -2.27994871 -0.869182169 6.54819918
v -2.43218255 -0.777216911 6.4106102
v -2.56064439 -0.563695371 6.32819223
v -2.58430791 -0.563695371 6.365026
v -2.45584464 -0.777216911 6.44744444
v -2.2854321 -0.925365984 6.55677843
v -2.25468755 -0.91383338 6.57650137
v -2.23102546 -0.91383338 6.53966761
v -2.26177001 -0.925365984 6.51994371
v -2.31617427 -0.91383338 6.53705311
v -2.2854321 -0.925365984 6.55677843
v -2.26177001 -0.925365984 6.51994371
v -2.29251218 -0.91383338 6.50021935
v -1.96289301 -0.563695371 6.71169519
v -2.08628654 -0.772043884 6.63252926
v -2.10994744 -0.772044003 6.66936398
v -1.98655391 -0.563695371 6.74852943
v -2.29251218 -0.91383338 6.50021935
v -2.43218255 -0.777216911 6.4106102
v -2.45584464 -0.777216911 6.44744444
v -2.31617427 -0.91383338 6.53705311
v -2.58430791 -0.516928077 6.365026
v -2.58430791 -0.563695371 6.365026
v -2.56064439 -0.563695371 6.32819223
v -2.56064439 -0.516928136 6.32819223
v -1.96289301 -0.563695371 6.71169519
v -1.98655391 -0.563695371 6.74852943
v -1.98655391 -0.516928077 6.74852943
v -1.96289301 -0.516928136 6.71169519
v -2.10994744 -0.772044003 6.66936398
v -2.08628654 -0.772043884 6.63252926
v -2.23102546 -0.91383338 6.53966761
v -2.25468755 -0.91383338 6.57650137
v -2.25468755 -0.91383338 6.57650137
v -2.2854321 -0.925365984 6.55677843
v -2.28545165 -0.869182169 6.55676556
v -2.2602489 -0.854191482 6.5729332
v -2.10994744 -0.772044003 6.66936398
v -2.14025998 -0.735595047 6.6499157
v -1.98655391 -0.563695371 6.74852943
v -2.03525996 -0.556547344 6.71728134
v -1.98655391 -0.516928077 6.74852943
v -2.03525877 -0.516928136 6.71728134
v -2.2854321 -0.925365984 6.55677843
v -2.31065059 -0.854191482 6.54059696
v -2.28545165 -0.869182169 6.55676556
v -2.31617427 -0.91383338 6.53705311
v -2.42563963 -0.740596116 6.46682215
v -2.45584464 -0.777216911 6.44744444
v -2.53560305 -0.556547344 6.39627361
v -2.58430791 -0.563695371 6.365026
v -2.53560305 -0.516928136 6.39627361
v -2.58430791 -0.516928077 6.365026
v -2.03525996 -0.556547344 6.71728134
v -2.13475704 -0.735595047 6.64134932
v -2.02975702 -0.556547344 6.70871544
v -2.14025998 -0.735595047 6.6499157
v -2.25474596 -0.854191482 6.56436634
v -2.2602489 -0.854191482 6.5729332
v -2.27994871 -0.869182169 6.54819918
v -2.28545165 -0.869182169 6.55676556
v -2.28545165 -0.869182169 6.55676556
v -2.30514765 -0.854191482 6.53203058
v -2.27994871 -0.869182169 6.54819918
v -2.31065059 -0.854191482 6.54059696
v -2.42013669 -0.740596116 6.45825624
v -2.42563963 -0.740596116 6.46682215
v -2.53010011 -0.556547344 6.38770723
v -2.53560305 -0.556547344 6.39627361
v -2.53560305 -0.556547344 6.39627361
v -2.53560305 -0.516928136 6.39627361
v -2.53010011 -0.516928136 6.38770723
v -2.53010011 -0.556547344 6.38770723
v -2.03525877 -0.516928136 6.71728134
v -2.03525996 -0.556547344 6.71728134
v -2.02975702 -0.556547344 6.70871544
v -2.02975702 -0.516928136 6.70871544
v -2.2757678 -0.859109104 6.54143906
v -2.3305347 -0.810531139 6.50630093
v -2.2757678 -0.736053765 6.54143906
v -2.21939206 -0.808085978 6.57760906
v -2.28006339 -0.859109104 6.54812479
v -2.33483028 -0.810531139 6.51298714
v -2.3305347 -0.810531139 6.50630093
v -2.2757678 -0.859109104 6.54143906
v -2.33483028 -0.810531139 6.51298714
v -2.28006339 -0.736053765 6.54812479
v -2.2757678 -0.736053765 6.54143906
v -2.3305347 -0.810531139 6.50630093
v -2.28006339 -0.736053765 6.54812479
v -2.22368646 -0.808085978 6.5842948
v -2.21939206 -0.808085978 6.57760906
v -2.2757678 -0.736053765 6.54143906
v -2.22368646 -0.808085978 6.5842948
v -2.28006339 -0.859109104 6.54812479
v -2.2757678 -0.859109104 6.54143906
v -2.21939206 -0.808085978 6.57760906
v -1.28460085 -0.516925216 7.15278387
v -1.26024783 -0.782750368 7.11118555
v -3.16074324 -0.782750845 5.89312649
v -3.18511462 -0.516925454 5.93470144
v -1.31461298 -0.516925216 7.20432186
v -1.28460085 -0.516925216 7.15278387
v -3.18511462 -0.516925454 5.93470144
v -3.21512699 -0.516925454 5.98623943
v -1.31461298 -0.284070134 7.20432186
v -1.31461298 -0.516925216 7.20432186
v -3.21512699 -0.516925454 5.98623943
v -3.21512699 -0.284070373 5.98623943
v -1.36537111 -0.284070194 7.29278183
v -1.31461298 -0.284070134 7.20432186
v -3.21512699 -0.284070373 5.98623943
v -3.26588368 -0.284070402 6.0746994
v -1.36537111 -0.155090094 7.29278183
v -1.36537111 -0.284070194 7.29278183
v -3.26588368 -0.284070402 6.0746994
v -3.26588368 -0.155090317 6.0746994
v -1.30776119 -0.103115782 7.18972588
v -1.34490597 -0.131513342 7.25994444
v -3.24624515 -0.131612539 6.04136705
v -3.20340085 -0.1030313 5.97475672
v -1.27999878 -0.0856407434 7.14485931
v -1.29755616 -0.0856407434 7.17503119
v -3.19807005 -0.0856409594 5.95694876
v -3.18051267 -0.0856409743 5.92677736
v -3.2599597 -0.128734231 6.06434727
v -1.35944581 -0.128733978 7.2824297
v -1.36537111 -0.155090094 7.29278183
v -3.26588368 -0.155090317 6.0746994
v -1.35944581 -0.128733978 7.2824297
v -3.2599597 -0.128734231 6.06434727
v -3.25280261 -0.124139361 6.05318975
v -1.35229373 -0.124134108 7.27127123
v -3.19807005 -0.0856409594 5.95694876
v -1.29755616 -0.0856407434 7.17503119
v -1.30472898 -0.090240635 7.18617678
v -3.20523667 -0.0902358443 5.96810055
v -1.35229373 -0.124134108 7.27127123
v -3.25280261 -0.124139361 6.05318975
v -3.24624515 -0.131612539 6.04136705
v -1.34490597 -0.131513342 7.25994444
v -3.20523667 -0.0902358443 5.96810055
v -1.30472898 -0.090240635 7.18617678
v -1.30776119 -0.103115782 7.18972588
v -3.20340085 -0.1030313 5.97475672
v -3.08886218 -0.0333019309 5.77031374
v -3.08633423 -0.0385352857 5.76599789
v -1.18582034 -0.0385350659 6.98407936
v -1.18834841 -0.0333017074 6.98839569
v -3.18051267 -0.0385352969 5.92677736
v -3.17798567 -0.0333019271 5.92246151
v -1.2774719 -0.0333017036 7.14054441
v -1.27999997 -0.0385350697 7.14485931
v -1.27999997 -0.0385350697 7.14485931
v -1.27999878 -0.0856407434 7.14485931
v -3.18051267 -0.0856409743 5.92677736
v -3.18051267 -0.0385352969 5.92677736
v -3.17798567 -0.0333019271 5.92246151
v -3.08886218 -0.0333019309 5.77031374
v -1.18834841 -0.0333017074 6.98839569
v -1.2774719 -0.0333017036 7.14054441
v -3.08633423 -0.166348472 5.76599741
v -1.18582034 -0.166348249 6.98407936
v -1.18582034 -0.0385350659 6.98407936
v -3.08633423 -0.0385352857 5.76599789
v -1.91505849 -0.0111203315 6.7450633
v -2.11591053 -0.0111203315 6.6162014
v -2.00993776 -0.0111203287 6.45123768
v -1.80908561 -0.0111203287 6.58010006
v -2.00559568 -0.166348249 6.44447994
v -1.80474484 -0.166348249 6.57334137
v -1.80474484 -0.0195248667 6.57334137
v -2.00559568 -0.0195248667 6.44447994
v -1.91940057 -0.0951741263 6.75182152
v -2.12025142 -0.0951741263 6.62296009
v -2.12025142 -0.0195248686 6.62296009
v -1.91940057 -0.0195248686 6.75182152
v -1.80474484 -0.166348249 6.57334137
v -1.91940057 -0.0951741263 6.75182152
v -1.91940057 -0.0195248686 6.75182152
v -1.80474484 -0.0195248667 6.57334137
v -1.91505849 -0.0111203315 6.7450633
v -1.80908561 -0.0111203287 6.58010006
v -2.11997676 -0.0189909302 6.62253046
v -2.00993776 -0.0111203287 6.45123768
v -2.11591053 -0.0111203315 6.6162014
v -2.00559568 -0.0195248667 6.44447994
v -2.12025142 -0.0195248686 6.62296009
v -2.12025142 -0.0951741263 6.62296009
v -2.00559568 -0.166348249 6.44447994
v -2.00993776 -0.0111203287 6.45123768
v -2.00559568 -0.0195248667 6.44447994
v -1.80474484 -0.0195248667 6.57334137
v -1.80908561 -0.0111203287 6.58010006
v -2.11997676 -0.0189909302 6.62253046
v -2.11591053 -0.0111203315 6.6162014
v -1.91505849 -0.0111203315 6.7450633
v -2.12025142 -0.0195248686 6.62296009
v -1.91940057 -0.0195248686 6.75182152
v -2.77549314 -0.0111203631 6.19303036
v -3.15369749 -0.0111203631 5.95038319
v -3.04772449 -0.0111203631 5.78541994
v -2.66951895 -0.0111203631 6.02806711
v -3.04338241 -0.166348249 5.77866125
v -2.66517806 -0.166348249 6.02130842
v -2.66517806 -0.0195249002 6.02130842
v -3.04338241 -0.0195249002 5.77866125
v -2.77983403 -0.0951741263 6.19978857
v -3.15803957 -0.0951741263 5.95714092
v -3.15803957 -0.0195249002 5.95714092
v -2.77983403 -0.0195249002 6.19978857
v -2.66517806 -0.0195249002 6.02130842
v -2.77549314 -0.0111203631 6.19303036
v -2.66951895 -0.0111203631 6.02806711
v -2.77983403 -0.0195249002 6.19978857
v -2.66517806 -0.166348249 6.02130842
v -2.77983403 -0.0951741263 6.19978857
v -3.15803957 -0.0195249002 5.95714092
v -3.04772449 -0.0111203631 5.78541994
v -3.15369749 -0.0111203631 5.95038319
v -3.04338241 -0.0195249002 5.77866125
v -3.15803957 -0.0951741263 5.95714092
v -3.04338241 -0.166348249 5.77866125
v -3.04772449 -0.0111203631 5.78541994
v -3.04338241 -0.0195249002 5.77866125
v -2.66517806 -0.0195249002 6.02130842
v -2.66951895 -0.0111203631 6.02806711
v -2.77549314 -0.0111203631 6.19303036
v -2.77983403 -0.0195249002 6.19978857
v -3.15803957 -0.0195249002 5.95714092
v -3.15369749 -0.0111203631 5.95038319
v -0.297449946 -0.274741501 7.94605446
v 1.36424202E-14 -0.274741441 7.94779015
v -0.288115233 -0.317352325 7.94431925
v -0.249918208 -0.431732535 7.94104958
v -0.192037344 -0.540108263 7.93604183
v -0.0450402834 -0.697624087 7.92764091
v 1.36424202E-14 -0.719249487 7.92764139
v 0.0450415015 -0.697624087 7.92764091
v 0.192038566 -0.540108263 7.93604183
v 0.249919429 -0.431732535 7.94104958
v 0.288115233 -0.317352325 7.94431925
v 0.297451168 -0.274741501 7.94605446
v -0.199964598 -0.57051754 7.92764139
v -0.199394524 -0.547585309 7.92764091
v -0.328399658 -0.431951016 7.92764139
v -0.266765118 -0.438724548 7.92764139
v -0.307821035 -0.324241012 7.92764139
v -0.359841287 -0.359397829 7.92764139
v -0.317231447 -0.27474156 7.92764139
v -0.358905017 -0.274741739 7.92764139
v 0.199394524 -0.547585309 7.92764091
v 0.205988765 -0.564869642 7.92764139
v 0.32840088 -0.431951016 7.92764139
v 0.26676634 -0.438724548 7.92764139
v 0.359842509 -0.359397829 7.92764139
v 0.307822257 -0.324241012 7.92764139
v 0.317232668 -0.27474156 7.92764139
v 0.358906239 -0.274741739 7.92764139
v -0.358905017 -0.274741739 7.84228134
v -0.358905017 -0.274741739 7.92764139
v -0.359841287 -0.359397829 7.92764139
v -0.359842509 -0.359394819 7.84228134
v -0.328399658 -0.431948006 7.84228134
v -0.328399658 -0.431951016 7.92764139
v -0.199964598 -0.57051754 7.92764139
v -0.19996582 -0.57051456 7.84228134
v -0.0450402834 -0.697621047 7.84228134
v -0.0450402834 -0.697624087 7.92764091
v 1.36424202E-14 -0.719246507 7.84228134
v 1.36424202E-14 -0.719249487 7.92764139
v 0.359842509 -0.359397829 7.92764139
v 0.358906239 -0.274741739 7.92764139
v 0.358905017 -0.274741739 7.84228134
v 0.359841287 -0.359394819 7.84228134
v 0.32840088 -0.431951016 7.92764139
v 0.328399658 -0.431948006 7.84228134
v 0.205988765 -0.564866602 7.84228134
v 0.205988765 -0.564869642 7.92764139
v 0.0450402834 -0.697621047 7.84228134
v 0.0450415015 -0.697624087 7.92764091
v 1.36424202E-14 -0.719249487 7.92764139
v 1.36424202E-14 -0.719246507 7.84228134
v -0.307821035 -0.324241012 7.92764139
v -0.317231447 -0.27474156 7.92764139
v -0.297449946 -0.274741501 7.94605446
v -0.288115233 -0.317352325 7.94431925
v -0.266765118 -0.438724548 7.92764139
v -0.249918208 -0.431732535 7.94104958
v -0.192037344 -0.540108263 7.93604183
v -0.199394524 -0.547585309 7.92764091
v -0.0450402834 -0.697624087 7.92764091
v 0.297451168 -0.274741501 7.94605446
v 0.317232668 -0.27474156 7.92764139
v 0.307822257 -0.324241012 7.92764139
v 0.288115233 -0.317352325 7.94431925
v 0.249919429 -0.431732535 7.94104958
v 0.26676634 -0.438724548 7.92764139
v 0.192038566 -0.540108263 7.93604183
v 0.199394524 -0.547585309 7.92764091
v 0.0450415015 -0.697624087 7.92764091
v 0.239678949 -0.0195250679 7.57924032
v -0.239678949 -0.0195250679 7.57924032
v -0.239678949 -0.166348249 7.57924032
v 0.239678949 -0.166348249 7.57924032
v -0.297336429 -0.0195250679 7.78240585
v 0.297336429 -0.0195250679 7.78240585
v 0.297336429 -0.0951741263 7.78240585
v -0.297336429 -0.0951741263 7.78240585
v 0.295056134 -0.0111205494 7.77437496
v -0.295056134 -0.0111205494 7.77437496
v -0.241959229 -0.0111205494 7.58727169
v 0.241959229 -0.0111205494 7.58727169
v -0.297336429 -0.0195250679 7.78240585
v -0.241959229 -0.0111205494 7.58727169
v -0.295056134 -0.0111205494 7.77437496
v -0.239678949 -0.0195250679 7.57924032
v -0.297336429 -0.0951741263 7.78240585
v -0.239678949 -0.166348249 7.57924032
v 0.239678949 -0.0195250679 7.57924032
v 0.295056134 -0.0111205494 7.77437496
v 0.241959229 -0.0111205494 7.58727169
v 0.297336429 -0.0195250679 7.78240585
v 0.239678949 -0.166348249 7.57924032
v 0.297336429 -0.0951741263 7.78240585
v -0.241959229 -0.0111205494 7.58727169
v -0.239678949 -0.0195250679 7.57924032
v 0.239678949 -0.0195250679 7.57924032
v 0.241959229 -0.0111205494 7.58727169
v -0.297336429 -0.0195250679 7.78240585
v -0.295056134 -0.0111205494 7.77437496
v 0.295056134 -0.0111205494 7.77437496
v 0.297336429 -0.0195250679 7.78240585
v -0.835532188 -0.0111203259 7.18539286
v -0.96053952 -0.0111203259 7.37998867
v -0.966747999 -0.0111201787 7.35407877
v -0.861689448 -0.0111201787 7.19053888
v -1.16066158 -0.0111203259 7.25159597
v -1.0356518 -0.0111203259 7.05700064
v -1.02944577 -0.0111201787 7.08291006
v -1.13450432 -0.0111201787 7.24644995
v -0.835532188 -0.0111203259 7.18539286
v -0.861689448 -0.0111201787 7.19053888
v -1.02944577 -0.0111201787 7.08291006
v -1.0356518 -0.0111203259 7.05700064
v -0.966747999 -0.0111201787 7.35407877
v -0.960063457 0.148529649 7.21011209
v -0.861689448 -0.0111201787 7.19053888
v -0.989908397 0.148529649 7.25657082
v -0.97383666 0.157866403 7.206141
v -0.999254107 0.157866403 7.24570656
v -0.98589474 0.160051823 7.19949913
v -1.01029909 0.160051823 7.2374897
v -0.96053952 -0.0111203259 7.37998867
v -1.05062616 -0.0111201787 7.30026484
v -0.966747999 -0.0111201787 7.35407877
v -1.16066158 -0.0111203259 7.25159597
v -1.13450432 -0.0111201787 7.24644995
v -1.0356518 -0.166348249 7.05700064
v -0.835532188 -0.166348249 7.18539286
v -0.835532188 -0.0111203259 7.18539286
v -1.0356518 -0.0111203259 7.05700064
v -0.835532188 -0.166348249 7.18539286
v -0.96053952 -0.0951741412 7.37998867
v -0.96053952 -0.0111203259 7.37998867
v -0.835532188 -0.0111203259 7.18539286
v -0.96053952 -0.0951741412 7.37998867
v -1.16066158 -0.0951741412 7.25159597
v -1.16066158 -0.0111203259 7.25159597
v -0.96053952 -0.0111203259 7.37998867
v -1.16066158 -0.0951741412 7.25159597
v -1.0356518 -0.166348249 7.05700064
v -1.0356518 -0.0111203259 7.05700064
v -1.16066158 -0.0111203259 7.25159597
v -1.13450432 -0.0111201787 7.24644995
v -1.02944577 -0.0111201787 7.08291006
v -1.00630248 0.148529649 7.18044662
v -1.03614748 0.148529649 7.22690535
v -1.02237308 0.157866403 7.23087406
v -0.996955574 0.157866403 7.19130802
v -1.01029909 0.160051823 7.2374897
v -0.98589474 0.160051823 7.19949913
v -0.99728024 0.140184805 7.18190527
v -1.01785028 -0.000588277995 7.09610844
v -1.0233252 -0.00570378639 7.1046319
v -1.00117791 0.135069296 7.18797207
v -0.990897179 0.147171974 7.18962765
v -0.994653285 0.142056465 7.1954751
v -0.983269036 0.148853555 7.19541359
v -0.986957967 0.143738046 7.20115471
v -0.974830329 0.147171989 7.19993591
v -0.978586376 0.14205648 7.20578289
v -0.965146482 0.140184805 7.2025218
v -0.969044149 0.135069311 7.20858812
v -0.878524125 -0.000588277995 7.18549681
v -0.884000242 -0.00570378639 7.19401979
v -1.01785028 -0.000588277995 7.09610844
v -0.878524125 -0.000588277995 7.18549681
v -0.884000242 -0.00570378639 7.19401979
v -1.0233252 -0.00570378639 7.1046319
v -1.03614748 0.148529649 7.22690535
v -1.05062616 -0.0111201787 7.30026484
v -1.13450432 -0.0111201787 7.24644995
v -0.989908397 0.148529649 7.25657082
v -0.966747999 -0.0111201787 7.35407877
v -1.01029909 0.160051823 7.2374897
v -1.02237308 0.157866403 7.23087406
v -0.999254107 0.157866403 7.24570656
v -0.969044149 0.135069311 7.20858812
v -1.0233252 -0.00570378639 7.1046319
v -0.884000242 -0.00570378639 7.19401979
v -1.00117791 0.135069296 7.18797207
v -0.986957967 0.143738046 7.20115471
v -0.994653285 0.142056465 7.1954751
v -0.978586376 0.14205648 7.20578289
v 1.03601444 -0.0111203259 7.05700111
v 1.1610229 -0.0111203259 7.25159645
v 1.13486564 -0.0111201787 7.24645138
v 1.02980709 -0.0111201787 7.08291101
v 0.960902095 -0.0111203259 7.37998962
v 0.83589232 -0.0111203259 7.18539429
v 0.862050772 -0.0111201787 7.19053936
v 0.967109382 -0.0111201787 7.35407925
v 1.03601444 -0.0111203259 7.05700111
v 1.02980709 -0.0111201787 7.08291101
v 0.862050772 -0.0111201787 7.19053936
v 0.83589232 -0.0111203259 7.18539429
v 1.13486564 -0.0111201787 7.24645138
v 1.00666261 0.148529649 7.1804471
v 1.02980709 -0.0111201787 7.08291101
v 1.03650999 0.148529649 7.22690678
v 0.997316897 0.157866403 7.19130898
v 1.0227344 0.157866403 7.23087406
v 0.986256063 0.160051823 7.19950056
v 1.01066041 0.160051823 7.23749018
v 1.1610229 -0.0111203259 7.25159645
v 1.05098748 -0.0111201787 7.30026531
v 1.13486564 -0.0111201787 7.24645138
v 0.960902095 -0.0111203259 7.37998962
v 0.967109382 -0.0111201787 7.35407925
v 0.83589232 -0.166348249 7.18539429
v 1.03601444 -0.166348249 7.05700111
v 1.03601444 -0.0111203259 7.05700111
v 0.83589232 -0.0111203259 7.18539429
v 1.03601444 -0.166348249 7.05700111
v 1.1610229 -0.0951741412 7.25159645
v 1.1610229 -0.0111203259 7.25159645
v 1.03601444 -0.0111203259 7.05700111
v 1.1610229 -0.0951741412 7.25159645
v 0.960902095 -0.0951741412 7.37998962
v 0.960902095 -0.0111203259 7.37998962
v 1.1610229 -0.0111203259 7.25159645
v 0.960902095 -0.0951741412 7.37998962
v 0.83589232 -0.166348249 7.18539429
v 0.83589232 -0.0111203259 7.18539429
v 0.960902095 -0.0111203259 7.37998962
v 0.967109382 -0.0111201787 7.35407925
v 0.862050772 -0.0111201787 7.19053936
v 0.960424781 0.148529649 7.21011257
v 0.990270972 0.148529649 7.25657225
v 0.999615431 0.157866403 7.24570656
v 0.974197984 0.157866403 7.206141
v 1.01066041 0.160051823 7.23749018
v 0.986256063 0.160051823 7.19950056
v 0.965508997 0.140184805 7.2025218
v 0.878885508 -0.000588277995 7.18549681
v 0.884361565 -0.00570378639 7.19402027
v 0.969406724 0.135069296 7.2085886
v 0.975190401 0.147171974 7.19993639
v 0.978947759 0.142056465 7.20578337
v 0.983630359 0.148853555 7.19541502
v 0.987319291 0.143738046 7.20115566
v 0.991258502 0.147171989 7.1896286
v 0.995014608 0.14205648 7.19547606
v 0.997641563 0.140184805 7.1819067
v 1.00153923 0.135069311 7.18797302
v 1.0182116 -0.000588277995 7.09610891
v 1.02368653 -0.00570378639 7.10463238
v 0.878885508 -0.000588277995 7.18549681
v 1.0182116 -0.000588277995 7.09610891
v 1.02368653 -0.00570378639 7.10463238
v 0.884361565 -0.00570378639 7.19402027
v 0.990270972 0.148529649 7.25657225
v 1.05098748 -0.0111201787 7.30026531
v 0.967109382 -0.0111201787 7.35407925
v 1.03650999 0.148529649 7.22690678
v 1.13486564 -0.0111201787 7.24645138
v 1.01066041 0.160051823 7.23749018
v 0.999615431 0.157866403 7.24570656
v 1.0227344 0.157866403 7.23087406
v 1.00153923 0.135069311 7.18797302
v 0.884361565 -0.00570378639 7.19402027
v 1.02368653 -0.00570378639 7.10463238
v 0.969406724 0.135069296 7.2085886
v 0.987319291 0.143738046 7.20115566
v 0.978947759 0.142056465 7.20578337
v 0.995014608 0.14205648 7.19547606
v -0.154788822 -0.0903674513 7.73304224
v -0.215865478 -0.107185155 7.87437534
v -0.154943839 -0.107317992 7.73304224
v -0.215865478 -0.0903677568 7.87437534
v -0.204000235 -0.0903676003 7.90896034
v -0.159910887 -0.0903676972 7.95925283
v -0.158778071 -0.136196494 7.95367575
v -0.054262694 -0.155520231 8.05320072
v -0.0554272458 -0.0903678089 8.05963135
v -0.0215783678 -0.157389224 8.07526684
v -0.0232067872 -0.0903678089 8.0823822
v 1.36424202E-14 -0.0903678089 8.08849812
v -0.151783437 -0.184220791 7.94339466
v -0.0560314916 -0.216048419 8.03184223
v -0.0182934571 -0.225470543 8.05174828
v 1.36424202E-14 -0.292638779 7.98995733
v 1.36424202E-14 -0.158621818 8.08346939
v -0.140028074 -0.235047236 7.92988634
v -0.109807126 -0.257139057 7.89221621
v -0.0375988744 -0.316211879 7.89221621
v -0.049262695 -0.275068194 7.97727299
v 1.36424202E-14 -0.332994342 7.89221621
v 0.0215783678 -0.157389224 8.07526684
v 0.0232067872 -0.0903678089 8.0823822
v 0.0554272458 -0.0903678089 8.05963135
v 1.36424202E-14 -0.22835809 8.06027222
v 0.0182934571 -0.225470543 8.05174828
v 0.054262694 -0.155520231 8.05320072
v 0.159910887 -0.0903676972 7.95925283
v 0.0560314916 -0.216048419 8.03184223
v 0.158778071 -0.136196494 7.95367575
v 0.049262695 -0.275068194 7.97727299
v 1.36424202E-14 -0.332994342 7.89221621
v 0.0375988744 -0.316211879 7.89221621
v 0.215865478 -0.107185155 7.87437534
v 0.204000235 -0.0903676003 7.90896034
v 0.215865478 -0.0903677568 7.87437534
v 0.151783437 -0.184220791 7.94339466
v 0.140028074 -0.235047236 7.92988634
v 0.109807126 -0.257139057 7.89221621
v 0.154788822 -0.0903674513 7.73304224
v 0.154943839 -0.107317992 7.73304224
v 0.215865478 -0.107185155 7.87437534
v 0.215865478 -0.0903677568 7.87437534
v -0.198259279 -0.0903677568 7.86945438
v -0.154788822 -0.0903674513 7.73304224
v -0.144016117 -0.0903674513 7.74048853
v -0.215865478 -0.0903677568 7.87437534
v -0.204000235 -0.0903676003 7.90896034
v -0.186522216 -0.0903675854 7.9034605
v -0.151529536 -0.0903676897 7.94456625
v -0.159910887 -0.0903676972 7.95925283
v -0.0554272458 -0.0903678089 8.05963135
v -0.0454138182 -0.0903677568 8.04511166
v -0.0170385744 -0.0903677717 8.06529808
v -0.0232067872 -0.0903678089 8.0823822
v 1.36424202E-14 -0.0903678089 8.08849812
v 1.36424202E-14 -0.090367794 8.07141399
v 0.0170385744 -0.0903677717 8.06529808
v 0.0232067872 -0.0903678089 8.0823822
v 0.0554272458 -0.0903678089 8.05963135
v 0.0454138182 -0.0903677568 8.04511166
v 0.151529536 -0.0903676897 7.94456625
v 0.159910887 -0.0903676972 7.95925283
v 0.204000235 -0.0903676003 7.90896034
v 0.186522216 -0.0903675854 7.9034605
v 0.198259279 -0.0903677568 7.86945438
v 0.215865478 -0.0903677568 7.87437534
v 0.154788822 -0.0903674513 7.73304224
v 0.144016117 -0.0903674513 7.74048853
v -0.144016117 -0.0903674513 7.74048853
v 1.36424202E-14 -0.0903674513 7.74048853
v 1.36424202E-14 0.00469490001 7.74048853
v -0.144016117 0.00469490001 7.74048853
v -0.198259279 -0.0903677568 7.86945438
v -0.198259279 0.00469490001 7.86945438
v -0.186522216 0.00469490001 7.9034605
v -0.186522216 -0.0903675854 7.9034605
v -0.151529536 0.00469490001 7.94456625
v -0.151529536 -0.0903676897 7.94456625
v -0.0454138182 -0.0903677568 8.04511166
v -0.0454138182 0.00469490001 8.04511166
v -0.0170385744 -0.0903677717 8.06529808
v -0.0170385744 0.00469490001 8.06529808
v 1.36424202E-14 0.00469490001 8.07141399
v 1.36424202E-14 -0.090367794 8.07141399
v 0.0170385744 -0.0903677717 8.06529808
v 0.0170385744 0.00469490001 8.06529808
v 0.0454138182 0.00469490001 8.04511166
v 0.0454138182 -0.0903677568 8.04511166
v 0.151529536 0.00469490001 7.94456625
v 0.151529536 -0.0903676897 7.94456625
v 0.186522216 -0.0903675854 7.9034605
v 0.186522216 0.00469490001 7.9034605
v 0.198259279 -0.0903677568 7.86945438
v 0.198259279 0.00469490001 7.86945438
v 0.144016117 0.00469490001 7.74048853
v 0.144016117 -0.0903674513 7.74048853
v 1.36424202E-14 0.00469490001 7.74048853
v 1.36424202E-14 -0.0903674513 7.74048853
v -0.154788822 0.00469490001 7.73304176
v 1.36424202E-14 0.00469490001 7.73304176
v 1.36424202E-14 0.0256512184 7.73304176
v -0.154788822 0.0256512184 7.73304176
v -0.215865478 0.0256512184 7.87437534
v -0.215865478 0.00469490001 7.87437534
v -0.204000235 0.0256512184 7.90896034
v -0.204000235 0.00469490001 7.90896034
v -0.159910887 0.0256512184 7.95925283
v -0.159910887 0.00469490001 7.95925283
v -0.0554272458 0.00469490001 8.05963135
v -0.0554272458 0.0256512184 8.05963135
v -0.0232067872 0.00469490001 8.0823822
v -0.0232067872 0.0256512184 8.0823822
v 1.36424202E-14 0.0256512184 8.08849812
v 1.36424202E-14 0.00469490001 8.08849812
v 0.0232067872 0.00469490001 8.0823822
v 0.0232067872 0.0256512184 8.0823822
v 0.0554272458 0.0256512184 8.05963135
v 0.0554272458 0.00469490001 8.05963135
v 0.159910887 0.0256512184 7.95925283
v 0.159910887 0.00469490001 7.95925283
v 0.204000235 0.00469490001 7.90896034
v 0.204000235 0.0256512184 7.90896034
v 0.215865478 0.00469490001 7.87437534
v 0.215865478 0.0256512184 7.87437534
v 0.154788822 0.00469490001 7.73304176
v 0.154788822 0.0256512184 7.73304176
v 1.36424202E-14 0.0256512184 7.73304176
v 1.36424202E-14 0.00469490001 7.73304176
v 1.36424202E-14 0.00469490001 7.73304176
v -0.144016117 0.00469490001 7.74048853
v 1.36424202E-14 0.00469490001 7.74048853
v -0.154788822 0.00469490001 7.73304176
v -0.198259279 0.00469490001 7.86945438
v -0.215865478 0.00469490001 7.87437534
v -0.204000235 0.00469490001 7.90896034
v -0.186522216 0.00469490001 7.9034605
v -0.151529536 0.00469490001 7.94456625
v -0.159910887 0.00469490001 7.95925283
v -0.0554272458 0.00469490001 8.05963135
v -0.0454138182 0.00469490001 8.04511166
v -0.0170385744 0.00469490001 8.06529808
v -0.0232067872 0.00469490001 8.0823822
v 1.36424202E-14 0.00469490001 8.08849812
v 1.36424202E-14 0.00469490001 8.07141399
v 0.0170385744 0.00469490001 8.06529808
v 0.0232067872 0.00469490001 8.0823822
v 0.0554272458 0.00469490001 8.05963135
v 0.0454138182 0.00469490001 8.04511166
v 0.151529536 0.00469490001 7.94456625
v 0.159910887 0.00469490001 7.95925283
v 0.204000235 0.00469490001 7.90896034
v 0.186522216 0.00469490001 7.9034605
v 0.198259279 0.00469490001 7.86945438
v 0.215865478 0.00469490001 7.87437534
v 0.154788822 0.00469490001 7.73304176
v 0.144016117 0.00469490001 7.74048853
v 1.36424202E-14 0.00469490001 7.73304176
v 1.36424202E-14 0.00469490001 7.74048853
v 1.36424202E-14 0.0206900146 8.04852295
v -0.00890747085 0.0206900146 8.04604244
v 0.00890747085 0.0206900146 8.04604244
v -0.0197985843 0.0206900146 8.03770161
v 0.0197985843 0.0206900146 8.03770161
v 0.0753503367 0.0206900146 7.98739243
v -0.0753503367 0.0206900146 7.98739243
v 1.36424202E-14 0.0206900146 7.92228746
v 0.108155519 0.0206900146 7.92228746
v 0.111326903 0.0206900146 7.95201588
v 0.115657955 0.0206900146 7.92911339
v 0.116458736 0.0206900146 7.94357634
v -0.108155519 0.0206900146 7.92228746
v -0.111326903 0.0206900146 7.95201588
v -0.116458736 0.0206900146 7.94357634
v -0.115657955 0.0206900146 7.92911339
v -0.108155519 0.0206900146 7.92228746
v 1.36424202E-14 0.0256512165 7.91362143
v 1.36424202E-14 0.0206900146 7.92228746
v -0.111368403 0.0256512165 7.91362143
v -0.115657955 0.0206900146 7.92911339
v -0.123699948 0.0256512184 7.92512512
v -0.116458736 0.0206900146 7.94357634
v -0.125395507 0.0256512165 7.94591761
v -0.111326903 0.0206900146 7.95201588
v -0.118879393 0.0256512165 7.95811749
v -0.0753503367 0.0206900146 7.98739243
v -0.0827197284 0.0256512165 7.99440765
v -0.0197985843 0.0206900146 8.03770161
v -0.0292639155 0.0256512165 8.04487419
v -0.00890747085 0.0206900146 8.04604244
v -0.0134619139 0.0256512165 8.05625248
v 1.36424202E-14 0.0256512165 8.05873299
v 1.36424202E-14 0.0206900146 8.04852295
v 1.36424202E-14 0.0256512165 8.05873299
v 1.36424202E-14 0.0206900146 8.04852295
v 0.00890747085 0.0206900146 8.04604244
v 0.0134619139 0.0256512165 8.05625248
v 0.0197985843 0.0206900146 8.03770161
v 0.0292639155 0.0256512165 8.04487419
v 0.0827197284 0.0256512165 7.99440765
v 0.0753503367 0.0206900146 7.98739243
v 0.118879393 0.0256512165 7.95811749
v 0.111326903 0.0206900146 7.95201588
v 0.125395507 0.0256512165 7.94591761
v 0.116458736 0.0206900146 7.94357634
v 0.115657955 0.0206900146 7.92911339
v 0.123699948 0.0256512184 7.92512512
v 0.111368403 0.0256512165 7.91362143
v 0.108155519 0.0206900146 7.92228746
v 1.36424202E-14 0.0206900146 7.92228746
v 1.36424202E-14 0.0256512165 7.91362143
v -0.301263422 -0.0856407508 7.81716156
v -0.290156245 -0.0856407508 7.77929258
v 0.290156245 -0.0856407508 7.77929258
v 0.301263422 -0.0856407508 7.81716156
v -0.333992898 -0.284070194 7.955863
v -0.333992898 -0.155090094 7.955863
v 0.333992898 -0.155090094 7.955863
v 0.333992898 -0.284070194 7.955863
v -0.322329104 -0.284070283 7.84227991
v -0.333992898 -0.284070194 7.955863
v 0.333992898 -0.284070194 7.955863
v 0.322329104 -0.284070283 7.84227991
v 0.42010498 -0.782750905 7.65137196
v -0.42010498 -0.782750905 7.65137196
v -0.427578121 -0.516925633 7.70382452
v 0.427578121 -0.516925633 7.70382452
v -0.322329104 -0.516925275 7.84227991
v -0.322329104 -0.284070283 7.84227991
v 0.322329104 -0.284070283 7.84227991
v 0.322329104 -0.516925275 7.84227991
v -0.427578121 -0.516925633 7.70382452
v -0.322329104 -0.516925275 7.84227991
v 0.322329104 -0.516925275 7.84227991
v 0.427578121 -0.516925633 7.70382452
v -1.29755616 -0.0856407434 7.17503119
v -1.27999878 -0.0856407434 7.14485931
v -0.290156245 -0.0856407508 7.77929258
v -0.301263422 -0.0856407508 7.81716156
v -1.34490597 -0.131513342 7.25994444
v -1.30776119 -0.103115782 7.18972588
v -0.307829589 -0.10362497 7.83418798
v -0.322919905 -0.129305363 7.91457987
v -1.36537111 -0.155090094 7.29278183
v -1.35944581 -0.128733978 7.2824297
v -0.330883771 -0.126927271 7.94091558
v -0.333992898 -0.155090094 7.955863
v -1.36537111 -0.284070194 7.29278183
v -1.36537111 -0.155090094 7.29278183
v -0.333992898 -0.155090094 7.955863
v -0.333992898 -0.284070194 7.955863
v -1.31461298 -0.284070134 7.20432186
v -1.36537111 -0.284070194 7.29278183
v -0.333992898 -0.284070194 7.955863
v -0.322329104 -0.284070283 7.84227991
v -1.31461298 -0.516925216 7.20432186
v -1.31461298 -0.284070134 7.20432186
v -0.322329104 -0.284070283 7.84227991
v -0.322329104 -0.516925275 7.84227991
v -1.28460085 -0.516925216 7.15278387
v -1.31461298 -0.516925216 7.20432186
v -0.322329104 -0.516925275 7.84227991
v -0.427578121 -0.516925633 7.70382452
v -0.42010498 -0.782750905 7.65137196
v -1.26024783 -0.782750368 7.11118555
v -1.28460085 -0.516925216 7.15278387
v -0.427578121 -0.516925633 7.70382452
v -0.330883771 -0.126927271 7.94091558
v 0.330883771 -0.126927271 7.94091558
v 0.333992898 -0.155090094 7.955863
v -0.333992898 -0.155090094 7.955863
v -0.307829589 -0.10362497 7.83418798
v 0.307829589 -0.103624836 7.83418751
v 0.322919905 -0.129305273 7.91457939
v -0.322919905 -0.129305363 7.91457987
v 1.29755616 -0.0856407434 7.17503023
v 0.301263422 -0.0856407508 7.81716156
v 0.290156245 -0.0856407508 7.77929258
v 1.27999878 -0.0856407434 7.14485931
v 1.34490848 -0.131515235 7.25994968
v 0.322919905 -0.129305273 7.91457939
v 0.307829589 -0.103624836 7.83418751
v 1.30775881 -0.103113897 7.18972015
v 1.36537111 -0.155090094 7.29278183
v 0.333992898 -0.155090094 7.955863
v 0.330883771 -0.126927271 7.94091558
v 1.35944581 -0.128733978 7.2824297
v 1.36537111 -0.284070194 7.29278183
v 0.333992898 -0.284070194 7.955863
v 0.333992898 -0.155090094 7.955863
v 1.36537111 -0.155090094 7.29278183
v 1.31461298 -0.284070134 7.20432186
v 0.322329104 -0.284070283 7.84227991
v 0.333992898 -0.284070194 7.955863
v 1.36537111 -0.284070194 7.29278183
v 1.31461298 -0.516925216 7.20432186
v 0.322329104 -0.516925275 7.84227991
v 0.322329104 -0.284070283 7.84227991
v 1.31461298 -0.284070134 7.20432186
v 1.28460085 -0.516925216 7.15278387
v 0.427578121 -0.516925633 7.70382452
v 0.322329104 -0.516925275 7.84227991
v 1.31461298 -0.516925216 7.20432186
v 0.42010498 -0.782750905 7.65137196
v 0.427578121 -0.516925633 7.70382452
v 1.28460085 -0.516925216 7.15278387
v 1.26024783 -0.782750368 7.11118555
v -1.29755616 -0.0856407434 7.17503119
v -0.301263422 -0.0856407508 7.81716156
v -0.305137932 -0.0905050039 7.83033419
v -1.30472898 -0.090240635 7.18617678
v -0.330883771 -0.126927271 7.94091558
v -1.35944581 -0.128733978 7.2824297
v -1.35229373 -0.124134108 7.27127123
v -0.327034891 -0.122067556 7.92774153
v -0.301263422 -0.0856407508 7.81716156
v 0.301263422 -0.0856407508 7.81716156
v 0.305137932 -0.0905050039 7.83033419
v -0.305137932 -0.0905050039 7.83033419
v 0.330883771 -0.126927271 7.94091558
v -0.330883771 -0.126927271 7.94091558
v -0.327034891 -0.122067556 7.92774153
v 0.327034891 -0.122067556 7.92774153
v 1.35944581 -0.128733978 7.2824297
v 0.330883771 -0.126927271 7.94091558
v 0.327034891 -0.122067556 7.92774153
v 1.35229373 -0.124134108 7.27127123
v 0.301263422 -0.0856407508 7.81716156
v 1.29755616 -0.0856407434 7.17503023
v 1.30472898 -0.090240635 7.18617678
v 0.305137932 -0.0905050039 7.83033419
v -1.30472898 -0.090240635 7.18617678
v -0.305137932 -0.0905050039 7.83033419
v -0.307829589 -0.10362497 7.83418798
v -1.30776119 -0.103115782 7.18972588
v -0.327034891 -0.122067556 7.92774153
v -1.35229373 -0.124134108 7.27127123
v -1.34490597 -0.131513342 7.25994444
v -0.322919905 -0.129305363 7.91457987
v -0.305137932 -0.0905050039 7.83033419
v 0.305137932 -0.0905050039 7.83033419
v 0.307829589 -0.103624836 7.83418751
v -0.307829589 -0.10362497 7.83418798
v 0.327034891 -0.122067556 7.92774153
v -0.327034891 -0.122067556 7.92774153
v -0.322919905 -0.129305363 7.91457987
v 0.322919905 -0.129305273 7.91457939
v 1.35229373 -0.124134108 7.27127123
v 0.327034891 -0.122067556 7.92774153
v 0.322919905 -0.129305273 7.91457939
v 1.34490848 -0.131515235 7.25994968
v 0.305137932 -0.0905050039 7.83033419
v 1.30472898 -0.090240635 7.18617678
v 1.30775881 -0.103113897 7.18972015
v 0.307829589 -0.103624836 7.83418751
v 1.2774719 -0.0333017036 7.14054441
v 1.27999997 -0.0385350697 7.14485931
v 0.290156245 -0.0385329053 7.77929258
v 0.288688958 -0.0333017111 7.77429342
v 1.18582034 -0.0385350659 6.98407936
v 1.18834841 -0.0333017074 6.98839569
v 0.237020254 -0.0333017074 7.5981307
v 0.235552967 -0.0385329016 7.59313202
v -1.27999997 -0.0385350697 7.14485931
v -1.2774719 -0.0333017036 7.14054441
v -0.288688958 -0.0333017111 7.77429342
v -0.290156245 -0.0385329053 7.77929258
v -1.18834841 -0.0333017074 6.98839569
v -1.18582034 -0.0385350659 6.98407936
v -0.235552967 -0.0385329016 7.59313202
v -0.237020254 -0.0333017074 7.5981307
v -1.18582034 -0.0385350659 6.98407936
v -1.18582034 -0.166348249 6.98407936
v -0.235552967 -0.166348249 7.59313202
v -0.235552967 -0.0385329016 7.59313202
v -1.18834841 -0.0333017074 6.98839569
v -0.237020254 -0.0333017074 7.5981307
v -0.288688958 -0.0333017111 7.77429342
v -1.2774719 -0.0333017036 7.14054441
v -1.27999878 -0.0856407434 7.14485931
v -1.27999997 -0.0385350697 7.14485931
v -0.290156245 -0.0385329053 7.77929258
v -0.290156245 -0.0856407508 7.77929258
v 1.18582034 -0.0385350659 6.98407936
v 0.235552967 -0.0385329016 7.59313202
v 0.235552967 -0.166348249 7.59313202
v 1.18582034 -0.166348249 6.98407936
v 1.27999878 -0.0856407434 7.14485931
v 0.290156245 -0.0856407508 7.77929258
v 0.290156245 -0.0385329053 7.77929258
v 1.27999997 -0.0385350697 7.14485931
v 1.2774719 -0.0333017036 7.14054441
v 0.288688958 -0.0333017111 7.77429342
v 0.237020254 -0.0333017074 7.5981307
v 1.18834841 -0.0333017074 6.98839569
v -0.609165013 -0.0111203315 7.58289433
v -0.810017049 -0.0111203315 7.45403242
v -0.704044163 -0.0111203287 7.28906822
v -0.503192127 -0.0111203287 7.4179306
v -0.699702144 -0.166348249 7.28231049
v -0.498851299 -0.166348249 7.41117239
v -0.498851299 -0.0195248667 7.41117239
v -0.699702144 -0.0195248667 7.28231049
v -0.613507092 -0.0951741263 7.58965254
v -0.814357877 -0.0951741263 7.46079063
v -0.814357877 -0.0195248686 7.46079063
v -0.613507092 -0.0195248686 7.58965254
v -0.498851299 -0.166348249 7.41117239
v -0.613507092 -0.0951741263 7.58965254
v -0.613507092 -0.0195248686 7.58965254
v -0.498851299 -0.0195248667 7.41117239
v -0.609165013 -0.0111203315 7.58289433
v -0.503192127 -0.0111203287 7.4179306
v -0.814082026 -0.0189909302 7.460361
v -0.704044163 -0.0111203287 7.28906822
v -0.810017049 -0.0111203315 7.45403242
v -0.699702144 -0.0195248667 7.28231049
v -0.814357877 -0.0195248686 7.46079063
v -0.814357877 -0.0951741263 7.46079063
v -0.699702144 -0.166348249 7.28231049
v -0.704044163 -0.0111203287 7.28906822
v -0.699702144 -0.0195248667 7.28231049
v -0.498851299 -0.0195248667 7.41117239
v -0.503192127 -0.0111203287 7.4179306
v -0.814082026 -0.0189909302 7.460361
v -0.810017049 -0.0111203315 7.45403242
v -0.609165013 -0.0111203315 7.58289433
v -0.814357877 -0.0195248686 7.46079063
v -0.613507092 -0.0195248686 7.58965254
v 0.609165013 -0.0111203315 7.58289433
v 0.503192127 -0.0111203287 7.4179306
v 0.704044163 -0.0111203287 7.28906822
v 0.810017049 -0.0111203315 7.45403242
v 0.699702144 -0.166348249 7.28231049
v 0.699702144 -0.0195248667 7.28231049
v 0.498851299 -0.0195248667 7.41117287
v 0.498851299 -0.166348249 7.41117287
v 0.613507092 -0.0951741263 7.58965254
v 0.613507092 -0.0195248686 7.58965254
v 0.814357877 -0.0195248686 7.46079063
v 0.814357877 -0.0951741263 7.46079063
v 0.498851299 -0.166348249 7.41117287
v 0.613507092 -0.0195248686 7.58965254
v 0.613507092 -0.0951741263 7.58965254
v 0.498851299 -0.0195248667 7.41117287
v 0.609165013 -0.0111203315 7.58289433
v 0.503192127 -0.0111203287 7.4179306
v 0.814082026 -0.0189909302 7.460361
v 0.810017049 -0.0111203315 7.45403242
v 0.704044163 -0.0111203287 7.28906822
v 0.699702144 -0.0195248667 7.28231049
v 0.814357877 -0.0195248686 7.46079063
v 0.814357877 -0.0951741263 7.46079063
v 0.699702144 -0.166348249 7.28231049
v 0.704044163 -0.0111203287 7.28906822
v 0.503192127 -0.0111203287 7.4179306
v 0.498851299 -0.0195248667 7.41117287
v 0.699702144 -0.0195248667 7.28231049
v 0.609165013 -0.0111203315 7.58289433
v 0.810017049 -0.0111203315 7.45403242
v 0.814082026 -0.0189909302 7.460361
v 0.814357877 -0.0195248686 7.46079063
v 0.613507092 -0.0195248686 7.58965254
v -3.8429687 -0.543062508 5.64209747
v -3.8429687 -0.284070671 5.64209747
v -3.64211655 -0.284070671 5.77095938
v -3.64211655 -0.543062508 5.77095938
v -3.61263657 -0.284070671 5.72506809
v -3.58173323 -0.543062568 5.67696381
v -3.64211655 -0.543062508 5.77095938
v -3.64211655 -0.284070671 5.77095938
v -3.58173323 -0.543062568 5.67696381
v -3.78258538 -0.543062568 5.54810238
v -3.8429687 -0.543062508 5.64209747
v -3.64211655 -0.543062508 5.77095938
v -3.78258538 -0.543062568 5.54810238
v -3.81348872 -0.284070671 5.59620667
v -3.8429687 -0.284070671 5.64209747
v -3.8429687 -0.543062508 5.64209747
v -4.82742071 -0.166348875 4.64922428
v -4.65987682 -0.166348875 4.61455441
v -4.65987682 -0.0598879382 4.61455441
v -4.82742071 -0.0598879382 4.64922428
v -4.61416721 -0.0598879382 4.64387989
v -4.61416721 -0.166348875 4.64387989
v -4.5759654 -0.166348875 4.81055117
v -4.5759654 -0.0598879382 4.81055117
v -4.62916994 -0.0598879382 4.61699247
v -4.61416721 -0.166348875 4.64387989
v -4.61416721 -0.0598879382 4.64387989
v -4.62916994 -0.166348875 4.61699247
v -4.65987682 -0.166348875 4.61455441
v -4.65987682 -0.0598879382 4.61455441
v -4.62916994 -0.0598879382 4.61699247
v -4.82742071 -0.0598879382 4.64922428
v -4.65987682 -0.0598879382 4.61455441
v -4.5759654 -0.0598879382 4.81055117
v -4.61416721 -0.0598879382 4.64387989
v -3.47029781 -0.166348875 5.51992178
v -3.30275249 -0.166348875 5.4852519
v -3.30275249 -0.0598879382 5.4852519
v -3.47029781 -0.0598879382 5.51992178
v -3.25704455 -0.0598879382 5.51457739
v -3.25704455 -0.166348875 5.51457739
v -3.21884274 -0.166348875 5.68124914
v -3.21884274 -0.0598879382 5.68124914
v -3.27204585 -0.0598879382 5.48769045
v -3.25704455 -0.166348875 5.51457739
v -3.25704455 -0.0598879382 5.51457739
v -3.27204585 -0.166348875 5.48769045
v -3.30275249 -0.166348875 5.4852519
v -3.30275249 -0.0598879382 5.4852519
v -3.27204585 -0.0598879382 5.48769045
v -3.47029781 -0.0598879382 5.51992178
v -3.30275249 -0.0598879382 5.4852519
v -3.21884274 -0.0598879382 5.68124914
v -3.25704455 -0.0598879382 5.51457739
v -4.72581291 -0.543062508 5.07568598
v -4.72581291 -0.284070671 5.07568598
v -4.52496195 -0.284070671 5.20454693
v -4.52496195 -0.543062508 5.20454693
v -4.49548101 -0.284070671 5.15865612
v -4.46458006 -0.543062568 5.11055183
v -4.52496195 -0.543062508 5.20454693
v -4.52496195 -0.284070671 5.20454693
v -4.46458006 -0.543062568 5.11055183
v -4.66543102 -0.543062568 4.98168993
v -4.72581291 -0.543062508 5.07568598
v -4.52496195 -0.543062508 5.20454693
v -4.66543102 -0.543062568 4.98168993
v -4.69633293 -0.284070671 5.02979422
v -4.72581291 -0.284070671 5.07568598
v -4.72581291 -0.543062508 5.07568598
v -3.24637556 -0.0111208092 5.8921752
v -3.62458134 -0.0111208092 5.64952803
v -3.51860833 -0.0111208092 5.48456478
v -3.14040279 -0.0111208092 5.72721195
v -3.51426625 -0.166348681 5.47780609
v -3.13606191 -0.166348681 5.72045374
v -3.13606191 -0.0195253454 5.72045374
v -3.51426625 -0.0195253454 5.47780609
v -3.25071764 -0.0951745659 5.89893341
v -3.62892318 -0.0951745659 5.65628672
v -3.62892318 -0.0195253454 5.65628672
v -3.25071764 -0.0195253454 5.89893341
v -3.13606191 -0.0195253454 5.72045374
v -3.24637556 -0.0111208092 5.8921752
v -3.14040279 -0.0111208092 5.72721195
v -3.25071764 -0.0195253454 5.89893341
v -3.13606191 -0.166348681 5.72045374
v -3.25071764 -0.0951745659 5.89893341
v -3.62892318 -0.0195253454 5.65628672
v -3.51860833 -0.0111208092 5.48456478
v -3.62458134 -0.0111208092 5.64952803
v -3.51426625 -0.0195253454 5.47780609
v -3.62892318 -0.0951745659 5.65628672
v -3.51426625 -0.166348681 5.47780609
v -3.51860833 -0.0111208092 5.48456478
v -3.51426625 -0.0195253454 5.47780609
v -3.13606191 -0.0195253454 5.72045374
v -3.14040279 -0.0111208092 5.72721195
v -3.24637556 -0.0111208092 5.8921752
v -3.25071764 -0.0195253454 5.89893341
v -3.62892318 -0.0195253454 5.65628672
v -3.62458134 -0.0111208092 5.64952803
v -3.93025136 -0.556547821 5.49065685
v -4.43059444 -0.516928613 5.16964817
v -3.93025136 -0.516928613 5.49065685
v -4.43059444 -0.556547821 5.16964817
v -4.18055773 -0.736054242 5.33006573
v -4.32063246 -0.740596592 5.24019718
v -4.03525114 -0.735595524 5.42329025
v -4.23532438 -0.810531616 5.29492807
v -4.12418079 -0.808086395 5.36623573
v -4.20564222 -0.854191959 5.31397152
v -4.15524149 -0.854191959 5.34630775
v -4.18055773 -0.859109581 5.33006573
v -4.18044281 -0.869182587 5.33014011
v -4.33267689 -0.777217329 5.19255161
v -4.46114016 -0.563695848 5.11013317
v -4.48480225 -0.563695848 5.14696693
v -4.35634041 -0.777217329 5.22938538
v -4.18592644 -0.925366402 5.33871889
v -4.15518284 -0.913833797 5.35844231
v -4.13152075 -0.913833797 5.32160854
v -4.16226435 -0.925366402 5.30188465
v -4.21666861 -0.913833797 5.31899405
v -4.18592644 -0.925366402 5.33871889
v -4.16226435 -0.925366402 5.30188465
v -4.19300795 -0.913833797 5.28216076
v -3.86338735 -0.563695848 5.49363613
v -3.98678088 -0.772044361 5.4144702
v -4.01044178 -0.77204442 5.45130491
v -3.88704944 -0.563695848 5.53047037
v -4.19300795 -0.913833797 5.28216076
v -4.33267689 -0.777217329 5.19255161
v -4.35634041 -0.777217329 5.22938538
v -4.21666861 -0.913833797 5.31899405
v -4.48480225 -0.516928554 5.14696693
v -4.48480225 -0.563695848 5.14696693
v -4.46114016 -0.563695848 5.11013317
v -4.46114016 -0.516928613 5.11013317
v -3.86338735 -0.563695848 5.49363613
v -3.88704944 -0.563695848 5.53047037
v -3.88704824 -0.516928554 5.53047037
v -3.86338735 -0.516928613 5.49363613
v -4.01044178 -0.77204442 5.45130491
v -3.98678088 -0.772044361 5.4144702
v -4.13152075 -0.913833797 5.32160854
v -4.15518284 -0.913833797 5.35844231
v -4.15518284 -0.913833797 5.35844231
v -4.18592644 -0.925366402 5.33871889
v -4.18594599 -0.869182587 5.33870649
v -4.16074467 -0.854191959 5.35487413
v -4.01044178 -0.77204442 5.45130491
v -4.04075432 -0.735595524 5.43185663
v -3.88704944 -0.563695848 5.53047037
v -3.9357543 -0.556547821 5.49922276
v -3.88704824 -0.516928554 5.53047037
v -3.9357543 -0.516928613 5.49922276
v -4.18592644 -0.925366402 5.33871889
v -4.21114635 -0.854191959 5.3225379
v -4.18594599 -0.869182587 5.33870649
v -4.21666861 -0.913833797 5.31899405
v -4.32613516 -0.740596592 5.24876404
v -4.35634041 -0.777217329 5.22938538
v -4.43609715 -0.556547821 5.17821455
v -4.48480225 -0.563695848 5.14696693
v -4.43609715 -0.516928613 5.17821455
v -4.48480225 -0.516928554 5.14696693
v -3.9357543 -0.556547821 5.49922276
v -4.03525114 -0.735595524 5.42329025
v -3.93025136 -0.556547821 5.49065685
v -4.04075432 -0.735595524 5.43185663
v -4.15524149 -0.854191959 5.34630775
v -4.16074467 -0.854191959 5.35487413
v -4.18044281 -0.869182587 5.33014011
v -4.18594599 -0.869182587 5.33870649
v -4.18594599 -0.869182587 5.33870649
v -4.20564222 -0.854191959 5.31397152
v -4.18044281 -0.869182587 5.33014011
v -4.21114635 -0.854191959 5.3225379
v -4.32063246 -0.740596592 5.24019718
v -4.32613516 -0.740596592 5.24876404
v -4.43059444 -0.556547821 5.16964817
v -4.43609715 -0.556547821 5.17821455
v -4.43609715 -0.556547821 5.17821455
v -4.43609715 -0.516928613 5.17821455
v -4.43059444 -0.516928613 5.16964817
v -4.43059444 -0.556547821 5.16964817
v -3.9357543 -0.516928613 5.49922276
v -3.9357543 -0.556547821 5.49922276
v -3.93025136 -0.556547821 5.49065685
v -3.93025136 -0.516928613 5.49065685
v -4.1762619 -0.859109581 5.32337999
v -4.23102999 -0.810531616 5.28824186
v -4.1762619 -0.736054242 5.32337999
v -4.1198864 -0.808086395 5.35955048
v -4.18055773 -0.859109581 5.33006573
v -4.23532438 -0.810531616 5.29492807
v -4.23102999 -0.810531616 5.28824186
v -4.1762619 -0.859109581 5.32337999
v -4.23532438 -0.810531616 5.29492807
v -4.18055773 -0.736054242 5.33006573
v -4.1762619 -0.736054242 5.32337999
v -4.23102999 -0.810531616 5.28824186
v -4.18055773 -0.736054242 5.33006573
v -4.12418079 -0.808086395 5.36623573
v -4.1198864 -0.808086395 5.35955048
v -4.1762619 -0.736054242 5.32337999
v -4.12418079 -0.808086395 5.36623573
v -4.18055773 -0.859109581 5.33006573
v -4.1762619 -0.859109581 5.32337999
v -4.1198864 -0.808086395 5.35955048
v -3.18511462 -0.516925454 5.93470144
v -3.16074324 -0.782750845 5.89312649
v -5.06123781 -0.782751322 4.67506695
v -5.08562756 -0.516925693 4.71661806
v -3.21512699 -0.516925454 5.98623943
v -3.18511462 -0.516925454 5.93470144
v -5.08562756 -0.516925693 4.71661806
v -5.11563969 -0.516925693 4.76815653
v -3.21512699 -0.284070373 5.98623943
v -3.21512699 -0.516925454 5.98623943
v -5.11563969 -0.516925693 4.76815653
v -5.11563969 -0.284070611 4.76815653
v -3.26588368 -0.284070402 6.0746994
v -3.21512699 -0.284070373 5.98623943
v -5.11563969 -0.284070611 4.76815653
v -5.16639757 -0.284070641 4.8566165
v -3.26588368 -0.155090317 6.0746994
v -3.26588368 -0.284070402 6.0746994
v -5.16639757 -0.284070641 4.8566165
v -5.16639757 -0.155090541 4.8566165
v -3.20825553 -0.103116237 5.97166681
v -3.24540043 -0.131513789 6.04188538
v -5.1467309 -0.131607488 4.82329321
v -5.10390377 -0.103037253 4.75671148
v -3.18051267 -0.0856409743 5.92677736
v -3.19807005 -0.0856409594 5.95694876
v -5.0985837 -0.085641183 4.73886538
v -5.08102512 -0.0856411904 4.70869446
v -5.16047335 -0.128734469 4.84626436
v -3.2599597 -0.128734231 6.06434727
v -3.26588368 -0.155090317 6.0746994
v -5.16639757 -0.155090541 4.8566165
v -3.2599597 -0.128734231 6.06434727
v -5.16047335 -0.128734469 4.84626436
v -5.15331173 -0.124144599 4.83510733
v -3.25280261 -0.124139361 6.05318975
v -5.0985837 -0.085641183 4.73886538
v -3.19807005 -0.0856409594 5.95694876
v -3.20523667 -0.0902358443 5.96810055
v -5.10574341 -0.090231061 4.75002289
v -3.25280261 -0.124139361 6.05318975
v -5.15331173 -0.124144599 4.83510733
v -5.1467309 -0.131607488 4.82329321
v -3.24540043 -0.131513789 6.04188538
v -5.10574341 -0.090231061 4.75002289
v -3.20523667 -0.0902358443 5.96810055
v -3.20825553 -0.103116237 5.97166681
v -5.10390377 -0.103037253 4.75671148
v -4.98937511 -0.0333021581 4.55223036
v -4.98684692 -0.0385355167 4.54791451
v -3.08633423 -0.0385352857 5.76599789
v -3.08886218 -0.0333019309 5.77031374
v -5.08102655 -0.0385355316 4.70869398
v -5.07849836 -0.0333021544 4.7043786
v -3.17798567 -0.0333019271 5.92246151
v -3.18051267 -0.0385352969 5.92677736
v -3.18051267 -0.0385352969 5.92677736
v -3.18051267 -0.0856409743 5.92677736
v -5.08102512 -0.0856411904 4.70869446
v -5.08102655 -0.0385355316 4.70869398
v -5.07849836 -0.0333021544 4.7043786
v -4.98937511 -0.0333021581 4.55223036
v -3.08886218 -0.0333019309 5.77031374
v -3.17798567 -0.0333019271 5.92246151
v -4.98684692 -0.166348681 4.54791451
v -3.08633423 -0.166348472 5.76599741
v -3.08633423 -0.0385352857 5.76599789
v -4.98684692 -0.0385355167 4.54791451
v -3.81555414 -0.0111207766 5.52700424
v -4.01640511 -0.0111207766 5.39814281
v -3.9104321 -0.0111207748 5.23317862
v -3.70958114 -0.0111207748 5.362041
v -3.90609121 -0.166348681 5.22642088
v -3.70523906 -0.166348681 5.35528231
v -3.70523906 -0.0195253137 5.35528231
v -3.90609121 -0.0195253137 5.22642088
v -3.81989503 -0.0951745659 5.53376293
v -4.02074718 -0.0951745659 5.40490103
v -4.02074718 -0.0195253156 5.40490103
v -3.81989503 -0.0195253156 5.53376293
v -3.70523906 -0.166348681 5.35528231
v -3.81989503 -0.0951745659 5.53376293
v -3.81989503 -0.0195253156 5.53376293
v -3.70523906 -0.0195253137 5.35528231
v -3.81555414 -0.0111207766 5.52700424
v -3.70958114 -0.0111207748 5.362041
v -4.0204711 -0.0189913753 5.4044714
v -3.9104321 -0.0111207748 5.23317862
v -4.01640511 -0.0111207766 5.39814281
v -3.90609121 -0.0195253137 5.22642088
v -4.02074718 -0.0195253156 5.40490103
v -4.02074718 -0.0951745659 5.40490103
v -3.90609121 -0.166348681 5.22642088
v -3.9104321 -0.0111207748 5.23317862
v -3.90609121 -0.0195253137 5.22642088
v -3.70523906 -0.0195253137 5.35528231
v -3.70958114 -0.0111207748 5.362041
v -4.0204711 -0.0189913753 5.4044714
v -4.01640511 -0.0111207766 5.39814281
v -3.81555414 -0.0111207766 5.52700424
v -4.02074718 -0.0195253156 5.40490103
v -3.81989503 -0.0195253156 5.53376293
v -4.67598724 -0.0111208092 4.97497129
v -5.05419159 -0.0111208092 4.73232412
v -4.94821882 -0.0111208092 4.56736088
v -4.57001448 -0.0111208092 4.81000805
v -4.94387674 -0.166348681 4.56060219
v -4.56567383 -0.166348681 4.80324936
v -4.56567383 -0.0195253454 4.80324936
v -4.94387674 -0.0195253454 4.56060219
v -4.68032932 -0.0951745659 4.98172951
v -5.05853367 -0.0951745659 4.73908234
v -5.05853367 -0.0195253454 4.73908234
v -4.68032932 -0.0195253454 4.98172951
v -4.56567383 -0.0195253454 4.80324936
v -4.67598724 -0.0111208092 4.97497129
v -4.57001448 -0.0111208092 4.81000805
v -4.68032932 -0.0195253454 4.98172951
v -4.56567383 -0.166348681 4.80324936
v -4.68032932 -0.0951745659 4.98172951
v -5.05853367 -0.0195253454 4.73908234
v -4.94821882 -0.0111208092 4.56736088
v -5.05419159 -0.0111208092 4.73232412
v -4.94387674 -0.0195253454 4.56060219
v -5.05853367 -0.0951745659 4.73908234
v -4.94387674 -0.166348681 4.56060219
v -4.94821882 -0.0111208092 4.56736088
v -4.94387674 -0.0195253454 4.56060219
v -4.56567383 -0.0195253454 4.80324936
v -4.57001448 -0.0111208092 4.81000805
v -4.67598724 -0.0111208092 4.97497129
v -4.68032932 -0.0195253454 4.98172951
v -5.05853367 -0.0195253454 4.73908234
v -5.05419159 -0.0111208092 4.73232412
v 1.94247305 -0.543062031 6.86015654
v 1.74162233 -0.543062031 6.98901844
v 1.74162233 -0.284070194 6.98901844
v 1.94247305 -0.284070194 6.86015654
v 1.71214104 -0.284070194 6.94312716
v 1.74162233 -0.284070194 6.98901844
v 1.74162233 -0.543062031 6.98901844
v 1.68123901 -0.543062091 6.89502287
v 1.68123901 -0.543062091 6.89502287
v 1.74162233 -0.543062031 6.98901844
v 1.94247305 -0.543062031 6.86015654
v 1.88208985 -0.543062091 6.76616096
v 1.88208985 -0.543062091 6.76616096
v 1.94247305 -0.543062031 6.86015654
v 1.94247305 -0.284070194 6.86015654
v 1.91299307 -0.284070194 6.81426573
v 2.92692614 -0.166348428 5.86728334
v 2.92692614 -0.0598874874 5.86728334
v 2.75938225 -0.0598874874 5.83261347
v 2.75938225 -0.166348428 5.83261347
v 2.71367311 -0.0598874874 5.86193848
v 2.67547107 -0.0598874874 6.02861071
v 2.67547107 -0.166348428 6.02861071
v 2.71367311 -0.166348428 5.86193848
v 2.72867417 -0.0598874874 5.83505106
v 2.71367311 -0.0598874874 5.86193848
v 2.71367311 -0.166348428 5.86193848
v 2.72867417 -0.166348428 5.83505106
v 2.75938225 -0.166348428 5.83261347
v 2.75938225 -0.0598874874 5.83261347
v 2.72867417 -0.0598874874 5.83505106
v 2.75938225 -0.0598874874 5.83261347
v 2.92692614 -0.0598874874 5.86728334
v 2.67547107 -0.0598874874 6.02861071
v 2.71367311 -0.0598874874 5.86193848
v 1.56980217 -0.166348428 6.73798084
v 1.56980217 -0.0598874874 6.73798084
v 1.40225828 -0.0598874874 6.70331097
v 1.40225828 -0.166348428 6.70331097
v 1.35654902 -0.0598874874 6.73263645
v 1.3183471 -0.0598874874 6.89930773
v 1.3183471 -0.166348428 6.89930773
v 1.35654902 -0.166348428 6.73263645
v 1.37155032 -0.0598874874 6.70574951
v 1.35654902 -0.0598874874 6.73263645
v 1.35654902 -0.166348428 6.73263645
v 1.37155032 -0.166348428 6.70574951
v 1.40225828 -0.166348428 6.70331097
v 1.40225828 -0.0598874874 6.70331097
v 1.37155032 -0.0598874874 6.70574951
v 1.40225828 -0.0598874874 6.70331097
v 1.56980217 -0.0598874874 6.73798084
v 1.3183471 -0.0598874874 6.89930773
v 1.35654902 -0.0598874874 6.73263645
v 2.82531857 -0.543062031 6.29374504
v 2.62446761 -0.543062031 6.42260599
v 2.62446761 -0.284070194 6.42260599
v 2.82531857 -0.284070194 6.29374504
v 2.59498644 -0.284070194 6.37671518
v 2.62446761 -0.284070194 6.42260599
v 2.62446761 -0.543062031 6.42260599
v 2.56408453 -0.543062091 6.3286109
v 2.56408453 -0.543062091 6.3286109
v 2.62446761 -0.543062031 6.42260599
v 2.82531857 -0.543062031 6.29374504
v 2.76493645 -0.543062091 6.19974899
v 2.76493645 -0.543062091 6.19974899
v 2.82531857 -0.543062031 6.29374504
v 2.82531857 -0.284070194 6.29374504
v 2.7958374 -0.284070194 6.24785328
v 1.34588134 -0.0111203631 7.11023426
v 1.23990846 -0.0111203631 6.94527102
v 1.6181128 -0.0111203631 6.70262337
v 1.72408688 -0.0111203631 6.86758709
v 1.61377192 -0.166348249 6.69586515
v 1.61377192 -0.0195249002 6.69586515
v 1.23556638 -0.0195249002 6.9385128
v 1.23556638 -0.166348249 6.9385128
v 1.35022211 -0.0951741263 7.11699247
v 1.35022211 -0.0195249002 7.11699247
v 1.72842765 -0.0195249002 6.87434578
v 1.72842765 -0.0951741263 6.87434578
v 1.23556638 -0.0195249002 6.9385128
v 1.23990846 -0.0111203631 6.94527102
v 1.34588134 -0.0111203631 7.11023426
v 1.35022211 -0.0195249002 7.11699247
v 1.23556638 -0.166348249 6.9385128
v 1.35022211 -0.0951741263 7.11699247
v 1.72842765 -0.0195249002 6.87434578
v 1.72408688 -0.0111203631 6.86758709
v 1.6181128 -0.0111203631 6.70262337
v 1.61377192 -0.0195249002 6.69586515
v 1.72842765 -0.0951741263 6.87434578
v 1.61377192 -0.166348249 6.69586515
v 1.6181128 -0.0111203631 6.70262337
v 1.23990846 -0.0111203631 6.94527102
v 1.23556638 -0.0195249002 6.9385128
v 1.61377192 -0.0195249002 6.69586515
v 1.34588134 -0.0111203631 7.11023426
v 1.72408688 -0.0111203631 6.86758709
v 1.72842765 -0.0195249002 6.87434578
v 1.35022211 -0.0195249002 7.11699247
v 2.02975702 -0.556547344 6.70871544
v 2.02975702 -0.516928136 6.70871544
v 2.53010011 -0.516928136 6.38770723
v 2.53010011 -0.556547344 6.38770723
v 2.28006339 -0.736053765 6.54812479
v 2.42013669 -0.740596116 6.45825624
v 2.13475704 -0.735595047 6.64134932
v 2.33483028 -0.810531139 6.51298714
v 2.22368646 -0.808085978 6.5842948
v 2.30514765 -0.854191482 6.53203058
v 2.25474596 -0.854191482 6.56436634
v 2.28006339 -0.859109104 6.54812479
v 2.27994871 -0.869182169 6.54819918
v 2.43218255 -0.777216911 6.4106102
v 2.45584464 -0.777216911 6.44744444
v 2.58430791 -0.563695371 6.365026
v 2.56064439 -0.563695371 6.32819223
v 2.2854321 -0.925365984 6.55677843
v 2.26177001 -0.925365984 6.51994371
v 2.23102546 -0.91383338 6.53966761
v 2.25468755 -0.91383338 6.57650137
v 2.31617427 -0.91383338 6.53705311
v 2.29251218 -0.91383338 6.50021935
v 2.26177001 -0.925365984 6.51994371
v 2.2854321 -0.925365984 6.55677843
v 1.96289301 -0.563695371 6.71169519
v 1.98655391 -0.563695371 6.74852943
v 2.10994744 -0.772044003 6.66936398
v 2.08628654 -0.772043884 6.63252926
v 2.29251218 -0.91383338 6.50021935
v 2.31617427 -0.91383338 6.53705311
v 2.45584464 -0.777216911 6.44744444
v 2.43218255 -0.777216911 6.4106102
v 2.58430791 -0.516928077 6.365026
v 2.56064439 -0.516928136 6.32819223
v 2.56064439 -0.563695371 6.32819223
v 2.58430791 -0.563695371 6.365026
v 1.96289301 -0.563695371 6.71169519
v 1.96289301 -0.516928136 6.71169519
v 1.98655391 -0.516928077 6.74852943
v 1.98655391 -0.563695371 6.74852943
v 2.10994744 -0.772044003 6.66936398
v 2.25468755 -0.91383338 6.57650137
v 2.23102546 -0.91383338 6.53966761
v 2.08628654 -0.772043884 6.63252926
v 2.25468755 -0.91383338 6.57650137
v 2.28545165 -0.869182169 6.55676556
v 2.2854321 -0.925365984 6.55677843
v 2.2602489 -0.854191482 6.5729332
v 2.10994744 -0.772044003 6.66936398
v 2.14025998 -0.735595047 6.6499157
v 1.98655391 -0.563695371 6.74852943
v 2.03525996 -0.556547344 6.71728134
v 1.98655391 -0.516928077 6.74852943
v 2.03525877 -0.516928136 6.71728134
v 2.2854321 -0.925365984 6.55677843
v 2.28545165 -0.869182169 6.55676556
v 2.31065059 -0.854191482 6.54059696
v 2.31617427 -0.91383338 6.53705311
v 2.42563963 -0.740596116 6.46682215
v 2.45584464 -0.777216911 6.44744444
v 2.53560305 -0.556547344 6.39627361
v 2.58430791 -0.563695371 6.365026
v 2.53560305 -0.516928136 6.39627361
v 2.58430791 -0.516928077 6.365026
v 2.03525996 -0.556547344 6.71728134
v 2.02975702 -0.556547344 6.70871544
v 2.13475704 -0.735595047 6.64134932
v 2.14025998 -0.735595047 6.6499157
v 2.25474596 -0.854191482 6.56436634
v 2.2602489 -0.854191482 6.5729332
v 2.27994871 -0.869182169 6.54819918
v 2.28545165 -0.869182169 6.55676556
v 2.28545165 -0.869182169 6.55676556
v 2.27994871 -0.869182169 6.54819918
v 2.30514765 -0.854191482 6.53203058
v 2.31065059 -0.854191482 6.54059696
v 2.42013669 -0.740596116 6.45825624
v 2.42563963 -0.740596116 6.46682215
v 2.53010011 -0.556547344 6.38770723
v 2.53560305 -0.556547344 6.39627361
v 2.53560305 -0.556547344 6.39627361
v 2.53010011 -0.556547344 6.38770723
v 2.53010011 -0.516928136 6.38770723
v 2.53560305 -0.516928136 6.39627361
v 2.03525877 -0.516928136 6.71728134
v 2.02975702 -0.516928136 6.70871544
v 2.02975702 -0.556547344 6.70871544
v 2.03525996 -0.556547344 6.71728134
v 2.2757678 -0.859109104 6.54143906
v 2.21939206 -0.808085978 6.57760906
v 2.2757678 -0.736053765 6.54143906
v 2.3305347 -0.810531139 6.50630093
v 2.28006339 -0.859109104 6.54812479
v 2.2757678 -0.859109104 6.54143906
v 2.3305347 -0.810531139 6.50630093
v 2.33483028 -0.810531139 6.51298714
v 2.33483028 -0.810531139 6.51298714
v 2.3305347 -0.810531139 6.50630093
v 2.2757678 -0.736053765 6.54143906
v 2.28006339 -0.736053765 6.54812479
v 2.28006339 -0.736053765 6.54812479
v 2.2757678 -0.736053765 6.54143906
v 2.21939206 -0.808085978 6.57760906
v 2.22368646 -0.808085978 6.5842948
v 2.22368646 -0.808085978 6.5842948
v 2.21939206 -0.808085978 6.57760906
v 2.2757678 -0.859109104 6.54143906
v 2.28006339 -0.859109104 6.54812479
v 1.28460085 -0.516925216 7.15278387
v 3.18511462 -0.516925454 5.93470144
v 3.16074324 -0.782750845 5.89312649
v 1.26024783 -0.782750368 7.11118555
v 1.31461298 -0.516925216 7.20432186
v 3.21512699 -0.516925454 5.98623943
v 3.18511462 -0.516925454 5.93470144
v 1.28460085 -0.516925216 7.15278387
v 1.31461298 -0.284070134 7.20432186
v 3.21512699 -0.284070373 5.98623943
v 3.21512699 -0.516925454 5.98623943
v 1.31461298 -0.516925216 7.20432186
v 1.36537111 -0.284070194 7.29278183
v 3.26588368 -0.284070402 6.0746994
v 3.21512699 -0.284070373 5.98623943
v 1.31461298 -0.284070134 7.20432186
v 1.36537111 -0.155090094 7.29278183
v 3.26588368 -0.155090317 6.0746994
v 3.26588368 -0.284070402 6.0746994
v 1.36537111 -0.284070194 7.29278183
v 1.30775881 -0.103113897 7.18972015
v 3.20340085 -0.1030313 5.97475672
v 3.24624515 -0.131612539 6.04136705
v 1.34490848 -0.131515235 7.25994968
v 1.27999878 -0.0856407434 7.14485931
v 3.18051267 -0.0856409743 5.92677736
v 3.19807005 -0.0856409594 5.95694876
v 1.29755616 -0.0856407434 7.17503023
v 3.2599597 -0.128734231 6.06434727
v 3.26588368 -0.155090317 6.0746994
v 1.36537111 -0.155090094 7.29278183
v 1.35944581 -0.128733978 7.2824297
v 1.35944581 -0.128733978 7.2824297
v 1.35229373 -0.124134108 7.27127123
v 3.25280261 -0.124139361 6.05318975
v 3.2599597 -0.128734231 6.06434727
v 3.19807005 -0.0856409594 5.95694876
v 3.20523667 -0.0902358443 5.96810055
v 1.30472898 -0.090240635 7.18617678
v 1.29755616 -0.0856407434 7.17503023
v 1.35229373 -0.124134108 7.27127123
v 1.34490848 -0.131515235 7.25994968
v 3.24624515 -0.131612539 6.04136705
v 3.25280261 -0.124139361 6.05318975
v 3.20523667 -0.0902358443 5.96810055
v 3.20340085 -0.1030313 5.97475672
v 1.30775881 -0.103113897 7.18972015
v 1.30472898 -0.090240635 7.18617678
v 3.08886218 -0.0333019309 5.77031374
v 1.18834841 -0.0333017074 6.98839569
v 1.18582034 -0.0385350659 6.98407936
v 3.08633423 -0.0385352857 5.76599789
v 3.18051267 -0.0385352969 5.92677736
v 1.27999997 -0.0385350697 7.14485931
v 1.2774719 -0.0333017036 7.14054441
v 3.17798567 -0.0333019271 5.92246151
v 1.27999997 -0.0385350697 7.14485931
v 3.18051267 -0.0385352969 5.92677736
v 3.18051267 -0.0856409743 5.92677736
v 1.27999878 -0.0856407434 7.14485931
v 3.17798567 -0.0333019271 5.92246151
v 1.2774719 -0.0333017036 7.14054441
v 1.18834841 -0.0333017074 6.98839569
v 3.08886218 -0.0333019309 5.77031374
v 3.08633423 -0.166348472 5.76599741
v 3.08633423 -0.0385352857 5.76599789
v 1.18582034 -0.0385350659 6.98407936
v 1.18582034 -0.166348249 6.98407936
v 1.91505849 -0.0111203315 6.7450633
v 1.80908561 -0.0111203287 6.58010006
v 2.00993776 -0.0111203287 6.45123768
v 2.11591053 -0.0111203315 6.6162014
v 2.00559568 -0.166348249 6.44447994
v 2.00559568 -0.0195248667 6.44447994
v 1.80474484 -0.0195248667 6.57334137
v 1.80474484 -0.166348249 6.57334137
v 1.91940057 -0.0951741263 6.75182152
v 1.91940057 -0.0195248686 6.75182152
v 2.12025142 -0.0195248686 6.62296009
v 2.12025142 -0.0951741263 6.62296009
v 1.80474484 -0.166348249 6.57334137
v 1.91940057 -0.0195248686 6.75182152
v 1.91940057 -0.0951741263 6.75182152
v 1.80474484 -0.0195248667 6.57334137
v 1.91505849 -0.0111203315 6.7450633
v 1.80908561 -0.0111203287 6.58010006
v 2.11997676 -0.0189909302 6.62253046
v 2.11591053 -0.0111203315 6.6162014
v 2.00993776 -0.0111203287 6.45123768
v 2.00559568 -0.0195248667 6.44447994
v 2.12025142 -0.0195248686 6.62296009
v 2.12025142 -0.0951741263 6.62296009
v 2.00559568 -0.166348249 6.44447994
v 2.00993776 -0.0111203287 6.45123768
v 1.80908561 -0.0111203287 6.58010006
v 1.80474484 -0.0195248667 6.57334137
v 2.00559568 -0.0195248667 6.44447994
v 1.91505849 -0.0111203315 6.7450633
v 2.11591053 -0.0111203315 6.6162014
v 2.11997676 -0.0189909302 6.62253046
v 2.12025142 -0.0195248686 6.62296009
v 1.91940057 -0.0195248686 6.75182152
v 2.77549314 -0.0111203631 6.19303036
v 2.66951895 -0.0111203631 6.02806711
v 3.04772449 -0.0111203631 5.78541994
v 3.15369749 -0.0111203631 5.95038319
v 3.04338241 -0.166348249 5.77866125
v 3.04338241 -0.0195249002 5.77866125
v 2.66517806 -0.0195249002 6.02130842
v 2.66517806 -0.166348249 6.02130842
v 2.77983403 -0.0951741263 6.19978857
v 2.77983403 -0.0195249002 6.19978857
v 3.15803957 -0.0195249002 5.95714092
v 3.15803957 -0.0951741263 5.95714092
v 2.66517806 -0.0195249002 6.02130842
v 2.66951895 -0.0111203631 6.02806711
v 2.77549314 -0.0111203631 6.19303036
v 2.77983403 -0.0195249002 6.19978857
v 2.66517806 -0.166348249 6.02130842
v 2.77983403 -0.0951741263 6.19978857
v 3.15803957 -0.0195249002 5.95714092
v 3.15369749 -0.0111203631 5.95038319
v 3.04772449 -0.0111203631 5.78541994
v 3.04338241 -0.0195249002 5.77866125
v 3.15803957 -0.0951741263 5.95714092
v 3.04338241 -0.166348249 5.77866125
v 3.04772449 -0.0111203631 5.78541994
v 2.66951895 -0.0111203631 6.02806711
v 2.66517806 -0.0195249002 6.02130842
v 3.04338241 -0.0195249002 5.77866125
v 2.77549314 -0.0111203631 6.19303036
v 3.15369749 -0.0111203631 5.95038319
v 3.15803957 -0.0195249002 5.95714092
v 2.77983403 -0.0195249002 6.19978857
v 3.8429687 -0.543062508 5.64209747
v 3.64211655 -0.543062508 5.77095938
v 3.64211655 -0.284070671 5.77095938
v 3.8429687 -0.284070671 5.64209747
v 3.61263657 -0.284070671 5.72506809
v 3.64211655 -0.284070671 5.77095938
v 3.64211655 -0.543062508 5.77095938
v 3.58173323 -0.543062568 5.67696381
v 3.58173323 -0.543062568 5.67696381
v 3.64211655 -0.543062508 5.77095938
v 3.8429687 -0.543062508 5.64209747
v 3.78258538 -0.543062568 5.54810238
v 3.78258538 -0.543062568 5.54810238
v 3.8429687 -0.543062508 5.64209747
v 3.8429687 -0.284070671 5.64209747
v 3.81348872 -0.284070671 5.59620667
v 4.82742071 -0.166348875 4.64922428
v 4.82742071 -0.0598879382 4.64922428
v 4.65987682 -0.0598879382 4.61455441
v 4.65987682 -0.166348875 4.61455441
v 4.61416721 -0.0598879382 4.64387989
v 4.5759654 -0.0598879382 4.81055117
v 4.5759654 -0.166348875 4.81055117
v 4.61416721 -0.166348875 4.64387989
v 4.62916994 -0.0598879382 4.61699247
v 4.61416721 -0.0598879382 4.64387989
v 4.61416721 -0.166348875 4.64387989
v 4.62916994 -0.166348875 4.61699247
v 4.65987682 -0.166348875 4.61455441
v 4.65987682 -0.0598879382 4.61455441
v 4.62916994 -0.0598879382 4.61699247
v 4.65987682 -0.0598879382 4.61455441
v 4.82742071 -0.0598879382 4.64922428
v 4.5759654 -0.0598879382 4.81055117
v 4.61416721 -0.0598879382 4.64387989
v 3.47029781 -0.166348875 5.51992178
v 3.47029781 -0.0598879382 5.51992178
v 3.30275249 -0.0598879382 5.4852519
v 3.30275249 -0.166348875 5.4852519
v 3.25704455 -0.0598879382 5.51457739
v 3.21884274 -0.0598879382 5.68124914
v 3.21884274 -0.166348875 5.68124914
v 3.25704455 -0.166348875 5.51457739
v 3.27204585 -0.0598879382 5.48769045
v 3.25704455 -0.0598879382 5.51457739
v 3.25704455 -0.166348875 5.51457739
v 3.27204585 -0.166348875 5.48769045
v 3.30275249 -0.166348875 5.4852519
v 3.30275249 -0.0598879382 5.4852519
v 3.27204585 -0.0598879382 5.48769045
v 3.30275249 -0.0598879382 5.4852519
v 3.47029781 -0.0598879382 5.51992178
v 3.21884274 -0.0598879382 5.68124914
v 3.25704455 -0.0598879382 5.51457739
v 4.72581291 -0.543062508 5.07568598
v 4.52496195 -0.543062508 5.20454693
v 4.52496195 -0.284070671 5.20454693
v 4.72581291 -0.284070671 5.07568598
v 4.49548101 -0.284070671 5.15865612
v 4.52496195 -0.284070671 5.20454693
v 4.52496195 -0.543062508 5.20454693
v 4.46458006 -0.543062568 5.11055183
v 4.46458006 -0.543062568 5.11055183
v 4.52496195 -0.543062508 5.20454693
v 4.72581291 -0.543062508 5.07568598
v 4.66543102 -0.543062568 4.98168993
v 4.66543102 -0.543062568 4.98168993
v 4.72581291 -0.543062508 5.07568598
v 4.72581291 -0.284070671 5.07568598
v 4.69633293 -0.284070671 5.02979422
v 3.24637556 -0.0111208092 5.8921752
v 3.14040279 -0.0111208092 5.72721195
v 3.51860833 -0.0111208092 5.48456478
v 3.62458134 -0.0111208092 5.64952803
v 3.51426625 -0.166348681 5.47780609
v 3.51426625 -0.0195253454 5.47780609
v 3.13606191 -0.0195253454 5.72045374
v 3.13606191 -0.166348681 5.72045374
v 3.25071764 -0.0951745659 5.89893341
v 3.25071764 -0.0195253454 5.89893341
v 3.62892318 -0.0195253454 5.65628672
v 3.62892318 -0.0951745659 5.65628672
v 3.13606191 -0.0195253454 5.72045374
v 3.14040279 -0.0111208092 5.72721195
v 3.24637556 -0.0111208092 5.8921752
v 3.25071764 -0.0195253454 5.89893341
v 3.13606191 -0.166348681 5.72045374
v 3.25071764 -0.0951745659 5.89893341
v 3.62892318 -0.0195253454 5.65628672
v 3.62458134 -0.0111208092 5.64952803
v 3.51860833 -0.0111208092 5.48456478
v 3.51426625 -0.0195253454 5.47780609
v 3.62892318 -0.0951745659 5.65628672
v 3.51426625 -0.166348681 5.47780609
v 3.51860833 -0.0111208092 5.48456478
v 3.14040279 -0.0111208092 5.72721195
v 3.13606191 -0.0195253454 5.72045374
v 3.51426625 -0.0195253454 5.47780609
v 3.24637556 -0.0111208092 5.8921752
v 3.62458134 -0.0111208092 5.64952803
v 3.62892318 -0.0195253454 5.65628672
v 3.25071764 -0.0195253454 5.89893341
v 3.93025136 -0.556547821 5.49065685
v 3.93025136 -0.516928613 5.49065685
v 4.43059444 -0.516928613 5.16964817
v 4.43059444 -0.556547821 5.16964817
v 4.18055773 -0.736054242 5.33006573
v 4.32063246 -0.740596592 5.24019718
v 4.03525114 -0.735595524 5.42329025
v 4.23532438 -0.810531616 5.29492807
v 4.12418079 -0.808086395 5.36623573
v 4.20564222 -0.854191959 5.31397152
v 4.15524149 -0.854191959 5.34630775
v 4.18055773 -0.859109581 5.33006573
v 4.18044281 -0.869182587 5.33014011
v 4.33267689 -0.777217329 5.19255161
v 4.35634041 -0.777217329 5.22938538
v 4.48480225 -0.563695848 5.14696693
v 4.46114016 -0.563695848 5.11013317
v 4.18592644 -0.925366402 5.33871889
v 4.16226435 -0.925366402 5.30188465
v 4.13152075 -0.913833797 5.32160854
v 4.15518284 -0.913833797 5.35844231
v 4.21666861 -0.913833797 5.31899405
v 4.19300795 -0.913833797 5.28216076
v 4.16226435 -0.925366402 5.30188465
v 4.18592644 -0.925366402 5.33871889
v 3.86338735 -0.563695848 5.49363613
v 3.88704944 -0.563695848 5.53047037
v 4.01044178 -0.77204442 5.45130491
v 3.98678088 -0.772044361 5.4144702
v 4.19300795 -0.913833797 5.28216076
v 4.21666861 -0.913833797 5.31899405
v 4.35634041 -0.777217329 5.22938538
v 4.33267689 -0.777217329 5.19255161
v 4.48480225 -0.516928554 5.14696693
v 4.46114016 -0.516928613 5.11013317
v 4.46114016 -0.563695848 5.11013317
v 4.48480225 -0.563695848 5.14696693
v 3.86338735 -0.563695848 5.49363613
v 3.86338735 -0.516928613 5.49363613
v 3.88704824 -0.516928554 5.53047037
v 3.88704944 -0.563695848 5.53047037
v 4.01044178 -0.77204442 5.45130491
v 4.15518284 -0.913833797 5.35844231
v 4.13152075 -0.913833797 5.32160854
v 3.98678088 -0.772044361 5.4144702
v 4.15518284 -0.913833797 5.35844231
v 4.18594599 -0.869182587 5.33870649
v 4.18592644 -0.925366402 5.33871889
v 4.16074467 -0.854191959 5.35487413
v 4.01044178 -0.77204442 5.45130491
v 4.04075432 -0.735595524 5.43185663
v 3.88704944 -0.563695848 5.53047037
v 3.9357543 -0.556547821 5.49922276
v 3.88704824 -0.516928554 5.53047037
v 3.9357543 -0.516928613 5.49922276
v 4.18592644 -0.925366402 5.33871889
v 4.18594599 -0.869182587 5.33870649
v 4.21114635 -0.854191959 5.3225379
v 4.21666861 -0.913833797 5.31899405
v 4.32613516 -0.740596592 5.24876404
v 4.35634041 -0.777217329 5.22938538
v 4.43609715 -0.556547821 5.17821455
v 4.48480225 -0.563695848 5.14696693
v 4.43609715 -0.516928613 5.17821455
v 4.48480225 -0.516928554 5.14696693
v 3.9357543 -0.556547821 5.49922276
v 3.93025136 -0.556547821 5.49065685
v 4.03525114 -0.735595524 5.42329025
v 4.04075432 -0.735595524 5.43185663
v 4.15524149 -0.854191959 5.34630775
v 4.16074467 -0.854191959 5.35487413
v 4.18044281 -0.869182587 5.33014011
v 4.18594599 -0.869182587 5.33870649
v 4.18594599 -0.869182587 5.33870649
v 4.18044281 -0.869182587 5.33014011
v 4.20564222 -0.854191959 5.31397152
v 4.21114635 -0.854191959 5.3225379
v 4.32063246 -0.740596592 5.24019718
v 4.32613516 -0.740596592 5.24876404
v 4.43059444 -0.556547821 5.16964817
v 4.43609715 -0.556547821 5.17821455
v 4.43609715 -0.556547821 5.17821455
v 4.43059444 -0.556547821 5.16964817
v 4.43059444 -0.516928613 5.16964817
v 4.43609715 -0.516928613 5.17821455
v 3.9357543 -0.516928613 5.49922276
v 3.93025136 -0.516928613 5.49065685
v 3.93025136 -0.556547821 5.49065685
v 3.9357543 -0.556547821 5.49922276
v 4.1762619 -0.859109581 5.32337999
v 4.1198864 -0.808086395 5.35955048
v 4.1762619 -0.736054242 5.32337999
v 4.23102999 -0.810531616 5.28824186
v 4.18055773 -0.859109581 5.33006573
v 4.1762619 -0.859109581 5.32337999
v 4.23102999 -0.810531616 5.28824186
v 4.23532438 -0.810531616 5.29492807
v 4.23532438 -0.810531616 5.29492807
v 4.23102999 -0.810531616 5.28824186
v 4.1762619 -0.736054242 5.32337999
v 4.18055773 -0.736054242 5.33006573
v 4.18055773 -0.736054242 5.33006573
v 4.1762619 -0.736054242 5.32337999
v 4.1198864 -0.808086395 5.35955048
v 4.12418079 -0.808086395 5.36623573
v 4.12418079 -0.808086395 5.36623573
v 4.1198864 -0.808086395 5.35955048
v 4.1762619 -0.859109581 5.32337999
v 4.18055773 -0.859109581 5.33006573
v 3.18511462 -0.516925454 5.93470144
v 5.08562803 -0.516925693 4.71661806
v 5.06123781 -0.782751322 4.67506695
v 3.16074324 -0.782750845 5.89312649
v 3.21512699 -0.516925454 5.98623943
v 5.11563969 -0.516925693 4.76815653
v 5.08562803 -0.516925693 4.71661806
v 3.18511462 -0.516925454 5.93470144
v 3.21512699 -0.284070373 5.98623943
v 5.11563969 -0.284070611 4.76815653
v 5.11563969 -0.516925693 4.76815653
v 3.21512699 -0.516925454 5.98623943
v 3.26588368 -0.284070402 6.0746994
v 5.16639757 -0.284070641 4.8566165
v 5.11563969 -0.284070611 4.76815653
v 3.21512699 -0.284070373 5.98623943
v 3.26588368 -0.155090317 6.0746994
v 5.16639757 -0.155090541 4.8566165
v 5.16639757 -0.284070641 4.8566165
v 3.26588368 -0.284070402 6.0746994
v 3.20825553 -0.103116237 5.97166681
v 5.10390377 -0.103037253 4.75671148
v 5.14673042 -0.131607488 4.82329321
v 3.24540043 -0.131513789 6.04188538
v 3.18051267 -0.0856409743 5.92677736
v 5.08102512 -0.0856411904 4.70869446
v 5.0985837 -0.085641183 4.73886538
v 3.19807005 -0.0856409594 5.95694876
v 5.16047335 -0.128734469 4.84626436
v 5.16639757 -0.155090541 4.8566165
v 3.26588368 -0.155090317 6.0746994
v 3.2599597 -0.128734231 6.06434727
v 3.2599597 -0.128734231 6.06434727
v 3.25280261 -0.124139361 6.05318975
v 5.15331173 -0.124144599 4.83510733
v 5.16047335 -0.128734469 4.84626436
v 5.0985837 -0.085641183 4.73886538
v 5.10574341 -0.090231061 4.75002289
v 3.20523667 -0.0902358443 5.96810055
v 3.19807005 -0.0856409594 5.95694876
v 3.25280261 -0.124139361 6.05318975
v 3.24540043 -0.131513789 6.04188538
v 5.14673042 -0.131607488 4.82329321
v 5.15331173 -0.124144599 4.83510733
v 5.10574341 -0.090231061 4.75002289
v 5.10390377 -0.103037253 4.75671148
v 3.20825553 -0.103116237 5.97166681
v 3.20523667 -0.0902358443 5.96810055
v 4.98937511 -0.0333021581 4.55223036
v 3.08886218 -0.0333019309 5.77031374
v 3.08633423 -0.0385352857 5.76599789
v 4.98684692 -0.0385355167 4.54791451
v 5.08102655 -0.0385355316 4.70869398
v 3.18051267 -0.0385352969 5.92677736
v 3.17798567 -0.0333019271 5.92246151
v 5.07849789 -0.0333021544 4.7043786
v 3.18051267 -0.0385352969 5.92677736
v 5.08102655 -0.0385355316 4.70869398
v 5.08102512 -0.0856411904 4.70869446
v 3.18051267 -0.0856409743 5.92677736
v 5.07849789 -0.0333021544 4.7043786
v 3.17798567 -0.0333019271 5.92246151
v 3.08886218 -0.0333019309 5.77031374
v 4.98937511 -0.0333021581 4.55223036
v 4.98684692 -0.166348681 4.54791451
v 4.98684692 -0.0385355167 4.54791451
v 3.08633423 -0.0385352857 5.76599789
v 3.08633423 -0.166348472 5.76599741
v 3.81555414 -0.0111207766 5.52700424
v 3.70958114 -0.0111207748 5.362041
v 3.9104321 -0.0111207748 5.23317862
v 4.01640511 -0.0111207766 5.39814281
v 3.90609121 -0.166348681 5.22642088
v 3.90609121 -0.0195253137 5.22642088
v 3.70523906 -0.0195253137 5.35528231
v 3.70523906 -0.166348681 5.35528231
v 3.81989503 -0.0951745659 5.53376293
v 3.81989503 -0.0195253156 5.53376293
v 4.02074718 -0.0195253156 5.40490103
v 4.02074718 -0.0951745659 5.40490103
v 3.70523906 -0.166348681 5.35528231
v 3.81989503 -0.0195253156 5.53376293
v 3.81989503 -0.0951745659 5.53376293
v 3.70523906 -0.0195253137 5.35528231
v 3.81555414 -0.0111207766 5.52700424
v 3.70958114 -0.0111207748 5.362041
v 4.0204711 -0.0189913753 5.4044714
v 4.01640511 -0.0111207766 5.39814281
v 3.9104321 -0.0111207748 5.23317862
v 3.90609121 -0.0195253137 5.22642088
v 4.02074718 -0.0195253156 5.40490103
v 4.02074718 -0.0951745659 5.40490103
v 3.90609121 -0.166348681 5.22642088
v 3.9104321 -0.0111207748 5.23317862
v 3.70958114 -0.0111207748 5.362041
v 3.70523906 -0.0195253137 5.35528231
v 3.90609121 -0.0195253137 5.22642088
v 3.81555414 -0.0111207766 5.52700424
v 4.01640511 -0.0111207766 5.39814281
v 4.0204711 -0.0189913753 5.4044714
v 4.02074718 -0.0195253156 5.40490103
v 3.81989503 -0.0195253156 5.53376293
v 4.67598629 -0.0111208092 4.97497129
v 4.57001448 -0.0111208092 4.81000805
v 4.94821882 -0.0111208092 4.56736088
v 5.05419159 -0.0111208092 4.73232412
v 4.94387722 -0.166348681 4.56060219
v 4.94387722 -0.0195253454 4.56060219
v 4.5656724 -0.0195253454 4.80324936
v 4.5656724 -0.166348681 4.80324936
v 4.68032837 -0.0951745659 4.98172951
v 4.68032837 -0.0195253454 4.98172951
v 5.05853367 -0.0195253454 4.73908234
v 5.05853367 -0.0951745659 4.73908234
v 4.5656724 -0.0195253454 4.80324936
v 4.57001448 -0.0111208092 4.81000805
v 4.67598629 -0.0111208092 4.97497129
v 4.68032837 -0.0195253454 4.98172951
v 4.5656724 -0.166348681 4.80324936
v 4.68032837 -0.0951745659 4.98172951
v 5.05853367 -0.0195253454 4.73908234
v 5.05419159 -0.0111208092 4.73232412
v 4.94821882 -0.0111208092 4.56736088
v 4.94387722 -0.0195253454 4.56060219
v 5.05853367 -0.0951745659 4.73908234
v 4.94387722 -0.166348681 4.56060219
v 4.94821882 -0.0111208092 4.56736088
v 4.57001448 -0.0111208092 4.81000805
v 4.5656724 -0.0195253454 4.80324936
v 4.94387722 -0.0195253454 4.56060219
v 4.67598629 -0.0111208092 4.97497129
v 5.05419159 -0.0111208092 4.73232412
v 5.05853367 -0.0195253454 4.73908234
v 4.68032837 -0.0195253454 4.98172951
v 0.111368403 0.0256512165 7.91362143
v 0.154788822 0.0256512184 7.73304176
v 0.215865478 0.0256512184 7.87437534
v 1.36424202E-14 0.0256512184 7.73304176
v 0.204000235 0.0256512184 7.90896034
v 1.36424202E-14 0.0256512165 7.91362143
v 0.123699948 0.0256512184 7.92512512
v 0.125395507 0.0256512165 7.94591761
v -0.111368403 0.0256512165 7.91362143
v 0.159910887 0.0256512184 7.95925283
v 0.118879393 0.0256512165 7.95811749
v 0.0827197284 0.0256512165 7.99440765
v -0.154788822 0.0256512184 7.73304176
v -0.215865478 0.0256512184 7.87437534
v 0.0554272458 0.0256512184 8.05963135
v 0.0292639155 0.0256512165 8.04487419
v -0.204000235 0.0256512184 7.90896034
v -0.123699948 0.0256512184 7.92512512
v -0.125395507 0.0256512165 7.94591761
v 0.0134619139 0.0256512165 8.05625248
v 0.0232067872 0.0256512184 8.0823822
v -0.159910887 0.0256512184 7.95925283
v -0.118879393 0.0256512165 7.95811749
v -0.0827197284 0.0256512165 7.99440765
v 1.36424202E-14 0.0256512184 8.08849812
v 1.36424202E-14 0.0256512165 8.05873299
v -0.0554272458 0.0256512184 8.05963135
v -0.0292639155 0.0256512165 8.04487419
v -0.0134619139 0.0256512165 8.05625248
v -0.0232067872 0.0256512184 8.0823822
v 6.46491385 0.0259323791 3.34033346
v 6.2300086 0.0259323809 3.28392315
v 6.41386032 0.0259323809 3.20457363
v 6.2300086 0.0259323809 3.48501921
v 6.45885038 0.0259323809 3.21998882
v 6.46491385 0.0259323791 3.48501921
v 6.479877 0.0259323809 3.32431293
v 6.50692558 0.0259323791 3.32211041
v 6.46491385 0.0259323791 3.62970519
v 6.52427101 0.0259323809 3.27726793
v 6.5227952 0.0259323791 3.33057523
v 6.57000303 0.0259323791 3.37755275
v 6.2300086 0.0259323809 3.68611526
v 6.41386032 0.0259323809 3.76546502
v 6.65484858 0.0259323809 3.4130106
v 6.63565254 0.0259323791 3.44700074
v 6.45885038 0.0259323809 3.75004935
v 6.479877 0.0259323809 3.64572573
v 6.50692558 0.0259323791 3.647928
v 6.65045214 0.0259323791 3.46753049
v 6.68444395 0.0259323809 3.45487022
v 6.52427101 0.0259323809 3.69277072
v 6.5227952 0.0259323791 3.63946342
v 6.57000303 0.0259323791 3.5924859
v 6.69239998 0.0259323809 3.48501921
v 6.65367985 0.0259323791 3.48501921
v 6.65484858 0.0259323809 3.55702806
v 6.63565254 0.0259323791 3.52303815
v 6.65045214 0.0259323791 3.50250816
v 6.68444395 0.0259323809 3.51516843
v -6.46491432 0.0259323791 3.34033346
v -6.41385984 0.0259323809 3.20457363
v -6.23000956 0.0259323809 3.28392315
v -6.23000956 0.0259323809 3.48501921
v -6.45884991 0.0259323809 3.21998882
v -6.46491432 0.0259323791 3.48501921
v -6.47987795 0.0259323809 3.32431293
v -6.50692606 0.0259323791 3.32211041
v -6.46491432 0.0259323791 3.62970519
v -6.52427244 0.0259323809 3.27726793
v -6.5227952 0.0259323791 3.33057523
v -6.57000208 0.0259323791 3.37755275
v -6.23000956 0.0259323809 3.68611526
v -6.41385984 0.0259323809 3.76546502
v -6.65484858 0.0259323809 3.4130106
v -6.63565159 0.0259323791 3.44700074
v -6.45884991 0.0259323809 3.75004935
v -6.47987795 0.0259323809 3.64572573
v -6.50692606 0.0259323791 3.647928
v -6.65045166 0.0259323791 3.46753049
v -6.684443 0.0259323809 3.45487022
v -6.52427244 0.0259323809 3.69277072
v -6.5227952 0.0259323791 3.63946342
v -6.57000208 0.0259323791 3.5924859
v -6.69239998 0.0259323809 3.48501921
v -6.65367889 0.0259323791 3.48501921
v -6.65484858 0.0259323809 3.55702806
v -6.63565159 0.0259323791 3.52303815
v -6.65045166 0.0259323791 3.50250816
v -6.684443 0.0259323809 3.51516843
v 0.111368403 0.0256512165 -0.943583071
v 0.215865478 0.0256512184 -0.90433681
v 0.154788822 0.0256512184 -0.763003528
v 1.36424202E-14 0.0256512184 -0.763003528
v 0.204000235 0.0256512184 -0.938921809
v 1.36424202E-14 0.0256512165 -0.943583071
v 0.123699948 0.0256512184 -0.95508635
v 0.125395507 0.0256512165 -0.975879192
v -0.111368403 0.0256512165 -0.943583071
v 0.159910887 0.0256512184 -0.989213824
v 0.118879393 0.0256512165 -0.98807919
v 0.0827197284 0.0256512165 -1.02436912
v -0.154788822 0.0256512184 -0.763003528
v -0.215865478 0.0256512184 -0.90433681
v 0.0554272458 0.0256512184 -1.08959258
v 0.0292639155 0.0256512165 -1.07483578
v -0.204000235 0.0256512184 -0.938921809
v -0.123699948 0.0256512184 -0.95508635
v -0.125395507 0.0256512165 -0.975879192
v 0.0134619139 0.0256512165 -1.08621335
v 0.0232067872 0.0256512184 -1.11234403
v -0.159910887 0.0256512184 -0.989213824
v -0.118879393 0.0256512165 -0.98807919
v -0.0827197284 0.0256512165 -1.02436912
v 1.36424202E-14 0.0256512184 -1.1184597
v 1.36424202E-14 0.0256512165 -1.08869445
v -0.0554272458 0.0256512184 -1.08959258
v -0.0292639155 0.0256512165 -1.07483578
v -0.0134619139 0.0256512165 -1.08621335
v -0.0232067872 0.0256512184 -1.11234403
v 0.997316897 0.157866403 7.19130898
v 0.986256063 0.160051823 7.19950056
v 0.983630359 0.148853555 7.19541502
v 0.991258502 0.147171989 7.1896286
v 0.975190401 0.147171974 7.19993639
v 1.00666261 0.148529649 7.1804471
v 0.974197984 0.157866403 7.206141
v 0.997641563 0.140184805 7.1819067
v 0.965508997 0.140184805 7.2025218
v 1.02980709 -0.0111201787 7.08291101
v 0.960424781 0.148529649 7.21011257
v 1.0182116 -0.000588277995 7.09610891
v 0.878885508 -0.000588277995 7.18549681
v 0.862050772 -0.0111201787 7.19053936
v -0.97383666 0.157866403 7.206141
v -0.98589474 0.160051823 7.19949913
v -0.983269036 0.148853555 7.19541359
v -0.974830329 0.147171989 7.19993591
v -0.990897179 0.147171974 7.18962765
v -0.960063457 0.148529649 7.21011209
v -0.996955574 0.157866403 7.19130802
v -0.965146482 0.140184805 7.2025218
v -0.99728024 0.140184805 7.18190527
v -0.861689448 -0.0111201787 7.19053888
v -1.00630248 0.148529649 7.18044662
v -0.878524125 -0.000588277995 7.18549681
v -1.01785028 -0.000588277995 7.09610844
v -1.02944577 -0.0111201787 7.08291006
v 5.37026215 0.157865956 4.38675022
v 5.37969589 0.148853108 4.37602377
v 5.3823204 0.160051361 4.38010931
v 5.37125587 0.147171542 4.38054514
v 5.3873229 0.147171527 4.37023735
v 5.35648918 0.148529217 4.3907218
v 5.39338112 0.157865956 4.37191772
v 5.36157227 0.140184373 4.38313103
v 5.39370728 0.140184358 4.36251497
v 5.25811529 -0.0111206239 4.37114859
v 5.40272808 0.148529217 4.36105633
v 5.27495003 -0.000588723866 4.36610603
v 5.41427469 -0.000588723866 4.27671814
v 5.42587137 -0.0111206239 4.26352024
v 5.37026215 0.157865956 2.58328629
v 5.3823204 0.160051361 2.5899272
v 5.37969589 0.148853108 2.59401321
v 5.37125587 0.147171542 2.58949161
v 5.3873229 0.147171527 2.59979939
v 5.35648918 0.148529217 2.57931519
v 5.39338112 0.157865956 2.59811926
v 5.36157227 0.140184373 2.58690548
v 5.39370728 0.140184358 2.60752201
v 5.25811529 -0.0111206239 2.5988884
v 5.40272808 0.148529217 2.60898066
v 5.27495003 -0.000588723866 2.60393095
v 5.41427469 -0.000588723866 2.69331908
v 5.42587137 -0.0111206239 2.70651674
v -5.37026215 0.157865956 4.38675022
v -5.3823204 0.160051361 4.38010931
v -5.37969589 0.148853108 4.37602377
v -5.37125587 0.147171542 4.38054514
v -5.3873229 0.147171527 4.37023735
v -5.35648918 0.148529217 4.3907218
v -5.39338112 0.157865956 4.37191772
v -5.36157227 0.140184373 4.38313103
v -5.39370728 0.140184358 4.36251497
v -5.25811529 -0.0111206239 4.37114859
v -5.40272808 0.148529217 4.36105633
v -5.27495003 -0.000588723866 4.36610603
v -5.41427469 -0.000588723866 4.27671814
v -5.42587137 -0.0111206239 4.26352024
v -5.37026215 0.157865956 2.58328629
v -5.37969589 0.148853108 2.59401321
v -5.3823204 0.160051361 2.5899272
v -5.37125587 0.147171542 2.58949161
v -5.3873229 0.147171527 2.59979939
v -5.35648918 0.148529217 2.57931519
v -5.39338112 0.157865956 2.59811926
v -5.36157227 0.140184373 2.58690548
v -5.39370728 0.140184358 2.60752201
v -5.25811529 -0.0111206239 2.5988884
v -5.40272808 0.148529217 2.60898066
v -5.27495003 -0.000588723866 2.60393095
v -5.41427469 -0.000588723866 2.69331908
v -5.42587137 -0.0111206239 2.70651674
v 0.997316897 0.157866403 -0.221270442
v 0.983630359 0.148853555 -0.225375965
v 0.986256063 0.160051823 -0.22946167
v 0.991258502 0.147171989 -0.219589844
v 0.975190401 0.147171974 -0.229898065
v 1.00666261 0.148529649 -0.210408628
v 0.974197984 0.157866403 -0.236102596
v 0.997641563 0.140184805 -0.211867675
v 0.965508997 0.140184805 -0.232483521
v 1.02980709 -0.0111201787 -0.112872615
v 0.960424781 0.148529649 -0.240074158
v 1.0182116 -0.000588277995 -0.126070246
v 0.878885508 -0.000588277995 -0.215458065
v 0.862050772 -0.0111201787 -0.220500782
v -0.97383666 0.157866403 -0.236102283
v -0.983269036 0.148853555 -0.225375667
v -0.98589474 0.160051823 -0.229461059
v -0.974830329 0.147171989 -0.229897156
v -0.990897179 0.147171974 -0.219589233
v -0.960063457 0.148529649 -0.240073234
v -0.996955574 0.157866403 -0.22126922
v -0.965146482 0.140184805 -0.23248291
v -0.99728024 0.140184805 -0.211867064
v -0.861689448 -0.0111201787 -0.220500171
v -1.00630248 0.148529649 -0.210408017
v -0.878524125 -0.000588277995 -0.215457752
v -1.01785028 -0.000588277995 -0.126069948
v -1.02944577 -0.0111201787 -0.112871699
vt 0.0546875 0.549316406
vt 0.0982055664 0.4765625
vt 0.0546875 0.4765625
vt 0.0982055664 0.4765625
vt 0.0546875 0.404052734
vt 0.0546875 0.4765625
vt 0.0546875 0.4765625
vt 0.011177063 0.4765625
vt 0.0546875 0.549316406
vt 0.0546875 0.404052734
vt 0.011177063 0.4765625
vt 0.0546875 0.4765625
vt 0.0546875 0.548828125
vt 0.0981445312 0.4765625
vt 0.0546875 0.4765625
vt 0.0981445312 0.4765625
vt 0.0546875 0.404052734
vt 0.0546875 0.4765625
vt 0.0546875 0.4765625
vt 0.0112304688 0.4765625
vt 0.0546875 0.548828125
vt 0.0546875 0.404052734
vt 0.0112304688 0.4765625
vt 0.0546875 0.4765625
vt 0.0546875 0.548828125
vt 0.0546875 0.4765625
vt 0.0981445312 0.4765625
vt 0.0981445312 0.4765625
vt 0.0546875 0.4765625
vt 0.0546875 0.404052734
vt 0.0546875 0.4765625
vt 0.0546875 0.548828125
vt 0.0112304688 0.4765625
vt 0.0546875 0.404052734
vt 0.0546875 0.4765625
vt 0.0112304688 0.4765625
vt 0.0546875 0.549316406
vt 0.0546875 0.4765625
vt 0.0982055664 0.4765625
vt 0.0982055664 0.4765625
vt 0.0546875 0.4765625
vt 0.0546875 0.404052734
vt 0.0546875 0.4765625
vt 0.0546875 0.549316406
vt 0.011177063 0.4765625
vt 0.0546875 0.404052734
vt 0.0546875 0.4765625
vt 0.011177063 0.4765625
vt 0.441894531 0.204956055
vt 0.4375 0.192382812
vt 0.30078125 0.204956055
vt 0.419433594 0.141479492
vt 0.391845703 0.0933837891
vt 0.322265625 0.0234375
vt 0.30078125 0.0138397217
vt 0.279296875 0.0234375
vt 0.209716797 0.0933837891
vt 0.182250977 0.141479492
vt 0.1640625 0.192382812
vt 0.159667969 0.204956055
vt 0.395507812 0.0900878906
vt 0.395751953 0.0798950195
vt 0.456542969 0.141479492
vt 0.427246094 0.138427734
vt 0.446777344 0.189208984
vt 0.471435547 0.173706055
vt 0.451416016 0.204956055
vt 0.471191406 0.204956055
vt 0.206176758 0.0900878906
vt 0.20300293 0.0823974609
vt 0.145019531 0.141479492
vt 0.174194336 0.138427734
vt 0.130004883 0.173706055
vt 0.154785156 0.189208984
vt 0.150268555 0.204956055
vt 0.130493164 0.204956055
vt 0.699707031 0.0723266602
vt 0.6640625 0.107299805
vt 0.699707031 0.107299805
vt 0.6640625 0.0723266602
vt 0.636230469 0.0723266602
vt 0.636230469 0.107299805
vt 0.562988281 0.107299805
vt 0.562988281 0.0723266602
vt 0.475341797 0.0723266602
vt 0.475341797 0.107299805
vt 0.456298828 0.0723266602
vt 0.456298828 0.10736084
vt 0.6640625 0.0723266602
vt 0.699707031 0.107299805
vt 0.699707031 0.0723266602
vt 0.6640625 0.107299805
vt 0.636230469 0.0723266602
vt 0.636230469 0.107299805
vt 0.562988281 0.107299805
vt 0.562988281 0.0723266602
vt 0.475341797 0.107299805
vt 0.475341797 0.0723266602
vt 0.456298828 0.0723266602
vt 0.456298828 0.10736084
vt 0.446777344 0.189208984
vt 0.441894531 0.204956055
vt 0.451416016 0.204956055
vt 0.4375 0.192382812
vt 0.427246094 0.138427734
vt 0.419433594 0.141479492
vt 0.391845703 0.0933837891
vt 0.395507812 0.0900878906
vt 0.322265625 0.0234375
vt 0.159667969 0.204956055
vt 0.154785156 0.189208984
vt 0.150268555 0.204956055
vt 0.1640625 0.192382812
vt 0.182250977 0.141479492
vt 0.174194336 0.138427734
vt 0.209716797 0.0933837891
vt 0.206176758 0.0900878906
vt 0.279296875 0.0234375
vt 0.133300781 0.493164062
vt 0.133300781 0.545410156
vt 0.394042969 0.545410156
vt 0.394042969 0.493164062
vt 0.436523438 0.406005859
vt 0.436523438 0.380371094
vt 0.0909423828 0.380371094
vt 0.0909423828 0.406005859
vt 0.092590332 0.412109375
vt 0.131591797 0.487060547
vt 0.395751953 0.487060547
vt 0.434814453 0.412109375
vt 0.399414062 0.236206055
vt 0.392822266 0.229858398
vt 0.310302734 0.229858398
vt 0.303710938 0.236328125
vt 0.399414062 0.264404297
vt 0.303710938 0.293701172
vt 0.303710938 0.236328125
vt 0.310302734 0.229858398
vt 0.392822266 0.229858398
vt 0.399414062 0.236206055
vt 0.303710938 0.293701172
vt 0.399414062 0.264404297
vt 0.395751953 0.487060547
vt 0.131591797 0.487060547
vt 0.133300781 0.493164062
vt 0.394042969 0.493164062
vt 0.436523438 0.406005859
vt 0.0909423828 0.406005859
vt 0.092590332 0.412109375
vt 0.434814453 0.412109375
vt 0.975585938 0.192626953
vt 0.984863281 0.185302734
vt 0.984863281 0.12109375
vt 0.975585938 0.114990234
vt 0.975585938 0.114990234
vt 0.984863281 0.12109375
vt 0.984863281 0.185302734
vt 0.975585938 0.192626953
vt 0.975585938 0.192626953
vt 0.975585938 0.303222656
vt 0.984863281 0.294189453
vt 0.984863281 0.201660156
vt 0.490234375 0.353271484
vt 0.490234375 0.260009766
vt 0.410888672 0.293457031
vt 0.410888672 0.319091797
vt 0.404296875 0.295898438
vt 0.404296875 0.316650391
vt 0.400390625 0.296386719
vt 0.400390625 0.316162109
vt 0.975585938 0.114990234
vt 0.984863281 0.107788086
vt 0.984863281 0.0659790039
vt 0.975585938 0.0170288086
vt 0.984863281 0.0247802734
vt 0.917480469 0.303222656
vt 0.975585938 0.303222656
vt 0.975585938 0.192626953
vt 0.917480469 0.192626953
vt 0.917480469 0.192626953
vt 0.975585938 0.192626953
vt 0.975585938 0.114990234
vt 0.946289062 0.114990234
vt 0.946289062 0.114990234
vt 0.975585938 0.114990234
vt 0.975585938 0.0170288086
vt 0.94140625 0.0170288086
vt 0.946289062 0.114990234
vt 0.975585938 0.114990234
vt 0.975585938 0.192626953
vt 0.917480469 0.192626953
vt 0.490234375 0.260009766
vt 0.410888672 0.319091797
vt 0.490234375 0.353271484
vt 0.410888672 0.293457031
vt 0.404296875 0.295898438
vt 0.404296875 0.316650391
vt 0.400390625 0.296386719
vt 0.400390625 0.316162109
vt 0.0684204102 0.0259094238
vt 0.0897827148 0.0931396484
vt 0.0968017578 0.0966186523
vt 0.0659790039 0.0280456543
vt 0.0629272461 0.0227661133
vt 0.0621643066 0.0264434814
vt 0.0573730469 0.0219268799
vt 0.0573730469 0.0261230469
vt 0.0517883301 0.0227661133
vt 0.0525817871 0.0264587402
vt 0.0463256836 0.0259094238
vt 0.0487976074 0.0280456543
vt 0.0179443359 0.0966186523
vt 0.0249786377 0.0931396484
vt 0.0968017578 0.0966186523
vt 0.0897827148 0.0931396484
vt 0.0249786377 0.0931396484
vt 0.0179443359 0.0966186523
vt 0.158081055 0.0957641602
vt 0.192382812 0.0158843994
vt 0.145019531 0.0159301758
vt 0.131835938 0.0957641602
vt 0.0975952148 0.0158996582
vt 0.145019531 0.1015625
vt 0.151611328 0.100463867
vt 0.138427734 0.100463867
vt 0.878417969 0.0758666992
vt 0.855957031 0.122314453
vt 0.913574219 0.122314453
vt 0.891113281 0.0758666992
vt 0.884765625 0.0729980469
vt 0.888183594 0.0735473633
vt 0.881347656 0.0735473633
vt 0.975585938 0.192626953
vt 0.984863281 0.185302734
vt 0.984863281 0.12109375
vt 0.975585938 0.114990234
vt 0.975585938 0.114990234
vt 0.984863281 0.12109375
vt 0.984863281 0.185302734
vt 0.975585938 0.192626953
vt 0.975585938 0.192626953
vt 0.975585938 0.303222656
vt 0.984863281 0.294189453
vt 0.984863281 0.201660156
vt 0.490234375 0.353271484
vt 0.490234375 0.260009766
vt 0.410888672 0.293457031
vt 0.410888672 0.319091797
vt 0.404296875 0.295898438
vt 0.404296875 0.316650391
vt 0.400390625 0.296386719
vt 0.400390625 0.316162109
vt 0.975585938 0.114990234
vt 0.984863281 0.107788086
vt 0.984863281 0.0659790039
vt 0.975585938 0.0170288086
vt 0.984863281 0.0247802734
vt 0.917480469 0.303222656
vt 0.975585938 0.303222656
vt 0.975585938 0.192626953
vt 0.917480469 0.192626953
vt 0.917480469 0.192626953
vt 0.975585938 0.192626953
vt 0.975585938 0.114990234
vt 0.946289062 0.114990234
vt 0.946289062 0.114990234
vt 0.975585938 0.114990234
vt 0.975585938 0.0170288086
vt 0.94140625 0.0170288086
vt 0.946289062 0.114990234
vt 0.975585938 0.114990234
vt 0.975585938 0.192626953
vt 0.917480469 0.192626953
vt 0.490234375 0.260009766
vt 0.410888672 0.319091797
vt 0.490234375 0.353271484
vt 0.410888672 0.293457031
vt 0.404296875 0.295898438
vt 0.404296875 0.316650391
vt 0.400390625 0.296386719
vt 0.400390625 0.316162109
vt 0.0684204102 0.0259246826
vt 0.0897827148 0.0931396484
vt 0.0968017578 0.0966186523
vt 0.0659790039 0.0280456543
vt 0.0629272461 0.0227661133
vt 0.0621643066 0.0264587402
vt 0.0573730469 0.0219268799
vt 0.0573730469 0.0261383057
vt 0.0517883301 0.0227661133
vt 0.0525817871 0.0264587402
vt 0.0463256836 0.0259246826
vt 0.0487976074 0.0280609131
vt 0.0179443359 0.0966186523
vt 0.0249938965 0.0931396484
vt 0.0968017578 0.0966186523
vt 0.0897827148 0.0931396484
vt 0.0249938965 0.0931396484
vt 0.0179443359 0.0966186523
vt 0.158081055 0.0957641602
vt 0.192382812 0.0158843994
vt 0.145019531 0.0159301758
vt 0.131835938 0.0957641602
vt 0.0975952148 0.0158996582
vt 0.145019531 0.1015625
vt 0.151611328 0.100463867
vt 0.138427734 0.100463867
vt 0.878417969 0.0758666992
vt 0.855957031 0.122314453
vt 0.913574219 0.122314453
vt 0.891113281 0.0758666992
vt 0.884765625 0.0729980469
vt 0.888183594 0.0735473633
vt 0.881347656 0.0735473633
vt 0.397216797 0.359619141
vt 0.397216797 0.350830078
vt 0.316162109 0.349121094
vt 0.317138672 0.359619141
vt 0.294433594 0.359619141
vt 0.255615234 0.359619141
vt 0.255371094 0.340332031
vt 0.193115234 0.338134766
vt 0.193481445 0.359619141
vt 0.181274414 0.337646484
vt 0.181640625 0.359619141
vt 0.174804688 0.359619141
vt 0.251953125 0.319091797
vt 0.193847656 0.317382812
vt 0.180419922 0.315673828
vt 0.174804688 0.285644531
vt 0.174804688 0.336914062
vt 0.245117188 0.294921875
vt 0.244873047 0.269042969
vt 0.204467773 0.247070312
vt 0.196899414 0.288818359
vt 0.174804688 0.241821289
vt 0.168212891 0.337646484
vt 0.16784668 0.359619141
vt 0.156005859 0.359619141
vt 0.174804688 0.315185547
vt 0.169067383 0.315673828
vt 0.15637207 0.338134766
vt 0.0939331055 0.359619141
vt 0.155639648 0.317382812
vt 0.0940551758 0.340332031
vt 0.152587891 0.288818359
vt 0.174804688 0.241821289
vt 0.145019531 0.247070312
vt 0.0332946777 0.349121094
vt 0.0549926758 0.359619141
vt 0.0323791504 0.359619141
vt 0.0975341797 0.319091797
vt 0.104431152 0.294921875
vt 0.104675293 0.269042969
vt 0.397216797 0.359619141
vt 0.317138672 0.359619141
vt 0.316162109 0.349121094
vt 0.397216797 0.350830078
vt 0.801757812 0.383056641
vt 0.876464844 0.383056641
vt 0.877929688 0.375732422
vt 0.796875 0.375732422
vt 0.787597656 0.375732422
vt 0.786132812 0.383056641
vt 0.766601562 0.383056641
vt 0.764648438 0.375732422
vt 0.714355469 0.375732422
vt 0.715332031 0.383056641
vt 0.706054688 0.383056641
vt 0.705078125 0.375732422
vt 0.701171875 0.375732422
vt 0.701171875 0.383056641
vt 0.696289062 0.383056641
vt 0.697265625 0.375732422
vt 0.687988281 0.375732422
vt 0.687011719 0.383056641
vt 0.635742188 0.383056641
vt 0.637695312 0.375732422
vt 0.614746094 0.375732422
vt 0.616210938 0.383056641
vt 0.600585938 0.383056641
vt 0.60546875 0.375732422
vt 0.524414062 0.375732422
vt 0.525878906 0.383056641
vt 0.838867188 0.0163421631
vt 0.900390625 0.0539550781
vt 0.900390625 0.0163421631
vt 0.838867188 0.0539550781
vt 0.778808594 0.0163421631
vt 0.778808594 0.0539550781
vt 0.763671875 0.0539550781
vt 0.763671875 0.0163421631
vt 0.740234375 0.0539855957
vt 0.740234375 0.0163421631
vt 0.672851562 0.0163421631
vt 0.672851562 0.0539855957
vt 0.658203125 0.0163421631
vt 0.658203125 0.0539855957
vt 0.650390625 0.0539855957
vt 0.650390625 0.0163421631
vt 0.642578125 0.0163421631
vt 0.642578125 0.0539855957
vt 0.627929688 0.0539855957
vt 0.627929688 0.0163421631
vt 0.560546875 0.0539855957
vt 0.560546875 0.0163421631
vt 0.537109375 0.0163421631
vt 0.537109375 0.0539855957
vt 0.521972656 0.0163421631
vt 0.521972656 0.0539855957
vt 0.461914062 0.0539855957
vt 0.461914062 0.0163421631
vt 0.400390625 0.0539855957
vt 0.400390625 0.0163421631
vt 0.873535156 0.383056641
vt 0.94140625 0.389892578
vt 0.941894531 0.383056641
vt 0.873535156 0.389892578
vt 0.815429688 0.389892578
vt 0.815429688 0.383056641
vt 0.803710938 0.389892578
vt 0.803710938 0.383056641
vt 0.779785156 0.389892578
vt 0.779785156 0.383056641
vt 0.72265625 0.383056641
vt 0.72265625 0.389892578
vt 0.708984375 0.383056641
vt 0.708984375 0.389892578
vt 0.701171875 0.389892578
vt 0.701171875 0.383056641
vt 0.693359375 0.383056641
vt 0.693359375 0.389892578
vt 0.6796875 0.389892578
vt 0.680175781 0.383056641
vt 0.622558594 0.389892578
vt 0.622558594 0.383056641
vt 0.598632812 0.383056641
vt 0.598632812 0.389892578
vt 0.586914062 0.383056641
vt 0.586914062 0.389892578
vt 0.528808594 0.383056641
vt 0.528808594 0.389892578
vt 0.4609375 0.389892578
vt 0.460449219 0.383056641
vt 0.941894531 0.383056641
vt 0.938476562 0.375732422
vt 0.875976562 0.375732422
vt 0.873535156 0.383056641
vt 0.818847656 0.375732422
vt 0.815429688 0.383056641
vt 0.803710938 0.383056641
vt 0.802246094 0.375732422
vt 0.782226562 0.375732422
vt 0.779785156 0.383056641
vt 0.72265625 0.383056641
vt 0.723632812 0.375732422
vt 0.709472656 0.375732422
vt 0.708984375 0.383056641
vt 0.701171875 0.383056641
vt 0.701171875 0.375732422
vt 0.692871094 0.375732422
vt 0.693359375 0.383056641
vt 0.680175781 0.383056641
vt 0.678710938 0.375732422
vt 0.620605469 0.375732422
vt 0.622558594 0.383056641
vt 0.598632812 0.383056641
vt 0.600097656 0.375732422
vt 0.583496094 0.375732422
vt 0.586914062 0.383056641
vt 0.528808594 0.383056641
vt 0.526367188 0.375732422
vt 0.460449219 0.383056641
vt 0.463867188 0.375732422
vt 0.786621094 0.154907227
vt 0.793457031 0.153076172
vt 0.780273438 0.153076172
vt 0.771972656 0.146972656
vt 0.80078125 0.147094727
vt 0.829101562 0.111816406
vt 0.745117188 0.111572266
vt 0.787109375 0.0738525391
vt 0.842285156 0.0738525391
vt 0.844238281 0.0881347656
vt 0.844238281 0.0772705078
vt 0.845214844 0.0837402344
vt 0.731933594 0.0738525391
vt 0.729980469 0.0880737305
vt 0.729492188 0.0836791992
vt 0.73046875 0.0772094727
vt 0.0809936523 0.166992188
vt 0.0809936523 0.126708984
vt 0.0752563477 0.126708984
vt 0.0752563477 0.166992188
vt 0.0809936523 0.173095703
vt 0.0752563477 0.173095703
vt 0.0809936523 0.180664062
vt 0.0752563477 0.180664062
vt 0.0809936523 0.185668945
vt 0.0752563477 0.185668945
vt 0.0809936523 0.206298828
vt 0.0752563477 0.206298828
vt 0.0809936523 0.235351562
vt 0.0752563477 0.235351562
vt 0.0809936523 0.242431641
vt 0.0752563477 0.242431641
vt 0.0752563477 0.247314453
vt 0.0809936523 0.247314453
vt 0.0752563477 0.247314453
vt 0.0809936523 0.242431641
vt 0.0809936523 0.247314453
vt 0.0752563477 0.242431641
vt 0.0809936523 0.235351562
vt 0.0752563477 0.235351562
vt 0.0752563477 0.206298828
vt 0.0809936523 0.206298828
vt 0.0752563477 0.185668945
vt 0.0809936523 0.185668945
vt 0.0752563477 0.180664062
vt 0.0809936523 0.180664062
vt 0.0809936523 0.173095703
vt 0.0752563477 0.173095703
vt 0.0752563477 0.166992188
vt 0.0809936523 0.166992188
vt 0.0809936523 0.126708984
vt 0.0752563477 0.126708984
vt 0.600097656 0.864257812
vt 0.399902344 0.864257812
vt 0.415039062 0.875488281
vt 0.590332031 0.875488281
vt 0.600097656 0.778320312
vt 0.400146484 0.778320312
vt 0.399902344 0.813964844
vt 0.600097656 0.813964844
vt 0.600097656 0.7578125
vt 0.405029297 0.7578125
vt 0.400146484 0.778320312
vt 0.600097656 0.778320312
vt 0.300292969 0.5625
vt 0.300292969 0.641113281
vt 0.599609375 0.641113281
vt 0.599609375 0.5625
vt 0.600097656 0.672363281
vt 0.399902344 0.672363281
vt 0.399902344 0.737792969
vt 0.600097656 0.737792969
vt 0.627441406 0.658691406
vt 0.364746094 0.658691406
vt 0.399902344 0.672363281
vt 0.600097656 0.672363281
vt 0.9921875 0.864257812
vt 0.600097656 0.864257812
vt 0.622558594 0.875488281
vt 0.9921875 0.875488281
vt 0.9921875 0.832519531
vt 0.600097656 0.832519531
vt 0.600097656 0.85546875
vt 0.9921875 0.85546875
vt 0.9921875 0.813964844
vt 0.600097656 0.813964844
vt 0.600097656 0.823242188
vt 0.9921875 0.823242188
vt 0.9921875 0.778320312
vt 0.600097656 0.778320312
vt 0.600097656 0.813964844
vt 0.9921875 0.813964844
vt 0.9921875 0.7578125
vt 0.619628906 0.7578125
vt 0.600097656 0.778320312
vt 0.9921875 0.778320312
vt 0.9921875 0.672363281
vt 0.600097656 0.672363281
vt 0.600097656 0.737792969
vt 0.9921875 0.737792969
vt 0.9921875 0.658691406
vt 0.655761719 0.658691406
vt 0.600097656 0.672363281
vt 0.9921875 0.672363281
vt 0.607910156 0.5625
vt 0.600097656 0.641113281
vt 0.9921875 0.641113281
vt 0.9921875 0.5625
vt 0.600097656 0.823242188
vt 0.600097656 0.813964844
vt 0.399902344 0.813964844
vt 0.399902344 0.823242188
vt 0.600097656 0.85546875
vt 0.600097656 0.832519531
vt 0.399902344 0.832519531
vt 0.399902344 0.85546875
vt 0.0078125 0.864257812
vt 0.0078125 0.875488281
vt 0.3828125 0.875488281
vt 0.399902344 0.864257812
vt 0.0078125 0.832519531
vt 0.0078125 0.85546875
vt 0.399902344 0.85546875
vt 0.399902344 0.832519531
vt 0.0078125 0.813964844
vt 0.0078125 0.823242188
vt 0.399902344 0.823242188
vt 0.399902344 0.813964844
vt 0.0078125 0.778320312
vt 0.0078125 0.813964844
vt 0.399902344 0.813964844
vt 0.400146484 0.778320312
vt 0.0078125 0.7578125
vt 0.0078125 0.778320312
vt 0.400146484 0.778320312
vt 0.385498047 0.7578125
vt 0.0078125 0.672363281
vt 0.0078125 0.737792969
vt 0.399902344 0.737792969
vt 0.399902344 0.672363281
vt 0.0078125 0.658691406
vt 0.0078125 0.672363281
vt 0.399902344 0.672363281
vt 0.346191406 0.658691406
vt 0.391845703 0.5625
vt 0.0078125 0.5625
vt 0.0078125 0.641113281
vt 0.399902344 0.641113281
vt 0.9921875 0.864257812
vt 0.9921875 0.859863281
vt 0.600097656 0.859863281
vt 0.600097656 0.864257812
vt 0.600097656 0.823242188
vt 0.600097656 0.827636719
vt 0.9921875 0.827636719
vt 0.9921875 0.823242188
vt 0.600097656 0.864257812
vt 0.600097656 0.859863281
vt 0.399902344 0.859863281
vt 0.399902344 0.864257812
vt 0.399902344 0.823242188
vt 0.399902344 0.827636719
vt 0.600097656 0.827636719
vt 0.600097656 0.823242188
vt 0.0078125 0.823242188
vt 0.0078125 0.827636719
vt 0.399902344 0.827636719
vt 0.399902344 0.823242188
vt 0.399902344 0.864257812
vt 0.399902344 0.859863281
vt 0.0078125 0.859863281
vt 0.0078125 0.864257812
vt 0.9921875 0.859863281
vt 0.9921875 0.85546875
vt 0.600097656 0.85546875
vt 0.600097656 0.859863281
vt 0.600097656 0.827636719
vt 0.600097656 0.832519531
vt 0.9921875 0.832519531
vt 0.9921875 0.827636719
vt 0.600097656 0.859863281
vt 0.600097656 0.85546875
vt 0.399902344 0.85546875
vt 0.399902344 0.859863281
vt 0.399902344 0.827636719
vt 0.399902344 0.832519531
vt 0.600097656 0.832519531
vt 0.600097656 0.827636719
vt 0.0078125 0.827636719
vt 0.0078125 0.832519531
vt 0.399902344 0.832519531
vt 0.399902344 0.827636719
vt 0.399902344 0.859863281
vt 0.399902344 0.85546875
vt 0.0078125 0.85546875
vt 0.0078125 0.859863281
vt 0.0999755859 0.903808594
vt 0.444091797 0.903808594
vt 0.444580078 0.901367188
vt 0.0999755859 0.901367188
vt 0.0999755859 0.95703125
vt 0.430419922 0.95703125
vt 0.430908203 0.954101562
vt 0.100036621 0.954101562
vt 0.899902344 0.901367188
vt 0.556152344 0.901367188
vt 0.556640625 0.903808594
vt 0.899902344 0.903808594
vt 0.899902344 0.954101562
vt 0.569824219 0.954101562
vt 0.5703125 0.95703125
vt 0.899902344 0.95703125
vt 0.899902344 0.95703125
vt 0.5703125 0.95703125
vt 0.5703125 0.990234375
vt 0.899902344 0.990234375
vt 0.899902344 0.954101562
vt 0.899902344 0.903808594
vt 0.556640625 0.903808594
vt 0.569824219 0.954101562
vt 0.899902344 0.893554688
vt 0.556152344 0.893554688
vt 0.556152344 0.901367188
vt 0.899902344 0.901367188
vt 0.0999755859 0.95703125
vt 0.0999755859 0.990234375
vt 0.430664062 0.990234375
vt 0.430419922 0.95703125
vt 0.0999755859 0.893554688
vt 0.0999755859 0.901367188
vt 0.444580078 0.901367188
vt 0.444580078 0.893554688
vt 0.0999755859 0.903808594
vt 0.0999755859 0.954101562
vt 0.430908203 0.954101562
vt 0.444091797 0.903808594
vt 0.721679688 0.479980469
vt 0.721679688 0.537597656
vt 0.814941406 0.537597656
vt 0.814941406 0.479980469
vt 0.721679688 0.411621094
vt 0.721679688 0.472900391
vt 0.814941406 0.472900391
vt 0.814941406 0.411621094
vt 0.721679688 0.446044922
vt 0.721679688 0.472900391
vt 0.814941406 0.472900391
vt 0.814941406 0.446044922
vt 0.680664062 0.542480469
vt 0.719238281 0.475097656
vt 0.698730469 0.475097656
vt 0.719238281 0.542480469
vt 0.721679688 0.479980469
vt 0.721679688 0.537597656
vt 0.719238281 0.475097656
vt 0.721679688 0.479980469
vt 0.721679688 0.537597656
vt 0.719238281 0.542480469
vt 0.719238281 0.475097656
vt 0.698730469 0.475097656
vt 0.680664062 0.542480469
vt 0.814941406 0.537597656
vt 0.721679688 0.537597656
vt 0.721679688 0.544921875
vt 0.814941406 0.544921875
vt 0.814941406 0.472900391
vt 0.721679688 0.472900391
vt 0.721679688 0.479980469
vt 0.814941406 0.472900391
vt 0.814941406 0.479980469
vt 0.721679688 0.479980469
vt 0.814941406 0.479980469
vt 0.814941406 0.537597656
vt 0.721679688 0.537597656
vt 0.721679688 0.411621094
vt 0.814941406 0.411621094
vt 0.814941406 0.472900391
vt 0.721679688 0.472900391
vt 0.721679688 0.446044922
vt 0.814941406 0.446044922
vt 0.814941406 0.472900391
vt 0.721679688 0.472900391
vt 0.680664062 0.542480469
vt 0.698730469 0.475097656
vt 0.719238281 0.475097656
vt 0.719238281 0.542480469
vt 0.721679688 0.479980469
vt 0.721679688 0.537597656
vt 0.719238281 0.475097656
vt 0.721679688 0.537597656
vt 0.721679688 0.479980469
vt 0.719238281 0.542480469
vt 0.719238281 0.475097656
vt 0.698730469 0.475097656
vt 0.680664062 0.542480469
vt 0.814941406 0.537597656
vt 0.814941406 0.544921875
vt 0.721679688 0.544921875
vt 0.721679688 0.537597656
vt 0.721679688 0.479980469
vt 0.721679688 0.472900391
vt 0.814941406 0.472900391
vt 0.814941406 0.472900391
vt 0.814941406 0.479980469
vt 0.875488281 0.509765625
vt 0.951171875 0.509765625
vt 0.951171875 0.429443359
vt 0.875488281 0.429443359
vt 0.96875 0.429443359
vt 0.951171875 0.429443359
vt 0.951171875 0.509765625
vt 0.987304688 0.509765625
vt 0.951171875 0.544433594
vt 0.951171875 0.509765625
vt 0.875488281 0.509765625
vt 0.875488281 0.544433594
vt 0.838867188 0.509765625
vt 0.875488281 0.509765625
vt 0.875488281 0.429443359
vt 0.857910156 0.429443359
vt 0.529296875 0.3203125
vt 0.529296875 0.3515625
vt 0.583496094 0.3515625
vt 0.583496094 0.3203125
vt 0.607910156 0.3515625
vt 0.662109375 0.3515625
vt 0.662109375 0.3203125
vt 0.607910156 0.3203125
vt 0.595703125 0.3515625
vt 0.607910156 0.3515625
vt 0.607910156 0.3203125
vt 0.595703125 0.3203125
vt 0.583496094 0.3203125
vt 0.583496094 0.3515625
vt 0.825683594 0.19921875
vt 0.83203125 0.208496094
vt 0.885253906 0.25
vt 0.885253906 0.1484375
vt 0.83203125 0.189941406
vt 0.529296875 0.3203125
vt 0.529296875 0.3515625
vt 0.583496094 0.3515625
vt 0.583496094 0.3203125
vt 0.607910156 0.3515625
vt 0.662109375 0.3515625
vt 0.662109375 0.3203125
vt 0.607910156 0.3203125
vt 0.595703125 0.3515625
vt 0.607910156 0.3515625
vt 0.607910156 0.3203125
vt 0.595703125 0.3203125
vt 0.583496094 0.3203125
vt 0.583496094 0.3515625
vt 0.825683594 0.19921875
vt 0.83203125 0.208496094
vt 0.885253906 0.25
vt 0.885253906 0.1484375
vt 0.83203125 0.189941406
vt 0.875488281 0.509765625
vt 0.951171875 0.509765625
vt 0.951171875 0.429443359
vt 0.875488281 0.429443359
vt 0.96875 0.429443359
vt 0.951171875 0.429443359
vt 0.951171875 0.509765625
vt 0.987304688 0.509765625
vt 0.951171875 0.544433594
vt 0.951171875 0.509765625
vt 0.875488281 0.509765625
vt 0.875488281 0.544433594
vt 0.838867188 0.509765625
vt 0.875488281 0.509765625
vt 0.875488281 0.429443359
vt 0.857910156 0.429443359
vt 0.459716797 0.475097656
vt 0.459716797 0.537597656
vt 0.661132812 0.537597656
vt 0.661132812 0.475097656
vt 0.661132812 0.407958984
vt 0.661132812 0.468994141
vt 0.459716797 0.468994141
vt 0.459716797 0.407958984
vt 0.459716797 0.446044922
vt 0.459716797 0.468994141
vt 0.661132812 0.468994141
vt 0.661132812 0.446044922
vt 0.456298828 0.542480469
vt 0.459716797 0.537597656
vt 0.459716797 0.475097656
vt 0.456298828 0.472412109
vt 0.418701172 0.542480469
vt 0.436523438 0.472412109
vt 0.456298828 0.472412109
vt 0.459716797 0.475097656
vt 0.459716797 0.537597656
vt 0.456298828 0.542480469
vt 0.436523438 0.472412109
vt 0.418701172 0.542480469
vt 0.661132812 0.537597656
vt 0.459716797 0.537597656
vt 0.459716797 0.544921875
vt 0.661132812 0.544921875
vt 0.459716797 0.475097656
vt 0.661132812 0.475097656
vt 0.661132812 0.468994141
vt 0.459716797 0.468994141
vt 0.686523438 0.341552734
vt 0.686523438 0.35546875
vt 0.907226562 0.35546875
vt 0.907226562 0.341552734
vt 0.796875 0.277587891
vt 0.858886719 0.276123047
vt 0.732910156 0.277832031
vt 0.821289062 0.251220703
vt 0.771972656 0.252197266
vt 0.808105469 0.235717773
vt 0.785644531 0.235717773
vt 0.796875 0.234008789
vt 0.796875 0.23034668
vt 0.0529174805 0.217773438
vt 0.0390014648 0.217773438
vt 0.0390014648 0.135742188
vt 0.0529174805 0.135986328
vt 0.0390014648 0.299072266
vt 0.0529174805 0.299072266
vt 0.0529174805 0.289306641
vt 0.0390014648 0.289794922
vt 0.0390014648 0.289794922
vt 0.0529174805 0.289306641
vt 0.0529174805 0.299072266
vt 0.0390014648 0.299072266
vt 0.0529174805 0.136352539
vt 0.0390014648 0.136230469
vt 0.0390014648 0.217529297
vt 0.0529174805 0.217529297
vt 0.0529174805 0.289306641
vt 0.0390014648 0.289794922
vt 0.0390014648 0.217773438
vt 0.0529174805 0.217773438
vt 0.0390014648 0.123962402
vt 0.0529174805 0.12286377
vt 0.0529174805 0.135986328
vt 0.0390014648 0.135742188
vt 0.0529174805 0.136352539
vt 0.0529174805 0.122802734
vt 0.0390014648 0.124145508
vt 0.0390014648 0.136230469
vt 0.0390014648 0.217529297
vt 0.0390014648 0.289794922
vt 0.0529174805 0.289306641
vt 0.0529174805 0.217529297
vt 0.0390014648 0.289794922
vt 0.0210571289 0.299072266
vt 0.0390014648 0.299072266
vt 0.0210571289 0.284423828
vt 0.0390014648 0.217529297
vt 0.0210571289 0.21875
vt 0.0390014648 0.136230469
vt 0.0210571289 0.142456055
vt 0.0390014648 0.124145508
vt 0.0210571289 0.126586914
vt 0.0390014648 0.299072266
vt 0.0210571289 0.299072266
vt 0.0210571289 0.284667969
vt 0.0390014648 0.289794922
vt 0.0210571289 0.21862793
vt 0.0390014648 0.217773438
vt 0.0210571289 0.141967773
vt 0.0390014648 0.135742188
vt 0.0210571289 0.126831055
vt 0.0390014648 0.123962402
vt 0.0210571289 0.142456055
vt 0.0173797607 0.142456055
vt 0.0173797607 0.21875
vt 0.0210571289 0.21875
vt 0.0173797607 0.284423828
vt 0.0210571289 0.284423828
vt 0.0173797607 0.299072266
vt 0.0210571289 0.299072266
vt 0.0210571289 0.299072266
vt 0.0173797607 0.299072266
vt 0.0173797607 0.284912109
vt 0.0210571289 0.284667969
vt 0.0173797607 0.21862793
vt 0.0210571289 0.21862793
vt 0.0173797607 0.141967773
vt 0.0210571289 0.141967773
vt 0.0210571289 0.141967773
vt 0.0173797607 0.141967773
vt 0.0173797607 0.126708984
vt 0.0210571289 0.126831055
vt 0.0210571289 0.126586914
vt 0.0173797607 0.126464844
vt 0.0173797607 0.142456055
vt 0.0210571289 0.142456055
vt 0.711425781 0.134155273
vt 0.688476562 0.150756836
vt 0.711425781 0.174438477
vt 0.733398438 0.150146484
vt 0.467529297 0.0278625488
vt 0.467529297 0.0335388184
vt 0.438720703 0.0335388184
vt 0.438720703 0.0278625488
vt 0.438720703 0.0278625488
vt 0.438720703 0.0335388184
vt 0.406738281 0.0335388184
vt 0.406738281 0.0278625488
vt 0.529785156 0.0278625488
vt 0.529785156 0.0335388184
vt 0.497802734 0.0335388184
vt 0.497802734 0.0278625488
vt 0.497802734 0.0278625488
vt 0.497802734 0.0335388184
vt 0.467529297 0.0335388184
vt 0.467529297 0.0278625488
vt 0.0999755859 0.641113281
vt 0.799804688 0.641113281
vt 0.799804688 0.5625
vt 0.0999755859 0.5625
vt 0.0999755859 0.672363281
vt 0.799804688 0.672363281
vt 0.799804688 0.658691406
vt 0.0999755859 0.658691406
vt 0.0999755859 0.737792969
vt 0.799804688 0.737792969
vt 0.799804688 0.672363281
vt 0.0999755859 0.672363281
vt 0.138061523 0.778320312
vt 0.837890625 0.778320312
vt 0.837890625 0.7578125
vt 0.138061523 0.7578125
vt 0.138061523 0.813964844
vt 0.837890625 0.813964844
vt 0.837890625 0.778320312
vt 0.138061523 0.778320312
vt 0.138061523 0.85546875
vt 0.837890625 0.85546875
vt 0.837890625 0.832519531
vt 0.138061523 0.832519531
vt 0.138061523 0.875488281
vt 0.837890625 0.875488281
vt 0.837890625 0.864257812
vt 0.138061523 0.864257812
vt 0.837890625 0.823242188
vt 0.837890625 0.813964844
vt 0.138061523 0.813964844
vt 0.138061523 0.823242188
vt 0.138061523 0.823242188
vt 0.138061523 0.827636719
vt 0.837890625 0.827636719
vt 0.837890625 0.823242188
vt 0.837890625 0.864257812
vt 0.837890625 0.859863281
vt 0.138061523 0.859863281
vt 0.138061523 0.864257812
vt 0.138061523 0.827636719
vt 0.138061523 0.832519531
vt 0.837890625 0.832519531
vt 0.837890625 0.827636719
vt 0.837890625 0.859863281
vt 0.837890625 0.85546875
vt 0.138061523 0.85546875
vt 0.138061523 0.859863281
vt 0.799804688 0.954101562
vt 0.0999755859 0.954101562
vt 0.0999755859 0.95703125
vt 0.799804688 0.95703125
vt 0.799804688 0.901367188
vt 0.0999755859 0.901367188
vt 0.100097656 0.903808594
vt 0.799804688 0.903808594
vt 0.0999755859 0.901367188
vt 0.799804688 0.901367188
vt 0.799804688 0.893066406
vt 0.0999755859 0.893066406
vt 0.799804688 0.903808594
vt 0.0999755859 0.903808594
vt 0.0999755859 0.954101562
vt 0.799804688 0.954101562
vt 0.799804688 0.990234375
vt 0.799804688 0.95703125
vt 0.0999755859 0.95703125
vt 0.0999755859 0.990234375
vt 0.721679688 0.479980469
vt 0.721679688 0.537597656
vt 0.814941406 0.537597656
vt 0.814941406 0.479980469
vt 0.721679688 0.411621094
vt 0.721679688 0.472900391
vt 0.814941406 0.472900391
vt 0.814941406 0.411621094
vt 0.721679688 0.446044922
vt 0.721679688 0.472900391
vt 0.814941406 0.472900391
vt 0.814941406 0.446044922
vt 0.680664062 0.542480469
vt 0.719238281 0.475097656
vt 0.698730469 0.475097656
vt 0.719238281 0.542480469
vt 0.721679688 0.479980469
vt 0.721679688 0.537597656
vt 0.719238281 0.475097656
vt 0.721679688 0.479980469
vt 0.721679688 0.537597656
vt 0.719238281 0.542480469
vt 0.719238281 0.475097656
vt 0.698730469 0.475097656
vt 0.680664062 0.542480469
vt 0.814941406 0.537597656
vt 0.721679688 0.537597656
vt 0.721679688 0.544921875
vt 0.814941406 0.544921875
vt 0.814941406 0.472900391
vt 0.721679688 0.472900391
vt 0.721679688 0.479980469
vt 0.814941406 0.479980469
vt 0.814941406 0.472900391
vt 0.459716797 0.475097656
vt 0.459716797 0.537597656
vt 0.661132812 0.537597656
vt 0.661132812 0.475097656
vt 0.661132812 0.407958984
vt 0.661132812 0.468994141
vt 0.459716797 0.468994141
vt 0.459716797 0.407958984
vt 0.459716797 0.446044922
vt 0.459716797 0.468994141
vt 0.661132812 0.468994141
vt 0.661132812 0.446044922
vt 0.456298828 0.542480469
vt 0.459716797 0.537597656
vt 0.459716797 0.475097656
vt 0.456298828 0.472412109
vt 0.418701172 0.542480469
vt 0.436523438 0.472412109
vt 0.456298828 0.472412109
vt 0.459716797 0.475097656
vt 0.459716797 0.537597656
vt 0.456298828 0.542480469
vt 0.436523438 0.472412109
vt 0.418701172 0.542480469
vt 0.661132812 0.537597656
vt 0.459716797 0.537597656
vt 0.459716797 0.544921875
vt 0.661132812 0.544921875
vt 0.459716797 0.475097656
vt 0.661132812 0.475097656
vt 0.661132812 0.468994141
vt 0.459716797 0.468994141
vt 0.721679688 0.479980469
vt 0.721679688 0.537597656
vt 0.814941406 0.537597656
vt 0.814941406 0.479980469
vt 0.721679688 0.411621094
vt 0.721679688 0.472900391
vt 0.814941406 0.472900391
vt 0.814941406 0.411621094
vt 0.721679688 0.446044922
vt 0.721679688 0.472900391
vt 0.814941406 0.472900391
vt 0.814941406 0.446044922
vt 0.680664062 0.542480469
vt 0.719238281 0.475097656
vt 0.698730469 0.475097656
vt 0.719238281 0.542480469
vt 0.721679688 0.479980469
vt 0.721679688 0.537597656
vt 0.719238281 0.475097656
vt 0.721679688 0.479980469
vt 0.721679688 0.537597656
vt 0.719238281 0.542480469
vt 0.719238281 0.475097656
vt 0.698730469 0.475097656
vt 0.680664062 0.542480469
vt 0.814941406 0.537597656
vt 0.721679688 0.537597656
vt 0.721679688 0.544921875
vt 0.814941406 0.544921875
vt 0.814941406 0.472900391
vt 0.721679688 0.472900391
vt 0.721679688 0.479980469
vt 0.814941406 0.479980469
vt 0.814941406 0.472900391
vt 0.399414062 0.236328125
vt 0.392822266 0.229858398
vt 0.310302734 0.229858398
vt 0.303710938 0.236328125
vt 0.303710938 0.293701172
vt 0.399414062 0.264404297
vt 0.133300781 0.493164062
vt 0.133300781 0.545410156
vt 0.394042969 0.545410156
vt 0.394042969 0.493164062
vt 0.0941162109 0.411865234
vt 0.130249023 0.487304688
vt 0.396972656 0.487304688
vt 0.433349609 0.411865234
vt 0.0909423828 0.380371094
vt 0.0909423828 0.406005859
vt 0.436523438 0.406005859
vt 0.436523438 0.380371094
vt 0.303710938 0.236328125
vt 0.310302734 0.229858398
vt 0.392822266 0.229858398
vt 0.399414062 0.236328125
vt 0.303710938 0.293701172
vt 0.399414062 0.264404297
vt 0.396972656 0.487304688
vt 0.130249023 0.487304688
vt 0.133300781 0.493164062
vt 0.394042969 0.493164062
vt 0.436523438 0.406005859
vt 0.0909423828 0.406005859
vt 0.0941162109 0.411865234
vt 0.433349609 0.411865234
vt 0.975585938 0.192626953
vt 0.984863281 0.185302734
vt 0.984863281 0.12109375
vt 0.975585938 0.114990234
vt 0.975585938 0.114990234
vt 0.984863281 0.12109375
vt 0.984863281 0.185302734
vt 0.975585938 0.192626953
vt 0.975585938 0.192626953
vt 0.975585938 0.303222656
vt 0.984863281 0.294189453
vt 0.984863281 0.201660156
vt 0.490234375 0.353271484
vt 0.490234375 0.260009766
vt 0.410888672 0.293457031
vt 0.410888672 0.319091797
vt 0.404296875 0.295898438
vt 0.404296875 0.316650391
vt 0.400390625 0.296386719
vt 0.400390625 0.316162109
vt 0.975585938 0.114990234
vt 0.984863281 0.107788086
vt 0.984863281 0.0659790039
vt 0.975585938 0.0170288086
vt 0.984863281 0.0247802734
vt 0.917480469 0.303222656
vt 0.975585938 0.303222656
vt 0.975585938 0.192626953
vt 0.917480469 0.192626953
vt 0.917480469 0.192626953
vt 0.975585938 0.192626953
vt 0.975585938 0.114990234
vt 0.946289062 0.114990234
vt 0.946289062 0.114990234
vt 0.975585938 0.114990234
vt 0.975585938 0.0170288086
vt 0.94140625 0.0170288086
vt 0.946289062 0.114990234
vt 0.975585938 0.114990234
vt 0.975585938 0.192626953
vt 0.917480469 0.192626953
vt 0.490234375 0.260009766
vt 0.410888672 0.319091797
vt 0.490234375 0.353271484
vt 0.410888672 0.293457031
vt 0.404296875 0.295898438
vt 0.404296875 0.316650391
vt 0.400390625 0.296386719
vt 0.400390625 0.316162109
vt 0.0684204102 0.0259094238
vt 0.0897827148 0.0931396484
vt 0.0968017578 0.0966186523
vt 0.0659790039 0.0280456543
vt 0.0629272461 0.0227661133
vt 0.0621643066 0.0264434814
vt 0.0573730469 0.0219268799
vt 0.0573730469 0.0261230469
vt 0.0517883301 0.0227661133
vt 0.0525817871 0.0264587402
vt 0.0463256836 0.0259094238
vt 0.0487976074 0.0280456543
vt 0.0179443359 0.0966186523
vt 0.0249938965 0.0931396484
vt 0.0968017578 0.0966186523
vt 0.0897827148 0.0931396484
vt 0.0249938965 0.0931396484
vt 0.0179443359 0.0966186523
vt 0.158081055 0.0957641602
vt 0.192382812 0.0158843994
vt 0.145019531 0.0159301758
vt 0.131835938 0.0957641602
vt 0.0975952148 0.0158996582
vt 0.145019531 0.101501465
vt 0.151611328 0.100463867
vt 0.138427734 0.100463867
vt 0.878417969 0.0758666992
vt 0.855957031 0.122314453
vt 0.913574219 0.122314453
vt 0.891113281 0.0758666992
vt 0.884765625 0.0729980469
vt 0.888183594 0.0735473633
vt 0.881347656 0.0735473633
vt 0.441894531 0.204956055
vt 0.4375 0.192382812
vt 0.30078125 0.204956055
vt 0.419433594 0.141479492
vt 0.391845703 0.0933837891
vt 0.322265625 0.0234375
vt 0.30078125 0.0138397217
vt 0.279296875 0.0234375
vt 0.209716797 0.0933837891
vt 0.182250977 0.141479492
vt 0.1640625 0.192382812
vt 0.159667969 0.204956055
vt 0.395507812 0.0900878906
vt 0.395751953 0.0798950195
vt 0.456542969 0.141479492
vt 0.427246094 0.138427734
vt 0.446777344 0.189208984
vt 0.471435547 0.173706055
vt 0.451416016 0.204956055
vt 0.471191406 0.204956055
vt 0.206176758 0.0900878906
vt 0.20300293 0.0823974609
vt 0.145019531 0.141479492
vt 0.174194336 0.138427734
vt 0.130004883 0.173706055
vt 0.154785156 0.189208984
vt 0.150268555 0.204956055
vt 0.130493164 0.204956055
vt 0.699707031 0.0723266602
vt 0.6640625 0.107299805
vt 0.699707031 0.107299805
vt 0.6640625 0.0723266602
vt 0.636230469 0.0723266602
vt 0.636230469 0.107299805
vt 0.562988281 0.107299805
vt 0.562988281 0.0723266602
vt 0.475341797 0.0723266602
vt 0.475341797 0.107299805
vt 0.456298828 0.0723266602
vt 0.456298828 0.107299805
vt 0.6640625 0.0723266602
vt 0.699707031 0.107299805
vt 0.699707031 0.0723266602
vt 0.6640625 0.107299805
vt 0.636230469 0.0723266602
vt 0.636230469 0.107299805
vt 0.562988281 0.107299805
vt 0.562988281 0.0723266602
vt 0.475341797 0.10723877
vt 0.475341797 0.0723266602
vt 0.456298828 0.0723266602
vt 0.456298828 0.10736084
vt 0.446777344 0.189208984
vt 0.441894531 0.204956055
vt 0.451416016 0.204956055
vt 0.4375 0.192382812
vt 0.427246094 0.138427734
vt 0.419433594 0.141479492
vt 0.391845703 0.0933837891
vt 0.395507812 0.0900878906
vt 0.322265625 0.0234375
vt 0.159667969 0.204956055
vt 0.154785156 0.189208984
vt 0.150268555 0.204956055
vt 0.1640625 0.192382812
vt 0.182250977 0.141479492
vt 0.174194336 0.138427734
vt 0.209716797 0.0933837891
vt 0.206176758 0.0900878906
vt 0.279296875 0.0234375
vt 0.975585938 0.192626953
vt 0.975585938 0.114990234
vt 0.984863281 0.12109375
vt 0.984863281 0.185302734
vt 0.975585938 0.114990234
vt 0.975585938 0.192626953
vt 0.984863281 0.185302734
vt 0.984863281 0.12109375
vt 0.975585938 0.192626953
vt 0.984863281 0.201660156
vt 0.984863281 0.294189453
vt 0.975585938 0.303222656
vt 0.490234375 0.353271484
vt 0.410888672 0.293457031
vt 0.490234375 0.260009766
vt 0.410888672 0.319091797
vt 0.404296875 0.295898438
vt 0.404296875 0.316650391
vt 0.400390625 0.296386719
vt 0.400390625 0.316162109
vt 0.975585938 0.114990234
vt 0.984863281 0.0659790039
vt 0.984863281 0.107788086
vt 0.975585938 0.0170288086
vt 0.984863281 0.0247802734
vt 0.917480469 0.303222656
vt 0.917480469 0.192626953
vt 0.975585938 0.192626953
vt 0.975585938 0.303222656
vt 0.917480469 0.192626953
vt 0.946289062 0.114990234
vt 0.975585938 0.114990234
vt 0.975585938 0.192626953
vt 0.946289062 0.114990234
vt 0.94140625 0.0170288086
vt 0.975585938 0.0170288086
vt 0.975585938 0.114990234
vt 0.946289062 0.114990234
vt 0.917480469 0.192626953
vt 0.975585938 0.192626953
vt 0.975585938 0.114990234
vt 0.490234375 0.260009766
vt 0.490234375 0.353271484
vt 0.410888672 0.319091797
vt 0.410888672 0.293457031
vt 0.404296875 0.295898438
vt 0.404296875 0.316650391
vt 0.400390625 0.296386719
vt 0.400390625 0.316162109
vt 0.0684204102 0.0259094238
vt 0.0968017578 0.0966186523
vt 0.0897827148 0.0931396484
vt 0.0659790039 0.0280456543
vt 0.0629272461 0.0227661133
vt 0.0621643066 0.0264434814
vt 0.0573730469 0.0219268799
vt 0.0573730469 0.0261230469
vt 0.0517883301 0.0227661133
vt 0.0525817871 0.0264587402
vt 0.0463256836 0.0259094238
vt 0.0487976074 0.0280456543
vt 0.0179443359 0.0966186523
vt 0.0249938965 0.0931396484
vt 0.0968017578 0.0966186523
vt 0.0179443359 0.0966186523
vt 0.0249938965 0.0931396484
vt 0.0897827148 0.0931396484
vt 0.158081055 0.0957641602
vt 0.145019531 0.0159301758
vt 0.192382812 0.0158843994
vt 0.131835938 0.0957641602
vt 0.0975952148 0.0158996582
vt 0.145019531 0.101501465
vt 0.151611328 0.100463867
vt 0.138427734 0.100463867
vt 0.878417969 0.0758666992
vt 0.913574219 0.122314453
vt 0.855957031 0.122314453
vt 0.891113281 0.0758666992
vt 0.884765625 0.0729980469
vt 0.888183594 0.0735473633
vt 0.881347656 0.0735473633
vt 0.397216797 0.359619141
vt 0.397216797 0.350830078
vt 0.316162109 0.349121094
vt 0.317138672 0.359619141
vt 0.294433594 0.359619141
vt 0.255615234 0.359619141
vt 0.255371094 0.340332031
vt 0.193115234 0.338134766
vt 0.193481445 0.359619141
vt 0.181274414 0.337646484
vt 0.181640625 0.359619141
vt 0.174804688 0.359619141
vt 0.251953125 0.319091797
vt 0.193847656 0.317382812
vt 0.180419922 0.315673828
vt 0.174804688 0.285644531
vt 0.174804688 0.336914062
vt 0.245117188 0.294921875
vt 0.244873047 0.269042969
vt 0.204467773 0.247070312
vt 0.196899414 0.288818359
vt 0.174804688 0.241821289
vt 0.168212891 0.337646484
vt 0.16784668 0.359619141
vt 0.156005859 0.359619141
vt 0.174804688 0.315185547
vt 0.169067383 0.315673828
vt 0.15637207 0.338134766
vt 0.0939331055 0.359619141
vt 0.155639648 0.317382812
vt 0.0940551758 0.340332031
vt 0.152587891 0.288818359
vt 0.174804688 0.241821289
vt 0.145019531 0.247070312
vt 0.0332946777 0.349121094
vt 0.0549926758 0.359619141
vt 0.0323791504 0.359619141
vt 0.0975341797 0.319091797
vt 0.104431152 0.294921875
vt 0.104675293 0.269042969
vt 0.397216797 0.359619141
vt 0.317138672 0.359619141
vt 0.316162109 0.349121094
vt 0.397216797 0.350830078
vt 0.801757812 0.383056641
vt 0.876464844 0.383056641
vt 0.877929688 0.375732422
vt 0.796875 0.375732422
vt 0.787597656 0.375732422
vt 0.786132812 0.383056641
vt 0.766601562 0.383056641
vt 0.764648438 0.375732422
vt 0.714355469 0.375732422
vt 0.715332031 0.383056641
vt 0.706054688 0.383056641
vt 0.705078125 0.375732422
vt 0.701171875 0.375732422
vt 0.701171875 0.383056641
vt 0.696289062 0.383056641
vt 0.697265625 0.375732422
vt 0.687988281 0.375732422
vt 0.687011719 0.383056641
vt 0.635742188 0.383056641
vt 0.637695312 0.375732422
vt 0.614746094 0.375732422
vt 0.616210938 0.383056641
vt 0.600585938 0.383056641
vt 0.60546875 0.375732422
vt 0.524414062 0.375732422
vt 0.525878906 0.383056641
vt 0.838867188 0.0163421631
vt 0.900390625 0.0539550781
vt 0.900390625 0.0163421631
vt 0.838867188 0.0539550781
vt 0.778808594 0.0163421631
vt 0.778808594 0.0539550781
vt 0.763671875 0.0539550781
vt 0.763671875 0.0163421631
vt 0.740234375 0.0539855957
vt 0.740234375 0.0163421631
vt 0.672851562 0.0163421631
vt 0.672851562 0.0539855957
vt 0.658203125 0.0163421631
vt 0.658203125 0.0539855957
vt 0.650390625 0.0539855957
vt 0.650390625 0.0163421631
vt 0.642578125 0.0163421631
vt 0.642578125 0.0539855957
vt 0.627929688 0.0539855957
vt 0.627929688 0.0163421631
vt 0.560546875 0.0539855957
vt 0.560546875 0.0163421631
vt 0.537109375 0.0163421631
vt 0.537109375 0.0539855957
vt 0.521972656 0.0163421631
vt 0.521972656 0.0539855957
vt 0.461914062 0.0539855957
vt 0.461914062 0.0163421631
vt 0.400390625 0.0539855957
vt 0.400390625 0.0163421631
vt 0.873535156 0.383056641
vt 0.94140625 0.389892578
vt 0.941894531 0.383056641
vt 0.873535156 0.389892578
vt 0.815429688 0.389892578
vt 0.815429688 0.383056641
vt 0.803710938 0.389892578
vt 0.803710938 0.383056641
vt 0.779785156 0.389892578
vt 0.779785156 0.383056641
vt 0.72265625 0.383056641
vt 0.72265625 0.389892578
vt 0.708984375 0.383056641
vt 0.708984375 0.389892578
vt 0.701171875 0.389892578
vt 0.701171875 0.383056641
vt 0.693359375 0.383056641
vt 0.693359375 0.389892578
vt 0.6796875 0.389892578
vt 0.680175781 0.383056641
vt 0.622558594 0.389892578
vt 0.622558594 0.383056641
vt 0.598632812 0.383056641
vt 0.598632812 0.389892578
vt 0.586914062 0.383056641
vt 0.586914062 0.389892578
vt 0.528808594 0.383056641
vt 0.528808594 0.389892578
vt 0.4609375 0.389892578
vt 0.460449219 0.383056641
vt 0.873535156 0.375732422
vt 0.875976562 0.383056641
vt 0.818847656 0.383056641
vt 0.815429688 0.375732422
vt 0.803710938 0.375732422
vt 0.802246094 0.383056641
vt 0.782226562 0.383056641
vt 0.779785156 0.375732422
vt 0.72265625 0.375732422
vt 0.723632812 0.383056641
vt 0.709472656 0.383056641
vt 0.708984375 0.375732422
vt 0.701171875 0.375732422
vt 0.701171875 0.383056641
vt 0.692871094 0.383056641
vt 0.693359375 0.375732422
vt 0.680175781 0.375732422
vt 0.678710938 0.383056641
vt 0.620605469 0.383056641
vt 0.622558594 0.375732422
vt 0.598632812 0.375732422
vt 0.600097656 0.383056641
vt 0.583496094 0.383056641
vt 0.586914062 0.375732422
vt 0.941894531 0.383056641
vt 0.938476562 0.375732422
vt 0.875976562 0.375732422
vt 0.873535156 0.383056641
vt 0.528808594 0.383056641
vt 0.586914062 0.383056641
vt 0.583496094 0.375732422
vt 0.526367188 0.375732422
vt 0.460449219 0.383056641
vt 0.463867188 0.375732422
vt 0.786621094 0.154907227
vt 0.793457031 0.153076172
vt 0.780273438 0.153076172
vt 0.771972656 0.146972656
vt 0.80078125 0.147094727
vt 0.829101562 0.111816406
vt 0.745117188 0.111572266
vt 0.787109375 0.0738525391
vt 0.842285156 0.0738525391
vt 0.844238281 0.0881347656
vt 0.844238281 0.0772705078
vt 0.845214844 0.0837402344
vt 0.731933594 0.0738525391
vt 0.729980469 0.0880737305
vt 0.729492188 0.0836791992
vt 0.73046875 0.0772094727
vt 0.0809936523 0.166992188
vt 0.0809936523 0.126708984
vt 0.0752563477 0.126708984
vt 0.0752563477 0.166992188
vt 0.0809936523 0.173095703
vt 0.0752563477 0.173095703
vt 0.0809936523 0.180664062
vt 0.0752563477 0.180664062
vt 0.0809936523 0.185668945
vt 0.0752563477 0.185668945
vt 0.0809936523 0.206298828
vt 0.0752563477 0.206298828
vt 0.0809936523 0.235351562
vt 0.0752563477 0.235351562
vt 0.0809936523 0.242431641
vt 0.0752563477 0.242431641
vt 0.0752563477 0.247314453
vt 0.0809936523 0.247314453
vt 0.0752563477 0.247314453
vt 0.0809936523 0.242431641
vt 0.0809936523 0.247314453
vt 0.0752563477 0.242431641
vt 0.0809936523 0.235351562
vt 0.0752563477 0.235351562
vt 0.0752563477 0.206298828
vt 0.0809936523 0.206298828
vt 0.0752563477 0.185668945
vt 0.0809936523 0.185668945
vt 0.0752563477 0.180664062
vt 0.0809936523 0.180664062
vt 0.0809936523 0.173095703
vt 0.0752563477 0.173095703
vt 0.0752563477 0.166992188
vt 0.0809936523 0.166992188
vt 0.0809936523 0.126708984
vt 0.0752563477 0.126708984
vt 0.0999755859 0.901367188
vt 0.643066406 0.901367188
vt 0.642089844 0.903808594
vt 0.0999755859 0.903808594
vt 0.0999755859 0.954101562
vt 0.601074219 0.954101562
vt 0.600097656 0.95703125
vt 0.0999755859 0.95703125
vt 0.601074219 0.954101562
vt 0.0999755859 0.954101562
vt 0.0999755859 0.95703125
vt 0.600097656 0.95703125
vt 0.643066406 0.901367188
vt 0.0999755859 0.901367188
vt 0.0999755859 0.903808594
vt 0.642089844 0.903808594
vt 0.0999755859 0.903808594
vt 0.0999755859 0.954101562
vt 0.601074219 0.954101562
vt 0.642089844 0.903808594
vt 0.0999755859 0.990234375
vt 0.600097656 0.990234375
vt 0.600097656 0.95703125
vt 0.0999755859 0.95703125
vt 0.643066406 0.893066406
vt 0.0999755859 0.893066406
vt 0.0999755859 0.901367188
vt 0.643066406 0.901367188
vt 0.0999755859 0.990234375
vt 0.0999755859 0.95703125
vt 0.600097656 0.95703125
vt 0.600097656 0.990234375
vt 0.643066406 0.893066406
vt 0.643066406 0.901367188
vt 0.0999755859 0.901367188
vt 0.0999755859 0.893066406
vt 0.0999755859 0.903808594
vt 0.642089844 0.903808594
vt 0.601074219 0.954101562
vt 0.0999755859 0.954101562
vt 0.985351562 0.813964844
vt 0.483398438 0.813964844
vt 0.483398438 0.823242188
vt 0.985351562 0.823242188
vt 0.278076172 0.823242188
vt 0.584472656 0.823242188
vt 0.584472656 0.813964844
vt 0.278076172 0.813964844
vt 0.483398438 0.875488281
vt 0.950683594 0.875488281
vt 0.985351562 0.864257812
vt 0.483398438 0.864257812
vt 0.278076172 0.85546875
vt 0.584472656 0.85546875
vt 0.584472656 0.832519531
vt 0.278076172 0.832519531
vt 0.483398438 0.85546875
vt 0.985351562 0.85546875
vt 0.985351562 0.832519531
vt 0.483398438 0.832519531
vt 0.985351562 0.813964844
vt 0.985351562 0.778320312
vt 0.483398438 0.778320312
vt 0.483398438 0.813964844
vt 0.985351562 0.778320312
vt 0.9609375 0.7578125
vt 0.483398438 0.7578125
vt 0.483398438 0.778320312
vt 0.600097656 0.641113281
vt 0.577636719 0.5625
vt 0.102416992 0.5625
vt 0.0999755859 0.641113281
vt 0.600097656 0.737304688
vt 0.600097656 0.672363281
vt 0.0999755859 0.672363281
vt 0.0999755859 0.737304688
vt 0.600097656 0.672363281
vt 0.588378906 0.658691406
vt 0.0999755859 0.658691406
vt 0.0999755859 0.672363281
vt 0.985351562 0.813964844
vt 0.985351562 0.823242188
vt 0.483398438 0.823242188
vt 0.483398438 0.813964844
vt 0.483398438 0.875488281
vt 0.483398438 0.864257812
vt 0.985351562 0.864257812
vt 0.950683594 0.875488281
vt 0.278076172 0.864257812
vt 0.302246094 0.875488281
vt 0.559082031 0.875488281
vt 0.584472656 0.864257812
vt 0.483398438 0.85546875
vt 0.483398438 0.832519531
vt 0.985351562 0.832519531
vt 0.985351562 0.85546875
vt 0.985351562 0.813964844
vt 0.483398438 0.813964844
vt 0.483398438 0.778320312
vt 0.985351562 0.778320312
vt 0.278076172 0.778320312
vt 0.278076172 0.813964844
vt 0.584472656 0.813964844
vt 0.584472656 0.778320312
vt 0.985351562 0.778320312
vt 0.483398438 0.778320312
vt 0.483398438 0.7578125
vt 0.9609375 0.7578125
vt 0.289794922 0.7578125
vt 0.278076172 0.778320312
vt 0.584472656 0.778320312
vt 0.571289062 0.7578125
vt 0.0999755859 0.641113281
vt 0.600097656 0.641113281
vt 0.59765625 0.5625
vt 0.122558594 0.5625
vt 0.600097656 0.5625
vt 0.600097656 0.641113281
vt 0.899902344 0.641113281
vt 0.900390625 0.5625
vt 0.600097656 0.737304688
vt 0.0999755859 0.737304688
vt 0.0999755859 0.672363281
vt 0.600097656 0.672363281
vt 0.600097656 0.672363281
vt 0.0999755859 0.672363281
vt 0.0999755859 0.658691406
vt 0.588378906 0.658691406
vt 0.611328125 0.658691406
vt 0.600097656 0.672363281
vt 0.9921875 0.672363281
vt 0.9921875 0.658691406
vt 0.278076172 0.823242188
vt 0.278076172 0.827636719
vt 0.584472656 0.827636719
vt 0.584472656 0.823242188
vt 0.584472656 0.864257812
vt 0.584472656 0.859863281
vt 0.278076172 0.859863281
vt 0.278076172 0.864257812
vt 0.483398438 0.823242188
vt 0.483398438 0.827636719
vt 0.985351562 0.827636719
vt 0.985351562 0.823242188
vt 0.985351562 0.864257812
vt 0.985351562 0.859863281
vt 0.483398438 0.859863281
vt 0.483398438 0.864257812
vt 0.483398438 0.864257812
vt 0.483398438 0.859863281
vt 0.985351562 0.859863281
vt 0.985351562 0.864257812
vt 0.985351562 0.823242188
vt 0.985351562 0.827636719
vt 0.483398438 0.827636719
vt 0.483398438 0.823242188
vt 0.278076172 0.827636719
vt 0.278076172 0.832519531
vt 0.584472656 0.832519531
vt 0.584472656 0.827636719
vt 0.584472656 0.859863281
vt 0.584472656 0.85546875
vt 0.278076172 0.85546875
vt 0.278076172 0.859863281
vt 0.483398438 0.827636719
vt 0.483398438 0.832519531
vt 0.985351562 0.832519531
vt 0.985351562 0.827636719
vt 0.985351562 0.859863281
vt 0.985351562 0.85546875
vt 0.483398438 0.85546875
vt 0.483398438 0.859863281
vt 0.483398438 0.859863281
vt 0.483398438 0.85546875
vt 0.985351562 0.85546875
vt 0.985351562 0.859863281
vt 0.985351562 0.827636719
vt 0.985351562 0.832519531
vt 0.483398438 0.832519531
vt 0.483398438 0.827636719
vt 0.721679688 0.479980469
vt 0.814941406 0.479980469
vt 0.814941406 0.537597656
vt 0.721679688 0.537597656
vt 0.721679688 0.411621094
vt 0.814941406 0.411621094
vt 0.814941406 0.472900391
vt 0.721679688 0.472900391
vt 0.721679688 0.446044922
vt 0.814941406 0.446044922
vt 0.814941406 0.472900391
vt 0.721679688 0.472900391
vt 0.680664062 0.542480469
vt 0.698730469 0.475097656
vt 0.719238281 0.475097656
vt 0.719238281 0.542480469
vt 0.721679688 0.479980469
vt 0.721679688 0.537597656
vt 0.719238281 0.475097656
vt 0.721679688 0.537597656
vt 0.721679688 0.479980469
vt 0.719238281 0.542480469
vt 0.719238281 0.475097656
vt 0.698730469 0.475097656
vt 0.680664062 0.542480469
vt 0.814941406 0.537597656
vt 0.814941406 0.544921875
vt 0.721679688 0.544921875
vt 0.721679688 0.537597656
vt 0.814941406 0.472900391
vt 0.814941406 0.479980469
vt 0.721679688 0.479980469
vt 0.814941406 0.472900391
vt 0.721679688 0.472900391
vt 0.875488281 0.509765625
vt 0.951171875 0.509765625
vt 0.951171875 0.429443359
vt 0.875488281 0.429443359
vt 0.96875 0.429443359
vt 0.951171875 0.429443359
vt 0.951171875 0.509765625
vt 0.987304688 0.509765625
vt 0.951171875 0.544433594
vt 0.951171875 0.509765625
vt 0.875488281 0.509765625
vt 0.875488281 0.544433594
vt 0.838867188 0.509765625
vt 0.875488281 0.509765625
vt 0.875488281 0.429443359
vt 0.857910156 0.429443359
vt 0.529296875 0.3203125
vt 0.529296875 0.3515625
vt 0.583496094 0.3515625
vt 0.583496094 0.3203125
vt 0.607910156 0.3515625
vt 0.662109375 0.3515625
vt 0.662109375 0.3203125
vt 0.607910156 0.3203125
vt 0.595703125 0.3515625
vt 0.607910156 0.3515625
vt 0.607910156 0.3203125
vt 0.595703125 0.3203125
vt 0.583496094 0.3203125
vt 0.583496094 0.3515625
vt 0.825683594 0.19921875
vt 0.83203125 0.208496094
vt 0.885253906 0.25
vt 0.885253906 0.1484375
vt 0.83203125 0.189941406
vt 0.529296875 0.3203125
vt 0.529296875 0.3515625
vt 0.583496094 0.3515625
vt 0.583496094 0.3203125
vt 0.607910156 0.3515625
vt 0.662109375 0.3515625
vt 0.662109375 0.3203125
vt 0.607910156 0.3203125
vt 0.595703125 0.3515625
vt 0.607910156 0.3515625
vt 0.607910156 0.3203125
vt 0.595703125 0.3203125
vt 0.583496094 0.3203125
vt 0.583496094 0.3515625
vt 0.825683594 0.19921875
vt 0.83203125 0.208496094
vt 0.885253906 0.25
vt 0.885253906 0.1484375
vt 0.83203125 0.189941406
vt 0.875488281 0.509765625
vt 0.951171875 0.509765625
vt 0.951171875 0.429443359
vt 0.875488281 0.429443359
vt 0.96875 0.429443359
vt 0.951171875 0.429443359
vt 0.951171875 0.509765625
vt 0.987304688 0.509765625
vt 0.951171875 0.544433594
vt 0.951171875 0.509765625
vt 0.875488281 0.509765625
vt 0.875488281 0.544433594
vt 0.838867188 0.509765625
vt 0.875488281 0.509765625
vt 0.875488281 0.429443359
vt 0.857910156 0.429443359
vt 0.459716797 0.475097656
vt 0.459716797 0.537597656
vt 0.661132812 0.537597656
vt 0.661132812 0.475097656
vt 0.661132812 0.407958984
vt 0.661132812 0.468994141
vt 0.459716797 0.468994141
vt 0.459716797 0.407958984
vt 0.459716797 0.446044922
vt 0.459716797 0.468994141
vt 0.661132812 0.468994141
vt 0.661132812 0.446044922
vt 0.456298828 0.542480469
vt 0.459716797 0.537597656
vt 0.459716797 0.475097656
vt 0.456298828 0.472412109
vt 0.418701172 0.542480469
vt 0.436523438 0.472412109
vt 0.456298828 0.472412109
vt 0.459716797 0.475097656
vt 0.459716797 0.537597656
vt 0.456298828 0.542480469
vt 0.436523438 0.472412109
vt 0.418701172 0.542480469
vt 0.661132812 0.537597656
vt 0.459716797 0.537597656
vt 0.459716797 0.544921875
vt 0.661132812 0.544921875
vt 0.459716797 0.475097656
vt 0.661132812 0.475097656
vt 0.661132812 0.468994141
vt 0.459716797 0.468994141
vt 0.686523438 0.341552734
vt 0.686523438 0.35546875
vt 0.907226562 0.35546875
vt 0.907226562 0.341552734
vt 0.796875 0.277587891
vt 0.858886719 0.276123047
vt 0.732910156 0.277832031
vt 0.821289062 0.251220703
vt 0.771972656 0.252197266
vt 0.808105469 0.235717773
vt 0.785644531 0.235717773
vt 0.796875 0.234008789
vt 0.796875 0.23034668
vt 0.0529174805 0.217773438
vt 0.0390014648 0.217773438
vt 0.0390014648 0.135742188
vt 0.0529174805 0.135986328
vt 0.0390014648 0.299072266
vt 0.0529174805 0.299072266
vt 0.0529174805 0.289306641
vt 0.0390014648 0.289794922
vt 0.0390014648 0.289794922
vt 0.0529174805 0.289306641
vt 0.0529174805 0.299072266
vt 0.0390014648 0.299072266
vt 0.0529174805 0.136352539
vt 0.0390014648 0.136230469
vt 0.0390014648 0.217529297
vt 0.0529174805 0.217529297
vt 0.0529174805 0.289306641
vt 0.0390014648 0.289794922
vt 0.0390014648 0.217773438
vt 0.0529174805 0.217773438
vt 0.0390014648 0.123962402
vt 0.0529174805 0.12286377
vt 0.0529174805 0.135986328
vt 0.0390014648 0.135742188
vt 0.0529174805 0.136352539
vt 0.0529174805 0.122802734
vt 0.0390014648 0.124145508
vt 0.0390014648 0.136230469
vt 0.0390014648 0.217529297
vt 0.0390014648 0.289794922
vt 0.0529174805 0.289306641
vt 0.0529174805 0.217529297
vt 0.0390014648 0.289794922
vt 0.0210571289 0.299072266
vt 0.0390014648 0.299072266
vt 0.0210571289 0.284423828
vt 0.0390014648 0.217529297
vt 0.0210571289 0.21875
vt 0.0390014648 0.136230469
vt 0.0210571289 0.142456055
vt 0.0390014648 0.124145508
vt 0.0210571289 0.126586914
vt 0.0390014648 0.299072266
vt 0.0210571289 0.299072266
vt 0.0210571289 0.284667969
vt 0.0390014648 0.289794922
vt 0.0210571289 0.21862793
vt 0.0390014648 0.217773438
vt 0.0210571289 0.141967773
vt 0.0390014648 0.135742188
vt 0.0210571289 0.126831055
vt 0.0390014648 0.123962402
vt 0.0210571289 0.142456055
vt 0.0173797607 0.142456055
vt 0.0173797607 0.21875
vt 0.0210571289 0.21875
vt 0.0173797607 0.284423828
vt 0.0210571289 0.284423828
vt 0.0173797607 0.299072266
vt 0.0210571289 0.299072266
vt 0.0210571289 0.299072266
vt 0.0173797607 0.299072266
vt 0.0173797607 0.284912109
vt 0.0210571289 0.284667969
vt 0.0173797607 0.21862793
vt 0.0210571289 0.21862793
vt 0.0173797607 0.141967773
vt 0.0210571289 0.141967773
vt 0.0210571289 0.141967773
vt 0.0173797607 0.141967773
vt 0.0173797607 0.126708984
vt 0.0210571289 0.126831055
vt 0.0210571289 0.126586914
vt 0.0173797607 0.126464844
vt 0.0173797607 0.142456055
vt 0.0210571289 0.142456055
vt 0.711425781 0.134155273
vt 0.688476562 0.150756836
vt 0.711425781 0.174438477
vt 0.733398438 0.150146484
vt 0.467529297 0.0278625488
vt 0.467529297 0.0335388184
vt 0.438720703 0.0335388184
vt 0.438720703 0.0278625488
vt 0.438720703 0.0278625488
vt 0.438720703 0.0335388184
vt 0.406738281 0.0335388184
vt 0.406738281 0.0278625488
vt 0.529785156 0.0278625488
vt 0.529785156 0.0335388184
vt 0.497802734 0.0335388184
vt 0.497802734 0.0278625488
vt 0.497802734 0.0278625488
vt 0.497802734 0.0335388184
vt 0.467529297 0.0335388184
vt 0.467529297 0.0278625488
vt 0.0999755859 0.641113281
vt 0.799804688 0.641113281
vt 0.799804688 0.5625
vt 0.0999755859 0.5625
vt 0.0999755859 0.672363281
vt 0.799804688 0.672363281
vt 0.799804688 0.658691406
vt 0.0999755859 0.658691406
vt 0.0999755859 0.737792969
vt 0.799804688 0.737792969
vt 0.799804688 0.672363281
vt 0.0999755859 0.672363281
vt 0.138061523 0.778320312
vt 0.837890625 0.778320312
vt 0.837890625 0.7578125
vt 0.138061523 0.7578125
vt 0.138061523 0.813964844
vt 0.837890625 0.813964844
vt 0.837890625 0.778320312
vt 0.138061523 0.778320312
vt 0.138061523 0.85546875
vt 0.837890625 0.85546875
vt 0.837890625 0.832519531
vt 0.138061523 0.832519531
vt 0.138061523 0.875488281
vt 0.837890625 0.875488281
vt 0.837890625 0.864257812
vt 0.138061523 0.864257812
vt 0.837890625 0.823242188
vt 0.837890625 0.813964844
vt 0.138061523 0.813964844
vt 0.138061523 0.823242188
vt 0.138061523 0.823242188
vt 0.138061523 0.827636719
vt 0.837890625 0.827636719
vt 0.837890625 0.823242188
vt 0.837890625 0.864257812
vt 0.837890625 0.859863281
vt 0.138061523 0.859863281
vt 0.138061523 0.864257812
vt 0.138061523 0.827636719
vt 0.138061523 0.832519531
vt 0.837890625 0.832519531
vt 0.837890625 0.827636719
vt 0.837890625 0.859863281
vt 0.837890625 0.85546875
vt 0.138061523 0.85546875
vt 0.138061523 0.859863281
vt 0.799804688 0.954101562
vt 0.0999755859 0.954101562
vt 0.0999755859 0.95703125
vt 0.799804688 0.95703125
vt 0.799804688 0.901367188
vt 0.0999755859 0.901367188
vt 0.100097656 0.903808594
vt 0.799804688 0.903808594
vt 0.0999755859 0.901367188
vt 0.799804688 0.901367188
vt 0.799804688 0.893066406
vt 0.0999755859 0.893066406
vt 0.799804688 0.903808594
vt 0.0999755859 0.903808594
vt 0.0999755859 0.954101562
vt 0.799804688 0.954101562
vt 0.799804688 0.990234375
vt 0.799804688 0.95703125
vt 0.0999755859 0.95703125
vt 0.0999755859 0.990234375
vt 0.721679688 0.479980469
vt 0.721679688 0.537597656
vt 0.814941406 0.537597656
vt 0.814941406 0.479980469
vt 0.721679688 0.411621094
vt 0.721679688 0.472900391
vt 0.814941406 0.472900391
vt 0.814941406 0.411621094
vt 0.721679688 0.446044922
vt 0.721679688 0.472900391
vt 0.814941406 0.472900391
vt 0.814941406 0.446044922
vt 0.680664062 0.542480469
vt 0.719238281 0.475097656
vt 0.698730469 0.475097656
vt 0.719238281 0.542480469
vt 0.721679688 0.479980469
vt 0.721679688 0.537597656
vt 0.719238281 0.475097656
vt 0.721679688 0.479980469
vt 0.721679688 0.537597656
vt 0.719238281 0.542480469
vt 0.719238281 0.475097656
vt 0.698730469 0.475097656
vt 0.680664062 0.542480469
vt 0.814941406 0.537597656
vt 0.721679688 0.537597656
vt 0.721679688 0.544921875
vt 0.814941406 0.544921875
vt 0.814941406 0.472900391
vt 0.721679688 0.472900391
vt 0.721679688 0.479980469
vt 0.814941406 0.479980469
vt 0.814941406 0.472900391
vt 0.459716797 0.475097656
vt 0.459716797 0.537597656
vt 0.661132812 0.537597656
vt 0.661132812 0.475097656
vt 0.661132812 0.407958984
vt 0.661132812 0.468994141
vt 0.459716797 0.468994141
vt 0.459716797 0.407958984
vt 0.459716797 0.446044922
vt 0.459716797 0.468994141
vt 0.661132812 0.468994141
vt 0.661132812 0.446044922
vt 0.456298828 0.542480469
vt 0.459716797 0.537597656
vt 0.459716797 0.475097656
vt 0.456298828 0.472412109
vt 0.418701172 0.542480469
vt 0.436523438 0.472412109
vt 0.456298828 0.472412109
vt 0.459716797 0.475097656
vt 0.459716797 0.537597656
vt 0.456298828 0.542480469
vt 0.436523438 0.472412109
vt 0.418701172 0.542480469
vt 0.661132812 0.537597656
vt 0.459716797 0.537597656
vt 0.459716797 0.544921875
vt 0.661132812 0.544921875
vt 0.459716797 0.475097656
vt 0.661132812 0.475097656
vt 0.661132812 0.468994141
vt 0.459716797 0.468994141
vt 0.875488281 0.509765625
vt 0.875488281 0.429443359
vt 0.951171875 0.429443359
vt 0.951171875 0.509765625
vt 0.96875 0.429443359
vt 0.987304688 0.509765625
vt 0.951171875 0.509765625
vt 0.951171875 0.429443359
vt 0.951171875 0.544433594
vt 0.875488281 0.544433594
vt 0.875488281 0.509765625
vt 0.951171875 0.509765625
vt 0.838867188 0.509765625
vt 0.857910156 0.429443359
vt 0.875488281 0.429443359
vt 0.875488281 0.509765625
vt 0.529296875 0.3203125
vt 0.583496094 0.3203125
vt 0.583496094 0.3515625
vt 0.529296875 0.3515625
vt 0.607910156 0.3515625
vt 0.607910156 0.3203125
vt 0.662109375 0.3203125
vt 0.662109375 0.3515625
vt 0.595703125 0.3515625
vt 0.607910156 0.3203125
vt 0.607910156 0.3515625
vt 0.595703125 0.3203125
vt 0.583496094 0.3203125
vt 0.583496094 0.3515625
vt 0.825683594 0.19921875
vt 0.885253906 0.25
vt 0.83203125 0.208496094
vt 0.885253906 0.1484375
vt 0.83203125 0.189941406
vt 0.529296875 0.3203125
vt 0.583496094 0.3203125
vt 0.583496094 0.3515625
vt 0.529296875 0.3515625
vt 0.607910156 0.3515625
vt 0.607910156 0.3203125
vt 0.662109375 0.3203125
vt 0.662109375 0.3515625
vt 0.595703125 0.3515625
vt 0.607910156 0.3203125
vt 0.607910156 0.3515625
vt 0.595703125 0.3203125
vt 0.583496094 0.3203125
vt 0.583496094 0.3515625
vt 0.825683594 0.19921875
vt 0.885253906 0.25
vt 0.83203125 0.208496094
vt 0.885253906 0.1484375
vt 0.83203125 0.189941406
vt 0.875488281 0.509765625
vt 0.875488281 0.429443359
vt 0.951171875 0.429443359
vt 0.951171875 0.509765625
vt 0.96875 0.429443359
vt 0.987304688 0.509765625
vt 0.951171875 0.509765625
vt 0.951171875 0.429443359
vt 0.951171875 0.544433594
vt 0.875488281 0.544433594
vt 0.875488281 0.509765625
vt 0.951171875 0.509765625
vt 0.838867188 0.509765625
vt 0.857910156 0.429443359
vt 0.875488281 0.429443359
vt 0.875488281 0.509765625
vt 0.459716797 0.475097656
vt 0.661132812 0.475097656
vt 0.661132812 0.537597656
vt 0.459716797 0.537597656
vt 0.661132812 0.407958984
vt 0.459716797 0.407958984
vt 0.459716797 0.468994141
vt 0.661132812 0.468994141
vt 0.459716797 0.446044922
vt 0.661132812 0.446044922
vt 0.661132812 0.468994141
vt 0.459716797 0.468994141
vt 0.456298828 0.542480469
vt 0.459716797 0.475097656
vt 0.459716797 0.537597656
vt 0.456298828 0.472412109
vt 0.418701172 0.542480469
vt 0.436523438 0.472412109
vt 0.456298828 0.472412109
vt 0.459716797 0.537597656
vt 0.459716797 0.475097656
vt 0.456298828 0.542480469
vt 0.436523438 0.472412109
vt 0.418701172 0.542480469
vt 0.661132812 0.537597656
vt 0.661132812 0.544921875
vt 0.459716797 0.544921875
vt 0.459716797 0.537597656
vt 0.459716797 0.475097656
vt 0.459716797 0.468994141
vt 0.661132812 0.468994141
vt 0.661132812 0.475097656
vt 0.686523438 0.341552734
vt 0.907226562 0.35546875
vt 0.686523438 0.35546875
vt 0.907226562 0.341552734
vt 0.796875 0.277587891
vt 0.858886719 0.276123047
vt 0.732910156 0.277832031
vt 0.821289062 0.251220703
vt 0.771972656 0.252197266
vt 0.808105469 0.235717773
vt 0.785644531 0.235717773
vt 0.796875 0.234008789
vt 0.796875 0.23034668
vt 0.0529174805 0.217773438
vt 0.0529174805 0.135986328
vt 0.0390014648 0.135742188
vt 0.0390014648 0.217773438
vt 0.0390014648 0.299072266
vt 0.0390014648 0.289794922
vt 0.0529174805 0.289306641
vt 0.0529174805 0.299072266
vt 0.0390014648 0.289794922
vt 0.0390014648 0.299072266
vt 0.0529174805 0.299072266
vt 0.0529174805 0.289306641
vt 0.0529174805 0.136352539
vt 0.0529174805 0.217529297
vt 0.0390014648 0.217529297
vt 0.0390014648 0.136230469
vt 0.0529174805 0.289306641
vt 0.0529174805 0.217773438
vt 0.0390014648 0.217773438
vt 0.0390014648 0.289794922
vt 0.0390014648 0.123962402
vt 0.0390014648 0.135742188
vt 0.0529174805 0.135986328
vt 0.0529174805 0.12286377
vt 0.0529174805 0.136352539
vt 0.0390014648 0.136230469
vt 0.0390014648 0.124145508
vt 0.0529174805 0.122802734
vt 0.0390014648 0.217529297
vt 0.0529174805 0.217529297
vt 0.0529174805 0.289306641
vt 0.0390014648 0.289794922
vt 0.0390014648 0.289794922
vt 0.0390014648 0.299072266
vt 0.0210571289 0.299072266
vt 0.0210571289 0.284423828
vt 0.0390014648 0.217529297
vt 0.0210571289 0.21875
vt 0.0390014648 0.136230469
vt 0.0210571289 0.142456055
vt 0.0390014648 0.124145508
vt 0.0210571289 0.126586914
vt 0.0390014648 0.299072266
vt 0.0210571289 0.284667969
vt 0.0210571289 0.299072266
vt 0.0390014648 0.289794922
vt 0.0210571289 0.21862793
vt 0.0390014648 0.217773438
vt 0.0210571289 0.141967773
vt 0.0390014648 0.135742188
vt 0.0210571289 0.126831055
vt 0.0390014648 0.123962402
vt 0.0210571289 0.142456055
vt 0.0173797607 0.21875
vt 0.0173797607 0.142456055
vt 0.0210571289 0.21875
vt 0.0173797607 0.284423828
vt 0.0210571289 0.284423828
vt 0.0173797607 0.299072266
vt 0.0210571289 0.299072266
vt 0.0210571289 0.299072266
vt 0.0173797607 0.284912109
vt 0.0173797607 0.299072266
vt 0.0210571289 0.284667969
vt 0.0173797607 0.21862793
vt 0.0210571289 0.21862793
vt 0.0173797607 0.141967773
vt 0.0210571289 0.141967773
vt 0.0210571289 0.141967773
vt 0.0210571289 0.126831055
vt 0.0173797607 0.126708984
vt 0.0173797607 0.141967773
vt 0.0210571289 0.126586914
vt 0.0210571289 0.142456055
vt 0.0173797607 0.142456055
vt 0.0173797607 0.126464844
vt 0.711425781 0.134155273
vt 0.733398438 0.150146484
vt 0.711425781 0.174438477
vt 0.688476562 0.150756836
vt 0.467529297 0.0278625488
vt 0.438720703 0.0278625488
vt 0.438720703 0.0335388184
vt 0.467529297 0.0335388184
vt 0.438720703 0.0278625488
vt 0.406738281 0.0278625488
vt 0.406738281 0.0335388184
vt 0.438720703 0.0335388184
vt 0.529785156 0.0278625488
vt 0.497802734 0.0278625488
vt 0.497802734 0.0335388184
vt 0.529785156 0.0335388184
vt 0.497802734 0.0278625488
vt 0.467529297 0.0278625488
vt 0.467529297 0.0335388184
vt 0.497802734 0.0335388184
vt 0.0999755859 0.641113281
vt 0.0999755859 0.5625
vt 0.799804688 0.5625
vt 0.799804688 0.641113281
vt 0.0999755859 0.672363281
vt 0.0999755859 0.658691406
vt 0.799804688 0.658691406
vt 0.799804688 0.672363281
vt 0.0999755859 0.737792969
vt 0.0999755859 0.672363281
vt 0.799804688 0.672363281
vt 0.799804688 0.737792969
vt 0.138061523 0.778320312
vt 0.138061523 0.7578125
vt 0.837890625 0.7578125
vt 0.837890625 0.778320312
vt 0.138061523 0.813964844
vt 0.138061523 0.778320312
vt 0.837890625 0.778320312
vt 0.837890625 0.813964844
vt 0.138061523 0.85546875
vt 0.138061523 0.832519531
vt 0.837890625 0.832519531
vt 0.837890625 0.85546875
vt 0.138061523 0.875488281
vt 0.138061523 0.864257812
vt 0.837890625 0.864257812
vt 0.837890625 0.875488281
vt 0.837890625 0.823242188
vt 0.138061523 0.823242188
vt 0.138061523 0.813964844
vt 0.837890625 0.813964844
vt 0.138061523 0.823242188
vt 0.837890625 0.823242188
vt 0.837890625 0.827636719
vt 0.138061523 0.827636719
vt 0.837890625 0.864257812
vt 0.138061523 0.864257812
vt 0.138061523 0.859863281
vt 0.837890625 0.859863281
vt 0.138061523 0.827636719
vt 0.837890625 0.827636719
vt 0.837890625 0.832519531
vt 0.138061523 0.832519531
vt 0.837890625 0.859863281
vt 0.138061523 0.859863281
vt 0.138061523 0.85546875
vt 0.837890625 0.85546875
vt 0.799804688 0.954101562
vt 0.799804688 0.95703125
vt 0.0999755859 0.95703125
vt 0.0999755859 0.954101562
vt 0.799804688 0.901367188
vt 0.799804688 0.903808594
vt 0.100097656 0.903808594
vt 0.0999755859 0.901367188
vt 0.0999755859 0.901367188
vt 0.0999755859 0.893066406
vt 0.799804688 0.893066406
vt 0.799804688 0.901367188
vt 0.799804688 0.903808594
vt 0.799804688 0.954101562
vt 0.0999755859 0.954101562
vt 0.0999755859 0.903808594
vt 0.799804688 0.990234375
vt 0.0999755859 0.990234375
vt 0.0999755859 0.95703125
vt 0.799804688 0.95703125
vt 0.721679688 0.479980469
vt 0.814941406 0.479980469
vt 0.814941406 0.537597656
vt 0.721679688 0.537597656
vt 0.721679688 0.411621094
vt 0.814941406 0.411621094
vt 0.814941406 0.472900391
vt 0.721679688 0.472900391
vt 0.721679688 0.446044922
vt 0.814941406 0.446044922
vt 0.814941406 0.472900391
vt 0.721679688 0.472900391
vt 0.680664062 0.542480469
vt 0.698730469 0.475097656
vt 0.719238281 0.475097656
vt 0.719238281 0.542480469
vt 0.721679688 0.479980469
vt 0.721679688 0.537597656
vt 0.719238281 0.475097656
vt 0.721679688 0.537597656
vt 0.721679688 0.479980469
vt 0.719238281 0.542480469
vt 0.719238281 0.475097656
vt 0.698730469 0.475097656
vt 0.680664062 0.542480469
vt 0.814941406 0.537597656
vt 0.814941406 0.544921875
vt 0.721679688 0.544921875
vt 0.721679688 0.537597656
vt 0.721679688 0.479980469
vt 0.721679688 0.472900391
vt 0.814941406 0.472900391
vt 0.814941406 0.479980469
vt 0.814941406 0.472900391
vt 0.459716797 0.475097656
vt 0.661132812 0.475097656
vt 0.661132812 0.537597656
vt 0.459716797 0.537597656
vt 0.661132812 0.407958984
vt 0.459716797 0.407958984
vt 0.459716797 0.468994141
vt 0.661132812 0.468994141
vt 0.459716797 0.446044922
vt 0.661132812 0.446044922
vt 0.661132812 0.468994141
vt 0.459716797 0.468994141
vt 0.456298828 0.542480469
vt 0.459716797 0.475097656
vt 0.459716797 0.537597656
vt 0.456298828 0.472412109
vt 0.418701172 0.542480469
vt 0.436523438 0.472412109
vt 0.456298828 0.472412109
vt 0.459716797 0.537597656
vt 0.459716797 0.475097656
vt 0.456298828 0.542480469
vt 0.436523438 0.472412109
vt 0.418701172 0.542480469
vt 0.661132812 0.537597656
vt 0.661132812 0.544921875
vt 0.459716797 0.544921875
vt 0.459716797 0.537597656
vt 0.459716797 0.475097656
vt 0.459716797 0.468994141
vt 0.661132812 0.468994141
vt 0.661132812 0.475097656
vt 0.721679688 0.479980469
vt 0.814941406 0.479980469
vt 0.814941406 0.537597656
vt 0.721679688 0.537597656
vt 0.721679688 0.411621094
vt 0.814941406 0.411621094
vt 0.814941406 0.472900391
vt 0.721679688 0.472900391
vt 0.721679688 0.446044922
vt 0.814941406 0.446044922
vt 0.814941406 0.472900391
vt 0.721679688 0.472900391
vt 0.680664062 0.542480469
vt 0.698730469 0.475097656
vt 0.719238281 0.475097656
vt 0.719238281 0.542480469
vt 0.721679688 0.479980469
vt 0.721679688 0.537597656
vt 0.719238281 0.475097656
vt 0.721679688 0.537597656
vt 0.721679688 0.479980469
vt 0.719238281 0.542480469
vt 0.719238281 0.475097656
vt 0.698730469 0.475097656
vt 0.680664062 0.542480469
vt 0.814941406 0.537597656
vt 0.814941406 0.544921875
vt 0.721679688 0.544921875
vt 0.721679688 0.537597656
vt 0.721679688 0.479980469
vt 0.721679688 0.472900391
vt 0.814941406 0.472900391
vt 0.814941406 0.479980469
vt 0.814941406 0.472900391
vt 0.399414062 0.236328125
vt 0.310302734 0.229858398
vt 0.392822266 0.229858398
vt 0.303710938 0.236328125
vt 0.303710938 0.293701172
vt 0.399414062 0.264404297
vt 0.133300781 0.493164062
vt 0.394042969 0.493164062
vt 0.394042969 0.545410156
vt 0.133300781 0.545410156
vt 0.0941162109 0.411865234
vt 0.433349609 0.411865234
vt 0.396972656 0.487304688
vt 0.130249023 0.487304688
vt 0.0909423828 0.380371094
vt 0.436523438 0.380371094
vt 0.436523438 0.406005859
vt 0.0909423828 0.406005859
vt 0.303710938 0.236328125
vt 0.392822266 0.229858398
vt 0.310302734 0.229858398
vt 0.399414062 0.236328125
vt 0.303710938 0.293701172
vt 0.399414062 0.264404297
vt 0.396972656 0.487304688
vt 0.394042969 0.493164062
vt 0.133300781 0.493164062
vt 0.130249023 0.487304688
vt 0.436523438 0.406005859
vt 0.433349609 0.411865234
vt 0.0941162109 0.411865234
vt 0.0909423828 0.406005859
vt 0.975585938 0.192626953
vt 0.975585938 0.114990234
vt 0.984863281 0.12109375
vt 0.984863281 0.185302734
vt 0.975585938 0.114990234
vt 0.975585938 0.192626953
vt 0.984863281 0.185302734
vt 0.984863281 0.12109375
vt 0.975585938 0.192626953
vt 0.984863281 0.201660156
vt 0.984863281 0.294189453
vt 0.975585938 0.303222656
vt 0.490234375 0.353271484
vt 0.410888672 0.293457031
vt 0.490234375 0.260009766
vt 0.410888672 0.319091797
vt 0.404296875 0.295898438
vt 0.404296875 0.316650391
vt 0.400390625 0.296386719
vt 0.400390625 0.316162109
vt 0.975585938 0.114990234
vt 0.984863281 0.0659790039
vt 0.984863281 0.107788086
vt 0.975585938 0.0170288086
vt 0.984863281 0.0247802734
vt 0.917480469 0.303222656
vt 0.917480469 0.192626953
vt 0.975585938 0.192626953
vt 0.975585938 0.303222656
vt 0.917480469 0.192626953
vt 0.946289062 0.114990234
vt 0.975585938 0.114990234
vt 0.975585938 0.192626953
vt 0.946289062 0.114990234
vt 0.94140625 0.0170288086
vt 0.975585938 0.0170288086
vt 0.975585938 0.114990234
vt 0.946289062 0.114990234
vt 0.917480469 0.192626953
vt 0.975585938 0.192626953
vt 0.975585938 0.114990234
vt 0.490234375 0.260009766
vt 0.490234375 0.353271484
vt 0.410888672 0.319091797
vt 0.410888672 0.293457031
vt 0.404296875 0.295898438
vt 0.404296875 0.316650391
vt 0.400390625 0.296386719
vt 0.400390625 0.316162109
vt 0.0684204102 0.0259094238
vt 0.0968017578 0.0966186523
vt 0.0897827148 0.0931396484
vt 0.0659790039 0.0280456543
vt 0.0629272461 0.0227661133
vt 0.0621643066 0.0264434814
vt 0.0573730469 0.0219268799
vt 0.0573730469 0.0261230469
vt 0.0517883301 0.0227661133
vt 0.0525817871 0.0264587402
vt 0.0463256836 0.0259094238
vt 0.0487976074 0.0280456543
vt 0.0179443359 0.0966186523
vt 0.0249938965 0.0931396484
vt 0.0968017578 0.0966186523
vt 0.0179443359 0.0966186523
vt 0.0249938965 0.0931396484
vt 0.0897827148 0.0931396484
vt 0.158081055 0.0957641602
vt 0.145019531 0.0159301758
vt 0.192382812 0.0158843994
vt 0.131835938 0.0957641602
vt 0.0975952148 0.0158996582
vt 0.145019531 0.101501465
vt 0.151611328 0.100463867
vt 0.138427734 0.100463867
vt 0.878417969 0.0758666992
vt 0.913574219 0.122314453
vt 0.855957031 0.122314453
vt 0.891113281 0.0758666992
vt 0.884765625 0.0729980469
vt 0.888183594 0.0735473633
vt 0.881347656 0.0735473633
vt 0.441894531 0.204956055
vt 0.30078125 0.204956055
vt 0.4375 0.192382812
vt 0.419433594 0.141479492
vt 0.391845703 0.0933837891
vt 0.322265625 0.0234375
vt 0.30078125 0.0138397217
vt 0.279296875 0.0234375
vt 0.209716797 0.0933837891
vt 0.182250977 0.141479492
vt 0.1640625 0.192382812
vt 0.159667969 0.204956055
vt 0.395751953 0.0798950195
vt 0.395507812 0.0900878906
vt 0.456542969 0.141479492
vt 0.427246094 0.138427734
vt 0.446777344 0.189208984
vt 0.471435547 0.173706055
vt 0.451416016 0.204956055
vt 0.471191406 0.204956055
vt 0.206176758 0.0900878906
vt 0.20300293 0.0823974609
vt 0.145019531 0.141479492
vt 0.174194336 0.138427734
vt 0.130004883 0.173706055
vt 0.154785156 0.189208984
vt 0.150268555 0.204956055
vt 0.130493164 0.204956055
vt 0.699707031 0.0723266602
vt 0.699707031 0.107299805
vt 0.6640625 0.107299805
vt 0.6640625 0.0723266602
vt 0.636230469 0.0723266602
vt 0.636230469 0.107299805
vt 0.562988281 0.107299805
vt 0.562988281 0.0723266602
vt 0.475341797 0.0723266602
vt 0.475341797 0.107299805
vt 0.456298828 0.0723266602
vt 0.456298828 0.107299805
vt 0.6640625 0.0723266602
vt 0.699707031 0.0723266602
vt 0.699707031 0.107299805
vt 0.6640625 0.107299805
vt 0.636230469 0.0723266602
vt 0.636230469 0.107299805
vt 0.562988281 0.107299805
vt 0.562988281 0.0723266602
vt 0.475341797 0.10723877
vt 0.475341797 0.0723266602
vt 0.456298828 0.0723266602
vt 0.456298828 0.10736084
vt 0.446777344 0.189208984
vt 0.451416016 0.204956055
vt 0.441894531 0.204956055
vt 0.4375 0.192382812
vt 0.427246094 0.138427734
vt 0.419433594 0.141479492
vt 0.391845703 0.0933837891
vt 0.395507812 0.0900878906
vt 0.322265625 0.0234375
vt 0.159667969 0.204956055
vt 0.150268555 0.204956055
vt 0.154785156 0.189208984
vt 0.1640625 0.192382812
vt 0.182250977 0.141479492
vt 0.174194336 0.138427734
vt 0.209716797 0.0933837891
vt 0.206176758 0.0900878906
vt 0.279296875 0.0234375
vt 0.975585938 0.192626953
vt 0.984863281 0.185302734
vt 0.984863281 0.12109375
vt 0.975585938 0.114990234
vt 0.975585938 0.114990234
vt 0.984863281 0.12109375
vt 0.984863281 0.185302734
vt 0.975585938 0.192626953
vt 0.975585938 0.192626953
vt 0.975585938 0.303222656
vt 0.984863281 0.294189453
vt 0.984863281 0.201660156
vt 0.490234375 0.353271484
vt 0.490234375 0.260009766
vt 0.410888672 0.293457031
vt 0.410888672 0.319091797
vt 0.404296875 0.295898438
vt 0.404296875 0.316650391
vt 0.400390625 0.296386719
vt 0.400390625 0.316162109
vt 0.975585938 0.114990234
vt 0.984863281 0.107788086
vt 0.984863281 0.0659790039
vt 0.975585938 0.0170288086
vt 0.984863281 0.0247802734
vt 0.917480469 0.303222656
vt 0.975585938 0.303222656
vt 0.975585938 0.192626953
vt 0.917480469 0.192626953
vt 0.917480469 0.192626953
vt 0.975585938 0.192626953
vt 0.975585938 0.114990234
vt 0.946289062 0.114990234
vt 0.946289062 0.114990234
vt 0.975585938 0.114990234
vt 0.975585938 0.0170288086
vt 0.94140625 0.0170288086
vt 0.946289062 0.114990234
vt 0.975585938 0.114990234
vt 0.975585938 0.192626953
vt 0.917480469 0.192626953
vt 0.490234375 0.260009766
vt 0.410888672 0.319091797
vt 0.490234375 0.353271484
vt 0.410888672 0.293457031
vt 0.404296875 0.295898438
vt 0.404296875 0.316650391
vt 0.400390625 0.296386719
vt 0.400390625 0.316162109
vt 0.0684204102 0.0259094238
vt 0.0897827148 0.0931396484
vt 0.0968017578 0.0966186523
vt 0.0659790039 0.0280456543
vt 0.0629272461 0.0227661133
vt 0.0621643066 0.0264434814
vt 0.0573730469 0.0219268799
vt 0.0573730469 0.0261230469
vt 0.0517883301 0.0227661133
vt 0.0525817871 0.0264587402
vt 0.0463256836 0.0259094238
vt 0.0487976074 0.0280456543
vt 0.0179443359 0.0966186523
vt 0.0249938965 0.0931396484
vt 0.0968017578 0.0966186523
vt 0.0897827148 0.0931396484
vt 0.0249938965 0.0931396484
vt 0.0179443359 0.0966186523
vt 0.158081055 0.0957641602
vt 0.192382812 0.0158843994
vt 0.145019531 0.0159301758
vt 0.131835938 0.0957641602
vt 0.0975952148 0.0158996582
vt 0.145019531 0.101501465
vt 0.151611328 0.100463867
vt 0.138427734 0.100463867
vt 0.878417969 0.0758666992
vt 0.855957031 0.122314453
vt 0.913574219 0.122314453
vt 0.891113281 0.0758666992
vt 0.884765625 0.0729980469
vt 0.888183594 0.0735473633
vt 0.881347656 0.0735473633
vt 0.397216797 0.359619141
vt 0.316162109 0.349121094
vt 0.397216797 0.350830078
vt 0.317138672 0.359619141
vt 0.294433594 0.359619141
vt 0.255615234 0.359619141
vt 0.255371094 0.340332031
vt 0.193115234 0.338134766
vt 0.193481445 0.359619141
vt 0.181274414 0.337646484
vt 0.181640625 0.359619141
vt 0.174804688 0.359619141
vt 0.251953125 0.319091797
vt 0.193847656 0.317382812
vt 0.180419922 0.315673828
vt 0.174804688 0.285644531
vt 0.174804688 0.336914062
vt 0.245117188 0.294921875
vt 0.244873047 0.269042969
vt 0.204467773 0.247070312
vt 0.196899414 0.288818359
vt 0.174804688 0.241821289
vt 0.168212891 0.337646484
vt 0.16784668 0.359619141
vt 0.156005859 0.359619141
vt 0.174804688 0.315185547
vt 0.169067383 0.315673828
vt 0.15637207 0.338134766
vt 0.0939331055 0.359619141
vt 0.155639648 0.317382812
vt 0.0940551758 0.340332031
vt 0.152587891 0.288818359
vt 0.174804688 0.241821289
vt 0.145019531 0.247070312
vt 0.0332946777 0.349121094
vt 0.0549926758 0.359619141
vt 0.0323791504 0.359619141
vt 0.0975341797 0.319091797
vt 0.104431152 0.294921875
vt 0.104675293 0.269042969
vt 0.397216797 0.359619141
vt 0.397216797 0.350830078
vt 0.316162109 0.349121094
vt 0.317138672 0.359619141
vt 0.801757812 0.383056641
vt 0.877929688 0.375732422
vt 0.876464844 0.383056641
vt 0.796875 0.375732422
vt 0.787597656 0.375732422
vt 0.786132812 0.383056641
vt 0.766601562 0.383056641
vt 0.764648438 0.375732422
vt 0.714355469 0.375732422
vt 0.715332031 0.383056641
vt 0.706054688 0.383056641
vt 0.705078125 0.375732422
vt 0.701171875 0.375732422
vt 0.701171875 0.383056641
vt 0.696289062 0.383056641
vt 0.697265625 0.375732422
vt 0.687988281 0.375732422
vt 0.687011719 0.383056641
vt 0.635742188 0.383056641
vt 0.637695312 0.375732422
vt 0.614746094 0.375732422
vt 0.616210938 0.383056641
vt 0.600585938 0.383056641
vt 0.60546875 0.375732422
vt 0.524414062 0.375732422
vt 0.525878906 0.383056641
vt 0.838867188 0.0163421631
vt 0.900390625 0.0163421631
vt 0.900390625 0.0539550781
vt 0.838867188 0.0539550781
vt 0.778808594 0.0163421631
vt 0.778808594 0.0539550781
vt 0.763671875 0.0539550781
vt 0.763671875 0.0163421631
vt 0.740234375 0.0539855957
vt 0.740234375 0.0163421631
vt 0.672851562 0.0163421631
vt 0.672851562 0.0539855957
vt 0.658203125 0.0163421631
vt 0.658203125 0.0539855957
vt 0.650390625 0.0539855957
vt 0.650390625 0.0163421631
vt 0.642578125 0.0163421631
vt 0.642578125 0.0539855957
vt 0.627929688 0.0539855957
vt 0.627929688 0.0163421631
vt 0.560546875 0.0539855957
vt 0.560546875 0.0163421631
vt 0.537109375 0.0163421631
vt 0.537109375 0.0539855957
vt 0.521972656 0.0163421631
vt 0.521972656 0.0539855957
vt 0.461914062 0.0539855957
vt 0.461914062 0.0163421631
vt 0.400390625 0.0539855957
vt 0.400390625 0.0163421631
vt 0.873535156 0.383056641
vt 0.941894531 0.383056641
vt 0.94140625 0.389892578
vt 0.873535156 0.389892578
vt 0.815429688 0.389892578
vt 0.815429688 0.383056641
vt 0.803710938 0.389892578
vt 0.803710938 0.383056641
vt 0.779785156 0.389892578
vt 0.779785156 0.383056641
vt 0.72265625 0.383056641
vt 0.72265625 0.389892578
vt 0.708984375 0.383056641
vt 0.708984375 0.389892578
vt 0.701171875 0.389892578
vt 0.701171875 0.383056641
vt 0.693359375 0.383056641
vt 0.693359375 0.389892578
vt 0.6796875 0.389892578
vt 0.680175781 0.383056641
vt 0.622558594 0.389892578
vt 0.622558594 0.383056641
vt 0.598632812 0.383056641
vt 0.598632812 0.389892578
vt 0.586914062 0.383056641
vt 0.586914062 0.389892578
vt 0.528808594 0.383056641
vt 0.528808594 0.389892578
vt 0.4609375 0.389892578
vt 0.460449219 0.383056641
vt 0.873535156 0.375732422
vt 0.818847656 0.383056641
vt 0.875976562 0.383056641
vt 0.815429688 0.375732422
vt 0.803710938 0.375732422
vt 0.802246094 0.383056641
vt 0.782226562 0.383056641
vt 0.779785156 0.375732422
vt 0.72265625 0.375732422
vt 0.723632812 0.383056641
vt 0.709472656 0.383056641
vt 0.708984375 0.375732422
vt 0.701171875 0.375732422
vt 0.701171875 0.383056641
vt 0.692871094 0.383056641
vt 0.693359375 0.375732422
vt 0.680175781 0.375732422
vt 0.678710938 0.383056641
vt 0.620605469 0.383056641
vt 0.622558594 0.375732422
vt 0.598632812 0.375732422
vt 0.600097656 0.383056641
vt 0.583496094 0.383056641
vt 0.586914062 0.375732422
vt 0.941894531 0.383056641
vt 0.873535156 0.383056641
vt 0.875976562 0.375732422
vt 0.938476562 0.375732422
vt 0.528808594 0.383056641
vt 0.583496094 0.375732422
vt 0.586914062 0.383056641
vt 0.526367188 0.375732422
vt 0.460449219 0.383056641
vt 0.463867188 0.375732422
vt 0.786621094 0.154907227
vt 0.780273438 0.153076172
vt 0.793457031 0.153076172
vt 0.771972656 0.146972656
vt 0.80078125 0.147094727
vt 0.829101562 0.111816406
vt 0.745117188 0.111572266
vt 0.787109375 0.0738525391
vt 0.842285156 0.0738525391
vt 0.844238281 0.0881347656
vt 0.844238281 0.0772705078
vt 0.845214844 0.0837402344
vt 0.731933594 0.0738525391
vt 0.729980469 0.0880737305
vt 0.729492188 0.0836791992
vt 0.73046875 0.0772094727
vt 0.0809936523 0.166992188
vt 0.0752563477 0.126708984
vt 0.0809936523 0.126708984
vt 0.0752563477 0.166992188
vt 0.0809936523 0.173095703
vt 0.0752563477 0.173095703
vt 0.0809936523 0.180664062
vt 0.0752563477 0.180664062
vt 0.0809936523 0.185668945
vt 0.0752563477 0.185668945
vt 0.0809936523 0.206298828
vt 0.0752563477 0.206298828
vt 0.0809936523 0.235351562
vt 0.0752563477 0.235351562
vt 0.0809936523 0.242431641
vt 0.0752563477 0.242431641
vt 0.0752563477 0.247314453
vt 0.0809936523 0.247314453
vt 0.0752563477 0.247314453
vt 0.0809936523 0.247314453
vt 0.0809936523 0.242431641
vt 0.0752563477 0.242431641
vt 0.0809936523 0.235351562
vt 0.0752563477 0.235351562
vt 0.0752563477 0.206298828
vt 0.0809936523 0.206298828
vt 0.0752563477 0.185668945
vt 0.0809936523 0.185668945
vt 0.0752563477 0.180664062
vt 0.0809936523 0.180664062
vt 0.0809936523 0.173095703
vt 0.0752563477 0.173095703
vt 0.0752563477 0.166992188
vt 0.0809936523 0.166992188
vt 0.0809936523 0.126708984
vt 0.0752563477 0.126708984
vt 0.0999755859 0.901367188
vt 0.0999755859 0.903808594
vt 0.642089844 0.903808594
vt 0.643066406 0.901367188
vt 0.0999755859 0.954101562
vt 0.0999755859 0.95703125
vt 0.600097656 0.95703125
vt 0.601074219 0.954101562
vt 0.601074219 0.954101562
vt 0.600097656 0.95703125
vt 0.0999755859 0.95703125
vt 0.0999755859 0.954101562
vt 0.643066406 0.901367188
vt 0.642089844 0.903808594
vt 0.0999755859 0.903808594
vt 0.0999755859 0.901367188
vt 0.0999755859 0.903808594
vt 0.642089844 0.903808594
vt 0.601074219 0.954101562
vt 0.0999755859 0.954101562
vt 0.0999755859 0.990234375
vt 0.0999755859 0.95703125
vt 0.600097656 0.95703125
vt 0.600097656 0.990234375
vt 0.643066406 0.893066406
vt 0.643066406 0.901367188
vt 0.0999755859 0.901367188
vt 0.0999755859 0.893066406
vt 0.0999755859 0.990234375
vt 0.600097656 0.990234375
vt 0.600097656 0.95703125
vt 0.0999755859 0.95703125
vt 0.643066406 0.893066406
vt 0.0999755859 0.893066406
vt 0.0999755859 0.901367188
vt 0.643066406 0.901367188
vt 0.0999755859 0.903808594
vt 0.0999755859 0.954101562
vt 0.601074219 0.954101562
vt 0.642089844 0.903808594
vt 0.985351562 0.813964844
vt 0.985351562 0.823242188
vt 0.483398438 0.823242188
vt 0.483398438 0.813964844
vt 0.278076172 0.823242188
vt 0.278076172 0.813964844
vt 0.584472656 0.813964844
vt 0.584472656 0.823242188
vt 0.483398438 0.875488281
vt 0.483398438 0.864257812
vt 0.985351562 0.864257812
vt 0.950683594 0.875488281
vt 0.278076172 0.85546875
vt 0.278076172 0.832519531
vt 0.584472656 0.832519531
vt 0.584472656 0.85546875
vt 0.483398438 0.85546875
vt 0.483398438 0.832519531
vt 0.985351562 0.832519531
vt 0.985351562 0.85546875
vt 0.985351562 0.813964844
vt 0.483398438 0.813964844
vt 0.483398438 0.778320312
vt 0.985351562 0.778320312
vt 0.985351562 0.778320312
vt 0.483398438 0.778320312
vt 0.483398438 0.7578125
vt 0.9609375 0.7578125
vt 0.600097656 0.641113281
vt 0.0999755859 0.641113281
vt 0.102416992 0.5625
vt 0.577636719 0.5625
vt 0.600097656 0.737304688
vt 0.0999755859 0.737304688
vt 0.0999755859 0.672363281
vt 0.600097656 0.672363281
vt 0.600097656 0.672363281
vt 0.0999755859 0.672363281
vt 0.0999755859 0.658691406
vt 0.588378906 0.658691406
vt 0.985351562 0.813964844
vt 0.483398438 0.813964844
vt 0.483398438 0.823242188
vt 0.985351562 0.823242188
vt 0.483398438 0.875488281
vt 0.950683594 0.875488281
vt 0.985351562 0.864257812
vt 0.483398438 0.864257812
vt 0.278076172 0.864257812
vt 0.584472656 0.864257812
vt 0.559082031 0.875488281
vt 0.302246094 0.875488281
vt 0.483398438 0.85546875
vt 0.985351562 0.85546875
vt 0.985351562 0.832519531
vt 0.483398438 0.832519531
vt 0.985351562 0.813964844
vt 0.985351562 0.778320312
vt 0.483398438 0.778320312
vt 0.483398438 0.813964844
vt 0.278076172 0.778320312
vt 0.584472656 0.778320312
vt 0.584472656 0.813964844
vt 0.278076172 0.813964844
vt 0.985351562 0.778320312
vt 0.9609375 0.7578125
vt 0.483398438 0.7578125
vt 0.483398438 0.778320312
vt 0.289794922 0.7578125
vt 0.571289062 0.7578125
vt 0.584472656 0.778320312
vt 0.278076172 0.778320312
vt 0.0999755859 0.641113281
vt 0.122558594 0.5625
vt 0.59765625 0.5625
vt 0.600097656 0.641113281
vt 0.600097656 0.5625
vt 0.900390625 0.5625
vt 0.899902344 0.641113281
vt 0.600097656 0.641113281
vt 0.600097656 0.737304688
vt 0.600097656 0.672363281
vt 0.0999755859 0.672363281
vt 0.0999755859 0.737304688
vt 0.600097656 0.672363281
vt 0.588378906 0.658691406
vt 0.0999755859 0.658691406
vt 0.0999755859 0.672363281
vt 0.611328125 0.658691406
vt 0.9921875 0.658691406
vt 0.9921875 0.672363281
vt 0.600097656 0.672363281
vt 0.278076172 0.823242188
vt 0.584472656 0.823242188
vt 0.584472656 0.827636719
vt 0.278076172 0.827636719
vt 0.584472656 0.864257812
vt 0.278076172 0.864257812
vt 0.278076172 0.859863281
vt 0.584472656 0.859863281
vt 0.483398438 0.823242188
vt 0.985351562 0.823242188
vt 0.985351562 0.827636719
vt 0.483398438 0.827636719
vt 0.985351562 0.864257812
vt 0.483398438 0.864257812
vt 0.483398438 0.859863281
vt 0.985351562 0.859863281
vt 0.483398438 0.864257812
vt 0.985351562 0.864257812
vt 0.985351562 0.859863281
vt 0.483398438 0.859863281
vt 0.985351562 0.823242188
vt 0.483398438 0.823242188
vt 0.483398438 0.827636719
vt 0.985351562 0.827636719
vt 0.278076172 0.827636719
vt 0.584472656 0.827636719
vt 0.584472656 0.832519531
vt 0.278076172 0.832519531
vt 0.584472656 0.859863281
vt 0.278076172 0.859863281
vt 0.278076172 0.85546875
vt 0.584472656 0.85546875
vt 0.483398438 0.827636719
vt 0.985351562 0.827636719
vt 0.985351562 0.832519531
vt 0.483398438 0.832519531
vt 0.985351562 0.859863281
vt 0.483398438 0.859863281
vt 0.483398438 0.85546875
vt 0.985351562 0.85546875
vt 0.483398438 0.859863281
vt 0.985351562 0.859863281
vt 0.985351562 0.85546875
vt 0.483398438 0.85546875
vt 0.985351562 0.827636719
vt 0.483398438 0.827636719
vt 0.483398438 0.832519531
vt 0.985351562 0.832519531
vt 0.721679688 0.479980469
vt 0.721679688 0.537597656
vt 0.814941406 0.537597656
vt 0.814941406 0.479980469
vt 0.721679688 0.411621094
vt 0.721679688 0.472900391
vt 0.814941406 0.472900391
vt 0.814941406 0.411621094
vt 0.721679688 0.446044922
vt 0.721679688 0.472900391
vt 0.814941406 0.472900391
vt 0.814941406 0.446044922
vt 0.680664062 0.542480469
vt 0.719238281 0.475097656
vt 0.698730469 0.475097656
vt 0.719238281 0.542480469
vt 0.721679688 0.479980469
vt 0.721679688 0.537597656
vt 0.719238281 0.475097656
vt 0.721679688 0.479980469
vt 0.721679688 0.537597656
vt 0.719238281 0.542480469
vt 0.719238281 0.475097656
vt 0.698730469 0.475097656
vt 0.680664062 0.542480469
vt 0.814941406 0.537597656
vt 0.721679688 0.537597656
vt 0.721679688 0.544921875
vt 0.814941406 0.544921875
vt 0.721679688 0.479980469
vt 0.814941406 0.479980469
vt 0.814941406 0.472900391
vt 0.814941406 0.472900391
vt 0.721679688 0.472900391
vt 0.875488281 0.509765625
vt 0.875488281 0.429443359
vt 0.951171875 0.429443359
vt 0.951171875 0.509765625
vt 0.96875 0.429443359
vt 0.987304688 0.509765625
vt 0.951171875 0.509765625
vt 0.951171875 0.429443359
vt 0.951171875 0.544433594
vt 0.875488281 0.544433594
vt 0.875488281 0.509765625
vt 0.951171875 0.509765625
vt 0.838867188 0.509765625
vt 0.857910156 0.429443359
vt 0.875488281 0.429443359
vt 0.875488281 0.509765625
vt 0.529296875 0.3203125
vt 0.583496094 0.3203125
vt 0.583496094 0.3515625
vt 0.529296875 0.3515625
vt 0.607910156 0.3515625
vt 0.607910156 0.3203125
vt 0.662109375 0.3203125
vt 0.662109375 0.3515625
vt 0.595703125 0.3515625
vt 0.607910156 0.3203125
vt 0.607910156 0.3515625
vt 0.595703125 0.3203125
vt 0.583496094 0.3203125
vt 0.583496094 0.3515625
vt 0.825683594 0.19921875
vt 0.885253906 0.25
vt 0.83203125 0.208496094
vt 0.885253906 0.1484375
vt 0.83203125 0.189941406
vt 0.529296875 0.3203125
vt 0.583496094 0.3203125
vt 0.583496094 0.3515625
vt 0.529296875 0.3515625
vt 0.607910156 0.3515625
vt 0.607910156 0.3203125
vt 0.662109375 0.3203125
vt 0.662109375 0.3515625
vt 0.595703125 0.3515625
vt 0.607910156 0.3203125
vt 0.607910156 0.3515625
vt 0.595703125 0.3203125
vt 0.583496094 0.3203125
vt 0.583496094 0.3515625
vt 0.825683594 0.19921875
vt 0.885253906 0.25
vt 0.83203125 0.208496094
vt 0.885253906 0.1484375
vt 0.83203125 0.189941406
vt 0.875488281 0.509765625
vt 0.875488281 0.429443359
vt 0.951171875 0.429443359
vt 0.951171875 0.509765625
vt 0.96875 0.429443359
vt 0.987304688 0.509765625
vt 0.951171875 0.509765625
vt 0.951171875 0.429443359
vt 0.951171875 0.544433594
vt 0.875488281 0.544433594
vt 0.875488281 0.509765625
vt 0.951171875 0.509765625
vt 0.838867188 0.509765625
vt 0.857910156 0.429443359
vt 0.875488281 0.429443359
vt 0.875488281 0.509765625
vt 0.459716797 0.475097656
vt 0.661132812 0.475097656
vt 0.661132812 0.537597656
vt 0.459716797 0.537597656
vt 0.661132812 0.407958984
vt 0.459716797 0.407958984
vt 0.459716797 0.468994141
vt 0.661132812 0.468994141
vt 0.459716797 0.446044922
vt 0.661132812 0.446044922
vt 0.661132812 0.468994141
vt 0.459716797 0.468994141
vt 0.456298828 0.542480469
vt 0.459716797 0.475097656
vt 0.459716797 0.537597656
vt 0.456298828 0.472412109
vt 0.418701172 0.542480469
vt 0.436523438 0.472412109
vt 0.456298828 0.472412109
vt 0.459716797 0.537597656
vt 0.459716797 0.475097656
vt 0.456298828 0.542480469
vt 0.436523438 0.472412109
vt 0.418701172 0.542480469
vt 0.661132812 0.537597656
vt 0.661132812 0.544921875
vt 0.459716797 0.544921875
vt 0.459716797 0.537597656
vt 0.459716797 0.475097656
vt 0.459716797 0.468994141
vt 0.661132812 0.468994141
vt 0.661132812 0.475097656
vt 0.686523438 0.341552734
vt 0.907226562 0.35546875
vt 0.686523438 0.35546875
vt 0.907226562 0.341552734
vt 0.796875 0.277587891
vt 0.858886719 0.276123047
vt 0.732910156 0.277832031
vt 0.821289062 0.251220703
vt 0.771972656 0.252197266
vt 0.808105469 0.235717773
vt 0.785644531 0.235717773
vt 0.796875 0.234008789
vt 0.796875 0.23034668
vt 0.0529174805 0.217773438
vt 0.0529174805 0.135986328
vt 0.0390014648 0.135742188
vt 0.0390014648 0.217773438
vt 0.0390014648 0.299072266
vt 0.0390014648 0.289794922
vt 0.0529174805 0.289306641
vt 0.0529174805 0.299072266
vt 0.0390014648 0.289794922
vt 0.0390014648 0.299072266
vt 0.0529174805 0.299072266
vt 0.0529174805 0.289306641
vt 0.0529174805 0.136352539
vt 0.0529174805 0.217529297
vt 0.0390014648 0.217529297
vt 0.0390014648 0.136230469
vt 0.0529174805 0.289306641
vt 0.0529174805 0.217773438
vt 0.0390014648 0.217773438
vt 0.0390014648 0.289794922
vt 0.0390014648 0.123962402
vt 0.0390014648 0.135742188
vt 0.0529174805 0.135986328
vt 0.0529174805 0.12286377
vt 0.0529174805 0.136352539
vt 0.0390014648 0.136230469
vt 0.0390014648 0.124145508
vt 0.0529174805 0.122802734
vt 0.0390014648 0.217529297
vt 0.0529174805 0.217529297
vt 0.0529174805 0.289306641
vt 0.0390014648 0.289794922
vt 0.0390014648 0.289794922
vt 0.0390014648 0.299072266
vt 0.0210571289 0.299072266
vt 0.0210571289 0.284423828
vt 0.0390014648 0.217529297
vt 0.0210571289 0.21875
vt 0.0390014648 0.136230469
vt 0.0210571289 0.142456055
vt 0.0390014648 0.124145508
vt 0.0210571289 0.126586914
vt 0.0390014648 0.299072266
vt 0.0210571289 0.284667969
vt 0.0210571289 0.299072266
vt 0.0390014648 0.289794922
vt 0.0210571289 0.21862793
vt 0.0390014648 0.217773438
vt 0.0210571289 0.141967773
vt 0.0390014648 0.135742188
vt 0.0210571289 0.126831055
vt 0.0390014648 0.123962402
vt 0.0210571289 0.142456055
vt 0.0173797607 0.21875
vt 0.0173797607 0.142456055
vt 0.0210571289 0.21875
vt 0.0173797607 0.284423828
vt 0.0210571289 0.284423828
vt 0.0173797607 0.299072266
vt 0.0210571289 0.299072266
vt 0.0210571289 0.299072266
vt 0.0173797607 0.284912109
vt 0.0173797607 0.299072266
vt 0.0210571289 0.284667969
vt 0.0173797607 0.21862793
vt 0.0210571289 0.21862793
vt 0.0173797607 0.141967773
vt 0.0210571289 0.141967773
vt 0.0210571289 0.141967773
vt 0.0210571289 0.126831055
vt 0.0173797607 0.126708984
vt 0.0173797607 0.141967773
vt 0.0210571289 0.126586914
vt 0.0210571289 0.142456055
vt 0.0173797607 0.142456055
vt 0.0173797607 0.126464844
vt 0.711425781 0.134155273
vt 0.733398438 0.150146484
vt 0.711425781 0.174438477
vt 0.688476562 0.150756836
vt 0.467529297 0.0278625488
vt 0.438720703 0.0278625488
vt 0.438720703 0.0335388184
vt 0.467529297 0.0335388184
vt 0.438720703 0.0278625488
vt 0.406738281 0.0278625488
vt 0.406738281 0.0335388184
vt 0.438720703 0.0335388184
vt 0.529785156 0.0278625488
vt 0.497802734 0.0278625488
vt 0.497802734 0.0335388184
vt 0.529785156 0.0335388184
vt 0.497802734 0.0278625488
vt 0.467529297 0.0278625488
vt 0.467529297 0.0335388184
vt 0.497802734 0.0335388184
vt 0.0999755859 0.641113281
vt 0.0999755859 0.5625
vt 0.799804688 0.5625
vt 0.799804688 0.641113281
vt 0.0999755859 0.672363281
vt 0.0999755859 0.658691406
vt 0.799804688 0.658691406
vt 0.799804688 0.672363281
vt 0.0999755859 0.737792969
vt 0.0999755859 0.672363281
vt 0.799804688 0.672363281
vt 0.799804688 0.737792969
vt 0.138061523 0.778320312
vt 0.138061523 0.7578125
vt 0.837890625 0.7578125
vt 0.837890625 0.778320312
vt 0.138061523 0.813964844
vt 0.138061523 0.778320312
vt 0.837890625 0.778320312
vt 0.837890625 0.813964844
vt 0.138061523 0.85546875
vt 0.138061523 0.832519531
vt 0.837890625 0.832519531
vt 0.837890625 0.85546875
vt 0.138061523 0.875488281
vt 0.138061523 0.864257812
vt 0.837890625 0.864257812
vt 0.837890625 0.875488281
vt 0.837890625 0.823242188
vt 0.138061523 0.823242188
vt 0.138061523 0.813964844
vt 0.837890625 0.813964844
vt 0.138061523 0.823242188
vt 0.837890625 0.823242188
vt 0.837890625 0.827636719
vt 0.138061523 0.827636719
vt 0.837890625 0.864257812
vt 0.138061523 0.864257812
vt 0.138061523 0.859863281
vt 0.837890625 0.859863281
vt 0.138061523 0.827636719
vt 0.837890625 0.827636719
vt 0.837890625 0.832519531
vt 0.138061523 0.832519531
vt 0.837890625 0.859863281
vt 0.138061523 0.859863281
vt 0.138061523 0.85546875
vt 0.837890625 0.85546875
vt 0.799804688 0.954101562
vt 0.799804688 0.95703125
vt 0.0999755859 0.95703125
vt 0.0999755859 0.954101562
vt 0.799804688 0.901367188
vt 0.799804688 0.903808594
vt 0.100097656 0.903808594
vt 0.0999755859 0.901367188
vt 0.0999755859 0.901367188
vt 0.0999755859 0.893066406
vt 0.799804688 0.893066406
vt 0.799804688 0.901367188
vt 0.799804688 0.903808594
vt 0.799804688 0.954101562
vt 0.0999755859 0.954101562
vt 0.0999755859 0.903808594
vt 0.799804688 0.990234375
vt 0.0999755859 0.990234375
vt 0.0999755859 0.95703125
vt 0.799804688 0.95703125
vt 0.721679688 0.479980469
vt 0.814941406 0.479980469
vt 0.814941406 0.537597656
vt 0.721679688 0.537597656
vt 0.721679688 0.411621094
vt 0.814941406 0.411621094
vt 0.814941406 0.472900391
vt 0.721679688 0.472900391
vt 0.721679688 0.446044922
vt 0.814941406 0.446044922
vt 0.814941406 0.472900391
vt 0.721679688 0.472900391
vt 0.680664062 0.542480469
vt 0.698730469 0.475097656
vt 0.719238281 0.475097656
vt 0.719238281 0.542480469
vt 0.721679688 0.479980469
vt 0.721679688 0.537597656
vt 0.719238281 0.475097656
vt 0.721679688 0.537597656
vt 0.721679688 0.479980469
vt 0.719238281 0.542480469
vt 0.719238281 0.475097656
vt 0.698730469 0.475097656
vt 0.680664062 0.542480469
vt 0.814941406 0.537597656
vt 0.814941406 0.544921875
vt 0.721679688 0.544921875
vt 0.721679688 0.537597656
vt 0.721679688 0.479980469
vt 0.721679688 0.472900391
vt 0.814941406 0.472900391
vt 0.814941406 0.479980469
vt 0.814941406 0.472900391
vt 0.459716797 0.475097656
vt 0.661132812 0.475097656
vt 0.661132812 0.537597656
vt 0.459716797 0.537597656
vt 0.661132812 0.407958984
vt 0.459716797 0.407958984
vt 0.459716797 0.468994141
vt 0.661132812 0.468994141
vt 0.459716797 0.446044922
vt 0.661132812 0.446044922
vt 0.661132812 0.468994141
vt 0.459716797 0.468994141
vt 0.456298828 0.542480469
vt 0.459716797 0.475097656
vt 0.459716797 0.537597656
vt 0.456298828 0.472412109
vt 0.418701172 0.542480469
vt 0.436523438 0.472412109
vt 0.456298828 0.472412109
vt 0.459716797 0.537597656
vt 0.459716797 0.475097656
vt 0.456298828 0.542480469
vt 0.436523438 0.472412109
vt 0.418701172 0.542480469
vt 0.661132812 0.537597656
vt 0.661132812 0.544921875
vt 0.459716797 0.544921875
vt 0.459716797 0.537597656
vt 0.459716797 0.475097656
vt 0.459716797 0.468994141
vt 0.661132812 0.468994141
vt 0.661132812 0.475097656
vt 0.875488281 0.509765625
vt 0.875488281 0.429443359
vt 0.951171875 0.429443359
vt 0.951171875 0.509765625
vt 0.96875 0.429443359
vt 0.987304688 0.509765625
vt 0.951171875 0.509765625
vt 0.951171875 0.429443359
vt 0.951171875 0.544433594
vt 0.875488281 0.544433594
vt 0.875488281 0.509765625
vt 0.951171875 0.509765625
vt 0.838867188 0.509765625
vt 0.857910156 0.429443359
vt 0.875488281 0.429443359
vt 0.875488281 0.509765625
vt 0.529296875 0.3203125
vt 0.583496094 0.3203125
vt 0.583496094 0.3515625
vt 0.529296875 0.3515625
vt 0.607910156 0.3515625
vt 0.607910156 0.3203125
vt 0.662109375 0.3203125
vt 0.662109375 0.3515625
vt 0.595703125 0.3515625
vt 0.607910156 0.3203125
vt 0.607910156 0.3515625
vt 0.595703125 0.3203125
vt 0.583496094 0.3203125
vt 0.583496094 0.3515625
vt 0.825683594 0.19921875
vt 0.885253906 0.25
vt 0.83203125 0.208496094
vt 0.885253906 0.1484375
vt 0.83203125 0.189941406
vt 0.529296875 0.3203125
vt 0.583496094 0.3203125
vt 0.583496094 0.3515625
vt 0.529296875 0.3515625
vt 0.607910156 0.3515625
vt 0.607910156 0.3203125
vt 0.662109375 0.3203125
vt 0.662109375 0.3515625
vt 0.595703125 0.3515625
vt 0.607910156 0.3203125
vt 0.607910156 0.3515625
vt 0.595703125 0.3203125
vt 0.583496094 0.3203125
vt 0.583496094 0.3515625
vt 0.825683594 0.19921875
vt 0.885253906 0.25
vt 0.83203125 0.208496094
vt 0.885253906 0.1484375
vt 0.83203125 0.189941406
vt 0.875488281 0.509765625
vt 0.875488281 0.429443359
vt 0.951171875 0.429443359
vt 0.951171875 0.509765625
vt 0.96875 0.429443359
vt 0.987304688 0.509765625
vt 0.951171875 0.509765625
vt 0.951171875 0.429443359
vt 0.951171875 0.544433594
vt 0.875488281 0.544433594
vt 0.875488281 0.509765625
vt 0.951171875 0.509765625
vt 0.838867188 0.509765625
vt 0.857910156 0.429443359
vt 0.875488281 0.429443359
vt 0.875488281 0.509765625
vt 0.459716797 0.475097656
vt 0.661132812 0.475097656
vt 0.661132812 0.537597656
vt 0.459716797 0.537597656
vt 0.661132812 0.407958984
vt 0.459716797 0.407958984
vt 0.459716797 0.468994141
vt 0.661132812 0.468994141
vt 0.459716797 0.446044922
vt 0.661132812 0.446044922
vt 0.661132812 0.468994141
vt 0.459716797 0.468994141
vt 0.456298828 0.542480469
vt 0.459716797 0.475097656
vt 0.459716797 0.537597656
vt 0.456298828 0.472412109
vt 0.418701172 0.542480469
vt 0.436523438 0.472412109
vt 0.456298828 0.472412109
vt 0.459716797 0.537597656
vt 0.459716797 0.475097656
vt 0.456298828 0.542480469
vt 0.436523438 0.472412109
vt 0.418701172 0.542480469
vt 0.661132812 0.537597656
vt 0.661132812 0.544921875
vt 0.459716797 0.544921875
vt 0.459716797 0.537597656
vt 0.459716797 0.475097656
vt 0.459716797 0.468994141
vt 0.661132812 0.468994141
vt 0.661132812 0.475097656
vt 0.686523438 0.341552734
vt 0.907226562 0.35546875
vt 0.686523438 0.35546875
vt 0.907226562 0.341552734
vt 0.796875 0.277587891
vt 0.858886719 0.276123047
vt 0.732910156 0.277832031
vt 0.821289062 0.251220703
vt 0.771972656 0.252197266
vt 0.808105469 0.235717773
vt 0.785644531 0.235717773
vt 0.796875 0.234008789
vt 0.796875 0.23034668
vt 0.0529174805 0.217773438
vt 0.0529174805 0.135986328
vt 0.0390014648 0.135742188
vt 0.0390014648 0.217773438
vt 0.0390014648 0.299072266
vt 0.0390014648 0.289794922
vt 0.0529174805 0.289306641
vt 0.0529174805 0.299072266
vt 0.0390014648 0.289794922
vt 0.0390014648 0.299072266
vt 0.0529174805 0.299072266
vt 0.0529174805 0.289306641
vt 0.0529174805 0.136352539
vt 0.0529174805 0.217529297
vt 0.0390014648 0.217529297
vt 0.0390014648 0.136230469
vt 0.0529174805 0.289306641
vt 0.0529174805 0.217773438
vt 0.0390014648 0.217773438
vt 0.0390014648 0.289794922
vt 0.0390014648 0.123962402
vt 0.0390014648 0.135742188
vt 0.0529174805 0.135986328
vt 0.0529174805 0.12286377
vt 0.0529174805 0.136352539
vt 0.0390014648 0.136230469
vt 0.0390014648 0.124145508
vt 0.0529174805 0.122802734
vt 0.0390014648 0.217529297
vt 0.0529174805 0.217529297
vt 0.0529174805 0.289306641
vt 0.0390014648 0.289794922
vt 0.0390014648 0.289794922
vt 0.0390014648 0.299072266
vt 0.0210571289 0.299072266
vt 0.0210571289 0.284423828
vt 0.0390014648 0.217529297
vt 0.0210571289 0.21875
vt 0.0390014648 0.136230469
vt 0.0210571289 0.142456055
vt 0.0390014648 0.124145508
vt 0.0210571289 0.126586914
vt 0.0390014648 0.299072266
vt 0.0210571289 0.284667969
vt 0.0210571289 0.299072266
vt 0.0390014648 0.289794922
vt 0.0210571289 0.21862793
vt 0.0390014648 0.217773438
vt 0.0210571289 0.141967773
vt 0.0390014648 0.135742188
vt 0.0210571289 0.126831055
vt 0.0390014648 0.123962402
vt 0.0210571289 0.142456055
vt 0.0173797607 0.21875
vt 0.0173797607 0.142456055
vt 0.0210571289 0.21875
vt 0.0173797607 0.284423828
vt 0.0210571289 0.284423828
vt 0.0173797607 0.299072266
vt 0.0210571289 0.299072266
vt 0.0210571289 0.299072266
vt 0.0173797607 0.284912109
vt 0.0173797607 0.299072266
vt 0.0210571289 0.284667969
vt 0.0173797607 0.21862793
vt 0.0210571289 0.21862793
vt 0.0173797607 0.141967773
vt 0.0210571289 0.141967773
vt 0.0210571289 0.141967773
vt 0.0210571289 0.126831055
vt 0.0173797607 0.126708984
vt 0.0173797607 0.141967773
vt 0.0210571289 0.126586914
vt 0.0210571289 0.142456055
vt 0.0173797607 0.142456055
vt 0.0173797607 0.126464844
vt 0.711425781 0.134155273
vt 0.733398438 0.150146484
vt 0.711425781 0.174438477
vt 0.688476562 0.150756836
vt 0.467529297 0.0278625488
vt 0.438720703 0.0278625488
vt 0.438720703 0.0335388184
vt 0.467529297 0.0335388184
vt 0.438720703 0.0278625488
vt 0.406738281 0.0278625488
vt 0.406738281 0.0335388184
vt 0.438720703 0.0335388184
vt 0.529785156 0.0278625488
vt 0.497802734 0.0278625488
vt 0.497802734 0.0335388184
vt 0.529785156 0.0335388184
vt 0.497802734 0.0278625488
vt 0.467529297 0.0278625488
vt 0.467529297 0.0335388184
vt 0.497802734 0.0335388184
vt 0.0999755859 0.641113281
vt 0.0999755859 0.5625
vt 0.799804688 0.5625
vt 0.799804688 0.641113281
vt 0.0999755859 0.672363281
vt 0.0999755859 0.658691406
vt 0.799804688 0.658691406
vt 0.799804688 0.672363281
vt 0.0999755859 0.737792969
vt 0.0999755859 0.672363281
vt 0.799804688 0.672363281
vt 0.799804688 0.737792969
vt 0.138061523 0.778320312
vt 0.138061523 0.7578125
vt 0.837890625 0.7578125
vt 0.837890625 0.778320312
vt 0.138061523 0.813964844
vt 0.138061523 0.778320312
vt 0.837890625 0.778320312
vt 0.837890625 0.813964844
vt 0.138061523 0.85546875
vt 0.138061523 0.832519531
vt 0.837890625 0.832519531
vt 0.837890625 0.85546875
vt 0.138061523 0.875488281
vt 0.138061523 0.864257812
vt 0.837890625 0.864257812
vt 0.837890625 0.875488281
vt 0.837890625 0.823242188
vt 0.138061523 0.823242188
vt 0.138061523 0.813964844
vt 0.837890625 0.813964844
vt 0.138061523 0.823242188
vt 0.837890625 0.823242188
vt 0.837890625 0.827636719
vt 0.138061523 0.827636719
vt 0.837890625 0.864257812
vt 0.138061523 0.864257812
vt 0.138061523 0.859863281
vt 0.837890625 0.859863281
vt 0.138061523 0.827636719
vt 0.837890625 0.827636719
vt 0.837890625 0.832519531
vt 0.138061523 0.832519531
vt 0.837890625 0.859863281
vt 0.138061523 0.859863281
vt 0.138061523 0.85546875
vt 0.837890625 0.85546875
vt 0.799804688 0.954101562
vt 0.799804688 0.95703125
vt 0.0999755859 0.95703125
vt 0.0999755859 0.954101562
vt 0.799804688 0.901367188
vt 0.799804688 0.903808594
vt 0.100097656 0.903808594
vt 0.0999755859 0.901367188
vt 0.0999755859 0.901367188
vt 0.0999755859 0.893066406
vt 0.799804688 0.893066406
vt 0.799804688 0.901367188
vt 0.799804688 0.903808594
vt 0.799804688 0.954101562
vt 0.0999755859 0.954101562
vt 0.0999755859 0.903808594
vt 0.799804688 0.990234375
vt 0.0999755859 0.990234375
vt 0.0999755859 0.95703125
vt 0.799804688 0.95703125
vt 0.721679688 0.479980469
vt 0.814941406 0.479980469
vt 0.814941406 0.537597656
vt 0.721679688 0.537597656
vt 0.721679688 0.411621094
vt 0.814941406 0.411621094
vt 0.814941406 0.472900391
vt 0.721679688 0.472900391
vt 0.721679688 0.446044922
vt 0.814941406 0.446044922
vt 0.814941406 0.472900391
vt 0.721679688 0.472900391
vt 0.680664062 0.542480469
vt 0.698730469 0.475097656
vt 0.719238281 0.475097656
vt 0.719238281 0.542480469
vt 0.721679688 0.479980469
vt 0.721679688 0.537597656
vt 0.719238281 0.475097656
vt 0.721679688 0.537597656
vt 0.721679688 0.479980469
vt 0.719238281 0.542480469
vt 0.719238281 0.475097656
vt 0.698730469 0.475097656
vt 0.680664062 0.542480469
vt 0.814941406 0.537597656
vt 0.814941406 0.544921875
vt 0.721679688 0.544921875
vt 0.721679688 0.537597656
vt 0.814941406 0.472900391
vt 0.814941406 0.479980469
vt 0.721679688 0.479980469
vt 0.814941406 0.472900391
vt 0.721679688 0.472900391
vt 0.459716797 0.475097656
vt 0.661132812 0.475097656
vt 0.661132812 0.537597656
vt 0.459716797 0.537597656
vt 0.661132812 0.407958984
vt 0.459716797 0.407958984
vt 0.459716797 0.468994141
vt 0.661132812 0.468994141
vt 0.459716797 0.446044922
vt 0.661132812 0.446044922
vt 0.661132812 0.468994141
vt 0.459716797 0.468994141
vt 0.456298828 0.542480469
vt 0.459716797 0.475097656
vt 0.459716797 0.537597656
vt 0.456298828 0.472412109
vt 0.418701172 0.542480469
vt 0.436523438 0.472412109
vt 0.456298828 0.472412109
vt 0.459716797 0.537597656
vt 0.459716797 0.475097656
vt 0.456298828 0.542480469
vt 0.436523438 0.472412109
vt 0.418701172 0.542480469
vt 0.661132812 0.537597656
vt 0.661132812 0.544921875
vt 0.459716797 0.544921875
vt 0.459716797 0.537597656
vt 0.459716797 0.475097656
vt 0.459716797 0.468994141
vt 0.661132812 0.468994141
vt 0.661132812 0.475097656
vt 0.441894531 0.204956055
vt 0.30078125 0.204956055
vt 0.4375 0.192382812
vt 0.419433594 0.141479492
vt 0.391845703 0.0933837891
vt 0.322265625 0.0234375
vt 0.30078125 0.0138397217
vt 0.279296875 0.0234375
vt 0.209716797 0.0933837891
vt 0.182250977 0.141479492
vt 0.1640625 0.192382812
vt 0.159667969 0.204956055
vt 0.395751953 0.0798950195
vt 0.395507812 0.0900878906
vt 0.456542969 0.141479492
vt 0.427246094 0.138427734
vt 0.446777344 0.189208984
vt 0.471435547 0.173706055
vt 0.451416016 0.204956055
vt 0.471191406 0.204956055
vt 0.206176758 0.0900878906
vt 0.20300293 0.0823974609
vt 0.145019531 0.141479492
vt 0.174194336 0.138427734
vt 0.130004883 0.173706055
vt 0.154785156 0.189208984
vt 0.150268555 0.204956055
vt 0.130493164 0.204956055
vt 0.699707031 0.0723266602
vt 0.699707031 0.107299805
vt 0.6640625 0.107299805
vt 0.6640625 0.0723266602
vt 0.636230469 0.0723266602
vt 0.636230469 0.107299805
vt 0.562988281 0.107299805
vt 0.562988281 0.0723266602
vt 0.475341797 0.0723266602
vt 0.475341797 0.107299805
vt 0.456298828 0.0723266602
vt 0.456298828 0.10736084
vt 0.6640625 0.0723266602
vt 0.699707031 0.0723266602
vt 0.699707031 0.107299805
vt 0.6640625 0.107299805
vt 0.636230469 0.0723266602
vt 0.636230469 0.107299805
vt 0.562988281 0.107299805
vt 0.562988281 0.0723266602
vt 0.475341797 0.107299805
vt 0.475341797 0.0723266602
vt 0.456298828 0.0723266602
vt 0.456298828 0.10736084
vt 0.446777344 0.189208984
vt 0.451416016 0.204956055
vt 0.441894531 0.204956055
vt 0.4375 0.192382812
vt 0.427246094 0.138427734
vt 0.419433594 0.141479492
vt 0.391845703 0.0933837891
vt 0.395507812 0.0900878906
vt 0.322265625 0.0234375
vt 0.159667969 0.204956055
vt 0.150268555 0.204956055
vt 0.154785156 0.189208984
vt 0.1640625 0.192382812
vt 0.182250977 0.141479492
vt 0.174194336 0.138427734
vt 0.209716797 0.0933837891
vt 0.206176758 0.0900878906
vt 0.279296875 0.0234375
vt 0.133300781 0.493164062
vt 0.394042969 0.493164062
vt 0.394042969 0.545410156
vt 0.133300781 0.545410156
vt 0.436523438 0.406005859
vt 0.0909423828 0.406005859
vt 0.0909423828 0.380371094
vt 0.436523438 0.380371094
vt 0.092590332 0.412109375
vt 0.434814453 0.412109375
vt 0.395751953 0.487060547
vt 0.131591797 0.487060547
vt 0.399414062 0.236206055
vt 0.310302734 0.229858398
vt 0.392822266 0.229858398
vt 0.303710938 0.236328125
vt 0.399414062 0.264404297
vt 0.303710938 0.293701172
vt 0.303710938 0.236328125
vt 0.392822266 0.229858398
vt 0.310302734 0.229858398
vt 0.399414062 0.236206055
vt 0.303710938 0.293701172
vt 0.399414062 0.264404297
vt 0.395751953 0.487060547
vt 0.394042969 0.493164062
vt 0.133300781 0.493164062
vt 0.131591797 0.487060547
vt 0.436523438 0.406005859
vt 0.434814453 0.412109375
vt 0.092590332 0.412109375
vt 0.0909423828 0.406005859
vt 0.975585938 0.192626953
vt 0.975585938 0.114990234
vt 0.984863281 0.12109375
vt 0.984863281 0.185302734
vt 0.975585938 0.114990234
vt 0.975585938 0.192626953
vt 0.984863281 0.185302734
vt 0.984863281 0.12109375
vt 0.975585938 0.192626953
vt 0.984863281 0.201660156
vt 0.984863281 0.294189453
vt 0.975585938 0.303222656
vt 0.490234375 0.353271484
vt 0.410888672 0.293457031
vt 0.490234375 0.260009766
vt 0.410888672 0.319091797
vt 0.404296875 0.295898438
vt 0.404296875 0.316650391
vt 0.400390625 0.296386719
vt 0.400390625 0.316162109
vt 0.975585938 0.114990234
vt 0.984863281 0.0659790039
vt 0.984863281 0.107788086
vt 0.975585938 0.0170288086
vt 0.984863281 0.0247802734
vt 0.917480469 0.303222656
vt 0.917480469 0.192626953
vt 0.975585938 0.192626953
vt 0.975585938 0.303222656
vt 0.917480469 0.192626953
vt 0.946289062 0.114990234
vt 0.975585938 0.114990234
vt 0.975585938 0.192626953
vt 0.946289062 0.114990234
vt 0.94140625 0.0170288086
vt 0.975585938 0.0170288086
vt 0.975585938 0.114990234
vt 0.946289062 0.114990234
vt 0.917480469 0.192626953
vt 0.975585938 0.192626953
vt 0.975585938 0.114990234
vt 0.490234375 0.260009766
vt 0.490234375 0.353271484
vt 0.410888672 0.319091797
vt 0.410888672 0.293457031
vt 0.404296875 0.295898438
vt 0.404296875 0.316650391
vt 0.400390625 0.296386719
vt 0.400390625 0.316162109
vt 0.0684204102 0.0259094238
vt 0.0968017578 0.0966186523
vt 0.0897827148 0.0931396484
vt 0.0659790039 0.0280456543
vt 0.0629272461 0.0227661133
vt 0.0621643066 0.0264434814
vt 0.0573730469 0.0219268799
vt 0.0573730469 0.0261230469
vt 0.0517883301 0.0227661133
vt 0.0525817871 0.0264587402
vt 0.0463256836 0.0259094238
vt 0.0487976074 0.0280456543
vt 0.0179443359 0.0966186523
vt 0.0249786377 0.0931396484
vt 0.0968017578 0.0966186523
vt 0.0179443359 0.0966186523
vt 0.0249786377 0.0931396484
vt 0.0897827148 0.0931396484
vt 0.158081055 0.0957641602
vt 0.145019531 0.0159301758
vt 0.192382812 0.0158843994
vt 0.131835938 0.0957641602
vt 0.0975952148 0.0158996582
vt 0.145019531 0.1015625
vt 0.151611328 0.100463867
vt 0.138427734 0.100463867
vt 0.878417969 0.0758666992
vt 0.913574219 0.122314453
vt 0.855957031 0.122314453
vt 0.891113281 0.0758666992
vt 0.884765625 0.0729980469
vt 0.888183594 0.0735473633
vt 0.881347656 0.0735473633
vt 0.975585938 0.192626953
vt 0.975585938 0.114990234
vt 0.984863281 0.12109375
vt 0.984863281 0.185302734
vt 0.975585938 0.114990234
vt 0.975585938 0.192626953
vt 0.984863281 0.185302734
vt 0.984863281 0.12109375
vt 0.975585938 0.192626953
vt 0.984863281 0.201660156
vt 0.984863281 0.294189453
vt 0.975585938 0.303222656
vt 0.490234375 0.353271484
vt 0.410888672 0.293457031
vt 0.490234375 0.260009766
vt 0.410888672 0.319091797
vt 0.404296875 0.295898438
vt 0.404296875 0.316650391
vt 0.400390625 0.296386719
vt 0.400390625 0.316162109
vt 0.975585938 0.114990234
vt 0.984863281 0.0659790039
vt 0.984863281 0.107788086
vt 0.975585938 0.0170288086
vt 0.984863281 0.0247802734
vt 0.917480469 0.303222656
vt 0.917480469 0.192626953
vt 0.975585938 0.192626953
vt 0.975585938 0.303222656
vt 0.917480469 0.192626953
vt 0.946289062 0.114990234
vt 0.975585938 0.114990234
vt 0.975585938 0.192626953
vt 0.946289062 0.114990234
vt 0.94140625 0.0170288086
vt 0.975585938 0.0170288086
vt 0.975585938 0.114990234
vt 0.946289062 0.114990234
vt 0.917480469 0.192626953
vt 0.975585938 0.192626953
vt 0.975585938 0.114990234
vt 0.490234375 0.260009766
vt 0.490234375 0.353271484
vt 0.410888672 0.319091797
vt 0.410888672 0.293457031
vt 0.404296875 0.295898438
vt 0.404296875 0.316650391
vt 0.400390625 0.296386719
vt 0.400390625 0.316162109
vt 0.0684204102 0.0259246826
vt 0.0968017578 0.0966186523
vt 0.0897827148 0.0931396484
vt 0.0659790039 0.0280456543
vt 0.0629272461 0.0227661133
vt 0.0621643066 0.0264587402
vt 0.0573730469 0.0219268799
vt 0.0573730469 0.0261383057
vt 0.0517883301 0.0227661133
vt 0.0525817871 0.0264587402
vt 0.0463256836 0.0259246826
vt 0.0487976074 0.0280609131
vt 0.0179443359 0.0966186523
vt 0.0249938965 0.0931396484
vt 0.0968017578 0.0966186523
vt 0.0179443359 0.0966186523
vt 0.0249938965 0.0931396484
vt 0.0897827148 0.0931396484
vt 0.158081055 0.0957641602
vt 0.145019531 0.0159301758
vt 0.192382812 0.0158843994
vt 0.131835938 0.0957641602
vt 0.0975952148 0.0158996582
vt 0.145019531 0.1015625
vt 0.151611328 0.100463867
vt 0.138427734 0.100463867
vt 0.878417969 0.0758666992
vt 0.913574219 0.122314453
vt 0.855957031 0.122314453
vt 0.891113281 0.0758666992
vt 0.884765625 0.0729980469
vt 0.888183594 0.0735473633
vt 0.881347656 0.0735473633
vt 0.397216797 0.359619141
vt 0.316162109 0.349121094
vt 0.397216797 0.350830078
vt 0.317138672 0.359619141
vt 0.294433594 0.359619141
vt 0.255615234 0.359619141
vt 0.255371094 0.340332031
vt 0.193115234 0.338134766
vt 0.193481445 0.359619141
vt 0.181274414 0.337646484
vt 0.181640625 0.359619141
vt 0.174804688 0.359619141
vt 0.251953125 0.319091797
vt 0.193847656 0.317382812
vt 0.180419922 0.315673828
vt 0.174804688 0.285644531
vt 0.174804688 0.336914062
vt 0.245117188 0.294921875
vt 0.244873047 0.269042969
vt 0.204467773 0.247070312
vt 0.196899414 0.288818359
vt 0.174804688 0.241821289
vt 0.168212891 0.337646484
vt 0.16784668 0.359619141
vt 0.156005859 0.359619141
vt 0.174804688 0.315185547
vt 0.169067383 0.315673828
vt 0.15637207 0.338134766
vt 0.0939331055 0.359619141
vt 0.155639648 0.317382812
vt 0.0940551758 0.340332031
vt 0.152587891 0.288818359
vt 0.174804688 0.241821289
vt 0.145019531 0.247070312
vt 0.0332946777 0.349121094
vt 0.0549926758 0.359619141
vt 0.0323791504 0.359619141
vt 0.0975341797 0.319091797
vt 0.104431152 0.294921875
vt 0.104675293 0.269042969
vt 0.397216797 0.359619141
vt 0.397216797 0.350830078
vt 0.316162109 0.349121094
vt 0.317138672 0.359619141
vt 0.801757812 0.383056641
vt 0.877929688 0.375732422
vt 0.876464844 0.383056641
vt 0.796875 0.375732422
vt 0.787597656 0.375732422
vt 0.786132812 0.383056641
vt 0.766601562 0.383056641
vt 0.764648438 0.375732422
vt 0.714355469 0.375732422
vt 0.715332031 0.383056641
vt 0.706054688 0.383056641
vt 0.705078125 0.375732422
vt 0.701171875 0.375732422
vt 0.701171875 0.383056641
vt 0.696289062 0.383056641
vt 0.697265625 0.375732422
vt 0.687988281 0.375732422
vt 0.687011719 0.383056641
vt 0.635742188 0.383056641
vt 0.637695312 0.375732422
vt 0.614746094 0.375732422
vt 0.616210938 0.383056641
vt 0.600585938 0.383056641
vt 0.60546875 0.375732422
vt 0.524414062 0.375732422
vt 0.525878906 0.383056641
vt 0.838867188 0.0163421631
vt 0.900390625 0.0163421631
vt 0.900390625 0.0539550781
vt 0.838867188 0.0539550781
vt 0.778808594 0.0163421631
vt 0.778808594 0.0539550781
vt 0.763671875 0.0539550781
vt 0.763671875 0.0163421631
vt 0.740234375 0.0539855957
vt 0.740234375 0.0163421631
vt 0.672851562 0.0163421631
vt 0.672851562 0.0539855957
vt 0.658203125 0.0163421631
vt 0.658203125 0.0539855957
vt 0.650390625 0.0539855957
vt 0.650390625 0.0163421631
vt 0.642578125 0.0163421631
vt 0.642578125 0.0539855957
vt 0.627929688 0.0539855957
vt 0.627929688 0.0163421631
vt 0.560546875 0.0539855957
vt 0.560546875 0.0163421631
vt 0.537109375 0.0163421631
vt 0.537109375 0.0539855957
vt 0.521972656 0.0163421631
vt 0.521972656 0.0539855957
vt 0.461914062 0.0539855957
vt 0.461914062 0.0163421631
vt 0.400390625 0.0539855957
vt 0.400390625 0.0163421631
vt 0.873535156 0.383056641
vt 0.941894531 0.383056641
vt 0.94140625 0.389892578
vt 0.873535156 0.389892578
vt 0.815429688 0.389892578
vt 0.815429688 0.383056641
vt 0.803710938 0.389892578
vt 0.803710938 0.383056641
vt 0.779785156 0.389892578
vt 0.779785156 0.383056641
vt 0.72265625 0.383056641
vt 0.72265625 0.389892578
vt 0.708984375 0.383056641
vt 0.708984375 0.389892578
vt 0.701171875 0.389892578
vt 0.701171875 0.383056641
vt 0.693359375 0.383056641
vt 0.693359375 0.389892578
vt 0.6796875 0.389892578
vt 0.680175781 0.383056641
vt 0.622558594 0.389892578
vt 0.622558594 0.383056641
vt 0.598632812 0.383056641
vt 0.598632812 0.389892578
vt 0.586914062 0.383056641
vt 0.586914062 0.389892578
vt 0.528808594 0.383056641
vt 0.528808594 0.389892578
vt 0.4609375 0.389892578
vt 0.460449219 0.383056641
vt 0.941894531 0.383056641
vt 0.875976562 0.375732422
vt 0.938476562 0.375732422
vt 0.873535156 0.383056641
vt 0.818847656 0.375732422
vt 0.815429688 0.383056641
vt 0.803710938 0.383056641
vt 0.802246094 0.375732422
vt 0.782226562 0.375732422
vt 0.779785156 0.383056641
vt 0.72265625 0.383056641
vt 0.723632812 0.375732422
vt 0.709472656 0.375732422
vt 0.708984375 0.383056641
vt 0.701171875 0.383056641
vt 0.701171875 0.375732422
vt 0.692871094 0.375732422
vt 0.693359375 0.383056641
vt 0.680175781 0.383056641
vt 0.678710938 0.375732422
vt 0.620605469 0.375732422
vt 0.622558594 0.383056641
vt 0.598632812 0.383056641
vt 0.600097656 0.375732422
vt 0.583496094 0.375732422
vt 0.586914062 0.383056641
vt 0.528808594 0.383056641
vt 0.526367188 0.375732422
vt 0.460449219 0.383056641
vt 0.463867188 0.375732422
vt 0.786621094 0.154907227
vt 0.780273438 0.153076172
vt 0.793457031 0.153076172
vt 0.771972656 0.146972656
vt 0.80078125 0.147094727
vt 0.829101562 0.111816406
vt 0.745117188 0.111572266
vt 0.787109375 0.0738525391
vt 0.842285156 0.0738525391
vt 0.844238281 0.0881347656
vt 0.844238281 0.0772705078
vt 0.845214844 0.0837402344
vt 0.731933594 0.0738525391
vt 0.729980469 0.0880737305
vt 0.729492188 0.0836791992
vt 0.73046875 0.0772094727
vt 0.0809936523 0.166992188
vt 0.0752563477 0.126708984
vt 0.0809936523 0.126708984
vt 0.0752563477 0.166992188
vt 0.0809936523 0.173095703
vt 0.0752563477 0.173095703
vt 0.0809936523 0.180664062
vt 0.0752563477 0.180664062
vt 0.0809936523 0.185668945
vt 0.0752563477 0.185668945
vt 0.0809936523 0.206298828
vt 0.0752563477 0.206298828
vt 0.0809936523 0.235351562
vt 0.0752563477 0.235351562
vt 0.0809936523 0.242431641
vt 0.0752563477 0.242431641
vt 0.0752563477 0.247314453
vt 0.0809936523 0.247314453
vt 0.0752563477 0.247314453
vt 0.0809936523 0.247314453
vt 0.0809936523 0.242431641
vt 0.0752563477 0.242431641
vt 0.0809936523 0.235351562
vt 0.0752563477 0.235351562
vt 0.0752563477 0.206298828
vt 0.0809936523 0.206298828
vt 0.0752563477 0.185668945
vt 0.0809936523 0.185668945
vt 0.0752563477 0.180664062
vt 0.0809936523 0.180664062
vt 0.0809936523 0.173095703
vt 0.0752563477 0.173095703
vt 0.0752563477 0.166992188
vt 0.0809936523 0.166992188
vt 0.0809936523 0.126708984
vt 0.0752563477 0.126708984
vt 0.600097656 0.864257812
vt 0.590332031 0.875488281
vt 0.415039062 0.875488281
vt 0.399902344 0.864257812
vt 0.600097656 0.778320312
vt 0.600097656 0.813964844
vt 0.399902344 0.813964844
vt 0.400146484 0.778320312
vt 0.600097656 0.7578125
vt 0.600097656 0.778320312
vt 0.400146484 0.778320312
vt 0.405029297 0.7578125
vt 0.300292969 0.5625
vt 0.599609375 0.5625
vt 0.599609375 0.641113281
vt 0.300292969 0.641113281
vt 0.600097656 0.672363281
vt 0.600097656 0.737792969
vt 0.399902344 0.737792969
vt 0.399902344 0.672363281
vt 0.627441406 0.658691406
vt 0.600097656 0.672363281
vt 0.399902344 0.672363281
vt 0.364746094 0.658691406
vt 0.9921875 0.864257812
vt 0.9921875 0.875488281
vt 0.622558594 0.875488281
vt 0.600097656 0.864257812
vt 0.9921875 0.832519531
vt 0.9921875 0.85546875
vt 0.600097656 0.85546875
vt 0.600097656 0.832519531
vt 0.9921875 0.813964844
vt 0.9921875 0.823242188
vt 0.600097656 0.823242188
vt 0.600097656 0.813964844
vt 0.9921875 0.778320312
vt 0.9921875 0.813964844
vt 0.600097656 0.813964844
vt 0.600097656 0.778320312
vt 0.9921875 0.7578125
vt 0.9921875 0.778320312
vt 0.600097656 0.778320312
vt 0.619628906 0.7578125
vt 0.9921875 0.672363281
vt 0.9921875 0.737792969
vt 0.600097656 0.737792969
vt 0.600097656 0.672363281
vt 0.9921875 0.658691406
vt 0.9921875 0.672363281
vt 0.600097656 0.672363281
vt 0.655761719 0.658691406
vt 0.607910156 0.5625
vt 0.9921875 0.5625
vt 0.9921875 0.641113281
vt 0.600097656 0.641113281
vt 0.600097656 0.823242188
vt 0.399902344 0.823242188
vt 0.399902344 0.813964844
vt 0.600097656 0.813964844
vt 0.600097656 0.85546875
vt 0.399902344 0.85546875
vt 0.399902344 0.832519531
vt 0.600097656 0.832519531
vt 0.0078125 0.864257812
vt 0.399902344 0.864257812
vt 0.3828125 0.875488281
vt 0.0078125 0.875488281
vt 0.0078125 0.832519531
vt 0.399902344 0.832519531
vt 0.399902344 0.85546875
vt 0.0078125 0.85546875
vt 0.0078125 0.813964844
vt 0.399902344 0.813964844
vt 0.399902344 0.823242188
vt 0.0078125 0.823242188
vt 0.0078125 0.778320312
vt 0.400146484 0.778320312
vt 0.399902344 0.813964844
vt 0.0078125 0.813964844
vt 0.0078125 0.7578125
vt 0.385498047 0.7578125
vt 0.400146484 0.778320312
vt 0.0078125 0.778320312
vt 0.0078125 0.672363281
vt 0.399902344 0.672363281
vt 0.399902344 0.737792969
vt 0.0078125 0.737792969
vt 0.0078125 0.658691406
vt 0.346191406 0.658691406
vt 0.399902344 0.672363281
vt 0.0078125 0.672363281
vt 0.391845703 0.5625
vt 0.399902344 0.641113281
vt 0.0078125 0.641113281
vt 0.0078125 0.5625
vt 0.9921875 0.864257812
vt 0.600097656 0.864257812
vt 0.600097656 0.859863281
vt 0.9921875 0.859863281
vt 0.600097656 0.823242188
vt 0.9921875 0.823242188
vt 0.9921875 0.827636719
vt 0.600097656 0.827636719
vt 0.600097656 0.864257812
vt 0.399902344 0.864257812
vt 0.399902344 0.859863281
vt 0.600097656 0.859863281
vt 0.399902344 0.823242188
vt 0.600097656 0.823242188
vt 0.600097656 0.827636719
vt 0.399902344 0.827636719
vt 0.0078125 0.823242188
vt 0.399902344 0.823242188
vt 0.399902344 0.827636719
vt 0.0078125 0.827636719
vt 0.399902344 0.864257812
vt 0.0078125 0.864257812
vt 0.0078125 0.859863281
vt 0.399902344 0.859863281
vt 0.9921875 0.859863281
vt 0.600097656 0.859863281
vt 0.600097656 0.85546875
vt 0.9921875 0.85546875
vt 0.600097656 0.827636719
vt 0.9921875 0.827636719
vt 0.9921875 0.832519531
vt 0.600097656 0.832519531
vt 0.600097656 0.859863281
vt 0.399902344 0.859863281
vt 0.399902344 0.85546875
vt 0.600097656 0.85546875
vt 0.399902344 0.827636719
vt 0.600097656 0.827636719
vt 0.600097656 0.832519531
vt 0.399902344 0.832519531
vt 0.0078125 0.827636719
vt 0.399902344 0.827636719
vt 0.399902344 0.832519531
vt 0.0078125 0.832519531
vt 0.399902344 0.859863281
vt 0.0078125 0.859863281
vt 0.0078125 0.85546875
vt 0.399902344 0.85546875
vt 0.0999755859 0.903808594
vt 0.0999755859 0.901367188
vt 0.444580078 0.901367188
vt 0.444091797 0.903808594
vt 0.0999755859 0.95703125
vt 0.100036621 0.954101562
vt 0.430908203 0.954101562
vt 0.430419922 0.95703125
vt 0.899902344 0.901367188
vt 0.899902344 0.903808594
vt 0.556640625 0.903808594
vt 0.556152344 0.901367188
vt 0.899902344 0.954101562
vt 0.899902344 0.95703125
vt 0.5703125 0.95703125
vt 0.569824219 0.954101562
vt 0.899902344 0.95703125
vt 0.899902344 0.990234375
vt 0.5703125 0.990234375
vt 0.5703125 0.95703125
vt 0.899902344 0.954101562
vt 0.569824219 0.954101562
vt 0.556640625 0.903808594
vt 0.899902344 0.903808594
vt 0.899902344 0.893554688
vt 0.899902344 0.901367188
vt 0.556152344 0.901367188
vt 0.556152344 0.893554688
vt 0.0999755859 0.95703125
vt 0.430419922 0.95703125
vt 0.430664062 0.990234375
vt 0.0999755859 0.990234375
vt 0.0999755859 0.893554688
vt 0.444580078 0.893554688
vt 0.444580078 0.901367188
vt 0.0999755859 0.901367188
vt 0.0999755859 0.903808594
vt 0.444091797 0.903808594
vt 0.430908203 0.954101562
vt 0.0999755859 0.954101562
vt 0.721679688 0.479980469
vt 0.814941406 0.479980469
vt 0.814941406 0.537597656
vt 0.721679688 0.537597656
vt 0.721679688 0.411621094
vt 0.814941406 0.411621094
vt 0.814941406 0.472900391
vt 0.721679688 0.472900391
vt 0.721679688 0.446044922
vt 0.814941406 0.446044922
vt 0.814941406 0.472900391
vt 0.721679688 0.472900391
vt 0.680664062 0.542480469
vt 0.698730469 0.475097656
vt 0.719238281 0.475097656
vt 0.719238281 0.542480469
vt 0.721679688 0.479980469
vt 0.721679688 0.537597656
vt 0.719238281 0.475097656
vt 0.721679688 0.537597656
vt 0.721679688 0.479980469
vt 0.719238281 0.542480469
vt 0.719238281 0.475097656
vt 0.698730469 0.475097656
vt 0.680664062 0.542480469
vt 0.814941406 0.537597656
vt 0.814941406 0.544921875
vt 0.721679688 0.544921875
vt 0.721679688 0.537597656
vt 0.814941406 0.472900391
vt 0.814941406 0.479980469
vt 0.721679688 0.479980469
vt 0.814941406 0.472900391
vt 0.721679688 0.472900391
vt 0.721679688 0.479980469
vt 0.721679688 0.537597656
vt 0.814941406 0.537597656
vt 0.814941406 0.479980469
vt 0.721679688 0.411621094
vt 0.721679688 0.472900391
vt 0.814941406 0.472900391
vt 0.814941406 0.411621094
vt 0.721679688 0.446044922
vt 0.721679688 0.472900391
vt 0.814941406 0.472900391
vt 0.814941406 0.446044922
vt 0.680664062 0.542480469
vt 0.719238281 0.475097656
vt 0.698730469 0.475097656
vt 0.719238281 0.542480469
vt 0.721679688 0.479980469
vt 0.721679688 0.537597656
vt 0.719238281 0.475097656
vt 0.721679688 0.479980469
vt 0.721679688 0.537597656
vt 0.719238281 0.542480469
vt 0.719238281 0.475097656
vt 0.698730469 0.475097656
vt 0.680664062 0.542480469
vt 0.814941406 0.537597656
vt 0.721679688 0.537597656
vt 0.721679688 0.544921875
vt 0.814941406 0.544921875
vt 0.721679688 0.479980469
vt 0.814941406 0.479980469
vt 0.814941406 0.472900391
vt 0.814941406 0.472900391
vt 0.721679688 0.472900391
vt 0.875488281 0.509765625
vt 0.875488281 0.429443359
vt 0.951171875 0.429443359
vt 0.951171875 0.509765625
vt 0.96875 0.429443359
vt 0.987304688 0.509765625
vt 0.951171875 0.509765625
vt 0.951171875 0.429443359
vt 0.951171875 0.544433594
vt 0.875488281 0.544433594
vt 0.875488281 0.509765625
vt 0.951171875 0.509765625
vt 0.838867188 0.509765625
vt 0.857910156 0.429443359
vt 0.875488281 0.429443359
vt 0.875488281 0.509765625
vt 0.529296875 0.3203125
vt 0.583496094 0.3203125
vt 0.583496094 0.3515625
vt 0.529296875 0.3515625
vt 0.607910156 0.3515625
vt 0.607910156 0.3203125
vt 0.662109375 0.3203125
vt 0.662109375 0.3515625
vt 0.595703125 0.3515625
vt 0.607910156 0.3203125
vt 0.607910156 0.3515625
vt 0.595703125 0.3203125
vt 0.583496094 0.3203125
vt 0.583496094 0.3515625
vt 0.825683594 0.19921875
vt 0.885253906 0.25
vt 0.83203125 0.208496094
vt 0.885253906 0.1484375
vt 0.83203125 0.189941406
vt 0.529296875 0.3203125
vt 0.583496094 0.3203125
vt 0.583496094 0.3515625
vt 0.529296875 0.3515625
vt 0.607910156 0.3515625
vt 0.607910156 0.3203125
vt 0.662109375 0.3203125
vt 0.662109375 0.3515625
vt 0.595703125 0.3515625
vt 0.607910156 0.3203125
vt 0.607910156 0.3515625
vt 0.595703125 0.3203125
vt 0.583496094 0.3203125
vt 0.583496094 0.3515625
vt 0.825683594 0.19921875
vt 0.885253906 0.25
vt 0.83203125 0.208496094
vt 0.885253906 0.1484375
vt 0.83203125 0.189941406
vt 0.875488281 0.509765625
vt 0.875488281 0.429443359
vt 0.951171875 0.429443359
vt 0.951171875 0.509765625
vt 0.96875 0.429443359
vt 0.987304688 0.509765625
vt 0.951171875 0.509765625
vt 0.951171875 0.429443359
vt 0.951171875 0.544433594
vt 0.875488281 0.544433594
vt 0.875488281 0.509765625
vt 0.951171875 0.509765625
vt 0.838867188 0.509765625
vt 0.857910156 0.429443359
vt 0.875488281 0.429443359
vt 0.875488281 0.509765625
vt 0.459716797 0.475097656
vt 0.661132812 0.475097656
vt 0.661132812 0.537597656
vt 0.459716797 0.537597656
vt 0.661132812 0.407958984
vt 0.459716797 0.407958984
vt 0.459716797 0.468994141
vt 0.661132812 0.468994141
vt 0.459716797 0.446044922
vt 0.661132812 0.446044922
vt 0.661132812 0.468994141
vt 0.459716797 0.468994141
vt 0.456298828 0.542480469
vt 0.459716797 0.475097656
vt 0.459716797 0.537597656
vt 0.456298828 0.472412109
vt 0.418701172 0.542480469
vt 0.436523438 0.472412109
vt 0.456298828 0.472412109
vt 0.459716797 0.537597656
vt 0.459716797 0.475097656
vt 0.456298828 0.542480469
vt 0.436523438 0.472412109
vt 0.418701172 0.542480469
vt 0.661132812 0.537597656
vt 0.661132812 0.544921875
vt 0.459716797 0.544921875
vt 0.459716797 0.537597656
vt 0.459716797 0.475097656
vt 0.459716797 0.468994141
vt 0.661132812 0.468994141
vt 0.661132812 0.475097656
vt 0.686523438 0.341552734
vt 0.907226562 0.35546875
vt 0.686523438 0.35546875
vt 0.907226562 0.341552734
vt 0.796875 0.277587891
vt 0.858886719 0.276123047
vt 0.732910156 0.277832031
vt 0.821289062 0.251220703
vt 0.771972656 0.252197266
vt 0.808105469 0.235717773
vt 0.785644531 0.235717773
vt 0.796875 0.234008789
vt 0.796875 0.23034668
vt 0.0529174805 0.217773438
vt 0.0529174805 0.135986328
vt 0.0390014648 0.135742188
vt 0.0390014648 0.217773438
vt 0.0390014648 0.299072266
vt 0.0390014648 0.289794922
vt 0.0529174805 0.289306641
vt 0.0529174805 0.299072266
vt 0.0390014648 0.289794922
vt 0.0390014648 0.299072266
vt 0.0529174805 0.299072266
vt 0.0529174805 0.289306641
vt 0.0529174805 0.136352539
vt 0.0529174805 0.217529297
vt 0.0390014648 0.217529297
vt 0.0390014648 0.136230469
vt 0.0529174805 0.289306641
vt 0.0529174805 0.217773438
vt 0.0390014648 0.217773438
vt 0.0390014648 0.289794922
vt 0.0390014648 0.123962402
vt 0.0390014648 0.135742188
vt 0.0529174805 0.135986328
vt 0.0529174805 0.12286377
vt 0.0529174805 0.136352539
vt 0.0390014648 0.136230469
vt 0.0390014648 0.124145508
vt 0.0529174805 0.122802734
vt 0.0390014648 0.217529297
vt 0.0529174805 0.217529297
vt 0.0529174805 0.289306641
vt 0.0390014648 0.289794922
vt 0.0390014648 0.289794922
vt 0.0390014648 0.299072266
vt 0.0210571289 0.299072266
vt 0.0210571289 0.284423828
vt 0.0390014648 0.217529297
vt 0.0210571289 0.21875
vt 0.0390014648 0.136230469
vt 0.0210571289 0.142456055
vt 0.0390014648 0.124145508
vt 0.0210571289 0.126586914
vt 0.0390014648 0.299072266
vt 0.0210571289 0.284667969
vt 0.0210571289 0.299072266
vt 0.0390014648 0.289794922
vt 0.0210571289 0.21862793
vt 0.0390014648 0.217773438
vt 0.0210571289 0.141967773
vt 0.0390014648 0.135742188
vt 0.0210571289 0.126831055
vt 0.0390014648 0.123962402
vt 0.0210571289 0.142456055
vt 0.0173797607 0.21875
vt 0.0173797607 0.142456055
vt 0.0210571289 0.21875
vt 0.0173797607 0.284423828
vt 0.0210571289 0.284423828
vt 0.0173797607 0.299072266
vt 0.0210571289 0.299072266
vt 0.0210571289 0.299072266
vt 0.0173797607 0.284912109
vt 0.0173797607 0.299072266
vt 0.0210571289 0.284667969
vt 0.0173797607 0.21862793
vt 0.0210571289 0.21862793
vt 0.0173797607 0.141967773
vt 0.0210571289 0.141967773
vt 0.0210571289 0.141967773
vt 0.0210571289 0.126831055
vt 0.0173797607 0.126708984
vt 0.0173797607 0.141967773
vt 0.0210571289 0.126586914
vt 0.0210571289 0.142456055
vt 0.0173797607 0.142456055
vt 0.0173797607 0.126464844
vt 0.711425781 0.134155273
vt 0.733398438 0.150146484
vt 0.711425781 0.174438477
vt 0.688476562 0.150756836
vt 0.467529297 0.0278625488
vt 0.438720703 0.0278625488
vt 0.438720703 0.0335388184
vt 0.467529297 0.0335388184
vt 0.438720703 0.0278625488
vt 0.406738281 0.0278625488
vt 0.406738281 0.0335388184
vt 0.438720703 0.0335388184
vt 0.529785156 0.0278625488
vt 0.497802734 0.0278625488
vt 0.497802734 0.0335388184
vt 0.529785156 0.0335388184
vt 0.497802734 0.0278625488
vt 0.467529297 0.0278625488
vt 0.467529297 0.0335388184
vt 0.497802734 0.0335388184
vt 0.0999755859 0.641113281
vt 0.0999755859 0.5625
vt 0.799804688 0.5625
vt 0.799804688 0.641113281
vt 0.0999755859 0.672363281
vt 0.0999755859 0.658691406
vt 0.799804688 0.658691406
vt 0.799804688 0.672363281
vt 0.0999755859 0.737792969
vt 0.0999755859 0.672363281
vt 0.799804688 0.672363281
vt 0.799804688 0.737792969
vt 0.138061523 0.778320312
vt 0.138061523 0.7578125
vt 0.837890625 0.7578125
vt 0.837890625 0.778320312
vt 0.138061523 0.813964844
vt 0.138061523 0.778320312
vt 0.837890625 0.778320312
vt 0.837890625 0.813964844
vt 0.138061523 0.85546875
vt 0.138061523 0.832519531
vt 0.837890625 0.832519531
vt 0.837890625 0.85546875
vt 0.138061523 0.875488281
vt 0.138061523 0.864257812
vt 0.837890625 0.864257812
vt 0.837890625 0.875488281
vt 0.837890625 0.823242188
vt 0.138061523 0.823242188
vt 0.138061523 0.813964844
vt 0.837890625 0.813964844
vt 0.138061523 0.823242188
vt 0.837890625 0.823242188
vt 0.837890625 0.827636719
vt 0.138061523 0.827636719
vt 0.837890625 0.864257812
vt 0.138061523 0.864257812
vt 0.138061523 0.859863281
vt 0.837890625 0.859863281
vt 0.138061523 0.827636719
vt 0.837890625 0.827636719
vt 0.837890625 0.832519531
vt 0.138061523 0.832519531
vt 0.837890625 0.859863281
vt 0.138061523 0.859863281
vt 0.138061523 0.85546875
vt 0.837890625 0.85546875
vt 0.799804688 0.954101562
vt 0.799804688 0.95703125
vt 0.0999755859 0.95703125
vt 0.0999755859 0.954101562
vt 0.799804688 0.901367188
vt 0.799804688 0.903808594
vt 0.100097656 0.903808594
vt 0.0999755859 0.901367188
vt 0.0999755859 0.901367188
vt 0.0999755859 0.893066406
vt 0.799804688 0.893066406
vt 0.799804688 0.901367188
vt 0.799804688 0.903808594
vt 0.799804688 0.954101562
vt 0.0999755859 0.954101562
vt 0.0999755859 0.903808594
vt 0.799804688 0.990234375
vt 0.0999755859 0.990234375
vt 0.0999755859 0.95703125
vt 0.799804688 0.95703125
vt 0.721679688 0.479980469
vt 0.814941406 0.479980469
vt 0.814941406 0.537597656
vt 0.721679688 0.537597656
vt 0.721679688 0.411621094
vt 0.814941406 0.411621094
vt 0.814941406 0.472900391
vt 0.721679688 0.472900391
vt 0.721679688 0.446044922
vt 0.814941406 0.446044922
vt 0.814941406 0.472900391
vt 0.721679688 0.472900391
vt 0.680664062 0.542480469
vt 0.698730469 0.475097656
vt 0.719238281 0.475097656
vt 0.719238281 0.542480469
vt 0.721679688 0.479980469
vt 0.721679688 0.537597656
vt 0.719238281 0.475097656
vt 0.721679688 0.537597656
vt 0.721679688 0.479980469
vt 0.719238281 0.542480469
vt 0.719238281 0.475097656
vt 0.698730469 0.475097656
vt 0.680664062 0.542480469
vt 0.814941406 0.537597656
vt 0.814941406 0.544921875
vt 0.721679688 0.544921875
vt 0.721679688 0.537597656
vt 0.814941406 0.472900391
vt 0.814941406 0.479980469
vt 0.721679688 0.479980469
vt 0.814941406 0.472900391
vt 0.721679688 0.472900391
vt 0.459716797 0.475097656
vt 0.661132812 0.475097656
vt 0.661132812 0.537597656
vt 0.459716797 0.537597656
vt 0.661132812 0.407958984
vt 0.459716797 0.407958984
vt 0.459716797 0.468994141
vt 0.661132812 0.468994141
vt 0.459716797 0.446044922
vt 0.661132812 0.446044922
vt 0.661132812 0.468994141
vt 0.459716797 0.468994141
vt 0.456298828 0.542480469
vt 0.459716797 0.475097656
vt 0.459716797 0.537597656
vt 0.456298828 0.472412109
vt 0.418701172 0.542480469
vt 0.436523438 0.472412109
vt 0.456298828 0.472412109
vt 0.459716797 0.537597656
vt 0.459716797 0.475097656
vt 0.456298828 0.542480469
vt 0.436523438 0.472412109
vt 0.418701172 0.542480469
vt 0.661132812 0.537597656
vt 0.661132812 0.544921875
vt 0.459716797 0.544921875
vt 0.459716797 0.537597656
vt 0.459716797 0.475097656
vt 0.459716797 0.468994141
vt 0.661132812 0.468994141
vt 0.661132812 0.475097656
vt 0.875488281 0.509765625
vt 0.951171875 0.509765625
vt 0.951171875 0.429443359
vt 0.875488281 0.429443359
vt 0.96875 0.429443359
vt 0.951171875 0.429443359
vt 0.951171875 0.509765625
vt 0.987304688 0.509765625
vt 0.951171875 0.544433594
vt 0.951171875 0.509765625
vt 0.875488281 0.509765625
vt 0.875488281 0.544433594
vt 0.838867188 0.509765625
vt 0.875488281 0.509765625
vt 0.875488281 0.429443359
vt 0.857910156 0.429443359
vt 0.529296875 0.3203125
vt 0.529296875 0.3515625
vt 0.583496094 0.3515625
vt 0.583496094 0.3203125
vt 0.607910156 0.3515625
vt 0.662109375 0.3515625
vt 0.662109375 0.3203125
vt 0.607910156 0.3203125
vt 0.595703125 0.3515625
vt 0.607910156 0.3515625
vt 0.607910156 0.3203125
vt 0.595703125 0.3203125
vt 0.583496094 0.3203125
vt 0.583496094 0.3515625
vt 0.825683594 0.19921875
vt 0.83203125 0.208496094
vt 0.885253906 0.25
vt 0.885253906 0.1484375
vt 0.83203125 0.189941406
vt 0.529296875 0.3203125
vt 0.529296875 0.3515625
vt 0.583496094 0.3515625
vt 0.583496094 0.3203125
vt 0.607910156 0.3515625
vt 0.662109375 0.3515625
vt 0.662109375 0.3203125
vt 0.607910156 0.3203125
vt 0.595703125 0.3515625
vt 0.607910156 0.3515625
vt 0.607910156 0.3203125
vt 0.595703125 0.3203125
vt 0.583496094 0.3203125
vt 0.583496094 0.3515625
vt 0.825683594 0.19921875
vt 0.83203125 0.208496094
vt 0.885253906 0.25
vt 0.885253906 0.1484375
vt 0.83203125 0.189941406
vt 0.875488281 0.509765625
vt 0.951171875 0.509765625
vt 0.951171875 0.429443359
vt 0.875488281 0.429443359
vt 0.96875 0.429443359
vt 0.951171875 0.429443359
vt 0.951171875 0.509765625
vt 0.987304688 0.509765625
vt 0.951171875 0.544433594
vt 0.951171875 0.509765625
vt 0.875488281 0.509765625
vt 0.875488281 0.544433594
vt 0.838867188 0.509765625
vt 0.875488281 0.509765625
vt 0.875488281 0.429443359
vt 0.857910156 0.429443359
vt 0.459716797 0.475097656
vt 0.459716797 0.537597656
vt 0.661132812 0.537597656
vt 0.661132812 0.475097656
vt 0.661132812 0.407958984
vt 0.661132812 0.468994141
vt 0.459716797 0.468994141
vt 0.459716797 0.407958984
vt 0.459716797 0.446044922
vt 0.459716797 0.468994141
vt 0.661132812 0.468994141
vt 0.661132812 0.446044922
vt 0.456298828 0.542480469
vt 0.459716797 0.537597656
vt 0.459716797 0.475097656
vt 0.456298828 0.472412109
vt 0.418701172 0.542480469
vt 0.436523438 0.472412109
vt 0.456298828 0.472412109
vt 0.459716797 0.475097656
vt 0.459716797 0.537597656
vt 0.456298828 0.542480469
vt 0.436523438 0.472412109
vt 0.418701172 0.542480469
vt 0.661132812 0.537597656
vt 0.459716797 0.537597656
vt 0.459716797 0.544921875
vt 0.661132812 0.544921875
vt 0.459716797 0.475097656
vt 0.661132812 0.475097656
vt 0.661132812 0.468994141
vt 0.459716797 0.468994141
vt 0.686523438 0.341552734
vt 0.686523438 0.35546875
vt 0.907226562 0.35546875
vt 0.907226562 0.341552734
vt 0.796875 0.277587891
vt 0.858886719 0.276123047
vt 0.732910156 0.277832031
vt 0.821289062 0.251220703
vt 0.771972656 0.252197266
vt 0.808105469 0.235717773
vt 0.785644531 0.235717773
vt 0.796875 0.234008789
vt 0.796875 0.23034668
vt 0.0529174805 0.217773438
vt 0.0390014648 0.217773438
vt 0.0390014648 0.135742188
vt 0.0529174805 0.135986328
vt 0.0390014648 0.299072266
vt 0.0529174805 0.299072266
vt 0.0529174805 0.289306641
vt 0.0390014648 0.289794922
vt 0.0390014648 0.289794922
vt 0.0529174805 0.289306641
vt 0.0529174805 0.299072266
vt 0.0390014648 0.299072266
vt 0.0529174805 0.136352539
vt 0.0390014648 0.136230469
vt 0.0390014648 0.217529297
vt 0.0529174805 0.217529297
vt 0.0529174805 0.289306641
vt 0.0390014648 0.289794922
vt 0.0390014648 0.217773438
vt 0.0529174805 0.217773438
vt 0.0390014648 0.123962402
vt 0.0529174805 0.12286377
vt 0.0529174805 0.135986328
vt 0.0390014648 0.135742188
vt 0.0529174805 0.136352539
vt 0.0529174805 0.122802734
vt 0.0390014648 0.124145508
vt 0.0390014648 0.136230469
vt 0.0390014648 0.217529297
vt 0.0390014648 0.289794922
vt 0.0529174805 0.289306641
vt 0.0529174805 0.217529297
vt 0.0390014648 0.289794922
vt 0.0210571289 0.299072266
vt 0.0390014648 0.299072266
vt 0.0210571289 0.284423828
vt 0.0390014648 0.217529297
vt 0.0210571289 0.21875
vt 0.0390014648 0.136230469
vt 0.0210571289 0.142456055
vt 0.0390014648 0.124145508
vt 0.0210571289 0.126586914
vt 0.0390014648 0.299072266
vt 0.0210571289 0.299072266
vt 0.0210571289 0.284667969
vt 0.0390014648 0.289794922
vt 0.0210571289 0.21862793
vt 0.0390014648 0.217773438
vt 0.0210571289 0.141967773
vt 0.0390014648 0.135742188
vt 0.0210571289 0.126831055
vt 0.0390014648 0.123962402
vt 0.0210571289 0.142456055
vt 0.0173797607 0.142456055
vt 0.0173797607 0.21875
vt 0.0210571289 0.21875
vt 0.0173797607 0.284423828
vt 0.0210571289 0.284423828
vt 0.0173797607 0.299072266
vt 0.0210571289 0.299072266
vt 0.0210571289 0.299072266
vt 0.0173797607 0.299072266
vt 0.0173797607 0.284912109
vt 0.0210571289 0.284667969
vt 0.0173797607 0.21862793
vt 0.0210571289 0.21862793
vt 0.0173797607 0.141967773
vt 0.0210571289 0.141967773
vt 0.0210571289 0.141967773
vt 0.0173797607 0.141967773
vt 0.0173797607 0.126708984
vt 0.0210571289 0.126831055
vt 0.0210571289 0.126586914
vt 0.0173797607 0.126464844
vt 0.0173797607 0.142456055
vt 0.0210571289 0.142456055
vt 0.711425781 0.134155273
vt 0.688476562 0.150756836
vt 0.711425781 0.174438477
vt 0.733398438 0.150146484
vt 0.467529297 0.0278625488
vt 0.467529297 0.0335388184
vt 0.438720703 0.0335388184
vt 0.438720703 0.0278625488
vt 0.438720703 0.0278625488
vt 0.438720703 0.0335388184
vt 0.406738281 0.0335388184
vt 0.406738281 0.0278625488
vt 0.529785156 0.0278625488
vt 0.529785156 0.0335388184
vt 0.497802734 0.0335388184
vt 0.497802734 0.0278625488
vt 0.497802734 0.0278625488
vt 0.497802734 0.0335388184
vt 0.467529297 0.0335388184
vt 0.467529297 0.0278625488
vt 0.0999755859 0.641113281
vt 0.799804688 0.641113281
vt 0.799804688 0.5625
vt 0.0999755859 0.5625
vt 0.0999755859 0.672363281
vt 0.799804688 0.672363281
vt 0.799804688 0.658691406
vt 0.0999755859 0.658691406
vt 0.0999755859 0.737792969
vt 0.799804688 0.737792969
vt 0.799804688 0.672363281
vt 0.0999755859 0.672363281
vt 0.138061523 0.778320312
vt 0.837890625 0.778320312
vt 0.837890625 0.7578125
vt 0.138061523 0.7578125
vt 0.138061523 0.813964844
vt 0.837890625 0.813964844
vt 0.837890625 0.778320312
vt 0.138061523 0.778320312
vt 0.138061523 0.85546875
vt 0.837890625 0.85546875
vt 0.837890625 0.832519531
vt 0.138061523 0.832519531
vt 0.138061523 0.875488281
vt 0.837890625 0.875488281
vt 0.837890625 0.864257812
vt 0.138061523 0.864257812
vt 0.837890625 0.823242188
vt 0.837890625 0.813964844
vt 0.138061523 0.813964844
vt 0.138061523 0.823242188
vt 0.138061523 0.823242188
vt 0.138061523 0.827636719
vt 0.837890625 0.827636719
vt 0.837890625 0.823242188
vt 0.837890625 0.864257812
vt 0.837890625 0.859863281
vt 0.138061523 0.859863281
vt 0.138061523 0.864257812
vt 0.138061523 0.827636719
vt 0.138061523 0.832519531
vt 0.837890625 0.832519531
vt 0.837890625 0.827636719
vt 0.837890625 0.859863281
vt 0.837890625 0.85546875
vt 0.138061523 0.85546875
vt 0.138061523 0.859863281
vt 0.799804688 0.954101562
vt 0.0999755859 0.954101562
vt 0.0999755859 0.95703125
vt 0.799804688 0.95703125
vt 0.799804688 0.901367188
vt 0.0999755859 0.901367188
vt 0.100097656 0.903808594
vt 0.799804688 0.903808594
vt 0.0999755859 0.901367188
vt 0.799804688 0.901367188
vt 0.799804688 0.893066406
vt 0.0999755859 0.893066406
vt 0.799804688 0.903808594
vt 0.0999755859 0.903808594
vt 0.0999755859 0.954101562
vt 0.799804688 0.954101562
vt 0.799804688 0.990234375
vt 0.799804688 0.95703125
vt 0.0999755859 0.95703125
vt 0.0999755859 0.990234375
vt 0.721679688 0.479980469
vt 0.721679688 0.537597656
vt 0.814941406 0.537597656
vt 0.814941406 0.479980469
vt 0.721679688 0.411621094
vt 0.721679688 0.472900391
vt 0.814941406 0.472900391
vt 0.814941406 0.411621094
vt 0.721679688 0.446044922
vt 0.721679688 0.472900391
vt 0.814941406 0.472900391
vt 0.814941406 0.446044922
vt 0.680664062 0.542480469
vt 0.719238281 0.475097656
vt 0.698730469 0.475097656
vt 0.719238281 0.542480469
vt 0.721679688 0.479980469
vt 0.721679688 0.537597656
vt 0.719238281 0.475097656
vt 0.721679688 0.479980469
vt 0.721679688 0.537597656
vt 0.719238281 0.542480469
vt 0.719238281 0.475097656
vt 0.698730469 0.475097656
vt 0.680664062 0.542480469
vt 0.814941406 0.537597656
vt 0.721679688 0.537597656
vt 0.721679688 0.544921875
vt 0.814941406 0.544921875
vt 0.721679688 0.479980469
vt 0.814941406 0.479980469
vt 0.814941406 0.472900391
vt 0.814941406 0.472900391
vt 0.721679688 0.472900391
vt 0.459716797 0.475097656
vt 0.459716797 0.537597656
vt 0.661132812 0.537597656
vt 0.661132812 0.475097656
vt 0.661132812 0.407958984
vt 0.661132812 0.468994141
vt 0.459716797 0.468994141
vt 0.459716797 0.407958984
vt 0.459716797 0.446044922
vt 0.459716797 0.468994141
vt 0.661132812 0.468994141
vt 0.661132812 0.446044922
vt 0.456298828 0.542480469
vt 0.459716797 0.537597656
vt 0.459716797 0.475097656
vt 0.456298828 0.472412109
vt 0.418701172 0.542480469
vt 0.436523438 0.472412109
vt 0.456298828 0.472412109
vt 0.459716797 0.475097656
vt 0.459716797 0.537597656
vt 0.456298828 0.542480469
vt 0.436523438 0.472412109
vt 0.418701172 0.542480469
vt 0.661132812 0.537597656
vt 0.459716797 0.537597656
vt 0.459716797 0.544921875
vt 0.661132812 0.544921875
vt 0.459716797 0.475097656
vt 0.661132812 0.475097656
vt 0.661132812 0.468994141
vt 0.459716797 0.468994141
vt 0.875488281 0.509765625
vt 0.951171875 0.509765625
vt 0.951171875 0.429443359
vt 0.875488281 0.429443359
vt 0.96875 0.429443359
vt 0.951171875 0.429443359
vt 0.951171875 0.509765625
vt 0.987304688 0.509765625
vt 0.951171875 0.544433594
vt 0.951171875 0.509765625
vt 0.875488281 0.509765625
vt 0.875488281 0.544433594
vt 0.838867188 0.509765625
vt 0.875488281 0.509765625
vt 0.875488281 0.429443359
vt 0.857910156 0.429443359
vt 0.529296875 0.3203125
vt 0.529296875 0.3515625
vt 0.583496094 0.3515625
vt 0.583496094 0.3203125
vt 0.607910156 0.3515625
vt 0.662109375 0.3515625
vt 0.662109375 0.3203125
vt 0.607910156 0.3203125
vt 0.595703125 0.3515625
vt 0.607910156 0.3515625
vt 0.607910156 0.3203125
vt 0.595703125 0.3203125
vt 0.583496094 0.3203125
vt 0.583496094 0.3515625
vt 0.825683594 0.19921875
vt 0.83203125 0.208496094
vt 0.885253906 0.25
vt 0.885253906 0.1484375
vt 0.83203125 0.189941406
vt 0.529296875 0.3203125
vt 0.529296875 0.3515625
vt 0.583496094 0.3515625
vt 0.583496094 0.3203125
vt 0.607910156 0.3515625
vt 0.662109375 0.3515625
vt 0.662109375 0.3203125
vt 0.607910156 0.3203125
vt 0.595703125 0.3515625
vt 0.607910156 0.3515625
vt 0.607910156 0.3203125
vt 0.595703125 0.3203125
vt 0.583496094 0.3203125
vt 0.583496094 0.3515625
vt 0.825683594 0.19921875
vt 0.83203125 0.208496094
vt 0.885253906 0.25
vt 0.885253906 0.1484375
vt 0.83203125 0.189941406
vt 0.875488281 0.509765625
vt 0.951171875 0.509765625
vt 0.951171875 0.429443359
vt 0.875488281 0.429443359
vt 0.96875 0.429443359
vt 0.951171875 0.429443359
vt 0.951171875 0.509765625
vt 0.987304688 0.509765625
vt 0.951171875 0.544433594
vt 0.951171875 0.509765625
vt 0.875488281 0.509765625
vt 0.875488281 0.544433594
vt 0.838867188 0.509765625
vt 0.875488281 0.509765625
vt 0.875488281 0.429443359
vt 0.857910156 0.429443359
vt 0.459716797 0.475097656
vt 0.459716797 0.537597656
vt 0.661132812 0.537597656
vt 0.661132812 0.475097656
vt 0.661132812 0.407958984
vt 0.661132812 0.468994141
vt 0.459716797 0.468994141
vt 0.459716797 0.407958984
vt 0.459716797 0.446044922
vt 0.459716797 0.468994141
vt 0.661132812 0.468994141
vt 0.661132812 0.446044922
vt 0.456298828 0.542480469
vt 0.459716797 0.537597656
vt 0.459716797 0.475097656
vt 0.456298828 0.472412109
vt 0.418701172 0.542480469
vt 0.436523438 0.472412109
vt 0.456298828 0.472412109
vt 0.459716797 0.475097656
vt 0.459716797 0.537597656
vt 0.456298828 0.542480469
vt 0.436523438 0.472412109
vt 0.418701172 0.542480469
vt 0.661132812 0.537597656
vt 0.459716797 0.537597656
vt 0.459716797 0.544921875
vt 0.661132812 0.544921875
vt 0.459716797 0.475097656
vt 0.661132812 0.475097656
vt 0.661132812 0.468994141
vt 0.459716797 0.468994141
vt 0.686523438 0.341552734
vt 0.686523438 0.35546875
vt 0.907226562 0.35546875
vt 0.907226562 0.341552734
vt 0.796875 0.277587891
vt 0.858886719 0.276123047
vt 0.732910156 0.277832031
vt 0.821289062 0.251220703
vt 0.771972656 0.252197266
vt 0.808105469 0.235717773
vt 0.785644531 0.235717773
vt 0.796875 0.234008789
vt 0.796875 0.23034668
vt 0.0529174805 0.217773438
vt 0.0390014648 0.217773438
vt 0.0390014648 0.135742188
vt 0.0529174805 0.135986328
vt 0.0390014648 0.299072266
vt 0.0529174805 0.299072266
vt 0.0529174805 0.289306641
vt 0.0390014648 0.289794922
vt 0.0390014648 0.289794922
vt 0.0529174805 0.289306641
vt 0.0529174805 0.299072266
vt 0.0390014648 0.299072266
vt 0.0529174805 0.136352539
vt 0.0390014648 0.136230469
vt 0.0390014648 0.217529297
vt 0.0529174805 0.217529297
vt 0.0529174805 0.289306641
vt 0.0390014648 0.289794922
vt 0.0390014648 0.217773438
vt 0.0529174805 0.217773438
vt 0.0390014648 0.123962402
vt 0.0529174805 0.12286377
vt 0.0529174805 0.135986328
vt 0.0390014648 0.135742188
vt 0.0529174805 0.136352539
vt 0.0529174805 0.122802734
vt 0.0390014648 0.124145508
vt 0.0390014648 0.136230469
vt 0.0390014648 0.217529297
vt 0.0390014648 0.289794922
vt 0.0529174805 0.289306641
vt 0.0529174805 0.217529297
vt 0.0390014648 0.289794922
vt 0.0210571289 0.299072266
vt 0.0390014648 0.299072266
vt 0.0210571289 0.284423828
vt 0.0390014648 0.217529297
vt 0.0210571289 0.21875
vt 0.0390014648 0.136230469
vt 0.0210571289 0.142456055
vt 0.0390014648 0.124145508
vt 0.0210571289 0.126586914
vt 0.0390014648 0.299072266
vt 0.0210571289 0.299072266
vt 0.0210571289 0.284667969
vt 0.0390014648 0.289794922
vt 0.0210571289 0.21862793
vt 0.0390014648 0.217773438
vt 0.0210571289 0.141967773
vt 0.0390014648 0.135742188
vt 0.0210571289 0.126831055
vt 0.0390014648 0.123962402
vt 0.0210571289 0.142456055
vt 0.0173797607 0.142456055
vt 0.0173797607 0.21875
vt 0.0210571289 0.21875
vt 0.0173797607 0.284423828
vt 0.0210571289 0.284423828
vt 0.0173797607 0.299072266
vt 0.0210571289 0.299072266
vt 0.0210571289 0.299072266
vt 0.0173797607 0.299072266
vt 0.0173797607 0.284912109
vt 0.0210571289 0.284667969
vt 0.0173797607 0.21862793
vt 0.0210571289 0.21862793
vt 0.0173797607 0.141967773
vt 0.0210571289 0.141967773
vt 0.0210571289 0.141967773
vt 0.0173797607 0.141967773
vt 0.0173797607 0.126708984
vt 0.0210571289 0.126831055
vt 0.0210571289 0.126586914
vt 0.0173797607 0.126464844
vt 0.0173797607 0.142456055
vt 0.0210571289 0.142456055
vt 0.711425781 0.134155273
vt 0.688476562 0.150756836
vt 0.711425781 0.174438477
vt 0.733398438 0.150146484
vt 0.467529297 0.0278625488
vt 0.467529297 0.0335388184
vt 0.438720703 0.0335388184
vt 0.438720703 0.0278625488
vt 0.438720703 0.0278625488
vt 0.438720703 0.0335388184
vt 0.406738281 0.0335388184
vt 0.406738281 0.0278625488
vt 0.529785156 0.0278625488
vt 0.529785156 0.0335388184
vt 0.497802734 0.0335388184
vt 0.497802734 0.0278625488
vt 0.497802734 0.0278625488
vt 0.497802734 0.0335388184
vt 0.467529297 0.0335388184
vt 0.467529297 0.0278625488
vt 0.0999755859 0.641113281
vt 0.799804688 0.641113281
vt 0.799804688 0.5625
vt 0.0999755859 0.5625
vt 0.0999755859 0.672363281
vt 0.799804688 0.672363281
vt 0.799804688 0.658691406
vt 0.0999755859 0.658691406
vt 0.0999755859 0.737792969
vt 0.799804688 0.737792969
vt 0.799804688 0.672363281
vt 0.0999755859 0.672363281
vt 0.138061523 0.778320312
vt 0.837890625 0.778320312
vt 0.837890625 0.7578125
vt 0.138061523 0.7578125
vt 0.138061523 0.813964844
vt 0.837890625 0.813964844
vt 0.837890625 0.778320312
vt 0.138061523 0.778320312
vt 0.138061523 0.85546875
vt 0.837890625 0.85546875
vt 0.837890625 0.832519531
vt 0.138061523 0.832519531
vt 0.138061523 0.875488281
vt 0.837890625 0.875488281
vt 0.837890625 0.864257812
vt 0.138061523 0.864257812
vt 0.837890625 0.823242188
vt 0.837890625 0.813964844
vt 0.138061523 0.813964844
vt 0.138061523 0.823242188
vt 0.138061523 0.823242188
vt 0.138061523 0.827636719
vt 0.837890625 0.827636719
vt 0.837890625 0.823242188
vt 0.837890625 0.864257812
vt 0.837890625 0.859863281
vt 0.138061523 0.859863281
vt 0.138061523 0.864257812
vt 0.138061523 0.827636719
vt 0.138061523 0.832519531
vt 0.837890625 0.832519531
vt 0.837890625 0.827636719
vt 0.837890625 0.859863281
vt 0.837890625 0.85546875
vt 0.138061523 0.85546875
vt 0.138061523 0.859863281
vt 0.799804688 0.954101562
vt 0.0999755859 0.954101562
vt 0.0999755859 0.95703125
vt 0.799804688 0.95703125
vt 0.799804688 0.901367188
vt 0.0999755859 0.901367188
vt 0.100097656 0.903808594
vt 0.799804688 0.903808594
vt 0.0999755859 0.901367188
vt 0.799804688 0.901367188
vt 0.799804688 0.893066406
vt 0.0999755859 0.893066406
vt 0.799804688 0.903808594
vt 0.0999755859 0.903808594
vt 0.0999755859 0.954101562
vt 0.799804688 0.954101562
vt 0.799804688 0.990234375
vt 0.799804688 0.95703125
vt 0.0999755859 0.95703125
vt 0.0999755859 0.990234375
vt 0.721679688 0.479980469
vt 0.721679688 0.537597656
vt 0.814941406 0.537597656
vt 0.814941406 0.479980469
vt 0.721679688 0.411621094
vt 0.721679688 0.472900391
vt 0.814941406 0.472900391
vt 0.814941406 0.411621094
vt 0.721679688 0.446044922
vt 0.721679688 0.472900391
vt 0.814941406 0.472900391
vt 0.814941406 0.446044922
vt 0.680664062 0.542480469
vt 0.719238281 0.475097656
vt 0.698730469 0.475097656
vt 0.719238281 0.542480469
vt 0.721679688 0.479980469
vt 0.721679688 0.537597656
vt 0.719238281 0.475097656
vt 0.721679688 0.479980469
vt 0.721679688 0.537597656
vt 0.719238281 0.542480469
vt 0.719238281 0.475097656
vt 0.698730469 0.475097656
vt 0.680664062 0.542480469
vt 0.814941406 0.537597656
vt 0.721679688 0.537597656
vt 0.721679688 0.544921875
vt 0.814941406 0.544921875
vt 0.721679688 0.479980469
vt 0.814941406 0.479980469
vt 0.814941406 0.472900391
vt 0.814941406 0.472900391
vt 0.721679688 0.472900391
vt 0.459716797 0.475097656
vt 0.459716797 0.537597656
vt 0.661132812 0.537597656
vt 0.661132812 0.475097656
vt 0.661132812 0.407958984
vt 0.661132812 0.468994141
vt 0.459716797 0.468994141
vt 0.459716797 0.407958984
vt 0.459716797 0.446044922
vt 0.459716797 0.468994141
vt 0.661132812 0.468994141
vt 0.661132812 0.446044922
vt 0.456298828 0.542480469
vt 0.459716797 0.537597656
vt 0.459716797 0.475097656
vt 0.456298828 0.472412109
vt 0.418701172 0.542480469
vt 0.436523438 0.472412109
vt 0.456298828 0.472412109
vt 0.459716797 0.475097656
vt 0.459716797 0.537597656
vt 0.456298828 0.542480469
vt 0.436523438 0.472412109
vt 0.418701172 0.542480469
vt 0.661132812 0.537597656
vt 0.459716797 0.537597656
vt 0.459716797 0.544921875
vt 0.661132812 0.544921875
vt 0.459716797 0.475097656
vt 0.661132812 0.475097656
vt 0.661132812 0.468994141
vt 0.459716797 0.468994141
vt 0.554199219 0.209594727
vt 0.534179688 0.29296875
vt 0.505859375 0.227783203
vt 0.60546875 0.29296875
vt 0.511230469 0.211791992
vt 0.60546875 0.209594727
vt 0.548339844 0.204223633
vt 0.547363281 0.194580078
vt 0.656738281 0.209594727
vt 0.531738281 0.188476562
vt 0.55078125 0.188964844
vt 0.567382812 0.172363281
vt 0.676757812 0.29296875
vt 0.705078125 0.227783203
vt 0.580078125 0.142211914
vt 0.591796875 0.148925781
vt 0.699707031 0.211791992
vt 0.662597656 0.204223633
vt 0.663574219 0.194580078
vt 0.599121094 0.143676758
vt 0.594726562 0.131469727
vt 0.679199219 0.188476562
vt 0.66015625 0.188964844
vt 0.643554688 0.172363281
vt 0.60546875 0.12878418
vt 0.60546875 0.142578125
vt 0.630859375 0.142211914
vt 0.619140625 0.148925781
vt 0.611816406 0.143676758
vt 0.616210938 0.131469727
vt 0.554199219 0.209594727
vt 0.534179688 0.29296875
vt 0.505859375 0.227783203
vt 0.60546875 0.29296875
vt 0.511230469 0.211791992
vt 0.60546875 0.209594727
vt 0.548339844 0.204223633
vt 0.547363281 0.194580078
vt 0.656738281 0.209594727
vt 0.531738281 0.188476562
vt 0.55078125 0.188964844
vt 0.567382812 0.172363281
vt 0.676757812 0.29296875
vt 0.705078125 0.227783203
vt 0.580078125 0.142211914
vt 0.591796875 0.148925781
vt 0.699707031 0.211791992
vt 0.662597656 0.204223633
vt 0.663574219 0.194580078
vt 0.599121094 0.143676758
vt 0.594726562 0.131469727
vt 0.679199219 0.188476562
vt 0.66015625 0.188964844
vt 0.643554688 0.172363281
vt 0.60546875 0.12878418
vt 0.60546875 0.142578125
vt 0.630859375 0.142211914
vt 0.619140625 0.148925781
vt 0.611816406 0.143676758
vt 0.616210938 0.131469727
vt 0.554199219 0.209594727
vt 0.505859375 0.227783203
vt 0.534179688 0.29296875
vt 0.60546875 0.29296875
vt 0.511230469 0.211791992
vt 0.60546875 0.209594727
vt 0.548339844 0.204223633
vt 0.547363281 0.194580078
vt 0.656738281 0.209594727
vt 0.531738281 0.188476562
vt 0.55078125 0.188964844
vt 0.567382812 0.172363281
vt 0.676757812 0.29296875
vt 0.705078125 0.227783203
vt 0.580078125 0.142211914
vt 0.591796875 0.148925781
vt 0.699707031 0.211791992
vt 0.662597656 0.204223633
vt 0.663574219 0.194580078
vt 0.599121094 0.143676758
vt 0.594726562 0.131469727
vt 0.679199219 0.188476562
vt 0.66015625 0.188964844
vt 0.643554688 0.172363281
vt 0.60546875 0.12878418
vt 0.60546875 0.142578125
vt 0.630859375 0.142211914
vt 0.619140625 0.148925781
vt 0.611816406 0.143676758
vt 0.616210938 0.131469727
vt 0.554199219 0.209594727
vt 0.505859375 0.227783203
vt 0.534179688 0.29296875
vt 0.60546875 0.29296875
vt 0.511230469 0.211791992
vt 0.60546875 0.209594727
vt 0.548339844 0.204223633
vt 0.547363281 0.194580078
vt 0.656738281 0.209594727
vt 0.531738281 0.188476562
vt 0.55078125 0.188964844
vt 0.567382812 0.172363281
vt 0.676757812 0.29296875
vt 0.705078125 0.227783203
vt 0.580078125 0.142211914
vt 0.591796875 0.148925781
vt 0.699707031 0.211791992
vt 0.662597656 0.204223633
vt 0.663574219 0.194580078
vt 0.599121094 0.143676758
vt 0.594726562 0.131469727
vt 0.679199219 0.188476562
vt 0.66015625 0.188964844
vt 0.643554688 0.172363281
vt 0.60546875 0.12878418
vt 0.60546875 0.142578125
vt 0.630859375 0.142211914
vt 0.619140625 0.148925781
vt 0.611816406 0.143676758
vt 0.616210938 0.131469727
vt 0.0497131348 0.0169830322
vt 0.0573730469 0.0154647827
vt 0.0573730469 0.0219268799
vt 0.0517883301 0.0227661133
vt 0.0629272461 0.0227661133
vt 0.0432739258 0.0218200684
vt 0.0650024414 0.0169830322
vt 0.0463256836 0.0259246826
vt 0.0684204102 0.0259246826
vt 0.010093689 0.101928711
vt 0.071472168 0.0218200684
vt 0.0179443359 0.0966186523
vt 0.0968017578 0.0966186523
vt 0.104675293 0.101928711
vt 0.0497131348 0.0169677734
vt 0.0573730469 0.0154571533
vt 0.0573730469 0.0219268799
vt 0.0517883301 0.0227661133
vt 0.0629272461 0.0227661133
vt 0.0432739258 0.0218048096
vt 0.0650024414 0.0169677734
vt 0.0463256836 0.0259094238
vt 0.0684204102 0.0259094238
vt 0.010093689 0.101928711
vt 0.071472168 0.0218048096
vt 0.0179443359 0.0966186523
vt 0.0968017578 0.0966186523
vt 0.104675293 0.101928711
vt 0.0497131348 0.0169677734
vt 0.0573730469 0.0219268799
vt 0.0573730469 0.0154495239
vt 0.0517883301 0.0227661133
vt 0.0629272461 0.0227661133
vt 0.0432739258 0.0218048096
vt 0.0650024414 0.0169677734
vt 0.0463256836 0.0259094238
vt 0.0684204102 0.0259094238
vt 0.010093689 0.101928711
vt 0.071472168 0.0218048096
vt 0.0179443359 0.0966186523
vt 0.0968017578 0.0966186523
vt 0.104675293 0.101928711
vt 0.0497131348 0.0169677734
vt 0.0573730469 0.0154495239
vt 0.0573730469 0.0219268799
vt 0.0517883301 0.0227661133
vt 0.0629272461 0.0227661133
vt 0.0432739258 0.0218048096
vt 0.0650024414 0.0169677734
vt 0.0463256836 0.0259094238
vt 0.0684204102 0.0259094238
vt 0.010093689 0.101928711
vt 0.071472168 0.0218048096
vt 0.0179443359 0.0966186523
vt 0.0968017578 0.0966186523
vt 0.104675293 0.101928711
vt 0.0497131348 0.0169677734
vt 0.0573730469 0.0154495239
vt 0.0573730469 0.0219268799
vt 0.0517883301 0.0227661133
vt 0.0629272461 0.0227661133
vt 0.0432739258 0.0218048096
vt 0.0650024414 0.0169677734
vt 0.0463256836 0.0259094238
vt 0.0684204102 0.0259094238
vt 0.010093689 0.101928711
vt 0.071472168 0.0218048096
vt 0.0179443359 0.0966186523
vt 0.0968017578 0.0966186523
vt 0.104675293 0.101928711
vt 0.0497131348 0.0169677734
vt 0.0573730469 0.0219268799
vt 0.0573730469 0.0154495239
vt 0.0517883301 0.0227661133
vt 0.0629272461 0.0227661133
vt 0.0432739258 0.0218048096
vt 0.0650024414 0.0169677734
vt 0.0463256836 0.0259094238
vt 0.0684204102 0.0259094238
vt 0.010093689 0.101928711
vt 0.071472168 0.0218048096
vt 0.0179443359 0.0966186523
vt 0.0968017578 0.0966186523
vt 0.104675293 0.101928711
vt 0.0497131348 0.0169830322
vt 0.0573730469 0.0219268799
vt 0.0573730469 0.0154647827
vt 0.0517883301 0.0227661133
vt 0.0629272461 0.0227661133
vt 0.0432739258 0.0218200684
vt 0.0650024414 0.0169830322
vt 0.0463256836 0.0259246826
vt 0.0684204102 0.0259246826
vt 0.010093689 0.101928711
vt 0.071472168 0.0218200684
vt 0.0179443359 0.0966186523
vt 0.0968017578 0.0966186523
vt 0.104675293 0.101928711
vt 0.0497131348 0.0169677734
vt 0.0573730469 0.0219268799
vt 0.0573730469 0.0154571533
vt 0.0517883301 0.0227661133
vt 0.0629272461 0.0227661133
vt 0.0432739258 0.0218048096
vt 0.0650024414 0.0169677734
vt 0.0463256836 0.0259094238
vt 0.0684204102 0.0259094238
vt 0.010093689 0.101928711
vt 0.071472168 0.0218048096
vt 0.0179443359 0.0966186523
vt 0.0968017578 0.0966186523
vt 0.104675293 0.101928711
vn -0.510253906 0.320068359 -0.798339844
vn -0.510253906 0.320068359 -0.798339844
vn -0.510253906 0.320068359 -0.798339844
vn -0.511230469 -0.384521484 -0.768554688
vn -0.511230469 -0.384521484 -0.768554688
vn -0.511230469 -0.384521484 -0.768554688
vn 0.510253906 0.320068359 -0.798339844
vn 0.510253906 0.320068359 -0.798339844
vn 0.510253906 0.320068359 -0.798339844
vn 0.511230469 -0.384521484 -0.768554688
vn 0.511230469 -0.384521484 -0.768554688
vn 0.511230469 -0.384521484 -0.768554688
vn -0.783691406 0.352783203 0.511230469
vn -0.783691406 0.352783203 0.511230469
vn -0.783691406 0.352783203 0.511230469
vn -0.783691406 -0.352783203 0.511230469
vn -0.783691406 -0.352783203 0.511230469
vn -0.783691406 -0.352783203 0.511230469
vn -0.783691406 0.352783203 -0.511230469
vn -0.783691406 0.352783203 -0.511230469
vn -0.783691406 0.352783203 -0.511230469
vn -0.783691406 -0.352783203 -0.511230469
vn -0.783691406 -0.352783203 -0.511230469
vn -0.783691406 -0.352783203 -0.511230469
vn 0.783691406 0.352783203 0.511230469
vn 0.783691406 0.352783203 0.511230469
vn 0.783691406 0.352783203 0.511230469
vn 0.783691406 -0.352783203 0.511230469
vn 0.783691406 -0.352783203 0.511230469
vn 0.783691406 -0.352783203 0.511230469
vn 0.783691406 0.352783203 -0.511230469
vn 0.783691406 0.352783203 -0.511230469
vn 0.783691406 0.352783203 -0.511230469
vn 0.783691406 -0.352783203 -0.511230469
vn 0.783691406 -0.352783203 -0.511230469
vn 0.783691406 -0.352783203 -0.511230469
vn -0.510253906 0.320068359 0.798339844
vn -0.510253906 0.320068359 0.798339844
vn -0.510253906 0.320068359 0.798339844
vn -0.511230469 -0.384521484 0.768554688
vn -0.511230469 -0.384521484 0.768554688
vn -0.511230469 -0.384521484 0.768554688
vn 0.510253906 0.320068359 0.798339844
vn 0.510253906 0.320068359 0.798339844
vn 0.510253906 0.320068359 0.798339844
vn 0.511230469 -0.384521484 0.768554688
vn 0.511230469 -0.384521484 0.768554688
vn 0.511230469 -0.384521484 0.768554688
vn -0.00582885742 -0.0419616699 -0.999023438
vn -0.00696182251 -0.0343322754 -0.999511719
vn -0 -0.0437316895 -0.999023438
vn -0.00238609314 -0.0390930176 -0.999023438
vn 0.00448989868 -0.047454834 -0.999023438
vn -0.00521469116 -0.0470275879 -0.999023438
vn -0 -0.0452880859 -0.999023438
vn 0.00521850586 -0.0470275879 -0.999023438
vn -0.00448608398 -0.047454834 -0.999023438
vn 0.00238609314 -0.0390930176 -0.999023438
vn 0.00696182251 -0.0343322754 -0.999511719
vn 0.00582885742 -0.0419616699 -0.999023438
vn 1.18017197E-05 9.53674316E-06 -1
vn 1.40666962E-05 1.29938126E-05 -1
vn -3.15904617E-06 -3.21865082E-06 -1
vn -5.30481339E-06 -6.02006912E-06 -1
vn -3.15904617E-06 -4.17232513E-07 -1
vn -2.92062759E-06 -1.37090683E-06 -1
vn -3.81469727E-06 2.02655792E-06 -1
vn -3.81469727E-06 2.02655792E-06 -1
vn -8.88109207E-06 9.35792923E-06 -1
vn -9.47713852E-06 1.2755394E-05 -1
vn 2.56299973E-06 -3.21865082E-06 -1
vn 4.529953E-06 -6.02006912E-06 -1
vn 2.50339508E-06 -1.37090683E-06 -1
vn 2.86102295E-06 -4.17232513E-07 -1
vn 3.81469727E-06 2.02655792E-06 -1
vn 3.81469727E-06 2.02655792E-06 -1
vn -1 0.0110549927 -7.33137131E-06
vn -0.981445312 -0.190551758 -1.78813934E-07
vn -1 0.0110549927 -7.33137131E-06
vn -0.981933594 -0.190429688 -1.78813934E-07
vn -0.797363281 -0.603515625 1.5437603E-05
vn -0.797363281 -0.603515625 1.5437603E-05
vn -0.684082031 -0.729492188 2.06232071E-05
vn -0.684082031 -0.729492188 2.06232071E-05
vn -0.596679688 -0.802246094 2.43782997E-05
vn -0.596679688 -0.802246094 2.43782997E-05
vn -0 -1 3.68952751E-05
vn -0 -1 3.68952751E-05
vn 0.981445312 -0.190551758 2.08616257E-05
vn 1 0.0110397339 1.41263008E-05
vn 1 0.0110397339 1.41263008E-05
vn 0.981933594 -0.190429688 2.08616257E-05
vn 0.800292969 -0.599609375 2.92658806E-05
vn 0.800292969 -0.599609375 2.92658806E-05
vn 0.684082031 -0.729492188 3.12924385E-05
vn 0.684082031 -0.729492188 3.12924385E-05
vn 0.599609375 -0.800292969 3.31997871E-05
vn 0.599609375 -0.800292969 3.31997871E-05
vn -0 -1 3.68952751E-05
vn -0 -1 3.68952751E-05
vn -0.593261719 -0.191772461 -0.782226562
vn -0.643066406 -0.145019531 -0.751953125
vn -0.643066406 -0.145019531 -0.751953125
vn -0.595703125 -0.189575195 -0.780761719
vn -0.552734375 -0.255371094 -0.793457031
vn -0.552246094 -0.256591797 -0.793457031
vn -0.493164062 -0.365234375 -0.789550781
vn -0.486816406 -0.374755859 -0.7890625
vn -0.435791016 -0.448242188 -0.780761719
vn 0.643066406 -0.145019531 -0.751953125
vn 0.593261719 -0.191650391 -0.782226562
vn 0.643066406 -0.145019531 -0.751953125
vn 0.595703125 -0.189575195 -0.780761719
vn 0.552246094 -0.256591797 -0.793457031
vn 0.552734375 -0.255371094 -0.793457031
vn 0.493164062 -0.365234375 -0.789550781
vn 0.487060547 -0.374755859 -0.7890625
vn 0.435791016 -0.448242188 -0.780273438
vn -0 0 1
vn -0 0 1
vn -0 0 1
vn -0 0 1
vn -0 0 -1
vn -0 0 -1
vn -0 0 -1
vn -0 0 -1
vn -0 1 0
vn -0 1 0
vn -0.0207824707 1 0.00589752197
vn -0.0296630859 0.999511719 0.00841522217
vn -0.961914062 -2.2649765E-06 0.272949219
vn -0.0296630859 0.999511719 0.00841522217
vn -0.0207824707 1 0.00589752197
vn -0.961914062 -2.2649765E-06 0.272949219
vn -0.961914062 0 0.272949219
vn -0.961914062 0 0.272949219
vn 0.961914062 0 0.272949219
vn 0.961914062 0 0.272949219
vn 0.961914062 0 0.272949219
vn 0.961914062 0 0.272949219
vn 0.961914062 0 0.272949219
vn 0.961914062 0 0.272949219
vn -0 0.690917969 0.723144531
vn -0 0.690917969 0.723144531
vn -0 0.690917969 0.723144531
vn -0 0.690917969 0.723144531
vn -0 0.690917969 -0.723144531
vn -0 0.690917969 -0.723144531
vn -0 0.690917969 -0.723144531
vn -0 0.690917969 -0.723144531
vn 6.49690628E-06 1 -4.17232513E-06
vn 6.49690628E-06 1 -4.17232513E-06
vn 6.49690628E-06 1 -4.17232513E-06
vn 6.49690628E-06 1 -4.17232513E-06
vn -6.49690628E-06 1 4.17232513E-06
vn -6.49690628E-06 1 4.17232513E-06
vn -6.49690628E-06 1 4.17232513E-06
vn -6.49690628E-06 1 4.17232513E-06
vn 4.35113907E-06 1 6.73532486E-06
vn 4.35113907E-06 1 6.73532486E-06
vn 4.35113907E-06 1 6.73532486E-06
vn 4.35113907E-06 1 6.73532486E-06
vn 0.766601562 0.412109375 -0.492431641
vn 0.766601562 0.412109375 -0.492431641
vn 0.76171875 0.424316406 -0.489501953
vn 0.76171875 0.424316406 -0.489501953
vn 0.349609375 0.909667969 -0.224609375
vn 0.349609375 0.909667969 -0.224609375
vn 3.95774841E-05 1 -2.55703926E-05
vn -5.09619713E-05 1 3.2544136E-05
vn -4.35113907E-06 1 -6.73532486E-06
vn -4.35113907E-06 1 -6.73532486E-06
vn -4.35113907E-06 1 -6.7949295E-06
vn -4.35113907E-06 1 -6.73532486E-06
vn -4.35113907E-06 1 -6.73532486E-06
vn 0.540039062 0 0.841796875
vn 0.540039062 0 0.841796875
vn 0.540039062 0 0.841796875
vn 0.540039062 0 0.841796875
vn 0.841308594 0 -0.540527344
vn 0.841308594 0 -0.540527344
vn 0.841308594 0 -0.540527344
vn 0.841308594 0 -0.540527344
vn -0.540039062 0 -0.841796875
vn -0.540039062 0 -0.841796875
vn -0.540039062 0 -0.841796875
vn -0.540039062 0 -0.841796875
vn -0.841308594 0 0.540527344
vn -0.841308594 0 0.540527344
vn -0.841308594 0 0.540527344
vn -0.841308594 0 0.540527344
vn -0.766601562 0.412109375 0.492431641
vn -0.76171875 0.424316406 0.489501953
vn -0.766601562 0.412109375 0.492431641
vn -0.76171875 0.424316406 0.489501953
vn -0.349853516 0.909667969 0.224731445
vn -0.349609375 0.909667969 0.224609375
vn -5.09619713E-05 1 3.2544136E-05
vn 3.95774841E-05 1 -2.55703926E-05
vn 0.881347656 -0.359130859 -0.306884766
vn 0.881835938 -0.333740234 -0.332763672
vn 0.881835938 -0.333740234 -0.332763672
vn 0.881835938 -0.350585938 -0.315429688
vn 0.644042969 -0.731445312 0.223999023
vn 0.661621094 -0.721679688 0.202880859
vn 0.322021484 -0.802734375 0.501953125
vn 0.322021484 -0.802734375 0.501953125
vn -0.0645141602 -0.731445312 0.678710938
vn -0.0909423828 -0.721679688 0.686035156
vn -0.645507812 -0.359130859 0.673828125
vn -0.653320312 -0.350585938 0.670898438
vn -0.669433594 -0.333496094 0.6640625
vn -0.669433594 -0.333496094 0.6640625
vn -0.243408203 0.892578125 -0.379394531
vn -0.243408203 0.892578125 -0.379394531
vn -0.243408203 0.892578125 -0.379394531
vn -0.243408203 0.892578125 -0.379394531
vn -0.495117188 0.399414062 -0.771484375
vn -0.495117188 0.399414062 -0.771484375
vn -0.495117188 0.399414062 -0.771484375
vn -0.495117188 0.399414062 -0.771484375
vn -0.495117188 0.399414062 -0.771484375
vn -0.494628906 0.401367188 -0.770996094
vn -0.494873047 0.402832031 -0.770019531
vn -0.493652344 0.402832031 -0.770507812
vn 0.499023438 0.381835938 0.777832031
vn 0.499023438 0.382080078 0.777832031
vn 0.499023438 0.382080078 0.777832031
vn 0.499023438 0.381835938 0.777832031
vn 0.502441406 0.3671875 0.782714844
vn 0.494873047 0.377685547 0.782714844
vn 0.504882812 0.378173828 0.775878906
vn 6.49690628E-06 1 4.17232513E-06
vn 6.49690628E-06 1 4.17232513E-06
vn 6.49690628E-06 1 4.17232513E-06
vn 6.49690628E-06 1 4.17232513E-06
vn -6.49690628E-06 1 -4.17232513E-06
vn -6.49690628E-06 1 -4.17232513E-06
vn -6.49690628E-06 1 -4.17232513E-06
vn -6.49690628E-06 1 -4.17232513E-06
vn -4.35113907E-06 1 6.73532486E-06
vn -4.35113907E-06 1 6.73532486E-06
vn -4.35113907E-06 1 6.73532486E-06
vn -4.35113907E-06 1 6.73532486E-06
vn 0.766601562 0.412109375 0.492431641
vn 0.766601562 0.412109375 0.492431641
vn 0.76171875 0.424316406 0.489501953
vn 0.76171875 0.424316406 0.489501953
vn 0.349609375 0.909667969 0.224609375
vn 0.349853516 0.909667969 0.224731445
vn -4.53591347E-05 1 -2.83122063E-05
vn 4.66108322E-05 1 3.07559967E-05
vn 4.35113907E-06 1 -6.73532486E-06
vn 4.35113907E-06 1 -6.73532486E-06
vn 4.35113907E-06 1 -6.67572021E-06
vn 4.35113907E-06 1 -6.73532486E-06
vn 4.35113907E-06 1 -6.73532486E-06
vn -0.540039062 0 0.841796875
vn -0.540039062 0 0.841796875
vn -0.540039062 0 0.841796875
vn -0.540039062 0 0.841796875
vn 0.841308594 0 0.540527344
vn 0.841308594 0 0.540527344
vn 0.841308594 0 0.540527344
vn 0.841308594 0 0.540527344
vn 0.540039062 0 -0.841796875
vn 0.540039062 0 -0.841796875
vn 0.540039062 0 -0.841796875
vn 0.540039062 0 -0.841796875
vn -0.841308594 0 -0.540527344
vn -0.841308594 0 -0.540527344
vn -0.841308594 0 -0.540527344
vn -0.841308594 0 -0.540527344
vn -0.766601562 0.412109375 -0.492431641
vn -0.76171875 0.424316406 -0.489501953
vn -0.766601562 0.412109375 -0.492431641
vn -0.76171875 0.424316406 -0.489501953
vn -0.349609375 0.909667969 -0.224609375
vn -0.349609375 0.909667969 -0.224609375
vn 4.66108322E-05 1 3.07559967E-05
vn -4.53591347E-05 1 -2.83122063E-05
vn 0.645507812 -0.359130859 0.673828125
vn 0.669433594 -0.333496094 0.6640625
vn 0.669433594 -0.333496094 0.6640625
vn 0.653808594 -0.350585938 0.670898438
vn 0.0645751953 -0.731445312 0.678710938
vn 0.0909423828 -0.721679688 0.686035156
vn -0.322021484 -0.802734375 0.501953125
vn -0.322021484 -0.802734375 0.501953125
vn -0.643554688 -0.731445312 0.223999023
vn -0.661621094 -0.721679688 0.202880859
vn -0.881347656 -0.359130859 -0.306884766
vn -0.881835938 -0.350585938 -0.315429688
vn -0.881835938 -0.333740234 -0.332763672
vn -0.881835938 -0.333740234 -0.332763672
vn 0.243408203 0.892578125 -0.379394531
vn 0.243408203 0.892578125 -0.379394531
vn 0.243408203 0.892578125 -0.379394531
vn 0.243408203 0.892578125 -0.379394531
vn 0.495117188 0.399414062 -0.771484375
vn 0.495117188 0.399414062 -0.771484375
vn 0.495117188 0.399414062 -0.771484375
vn 0.495117188 0.399414062 -0.771484375
vn 0.495117188 0.399414062 -0.771484375
vn 0.494628906 0.401611328 -0.770996094
vn 0.493896484 0.402587891 -0.770996094
vn 0.494873047 0.403076172 -0.770019531
vn -0.499023438 0.381835938 0.777832031
vn -0.499023438 0.382080078 0.777832031
vn -0.499023438 0.382080078 0.777832031
vn -0.499023438 0.381835938 0.777832031
vn -0.502441406 0.366943359 0.782714844
vn -0.504882812 0.377929688 0.775878906
vn -0.494873047 0.378417969 0.782226562
vn -0.91796875 0.00428390503 0.396240234
vn -0.91796875 0.00428390503 0.396240234
vn -0.980957031 -0.190307617 -0.0407104492
vn -0.944824219 0.00392913818 0.328125
vn -0.794921875 -0.224243164 -0.563476562
vn -0.720703125 -0.126220703 -0.681640625
vn -0.728027344 -0.176513672 -0.662109375
vn -0.657226562 -0.17175293 -0.733886719
vn -0.662109375 -0.0930175781 -0.743652344
vn -0.476318359 -0.195068359 -0.857421875
vn -0.471191406 -0.0940551758 -0.876953125
vn 6.55651093E-07 -0.0932617188 -0.995605469
vn -0.720214844 -0.331787109 -0.608886719
vn -0.613769531 -0.409179688 -0.674804688
vn -0.459960938 -0.505859375 -0.729492188
vn -1.43051147E-06 -0.850097656 -0.526367188
vn -0 -0.209228516 -0.978027344
vn -0.724609375 -0.59765625 -0.343994141
vn -0.705566406 -0.689941406 0.161499023
vn -0.442871094 -0.834472656 -0.328369141
vn -0.525390625 -0.685058594 -0.504882812
vn -0.388183594 -0.850585938 -0.354492188
vn 0.476318359 -0.195068359 -0.857421875
vn 0.471191406 -0.0940551758 -0.876953125
vn 0.662109375 -0.0930175781 -0.743652344
vn -3.15904617E-06 -0.482666016 -0.875976562
vn 0.459960938 -0.505859375 -0.729492188
vn 0.657226562 -0.17175293 -0.733886719
vn 0.720703125 -0.126220703 -0.681640625
vn 0.613769531 -0.409179688 -0.674804688
vn 0.728027344 -0.176513672 -0.662109375
vn 0.525390625 -0.685058594 -0.504882812
vn 0.388183594 -0.850585938 -0.354492188
vn 0.442871094 -0.834472656 -0.328369141
vn 0.980957031 -0.190307617 -0.0407104492
vn 0.794921875 -0.224243164 -0.563476562
vn 0.944824219 0.00392913818 0.328125
vn 0.720214844 -0.331787109 -0.608886719
vn 0.724609375 -0.59765625 -0.343994141
vn 0.705566406 -0.689941406 0.161499023
vn 0.91796875 0.00428390503 0.396240234
vn 0.944824219 0.00392913818 0.328125
vn 0.980957031 -0.190307617 -0.0407104492
vn 0.91796875 0.00428390503 0.396240234
vn -4.76837158E-07 1 -7.15255737E-07
vn -1.78813934E-07 1 -1.90734863E-06
vn -1.78813934E-07 1 -1.90734863E-06
vn -7.74860382E-07 1 2.98023224E-07
vn -6.55651093E-07 1 1.01327896E-06
vn -3.57627869E-07 1 1.78813934E-07
vn -4.17232513E-07 1 -2.08616257E-06
vn -5.96046448E-07 1 -2.14576721E-06
vn -9.53674316E-07 1 -2.2649765E-06
vn -8.94069672E-07 1 -2.20537186E-06
vn -8.94069672E-07 1 -2.20537186E-06
vn -8.34465027E-07 1 -2.14576721E-06
vn -0 1 -1.7285347E-06
vn -0 1 -1.7285347E-06
vn 8.94069672E-07 1 -2.14576721E-06
vn 8.34465027E-07 1 -2.08616257E-06
vn 9.53674316E-07 1 -2.20537186E-06
vn 8.94069672E-07 1 -2.20537186E-06
vn 4.17232513E-07 1 -2.02655792E-06
vn 5.96046448E-07 1 -2.08616257E-06
vn 6.55651093E-07 1 1.07288361E-06
vn 3.57627869E-07 1 2.38418579E-07
vn 4.76837158E-07 1 -7.74860382E-07
vn 7.74860382E-07 1 2.38418579E-07
vn 1.78813934E-07 1 -1.96695328E-06
vn 1.78813934E-07 1 -1.96695328E-06
vn -0.545410156 0 0.838378906
vn -0 0 1
vn -0 0 1
vn -0.545410156 0 0.838378906
vn -0.967773438 0 0.252441406
vn -0.967773438 0 0.252441406
vn -0.849121094 0 -0.528320312
vn -0.849121094 0 -0.528320312
vn -0.708496094 0 -0.705566406
vn -0.708496094 0 -0.705566406
vn -0.66796875 0 -0.744140625
vn -0.66796875 0 -0.744140625
vn -0.500976562 0 -0.865234375
vn -0.500976562 0 -0.865234375
vn -9.53674316E-07 0 -1
vn -9.53674316E-07 0 -1
vn 0.500976562 0 -0.865234375
vn 0.500976562 0 -0.865234375
vn 0.66796875 0 -0.744140625
vn 0.66796875 0 -0.744140625
vn 0.708496094 0 -0.705566406
vn 0.708496094 0 -0.705566406
vn 0.849121094 0 -0.528320312
vn 0.849121094 0 -0.528320312
vn 0.967773438 0 0.252441406
vn 0.967773438 0 0.252441406
vn 0.545410156 0 0.838378906
vn 0.545410156 0 0.838378906
vn -0 0 1
vn -0 0 1
vn -0.547851562 0 0.836425781
vn -0 0 1
vn -0 0 1
vn -0.547851562 0 0.836425781
vn -0.962890625 0 0.269287109
vn -0.962890625 0 0.269287109
vn -0.834960938 0 -0.550292969
vn -0.834960938 0 -0.550292969
vn -0.711914062 0 -0.702148438
vn -0.711914062 0 -0.702148438
vn -0.669433594 0 -0.743164062
vn -0.669433594 0 -0.743164062
vn -0.461914062 0 -0.88671875
vn -0.461914062 0 -0.88671875
vn -0 0 -1
vn -0 0 -1
vn 0.461914062 0 -0.88671875
vn 0.461914062 0 -0.88671875
vn 0.669433594 0 -0.743164062
vn 0.669433594 0 -0.743164062
vn 0.711914062 0 -0.702148438
vn 0.711914062 0 -0.702148438
vn 0.834960938 0 -0.550292969
vn 0.834960938 0 -0.550292969
vn 0.962890625 0 0.269287109
vn 0.962890625 0 0.269287109
vn 0.547851562 0 0.836425781
vn 0.547851562 0 0.836425781
vn -0 0 1
vn -0 0 1
vn -0 -1 0
vn -0 -1 0
vn -0 -1 0
vn -0 -1 0
vn -0 -1 0
vn -0 -1 0
vn -0 -1 0
vn -0 -1 0
vn -0 -1 0
vn -0 -1 0
vn -0 -1 0
vn -0 -1 0
vn -0 -1 0
vn -0 -1 0
vn -0 -1 0
vn -0 -1 0
vn -0 -1 0
vn -0 -1 0
vn -0 -1 0
vn -0 -1 0
vn -0 -1 0
vn -0 -1 0
vn -0 -1 0
vn -0 -1 0
vn -0 -1 0
vn -0 -1 0
vn -0 -1 0
vn -0 -1 0
vn -0 -1 0
vn -0 -1 0
vn -0 0.92578125 0.378662109
vn -0.0932617188 0.978515625 0.183227539
vn 0.0932617188 0.978515625 0.183227539
vn -0 1 0
vn -0 1 0
vn -0 1 0
vn -0 1 0
vn -0 1 0
vn -0 1 0
vn -0 1 0
vn -0 1 0
vn -0 1 0
vn -0 1 0
vn -0 1 0
vn -0 1 0
vn -0 1 0
vn 0.037689209 0.873046875 -0.486328125
vn -0 0.867675781 -0.496826172
vn -0 0.867675781 -0.496826172
vn 0.036315918 0.873046875 -0.486816406
vn 0.441162109 0.878417969 -0.182373047
vn 0.440185547 0.87890625 -0.184814453
vn 0.468994141 0.879882812 0.0760498047
vn 0.467285156 0.880371094 0.081237793
vn 0.333496094 0.893066406 0.302246094
vn 0.332519531 0.893066406 0.303222656
vn 0.293701172 0.904785156 0.308837891
vn 0.294677734 0.904296875 0.309326172
vn 0.271728516 0.911621094 0.309082031
vn 0.274902344 0.911132812 0.307128906
vn 0.0932617188 0.978515625 0.183227539
vn 0.184082031 0.913085938 0.364013672
vn -0 0.907226562 0.420166016
vn -0 0.92578125 0.378662109
vn -0 0.907226562 0.420166016
vn -0.0932617188 0.978515625 0.183227539
vn -0 0.92578125 0.378662109
vn -0.184082031 0.913085938 0.364013672
vn -0.271728516 0.911621094 0.309082031
vn -0.275146484 0.911132812 0.307128906
vn -0.294677734 0.904296875 0.309326172
vn -0.293701172 0.904785156 0.308837891
vn -0.332519531 0.893066406 0.303222656
vn -0.333496094 0.893066406 0.302246094
vn -0.467285156 0.880371094 0.081237793
vn -0.468994141 0.879882812 0.0760498047
vn -0.44140625 0.878417969 -0.182373047
vn -0.440185547 0.87890625 -0.184814453
vn -0.036315918 0.873046875 -0.486816406
vn -0.037689209 0.873046875 -0.486328125
vn -0 0.867675781 -0.496826172
vn -0 0.867675781 -0.496826172
vn -0 1 0
vn -0 1 0
vn -0 1 0
vn -0 1 0
vn -0 0 -1
vn -0 0 -1
vn -0 0 -1
vn -0 0 -1
vn -0 -1 -6.55651093E-07
vn -0 -1 -6.55651093E-07
vn -0 -1 -6.55651093E-07
vn -0 -1 -6.55651093E-07
vn -0 -0.193603516 -0.980957031
vn -0 -0.193603516 -0.980957031
vn -0 -0.193603516 -0.980957031
vn -0 -0.193603516 -0.980957031
vn -0 0 -1
vn -0 0 -1
vn -0 0 -1
vn -0 0 -1
vn -0 -1 -2.8014183E-06
vn -0 -1 -2.8014183E-06
vn -0 -1 -2.8014183E-06
vn -0 -1 -2.8014183E-06
vn -0 1 0
vn -0 1 0
vn -0 1 0
vn -0 1 0
vn -0.178710938 0.944335938 -0.277099609
vn -0.178710938 0.944335938 -0.277099609
vn -0.178710938 0.944335938 -0.277099609
vn -0.178710938 0.944335938 -0.277099609
vn -0.487060547 0.432861328 -0.758789062
vn -0.487060547 0.432861328 -0.758789062
vn -0.487060547 0.432861328 -0.758789062
vn -0.487060547 0.432861328 -0.758789062
vn -0.541015625 0 -0.841308594
vn -0.541015625 0 -0.841308594
vn -0.541015625 0 -0.841308594
vn -0.541015625 0 -0.841308594
vn -1.78813934E-07 -1 1.78813934E-07
vn -1.78813934E-07 -1 1.78813934E-07
vn -1.78813934E-07 -1 1.78813934E-07
vn -1.78813934E-07 -1 1.78813934E-07
vn -0.541015625 0 -0.841308594
vn -0.541015625 0 -0.841308594
vn -0.541015625 0 -0.841308594
vn -0.541015625 0 -0.841308594
vn -2.08616257E-06 -1 -2.2649765E-06
vn -2.08616257E-06 -1 -2.2649765E-06
vn -2.08616257E-06 -1 -2.2649765E-06
vn -2.08616257E-06 -1 -2.2649765E-06
vn -0.532226562 -0.178222656 -0.827636719
vn -0.532226562 -0.178222656 -0.827636719
vn -0.532226562 -0.178222656 -0.827636719
vn -0.532226562 -0.178222656 -0.827636719
vn -0 0.46875 -0.883300781
vn -0 0.46875 -0.883300781
vn -0 0.46875 -0.883300781
vn -0 0.46875 -0.883300781
vn -0 0.952636719 -0.304199219
vn -0 0.952636719 -0.304199219
vn -0 0.952636719 -0.304199219
vn -0 0.952636719 -0.304199219
vn -0 1 0
vn -0 1 0
vn -0 1 0
vn -0 1 0
vn 0.178710938 0.944335938 -0.277099609
vn 0.178710938 0.944335938 -0.277099609
vn 0.178710938 0.944335938 -0.277099609
vn 0.178710938 0.944335938 -0.277099609
vn 0.487060547 0.432861328 -0.758789062
vn 0.487060547 0.432861328 -0.758789062
vn 0.487060547 0.432861328 -0.758789062
vn 0.487060547 0.432861328 -0.758789062
vn 0.541015625 0 -0.841308594
vn 0.541015625 0 -0.841308594
vn 0.541015625 0 -0.841308594
vn 0.541015625 0 -0.841308594
vn 1.78813934E-07 -1 1.78813934E-07
vn 1.78813934E-07 -1 1.78813934E-07
vn 1.78813934E-07 -1 1.78813934E-07
vn 1.78813934E-07 -1 1.78813934E-07
vn 0.541015625 0 -0.841308594
vn 0.541015625 0 -0.841308594
vn 0.541015625 0 -0.841308594
vn 0.541015625 0 -0.841308594
vn 2.08616257E-06 -1 -2.32458115E-06
vn 2.08616257E-06 -1 -2.32458115E-06
vn 2.08616257E-06 -1 -2.32458115E-06
vn 2.08616257E-06 -1 -2.32458115E-06
vn 0.532226562 -0.178222656 -0.827636719
vn 0.532226562 -0.178222656 -0.827636719
vn 0.532226562 -0.178222656 -0.827636719
vn 0.532226562 -0.178222656 -0.827636719
vn -0.182495117 0.94140625 -0.283447266
vn -0.182495117 0.94140625 -0.283447266
vn -0.182495117 0.94140625 -0.283447266
vn -0.182495117 0.94140625 -0.283447266
vn -0.183105469 0.94140625 -0.283203125
vn -0.183105469 0.94140625 -0.283203125
vn -0.183105469 0.94140625 -0.283203125
vn -0.183105469 0.94140625 -0.283203125
vn -0 0.937988281 -0.346435547
vn -0 0.937988281 -0.346435547
vn -0 0.937988281 -0.346435547
vn -0 0.937988281 -0.346435547
vn -0 0.937988281 -0.346191406
vn -0 0.937988281 -0.346191406
vn -0 0.937988281 -0.346191406
vn -0 0.937988281 -0.346191406
vn 0.183105469 0.94140625 -0.283203125
vn 0.183105469 0.94140625 -0.283203125
vn 0.183105469 0.94140625 -0.283203125
vn 0.183105469 0.94140625 -0.283203125
vn 0.182495117 0.94140625 -0.283447266
vn 0.182495117 0.94140625 -0.283447266
vn 0.182495117 0.94140625 -0.283447266
vn 0.182495117 0.94140625 -0.283447266
vn -0.509765625 0.337646484 -0.791503906
vn -0.509765625 0.337646484 -0.791503906
vn -0.509765625 0.337646484 -0.791503906
vn -0.509765625 0.337646484 -0.791503906
vn 0.256591797 0.878417969 0.403564453
vn 0.256591797 0.878417969 0.403564453
vn 0.256591797 0.878417969 0.403564453
vn 0.256591797 0.878417969 0.403564453
vn 2.98023224E-07 0.281738281 -0.959472656
vn 2.98023224E-07 0.281738281 -0.959472656
vn 2.98023224E-07 0.281738281 -0.959472656
vn 2.98023224E-07 0.281738281 -0.959472656
vn -2.38418579E-07 0.876464844 0.481933594
vn -2.38418579E-07 0.876464844 0.481933594
vn -2.38418579E-07 0.876464844 0.481933594
vn -2.38418579E-07 0.876464844 0.481933594
vn -0.256835938 0.877929688 0.403808594
vn -0.256835938 0.877929688 0.403808594
vn -0.256835938 0.877929688 0.403808594
vn -0.256835938 0.877929688 0.403808594
vn 0.509765625 0.337402344 -0.791503906
vn 0.509765625 0.337402344 -0.791503906
vn 0.509765625 0.337402344 -0.791503906
vn 0.509765625 0.337402344 -0.791503906
vn 0.390136719 0.690917969 -0.608886719
vn 0.390136719 0.690917969 -0.608886719
vn 0.390136719 0.690917969 -0.608886719
vn 0.390136719 0.690917969 -0.608886719
vn -0.390136719 0.690917969 0.608886719
vn -0.390136719 0.690917969 0.608886719
vn -0.390136719 0.690917969 0.608886719
vn -0.390136719 0.690917969 0.608886719
vn -0.390136719 0.690917969 -0.608886719
vn -0.390136719 0.690917969 -0.608886719
vn -0.390136719 0.690917969 -0.608886719
vn -0.390136719 0.690917969 -0.608886719
vn 0.390136719 0.690917969 0.608886719
vn 0.390136719 0.690917969 0.608886719
vn 0.390136719 0.690917969 0.608886719
vn 0.390136719 0.690917969 0.608886719
vn 0.539550781 0 0.841796875
vn 0.539550781 0 0.841796875
vn 0.539550781 0 0.841796875
vn 0.539550781 0 0.841796875
vn -0 1 0
vn -0 1 0
vn -0 1 0
vn -0 1 0
vn -0.539550781 0 -0.841796875
vn -0.539550781 0 -0.841796875
vn -0.539550781 0 -0.841796875
vn -0.539550781 0 -0.841796875
vn -0.539550781 0 0.841796875
vn -0.539550781 0 0.841796875
vn -0.539550781 0 0.841796875
vn -0.539550781 0 0.841796875
vn 0.539550781 0 -0.841796875
vn 0.539550781 0 -0.841796875
vn 0.539550781 0 -0.841796875
vn 0.539550781 0 -0.841796875
vn -0 1 0
vn -0 1 0
vn -0 1 0
vn -0 1 0
vn -0 1 0
vn -0 1 0
vn -0 1 0
vn -0 1 0
vn 0.540039062 0 0.841796875
vn 0.540039062 0 0.841796875
vn 0.540039062 0 0.841796875
vn 0.540039062 0 0.841796875
vn -0.540039062 0 -0.841796875
vn -0.540039062 0 -0.841796875
vn -0.540039062 0 -0.841796875
vn -0.540039062 0 -0.841796875
vn 0.841308594 0 -0.540527344
vn 0.841308594 3.33786011E-06 -0.540527344
vn 0.841308594 0 -0.540527344
vn 0.841308594 3.33786011E-06 -0.540527344
vn 0.841308594 9.25064087E-05 -0.540527344
vn 0.841308594 9.25064087E-05 -0.540527344
vn -0.841308594 -8.46385956E-06 0.540527344
vn -0.841308594 -6.25252724E-05 0.540527344
vn -0.841308594 -6.25252724E-05 0.540527344
vn -0.841308594 -9.05990601E-06 0.540527344
vn -0.841308594 -7.15255737E-06 0.540527344
vn -0.841308594 -7.15255737E-06 0.540527344
vn -0.841308594 -7.15255737E-06 0.540527344
vn 0.390380859 0.690917969 0.608398438
vn 0.390380859 0.690917969 0.608398438
vn 0.390380859 0.690917969 0.608398438
vn 0.390380859 0.690917969 0.608398438
vn -0.390380859 0.690917969 -0.608398438
vn -0.390380859 0.690917969 -0.608398438
vn -0.390380859 0.690917969 -0.608398438
vn -0.390380859 0.690917969 -0.608398438
vn -0.390380859 0.690917969 -0.608398438
vn -0 1 0
vn -0 1 0
vn -0 1 0
vn -0 1 0
vn -0.540039062 0 0.841796875
vn -0.540039062 0 0.841796875
vn -0.540039062 0 0.841796875
vn -0.540039062 0 0.841796875
vn 0.540039062 0 -0.841796875
vn 0.540039062 0 -0.841796875
vn 0.540039062 0 -0.841796875
vn 0.540039062 0 -0.841796875
vn -0.841308594 0 -0.540527344
vn -0.841308594 0 -0.540527344
vn -0.841308594 4.11272049E-06 -0.540527344
vn -0.841308594 4.11272049E-06 -0.540527344
vn -0.841308594 0.000113844872 -0.540527344
vn -0.841308594 0.000113844872 -0.540527344
vn 0.841308594 0 0.540527344
vn 0.841308594 0 0.540527344
vn 0.841308594 0 0.540527344
vn 0.841308594 0 0.540527344
vn 0.841308594 0 0.540527344
vn 0.841308594 0 0.540527344
vn 0.841308594 0 0.540527344
vn -0.390380859 0.690917969 0.608398438
vn -0.390380859 0.690917969 0.608398438
vn -0.390380859 0.690917969 0.608398438
vn -0.390380859 0.690917969 0.608398438
vn 0.390380859 0.690917969 -0.608398438
vn 0.390380859 0.690917969 -0.608398438
vn 0.390380859 0.690917969 -0.608398438
vn 0.390380859 0.690917969 -0.608398438
vn 0.390380859 0.690917969 -0.608398438
vn -0.540039062 0 -0.841796875
vn -0.540039062 0 -0.841796875
vn -0.540039062 0 -0.841796875
vn -0.540039062 0 -0.841796875
vn 0.841308594 -2.2649765E-06 -0.540527344
vn 0.841308594 -2.2649765E-06 -0.540527344
vn 0.841308594 -2.2649765E-06 -0.540527344
vn 0.841308594 -2.2649765E-06 -0.540527344
vn -1.78813934E-07 -1 -5.96046448E-07
vn -1.78813934E-07 -1 -5.96046448E-07
vn -1.78813934E-07 -1 -5.96046448E-07
vn -1.78813934E-07 -1 -5.96046448E-07
vn -0.841308594 -4.529953E-06 0.540527344
vn -0.841308594 -4.529953E-06 0.540527344
vn -0.841308594 -4.529953E-06 0.540527344
vn -0.841308594 -4.529953E-06 0.540527344
vn -0.202636719 0 0.979492188
vn -0.202636719 0 0.979492188
vn -0.202636719 0 0.979492188
vn -0.202636719 0 0.979492188
vn 0.974609375 0 0.223388672
vn 0.974609375 0 0.223388672
vn 0.974609375 0 0.223388672
vn 0.974609375 0 0.223388672
vn 0.540039062 0 0.841796875
vn 0.873046875 0 0.487304688
vn 0.873046875 0 0.487304688
vn 0.540039062 0 0.841796875
vn 0.0791625977 0 0.997070312
vn 0.0791625977 0 0.997070312
vn -0 1 0
vn -0 1 5.36441803E-07
vn -0 1 0
vn -0 1 0
vn -0 1 0
vn -0.202636719 0 0.979492188
vn -0.202636719 0 0.979492188
vn -0.202636719 0 0.979492188
vn -0.202636719 0 0.979492188
vn 0.974609375 0 0.223388672
vn 0.974609375 0 0.223388672
vn 0.974609375 0 0.223388672
vn 0.974609375 0 0.223388672
vn 0.540039062 0 0.841796875
vn 0.873046875 0 0.487304688
vn 0.873046875 0 0.487304688
vn 0.540039062 0 0.841796875
vn 0.0791625977 0 0.997070312
vn 0.0791625977 0 0.997070312
vn -0 1 0
vn -0 1 5.36441803E-07
vn -0 1 0
vn -0 1 0
vn -0 1 0
vn -0.540039062 0 -0.841796875
vn -0.540039062 0 -0.841796875
vn -0.540039062 0 -0.841796875
vn -0.540039062 0 -0.841796875
vn 0.841308594 4.529953E-06 -0.540527344
vn 0.841308594 4.529953E-06 -0.540527344
vn 0.841308594 4.529953E-06 -0.540527344
vn 0.841308594 4.529953E-06 -0.540527344
vn -1.78813934E-07 -1 -5.96046448E-07
vn -1.78813934E-07 -1 -5.96046448E-07
vn -1.78813934E-07 -1 -5.96046448E-07
vn -1.78813934E-07 -1 -5.96046448E-07
vn -0.841308594 0 0.540527344
vn -0.841308594 0 0.540527344
vn -0.841308594 0 0.540527344
vn -0.841308594 0 0.540527344
vn -0 1 0
vn -0 1 0
vn -0 1 0
vn -0 1 0
vn 0.540039062 0 0.841796875
vn 0.540039062 0 0.841796875
vn 0.540039062 0 0.841796875
vn 0.540039062 0 0.841796875
vn -0.540039062 0 -0.841796875
vn -0.540039062 0 -0.841796875
vn -0.540039062 0 -0.841796875
vn -0.540039062 0 -0.841796875
vn 0.841308594 4.35113907E-06 -0.540527344
vn 0.841308594 0.000120997429 -0.540527344
vn 0.841308594 0.000120997429 -0.540527344
vn 0.841308594 4.35113907E-06 -0.540527344
vn 0.841308594 0 -0.540527344
vn 0.841308594 0 -0.540527344
vn -0.841308594 1.01327896E-06 0.540527344
vn -0.841308594 2.84910202E-05 0.540527344
vn -0.841308594 2.84910202E-05 0.540527344
vn -0.841308594 1.01327896E-06 0.540527344
vn -0.841308594 0 0.540527344
vn -0.841308594 0 0.540527344
vn 0.390380859 0.690917969 0.608398438
vn 0.390380859 0.690917969 0.608398438
vn 0.390380859 0.690917969 0.608398438
vn 0.390380859 0.690917969 0.608398438
vn -0.390380859 0.690917969 -0.608398438
vn -0.390380859 0.690917969 -0.608398438
vn -0.390380859 0.690917969 -0.608398438
vn -0.390380859 0.690917969 -0.608398438
vn -0.540039062 -5.06639481E-06 -0.841796875
vn -0.540039062 -5.06639481E-06 -0.841796875
vn -0.540039062 -5.06639481E-06 -0.841796875
vn -0.540039062 -5.06639481E-06 -0.841796875
vn -0.540039062 -8.04662704E-06 -0.841796875
vn -0.540039062 0 -0.841796875
vn -0.540039062 -1.13844872E-05 -0.841796875
vn -0.540039062 0 -0.841796875
vn -0.540039062 -8.49366188E-05 -0.841796875
vn -0.540039062 0.000159859657 -0.841796875
vn -0.540039062 -1.18017197E-05 -0.841796875
vn -0.540039062 0.000159859657 -0.841796875
vn -0.540039062 0.000159859657 -0.841796875
vn -0.684570312 -0.581542969 0.439697266
vn -0.684570312 -0.581542969 0.439697266
vn -0.684570312 -0.581542969 0.439697266
vn -0.684570312 -0.581542969 0.439697266
vn 0.253417969 -0.953613281 -0.162719727
vn 0.253417969 -0.953613281 -0.162719727
vn 0.253417969 -0.953613281 -0.162719727
vn 0.253417969 -0.953613281 -0.162719727
vn -0.253417969 -0.953613281 0.162719727
vn -0.253417969 -0.953613281 0.162719727
vn -0.253417969 -0.953613281 0.162719727
vn -0.253417969 -0.953613281 0.162719727
vn 0.687988281 -0.575683594 -0.441894531
vn 0.687988281 -0.575683594 -0.441894531
vn 0.687988281 -0.575683594 -0.441894531
vn 0.687988281 -0.575683594 -0.441894531
vn -0.534667969 -0.771972656 0.343505859
vn -0.534667969 -0.771972656 0.343505859
vn -0.534667969 -0.771972656 0.343505859
vn -0.534667969 -0.771972656 0.343505859
vn -0.841308594 0 0.540527344
vn -0.841308594 0 0.540527344
vn -0.841308594 0 0.540527344
vn -0.841308594 0 0.540527344
vn 0.841308594 -8.34465027E-07 -0.540527344
vn 0.841308594 -8.34465027E-07 -0.540527344
vn 0.841308594 -8.34465027E-07 -0.540527344
vn 0.841308594 -8.34465027E-07 -0.540527344
vn 0.53515625 -0.771484375 -0.34375
vn 0.53515625 -0.771484375 -0.34375
vn 0.53515625 -0.771484375 -0.34375
vn 0.53515625 -0.771484375 -0.34375
vn -0.540039062 -7.4505806E-06 -0.841796875
vn -0.540039062 7.51018524E-06 -0.841796875
vn -0.540039062 7.51018524E-06 -0.841796875
vn -0.540039062 -1.16229057E-05 -0.841796875
vn -0.540039062 -6.73532486E-06 -0.841796875
vn -0.540039062 -6.31809235E-06 -0.841796875
vn -0.540039062 4.23192978E-06 -0.841796875
vn -0.540039062 2.86102295E-06 -0.841796875
vn -0.540039062 1.95503235E-05 -0.841796875
vn -0.540039062 1.95503235E-05 -0.841796875
vn -0.540039062 7.51018524E-06 -0.841796875
vn -0.540039062 7.51018524E-06 -0.841796875
vn -0.540039062 3.57627869E-06 -0.841796875
vn -0.540039062 3.39746475E-06 -0.841796875
vn -0.540039062 4.76837158E-07 -0.841796875
vn -0.540039062 6.55651093E-07 -0.841796875
vn -0.540039062 -1.66893005E-06 -0.841796875
vn -0.540039062 -1.54972076E-06 -0.841796875
vn -0.540039062 0 -0.841796875
vn -0.540039062 0 -0.841796875
vn -0.690429688 0.571777344 0.443359375
vn -0.690429688 0.571777344 0.443359375
vn -0.625976562 0.66796875 0.402099609
vn -0.625976562 0.66796875 0.402099609
vn -0.515136719 0.790527344 0.330810547
vn -0.515136719 0.790527344 0.330810547
vn -0.376708984 0.894042969 0.241943359
vn -0.376708984 0.894042969 0.241943359
vn 0.376708984 0.894042969 -0.241943359
vn 0.376708984 0.894042969 -0.241943359
vn 0.514160156 0.791503906 -0.330322266
vn 0.514160156 0.791503906 -0.330322266
vn 0.625976562 0.66796875 -0.402099609
vn 0.625976562 0.66796875 -0.402099609
vn 0.686035156 0.578613281 -0.440673828
vn 0.686035156 0.578613281 -0.440673828
vn 0.841308594 0 -0.540527344
vn 0.841308594 0 -0.540527344
vn 0.841308594 0 -0.540527344
vn 0.841308594 0 -0.540527344
vn -0.841308594 3.02791595E-05 0.540527344
vn -0.841308594 3.02791595E-05 0.540527344
vn -0.841308594 3.02791595E-05 0.540527344
vn -0.841308594 3.02791595E-05 0.540527344
vn -0.540039062 0 -0.841796875
vn -0.540039062 0 -0.841796875
vn -0.540039062 0 -0.841796875
vn -0.540039062 0 -0.841796875
vn 0.503417969 0.801269531 -0.323486328
vn 0.503417969 0.801269531 -0.323486328
vn 0.503417969 0.801269531 -0.323486328
vn 0.503417969 0.801269531 -0.323486328
vn 0.633789062 -0.657714844 -0.406982422
vn 0.633789062 -0.657714844 -0.406982422
vn 0.633789062 -0.657714844 -0.406982422
vn 0.633789062 -0.657714844 -0.406982422
vn -0.616210938 -0.681152344 0.395751953
vn -0.616210938 -0.681152344 0.395751953
vn -0.616210938 -0.681152344 0.395751953
vn -0.616210938 -0.681152344 0.395751953
vn -0.509765625 0.795410156 0.327636719
vn -0.509765625 0.795410156 0.327636719
vn -0.509765625 0.795410156 0.327636719
vn -0.509765625 0.795410156 0.327636719
vn -0.530761719 -0.178222656 -0.828613281
vn -0.530761719 -0.178222656 -0.828613281
vn -0.530761719 -0.178222656 -0.828613281
vn -0.530761719 -0.178222656 -0.828613281
vn -0 -1 0
vn -0 -1 0
vn -0 -1 0
vn -0 -1 0
vn -0.539550781 0 -0.841796875
vn -0.539550781 0 -0.841796875
vn -0.539550781 0 -0.841796875
vn -0.539550781 0 -0.841796875
vn 2.98023224E-07 -1 2.38418579E-07
vn 2.98023224E-07 -1 2.38418579E-07
vn 2.98023224E-07 -1 2.38418579E-07
vn 2.98023224E-07 -1 2.38418579E-07
vn -0.539550781 0 -0.841796875
vn -0.539550781 0 -0.841796875
vn -0.539550781 0 -0.841796875
vn -0.539550781 0 -0.841796875
vn -0.182739258 0.940917969 -0.28515625
vn -0.182739258 0.940917969 -0.28515625
vn -0.182739258 0.940917969 -0.28515625
vn -0.182739258 0.940917969 -0.28515625
vn -0 1 1.78813934E-07
vn -0 1 1.78813934E-07
vn -0 1 1.78813934E-07
vn -0 1 1.78813934E-07
vn -0.491699219 0.411865234 -0.767089844
vn -0.491699219 0.411865234 -0.767089844
vn -0.491699219 0.411865234 -0.767089844
vn -0.491699219 0.411865234 -0.767089844
vn -0.176879883 0.944824219 -0.275878906
vn -0.176879883 0.944824219 -0.275878906
vn -0.176879883 0.944824219 -0.275878906
vn -0.176879883 0.944824219 -0.275878906
vn -0.176757812 0.944824219 -0.275878906
vn -0.176757812 0.944824219 -0.275878906
vn -0.176757812 0.944824219 -0.275878906
vn -0.176757812 0.944824219 -0.275878906
vn 0.260009766 0.876464844 0.405761719
vn 0.260009766 0.876464844 0.405761719
vn 0.260009766 0.876464844 0.405761719
vn 0.260009766 0.876464844 0.405761719
vn -0.5078125 0.338623047 -0.791992188
vn -0.5078125 0.338623047 -0.791992188
vn -0.5078125 0.338623047 -0.791992188
vn -0.5078125 0.338623047 -0.791992188
vn 0.390136719 0.690917969 0.608886719
vn 0.390136719 0.690917969 0.608886719
vn 0.390136719 0.690917969 0.608886719
vn 0.390136719 0.690917969 0.608886719
vn -0.390136719 0.690429688 -0.608886719
vn -0.390136719 0.690429688 -0.608886719
vn -0.390136719 0.690429688 -0.608886719
vn -0.390136719 0.690429688 -0.608886719
vn -0.539550781 0 -0.841796875
vn -0.539550781 0 -0.841796875
vn -0.539550781 0 -0.841796875
vn -0.539550781 0 -0.841796875
vn -0 1 0
vn -0 1 0
vn -0 1 0
vn -0 1 0
vn 0.539550781 -1.25169754E-06 0.841796875
vn 0.539550781 -1.25169754E-06 0.841796875
vn 0.539550781 -1.25169754E-06 0.841796875
vn 0.539550781 -1.25169754E-06 0.841796875
vn -0 1 0
vn -0 1 0
vn -0 1 0
vn -0 1 0
vn 0.540039062 0 0.841796875
vn 0.540039062 0 0.841796875
vn 0.540039062 0 0.841796875
vn 0.540039062 0 0.841796875
vn -0.540039062 0 -0.841796875
vn -0.540039062 0 -0.841796875
vn -0.540039062 0 -0.841796875
vn -0.540039062 0 -0.841796875
vn 0.841308594 0 -0.540527344
vn 0.841308594 -7.74860382E-07 -0.540527344
vn 0.841308594 0 -0.540527344
vn 0.841308594 -7.74860382E-07 -0.540527344
vn 0.841308594 -2.13384628E-05 -0.540527344
vn 0.841308594 -2.13384628E-05 -0.540527344
vn -0.841308594 2.38418579E-07 0.540527344
vn -0.841308594 -7.36117363E-05 0.540527344
vn -0.841308594 -7.36117363E-05 0.540527344
vn -0.841308594 -5.96046448E-07 0.540527344
vn -0.841308594 2.02655792E-06 0.540527344
vn -0.841308594 2.02655792E-06 0.540527344
vn -0.841308594 2.02655792E-06 0.540527344
vn 0.390380859 0.690917969 0.608398438
vn 0.390380859 0.690917969 0.608398438
vn 0.390380859 0.690917969 0.608398438
vn 0.390380859 0.690917969 0.608398438
vn -0.390380859 0.690917969 -0.608398438
vn -0.390380859 0.690917969 -0.608398438
vn -0.390380859 0.690917969 -0.608398438
vn -0.390380859 0.690917969 -0.608398438
vn -0.390380859 0.690917969 -0.608398438
vn -0 1 0
vn -0 1 0
vn -0 1 0
vn -0 1 0
vn 0.540039062 0 0.841796875
vn 0.540039062 0 0.841796875
vn 0.540039062 0 0.841796875
vn 0.540039062 0 0.841796875
vn -0.540039062 0 -0.841796875
vn -0.540039062 0 -0.841796875
vn -0.540039062 0 -0.841796875
vn -0.540039062 0 -0.841796875
vn 0.841308594 -2.02655792E-06 -0.540527344
vn 0.841308594 -5.69224358E-05 -0.540527344
vn 0.841308594 -5.69224358E-05 -0.540527344
vn 0.841308594 -2.02655792E-06 -0.540527344
vn 0.841308594 0 -0.540527344
vn 0.841308594 0 -0.540527344
vn -0.841308594 2.32458115E-06 0.540527344
vn -0.841308594 6.40749931E-05 0.540527344
vn -0.841308594 6.40749931E-05 0.540527344
vn -0.841308594 2.32458115E-06 0.540527344
vn -0.841308594 0 0.540527344
vn -0.841308594 0 0.540527344
vn 0.390380859 0.690917969 0.608398438
vn 0.390380859 0.690917969 0.608398438
vn 0.390380859 0.690917969 0.608398438
vn 0.390380859 0.690917969 0.608398438
vn -0.390380859 0.690917969 -0.608398438
vn -0.390380859 0.690917969 -0.608398438
vn -0.390380859 0.690917969 -0.608398438
vn -0.390380859 0.690917969 -0.608398438
vn -0 1 0
vn -0 1 0
vn -0 1 0
vn -0 1 0
vn 0.540039062 0 0.841796875
vn 0.540039062 0 0.841796875
vn 0.540039062 0 0.841796875
vn 0.540039062 0 0.841796875
vn -0.540039062 0 -0.841796875
vn -0.540039062 0 -0.841796875
vn -0.540039062 0 -0.841796875
vn -0.540039062 0 -0.841796875
vn 0.841308594 0 -0.540527344
vn 0.841308594 4.11272049E-06 -0.540527344
vn 0.841308594 0 -0.540527344
vn 0.841308594 4.11272049E-06 -0.540527344
vn 0.841308594 0.000113844872 -0.540527344
vn 0.841308594 0.000113844872 -0.540527344
vn -0.841308594 -2.8014183E-06 0.540527344
vn -0.841308594 1.47223473E-05 0.540527344
vn -0.841308594 1.47223473E-05 0.540527344
vn -0.841308594 -2.62260437E-06 0.540527344
vn -0.841308594 -3.21865082E-06 0.540527344
vn -0.841308594 -3.21865082E-06 0.540527344
vn -0.841308594 -3.21865082E-06 0.540527344
vn 0.390380859 0.690917969 0.608398438
vn 0.390380859 0.690917969 0.608398438
vn 0.390380859 0.690917969 0.608398438
vn 0.390380859 0.690917969 0.608398438
vn -0.390380859 0.690917969 -0.608398438
vn -0.390380859 0.690917969 -0.608398438
vn -0.390380859 0.690917969 -0.608398438
vn -0.390380859 0.690917969 -0.608398438
vn -0.390380859 0.690917969 -0.608398438
vn 0.436035156 1.25169754E-06 0.899902344
vn 0.436035156 3.65376472E-05 0.899902344
vn 0.436035156 3.65376472E-05 0.899902344
vn 0.436035156 1.25169754E-06 0.899902344
vn 0.436035156 0 0.899902344
vn 0.436035156 0 0.899902344
vn 1 0 0
vn 1 0 0
vn 1 0 0
vn 1 0 0
vn -0 1 0
vn -0 1 0
vn -0 1 0
vn -0 1 0
vn -1 0 0
vn -1 0 0
vn -1 0 0
vn -1 0 0
vn 0.436035156 -3.69548798E-06 -0.899902344
vn 0.436035156 -0.000109672546 -0.899902344
vn 0.436035156 -0.000109672546 -0.899902344
vn 0.436035156 -3.69548798E-06 -0.899902344
vn 0.436035156 0 -0.899902344
vn 0.436035156 0 -0.899902344
vn 0.72265625 0.690917969 0
vn 0.72265625 0.690917969 0
vn 0.72265625 0.690917969 0
vn 0.72265625 0.690917969 0
vn -0.72265625 0.69140625 0
vn -0.72265625 0.69140625 0
vn -0.72265625 0.69140625 0
vn -0.72265625 0.69140625 0
vn 6.49690628E-06 1 -4.11272049E-06
vn 6.49690628E-06 1 -4.11272049E-06
vn 6.49690628E-06 1 -4.11272049E-06
vn 6.49690628E-06 1 -4.11272049E-06
vn -6.49690628E-06 1 4.11272049E-06
vn -6.49690628E-06 1 4.11272049E-06
vn -6.49690628E-06 1 4.11272049E-06
vn -6.49690628E-06 1 4.11272049E-06
vn 4.35113907E-06 1 6.73532486E-06
vn 4.35113907E-06 1 6.73532486E-06
vn 4.35113907E-06 1 6.73532486E-06
vn 4.35113907E-06 1 6.73532486E-06
vn 0.766601562 0.412109375 -0.492431641
vn 0.766601562 0.412109375 -0.492431641
vn 0.76171875 0.424316406 -0.489501953
vn 0.76171875 0.424316406 -0.489501953
vn 0.349609375 0.909667969 -0.224609375
vn 0.349609375 0.909667969 -0.224609375
vn 5.22136688E-05 1 -3.23653221E-05
vn -4.14252281E-05 1 2.78353691E-05
vn -4.35113907E-06 1 -6.73532486E-06
vn -4.35113907E-06 1 -6.67572021E-06
vn -4.35113907E-06 1 -6.73532486E-06
vn -4.35113907E-06 1 -6.73532486E-06
vn -4.35113907E-06 1 -6.73532486E-06
vn 0.540039062 0 0.841796875
vn 0.540039062 0 0.841796875
vn 0.540039062 0 0.841796875
vn 0.540039062 0 0.841796875
vn 0.841308594 0 -0.540527344
vn 0.841308594 0 -0.540527344
vn 0.841308594 0 -0.540527344
vn 0.841308594 0 -0.540527344
vn -0.540039062 0 -0.841796875
vn -0.540039062 0 -0.841796875
vn -0.540039062 0 -0.841796875
vn -0.540039062 0 -0.841796875
vn -0.841308594 0 0.540527344
vn -0.841308594 0 0.540527344
vn -0.841308594 0 0.540527344
vn -0.841308594 0 0.540527344
vn -0.766601562 0.412109375 0.492431641
vn -0.76171875 0.424316406 0.489501953
vn -0.766601562 0.412109375 0.492431641
vn -0.76171875 0.424316406 0.489501953
vn -0.349853516 0.909667969 0.224731445
vn -0.349609375 0.909667969 0.224609375
vn -4.14252281E-05 1 2.78353691E-05
vn 5.22136688E-05 1 -3.23653221E-05
vn 0.881347656 -0.359130859 -0.306884766
vn 0.882324219 -0.333496094 -0.332519531
vn 0.882324219 -0.333496094 -0.332519531
vn 0.881835938 -0.350585938 -0.315429688
vn 0.643554688 -0.731445312 0.224121094
vn 0.661621094 -0.721679688 0.20300293
vn 0.322021484 -0.802734375 0.501953125
vn 0.322021484 -0.802734375 0.501953125
vn -0.0645141602 -0.731445312 0.678710938
vn -0.0909423828 -0.721679688 0.686035156
vn -0.645507812 -0.359130859 0.673828125
vn -0.653808594 -0.350585938 0.670898438
vn -0.669433594 -0.333496094 0.6640625
vn -0.669433594 -0.333496094 0.6640625
vn -0.243408203 0.892578125 -0.379394531
vn -0.243408203 0.892578125 -0.379394531
vn -0.243408203 0.892578125 -0.379394531
vn -0.243408203 0.892578125 -0.379394531
vn -0.495117188 0.399414062 -0.771484375
vn -0.495117188 0.399414062 -0.771484375
vn -0.495117188 0.399414062 -0.771484375
vn -0.495117188 0.399414062 -0.771484375
vn -0.495117188 0.399414062 -0.771484375
vn -0.494628906 0.401367188 -0.770996094
vn -0.494873047 0.402587891 -0.770019531
vn -0.493896484 0.40234375 -0.770996094
vn 0.499023438 0.381835938 0.777832031
vn 0.499023438 0.382080078 0.777832031
vn 0.499023438 0.382080078 0.777832031
vn 0.499023438 0.381835938 0.777832031
vn 0.502441406 0.3671875 0.782714844
vn 0.494628906 0.378417969 0.782226562
vn 0.504882812 0.378173828 0.775878906
vn -0.999511719 -0.0275268555 0.00396728516
vn -0.999511719 -0.0225067139 0.00473403931
vn -0.999511719 -0.0286254883 -7.74860382E-07
vn -0.999511719 -0.0257568359 0.00156593323
vn -0.999511719 -0.0311737061 -0.0030708313
vn -0.999511719 -0.0308532715 0.00369262695
vn -0.999511719 -0.0297241211 0
vn -0.999511719 -0.0308532715 -0.00369262695
vn -0.999511719 -0.0311737061 0.0030708313
vn -0.999511719 -0.0257415771 -0.00156879425
vn -0.999511719 -0.0225067139 -0.004737854
vn -0.999511719 -0.027557373 -0.00396728516
vn -1 4.11272049E-06 0
vn -1 0 0
vn -1 -8.58306885E-06 0
vn -1 6.85453415E-06 0
vn -1 -7.80820847E-06 0
vn -1 -1.12056732E-05 0
vn -1 0 0
vn -1 0 0
vn -1 4.65512276E-05 0
vn -1 7.22408295E-05 0
vn -1 2.98023224E-07 0
vn -1 0 0
vn -1 -7.74860382E-07 0
vn -1 -1.49011612E-06 0
vn -1 -3.27825546E-06 0
vn -1 -3.27825546E-06 0
vn -1.29342079E-05 0.0106887817 1
vn -1.37090683E-06 -0.184082031 0.982910156
vn -1.29342079E-05 0.0106887817 1
vn -1.37090683E-06 -0.184082031 0.982910156
vn 2.84314156E-05 -0.590332031 0.807128906
vn 2.84314156E-05 -0.590332031 0.807128906
vn 3.48091125E-05 -0.717285156 0.696777344
vn 3.48091125E-05 -0.717285156 0.696777344
vn 3.55243683E-05 -0.791992188 0.610351562
vn 3.55243683E-05 -0.791992188 0.610351562
vn 5.13195992E-05 -1 2.98023224E-06
vn 5.13195992E-05 -1 -3.03983688E-06
vn 1.71661377E-05 -0.184082031 -0.982910156
vn 6.19888306E-06 0.0106887817 -1
vn 6.19888306E-06 0.0106887817 -1
vn 1.71661377E-05 -0.184082031 -0.982910156
vn 3.74913216E-05 -0.5859375 -0.810546875
vn 3.74913216E-05 -0.5859375 -0.810546875
vn 4.30345535E-05 -0.717285156 -0.696777344
vn 4.30345535E-05 -0.717285156 -0.696777344
vn 4.61935997E-05 -0.790039062 -0.61328125
vn 4.61935997E-05 -0.790039062 -0.61328125
vn 5.13195992E-05 -1 -3.03983688E-06
vn 5.13195992E-05 -1 2.98023224E-06
vn -0.880371094 -0.141845703 0.453125
vn -0.859375 -0.108703613 0.499267578
vn -0.859375 -0.108703613 0.499267578
vn -0.87890625 -0.139770508 0.455810547
vn -0.887695312 -0.187988281 0.419921875
vn -0.887695312 -0.188110352 0.419921875
vn -0.88671875 -0.268066406 0.376953125
vn -0.886230469 -0.277587891 0.370849609
vn -0.881835938 -0.332275391 0.334472656
vn -0.859375 -0.108703613 -0.499267578
vn -0.880371094 -0.141845703 -0.452880859
vn -0.859375 -0.108703613 -0.499267578
vn -0.87890625 -0.139770508 -0.455810547
vn -0.887695312 -0.188110352 -0.419921875
vn -0.887695312 -0.187988281 -0.419921875
vn -0.88671875 -0.268066406 -0.376953125
vn -0.886230469 -0.277587891 -0.370849609
vn -0.881835938 -0.332275391 -0.334472656
vn 6.49690628E-06 1 4.11272049E-06
vn 6.49690628E-06 1 4.11272049E-06
vn 6.49690628E-06 1 4.11272049E-06
vn 6.49690628E-06 1 4.11272049E-06
vn -6.49690628E-06 1 -4.11272049E-06
vn -6.49690628E-06 1 -4.11272049E-06
vn -6.49690628E-06 1 -4.11272049E-06
vn -6.49690628E-06 1 -4.11272049E-06
vn 4.35113907E-06 1 -6.73532486E-06
vn 4.35113907E-06 1 -6.73532486E-06
vn 4.35113907E-06 1 -6.73532486E-06
vn 4.35113907E-06 1 -6.73532486E-06
vn 0.766601562 0.412109375 0.492431641
vn 0.76171875 0.424316406 0.489501953
vn 0.766601562 0.412109375 0.492431641
vn 0.76171875 0.424316406 0.489501953
vn 0.349609375 0.909667969 0.224609375
vn 0.349853516 0.909667969 0.224731445
vn 4.8160553E-05 1 3.0040741E-05
vn -4.40478325E-05 1 -2.92062759E-05
vn -4.35113907E-06 1 6.73532486E-06
vn -4.35113907E-06 1 6.7949295E-06
vn -4.35113907E-06 1 6.73532486E-06
vn -4.35113907E-06 1 6.73532486E-06
vn -4.35113907E-06 1 6.73532486E-06
vn 0.540039062 0 -0.841796875
vn 0.540039062 0 -0.841796875
vn 0.540039062 0 -0.841796875
vn 0.540039062 0 -0.841796875
vn 0.841308594 0 0.540527344
vn 0.841308594 0 0.540527344
vn 0.841308594 0 0.540527344
vn 0.841308594 0 0.540527344
vn -0.540039062 0 0.841796875
vn -0.540039062 0 0.841796875
vn -0.540039062 0 0.841796875
vn -0.540039062 0 0.841796875
vn -0.841308594 0 -0.540527344
vn -0.841308594 0 -0.540527344
vn -0.841308594 0 -0.540527344
vn -0.841308594 0 -0.540527344
vn -0.766601562 0.412109375 -0.492431641
vn -0.766601562 0.412109375 -0.492431641
vn -0.76171875 0.424316406 -0.489501953
vn -0.76171875 0.424316406 -0.489501953
vn -0.349853516 0.909667969 -0.224731445
vn -0.349609375 0.909667969 -0.224609375
vn -4.40478325E-05 1 -2.92062759E-05
vn 4.8160553E-05 1 3.0040741E-05
vn 0.881347656 -0.359130859 0.306884766
vn 0.882324219 -0.333496094 0.332519531
vn 0.882324219 -0.333496094 0.332519531
vn 0.881835938 -0.350585938 0.315429688
vn 0.643554688 -0.731445312 -0.224121094
vn 0.661621094 -0.721679688 -0.20300293
vn 0.322021484 -0.802734375 -0.501953125
vn 0.322021484 -0.802734375 -0.501953125
vn -0.0645141602 -0.731445312 -0.678710938
vn -0.0909423828 -0.721679688 -0.686035156
vn -0.645507812 -0.359130859 -0.673828125
vn -0.653808594 -0.350585938 -0.670898438
vn -0.669433594 -0.333496094 -0.6640625
vn -0.669433594 -0.333496094 -0.6640625
vn -0.243408203 0.892578125 0.379394531
vn -0.243408203 0.892578125 0.379394531
vn -0.243408203 0.892578125 0.379394531
vn -0.243408203 0.892578125 0.379394531
vn -0.495117188 0.399414062 0.771484375
vn -0.495117188 0.399414062 0.771484375
vn -0.495117188 0.399414062 0.771484375
vn -0.495117188 0.399414062 0.771484375
vn -0.495117188 0.399414062 0.771484375
vn -0.494628906 0.401367188 0.770996094
vn -0.494873047 0.402587891 0.770019531
vn -0.493652344 0.402832031 0.770507812
vn 0.499023438 0.381835938 -0.777832031
vn 0.499023438 0.382080078 -0.777832031
vn 0.499023438 0.382080078 -0.777832031
vn 0.499023438 0.381835938 -0.777832031
vn 0.502441406 0.3671875 -0.782714844
vn 0.494873047 0.377929688 -0.782226562
vn 0.504882812 0.378173828 -0.775878906
vn 0.395751953 0.00421142578 0.918457031
vn 0.395751953 0.00421142578 0.918457031
vn -0.0405883789 -0.190185547 0.980957031
vn 0.327880859 0.00386047363 0.944824219
vn -0.562988281 -0.224121094 0.795410156
vn -0.681152344 -0.126220703 0.721191406
vn -0.661621094 -0.176513672 0.728515625
vn -0.733398438 -0.17175293 0.657714844
vn -0.743164062 -0.0930175781 0.662597656
vn -0.856933594 -0.19519043 0.476806641
vn -0.876464844 -0.0941162109 0.471679688
vn -0.995605469 -0.0933227539 5.96046448E-07
vn -0.608398438 -0.331787109 0.720703125
vn -0.674804688 -0.409179688 0.614257812
vn -0.729492188 -0.505859375 0.460449219
vn -0.525878906 -0.850585938 -5.96046448E-07
vn -0.978027344 -0.209350586 1.60932541E-06
vn -0.343505859 -0.597167969 0.724609375
vn 0.161376953 -0.689453125 0.706054688
vn -0.328125 -0.833984375 0.443115234
vn -0.504394531 -0.685058594 0.525878906
vn -0.354248047 -0.850585938 0.388427734
vn -0.856933594 -0.19519043 -0.476806641
vn -0.876464844 -0.0941162109 -0.471679688
vn -0.743164062 -0.0930175781 -0.662597656
vn -0.875488281 -0.482910156 2.20537186E-06
vn -0.729492188 -0.505859375 -0.460449219
vn -0.733398438 -0.17175293 -0.657714844
vn -0.681152344 -0.126220703 -0.721191406
vn -0.674804688 -0.409179688 -0.614257812
vn -0.661621094 -0.176513672 -0.728515625
vn -0.504394531 -0.685058594 -0.525878906
vn -0.354248047 -0.850585938 -0.388427734
vn -0.328125 -0.833984375 -0.443115234
vn -0.0405883789 -0.190185547 -0.980957031
vn -0.562988281 -0.224121094 -0.795410156
vn 0.327880859 0.00387191772 -0.944824219
vn -0.608398438 -0.331787109 -0.720703125
vn -0.34375 -0.597167969 -0.724609375
vn 0.161376953 -0.689453125 -0.706054688
vn 0.395751953 0.00422286987 -0.918457031
vn 0.327880859 0.00387191772 -0.944824219
vn -0.0405883789 -0.190185547 -0.980957031
vn 0.395751953 0.00422286987 -0.918457031
vn -8.94069672E-07 1 2.98023224E-07
vn -2.08616257E-06 1 0
vn -2.08616257E-06 1 0
vn -0 1 5.36441803E-07
vn 1.01327896E-06 1 4.76837158E-07
vn 2.98023224E-07 1 2.38418579E-07
vn -1.84774399E-06 1 0
vn -1.84774399E-06 1 1.78813934E-07
vn -2.08616257E-06 1 5.36441803E-07
vn -2.08616257E-06 1 5.36441803E-07
vn -2.50339508E-06 1 9.53674316E-07
vn -2.44379044E-06 1 8.34465027E-07
vn -2.08616257E-06 1 0
vn -2.08616257E-06 1 0
vn -2.50339508E-06 1 -1.01327896E-06
vn -2.44379044E-06 1 -8.94069672E-07
vn -2.08616257E-06 1 -6.55651093E-07
vn -2.08616257E-06 1 -5.96046448E-07
vn -1.84774399E-06 1 -1.1920929E-07
vn -1.84774399E-06 1 -2.38418579E-07
vn 1.01327896E-06 1 -5.36441803E-07
vn 2.98023224E-07 1 -2.98023224E-07
vn -8.94069672E-07 1 -2.38418579E-07
vn -0 1 -4.76837158E-07
vn -2.08616257E-06 1 0
vn -2.08616257E-06 1 0
vn 0.837890625 0 0.545898438
vn 1 0 0
vn 1 0 0
vn 0.837890625 0 0.545898438
vn 0.251953125 0 0.967773438
vn 0.251953125 0 0.967773438
vn -0.527832031 0 0.849609375
vn -0.527832031 0 0.849609375
vn -0.705078125 0 0.708984375
vn -0.705078125 0 0.708984375
vn -0.743652344 0 0.668457031
vn -0.743652344 0 0.668457031
vn -0.865234375 0 0.501464844
vn -0.865234375 0 0.501464844
vn -1 0 -1.01327896E-06
vn -1 0 -1.01327896E-06
vn -0.865234375 0 -0.501464844
vn -0.865234375 0 -0.501464844
vn -0.743652344 0 -0.668457031
vn -0.743652344 0 -0.668457031
vn -0.705078125 0 -0.708984375
vn -0.705078125 0 -0.708984375
vn -0.527832031 0 -0.849609375
vn -0.527832031 0 -0.849609375
vn 0.251953125 0 -0.967773438
vn 0.251953125 0 -0.967773438
vn 0.837890625 0 -0.545898438
vn 0.837890625 0 -0.545898438
vn 1 0 0
vn 1 0 0
vn 0.836425781 0 0.548339844
vn 1 0 0
vn 1 0 0
vn 0.836425781 0 0.548339844
vn 0.269042969 0 0.962890625
vn 0.269042969 0 0.962890625
vn -0.549804688 0 0.835449219
vn -0.549804688 0 0.835449219
vn -0.701660156 0 0.712402344
vn -0.701660156 0 0.712402344
vn -0.742675781 0 0.669921875
vn -0.742675781 0 0.669921875
vn -0.88671875 0 0.462402344
vn -0.88671875 0 0.462402344
vn -1 0 0
vn -1 0 0
vn -0.88671875 0 -0.462402344
vn -0.88671875 0 -0.462402344
vn -0.742675781 0 -0.669921875
vn -0.742675781 0 -0.669921875
vn -0.701660156 0 -0.712402344
vn -0.701660156 0 -0.712402344
vn -0.549804688 0 -0.835449219
vn -0.549804688 0 -0.835449219
vn 0.269042969 0 -0.962890625
vn 0.269042969 0 -0.962890625
vn 0.836425781 0 -0.548339844
vn 0.836425781 0 -0.548339844
vn 1 0 0
vn 1 0 0
vn -0 -1 0
vn -0 -1 0
vn -0 -1 0
vn -0 -1 0
vn -0 -1 0
vn -0 -1 0
vn -0 -1 0
vn -0 -1 0
vn -0 -1 0
vn -0 -1 0
vn -0 -1 0
vn -0 -1 0
vn -0 -1 0
vn -0 -1 0
vn -0 -1 0
vn -0 -1 0
vn -0 -1 0
vn -0 -1 0
vn -0 -1 0
vn -0 -1 0
vn -0 -1 0
vn -0 -1 0
vn -0 -1 0
vn -0 -1 0
vn -0 -1 0
vn -0 -1 0
vn -0 -1 0
vn -0 -1 0
vn -0 -1 0
vn -0 -1 0
vn -0 -1 0
vn -0 -1 0
vn -0 -1 0
vn -0 -1 0
vn 0.378417969 0.92578125 1.1920929E-07
vn 0.183227539 0.978515625 0.0933227539
vn 0.183227539 0.978515625 -0.0933227539
vn -0 1 0
vn -0 1 0
vn -0 1 0
vn -0 1 0
vn -0 1 0
vn -0 1 0
vn -0 1 0
vn -0 1 0
vn -0 1 0
vn -0 1 0
vn -0 1 0
vn -0 1 0
vn -0 1 0
vn -0.486083984 0.873046875 -0.0377502441
vn -0.496582031 0.868164062 0
vn -0.496582031 0.868164062 0
vn -0.486572266 0.873046875 -0.036315918
vn -0.182250977 0.878417969 -0.441650391
vn -0.184814453 0.878417969 -0.440429688
vn 0.0759277344 0.879882812 -0.469238281
vn 0.081237793 0.880371094 -0.467285156
vn 0.302246094 0.893066406 -0.333496094
vn 0.302978516 0.893066406 -0.332763672
vn 0.30859375 0.904785156 -0.293945312
vn 0.309082031 0.904296875 -0.294677734
vn 0.308837891 0.911621094 -0.271972656
vn 0.306884766 0.911132812 -0.275146484
vn 0.183227539 0.978515625 -0.0933227539
vn 0.363769531 0.913085938 -0.184204102
vn 0.419921875 0.907714844 -1.1920929E-07
vn 0.378417969 0.92578125 1.1920929E-07
vn 0.419921875 0.907714844 -1.1920929E-07
vn 0.183227539 0.978515625 0.0933227539
vn 0.378417969 0.92578125 1.1920929E-07
vn 0.363769531 0.913085938 0.184204102
vn 0.308837891 0.911621094 0.271972656
vn 0.306884766 0.911132812 0.275146484
vn 0.309082031 0.904296875 0.294677734
vn 0.30859375 0.904785156 0.293945312
vn 0.302978516 0.893066406 0.332763672
vn 0.302246094 0.893066406 0.333496094
vn 0.081237793 0.880371094 0.467529297
vn 0.0759277344 0.879882812 0.469238281
vn -0.182250977 0.878417969 0.441650391
vn -0.184692383 0.878417969 0.440429688
vn -0.486572266 0.873046875 0.036315918
vn -0.486083984 0.873046875 0.0377502441
vn -0.496582031 0.868164062 0
vn -0.496582031 0.868164062 0
vn -0.390136719 0.690917969 0.608886719
vn -0.390136719 0.690917969 0.608886719
vn -0.390136719 0.690917969 0.608886719
vn -0.390136719 0.690917969 0.608886719
vn 0.390136719 0.690917969 -0.608886719
vn 0.390136719 0.690917969 -0.608886719
vn 0.390136719 0.690917969 -0.608886719
vn 0.390136719 0.690917969 -0.608886719
vn 0.390136719 0.690917969 0.608886719
vn 0.390136719 0.690917969 0.608886719
vn 0.390136719 0.690917969 0.608886719
vn 0.390136719 0.690917969 0.608886719
vn -0.390136719 0.690917969 -0.608886719
vn -0.390136719 0.690917969 -0.608886719
vn -0.390136719 0.690917969 -0.608886719
vn -0.390136719 0.690917969 -0.608886719
vn -0 1 0
vn -0 1 0
vn -0 1 0
vn -0 1 0
vn 0.539550781 0 0.841796875
vn 0.539550781 0 0.841796875
vn 0.539550781 0 0.841796875
vn 0.539550781 0 0.841796875
vn -0.539550781 0 -0.841796875
vn -0.539550781 0 -0.841796875
vn -0.539550781 0 -0.841796875
vn -0.539550781 0 -0.841796875
vn 0.539550781 0 -0.841796875
vn 0.539550781 0 -0.841796875
vn 0.539550781 0 -0.841796875
vn 0.539550781 0 -0.841796875
vn -0.539550781 0 0.841796875
vn -0.539550781 0 0.841796875
vn -0.539550781 0 0.841796875
vn -0.539550781 0 0.841796875
vn -0 1 0
vn -0 1 0
vn -0 1 0
vn -0 1 0
vn -0.493164062 0.405029297 -0.770019531
vn -0.493164062 0.405029297 -0.770019531
vn -0.493164062 0.405029297 -0.770019531
vn -0.493164062 0.405029297 -0.770019531
vn -0.876953125 0.480957031 0
vn -0.876953125 0.480957031 0
vn -0.876953125 0.480957031 0
vn -0.876953125 0.480957031 0
vn 4.17232513E-07 1 4.76837158E-07
vn 4.17232513E-07 1 4.76837158E-07
vn 4.17232513E-07 1 4.76837158E-07
vn 4.17232513E-07 1 4.76837158E-07
vn -0.259277344 0.965820312 0
vn -0.259277344 0.965820312 0
vn -0.259277344 0.965820312 0
vn -0.259277344 0.965820312 0
vn -0.16784668 0.950195312 -0.262451172
vn -0.16784668 0.950195312 -0.262451172
vn -0.16784668 0.950195312 -0.262451172
vn -0.16784668 0.950195312 -0.262451172
vn -0.539550781 0 -0.841796875
vn -0.539550781 0 -0.841796875
vn -0.539550781 0 -0.841796875
vn -0.539550781 0 -0.841796875
vn -0 -1 -3.57627869E-07
vn -0 -1 -3.57627869E-07
vn -0 -1 -3.57627869E-07
vn -0 -1 -3.57627869E-07
vn -0.530273438 -0.178222656 -0.828613281
vn -0.530273438 -0.178222656 -0.828613281
vn -0.530273438 -0.178222656 -0.828613281
vn -0.530273438 -0.178222656 -0.828613281
vn -0.539550781 0 -0.841796875
vn -0.539550781 0 -0.841796875
vn -0.539550781 0 -0.841796875
vn -0.539550781 0 -0.841796875
vn -0 -1 -2.38418579E-07
vn -0 -1 -2.38418579E-07
vn -0 -1 -2.38418579E-07
vn -0 -1 -2.38418579E-07
vn -0.493164062 0.405029297 0.770019531
vn -0.493164062 0.405029297 0.770019531
vn -0.493164062 0.405029297 0.770019531
vn -0.493164062 0.405029297 0.770019531
vn 4.17232513E-07 1 -4.17232513E-07
vn 4.17232513E-07 1 -4.17232513E-07
vn 4.17232513E-07 1 -4.17232513E-07
vn 4.17232513E-07 1 -4.17232513E-07
vn 1.13248825E-06 1 0
vn 1.13248825E-06 1 0
vn 1.13248825E-06 1 0
vn 1.13248825E-06 1 0
vn -0.16784668 0.950195312 0.262451172
vn -0.16784668 0.950195312 0.262451172
vn -0.16784668 0.950195312 0.262451172
vn -0.16784668 0.950195312 0.262451172
vn -0.539550781 0 0.841796875
vn -0.539550781 0 0.841796875
vn -0.539550781 0 0.841796875
vn -0.539550781 0 0.841796875
vn -1 0 0
vn -1 0 0
vn -1 0 0
vn -1 0 0
vn -0 -1 2.98023224E-07
vn -0 -1 2.98023224E-07
vn -0 -1 2.98023224E-07
vn -0 -1 2.98023224E-07
vn -6.55651093E-07 -1 0
vn -6.55651093E-07 -1 0
vn -6.55651093E-07 -1 0
vn -6.55651093E-07 -1 0
vn -0.530273438 -0.178222656 0.828613281
vn -0.530273438 -0.178222656 0.828613281
vn -0.530273438 -0.178222656 0.828613281
vn -0.530273438 -0.178222656 0.828613281
vn -0.960449219 -0.278564453 0
vn -0.960449219 -0.278564453 0
vn -0.960449219 -0.278564453 0
vn -0.960449219 -0.278564453 0
vn -0.539550781 0 0.841796875
vn -0.539550781 0 0.841796875
vn -0.539550781 0 0.841796875
vn -0.539550781 0 0.841796875
vn -0 -1 0
vn -0 -1 0
vn -0 -1 0
vn -0 -1 0
vn -0 -1 0
vn -0 -1 0
vn -0 -1 0
vn -0 -1 0
vn -0.401855469 0.915527344 0
vn -0.401855469 0.915527344 0
vn -0.401855469 0.915527344 0
vn -0.401855469 0.915527344 0
vn -0.401855469 0.915527344 0
vn -0.401855469 0.915527344 0
vn -0.401855469 0.915527344 0
vn -0.401855469 0.915527344 0
vn -0.196411133 0.930664062 -0.308105469
vn -0.196411133 0.930664062 -0.308105469
vn -0.196411133 0.930664062 -0.308105469
vn -0.196411133 0.930664062 -0.308105469
vn -0.197387695 0.931152344 -0.307128906
vn -0.197387695 0.931152344 -0.307128906
vn -0.197387695 0.931152344 -0.307128906
vn -0.197387695 0.931152344 -0.307128906
vn -0.197387695 0.931152344 0.307128906
vn -0.197387695 0.931152344 0.307128906
vn -0.197387695 0.931152344 0.307128906
vn -0.197387695 0.931152344 0.307128906
vn -0.196411133 0.930664062 0.308105469
vn -0.196411133 0.930664062 0.308105469
vn -0.196411133 0.930664062 0.308105469
vn -0.196411133 0.930664062 0.308105469
vn 0.481933594 0.875976562 0
vn 0.481933594 0.875976562 0
vn 0.481933594 0.875976562 0
vn 0.481933594 0.875976562 0
vn -0.999511719 0.0381469727 0
vn -0.999511719 0.0381469727 0
vn -0.999511719 0.0381469727 0
vn -0.999511719 0.0381469727 0
vn 0.256347656 0.880859375 0.397949219
vn 0.256347656 0.880859375 0.397949219
vn 0.256347656 0.880859375 0.397949219
vn 0.256347656 0.880859375 0.397949219
vn -0.509277344 0.332275391 -0.793945312
vn -0.509277344 0.332275391 -0.793945312
vn -0.509277344 0.332275391 -0.793945312
vn -0.509277344 0.332275391 -0.793945312
vn -0.509277344 0.332763672 0.793457031
vn -0.509277344 0.332763672 0.793457031
vn -0.509277344 0.332763672 0.793457031
vn -0.509277344 0.332763672 0.793457031
vn 0.256103516 0.880859375 -0.397705078
vn 0.256103516 0.880859375 -0.397705078
vn 0.256103516 0.880859375 -0.397705078
vn 0.256103516 0.880859375 -0.397705078
vn -0 1 0
vn -0 1 0
vn -0 1 0
vn -0 1 0
vn 0.540039062 0 -0.841796875
vn 0.540039062 0 -0.841796875
vn 0.540039062 0 -0.841796875
vn 0.540039062 0 -0.841796875
vn -0.540039062 0 0.841796875
vn -0.540039062 0 0.841796875
vn -0.540039062 0 0.841796875
vn -0.540039062 0 0.841796875
vn 0.841308594 0 0.540527344
vn 0.841308594 0 0.540527344
vn 0.841308594 -8.22544098E-06 0.540527344
vn 0.841308594 -8.22544098E-06 0.540527344
vn 0.841308594 -0.000227689743 0.540527344
vn 0.841308594 -0.000227689743 0.540527344
vn -0.841308594 -5.60283661E-06 -0.540527344
vn -0.841308594 -0.000235438347 -0.540527344
vn -0.841308594 -0.000235438347 -0.540527344
vn -0.841308594 -8.16583633E-06 -0.540527344
vn -0.841308594 0 -0.540527344
vn -0.841308594 0 -0.540527344
vn -0.841308594 0 -0.540527344
vn 0.390380859 0.690917969 -0.608398438
vn 0.390380859 0.690917969 -0.608398438
vn 0.390380859 0.690917969 -0.608398438
vn 0.390380859 0.690917969 -0.608398438
vn -0.390380859 0.690917969 0.608398438
vn -0.390380859 0.690917969 0.608398438
vn -0.390380859 0.690917969 0.608398438
vn -0.390380859 0.690917969 0.608398438
vn -0.390380859 0.690917969 0.608398438
vn -0.540039062 0 -0.841796875
vn -0.540039062 0 -0.841796875
vn -0.540039062 0 -0.841796875
vn -0.540039062 0 -0.841796875
vn 0.841308594 4.529953E-06 -0.540527344
vn 0.841308594 4.529953E-06 -0.540527344
vn 0.841308594 4.529953E-06 -0.540527344
vn 0.841308594 4.529953E-06 -0.540527344
vn -1.78813934E-07 -1 -4.76837158E-07
vn -1.78813934E-07 -1 -4.76837158E-07
vn -1.78813934E-07 -1 -4.76837158E-07
vn -1.78813934E-07 -1 -4.76837158E-07
vn -0.841308594 -9.05990601E-06 0.540527344
vn -0.841308594 -9.05990601E-06 0.540527344
vn -0.841308594 -9.05990601E-06 0.540527344
vn -0.841308594 -9.05990601E-06 0.540527344
vn -0.202636719 0 0.979492188
vn -0.202636719 0 0.979492188
vn -0.202636719 0 0.979492188
vn -0.202636719 0 0.979492188
vn 0.974609375 0 0.223388672
vn 0.974609375 0 0.223388672
vn 0.974609375 0 0.223388672
vn 0.974609375 0 0.223388672
vn 0.540039062 0 0.841796875
vn 0.873046875 0 0.487304688
vn 0.873046875 0 0.487304688
vn 0.540039062 0 0.841796875
vn 0.0791625977 0 0.997070312
vn 0.0791625977 0 0.997070312
vn -0 1 0
vn -0 1 -2.38418579E-07
vn -0 1 0
vn -0 1 0
vn -0 1 -2.38418579E-07
vn -0.202636719 0 0.979492188
vn -0.202636719 0 0.979492188
vn -0.202636719 0 0.979492188
vn -0.202636719 0 0.979492188
vn 0.974609375 0 0.223388672
vn 0.974609375 0 0.223388672
vn 0.974609375 0 0.223388672
vn 0.974609375 0 0.223388672
vn 0.540039062 0 0.841796875
vn 0.873046875 0 0.487304688
vn 0.873046875 0 0.487304688
vn 0.540039062 0 0.841796875
vn 0.0791625977 0 0.997070312
vn 0.0791625977 0 0.997070312
vn -0 1 0
vn -0 1 -2.38418579E-07
vn -0 1 0
vn -0 1 0
vn -0 1 -2.38418579E-07
vn -0.540039062 0 -0.841796875
vn -0.540039062 0 -0.841796875
vn -0.540039062 0 -0.841796875
vn -0.540039062 0 -0.841796875
vn 0.841308594 4.529953E-06 -0.540527344
vn 0.841308594 4.529953E-06 -0.540527344
vn 0.841308594 4.529953E-06 -0.540527344
vn 0.841308594 4.529953E-06 -0.540527344
vn -1.78813934E-07 -1 -1.1920929E-07
vn -1.78813934E-07 -1 -1.1920929E-07
vn -1.78813934E-07 -1 -1.1920929E-07
vn -1.78813934E-07 -1 -1.1920929E-07
vn -0.841308594 9.05990601E-06 0.540527344
vn -0.841308594 9.05990601E-06 0.540527344
vn -0.841308594 9.05990601E-06 0.540527344
vn -0.841308594 9.05990601E-06 0.540527344
vn -0 1 0
vn -0 1 0
vn -0 1 0
vn -0 1 0
vn 0.540039062 0 0.841796875
vn 0.540039062 0 0.841796875
vn 0.540039062 0 0.841796875
vn 0.540039062 0 0.841796875
vn -0.540039062 0 -0.841796875
vn -0.540039062 0 -0.841796875
vn -0.540039062 0 -0.841796875
vn -0.540039062 0 -0.841796875
vn 0.841308594 -2.56299973E-06 -0.540527344
vn 0.841308594 -7.11679459E-05 -0.540527344
vn 0.841308594 -7.11679459E-05 -0.540527344
vn 0.841308594 -2.56299973E-06 -0.540527344
vn 0.841308594 0 -0.540527344
vn 0.841308594 0 -0.540527344
vn -0.841308594 -1.31130219E-06 0.540527344
vn -0.841308594 -3.55839729E-05 0.540527344
vn -0.841308594 -3.55839729E-05 0.540527344
vn -0.841308594 -1.31130219E-06 0.540527344
vn -0.841308594 0 0.540527344
vn -0.841308594 0 0.540527344
vn 0.390380859 0.690917969 0.608398438
vn 0.390380859 0.690917969 0.608398438
vn 0.390380859 0.690917969 0.608398438
vn 0.390380859 0.690917969 0.608398438
vn -0.390380859 0.690917969 -0.608398438
vn -0.390380859 0.690917969 -0.608398438
vn -0.390380859 0.690917969 -0.608398438
vn -0.390380859 0.690917969 -0.608398438
vn -0.540039062 0 -0.841796875
vn -0.540039062 0 -0.841796875
vn -0.540039062 0 -0.841796875
vn -0.540039062 0 -0.841796875
vn -0.540039062 -5.78165054E-06 -0.841796875
vn -0.540039062 -2.49147415E-05 -0.841796875
vn -0.540039062 -1.06096268E-05 -0.841796875
vn -0.540039062 -2.58088112E-05 -0.841796875
vn -0.540039062 3.63588333E-06 -0.841796875
vn -0.540039062 -0.000145196915 -0.841796875
vn -0.540039062 7.02738762E-05 -0.841796875
vn -0.540039062 -0.000145196915 -0.841796875
vn -0.540039062 -0.000145196915 -0.841796875
vn -0.684570312 -0.581542969 0.439697266
vn -0.684570312 -0.581542969 0.439697266
vn -0.684570312 -0.581542969 0.439697266
vn -0.684570312 -0.581542969 0.439697266
vn 0.253417969 -0.953613281 -0.162719727
vn 0.253417969 -0.953613281 -0.162719727
vn 0.253417969 -0.953613281 -0.162719727
vn 0.253417969 -0.953613281 -0.162719727
vn -0.253417969 -0.953613281 0.162719727
vn -0.253417969 -0.953613281 0.162719727
vn -0.253417969 -0.953613281 0.162719727
vn -0.253417969 -0.953613281 0.162719727
vn 0.687988281 -0.575683594 -0.441894531
vn 0.687988281 -0.575683594 -0.441894531
vn 0.687988281 -0.575683594 -0.441894531
vn 0.687988281 -0.575683594 -0.441894531
vn -0.534667969 -0.771972656 0.343505859
vn -0.534667969 -0.771972656 0.343505859
vn -0.534667969 -0.771972656 0.343505859
vn -0.534667969 -0.771972656 0.343505859
vn -0.841308594 0 0.540527344
vn -0.841308594 0 0.540527344
vn -0.841308594 0 0.540527344
vn -0.841308594 0 0.540527344
vn 0.841308594 -2.13980675E-05 -0.540527344
vn 0.841308594 -2.13980675E-05 -0.540527344
vn 0.841308594 -2.13980675E-05 -0.540527344
vn 0.841308594 -2.13980675E-05 -0.540527344
vn 0.53515625 -0.771484375 -0.34375
vn 0.53515625 -0.771484375 -0.34375
vn 0.53515625 -0.771484375 -0.34375
vn 0.53515625 -0.771484375 -0.34375
vn -0.540039062 -1.54972076E-06 -0.841796875
vn -0.540039062 -2.92062759E-06 -0.841796875
vn -0.540039062 -2.92062759E-06 -0.841796875
vn -0.540039062 -5.96046448E-07 -0.841796875
vn -0.540039062 2.14576721E-06 -0.841796875
vn -0.540039062 2.2649765E-06 -0.841796875
vn -0.540039062 3.15904617E-06 -0.841796875
vn -0.540039062 3.4570694E-06 -0.841796875
vn -0.540039062 0 -0.841796875
vn -0.540039062 0 -0.841796875
vn -0.540039062 -2.92062759E-06 -0.841796875
vn -0.540039062 -2.92062759E-06 -0.841796875
vn -0.540039062 -3.81469727E-06 -0.841796875
vn -0.540039062 -3.09944153E-06 -0.841796875
vn -0.540039062 2.62260437E-06 -0.841796875
vn -0.540039062 2.2649765E-06 -0.841796875
vn -0.540039062 6.73532486E-06 -0.841796875
vn -0.540039062 6.19888306E-06 -0.841796875
vn -0.540039062 0 -0.841796875
vn -0.540039062 0 -0.841796875
vn -0.690429688 0.571777344 0.443359375
vn -0.690429688 0.571777344 0.443359375
vn -0.625976562 0.66796875 0.402099609
vn -0.625976562 0.66796875 0.402099609
vn -0.515136719 0.790527344 0.330810547
vn -0.515136719 0.790527344 0.330810547
vn -0.376708984 0.894042969 0.241943359
vn -0.376708984 0.894042969 0.241943359
vn 0.376708984 0.894042969 -0.241943359
vn 0.376708984 0.894042969 -0.241943359
vn 0.514160156 0.791503906 -0.330322266
vn 0.514160156 0.791503906 -0.330322266
vn 0.625976562 0.66796875 -0.402099609
vn 0.625976562 0.66796875 -0.402099609
vn 0.686035156 0.578613281 -0.440673828
vn 0.686035156 0.578613281 -0.440673828
vn 0.841308594 0 -0.540527344
vn 0.841308594 0 -0.540527344
vn 0.841308594 0 -0.540527344
vn 0.841308594 0 -0.540527344
vn -0.841308594 0 0.540527344
vn -0.841308594 0 0.540527344
vn -0.841308594 0 0.540527344
vn -0.841308594 0 0.540527344
vn -0.540039062 0 -0.841796875
vn -0.540039062 0 -0.841796875
vn -0.540039062 0 -0.841796875
vn -0.540039062 0 -0.841796875
vn 0.503417969 0.801269531 -0.323242188
vn 0.503417969 0.801269531 -0.323242188
vn 0.503417969 0.801269531 -0.323242188
vn 0.503417969 0.801269531 -0.323242188
vn 0.633789062 -0.657714844 -0.406982422
vn 0.633789062 -0.657714844 -0.406982422
vn 0.633789062 -0.657714844 -0.406982422
vn 0.633789062 -0.657714844 -0.406982422
vn -0.616210938 -0.681152344 0.395751953
vn -0.616210938 -0.681152344 0.395751953
vn -0.616210938 -0.681152344 0.395751953
vn -0.616210938 -0.681152344 0.395751953
vn -0.509765625 0.795410156 0.327636719
vn -0.509765625 0.795410156 0.327636719
vn -0.509765625 0.795410156 0.327636719
vn -0.509765625 0.795410156 0.327636719
vn -0.530761719 -0.178222656 -0.828613281
vn -0.530761719 -0.178222656 -0.828613281
vn -0.530761719 -0.178222656 -0.828613281
vn -0.530761719 -0.178222656 -0.828613281
vn -0 -1 0
vn -0 -1 0
vn -0 -1 0
vn -0 -1 0
vn -0.539550781 0 -0.841796875
vn -0.539550781 0 -0.841796875
vn -0.539550781 0 -0.841796875
vn -0.539550781 0 -0.841796875
vn 2.98023224E-07 -1 0
vn 2.98023224E-07 -1 0
vn 2.98023224E-07 -1 0
vn 2.98023224E-07 -1 0
vn -0.539550781 0 -0.841796875
vn -0.539550781 0 -0.841796875
vn -0.539550781 0 -0.841796875
vn -0.539550781 0 -0.841796875
vn -0.182739258 0.940917969 -0.28515625
vn -0.182739258 0.940917969 -0.28515625
vn -0.182739258 0.940917969 -0.28515625
vn -0.182739258 0.940917969 -0.28515625
vn -0 1 1.78813934E-07
vn -0 1 1.78813934E-07
vn -0 1 1.78813934E-07
vn -0 1 1.78813934E-07
vn -0.491699219 0.411865234 -0.767089844
vn -0.491699219 0.411865234 -0.767089844
vn -0.491699219 0.411865234 -0.767089844
vn -0.491699219 0.411865234 -0.767089844
vn -0.176635742 0.944824219 -0.275634766
vn -0.176635742 0.944824219 -0.275634766
vn -0.176635742 0.944824219 -0.275634766
vn -0.176635742 0.944824219 -0.275634766
vn -0.176635742 0.944824219 -0.275634766
vn -0.176635742 0.944824219 -0.275634766
vn -0.176635742 0.944824219 -0.275634766
vn -0.176635742 0.944824219 -0.275634766
vn 0.260009766 0.876464844 0.405761719
vn 0.260009766 0.876464844 0.405761719
vn 0.260009766 0.876464844 0.405761719
vn 0.260009766 0.876464844 0.405761719
vn -0.5078125 0.339111328 -0.791992188
vn -0.5078125 0.339111328 -0.791992188
vn -0.5078125 0.339111328 -0.791992188
vn -0.5078125 0.339111328 -0.791992188
vn 0.390380859 0.690429688 0.608886719
vn 0.390380859 0.690429688 0.608886719
vn 0.390380859 0.690429688 0.608886719
vn 0.390380859 0.690429688 0.608886719
vn -0.390380859 0.690429688 -0.608886719
vn -0.390380859 0.690429688 -0.608886719
vn -0.390380859 0.690429688 -0.608886719
vn -0.390380859 0.690429688 -0.608886719
vn -0.539550781 1.47223473E-05 -0.841796875
vn -0.539550781 1.47223473E-05 -0.841796875
vn -0.539550781 1.47223473E-05 -0.841796875
vn -0.539550781 1.47223473E-05 -0.841796875
vn -0 1 0
vn -0 1 0
vn -0 1 0
vn -0 1 0
vn 0.539550781 -2.38418579E-07 0.841796875
vn 0.539550781 -2.38418579E-07 0.841796875
vn 0.539550781 -2.38418579E-07 0.841796875
vn 0.539550781 -2.38418579E-07 0.841796875
vn -0 1 0
vn -0 1 0
vn -0 1 0
vn -0 1 0
vn 0.540039062 0 0.841796875
vn 0.540039062 0 0.841796875
vn 0.540039062 0 0.841796875
vn 0.540039062 0 0.841796875
vn -0.540039062 0 -0.841796875
vn -0.540039062 0 -0.841796875
vn -0.540039062 0 -0.841796875
vn -0.540039062 0 -0.841796875
vn 0.841308594 0 -0.540527344
vn 0.841308594 9.23871994E-06 -0.540527344
vn 0.841308594 0 -0.540527344
vn 0.841308594 9.23871994E-06 -0.540527344
vn 0.841308594 0.000256299973 -0.540527344
vn 0.841308594 0.000256299973 -0.540527344
vn -0.841308594 2.2649765E-06 0.540527344
vn -0.841308594 0.000257492065 0.540527344
vn -0.841308594 0.000257492065 0.540527344
vn -0.841308594 5.12599945E-06 0.540527344
vn -0.841308594 -3.9935112E-06 0.540527344
vn -0.841308594 -3.9935112E-06 0.540527344
vn -0.841308594 -3.9935112E-06 0.540527344
vn 0.390380859 0.690917969 0.608398438
vn 0.390380859 0.690917969 0.608398438
vn 0.390380859 0.690917969 0.608398438
vn 0.390380859 0.690917969 0.608398438
vn -0.390380859 0.690917969 -0.608398438
vn -0.390380859 0.690917969 -0.608398438
vn -0.390380859 0.690917969 -0.608398438
vn -0.390380859 0.690917969 -0.608398438
vn -0.390380859 0.690917969 -0.608398438
vn -0 1 0
vn -0 1 0
vn -0 1 0
vn -0 1 0
vn 0.540039062 0 0.841796875
vn 0.540039062 0 0.841796875
vn 0.540039062 0 0.841796875
vn 0.540039062 0 0.841796875
vn -0.540039062 0 -0.841796875
vn -0.540039062 0 -0.841796875
vn -0.540039062 0 -0.841796875
vn -0.540039062 0 -0.841796875
vn 0.841308594 1.01327896E-06 -0.540527344
vn 0.841308594 2.84910202E-05 -0.540527344
vn 0.841308594 2.84910202E-05 -0.540527344
vn 0.841308594 1.01327896E-06 -0.540527344
vn 0.841308594 0 -0.540527344
vn 0.841308594 0 -0.540527344
vn -0.841308594 7.74860382E-07 0.540527344
vn -0.841308594 2.13384628E-05 0.540527344
vn -0.841308594 2.13384628E-05 0.540527344
vn -0.841308594 7.74860382E-07 0.540527344
vn -0.841308594 0 0.540527344
vn -0.841308594 0 0.540527344
vn 0.390380859 0.690917969 0.608398438
vn 0.390380859 0.690917969 0.608398438
vn 0.390380859 0.690917969 0.608398438
vn 0.390380859 0.690917969 0.608398438
vn -0.390380859 0.690917969 -0.608398438
vn -0.390380859 0.690917969 -0.608398438
vn -0.390380859 0.690917969 -0.608398438
vn -0.390380859 0.690917969 -0.608398438
vn 0.540039062 0 -0.841796875
vn 0.540039062 0 -0.841796875
vn 0.540039062 0 -0.841796875
vn 0.540039062 0 -0.841796875
vn -0.841308594 0 -0.540527344
vn -0.841308594 0 -0.540527344
vn -0.841308594 0 -0.540527344
vn -0.841308594 0 -0.540527344
vn 1.78813934E-07 -1 -4.76837158E-07
vn 1.78813934E-07 -1 -4.76837158E-07
vn 1.78813934E-07 -1 -4.76837158E-07
vn 1.78813934E-07 -1 -4.76837158E-07
vn 0.841308594 -4.529953E-06 0.540527344
vn 0.841308594 -4.529953E-06 0.540527344
vn 0.841308594 -4.529953E-06 0.540527344
vn 0.841308594 -4.529953E-06 0.540527344
vn 0.202636719 0 0.979492188
vn 0.202636719 0 0.979492188
vn 0.202636719 0 0.979492188
vn 0.202636719 0 0.979492188
vn -0.974609375 0 0.223388672
vn -0.974609375 0 0.223388672
vn -0.974609375 0 0.223388672
vn -0.974609375 0 0.223388672
vn -0.540039062 0 0.841796875
vn -0.873046875 0 0.487304688
vn -0.873046875 0 0.487304688
vn -0.540039062 0 0.841796875
vn -0.0791625977 0 0.997070312
vn -0.0791625977 0 0.997070312
vn -0 1 0
vn -0 1 0
vn -0 1 0
vn -0 1 0
vn -0 1 0
vn 0.202636719 0 0.979492188
vn 0.202636719 0 0.979492188
vn 0.202636719 0 0.979492188
vn 0.202636719 0 0.979492188
vn -0.974609375 0 0.223388672
vn -0.974609375 0 0.223388672
vn -0.974609375 0 0.223388672
vn -0.974609375 0 0.223388672
vn -0.540039062 0 0.841796875
vn -0.873046875 0 0.487304688
vn -0.873046875 0 0.487304688
vn -0.540039062 0 0.841796875
vn -0.0791625977 0 0.997070312
vn -0.0791625977 0 0.997070312
vn -0 1 0
vn -0 1 0
vn -0 1 0
vn -0 1 0
vn -0 1 0
vn 0.540039062 -1.60932541E-06 -0.841796875
vn 0.540039062 -1.60932541E-06 -0.841796875
vn 0.540039062 -1.60932541E-06 -0.841796875
vn 0.540039062 -1.60932541E-06 -0.841796875
vn -0.841308594 -2.2649765E-06 -0.540527344
vn -0.841308594 -2.2649765E-06 -0.540527344
vn -0.841308594 -2.2649765E-06 -0.540527344
vn -0.841308594 -2.2649765E-06 -0.540527344
vn 1.78813934E-07 -1 -4.76837158E-07
vn 1.78813934E-07 -1 -4.76837158E-07
vn 1.78813934E-07 -1 -4.76837158E-07
vn 1.78813934E-07 -1 -4.76837158E-07
vn 0.841308594 -2.2649765E-06 0.540527344
vn 0.841308594 -2.2649765E-06 0.540527344
vn 0.841308594 -2.2649765E-06 0.540527344
vn 0.841308594 -2.2649765E-06 0.540527344
vn -0 1 0
vn -0 1 0
vn -0 1 0
vn -0 1 0
vn -0.540039062 0 0.841796875
vn -0.540039062 0 0.841796875
vn -0.540039062 0 0.841796875
vn -0.540039062 0 0.841796875
vn 0.540039062 0 -0.841796875
vn 0.540039062 0 -0.841796875
vn 0.540039062 0 -0.841796875
vn 0.540039062 0 -0.841796875
vn -0.841308594 4.11272049E-06 -0.540527344
vn -0.841308594 0.000113844872 -0.540527344
vn -0.841308594 0.000113844872 -0.540527344
vn -0.841308594 4.11272049E-06 -0.540527344
vn -0.841308594 0 -0.540527344
vn -0.841308594 0 -0.540527344
vn 0.841308594 0 0.540527344
vn 0.841308594 0 0.540527344
vn 0.841308594 0 0.540527344
vn 0.841308594 0 0.540527344
vn 0.841308594 0 0.540527344
vn 0.841308594 0 0.540527344
vn -0.390380859 0.690917969 0.608398438
vn -0.390380859 0.690917969 0.608398438
vn -0.390380859 0.690917969 0.608398438
vn -0.390380859 0.690917969 0.608398438
vn 0.390380859 0.690917969 -0.608398438
vn 0.390380859 0.690917969 -0.608398438
vn 0.390380859 0.690917969 -0.608398438
vn 0.390380859 0.690917969 -0.608398438
vn 0.540039062 0 -0.841796875
vn 0.540039062 0 -0.841796875
vn 0.540039062 0 -0.841796875
vn 0.540039062 0 -0.841796875
vn 0.540039062 -9.83476639E-06 -0.841796875
vn 0.540039062 0 -0.841796875
vn 0.540039062 -9.83476639E-06 -0.841796875
vn 0.540039062 -2.08616257E-06 -0.841796875
vn 0.540039062 -8.85725021E-05 -0.841796875
vn 0.540039062 0.000162959099 -0.841796875
vn 0.540039062 -8.20755959E-05 -0.841796875
vn 0.540039062 0.000162959099 -0.841796875
vn 0.540039062 0.000162959099 -0.841796875
vn 0.684570312 -0.581542969 0.439697266
vn 0.684570312 -0.581542969 0.439697266
vn 0.684570312 -0.581542969 0.439697266
vn 0.684570312 -0.581542969 0.439697266
vn -0.253417969 -0.953613281 -0.162719727
vn -0.253417969 -0.953613281 -0.162719727
vn -0.253417969 -0.953613281 -0.162719727
vn -0.253417969 -0.953613281 -0.162719727
vn 0.253417969 -0.953613281 0.162719727
vn 0.253417969 -0.953613281 0.162719727
vn 0.253417969 -0.953613281 0.162719727
vn 0.253417969 -0.953613281 0.162719727
vn -0.687988281 -0.575683594 -0.441894531
vn -0.687988281 -0.575683594 -0.441894531
vn -0.687988281 -0.575683594 -0.441894531
vn -0.687988281 -0.575683594 -0.441894531
vn 0.534667969 -0.771972656 0.343505859
vn 0.534667969 -0.771972656 0.343505859
vn 0.534667969 -0.771972656 0.343505859
vn 0.534667969 -0.771972656 0.343505859
vn 0.841308594 0 0.540527344
vn 0.841308594 0 0.540527344
vn 0.841308594 0 0.540527344
vn 0.841308594 0 0.540527344
vn -0.841308594 0 -0.540527344
vn -0.841308594 0 -0.540527344
vn -0.841308594 0 -0.540527344
vn -0.841308594 0 -0.540527344
vn -0.53515625 -0.771484375 -0.34375
vn -0.53515625 -0.771484375 -0.34375
vn -0.53515625 -0.771484375 -0.34375
vn -0.53515625 -0.771484375 -0.34375
vn 0.540039062 3.15904617E-06 -0.841796875
vn 0.540039062 0 -0.841796875
vn 0.540039062 0 -0.841796875
vn 0.540039062 1.1920929E-06 -0.841796875
vn 0.540039062 0 -0.841796875
vn 0.540039062 0 -0.841796875
vn 0.540039062 2.14576721E-06 -0.841796875
vn 0.540039062 1.43051147E-06 -0.841796875
vn 0.540039062 9.77516174E-06 -0.841796875
vn 0.540039062 9.77516174E-06 -0.841796875
vn 0.540039062 0 -0.841796875
vn 0.540039062 1.6450882E-05 -0.841796875
vn 0.540039062 0 -0.841796875
vn 0.540039062 1.12652779E-05 -0.841796875
vn 0.540039062 8.46385956E-06 -0.841796875
vn 0.540039062 9.05990601E-06 -0.841796875
vn 0.540039062 0 -0.841796875
vn 0.540039062 0 -0.841796875
vn 0.540039062 0 -0.841796875
vn 0.540039062 0 -0.841796875
vn 0.690429688 0.571777344 0.443359375
vn 0.625976562 0.66796875 0.402099609
vn 0.690429688 0.571777344 0.443359375
vn 0.625976562 0.668457031 0.402099609
vn 0.515136719 0.790527344 0.330810547
vn 0.515136719 0.790527344 0.330810547
vn 0.376708984 0.894042969 0.241943359
vn 0.376708984 0.894042969 0.241943359
vn -0.376708984 0.894042969 -0.241943359
vn -0.514160156 0.791503906 -0.330322266
vn -0.376708984 0.894042969 -0.241943359
vn -0.514160156 0.791503906 -0.330322266
vn -0.625976562 0.66796875 -0.402099609
vn -0.625976562 0.66796875 -0.402099609
vn -0.686035156 0.578613281 -0.440673828
vn -0.686035156 0.578613281 -0.440673828
vn -0.841308594 0 -0.540527344
vn -0.841308594 0 -0.540527344
vn -0.841308594 0 -0.540527344
vn -0.841308594 0 -0.540527344
vn 0.841308594 3.02791595E-05 0.540527344
vn 0.841308594 3.02791595E-05 0.540527344
vn 0.841308594 3.02791595E-05 0.540527344
vn 0.841308594 3.02791595E-05 0.540527344
vn 0.540039062 0 -0.841796875
vn 0.540039062 0 -0.841796875
vn 0.540039062 0 -0.841796875
vn 0.540039062 0 -0.841796875
vn -0.503417969 0.801269531 -0.323486328
vn -0.503417969 0.801269531 -0.323486328
vn -0.503417969 0.801269531 -0.323486328
vn -0.503417969 0.801269531 -0.323486328
vn -0.633789062 -0.657714844 -0.406982422
vn -0.633789062 -0.657714844 -0.406982422
vn -0.633789062 -0.657714844 -0.406982422
vn -0.633789062 -0.657714844 -0.406982422
vn 0.616210938 -0.681152344 0.395751953
vn 0.616210938 -0.681152344 0.395751953
vn 0.616210938 -0.681152344 0.395751953
vn 0.616210938 -0.681152344 0.395751953
vn 0.509765625 0.795410156 0.327636719
vn 0.509765625 0.795410156 0.327636719
vn 0.509765625 0.795410156 0.327636719
vn 0.509765625 0.795410156 0.327636719
vn 0.530761719 -0.178222656 -0.828613281
vn 0.530761719 -0.178222656 -0.828613281
vn 0.530761719 -0.178222656 -0.828613281
vn 0.530761719 -0.178222656 -0.828613281
vn -0 -1 0
vn -0 -1 0
vn -0 -1 0
vn -0 -1 0
vn 0.539550781 0 -0.841796875
vn 0.539550781 0 -0.841796875
vn 0.539550781 0 -0.841796875
vn 0.539550781 0 -0.841796875
vn -2.98023224E-07 -1 2.38418579E-07
vn -2.98023224E-07 -1 2.38418579E-07
vn -2.98023224E-07 -1 2.38418579E-07
vn -2.98023224E-07 -1 2.38418579E-07
vn 0.539550781 0 -0.841796875
vn 0.539550781 0 -0.841796875
vn 0.539550781 0 -0.841796875
vn 0.539550781 0 -0.841796875
vn 0.182739258 0.940917969 -0.28515625
vn 0.182739258 0.940917969 -0.28515625
vn 0.182739258 0.940917969 -0.28515625
vn 0.182739258 0.940917969 -0.28515625
vn -0 1 1.1920929E-07
vn -0 1 1.1920929E-07
vn -0 1 1.1920929E-07
vn -0 1 1.1920929E-07
vn 0.491699219 0.411865234 -0.767089844
vn 0.491699219 0.411865234 -0.767089844
vn 0.491699219 0.411865234 -0.767089844
vn 0.491699219 0.411865234 -0.767089844
vn 0.176879883 0.944824219 -0.275878906
vn 0.176879883 0.944824219 -0.275878906
vn 0.176879883 0.944824219 -0.275878906
vn 0.176879883 0.944824219 -0.275878906
vn 0.176879883 0.944824219 -0.275878906
vn 0.176879883 0.944824219 -0.275878906
vn 0.176879883 0.944824219 -0.275878906
vn 0.176879883 0.944824219 -0.275878906
vn -0.260009766 0.876464844 0.405761719
vn -0.260009766 0.876464844 0.405761719
vn -0.260009766 0.876464844 0.405761719
vn -0.260009766 0.876464844 0.405761719
vn 0.5078125 0.338378906 -0.791992188
vn 0.5078125 0.338378906 -0.791992188
vn 0.5078125 0.338378906 -0.791992188
vn 0.5078125 0.338378906 -0.791992188
vn -0.390136719 0.690917969 0.608886719
vn -0.390136719 0.690917969 0.608886719
vn -0.390136719 0.690917969 0.608886719
vn -0.390136719 0.690917969 0.608886719
vn 0.390380859 0.690429688 -0.608886719
vn 0.390380859 0.690429688 -0.608886719
vn 0.390380859 0.690429688 -0.608886719
vn 0.390380859 0.690429688 -0.608886719
vn 0.539550781 0 -0.841796875
vn 0.539550781 0 -0.841796875
vn 0.539550781 0 -0.841796875
vn 0.539550781 0 -0.841796875
vn -0 1 0
vn -0 1 0
vn -0 1 0
vn -0 1 0
vn -0.539550781 0 0.841796875
vn -0.539550781 0 0.841796875
vn -0.539550781 0 0.841796875
vn -0.539550781 0 0.841796875
vn -0 1 0
vn -0 1 0
vn -0 1 0
vn -0 1 0
vn -0.540039062 0 0.841796875
vn -0.540039062 0 0.841796875
vn -0.540039062 0 0.841796875
vn -0.540039062 0 0.841796875
vn 0.540039062 0 -0.841796875
vn 0.540039062 0 -0.841796875
vn 0.540039062 0 -0.841796875
vn 0.540039062 0 -0.841796875
vn -0.841308594 0 -0.540527344
vn -0.841308594 0 -0.540527344
vn -0.841308594 -4.11272049E-06 -0.540527344
vn -0.841308594 -4.11272049E-06 -0.540527344
vn -0.841308594 -0.000113844872 -0.540527344
vn -0.841308594 -0.000113844872 -0.540527344
vn 0.841308594 -2.8014183E-06 0.540527344
vn 0.841308594 -0.000117719173 0.540527344
vn 0.841308594 -0.000117719173 0.540527344
vn 0.841308594 -4.05311584E-06 0.540527344
vn 0.841308594 0 0.540527344
vn 0.841308594 0 0.540527344
vn 0.841308594 0 0.540527344
vn -0.390380859 0.690917969 0.608398438
vn -0.390380859 0.690917969 0.608398438
vn -0.390380859 0.690917969 0.608398438
vn -0.390380859 0.690917969 0.608398438
vn 0.390380859 0.690917969 -0.608398438
vn 0.390380859 0.690917969 -0.608398438
vn 0.390380859 0.690917969 -0.608398438
vn 0.390380859 0.690917969 -0.608398438
vn 0.390380859 0.690917969 -0.608398438
vn -0 1 0
vn -0 1 0
vn -0 1 0
vn -0 1 0
vn -0.540039062 0 0.841796875
vn -0.540039062 0 0.841796875
vn -0.540039062 0 0.841796875
vn -0.540039062 0 0.841796875
vn 0.540039062 0 -0.841796875
vn 0.540039062 0 -0.841796875
vn 0.540039062 0 -0.841796875
vn 0.540039062 0 -0.841796875
vn -0.841308594 0 -0.540527344
vn -0.841308594 0 -0.540527344
vn -0.841308594 0 -0.540527344
vn -0.841308594 0 -0.540527344
vn -0.841308594 0 -0.540527344
vn -0.841308594 0 -0.540527344
vn 0.841308594 0 0.540527344
vn 0.841308594 0 0.540527344
vn 0.841308594 0 0.540527344
vn 0.841308594 0 0.540527344
vn 0.841308594 0 0.540527344
vn 0.841308594 0 0.540527344
vn -0.390380859 0.690917969 0.608398438
vn -0.390380859 0.690917969 0.608398438
vn -0.390380859 0.690917969 0.608398438
vn -0.390380859 0.690917969 0.608398438
vn 0.390380859 0.690917969 -0.608398438
vn 0.390380859 0.690917969 -0.608398438
vn 0.390380859 0.690917969 -0.608398438
vn 0.390380859 0.690917969 -0.608398438
vn -0 1 0
vn -0 1 0
vn -0 1 0
vn -0 1 0
vn -0.540039062 0 0.841796875
vn -0.540039062 0 0.841796875
vn -0.540039062 0 0.841796875
vn -0.540039062 0 0.841796875
vn 0.540039062 0 -0.841796875
vn 0.540039062 0 -0.841796875
vn 0.540039062 0 -0.841796875
vn 0.540039062 0 -0.841796875
vn -0.841308594 0 -0.540527344
vn -0.841308594 0 -0.540527344
vn -0.841308594 -2.02655792E-06 -0.540527344
vn -0.841308594 -2.02655792E-06 -0.540527344
vn -0.841308594 -5.69224358E-05 -0.540527344
vn -0.841308594 -5.69224358E-05 -0.540527344
vn 0.841308594 -6.67572021E-06 0.540527344
vn 0.841308594 5.8889389E-05 0.540527344
vn 0.841308594 5.8889389E-05 0.540527344
vn 0.841308594 -5.90085983E-06 0.540527344
vn 0.841308594 -8.28504562E-06 0.540527344
vn 0.841308594 -8.28504562E-06 0.540527344
vn 0.841308594 -8.28504562E-06 0.540527344
vn -0.390380859 0.690917969 0.608398438
vn -0.390380859 0.690917969 0.608398438
vn -0.390380859 0.690917969 0.608398438
vn -0.390380859 0.690917969 0.608398438
vn 0.390380859 0.690917969 -0.608398438
vn 0.390380859 0.690917969 -0.608398438
vn 0.390380859 0.690917969 -0.608398438
vn 0.390380859 0.690917969 -0.608398438
vn 0.390380859 0.690917969 -0.608398438
vn -0.436035156 0 0.899902344
vn -0.436035156 0 0.899902344
vn -0.436035156 0 0.899902344
vn -0.436035156 0 0.899902344
vn -0.436035156 0 0.899902344
vn -0.436035156 0 0.899902344
vn -1 0 0
vn -1 0 0
vn -1 0 0
vn -1 0 0
vn -0 1 0
vn -0 1 0
vn -0 1 0
vn -0 1 0
vn 1 0 0
vn 1 0 0
vn 1 0 0
vn 1 0 0
vn -0.436035156 -1.66893005E-06 -0.899902344
vn -0.436035156 -4.87565994E-05 -0.899902344
vn -0.436035156 -4.87565994E-05 -0.899902344
vn -0.436035156 -1.66893005E-06 -0.899902344
vn -0.436035156 0 -0.899902344
vn -0.436035156 0 -0.899902344
vn -0.72265625 0.690917969 0
vn -0.72265625 0.690917969 0
vn -0.72265625 0.690917969 0
vn -0.72265625 0.690917969 0
vn 0.72265625 0.690917969 0
vn 0.72265625 0.690917969 0
vn 0.72265625 0.690917969 0
vn 0.72265625 0.690917969 0
vn -6.49690628E-06 1 -4.11272049E-06
vn -6.49690628E-06 1 -4.11272049E-06
vn -6.49690628E-06 1 -4.11272049E-06
vn -6.49690628E-06 1 -4.11272049E-06
vn 6.49690628E-06 1 4.17232513E-06
vn 6.49690628E-06 1 4.17232513E-06
vn 6.49690628E-06 1 4.17232513E-06
vn 6.49690628E-06 1 4.17232513E-06
vn -4.35113907E-06 1 6.73532486E-06
vn -4.35113907E-06 1 6.73532486E-06
vn -4.35113907E-06 1 6.73532486E-06
vn -4.35113907E-06 1 6.73532486E-06
vn -0.766601562 0.412109375 -0.492431641
vn -0.76171875 0.424316406 -0.489501953
vn -0.766601562 0.412109375 -0.492431641
vn -0.76171875 0.424316406 -0.489501953
vn -0.349609375 0.909667969 -0.224609375
vn -0.349609375 0.909667969 -0.224609375
vn -4.72068787E-05 1 -2.94446945E-05
vn 4.64320183E-05 1 3.07559967E-05
vn 4.35113907E-06 1 -6.73532486E-06
vn 4.35113907E-06 1 -6.7949295E-06
vn 4.35113907E-06 1 -6.73532486E-06
vn 4.35113907E-06 1 -6.67572021E-06
vn 4.35113907E-06 1 -6.61611557E-06
vn -0.540039062 0 0.841796875
vn -0.540039062 0 0.841796875
vn -0.540039062 0 0.841796875
vn -0.540039062 0 0.841796875
vn -0.841308594 0 -0.540527344
vn -0.841308594 0 -0.540527344
vn -0.841308594 0 -0.540527344
vn -0.841308594 0 -0.540527344
vn 0.540039062 0 -0.841796875
vn 0.540039062 0 -0.841796875
vn 0.540039062 0 -0.841796875
vn 0.540039062 0 -0.841796875
vn 0.841308594 0 0.540527344
vn 0.841308594 0 0.540527344
vn 0.841308594 0 0.540527344
vn 0.841308594 0 0.540527344
vn 0.766601562 0.412109375 0.492431641
vn 0.766601562 0.412109375 0.492431641
vn 0.76171875 0.424316406 0.489501953
vn 0.76171875 0.424316406 0.489501953
vn 0.349853516 0.909667969 0.224731445
vn 0.349609375 0.909667969 0.224609375
vn 4.64320183E-05 1 3.07559967E-05
vn -4.72068787E-05 1 -2.94446945E-05
vn -0.881347656 -0.359130859 -0.306884766
vn -0.881835938 -0.333740234 -0.332519531
vn -0.881835938 -0.333740234 -0.332519531
vn -0.881835938 -0.350830078 -0.315429688
vn -0.643554688 -0.731445312 0.224121094
vn -0.661621094 -0.721679688 0.202880859
vn -0.322021484 -0.802734375 0.501953125
vn -0.322021484 -0.802734375 0.501953125
vn 0.0645141602 -0.731445312 0.678710938
vn 0.0908813477 -0.721679688 0.686035156
vn 0.645507812 -0.359130859 0.673828125
vn 0.653808594 -0.350585938 0.670898438
vn 0.669433594 -0.333496094 0.6640625
vn 0.669433594 -0.333496094 0.6640625
vn 0.243408203 0.892578125 -0.379394531
vn 0.243408203 0.892578125 -0.379394531
vn 0.243408203 0.892578125 -0.379394531
vn 0.243408203 0.892578125 -0.379394531
vn 0.495117188 0.399414062 -0.771484375
vn 0.495117188 0.399414062 -0.771484375
vn 0.495117188 0.399414062 -0.771484375
vn 0.495117188 0.399414062 -0.771484375
vn 0.495117188 0.399414062 -0.771484375
vn 0.494628906 0.401611328 -0.770996094
vn 0.494873047 0.402587891 -0.770019531
vn 0.493896484 0.402587891 -0.770996094
vn -0.499023438 0.381835938 0.777832031
vn -0.499023438 0.382080078 0.777832031
vn -0.499023438 0.382080078 0.777832031
vn -0.499023438 0.381835938 0.777832031
vn -0.502441406 0.366943359 0.782714844
vn -0.494628906 0.378173828 0.782226562
vn -0.504882812 0.378173828 0.775878906
vn 0.999511719 -0.0274963379 0.00396347046
vn 0.999511719 -0.0286254883 0
vn 0.999511719 -0.0225067139 0.00473403931
vn 0.999511719 -0.0257568359 0.0015630722
vn 0.999511719 -0.0311737061 -0.003074646
vn 0.999511719 -0.0308532715 0.00369644165
vn 0.999511719 -0.0297241211 0
vn 0.999511719 -0.0308532715 -0.00369644165
vn 0.999511719 -0.0311737061 0.00307655334
vn 0.999511719 -0.0257568359 -0.00156211853
vn 0.999511719 -0.0224914551 -0.00473403931
vn 0.999511719 -0.0274963379 -0.00396347046
vn 1 4.57167625E-05 -1.80006027E-05
vn 1 3.69548798E-05 -1.71065331E-05
vn 1 1.96695328E-06 0
vn 1 8.94069672E-07 4.76837158E-07
vn 1 2.98023224E-07 0
vn 1 1.07288361E-06 0
vn 1 -1.54972076E-06 0
vn 1 -1.54972076E-06 0
vn 1 5.06639481E-06 1.59740448E-05
vn 1 9.89437103E-06 1.79409981E-05
vn 1 4.64916229E-06 -3.15904617E-06
vn 1 2.62260437E-06 -2.2649765E-06
vn 1 4.23192978E-06 -4.11272049E-06
vn 1 2.92062759E-06 -4.529953E-06
vn 1 0 -5.36441803E-06
vn 1 0 -5.36441803E-06
vn 1.29342079E-05 0.0106887817 1
vn 1.29342079E-05 0.0106887817 1
vn 2.2649765E-06 -0.184204102 0.982910156
vn 2.2649765E-06 -0.184082031 0.982910156
vn -2.70009041E-05 -0.590332031 0.807128906
vn -2.70009041E-05 -0.590332031 0.807128906
vn -3.37958336E-05 -0.717285156 0.696777344
vn -3.37958336E-05 -0.717285156 0.696777344
vn -3.47495079E-05 -0.791992188 0.610351562
vn -3.47495079E-05 -0.791992188 0.610351562
vn -5.13195992E-05 -1 2.38418579E-06
vn -5.13195992E-05 -1 -3.63588333E-06
vn -1.71065331E-05 -0.184204102 -0.982910156
vn -6.43730164E-06 0.0106887817 -1
vn -6.43730164E-06 0.0106887817 -1
vn -1.71065331E-05 -0.184082031 -0.982910156
vn -3.7252903E-05 -0.5859375 -0.810546875
vn -3.7252903E-05 -0.5859375 -0.810546875
vn -4.30941582E-05 -0.717285156 -0.696777344
vn -4.30941582E-05 -0.717285156 -0.696777344
vn -4.65512276E-05 -0.790039062 -0.61328125
vn -4.65512276E-05 -0.790039062 -0.61328125
vn -5.13195992E-05 -1 -3.63588333E-06
vn -5.13195992E-05 -1 2.38418579E-06
vn 0.880371094 -0.141845703 0.452880859
vn 0.859375 -0.108703613 0.499267578
vn 0.859375 -0.108703613 0.499267578
vn 0.87890625 -0.139770508 0.455810547
vn 0.887695312 -0.187988281 0.419921875
vn 0.887695312 -0.188110352 0.419921875
vn 0.88671875 -0.268066406 0.376953125
vn 0.886230469 -0.277587891 0.370849609
vn 0.881835938 -0.332275391 0.334472656
vn 0.859375 -0.108703613 -0.499267578
vn 0.859375 -0.108703613 -0.499267578
vn 0.880371094 -0.141845703 -0.452880859
vn 0.87890625 -0.139770508 -0.455810547
vn 0.887695312 -0.188110352 -0.419921875
vn 0.887695312 -0.187988281 -0.419921875
vn 0.88671875 -0.268066406 -0.376953125
vn 0.886230469 -0.277587891 -0.370849609
vn 0.881835938 -0.332275391 -0.334472656
vn -6.49690628E-06 1 4.11272049E-06
vn -6.49690628E-06 1 4.11272049E-06
vn -6.49690628E-06 1 4.11272049E-06
vn -6.49690628E-06 1 4.11272049E-06
vn 6.49690628E-06 1 -4.11272049E-06
vn 6.49690628E-06 1 -4.11272049E-06
vn 6.49690628E-06 1 -4.11272049E-06
vn 6.49690628E-06 1 -4.11272049E-06
vn -4.35113907E-06 1 -6.73532486E-06
vn -4.35113907E-06 1 -6.73532486E-06
vn -4.35113907E-06 1 -6.73532486E-06
vn -4.35113907E-06 1 -6.73532486E-06
vn -0.766601562 0.412109375 0.492431641
vn -0.766601562 0.412109375 0.492431641
vn -0.76171875 0.424316406 0.489501953
vn -0.76171875 0.424316406 0.489501953
vn -0.349609375 0.909667969 0.224609375
vn -0.349853516 0.909667969 0.224731445
vn -4.44054604E-05 1 2.72989273E-05
vn 4.78625298E-05 1 -3.19480896E-05
vn 4.35113907E-06 1 6.73532486E-06
vn 4.35113907E-06 1 6.73532486E-06
vn 4.35113907E-06 1 6.73532486E-06
vn 4.35113907E-06 1 6.73532486E-06
vn 4.35113907E-06 1 6.73532486E-06
vn -0.540039062 0 -0.841796875
vn -0.540039062 0 -0.841796875
vn -0.540039062 0 -0.841796875
vn -0.540039062 0 -0.841796875
vn -0.841308594 0 0.540527344
vn -0.841308594 0 0.540527344
vn -0.841308594 0 0.540527344
vn -0.841308594 0 0.540527344
vn 0.540039062 0 0.841796875
vn 0.540039062 0 0.841796875
vn 0.540039062 0 0.841796875
vn 0.540039062 0 0.841796875
vn 0.841308594 0 -0.540527344
vn 0.841308594 0 -0.540527344
vn 0.841308594 0 -0.540527344
vn 0.841308594 0 -0.540527344
vn 0.766601562 0.412109375 -0.492431641
vn 0.76171875 0.424316406 -0.489501953
vn 0.766601562 0.412109375 -0.492431641
vn 0.76171875 0.424316406 -0.489501953
vn 0.349853516 0.909667969 -0.224731445
vn 0.349609375 0.909667969 -0.224609375
vn 4.78625298E-05 1 -3.19480896E-05
vn -4.44054604E-05 1 2.72989273E-05
vn -0.881347656 -0.359130859 0.306884766
vn -0.881835938 -0.333740234 0.332519531
vn -0.881835938 -0.333740234 0.332519531
vn -0.881835938 -0.350830078 0.315429688
vn -0.643554688 -0.731445312 -0.224121094
vn -0.661621094 -0.721679688 -0.20300293
vn -0.322021484 -0.802734375 -0.501953125
vn -0.322021484 -0.802734375 -0.501953125
vn 0.0645141602 -0.731445312 -0.678710938
vn 0.0909423828 -0.721679688 -0.686035156
vn 0.645507812 -0.359130859 -0.673828125
vn 0.653808594 -0.350585938 -0.670898438
vn 0.669433594 -0.333496094 -0.6640625
vn 0.669433594 -0.333496094 -0.6640625
vn 0.243408203 0.892578125 0.379394531
vn 0.243408203 0.892578125 0.379394531
vn 0.243408203 0.892578125 0.379394531
vn 0.243408203 0.892578125 0.379394531
vn 0.495117188 0.399414062 0.771484375
vn 0.495117188 0.399414062 0.771484375
vn 0.495117188 0.399414062 0.771484375
vn 0.495117188 0.399414062 0.771484375
vn 0.495117188 0.399414062 0.771484375
vn 0.494628906 0.401367188 0.770996094
vn 0.494873047 0.402587891 0.770019531
vn 0.493652344 0.402832031 0.770507812
vn -0.499023438 0.381835938 -0.777832031
vn -0.499023438 0.382080078 -0.777832031
vn -0.499023438 0.382080078 -0.777832031
vn -0.499023438 0.381835938 -0.777832031
vn -0.502441406 0.366943359 -0.782714844
vn -0.494873047 0.377685547 -0.782714844
vn -0.504882812 0.378173828 -0.775878906
vn -0.395751953 0.00419998169 0.918457031
vn 0.0405883789 -0.190185547 0.980957031
vn -0.395751953 0.00419998169 0.918457031
vn -0.327880859 0.00385093689 0.944824219
vn 0.562988281 -0.224121094 0.795410156
vn 0.681152344 -0.126220703 0.721191406
vn 0.661621094 -0.176513672 0.728515625
vn 0.733398438 -0.17175293 0.657714844
vn 0.743164062 -0.0930175781 0.662597656
vn 0.856933594 -0.19519043 0.476806641
vn 0.876464844 -0.0941162109 0.471679688
vn 0.995605469 -0.0933227539 5.36441803E-07
vn 0.608398438 -0.331787109 0.720703125
vn 0.674804688 -0.409179688 0.614257812
vn 0.729492188 -0.505859375 0.460449219
vn 0.525878906 -0.850585938 0
vn 0.978027344 -0.209350586 1.01327896E-06
vn 0.343505859 -0.597167969 0.724609375
vn -0.161376953 -0.689453125 0.706054688
vn 0.328125 -0.833984375 0.443115234
vn 0.504394531 -0.685058594 0.525878906
vn 0.354248047 -0.850585938 0.388427734
vn 0.856933594 -0.19519043 -0.476806641
vn 0.876464844 -0.0941162109 -0.471679688
vn 0.743164062 -0.0930175781 -0.662597656
vn 0.875488281 -0.482910156 1.37090683E-06
vn 0.729492188 -0.505859375 -0.460449219
vn 0.733398438 -0.17175293 -0.657714844
vn 0.681152344 -0.126220703 -0.721191406
vn 0.674804688 -0.409179688 -0.614257812
vn 0.661621094 -0.176513672 -0.728515625
vn 0.504394531 -0.685058594 -0.525878906
vn 0.354248047 -0.850585938 -0.388427734
vn 0.328125 -0.833984375 -0.443115234
vn 0.0405883789 -0.190185547 -0.980957031
vn 0.562988281 -0.224121094 -0.795410156
vn -0.327880859 0.00385475159 -0.944824219
vn 0.608398438 -0.331787109 -0.720703125
vn 0.343505859 -0.597167969 -0.724609375
vn -0.161376953 -0.689453125 -0.706054688
vn -0.395751953 0.00420379639 -0.918457031
vn -0.395751953 0.00420379639 -0.918457031
vn 0.0405883789 -0.190185547 -0.980957031
vn -0.327880859 0.00385475159 -0.944824219
vn 8.94069672E-07 1 3.57627869E-07
vn 2.08616257E-06 1 0
vn 2.08616257E-06 1 0
vn -0 1 7.15255737E-07
vn -1.01327896E-06 1 7.74860382E-07
vn -2.98023224E-07 1 4.76837158E-07
vn 1.84774399E-06 1 1.1920929E-07
vn 1.84774399E-06 1 2.38418579E-07
vn 2.08616257E-06 1 5.96046448E-07
vn 2.08616257E-06 1 5.36441803E-07
vn 2.50339508E-06 1 9.53674316E-07
vn 2.44379044E-06 1 8.34465027E-07
vn 2.08616257E-06 1 0
vn 2.08616257E-06 1 0
vn 2.50339508E-06 1 -9.53674316E-07
vn 2.44379044E-06 1 -8.34465027E-07
vn 2.08616257E-06 1 -5.96046448E-07
vn 2.08616257E-06 1 -5.36441803E-07
vn 1.84774399E-06 1 0
vn 1.84774399E-06 1 -1.78813934E-07
vn -1.01327896E-06 1 -6.55651093E-07
vn -2.98023224E-07 1 -3.57627869E-07
vn 8.94069672E-07 1 -3.57627869E-07
vn -0 1 -6.55651093E-07
vn 2.08616257E-06 1 0
vn 2.08616257E-06 1 0
vn -0.837890625 0 0.545898438
vn -1 0 0
vn -1 0 0
vn -0.837890625 0 0.545898438
vn -0.251953125 0 0.967773438
vn -0.251953125 0 0.967773438
vn 0.527832031 0 0.849609375
vn 0.527832031 0 0.849609375
vn 0.705078125 0 0.708984375
vn 0.705078125 0 0.708984375
vn 0.743652344 0 0.668457031
vn 0.743652344 0 0.668457031
vn 0.865234375 0 0.501464844
vn 0.865234375 0 0.501464844
vn 1 0 -1.01327896E-06
vn 1 0 -1.01327896E-06
vn 0.865234375 0 -0.501464844
vn 0.865234375 0 -0.501464844
vn 0.743652344 0 -0.668457031
vn 0.743652344 0 -0.668457031
vn 0.705078125 0 -0.708984375
vn 0.705078125 0 -0.708984375
vn 0.527832031 0 -0.849609375
vn 0.527832031 0 -0.849609375
vn -0.251953125 0 -0.967773438
vn -0.251953125 0 -0.967773438
vn -0.837890625 0 -0.545898438
vn -0.837890625 0 -0.545898438
vn -1 0 0
vn -1 0 0
vn -0.836425781 0 0.548339844
vn -1 0 0
vn -1 0 0
vn -0.836425781 0 0.548339844
vn -0.269042969 0 0.962890625
vn -0.269042969 0 0.962890625
vn 0.549804688 0 0.835449219
vn 0.549804688 0 0.835449219
vn 0.701660156 0 0.712402344
vn 0.701660156 0 0.712402344
vn 0.742675781 0 0.669921875
vn 0.742675781 0 0.669921875
vn 0.88671875 0 0.462402344
vn 0.88671875 0 0.462402344
vn 1 0 0
vn 1 0 0
vn 0.88671875 0 -0.462402344
vn 0.88671875 0 -0.462402344
vn 0.742675781 0 -0.669921875
vn 0.742675781 0 -0.669921875
vn 0.701660156 0 -0.712402344
vn 0.701660156 0 -0.712402344
vn 0.549804688 0 -0.835449219
vn 0.549804688 0 -0.835449219
vn -0.269042969 0 -0.962890625
vn -0.269042969 0 -0.962890625
vn -0.836425781 0 -0.548339844
vn -0.836425781 0 -0.548339844
vn -1 0 0
vn -1 0 0
vn -0 -1 0
vn -0 -1 0
vn -0 -1 0
vn -0 -1 0
vn -0 -1 0
vn -0 -1 0
vn -0 -1 0
vn -0 -1 0
vn -0 -1 0
vn -0 -1 0
vn -0 -1 0
vn -0 -1 0
vn -0 -1 0
vn -0 -1 0
vn -0 -1 0
vn -0 -1 0
vn -0 -1 0
vn -0 -1 0
vn -0 -1 0
vn -0 -1 0
vn -0 -1 0
vn -0 -1 0
vn -0 -1 0
vn -0 -1 0
vn -0 -1 0
vn -0 -1 0
vn -0 -1 0
vn -0 -1 0
vn -0 -1 0
vn -0 -1 0
vn -0 -1 0
vn -0 -1 0
vn -0 -1 0
vn -0 -1 0
vn -0.378417969 0.92578125 -8.94069672E-07
vn -0.183227539 0.978515625 -0.0933227539
vn -0.183227539 0.978515625 0.0933227539
vn -0 1 0
vn -0 1 0
vn -0 1 0
vn -0 1 0
vn -0 1 0
vn -0 1 0
vn -0 1 0
vn -0 1 0
vn -0 1 0
vn -0 1 0
vn -0 1 -1.78813934E-07
vn -0 1 0
vn -0 1 0
vn 0.486083984 0.873046875 -0.0377502441
vn 0.496582031 0.868164062 0
vn 0.496582031 0.868164062 0
vn 0.486572266 0.873046875 -0.036315918
vn 0.182250977 0.878417969 -0.441650391
vn 0.184692383 0.878417969 -0.440429688
vn -0.0759887695 0.879882812 -0.469238281
vn -0.081237793 0.880371094 -0.467529297
vn -0.302246094 0.893066406 -0.333496094
vn -0.302978516 0.893066406 -0.332763672
vn -0.30859375 0.904785156 -0.293945312
vn -0.309082031 0.904296875 -0.294677734
vn -0.308837891 0.911621094 -0.271972656
vn -0.306884766 0.911132812 -0.275146484
vn -0.183227539 0.978515625 -0.0933227539
vn -0.363769531 0.913085938 -0.184082031
vn -0.419921875 0.907714844 -1.25169754E-06
vn -0.378417969 0.92578125 -8.94069672E-07
vn -0.419921875 0.907714844 -1.25169754E-06
vn -0.378417969 0.92578125 -8.94069672E-07
vn -0.183227539 0.978515625 0.0933227539
vn -0.363769531 0.913085938 0.184204102
vn -0.308837891 0.911621094 0.271972656
vn -0.306884766 0.911132812 0.275146484
vn -0.309082031 0.904296875 0.294677734
vn -0.30859375 0.904785156 0.293945312
vn -0.302978516 0.893066406 0.332763672
vn -0.302246094 0.893066406 0.333496094
vn -0.081237793 0.880371094 0.467529297
vn -0.0759887695 0.879882812 0.469238281
vn 0.182250977 0.878417969 0.441650391
vn 0.184692383 0.878417969 0.440429688
vn 0.486572266 0.873046875 0.036315918
vn 0.486083984 0.873046875 0.0377502441
vn 0.496582031 0.868164062 0
vn 0.496582031 0.868164062 0
vn 0.390136719 0.690917969 0.608886719
vn 0.390136719 0.690917969 0.608886719
vn 0.390136719 0.690917969 0.608886719
vn 0.390136719 0.690917969 0.608886719
vn -0.390136719 0.690917969 -0.608886719
vn -0.390136719 0.690917969 -0.608886719
vn -0.390136719 0.690917969 -0.608886719
vn -0.390136719 0.690917969 -0.608886719
vn -0.390136719 0.690917969 0.608886719
vn -0.390136719 0.690917969 0.608886719
vn -0.390136719 0.690917969 0.608886719
vn -0.390136719 0.690917969 0.608886719
vn 0.390136719 0.690917969 -0.608886719
vn 0.390136719 0.690917969 -0.608886719
vn 0.390136719 0.690917969 -0.608886719
vn 0.390136719 0.690917969 -0.608886719
vn -0 1 0
vn -0 1 0
vn -0 1 0
vn -0 1 0
vn -0.539550781 4.29153442E-06 0.841796875
vn -0.539550781 4.29153442E-06 0.841796875
vn -0.539550781 4.29153442E-06 0.841796875
vn -0.539550781 4.29153442E-06 0.841796875
vn 0.539550781 0 -0.841796875
vn 0.539550781 0 -0.841796875
vn 0.539550781 0 -0.841796875
vn 0.539550781 0 -0.841796875
vn -0.539550781 0 -0.841796875
vn -0.539550781 0 -0.841796875
vn -0.539550781 0 -0.841796875
vn -0.539550781 0 -0.841796875
vn 0.539550781 0 0.841796875
vn 0.539550781 0 0.841796875
vn 0.539550781 0 0.841796875
vn 0.539550781 0 0.841796875
vn -0 1 0
vn -0 1 0
vn -0 1 0
vn -0 1 0
vn 0.493164062 0.405029297 -0.770019531
vn 0.493164062 0.405029297 -0.770019531
vn 0.493164062 0.405029297 -0.770019531
vn 0.493164062 0.405029297 -0.770019531
vn 0.876953125 0.480957031 0
vn 0.876953125 0.480957031 0
vn 0.876953125 0.480957031 0
vn 0.876953125 0.480957031 0
vn -4.17232513E-07 1 4.17232513E-07
vn -4.17232513E-07 1 4.17232513E-07
vn -4.17232513E-07 1 4.17232513E-07
vn -4.17232513E-07 1 4.17232513E-07
vn 0.259277344 0.965820312 0
vn 0.259277344 0.965820312 0
vn 0.259277344 0.965820312 0
vn 0.259277344 0.965820312 0
vn 0.16784668 0.950195312 -0.262451172
vn 0.16784668 0.950195312 -0.262451172
vn 0.16784668 0.950195312 -0.262451172
vn 0.16784668 0.950195312 -0.262451172
vn 0.539550781 0 -0.841796875
vn 0.539550781 0 -0.841796875
vn 0.539550781 0 -0.841796875
vn 0.539550781 0 -0.841796875
vn -0 -1 -2.98023224E-07
vn -0 -1 -2.98023224E-07
vn -0 -1 -2.98023224E-07
vn -0 -1 -2.98023224E-07
vn 0.530273438 -0.178222656 -0.828613281
vn 0.530273438 -0.178222656 -0.828613281
vn 0.530273438 -0.178222656 -0.828613281
vn 0.530273438 -0.178222656 -0.828613281
vn 0.539550781 0 -0.841796875
vn 0.539550781 0 -0.841796875
vn 0.539550781 0 -0.841796875
vn 0.539550781 0 -0.841796875
vn -0 -1 0
vn -0 -1 0
vn -0 -1 0
vn -0 -1 0
vn 0.493164062 0.405029297 0.770019531
vn 0.493164062 0.405029297 0.770019531
vn 0.493164062 0.405029297 0.770019531
vn 0.493164062 0.405029297 0.770019531
vn -4.17232513E-07 1 -4.76837158E-07
vn -4.17232513E-07 1 -4.76837158E-07
vn -4.17232513E-07 1 -4.76837158E-07
vn -4.17232513E-07 1 -4.76837158E-07
vn -1.13248825E-06 1 0
vn -1.13248825E-06 1 0
vn -1.13248825E-06 1 0
vn -1.13248825E-06 1 0
vn 0.16784668 0.950195312 0.262451172
vn 0.16784668 0.950195312 0.262451172
vn 0.16784668 0.950195312 0.262451172
vn 0.16784668 0.950195312 0.262451172
vn 0.539550781 0 0.841796875
vn 0.539550781 0 0.841796875
vn 0.539550781 0 0.841796875
vn 0.539550781 0 0.841796875
vn 1 0 0
vn 1 0 0
vn 1 0 0
vn 1 0 0
vn -0 -1 3.57627869E-07
vn -0 -1 3.57627869E-07
vn -0 -1 3.57627869E-07
vn -0 -1 3.57627869E-07
vn 6.55651093E-07 -1 0
vn 6.55651093E-07 -1 0
vn 6.55651093E-07 -1 0
vn 6.55651093E-07 -1 0
vn 0.530273438 -0.178222656 0.828613281
vn 0.530273438 -0.178222656 0.828613281
vn 0.530273438 -0.178222656 0.828613281
vn 0.530273438 -0.178222656 0.828613281
vn 0.960449219 -0.278564453 0
vn 0.960449219 -0.278564453 0
vn 0.960449219 -0.278564453 0
vn 0.960449219 -0.278564453 0
vn 0.539550781 0 0.841796875
vn 0.539550781 0 0.841796875
vn 0.539550781 0 0.841796875
vn 0.539550781 0 0.841796875
vn -0 -1 1.78813934E-07
vn -0 -1 1.78813934E-07
vn -0 -1 1.78813934E-07
vn -0 -1 1.78813934E-07
vn -0 -1 0
vn -0 -1 0
vn -0 -1 0
vn -0 -1 0
vn 0.401855469 0.915527344 0
vn 0.401855469 0.915527344 0
vn 0.401855469 0.915527344 0
vn 0.401855469 0.915527344 0
vn 0.401855469 0.915527344 0
vn 0.401855469 0.915527344 0
vn 0.401855469 0.915527344 0
vn 0.401855469 0.915527344 0
vn 0.196411133 0.930664062 -0.308105469
vn 0.196411133 0.930664062 -0.308105469
vn 0.196411133 0.930664062 -0.308105469
vn 0.196411133 0.930664062 -0.308105469
vn 0.197387695 0.931152344 -0.307128906
vn 0.197387695 0.931152344 -0.307128906
vn 0.197387695 0.931152344 -0.307128906
vn 0.197387695 0.931152344 -0.307128906
vn 0.197387695 0.931152344 0.307128906
vn 0.197387695 0.931152344 0.307128906
vn 0.197387695 0.931152344 0.307128906
vn 0.197387695 0.931152344 0.307128906
vn 0.196411133 0.930664062 0.308105469
vn 0.196411133 0.930664062 0.308105469
vn 0.196411133 0.930664062 0.308105469
vn 0.196411133 0.930664062 0.308105469
vn -0.481933594 0.875976562 0
vn -0.481933594 0.875976562 0
vn -0.481933594 0.875976562 0
vn -0.481933594 0.875976562 0
vn 0.999511719 0.0381469727 0
vn 0.999511719 0.0381469727 0
vn 0.999511719 0.0381469727 0
vn 0.999511719 0.0381469727 0
vn -0.256347656 0.880859375 0.397949219
vn -0.256347656 0.880859375 0.397949219
vn -0.256347656 0.880859375 0.397949219
vn -0.256347656 0.880859375 0.397949219
vn 0.509277344 0.332275391 -0.793945312
vn 0.509277344 0.332275391 -0.793945312
vn 0.509277344 0.332275391 -0.793945312
vn 0.509277344 0.332275391 -0.793945312
vn 0.509277344 0.332763672 0.793457031
vn 0.509277344 0.332763672 0.793457031
vn 0.509277344 0.332763672 0.793457031
vn 0.509277344 0.332763672 0.793457031
vn -0.256103516 0.880859375 -0.397705078
vn -0.256103516 0.880859375 -0.397705078
vn -0.256103516 0.880859375 -0.397705078
vn -0.256103516 0.880859375 -0.397705078
vn -0 1 0
vn -0 1 0
vn -0 1 0
vn -0 1 0
vn -0.540039062 0 -0.841796875
vn -0.540039062 0 -0.841796875
vn -0.540039062 0 -0.841796875
vn -0.540039062 0 -0.841796875
vn 0.540039062 0 0.841796875
vn 0.540039062 0 0.841796875
vn 0.540039062 0 0.841796875
vn 0.540039062 0 0.841796875
vn -0.841308594 0 0.540527344
vn -0.841308594 2.56299973E-06 0.540527344
vn -0.841308594 0 0.540527344
vn -0.841308594 2.56299973E-06 0.540527344
vn -0.841308594 7.11679459E-05 0.540527344
vn -0.841308594 7.11679459E-05 0.540527344
vn 0.841308594 -5.7220459E-06 -0.540527344
vn 0.841308594 2.20537186E-05 -0.540527344
vn 0.841308594 2.20537186E-05 -0.540527344
vn 0.841308594 -5.42402267E-06 -0.540527344
vn 0.841308594 -6.37769699E-06 -0.540527344
vn 0.841308594 -6.37769699E-06 -0.540527344
vn 0.841308594 -6.37769699E-06 -0.540527344
vn -0.390380859 0.690917969 -0.608398438
vn -0.390380859 0.690917969 -0.608398438
vn -0.390380859 0.690917969 -0.608398438
vn -0.390380859 0.690917969 -0.608398438
vn 0.390380859 0.690917969 0.608398438
vn 0.390380859 0.690917969 0.608398438
vn 0.390380859 0.690917969 0.608398438
vn 0.390380859 0.690917969 0.608398438
vn 0.390380859 0.690917969 0.608398438
vn 0.540039062 0 -0.841796875
vn 0.540039062 0 -0.841796875
vn 0.540039062 0 -0.841796875
vn 0.540039062 0 -0.841796875
vn -0.841308594 0 -0.540527344
vn -0.841308594 0 -0.540527344
vn -0.841308594 0 -0.540527344
vn -0.841308594 0 -0.540527344
vn 1.78813934E-07 -1 -4.76837158E-07
vn 1.78813934E-07 -1 -4.76837158E-07
vn 1.78813934E-07 -1 -4.76837158E-07
vn 1.78813934E-07 -1 -4.76837158E-07
vn 0.841308594 -2.2649765E-06 0.540527344
vn 0.841308594 -2.2649765E-06 0.540527344
vn 0.841308594 -2.2649765E-06 0.540527344
vn 0.841308594 -2.2649765E-06 0.540527344
vn 0.202636719 0 0.979492188
vn 0.202636719 0 0.979492188
vn 0.202636719 0 0.979492188
vn 0.202636719 0 0.979492188
vn -0.974609375 0 0.223388672
vn -0.974609375 0 0.223388672
vn -0.974609375 0 0.223388672
vn -0.974609375 0 0.223388672
vn -0.540039062 0 0.841796875
vn -0.873046875 0 0.487304688
vn -0.873046875 0 0.487304688
vn -0.540039062 0 0.841796875
vn -0.0791625977 0 0.997070312
vn -0.0791625977 0 0.997070312
vn -0 1 0
vn -0 1 0
vn -0 1 0
vn -0 1 0
vn -0 1 -2.38418579E-07
vn 0.202636719 0 0.979492188
vn 0.202636719 0 0.979492188
vn 0.202636719 0 0.979492188
vn 0.202636719 0 0.979492188
vn -0.974609375 0 0.223388672
vn -0.974609375 0 0.223388672
vn -0.974609375 0 0.223388672
vn -0.974609375 0 0.223388672
vn -0.540039062 0 0.841796875
vn -0.873046875 0 0.487304688
vn -0.873046875 0 0.487304688
vn -0.540039062 0 0.841796875
vn -0.0791625977 0 0.997070312
vn -0.0791625977 0 0.997070312
vn -0 1 0
vn -0 1 0
vn -0 1 0
vn -0 1 0
vn -0 1 0
vn 0.540039062 0 -0.841796875
vn 0.540039062 0 -0.841796875
vn 0.540039062 0 -0.841796875
vn 0.540039062 0 -0.841796875
vn -0.841308594 2.2649765E-06 -0.540527344
vn -0.841308594 2.2649765E-06 -0.540527344
vn -0.841308594 2.2649765E-06 -0.540527344
vn -0.841308594 2.2649765E-06 -0.540527344
vn 1.78813934E-07 -1 0
vn 1.78813934E-07 -1 0
vn 1.78813934E-07 -1 0
vn 1.78813934E-07 -1 0
vn 0.841308594 6.7949295E-06 0.540527344
vn 0.841308594 6.7949295E-06 0.540527344
vn 0.841308594 6.7949295E-06 0.540527344
vn 0.841308594 6.7949295E-06 0.540527344
vn -0 1 0
vn -0 1 0
vn -0 1 0
vn -0 1 0
vn -0.540039062 0 0.841796875
vn -0.540039062 0 0.841796875
vn -0.540039062 0 0.841796875
vn -0.540039062 0 0.841796875
vn 0.540039062 0 -0.841796875
vn 0.540039062 0 -0.841796875
vn 0.540039062 0 -0.841796875
vn 0.540039062 0 -0.841796875
vn -0.841308594 -8.22544098E-06 -0.540527344
vn -0.841308594 -0.000227689743 -0.540527344
vn -0.841308594 -0.000227689743 -0.540527344
vn -0.841308594 -8.22544098E-06 -0.540527344
vn -0.841308594 0 -0.540527344
vn -0.841308594 0 -0.540527344
vn 0.841308594 -4.11272049E-06 0.540527344
vn 0.841308594 -0.000113844872 0.540527344
vn 0.841308594 -0.000113844872 0.540527344
vn 0.841308594 -4.11272049E-06 0.540527344
vn 0.841308594 0 0.540527344
vn 0.841308594 0 0.540527344
vn -0.390380859 0.690917969 0.608398438
vn -0.390380859 0.690917969 0.608398438
vn -0.390380859 0.690917969 0.608398438
vn -0.390380859 0.690917969 0.608398438
vn 0.390380859 0.690917969 -0.608398438
vn 0.390380859 0.690917969 -0.608398438
vn 0.390380859 0.690917969 -0.608398438
vn 0.390380859 0.690917969 -0.608398438
vn 0.540039062 0 -0.841796875
vn 0.540039062 0 -0.841796875
vn 0.540039062 0 -0.841796875
vn 0.540039062 0 -0.841796875
vn 0.540039062 -7.80820847E-06 -0.841796875
vn 0.540039062 0 -0.841796875
vn 0.540039062 -1.13844872E-05 -0.841796875
vn 0.540039062 -4.17232513E-06 -0.841796875
vn 0.540039062 0 -0.841796875
vn 0.540039062 -8.14795494E-05 -0.841796875
vn 0.540039062 0 -0.841796875
vn 0.540039062 -8.14795494E-05 -0.841796875
vn 0.540039062 -8.14795494E-05 -0.841796875
vn 0.684570312 -0.581542969 0.439697266
vn 0.684570312 -0.581542969 0.439697266
vn 0.684570312 -0.581542969 0.439697266
vn 0.684570312 -0.581542969 0.439697266
vn -0.253417969 -0.953613281 -0.162719727
vn -0.253417969 -0.953613281 -0.162719727
vn -0.253417969 -0.953613281 -0.162719727
vn -0.253417969 -0.953613281 -0.162719727
vn 0.253417969 -0.953613281 0.162719727
vn 0.253417969 -0.953613281 0.162719727
vn 0.253417969 -0.953613281 0.162719727
vn 0.253417969 -0.953613281 0.162719727
vn -0.687988281 -0.575683594 -0.441894531
vn -0.687988281 -0.575683594 -0.441894531
vn -0.687988281 -0.575683594 -0.441894531
vn -0.687988281 -0.575683594 -0.441894531
vn 0.534667969 -0.771972656 0.343505859
vn 0.534667969 -0.771972656 0.343505859
vn 0.534667969 -0.771972656 0.343505859
vn 0.534667969 -0.771972656 0.343505859
vn 0.841308594 -1.1920929E-05 0.540527344
vn 0.841308594 -1.1920929E-05 0.540527344
vn 0.841308594 -1.1920929E-05 0.540527344
vn 0.841308594 -1.1920929E-05 0.540527344
vn -0.841308594 0 -0.540527344
vn -0.841308594 0 -0.540527344
vn -0.841308594 0 -0.540527344
vn -0.841308594 0 -0.540527344
vn -0.53515625 -0.771484375 -0.34375
vn -0.53515625 -0.771484375 -0.34375
vn -0.53515625 -0.771484375 -0.34375
vn -0.53515625 -0.771484375 -0.34375
vn 0.540039062 0 -0.841796875
vn 0.540039062 0 -0.841796875
vn 0.540039062 0 -0.841796875
vn 0.540039062 0 -0.841796875
vn 0.540039062 -4.23192978E-06 -0.841796875
vn 0.540039062 -4.47034836E-06 -0.841796875
vn 0.540039062 -5.36441803E-06 -0.841796875
vn 0.540039062 -6.2584877E-06 -0.841796875
vn 0.540039062 4.47034836E-06 -0.841796875
vn 0.540039062 4.47034836E-06 -0.841796875
vn 0.540039062 0 -0.841796875
vn 0.540039062 0 -0.841796875
vn 0.540039062 0 -0.841796875
vn 0.540039062 0 -0.841796875
vn 0.540039062 0 -0.841796875
vn 0.540039062 0 -0.841796875
vn 0.540039062 0 -0.841796875
vn 0.540039062 0 -0.841796875
vn 0.540039062 0 -0.841796875
vn 0.540039062 0 -0.841796875
vn 0.690429688 0.571777344 0.443359375
vn 0.625976562 0.66796875 0.402099609
vn 0.690429688 0.571777344 0.443359375
vn 0.625976562 0.66796875 0.402099609
vn 0.515136719 0.790527344 0.330810547
vn 0.515136719 0.790527344 0.330810547
vn 0.376708984 0.894042969 0.241943359
vn 0.376708984 0.894042969 0.241943359
vn -0.376708984 0.894042969 -0.241943359
vn -0.514160156 0.791503906 -0.330322266
vn -0.376708984 0.894042969 -0.241943359
vn -0.514160156 0.791503906 -0.330322266
vn -0.625976562 0.66796875 -0.402099609
vn -0.625976562 0.66796875 -0.402099609
vn -0.686035156 0.579101562 -0.440673828
vn -0.686035156 0.579101562 -0.440673828
vn -0.841308594 0 -0.540527344
vn -0.841308594 0 -0.540527344
vn -0.841308594 0 -0.540527344
vn -0.841308594 0 -0.540527344
vn 0.841308594 0 0.540527344
vn 0.841308594 0 0.540527344
vn 0.841308594 0 0.540527344
vn 0.841308594 0 0.540527344
vn 0.540039062 0 -0.841796875
vn 0.540039062 0 -0.841796875
vn 0.540039062 0 -0.841796875
vn 0.540039062 0 -0.841796875
vn -0.503417969 0.801269531 -0.323242188
vn -0.503417969 0.801269531 -0.323242188
vn -0.503417969 0.801269531 -0.323242188
vn -0.503417969 0.801269531 -0.323242188
vn -0.633789062 -0.658203125 -0.406982422
vn -0.633789062 -0.658203125 -0.406982422
vn -0.633789062 -0.658203125 -0.406982422
vn -0.633789062 -0.658203125 -0.406982422
vn 0.616210938 -0.681152344 0.395751953
vn 0.616210938 -0.681152344 0.395751953
vn 0.616210938 -0.681152344 0.395751953
vn 0.616210938 -0.681152344 0.395751953
vn 0.509765625 0.795410156 0.327392578
vn 0.509765625 0.795410156 0.327392578
vn 0.509765625 0.795410156 0.327392578
vn 0.509765625 0.795410156 0.327392578
vn 0.530761719 -0.178222656 -0.828613281
vn 0.530761719 -0.178222656 -0.828613281
vn 0.530761719 -0.178222656 -0.828613281
vn 0.530761719 -0.178222656 -0.828613281
vn -0 -1 0
vn -0 -1 0
vn -0 -1 0
vn -0 -1 0
vn 0.539550781 0 -0.841796875
vn 0.539550781 0 -0.841796875
vn 0.539550781 0 -0.841796875
vn 0.539550781 0 -0.841796875
vn -2.98023224E-07 -1 0
vn -2.98023224E-07 -1 0
vn -2.98023224E-07 -1 0
vn -2.98023224E-07 -1 0
vn 0.539550781 0 -0.841796875
vn 0.539550781 0 -0.841796875
vn 0.539550781 0 -0.841796875
vn 0.539550781 0 -0.841796875
vn 0.182739258 0.940917969 -0.284912109
vn 0.182739258 0.940917969 -0.284912109
vn 0.182739258 0.940917969 -0.284912109
vn 0.182739258 0.940917969 -0.284912109
vn -0 1 0
vn -0 1 0
vn -0 1 0
vn -0 1 0
vn 0.491699219 0.411865234 -0.767089844
vn 0.491699219 0.411865234 -0.767089844
vn 0.491699219 0.411865234 -0.767089844
vn 0.491699219 0.411865234 -0.767089844
vn 0.176635742 0.944824219 -0.275634766
vn 0.176635742 0.944824219 -0.275634766
vn 0.176635742 0.944824219 -0.275634766
vn 0.176635742 0.944824219 -0.275634766
vn 0.176635742 0.944824219 -0.275634766
vn 0.176635742 0.944824219 -0.275634766
vn 0.176635742 0.944824219 -0.275634766
vn 0.176635742 0.944824219 -0.275634766
vn -0.260009766 0.876464844 0.405761719
vn -0.260009766 0.876464844 0.405761719
vn -0.260009766 0.876464844 0.405761719
vn -0.260009766 0.876464844 0.405761719
vn 0.5078125 0.338867188 -0.791992188
vn 0.5078125 0.338867188 -0.791992188
vn 0.5078125 0.338867188 -0.791992188
vn 0.5078125 0.338867188 -0.791992188
vn -0.390136719 0.690429688 0.608886719
vn -0.390136719 0.690429688 0.608886719
vn -0.390136719 0.690429688 0.608886719
vn -0.390136719 0.690429688 0.608886719
vn 0.390380859 0.690429688 -0.608886719
vn 0.390380859 0.690429688 -0.608886719
vn 0.390380859 0.690429688 -0.608886719
vn 0.390380859 0.690429688 -0.608886719
vn 0.539550781 0 -0.841796875
vn 0.539550781 0 -0.841796875
vn 0.539550781 0 -0.841796875
vn 0.539550781 0 -0.841796875
vn -0 1 0
vn -0 1 0
vn -0 1 0
vn -0 1 0
vn -0.539550781 0 0.841796875
vn -0.539550781 0 0.841796875
vn -0.539550781 0 0.841796875
vn -0.539550781 0 0.841796875
vn -0 1 0
vn -0 1 0
vn -0 1 0
vn -0 1 0
vn -0.540039062 0 0.841796875
vn -0.540039062 0 0.841796875
vn -0.540039062 0 0.841796875
vn -0.540039062 0 0.841796875
vn 0.540039062 0 -0.841796875
vn 0.540039062 0 -0.841796875
vn 0.540039062 0 -0.841796875
vn 0.540039062 0 -0.841796875
vn -0.841308594 0 -0.540527344
vn -0.841308594 0 -0.540527344
vn -0.841308594 4.11272049E-06 -0.540527344
vn -0.841308594 4.11272049E-06 -0.540527344
vn -0.841308594 0.000113844872 -0.540527344
vn -0.841308594 0.000113844872 -0.540527344
vn 0.841308594 2.8014183E-06 0.540527344
vn 0.841308594 0.000117719173 0.540527344
vn 0.841308594 0.000117719173 0.540527344
vn 0.841308594 4.05311584E-06 0.540527344
vn 0.841308594 0 0.540527344
vn 0.841308594 0 0.540527344
vn 0.841308594 0 0.540527344
vn -0.390380859 0.690917969 0.608398438
vn -0.390380859 0.690917969 0.608398438
vn -0.390380859 0.690917969 0.608398438
vn -0.390380859 0.690917969 0.608398438
vn 0.390380859 0.690917969 -0.608398438
vn 0.390380859 0.690917969 -0.608398438
vn 0.390380859 0.690917969 -0.608398438
vn 0.390380859 0.690917969 -0.608398438
vn 0.390380859 0.690917969 -0.608398438
vn -0 1 0
vn -0 1 0
vn -0 1 0
vn -0 1 0
vn -0.540039062 0 0.841796875
vn -0.540039062 0 0.841796875
vn -0.540039062 0 0.841796875
vn -0.540039062 0 0.841796875
vn 0.540039062 0 -0.841796875
vn 0.540039062 0 -0.841796875
vn 0.540039062 0 -0.841796875
vn 0.540039062 0 -0.841796875
vn -0.841308594 0 -0.540527344
vn -0.841308594 0 -0.540527344
vn -0.841308594 0 -0.540527344
vn -0.841308594 0 -0.540527344
vn -0.841308594 0 -0.540527344
vn -0.841308594 0 -0.540527344
vn 0.841308594 0 0.540527344
vn 0.841308594 0 0.540527344
vn 0.841308594 0 0.540527344
vn 0.841308594 0 0.540527344
vn 0.841308594 0 0.540527344
vn 0.841308594 0 0.540527344
vn -0.390380859 0.690917969 0.608398438
vn -0.390380859 0.690917969 0.608398438
vn -0.390380859 0.690917969 0.608398438
vn -0.390380859 0.690917969 0.608398438
vn 0.390380859 0.690917969 -0.608398438
vn 0.390380859 0.690917969 -0.608398438
vn 0.390380859 0.690917969 -0.608398438
vn 0.390380859 0.690917969 -0.608398438
vn -0.540039062 0 0.841796875
vn -0.540039062 0 0.841796875
vn -0.540039062 0 0.841796875
vn -0.540039062 0 0.841796875
vn 0.841308594 -2.2649765E-06 0.540527344
vn 0.841308594 -2.2649765E-06 0.540527344
vn 0.841308594 -2.2649765E-06 0.540527344
vn 0.841308594 -2.2649765E-06 0.540527344
vn -1.78813934E-07 -1 4.76837158E-07
vn -1.78813934E-07 -1 4.76837158E-07
vn -1.78813934E-07 -1 4.76837158E-07
vn -1.78813934E-07 -1 4.76837158E-07
vn -0.841308594 -2.2649765E-06 -0.540527344
vn -0.841308594 -2.2649765E-06 -0.540527344
vn -0.841308594 -2.2649765E-06 -0.540527344
vn -0.841308594 -2.2649765E-06 -0.540527344
vn -0.202636719 0 -0.979492188
vn -0.202636719 0 -0.979492188
vn -0.202636719 0 -0.979492188
vn -0.202636719 0 -0.979492188
vn 0.974609375 0 -0.223388672
vn 0.974609375 0 -0.223388672
vn 0.974609375 0 -0.223388672
vn 0.974609375 0 -0.223388672
vn 0.540039062 0 -0.841796875
vn 0.873046875 0 -0.487304688
vn 0.873046875 0 -0.487304688
vn 0.540039062 0 -0.841796875
vn 0.0791625977 0 -0.997070312
vn 0.0791625977 0 -0.997070312
vn -0 1 0
vn -0 1 0
vn -0 1 0
vn -0 1 0
vn -0 1 0
vn -0.202636719 0 -0.979492188
vn -0.202636719 0 -0.979492188
vn -0.202636719 0 -0.979492188
vn -0.202636719 0 -0.979492188
vn 0.974609375 0 -0.223388672
vn 0.974609375 0 -0.223388672
vn 0.974609375 0 -0.223388672
vn 0.974609375 0 -0.223388672
vn 0.540039062 0 -0.841796875
vn 0.873046875 0 -0.487304688
vn 0.873046875 0 -0.487304688
vn 0.540039062 0 -0.841796875
vn 0.0791625977 0 -0.997070312
vn 0.0791625977 0 -0.997070312
vn -0 1 0
vn -0 1 0
vn -0 1 0
vn -0 1 0
vn -0 1 0
vn -0.540039062 0 0.841796875
vn -0.540039062 0 0.841796875
vn -0.540039062 0 0.841796875
vn -0.540039062 0 0.841796875
vn 0.841308594 4.529953E-06 0.540527344
vn 0.841308594 4.529953E-06 0.540527344
vn 0.841308594 4.529953E-06 0.540527344
vn 0.841308594 4.529953E-06 0.540527344
vn -1.78813934E-07 -1 4.76837158E-07
vn -1.78813934E-07 -1 4.76837158E-07
vn -1.78813934E-07 -1 4.76837158E-07
vn -1.78813934E-07 -1 4.76837158E-07
vn -0.841308594 0 -0.540527344
vn -0.841308594 0 -0.540527344
vn -0.841308594 0 -0.540527344
vn -0.841308594 0 -0.540527344
vn -0 1 0
vn -0 1 0
vn -0 1 0
vn -0 1 0
vn 0.540039062 0 -0.841796875
vn 0.540039062 0 -0.841796875
vn 0.540039062 0 -0.841796875
vn 0.540039062 0 -0.841796875
vn -0.540039062 0 0.841796875
vn -0.540039062 0 0.841796875
vn -0.540039062 0 0.841796875
vn -0.540039062 0 0.841796875
vn 0.841308594 8.22544098E-06 0.540527344
vn 0.841308594 0.000227689743 0.540527344
vn 0.841308594 0.000227689743 0.540527344
vn 0.841308594 8.22544098E-06 0.540527344
vn 0.841308594 0 0.540527344
vn 0.841308594 0 0.540527344
vn -0.841308594 0 -0.540527344
vn -0.841308594 0 -0.540527344
vn -0.841308594 0 -0.540527344
vn -0.841308594 0 -0.540527344
vn -0.841308594 0 -0.540527344
vn -0.841308594 0 -0.540527344
vn 0.390380859 0.690917969 -0.608398438
vn 0.390380859 0.690917969 -0.608398438
vn 0.390380859 0.690917969 -0.608398438
vn 0.390380859 0.690917969 -0.608398438
vn -0.390380859 0.690917969 0.608398438
vn -0.390380859 0.690917969 0.608398438
vn -0.390380859 0.690917969 0.608398438
vn -0.390380859 0.690917969 0.608398438
vn -0.540039062 0 0.841796875
vn -0.540039062 0 0.841796875
vn -0.540039062 0 0.841796875
vn -0.540039062 0 0.841796875
vn -0.540039062 -3.9935112E-06 0.841796875
vn -0.540039062 0 0.841796875
vn -0.540039062 -5.7220459E-06 0.841796875
vn -0.540039062 0 0.841796875
vn -0.540039062 -3.63588333E-06 0.841796875
vn -0.540039062 0.000162959099 0.841796875
vn -0.540039062 -7.02738762E-05 0.841796875
vn -0.540039062 0.000162959099 0.841796875
vn -0.540039062 0.000162959099 0.841796875
vn -0.684570312 -0.581542969 -0.439697266
vn -0.684570312 -0.581542969 -0.439697266
vn -0.684570312 -0.581542969 -0.439697266
vn -0.684570312 -0.581542969 -0.439697266
vn 0.253417969 -0.953613281 0.162719727
vn 0.253417969 -0.953613281 0.162719727
vn 0.253417969 -0.953613281 0.162719727
vn 0.253417969 -0.953613281 0.162719727
vn -0.253417969 -0.953613281 -0.162719727
vn -0.253417969 -0.953613281 -0.162719727
vn -0.253417969 -0.953613281 -0.162719727
vn -0.253417969 -0.953613281 -0.162719727
vn 0.687988281 -0.575683594 0.441894531
vn 0.687988281 -0.575683594 0.441894531
vn 0.687988281 -0.575683594 0.441894531
vn 0.687988281 -0.575683594 0.441894531
vn -0.534667969 -0.771972656 -0.343505859
vn -0.534667969 -0.771972656 -0.343505859
vn -0.534667969 -0.771972656 -0.343505859
vn -0.534667969 -0.771972656 -0.343505859
vn -0.841308594 0 -0.540527344
vn -0.841308594 0 -0.540527344
vn -0.841308594 0 -0.540527344
vn -0.841308594 0 -0.540527344
vn 0.841308594 0 0.540527344
vn 0.841308594 0 0.540527344
vn 0.841308594 0 0.540527344
vn 0.841308594 0 0.540527344
vn 0.53515625 -0.771484375 0.34375
vn 0.53515625 -0.771484375 0.34375
vn 0.53515625 -0.771484375 0.34375
vn 0.53515625 -0.771484375 0.34375
vn -0.540039062 1.01923943E-05 0.841796875
vn -0.540039062 6.19888306E-06 0.841796875
vn -0.540039062 6.19888306E-06 0.841796875
vn -0.540039062 9.7155571E-06 0.841796875
vn -0.540039062 2.98023224E-07 0.841796875
vn -0.540039062 -2.38418579E-07 0.841796875
vn -0.540039062 -2.08616257E-06 0.841796875
vn -0.540039062 -4.05311584E-06 0.841796875
vn -0.540039062 1.95503235E-05 0.841796875
vn -0.540039062 1.95503235E-05 0.841796875
vn -0.540039062 6.19888306E-06 0.841796875
vn -0.540039062 1.77025795E-05 0.841796875
vn -0.540039062 6.19888306E-06 0.841796875
vn -0.540039062 1.45435333E-05 0.841796875
vn -0.540039062 3.9935112E-06 0.841796875
vn -0.540039062 4.76837158E-06 0.841796875
vn -0.540039062 -6.73532486E-06 0.841796875
vn -0.540039062 -6.19888306E-06 0.841796875
vn -0.540039062 0 0.841796875
vn -0.540039062 0 0.841796875
vn -0.690429688 0.571777344 -0.443359375
vn -0.625976562 0.66796875 -0.402099609
vn -0.690429688 0.571777344 -0.443359375
vn -0.625976562 0.66796875 -0.402099609
vn -0.515136719 0.790527344 -0.330810547
vn -0.515136719 0.790527344 -0.330810547
vn -0.376708984 0.894042969 -0.241943359
vn -0.376708984 0.894042969 -0.241943359
vn 0.376708984 0.894042969 0.241943359
vn 0.514160156 0.791503906 0.330322266
vn 0.376708984 0.894042969 0.241943359
vn 0.514160156 0.791503906 0.330322266
vn 0.625976562 0.66796875 0.402099609
vn 0.625976562 0.66796875 0.402099609
vn 0.686035156 0.579101562 0.440673828
vn 0.686035156 0.579101562 0.440673828
vn 0.841308594 0 0.540527344
vn 0.841308594 0 0.540527344
vn 0.841308594 0 0.540527344
vn 0.841308594 0 0.540527344
vn -0.841308594 3.02791595E-05 -0.540527344
vn -0.841308594 3.02791595E-05 -0.540527344
vn -0.841308594 3.02791595E-05 -0.540527344
vn -0.841308594 3.02791595E-05 -0.540527344
vn -0.540039062 0 0.841796875
vn -0.540039062 0 0.841796875
vn -0.540039062 0 0.841796875
vn -0.540039062 0 0.841796875
vn 0.503417969 0.801269531 0.323486328
vn 0.503417969 0.801269531 0.323486328
vn 0.503417969 0.801269531 0.323486328
vn 0.503417969 0.801269531 0.323486328
vn 0.633789062 -0.657714844 0.406982422
vn 0.633789062 -0.657714844 0.406982422
vn 0.633789062 -0.657714844 0.406982422
vn 0.633789062 -0.657714844 0.406982422
vn -0.616210938 -0.681152344 -0.395751953
vn -0.616210938 -0.681152344 -0.395751953
vn -0.616210938 -0.681152344 -0.395751953
vn -0.616210938 -0.681152344 -0.395751953
vn -0.509765625 0.795410156 -0.327636719
vn -0.509765625 0.795410156 -0.327636719
vn -0.509765625 0.795410156 -0.327636719
vn -0.509765625 0.795410156 -0.327636719
vn -0.530761719 -0.178222656 0.828613281
vn -0.530761719 -0.178222656 0.828613281
vn -0.530761719 -0.178222656 0.828613281
vn -0.530761719 -0.178222656 0.828613281
vn -0 -1 0
vn -0 -1 0
vn -0 -1 0
vn -0 -1 0
vn -0.539550781 0 0.841796875
vn -0.539550781 0 0.841796875
vn -0.539550781 0 0.841796875
vn -0.539550781 0 0.841796875
vn 2.98023224E-07 -1 -2.38418579E-07
vn 2.98023224E-07 -1 -2.38418579E-07
vn 2.98023224E-07 -1 -2.38418579E-07
vn 2.98023224E-07 -1 -2.38418579E-07
vn -0.539550781 0 0.841796875
vn -0.539550781 0 0.841796875
vn -0.539550781 0 0.841796875
vn -0.539550781 0 0.841796875
vn -0.182739258 0.940917969 0.28515625
vn -0.182739258 0.940917969 0.28515625
vn -0.182739258 0.940917969 0.28515625
vn -0.182739258 0.940917969 0.28515625
vn -0 1 -1.1920929E-07
vn -0 1 -1.1920929E-07
vn -0 1 -1.1920929E-07
vn -0 1 -1.1920929E-07
vn -0.491699219 0.411865234 0.767089844
vn -0.491699219 0.411865234 0.767089844
vn -0.491699219 0.411865234 0.767089844
vn -0.491699219 0.411865234 0.767089844
vn -0.176879883 0.944824219 0.275878906
vn -0.176879883 0.944824219 0.275878906
vn -0.176879883 0.944824219 0.275878906
vn -0.176879883 0.944824219 0.275878906
vn -0.176879883 0.944824219 0.275878906
vn -0.176879883 0.944824219 0.275878906
vn -0.176879883 0.944824219 0.275878906
vn -0.176879883 0.944824219 0.275878906
vn 0.260009766 0.876464844 -0.405517578
vn 0.260009766 0.876464844 -0.405517578
vn 0.260009766 0.876464844 -0.405517578
vn 0.260009766 0.876464844 -0.405517578
vn -0.5078125 0.338623047 0.791992188
vn -0.5078125 0.338623047 0.791992188
vn -0.5078125 0.338623047 0.791992188
vn -0.5078125 0.338623047 0.791992188
vn 0.390136719 0.690917969 -0.608886719
vn 0.390136719 0.690917969 -0.608886719
vn 0.390136719 0.690917969 -0.608886719
vn 0.390136719 0.690917969 -0.608886719
vn -0.390380859 0.690429688 0.608886719
vn -0.390380859 0.690429688 0.608886719
vn -0.390380859 0.690429688 0.608886719
vn -0.390380859 0.690429688 0.608886719
vn -0.539550781 0 0.841796875
vn -0.539550781 0 0.841796875
vn -0.539550781 0 0.841796875
vn -0.539550781 0 0.841796875
vn -0 1 0
vn -0 1 0
vn -0 1 0
vn -0 1 0
vn 0.539550781 0 -0.841796875
vn 0.539550781 0 -0.841796875
vn 0.539550781 0 -0.841796875
vn 0.539550781 0 -0.841796875
vn -0 1 0
vn -0 1 0
vn -0 1 0
vn -0 1 0
vn 0.540039062 0 -0.841796875
vn 0.540039062 0 -0.841796875
vn 0.540039062 0 -0.841796875
vn 0.540039062 0 -0.841796875
vn -0.540039062 0 0.841796875
vn -0.540039062 0 0.841796875
vn -0.540039062 0 0.841796875
vn -0.540039062 0 0.841796875
vn 0.841308594 0 0.540527344
vn 0.841308594 0 0.540527344
vn 0.841308594 0 0.540527344
vn 0.841308594 0 0.540527344
vn 0.841308594 0 0.540527344
vn 0.841308594 0 0.540527344
vn -0.841308594 2.44379044E-06 -0.540527344
vn -0.841308594 -0.000235438347 -0.540527344
vn -0.841308594 -0.000235438347 -0.540527344
vn -0.841308594 -1.78813934E-07 -0.540527344
vn -0.841308594 8.28504562E-06 -0.540527344
vn -0.841308594 8.28504562E-06 -0.540527344
vn -0.841308594 8.28504562E-06 -0.540527344
vn 0.390380859 0.690917969 -0.608398438
vn 0.390380859 0.690917969 -0.608398438
vn 0.390380859 0.690917969 -0.608398438
vn 0.390380859 0.690917969 -0.608398438
vn -0.390380859 0.690917969 0.608398438
vn -0.390380859 0.690917969 0.608398438
vn -0.390380859 0.690917969 0.608398438
vn -0.390380859 0.690917969 0.608398438
vn -0.390380859 0.690917969 0.608398438
vn -0 1 0
vn -0 1 0
vn -0 1 0
vn -0 1 0
vn 0.540039062 0 -0.841796875
vn 0.540039062 0 -0.841796875
vn 0.540039062 0 -0.841796875
vn 0.540039062 0 -0.841796875
vn -0.540039062 0 0.841796875
vn -0.540039062 0 0.841796875
vn -0.540039062 0 0.841796875
vn -0.540039062 0 0.841796875
vn 0.841308594 4.11272049E-06 0.540527344
vn 0.841308594 0.000113844872 0.540527344
vn 0.841308594 0.000113844872 0.540527344
vn 0.841308594 4.11272049E-06 0.540527344
vn 0.841308594 0 0.540527344
vn 0.841308594 0 0.540527344
vn -0.841308594 0 -0.540527344
vn -0.841308594 0 -0.540527344
vn -0.841308594 0 -0.540527344
vn -0.841308594 0 -0.540527344
vn -0.841308594 0 -0.540527344
vn -0.841308594 0 -0.540527344
vn 0.390380859 0.690917969 -0.608398438
vn 0.390380859 0.690917969 -0.608398438
vn 0.390380859 0.690917969 -0.608398438
vn 0.390380859 0.690917969 -0.608398438
vn -0.390380859 0.690917969 0.608398438
vn -0.390380859 0.690917969 0.608398438
vn -0.390380859 0.690917969 0.608398438
vn -0.390380859 0.690917969 0.608398438
vn -0.00582885742 -0.0419616699 0.999023438
vn -2.38418579E-07 -0.0437316895 0.999023438
vn -0.00696182251 -0.0343322754 0.999511719
vn -0.00238990784 -0.0390930176 0.999023438
vn 0.00448989868 -0.0474853516 0.999023438
vn -0.00521850586 -0.0470275879 0.999023438
vn -6.61611557E-06 -0.0452880859 0.999023438
vn 0.00521087646 -0.0470275879 0.999023438
vn -0.00448989868 -0.0474853516 0.999023438
vn 0.00238990784 -0.0390930176 0.999023438
vn 0.00696182251 -0.0343322754 0.999511719
vn 0.00582885742 -0.0419616699 0.999023438
vn 4.72068787E-05 2.59876251E-05 1
vn 2.33054161E-05 2.10404396E-05 1
vn 3.15904617E-06 -5.36441803E-07 1
vn -1.20997429E-05 -3.09944153E-06 1
vn -2.2649765E-06 0 1
vn 2.92062759E-06 0 1
vn -1.51991844E-05 0 1
vn -1.51991844E-05 0 1
vn -3.44514847E-05 2.05636024E-05 1
vn -3.46899033E-05 2.5510788E-05 1
vn 3.57627869E-06 -5.96046448E-07 1
vn 1.61528587E-05 -3.09944153E-06 1
vn 3.63588333E-06 0 1
vn 7.09295273E-06 0 1
vn 1.56760216E-05 0 1
vn 1.56760216E-05 0 1
vn -1 0.0110549927 7.33137131E-06
vn -1 0.0110549927 7.33137131E-06
vn -0.981445312 -0.190551758 1.78813934E-07
vn -0.981933594 -0.190429688 1.78813934E-07
vn -0.797363281 -0.603515625 -1.5437603E-05
vn -0.797363281 -0.603515625 -1.5437603E-05
vn -0.684082031 -0.729492188 -2.06232071E-05
vn -0.684082031 -0.729492188 -2.06232071E-05
vn -0.596679688 -0.802246094 -2.43782997E-05
vn -0.596679688 -0.802246094 -2.43782997E-05
vn -2.44379044E-06 -1 -3.68952751E-05
vn -2.44379044E-06 -1 -3.68952751E-05
vn 0.981445312 -0.190551758 -2.08616257E-05
vn 1 0.0110397339 -1.41263008E-05
vn 1 0.0110397339 -1.41263008E-05
vn 0.981933594 -0.190429688 -2.08616257E-05
vn 0.800292969 -0.599609375 -2.91466713E-05
vn 0.800292969 -0.599609375 -2.91466713E-05
vn 0.684082031 -0.729492188 -3.12328339E-05
vn 0.684082031 -0.729492188 -3.12328339E-05
vn 0.599609375 -0.800292969 -3.31997871E-05
vn 0.599609375 -0.800292969 -3.31997871E-05
vn -2.44379044E-06 -1 -3.68952751E-05
vn -2.44379044E-06 -1 -3.68952751E-05
vn -0.593261719 -0.191772461 0.782226562
vn -0.643066406 -0.145019531 0.751953125
vn -0.643066406 -0.145019531 0.751953125
vn -0.595703125 -0.189575195 0.780761719
vn -0.552734375 -0.255371094 0.793457031
vn -0.552246094 -0.256591797 0.793457031
vn -0.493164062 -0.365234375 0.789550781
vn -0.487060547 -0.374755859 0.7890625
vn -0.435791016 -0.448242188 0.780761719
vn 0.643066406 -0.145019531 0.751953125
vn 0.643066406 -0.145019531 0.751953125
vn 0.593261719 -0.191772461 0.782226562
vn 0.595703125 -0.189575195 0.780761719
vn 0.552246094 -0.256591797 0.793457031
vn 0.552734375 -0.255371094 0.793457031
vn 0.493164062 -0.365234375 0.789550781
vn 0.487060547 -0.374755859 0.7890625
vn 0.435791016 -0.448242188 0.780273438
vn -0 0 -1
vn -0 0 -1
vn -0 0 -1
vn -0 0 -1
vn -0 0 1
vn -0 0 1
vn -0 0 1
vn -0 0 1
vn -0 1 0
vn -0.0296630859 0.999511719 -0.00841522217
vn -0.0207824707 1 -0.00589752197
vn -0 1 0
vn -0.961914062 4.05311584E-06 -0.272949219
vn -0.0207824707 1 -0.00589752197
vn -0.0296630859 0.999511719 -0.00841522217
vn -0.961914062 4.05311584E-06 -0.272949219
vn -0.961914062 0 -0.272949219
vn -0.961914062 0 -0.272949219
vn 0.961914062 0 -0.272949219
vn 0.961914062 0 -0.272949219
vn 0.961914062 0 -0.272949219
vn 0.961914062 0 -0.272949219
vn 0.961914062 0 -0.272949219
vn 0.961914062 0 -0.272949219
vn -0 0.690917969 -0.723144531
vn -0 0.690917969 -0.723144531
vn -0 0.690917969 -0.723144531
vn -0 0.690917969 -0.723144531
vn -0 0.690917969 0.723144531
vn -0 0.690917969 0.723144531
vn -0 0.690917969 0.723144531
vn -0 0.690917969 0.723144531
vn 6.49690628E-06 1 4.17232513E-06
vn 6.49690628E-06 1 4.17232513E-06
vn 6.49690628E-06 1 4.17232513E-06
vn 6.49690628E-06 1 4.17232513E-06
vn -6.49690628E-06 1 -4.17232513E-06
vn -6.49690628E-06 1 -4.17232513E-06
vn -6.49690628E-06 1 -4.17232513E-06
vn -6.49690628E-06 1 -4.17232513E-06
vn 4.35113907E-06 1 -6.73532486E-06
vn 4.35113907E-06 1 -6.73532486E-06
vn 4.35113907E-06 1 -6.73532486E-06
vn 4.35113907E-06 1 -6.73532486E-06
vn 0.766601562 0.412109375 0.492431641
vn 0.76171875 0.424316406 0.489501953
vn 0.766601562 0.412109375 0.492431641
vn 0.76171875 0.424316406 0.489501953
vn 0.349609375 0.909667969 0.224609375
vn 0.349609375 0.909667969 0.224609375
vn 5.00679016E-05 1 3.29613686E-05
vn -3.90410423E-05 1 -2.43186951E-05
vn -4.35113907E-06 1 6.73532486E-06
vn -4.35113907E-06 1 6.7949295E-06
vn -4.35113907E-06 1 6.73532486E-06
vn -4.35113907E-06 1 6.73532486E-06
vn -4.35113907E-06 1 6.73532486E-06
vn 0.540039062 0 -0.841796875
vn 0.540039062 0 -0.841796875
vn 0.540039062 0 -0.841796875
vn 0.540039062 0 -0.841796875
vn 0.841308594 0 0.540527344
vn 0.841308594 0 0.540527344
vn 0.841308594 0 0.540527344
vn 0.841308594 0 0.540527344
vn -0.540039062 0 0.841796875
vn -0.540039062 0 0.841796875
vn -0.540039062 0 0.841796875
vn -0.540039062 0 0.841796875
vn -0.841308594 0 -0.540527344
vn -0.841308594 0 -0.540527344
vn -0.841308594 0 -0.540527344
vn -0.841308594 0 -0.540527344
vn -0.766601562 0.412109375 -0.492431641
vn -0.766601562 0.412109375 -0.492431641
vn -0.76171875 0.424316406 -0.489501953
vn -0.76171875 0.424316406 -0.489501953
vn -0.349853516 0.909667969 -0.224731445
vn -0.349609375 0.909667969 -0.224609375
vn -3.90410423E-05 1 -2.43186951E-05
vn 5.00679016E-05 1 3.29613686E-05
vn 0.881347656 -0.359130859 0.306884766
vn 0.881835938 -0.333496094 0.332519531
vn 0.881835938 -0.333496094 0.332519531
vn 0.881835938 -0.350585938 0.315429688
vn 0.643554688 -0.731445312 -0.223999023
vn 0.661621094 -0.721679688 -0.202880859
vn 0.322021484 -0.802734375 -0.501953125
vn 0.322021484 -0.802734375 -0.501953125
vn -0.064453125 -0.731445312 -0.678710938
vn -0.0908813477 -0.721679688 -0.686035156
vn -0.645507812 -0.359130859 -0.673828125
vn -0.653320312 -0.350585938 -0.670898438
vn -0.669433594 -0.333496094 -0.6640625
vn -0.669433594 -0.333496094 -0.6640625
vn -0.243408203 0.892578125 0.379394531
vn -0.243408203 0.892578125 0.379394531
vn -0.243408203 0.892578125 0.379394531
vn -0.243408203 0.892578125 0.379394531
vn -0.495117188 0.399414062 0.771484375
vn -0.495117188 0.399414062 0.771484375
vn -0.495117188 0.399414062 0.771484375
vn -0.495117188 0.399414062 0.771484375
vn -0.495117188 0.399414062 0.771484375
vn -0.494628906 0.401367188 0.770996094
vn -0.494628906 0.402587891 0.770019531
vn -0.493652344 0.402832031 0.770507812
vn 0.499023438 0.381835938 -0.777832031
vn 0.499023438 0.382080078 -0.777832031
vn 0.499023438 0.382080078 -0.777832031
vn 0.499023438 0.381835938 -0.777832031
vn 0.502441406 0.366943359 -0.782714844
vn 0.494873047 0.377929688 -0.782226562
vn 0.504882812 0.378417969 -0.775878906
vn 6.49690628E-06 1 -4.17232513E-06
vn 6.49690628E-06 1 -4.17232513E-06
vn 6.49690628E-06 1 -4.17232513E-06
vn 6.49690628E-06 1 -4.17232513E-06
vn -6.49690628E-06 1 4.17232513E-06
vn -6.49690628E-06 1 4.17232513E-06
vn -6.49690628E-06 1 4.17232513E-06
vn -6.49690628E-06 1 4.17232513E-06
vn -4.35113907E-06 1 -6.73532486E-06
vn -4.35113907E-06 1 -6.73532486E-06
vn -4.35113907E-06 1 -6.73532486E-06
vn -4.35113907E-06 1 -6.73532486E-06
vn 0.766601562 0.412109375 -0.492431641
vn 0.76171875 0.424316406 -0.489501953
vn 0.766601562 0.412109375 -0.492431641
vn 0.76171875 0.424316406 -0.489501953
vn 0.349609375 0.909667969 -0.224609375
vn 0.349853516 0.909667969 -0.224731445
vn -4.80413437E-05 1 3.01003456E-05
vn 4.529953E-05 1 -2.9861927E-05
vn 4.35113907E-06 1 6.73532486E-06
vn 4.35113907E-06 1 6.67572021E-06
vn 4.35113907E-06 1 6.73532486E-06
vn 4.35113907E-06 1 6.73532486E-06
vn 4.35113907E-06 1 6.73532486E-06
vn -0.540039062 0 -0.841796875
vn -0.540039062 0 -0.841796875
vn -0.540039062 0 -0.841796875
vn -0.540039062 0 -0.841796875
vn 0.841308594 0 -0.540527344
vn 0.841308594 0 -0.540527344
vn 0.841308594 0 -0.540527344
vn 0.841308594 0 -0.540527344
vn 0.540039062 0 0.841796875
vn 0.540039062 0 0.841796875
vn 0.540039062 0 0.841796875
vn 0.540039062 0 0.841796875
vn -0.841308594 0 0.540527344
vn -0.841308594 0 0.540527344
vn -0.841308594 0 0.540527344
vn -0.841308594 0 0.540527344
vn -0.766601562 0.412109375 0.492431641
vn -0.766601562 0.412109375 0.492431641
vn -0.76171875 0.424316406 0.489501953
vn -0.76171875 0.424316406 0.489501953
vn -0.349853516 0.909667969 0.224731445
vn -0.349609375 0.909667969 0.224609375
vn 4.529953E-05 1 -2.9861927E-05
vn -4.80413437E-05 1 3.01003456E-05
vn 0.645507812 -0.359130859 -0.673828125
vn 0.669433594 -0.333496094 -0.6640625
vn 0.669433594 -0.333496094 -0.6640625
vn 0.653808594 -0.350585938 -0.670898438
vn 0.0645751953 -0.731445312 -0.678710938
vn 0.0909423828 -0.721679688 -0.686035156
vn -0.322021484 -0.802734375 -0.501953125
vn -0.322021484 -0.802734375 -0.501953125
vn -0.644042969 -0.731445312 -0.223999023
vn -0.661621094 -0.721679688 -0.202880859
vn -0.881347656 -0.359130859 0.306884766
vn -0.881835938 -0.350585938 0.315429688
vn -0.881835938 -0.333740234 0.332763672
vn -0.881835938 -0.333740234 0.332763672
vn 0.243408203 0.892578125 0.379394531
vn 0.243408203 0.892578125 0.379394531
vn 0.243408203 0.892578125 0.379394531
vn 0.243408203 0.892578125 0.379394531
vn 0.495117188 0.399414062 0.771484375
vn 0.495117188 0.399414062 0.771484375
vn 0.495117188 0.399414062 0.771484375
vn 0.495117188 0.399414062 0.771484375
vn 0.495117188 0.399414062 0.771484375
vn 0.494628906 0.401611328 0.770996094
vn 0.493652344 0.402832031 0.770996094
vn 0.494873047 0.403076172 0.770019531
vn -0.499023438 0.381835938 -0.777832031
vn -0.499023438 0.382080078 -0.777832031
vn -0.499023438 0.382080078 -0.777832031
vn -0.499023438 0.381835938 -0.777832031
vn -0.502441406 0.366943359 -0.782714844
vn -0.504882812 0.377929688 -0.775878906
vn -0.494628906 0.378417969 -0.782226562
vn -0.91796875 0.00428390503 -0.396240234
vn -0.980957031 -0.190307617 0.0407104492
vn -0.91796875 0.00428390503 -0.396240234
vn -0.944824219 0.00392913818 -0.328125
vn -0.794921875 -0.224243164 0.563476562
vn -0.720703125 -0.126220703 0.681640625
vn -0.728027344 -0.176513672 0.662109375
vn -0.657226562 -0.17175293 0.733886719
vn -0.662109375 -0.0930175781 0.743652344
vn -0.476318359 -0.195068359 0.857421875
vn -0.471191406 -0.0940551758 0.876953125
vn 4.76837158E-07 -0.0932617188 0.995605469
vn -0.720214844 -0.331787109 0.608886719
vn -0.613769531 -0.409179688 0.674804688
vn -0.459960938 -0.505859375 0.729492188
vn 1.25169754E-06 -0.850097656 0.526367188
vn -1.01327896E-06 -0.209228516 0.978027344
vn -0.724609375 -0.59765625 0.343994141
vn -0.705566406 -0.689941406 -0.161499023
vn -0.442871094 -0.834472656 0.328369141
vn -0.525390625 -0.685058594 0.504882812
vn -0.388183594 -0.850585938 0.354492188
vn 0.476318359 -0.195068359 0.857421875
vn 0.471191406 -0.0940551758 0.876953125
vn 0.662109375 -0.0930175781 0.743652344
vn -4.41074371E-06 -0.482666016 0.875976562
vn 0.459960938 -0.505859375 0.729492188
vn 0.657226562 -0.17175293 0.733886719
vn 0.720703125 -0.126220703 0.681640625
vn 0.613769531 -0.409179688 0.674804688
vn 0.728027344 -0.176513672 0.662109375
vn 0.525390625 -0.685058594 0.504882812
vn 0.388183594 -0.850585938 0.354492188
vn 0.442871094 -0.834472656 0.328369141
vn 0.980957031 -0.190307617 0.0407104492
vn 0.794921875 -0.224121094 0.563476562
vn 0.944824219 0.00392913818 -0.328125
vn 0.720214844 -0.331787109 0.608886719
vn 0.724609375 -0.59765625 0.343994141
vn 0.705566406 -0.689941406 -0.161499023
vn 0.91796875 0.00428390503 -0.396240234
vn 0.91796875 0.00428390503 -0.396240234
vn 0.980957031 -0.190307617 0.0407104492
vn 0.944824219 0.00392913818 -0.328125
vn -4.76837158E-07 1 7.74860382E-07
vn -1.78813934E-07 1 1.96695328E-06
vn -1.78813934E-07 1 1.96695328E-06
vn -7.74860382E-07 1 -2.38418579E-07
vn -6.55651093E-07 1 -1.07288361E-06
vn -3.57627869E-07 1 -2.38418579E-07
vn -4.17232513E-07 1 2.02655792E-06
vn -5.96046448E-07 1 2.08616257E-06
vn -9.53674316E-07 1 2.20537186E-06
vn -8.94069672E-07 1 2.20537186E-06
vn -8.94069672E-07 1 2.14576721E-06
vn -8.34465027E-07 1 2.08616257E-06
vn -0 1 1.7285347E-06
vn -0 1 1.7285347E-06
vn 8.94069672E-07 1 2.20537186E-06
vn 8.34465027E-07 1 2.14576721E-06
vn 9.53674316E-07 1 2.2649765E-06
vn 8.94069672E-07 1 2.20537186E-06
vn 4.17232513E-07 1 2.08616257E-06
vn 5.96046448E-07 1 2.14576721E-06
vn 6.55651093E-07 1 -1.01327896E-06
vn 3.57627869E-07 1 -1.78813934E-07
vn 4.76837158E-07 1 7.15255737E-07
vn 7.74860382E-07 1 -2.98023224E-07
vn 1.78813934E-07 1 1.90734863E-06
vn 1.78813934E-07 1 1.90734863E-06
vn -0.545410156 0 -0.838378906
vn -0 0 -1
vn -0 0 -1
vn -0.545410156 0 -0.838378906
vn -0.967773438 0 -0.252441406
vn -0.967773438 0 -0.252441406
vn -0.849121094 0 0.528320312
vn -0.849121094 0 0.528320312
vn -0.708496094 0 0.705566406
vn -0.708496094 0 0.705566406
vn -0.66796875 0 0.744140625
vn -0.66796875 0 0.744140625
vn -0.500976562 0 0.865234375
vn -0.500976562 0 0.865234375
vn -2.02655792E-06 0 1
vn -2.02655792E-06 0 1
vn 0.500976562 0 0.865234375
vn 0.500976562 0 0.865234375
vn 0.66796875 0 0.744140625
vn 0.66796875 0 0.744140625
vn 0.708496094 0 0.705566406
vn 0.708496094 0 0.705566406
vn 0.849121094 0 0.528320312
vn 0.849121094 0 0.528320312
vn 0.967773438 0 -0.252441406
vn 0.967773438 0 -0.252441406
vn 0.545410156 0 -0.838378906
vn 0.545410156 0 -0.838378906
vn -0 0 -1
vn -0 0 -1
vn -0.547851562 0 -0.836425781
vn -0 0 -1
vn -0 0 -1
vn -0.547851562 0 -0.836425781
vn -0.962890625 0 -0.269287109
vn -0.962890625 0 -0.269287109
vn -0.834960938 0 0.550292969
vn -0.834960938 0 0.550292969
vn -0.711914062 0 0.702148438
vn -0.711914062 0 0.702148438
vn -0.669433594 0 0.743164062
vn -0.669433594 0 0.743164062
vn -0.461914062 0 0.88671875
vn -0.461914062 0 0.88671875
vn -0 0 1
vn -0 0 1
vn 0.461914062 0 0.88671875
vn 0.461914062 0 0.88671875
vn 0.669433594 0 0.743164062
vn 0.669433594 0 0.743164062
vn 0.711914062 0 0.702148438
vn 0.711914062 0 0.702148438
vn 0.834960938 0 0.550292969
vn 0.834960938 0 0.550292969
vn 0.962890625 0 -0.269287109
vn 0.962890625 0 -0.269287109
vn 0.547851562 0 -0.836425781
vn 0.547851562 0 -0.836425781
vn -0 0 -1
vn -0 0 -1
vn -0 -1 0
vn -0 -1 0
vn -0 -1 0
vn -0 -1 0
vn -0 -1 0
vn -0 -1 0
vn -0 -1 0
vn -0 -1 0
vn -0 -1 0
vn -0 -1 0
vn -0 -1 0
vn -0 -1 0
vn -0 -1 0
vn -0 -1 0
vn -0 -1 0
vn -0 -1 0
vn -0 -1 0
vn -0 -1 0
vn -0 -1 0
vn -0 -1 0
vn -0 -1 0
vn -0 -1 0
vn -0 -1 0
vn -0 -1 0
vn -0 -1 0
vn -0 -1 0
vn -0 -1 0
vn -0 -1 0
vn -0 -1 0
vn -0 -1 0
vn -0 0.92578125 -0.378662109
vn 0.0932617188 0.978515625 -0.183227539
vn -0.0932617188 0.978515625 -0.183227539
vn -0 1 0
vn -0 1 0
vn -0 1 0
vn -0 1 0
vn -0 1 0
vn -0 1 0
vn -0 1 0
vn -0 1 0
vn -0 1 0
vn -0 1 0
vn -0 1 0
vn -0 1 0
vn -0 1 0
vn 0.037689209 0.873046875 0.486328125
vn -0 0.867675781 0.496826172
vn -0 0.867675781 0.496826172
vn 0.036315918 0.873046875 0.486816406
vn 0.441162109 0.878417969 0.182373047
vn 0.440185547 0.87890625 0.184814453
vn 0.46875 0.879882812 -0.0760498047
vn 0.467285156 0.880371094 -0.081237793
vn 0.333496094 0.893066406 -0.302246094
vn 0.332519531 0.893066406 -0.303222656
vn 0.293701172 0.904785156 -0.308837891
vn 0.294677734 0.904296875 -0.309326172
vn 0.271728516 0.911621094 -0.309082031
vn 0.275146484 0.911132812 -0.307128906
vn 0.0932617188 0.978515625 -0.183227539
vn 0.184082031 0.913085938 -0.363769531
vn -0 0.907226562 -0.420166016
vn -0 0.92578125 -0.378662109
vn -0 0.907226562 -0.420166016
vn -0 0.92578125 -0.378662109
vn -0.0932617188 0.978515625 -0.183227539
vn -0.184082031 0.913085938 -0.363769531
vn -0.271728516 0.911621094 -0.309082031
vn -0.275146484 0.911132812 -0.307128906
vn -0.294677734 0.904296875 -0.309326172
vn -0.293701172 0.904785156 -0.308837891
vn -0.332519531 0.893066406 -0.303222656
vn -0.333496094 0.893066406 -0.302246094
vn -0.467285156 0.880371094 -0.081237793
vn -0.468994141 0.879882812 -0.0760498047
vn -0.441162109 0.878417969 0.182373047
vn -0.440185547 0.87890625 0.184814453
vn -0.036315918 0.873046875 0.486816406
vn -0.037689209 0.873046875 0.486328125
vn -0 0.867675781 0.496826172
vn -0 0.867675781 0.496826172
vn -0 1 0
vn -0 1 0
vn -0 1 0
vn -0 1 0
vn -0 0 1
vn -0 0 1
vn -0 0 1
vn -0 0 1
vn -0 -1 6.55651093E-07
vn -0 -1 6.55651093E-07
vn -0 -1 6.55651093E-07
vn -0 -1 6.55651093E-07
vn -0 -0.193603516 0.980957031
vn -0 -0.193603516 0.980957031
vn -0 -0.193603516 0.980957031
vn -0 -0.193603516 0.980957031
vn -0 0 1
vn -0 0 1
vn -0 0 1
vn -0 0 1
vn -0 -1 2.62260437E-06
vn -0 -1 2.62260437E-06
vn -0 -1 2.62260437E-06
vn -0 -1 2.62260437E-06
vn -0 1 0
vn -0 1 0
vn -0 1 0
vn -0 1 0
vn -0.178710938 0.944335938 0.277099609
vn -0.178710938 0.944335938 0.277099609
vn -0.178710938 0.944335938 0.277099609
vn -0.178710938 0.944335938 0.277099609
vn -0.487060547 0.432861328 0.758789062
vn -0.487060547 0.432861328 0.758789062
vn -0.487060547 0.432861328 0.758789062
vn -0.487060547 0.432861328 0.758789062
vn -0.541015625 0 0.841308594
vn -0.541015625 0 0.841308594
vn -0.541015625 0 0.841308594
vn -0.541015625 0 0.841308594
vn -1.78813934E-07 -1 -1.78813934E-07
vn -1.78813934E-07 -1 -1.78813934E-07
vn -1.78813934E-07 -1 -1.78813934E-07
vn -1.78813934E-07 -1 -1.78813934E-07
vn -0.541015625 0 0.841308594
vn -0.541015625 0 0.841308594
vn -0.541015625 0 0.841308594
vn -0.541015625 0 0.841308594
vn -2.08616257E-06 -1 2.32458115E-06
vn -2.08616257E-06 -1 2.32458115E-06
vn -2.08616257E-06 -1 2.32458115E-06
vn -2.08616257E-06 -1 2.32458115E-06
vn -0.532226562 -0.178222656 0.827636719
vn -0.532226562 -0.178222656 0.827636719
vn -0.532226562 -0.178222656 0.827636719
vn -0.532226562 -0.178222656 0.827636719
vn -0 0.46875 0.883300781
vn -0 0.46875 0.883300781
vn -0 0.46875 0.883300781
vn -0 0.46875 0.883300781
vn -0 0.952636719 0.304199219
vn -0 0.952636719 0.304199219
vn -0 0.952636719 0.304199219
vn -0 0.952636719 0.304199219
vn -0 1 0
vn -0 1 0
vn -0 1 0
vn -0 1 0
vn 0.178710938 0.944335938 0.277099609
vn 0.178710938 0.944335938 0.277099609
vn 0.178710938 0.944335938 0.277099609
vn 0.178710938 0.944335938 0.277099609
vn 0.487060547 0.432861328 0.758789062
vn 0.487060547 0.432861328 0.758789062
vn 0.487060547 0.432861328 0.758789062
vn 0.487060547 0.432861328 0.758789062
vn 0.541015625 0 0.841308594
vn 0.541015625 0 0.841308594
vn 0.541015625 0 0.841308594
vn 0.541015625 0 0.841308594
vn 1.78813934E-07 -1 -1.78813934E-07
vn 1.78813934E-07 -1 -1.78813934E-07
vn 1.78813934E-07 -1 -1.78813934E-07
vn 1.78813934E-07 -1 -1.78813934E-07
vn 0.541015625 0 0.841308594
vn 0.541015625 0 0.841308594
vn 0.541015625 0 0.841308594
vn 0.541015625 0 0.841308594
vn 2.08616257E-06 -1 2.2649765E-06
vn 2.08616257E-06 -1 2.2649765E-06
vn 2.08616257E-06 -1 2.2649765E-06
vn 2.08616257E-06 -1 2.2649765E-06
vn 0.532226562 -0.178222656 0.827636719
vn 0.532226562 -0.178222656 0.827636719
vn 0.532226562 -0.178222656 0.827636719
vn 0.532226562 -0.178222656 0.827636719
vn -0.182495117 0.94140625 0.283447266
vn -0.182495117 0.94140625 0.283447266
vn -0.182495117 0.94140625 0.283447266
vn -0.182495117 0.94140625 0.283447266
vn -0.183105469 0.94140625 0.283203125
vn -0.183105469 0.94140625 0.283203125
vn -0.183105469 0.94140625 0.283203125
vn -0.183105469 0.94140625 0.283203125
vn -0 0.937988281 0.346435547
vn -0 0.937988281 0.346435547
vn -0 0.937988281 0.346435547
vn -0 0.937988281 0.346435547
vn -0 0.937988281 0.346191406
vn -0 0.937988281 0.346191406
vn -0 0.937988281 0.346191406
vn -0 0.937988281 0.346191406
vn 0.183105469 0.94140625 0.283203125
vn 0.183105469 0.94140625 0.283203125
vn 0.183105469 0.94140625 0.283203125
vn 0.183105469 0.94140625 0.283203125
vn 0.182495117 0.94140625 0.283447266
vn 0.182495117 0.94140625 0.283447266
vn 0.182495117 0.94140625 0.283447266
vn 0.182495117 0.94140625 0.283447266
vn -0.509765625 0.337646484 0.791503906
vn -0.509765625 0.337646484 0.791503906
vn -0.509765625 0.337646484 0.791503906
vn -0.509765625 0.337646484 0.791503906
vn 0.256591797 0.878417969 -0.403564453
vn 0.256591797 0.878417969 -0.403564453
vn 0.256591797 0.878417969 -0.403564453
vn 0.256591797 0.878417969 -0.403564453
vn 1.43051147E-06 0.281738281 0.959472656
vn 1.43051147E-06 0.281738281 0.959472656
vn 1.43051147E-06 0.281738281 0.959472656
vn 1.43051147E-06 0.281738281 0.959472656
vn -5.96046448E-07 0.876464844 -0.481933594
vn -5.96046448E-07 0.876464844 -0.481933594
vn -5.96046448E-07 0.876464844 -0.481933594
vn -5.96046448E-07 0.876464844 -0.481933594
vn -0.256835938 0.877929688 -0.403808594
vn -0.256835938 0.877929688 -0.403808594
vn -0.256835938 0.877929688 -0.403808594
vn -0.256835938 0.877929688 -0.403808594
vn 0.509765625 0.337402344 0.791503906
vn 0.509765625 0.337402344 0.791503906
vn 0.509765625 0.337402344 0.791503906
vn 0.509765625 0.337402344 0.791503906
vn 0.390136719 0.690917969 0.608886719
vn 0.390136719 0.690917969 0.608886719
vn 0.390136719 0.690917969 0.608886719
vn 0.390136719 0.690917969 0.608886719
vn -0.390136719 0.690917969 -0.608886719
vn -0.390136719 0.690917969 -0.608886719
vn -0.390136719 0.690917969 -0.608886719
vn -0.390136719 0.690917969 -0.608886719
vn -0.390136719 0.690917969 0.608886719
vn -0.390136719 0.690917969 0.608886719
vn -0.390136719 0.690917969 0.608886719
vn -0.390136719 0.690917969 0.608886719
vn 0.390136719 0.690917969 -0.608886719
vn 0.390136719 0.690917969 -0.608886719
vn 0.390136719 0.690917969 -0.608886719
vn 0.390136719 0.690917969 -0.608886719
vn 0.539550781 0 -0.841796875
vn 0.539550781 0 -0.841796875
vn 0.539550781 0 -0.841796875
vn 0.539550781 0 -0.841796875
vn -0 1 0
vn -0 1 0
vn -0 1 0
vn -0 1 0
vn -0.539550781 0 0.841796875
vn -0.539550781 0 0.841796875
vn -0.539550781 0 0.841796875
vn -0.539550781 0 0.841796875
vn -0.539550781 0 -0.841796875
vn -0.539550781 0 -0.841796875
vn -0.539550781 0 -0.841796875
vn -0.539550781 0 -0.841796875
vn 0.539550781 0 0.841796875
vn 0.539550781 0 0.841796875
vn 0.539550781 0 0.841796875
vn 0.539550781 0 0.841796875
vn -0 1 0
vn -0 1 0
vn -0 1 0
vn -0 1 0
vn -0 1 0
vn -0 1 0
vn -0 1 0
vn -0 1 0
vn 0.540039062 0 -0.841796875
vn 0.540039062 0 -0.841796875
vn 0.540039062 0 -0.841796875
vn 0.540039062 0 -0.841796875
vn -0.540039062 0 0.841796875
vn -0.540039062 0 0.841796875
vn -0.540039062 0 0.841796875
vn -0.540039062 0 0.841796875
vn 0.841308594 0 0.540527344
vn 0.841308594 0 0.540527344
vn 0.841308594 0 0.540527344
vn 0.841308594 0 0.540527344
vn 0.841308594 0 0.540527344
vn 0.841308594 0 0.540527344
vn -0.841308594 -5.60283661E-06 -0.540527344
vn -0.841308594 -0.000235438347 -0.540527344
vn -0.841308594 -0.000235438347 -0.540527344
vn -0.841308594 -8.16583633E-06 -0.540527344
vn -0.841308594 0 -0.540527344
vn -0.841308594 0 -0.540527344
vn -0.841308594 0 -0.540527344
vn 0.390380859 0.690917969 -0.608398438
vn 0.390380859 0.690917969 -0.608398438
vn 0.390380859 0.690917969 -0.608398438
vn 0.390380859 0.690917969 -0.608398438
vn -0.390380859 0.690917969 0.608398438
vn -0.390380859 0.690917969 0.608398438
vn -0.390380859 0.690917969 0.608398438
vn -0.390380859 0.690917969 0.608398438
vn -0.390380859 0.690917969 0.608398438
vn -0 1 0
vn -0 1 0
vn -0 1 0
vn -0 1 0
vn -0.540039062 0 -0.841796875
vn -0.540039062 0 -0.841796875
vn -0.540039062 0 -0.841796875
vn -0.540039062 0 -0.841796875
vn 0.540039062 0 0.841796875
vn 0.540039062 0 0.841796875
vn 0.540039062 0 0.841796875
vn 0.540039062 0 0.841796875
vn -0.841308594 0 0.540527344
vn -0.841308594 -2.68220901E-06 0.540527344
vn -0.841308594 0 0.540527344
vn -0.841308594 -2.68220901E-06 0.540527344
vn -0.841308594 -7.47442245E-05 0.540527344
vn -0.841308594 -7.47442245E-05 0.540527344
vn 0.841308594 -5.24520874E-06 -0.540527344
vn 0.841308594 -0.000125050545 -0.540527344
vn 0.841308594 -0.000125050545 -0.540527344
vn 0.841308594 -6.61611557E-06 -0.540527344
vn 0.841308594 -2.32458115E-06 -0.540527344
vn 0.841308594 -2.32458115E-06 -0.540527344
vn 0.841308594 -2.32458115E-06 -0.540527344
vn -0.390380859 0.690917969 -0.608398438
vn -0.390380859 0.690917969 -0.608398438
vn -0.390380859 0.690917969 -0.608398438
vn -0.390380859 0.690917969 -0.608398438
vn 0.390380859 0.690917969 0.608398438
vn 0.390380859 0.690917969 0.608398438
vn 0.390380859 0.690917969 0.608398438
vn 0.390380859 0.690917969 0.608398438
vn 0.390380859 0.690917969 0.608398438
vn -0.540039062 0 0.841796875
vn -0.540039062 0 0.841796875
vn -0.540039062 0 0.841796875
vn -0.540039062 0 0.841796875
vn 0.841308594 4.529953E-06 0.540527344
vn 0.841308594 4.529953E-06 0.540527344
vn 0.841308594 4.529953E-06 0.540527344
vn 0.841308594 4.529953E-06 0.540527344
vn -1.78813934E-07 -1 4.76837158E-07
vn -1.78813934E-07 -1 4.76837158E-07
vn -1.78813934E-07 -1 4.76837158E-07
vn -1.78813934E-07 -1 4.76837158E-07
vn -0.841308594 4.529953E-06 -0.540527344
vn -0.841308594 4.529953E-06 -0.540527344
vn -0.841308594 4.529953E-06 -0.540527344
vn -0.841308594 4.529953E-06 -0.540527344
vn -0.202636719 0 -0.979492188
vn -0.202636719 0 -0.979492188
vn -0.202636719 0 -0.979492188
vn -0.202636719 0 -0.979492188
vn 0.974609375 0 -0.223388672
vn 0.974609375 0 -0.223388672
vn 0.974609375 0 -0.223388672
vn 0.974609375 0 -0.223388672
vn 0.540039062 0 -0.841796875
vn 0.873046875 0 -0.487304688
vn 0.873046875 0 -0.487304688
vn 0.540039062 0 -0.841796875
vn 0.0791625977 0 -0.997070312
vn 0.0791625977 0 -0.997070312
vn -0 1 0
vn -0 1 0
vn -0 1 0
vn -0 1 0
vn -0 1 2.38418579E-07
vn -0.202636719 0 -0.979492188
vn -0.202636719 0 -0.979492188
vn -0.202636719 0 -0.979492188
vn -0.202636719 0 -0.979492188
vn 0.974609375 0 -0.223388672
vn 0.974609375 0 -0.223388672
vn 0.974609375 0 -0.223388672
vn 0.974609375 0 -0.223388672
vn 0.540039062 0 -0.841796875
vn 0.873046875 0 -0.487304688
vn 0.873046875 0 -0.487304688
vn 0.540039062 0 -0.841796875
vn 0.0791625977 0 -0.997070312
vn 0.0791625977 0 -0.997070312
vn -0 1 0
vn -0 1 0
vn -0 1 0
vn -0 1 0
vn -0 1 0
vn -0.540039062 0 0.841796875
vn -0.540039062 0 0.841796875
vn -0.540039062 0 0.841796875
vn -0.540039062 0 0.841796875
vn 0.841308594 4.529953E-06 0.540527344
vn 0.841308594 4.529953E-06 0.540527344
vn 0.841308594 4.529953E-06 0.540527344
vn 0.841308594 4.529953E-06 0.540527344
vn -1.78813934E-07 -1 0
vn -1.78813934E-07 -1 0
vn -1.78813934E-07 -1 0
vn -1.78813934E-07 -1 0
vn -0.841308594 4.529953E-06 -0.540527344
vn -0.841308594 4.529953E-06 -0.540527344
vn -0.841308594 4.529953E-06 -0.540527344
vn -0.841308594 4.529953E-06 -0.540527344
vn -0 1 0
vn -0 1 0
vn -0 1 0
vn -0 1 0
vn 0.540039062 0 -0.841796875
vn 0.540039062 0 -0.841796875
vn 0.540039062 0 -0.841796875
vn 0.540039062 0 -0.841796875
vn -0.540039062 0 0.841796875
vn -0.540039062 0 0.841796875
vn -0.540039062 0 0.841796875
vn -0.540039062 0 0.841796875
vn 0.841308594 -4.11272049E-06 0.540527344
vn 0.841308594 -0.000113844872 0.540527344
vn 0.841308594 -0.000113844872 0.540527344
vn 0.841308594 -4.11272049E-06 0.540527344
vn 0.841308594 0 0.540527344
vn 0.841308594 0 0.540527344
vn -0.841308594 0 -0.540527344
vn -0.841308594 0 -0.540527344
vn -0.841308594 0 -0.540527344
vn -0.841308594 0 -0.540527344
vn -0.841308594 0 -0.540527344
vn -0.841308594 0 -0.540527344
vn 0.390380859 0.690917969 -0.608398438
vn 0.390380859 0.690917969 -0.608398438
vn 0.390380859 0.690917969 -0.608398438
vn 0.390380859 0.690917969 -0.608398438
vn -0.390380859 0.690917969 0.608398438
vn -0.390380859 0.690917969 0.608398438
vn -0.390380859 0.690917969 0.608398438
vn -0.390380859 0.690917969 0.608398438
vn -0.540039062 0 0.841796875
vn -0.540039062 0 0.841796875
vn -0.540039062 0 0.841796875
vn -0.540039062 0 0.841796875
vn -0.540039062 -1.16229057E-05 0.841796875
vn -0.540039062 -9.97185707E-05 0.841796875
vn -0.540039062 -1.71065331E-05 0.841796875
vn -0.540039062 -9.49501991E-05 0.841796875
vn -0.540039062 -8.30888748E-05 0.841796875
vn -0.540039062 -0.000162959099 0.841796875
vn -0.540039062 2.33650208E-05 0.841796875
vn -0.540039062 -0.000162959099 0.841796875
vn -0.540039062 -0.000162959099 0.841796875
vn -0.684570312 -0.581542969 -0.439697266
vn -0.684570312 -0.581542969 -0.439697266
vn -0.684570312 -0.581542969 -0.439697266
vn -0.684570312 -0.581542969 -0.439697266
vn 0.253417969 -0.953613281 0.162719727
vn 0.253417969 -0.953613281 0.162719727
vn 0.253417969 -0.953613281 0.162719727
vn 0.253417969 -0.953613281 0.162719727
vn -0.253417969 -0.953613281 -0.162719727
vn -0.253417969 -0.953613281 -0.162719727
vn -0.253417969 -0.953613281 -0.162719727
vn -0.253417969 -0.953613281 -0.162719727
vn 0.687988281 -0.575683594 0.441894531
vn 0.687988281 -0.575683594 0.441894531
vn 0.687988281 -0.575683594 0.441894531
vn 0.687988281 -0.575683594 0.441894531
vn -0.534667969 -0.771972656 -0.343505859
vn -0.534667969 -0.771972656 -0.343505859
vn -0.534667969 -0.771972656 -0.343505859
vn -0.534667969 -0.771972656 -0.343505859
vn -0.841308594 2.38418579E-05 -0.540527344
vn -0.841308594 2.38418579E-05 -0.540527344
vn -0.841308594 2.38418579E-05 -0.540527344
vn -0.841308594 2.38418579E-05 -0.540527344
vn 0.841308594 -2.38418579E-05 0.540527344
vn 0.841308594 -2.38418579E-05 0.540527344
vn 0.841308594 -2.38418579E-05 0.540527344
vn 0.841308594 -2.38418579E-05 0.540527344
vn 0.53515625 -0.771484375 0.34375
vn 0.53515625 -0.771484375 0.34375
vn 0.53515625 -0.771484375 0.34375
vn 0.53515625 -0.771484375 0.34375
vn -0.540039062 0 0.841796875
vn -0.540039062 -6.19888306E-06 0.841796875
vn -0.540039062 -6.19888306E-06 0.841796875
vn -0.540039062 0 0.841796875
vn -0.540039062 4.23192978E-06 0.841796875
vn -0.540039062 4.47034836E-06 0.841796875
vn -0.540039062 6.31809235E-06 0.841796875
vn -0.540039062 6.91413879E-06 0.841796875
vn -0.540039062 0 0.841796875
vn -0.540039062 0 0.841796875
vn -0.540039062 -6.19888306E-06 0.841796875
vn -0.540039062 -1.25169754E-06 0.841796875
vn -0.540039062 -6.19888306E-06 0.841796875
vn -0.540039062 -3.21865082E-06 0.841796875
vn -0.540039062 4.47034836E-06 0.841796875
vn -0.540039062 4.23192978E-06 0.841796875
vn -0.540039062 6.73532486E-06 0.841796875
vn -0.540039062 6.19888306E-06 0.841796875
vn -0.540039062 0 0.841796875
vn -0.540039062 0 0.841796875
vn -0.690429688 0.571777344 -0.443359375
vn -0.625976562 0.66796875 -0.402099609
vn -0.690429688 0.571777344 -0.443359375
vn -0.625976562 0.668457031 -0.402099609
vn -0.515136719 0.790527344 -0.330810547
vn -0.515136719 0.790527344 -0.330810547
vn -0.376708984 0.894042969 -0.241943359
vn -0.376708984 0.894042969 -0.241943359
vn 0.376708984 0.894042969 0.241943359
vn 0.514160156 0.791503906 0.330322266
vn 0.376708984 0.894042969 0.241943359
vn 0.514160156 0.791503906 0.330322266
vn 0.625976562 0.66796875 0.402099609
vn 0.625976562 0.66796875 0.402099609
vn 0.686035156 0.579101562 0.440673828
vn 0.686035156 0.579101562 0.440673828
vn 0.841308594 0 0.540527344
vn 0.841308594 0 0.540527344
vn 0.841308594 0 0.540527344
vn 0.841308594 0 0.540527344
vn -0.841308594 0 -0.540527344
vn -0.841308594 0 -0.540527344
vn -0.841308594 0 -0.540527344
vn -0.841308594 0 -0.540527344
vn -0.540039062 0 0.841796875
vn -0.540039062 0 0.841796875
vn -0.540039062 0 0.841796875
vn -0.540039062 0 0.841796875
vn 0.503417969 0.801269531 0.323242188
vn 0.503417969 0.801269531 0.323242188
vn 0.503417969 0.801269531 0.323242188
vn 0.503417969 0.801269531 0.323242188
vn 0.633789062 -0.657714844 0.406982422
vn 0.633789062 -0.657714844 0.406982422
vn 0.633789062 -0.657714844 0.406982422
vn 0.633789062 -0.657714844 0.406982422
vn -0.616210938 -0.681152344 -0.395751953
vn -0.616210938 -0.681152344 -0.395751953
vn -0.616210938 -0.681152344 -0.395751953
vn -0.616210938 -0.681152344 -0.395751953
vn -0.509765625 0.795410156 -0.327636719
vn -0.509765625 0.795410156 -0.327636719
vn -0.509765625 0.795410156 -0.327636719
vn -0.509765625 0.795410156 -0.327636719
vn -0.530761719 -0.178222656 0.828613281
vn -0.530761719 -0.178222656 0.828613281
vn -0.530761719 -0.178222656 0.828613281
vn -0.530761719 -0.178222656 0.828613281
vn -0 -1 0
vn -0 -1 0
vn -0 -1 0
vn -0 -1 0
vn -0.539550781 0 0.841796875
vn -0.539550781 0 0.841796875
vn -0.539550781 0 0.841796875
vn -0.539550781 0 0.841796875
vn 2.98023224E-07 -1 0
vn 2.98023224E-07 -1 0
vn 2.98023224E-07 -1 0
vn 2.98023224E-07 -1 0
vn -0.539550781 0 0.841796875
vn -0.539550781 0 0.841796875
vn -0.539550781 0 0.841796875
vn -0.539550781 0 0.841796875
vn -0.182739258 0.940917969 0.28515625
vn -0.182739258 0.940917969 0.28515625
vn -0.182739258 0.940917969 0.28515625
vn -0.182739258 0.940917969 0.28515625
vn -0 1 0
vn -0 1 0
vn -0 1 0
vn -0 1 0
vn -0.491699219 0.411865234 0.767089844
vn -0.491699219 0.411865234 0.767089844
vn -0.491699219 0.411865234 0.767089844
vn -0.491699219 0.411865234 0.767089844
vn -0.176635742 0.944824219 0.275634766
vn -0.176635742 0.944824219 0.275634766
vn -0.176635742 0.944824219 0.275634766
vn -0.176635742 0.944824219 0.275634766
vn -0.176635742 0.944824219 0.275634766
vn -0.176635742 0.944824219 0.275634766
vn -0.176635742 0.944824219 0.275634766
vn -0.176635742 0.944824219 0.275634766
vn 0.259765625 0.876464844 -0.405273438
vn 0.259765625 0.876464844 -0.405273438
vn 0.259765625 0.876464844 -0.405273438
vn 0.259765625 0.876464844 -0.405273438
vn -0.507324219 0.339355469 0.791992188
vn -0.507324219 0.339355469 0.791992188
vn -0.507324219 0.339355469 0.791992188
vn -0.507324219 0.339355469 0.791992188
vn 0.390136719 0.690429688 -0.608886719
vn 0.390136719 0.690429688 -0.608886719
vn 0.390136719 0.690429688 -0.608886719
vn 0.390136719 0.690429688 -0.608886719
vn -0.390380859 0.690429688 0.608886719
vn -0.390380859 0.690429688 0.608886719
vn -0.390380859 0.690429688 0.608886719
vn -0.390380859 0.690429688 0.608886719
vn -0.539550781 0 0.841796875
vn -0.539550781 0 0.841796875
vn -0.539550781 0 0.841796875
vn -0.539550781 0 0.841796875
vn -0 1 0
vn -0 1 0
vn -0 1 0
vn -0 1 0
vn 0.539550781 0 -0.841796875
vn 0.539550781 0 -0.841796875
vn 0.539550781 0 -0.841796875
vn 0.539550781 0 -0.841796875
vn -0 1 0
vn -0 1 0
vn -0 1 0
vn -0 1 0
vn 0.540039062 0 -0.841796875
vn 0.540039062 0 -0.841796875
vn 0.540039062 0 -0.841796875
vn 0.540039062 0 -0.841796875
vn -0.540039062 0 0.841796875
vn -0.540039062 0 0.841796875
vn -0.540039062 0 0.841796875
vn -0.540039062 0 0.841796875
vn 0.841308594 0 0.540527344
vn 0.841308594 0 0.540527344
vn 0.841308594 8.22544098E-06 0.540527344
vn 0.841308594 8.22544098E-06 0.540527344
vn 0.841308594 0.000227689743 0.540527344
vn 0.841308594 0.000227689743 0.540527344
vn -0.841308594 0 -0.540527344
vn -0.841308594 0 -0.540527344
vn -0.841308594 0 -0.540527344
vn -0.841308594 0 -0.540527344
vn -0.841308594 0 -0.540527344
vn -0.841308594 0 -0.540527344
vn -0.841308594 0 -0.540527344
vn 0.390380859 0.690917969 -0.608398438
vn 0.390380859 0.690917969 -0.608398438
vn 0.390380859 0.690917969 -0.608398438
vn 0.390380859 0.690917969 -0.608398438
vn -0.390380859 0.690917969 0.608398438
vn -0.390380859 0.690917969 0.608398438
vn -0.390380859 0.690917969 0.608398438
vn -0.390380859 0.690917969 0.608398438
vn -0.390380859 0.690917969 0.608398438
vn -0 1 0
vn -0 1 0
vn -0 1 0
vn -0 1 0
vn 0.540039062 0 -0.841796875
vn 0.540039062 0 -0.841796875
vn 0.540039062 0 -0.841796875
vn 0.540039062 0 -0.841796875
vn -0.540039062 0 0.841796875
vn -0.540039062 0 0.841796875
vn -0.540039062 0 0.841796875
vn -0.540039062 0 0.841796875
vn 0.841308594 0 0.540527344
vn 0.841308594 0 0.540527344
vn 0.841308594 0 0.540527344
vn 0.841308594 0 0.540527344
vn 0.841308594 0 0.540527344
vn 0.841308594 0 0.540527344
vn -0.841308594 0 -0.540527344
vn -0.841308594 0 -0.540527344
vn -0.841308594 0 -0.540527344
vn -0.841308594 0 -0.540527344
vn -0.841308594 0 -0.540527344
vn -0.841308594 0 -0.540527344
vn 0.390380859 0.690917969 -0.608398438
vn 0.390380859 0.690917969 -0.608398438
vn 0.390380859 0.690917969 -0.608398438
vn 0.390380859 0.690917969 -0.608398438
vn -0.390380859 0.690917969 0.608398438
vn -0.390380859 0.690917969 0.608398438
vn -0.390380859 0.690917969 0.608398438
vn -0.390380859 0.690917969 0.608398438
vn 0.540039062 0 0.841796875
vn 0.540039062 0 0.841796875
vn 0.540039062 0 0.841796875
vn 0.540039062 0 0.841796875
vn -0.841308594 -2.2649765E-06 0.540527344
vn -0.841308594 -2.2649765E-06 0.540527344
vn -0.841308594 -2.2649765E-06 0.540527344
vn -0.841308594 -2.2649765E-06 0.540527344
vn 1.78813934E-07 -1 5.96046448E-07
vn 1.78813934E-07 -1 5.96046448E-07
vn 1.78813934E-07 -1 5.96046448E-07
vn 1.78813934E-07 -1 5.96046448E-07
vn 0.841308594 0 -0.540527344
vn 0.841308594 0 -0.540527344
vn 0.841308594 0 -0.540527344
vn 0.841308594 0 -0.540527344
vn 0.202636719 0 -0.979492188
vn 0.202636719 0 -0.979492188
vn 0.202636719 0 -0.979492188
vn 0.202636719 0 -0.979492188
vn -0.974609375 0 -0.223388672
vn -0.974609375 0 -0.223388672
vn -0.974609375 0 -0.223388672
vn -0.974609375 0 -0.223388672
vn -0.540039062 0 -0.841796875
vn -0.873046875 0 -0.487304688
vn -0.873046875 0 -0.487304688
vn -0.540039062 0 -0.841796875
vn -0.0791625977 0 -0.997070312
vn -0.0791625977 0 -0.997070312
vn -0 1 0
vn -0 1 -5.36441803E-07
vn -0 1 0
vn -0 1 0
vn -0 1 0
vn 0.202636719 0 -0.979492188
vn 0.202636719 0 -0.979492188
vn 0.202636719 0 -0.979492188
vn 0.202636719 0 -0.979492188
vn -0.974609375 0 -0.223388672
vn -0.974609375 0 -0.223388672
vn -0.974609375 0 -0.223388672
vn -0.974609375 0 -0.223388672
vn -0.540039062 0 -0.841796875
vn -0.873046875 0 -0.487304688
vn -0.873046875 0 -0.487304688
vn -0.540039062 0 -0.841796875
vn -0.0791625977 0 -0.997070312
vn -0.0791625977 0 -0.997070312
vn -0 1 0
vn -0 1 -5.36441803E-07
vn -0 1 0
vn -0 1 0
vn -0 1 0
vn 0.540039062 0 0.841796875
vn 0.540039062 0 0.841796875
vn 0.540039062 0 0.841796875
vn 0.540039062 0 0.841796875
vn -0.841308594 0 0.540527344
vn -0.841308594 0 0.540527344
vn -0.841308594 0 0.540527344
vn -0.841308594 0 0.540527344
vn 1.78813934E-07 -1 5.96046448E-07
vn 1.78813934E-07 -1 5.96046448E-07
vn 1.78813934E-07 -1 5.96046448E-07
vn 1.78813934E-07 -1 5.96046448E-07
vn 0.841308594 -4.529953E-06 -0.540527344
vn 0.841308594 -4.529953E-06 -0.540527344
vn 0.841308594 -4.529953E-06 -0.540527344
vn 0.841308594 -4.529953E-06 -0.540527344
vn -0 1 0
vn -0 1 0
vn -0 1 0
vn -0 1 0
vn -0.540039062 0 -0.841796875
vn -0.540039062 0 -0.841796875
vn -0.540039062 0 -0.841796875
vn -0.540039062 0 -0.841796875
vn 0.540039062 0 0.841796875
vn 0.540039062 0 0.841796875
vn 0.540039062 0 0.841796875
vn 0.540039062 0 0.841796875
vn -0.841308594 2.8014183E-06 0.540527344
vn -0.841308594 7.82608986E-05 0.540527344
vn -0.841308594 7.82608986E-05 0.540527344
vn -0.841308594 2.8014183E-06 0.540527344
vn -0.841308594 0 0.540527344
vn -0.841308594 0 0.540527344
vn 0.841308594 -4.23192978E-06 -0.540527344
vn 0.841308594 -0.00011742115 -0.540527344
vn 0.841308594 -0.00011742115 -0.540527344
vn 0.841308594 -4.23192978E-06 -0.540527344
vn 0.841308594 0 -0.540527344
vn 0.841308594 0 -0.540527344
vn -0.390380859 0.690917969 -0.608398438
vn -0.390380859 0.690917969 -0.608398438
vn -0.390380859 0.690917969 -0.608398438
vn -0.390380859 0.690917969 -0.608398438
vn 0.390380859 0.690917969 0.608398438
vn 0.390380859 0.690917969 0.608398438
vn 0.390380859 0.690917969 0.608398438
vn 0.390380859 0.690917969 0.608398438
vn 0.540039062 0 0.841796875
vn 0.540039062 0 0.841796875
vn 0.540039062 0 0.841796875
vn 0.540039062 0 0.841796875
vn 0.540039062 -8.70227814E-06 0.841796875
vn 0.540039062 4.9829483E-05 0.841796875
vn 0.540039062 -1.06096268E-05 0.841796875
vn 0.540039062 4.64320183E-05 0.841796875
vn 0.540039062 -8.85725021E-05 0.841796875
vn 0.540039062 0.000241279602 0.841796875
vn 0.540039062 -8.20755959E-05 0.841796875
vn 0.540039062 0.000241279602 0.841796875
vn 0.540039062 0.000241279602 0.841796875
vn 0.684570312 -0.581542969 -0.439697266
vn 0.684570312 -0.581542969 -0.439697266
vn 0.684570312 -0.581542969 -0.439697266
vn 0.684570312 -0.581542969 -0.439697266
vn -0.253417969 -0.953613281 0.162719727
vn -0.253417969 -0.953613281 0.162719727
vn -0.253417969 -0.953613281 0.162719727
vn -0.253417969 -0.953613281 0.162719727
vn 0.253417969 -0.953613281 -0.162719727
vn 0.253417969 -0.953613281 -0.162719727
vn 0.253417969 -0.953613281 -0.162719727
vn 0.253417969 -0.953613281 -0.162719727
vn -0.687988281 -0.575683594 0.441894531
vn -0.687988281 -0.575683594 0.441894531
vn -0.687988281 -0.575683594 0.441894531
vn -0.687988281 -0.575683594 0.441894531
vn 0.534667969 -0.771972656 -0.343505859
vn 0.534667969 -0.771972656 -0.343505859
vn 0.534667969 -0.771972656 -0.343505859
vn 0.534667969 -0.771972656 -0.343505859
vn 0.841308594 0 -0.540527344
vn 0.841308594 0 -0.540527344
vn 0.841308594 0 -0.540527344
vn 0.841308594 0 -0.540527344
vn -0.841308594 0 0.540527344
vn -0.841308594 0 0.540527344
vn -0.841308594 0 0.540527344
vn -0.841308594 0 0.540527344
vn -0.53515625 -0.771484375 0.34375
vn -0.53515625 -0.771484375 0.34375
vn -0.53515625 -0.771484375 0.34375
vn -0.53515625 -0.771484375 0.34375
vn 0.540039062 6.67572021E-06 0.841796875
vn 0.540039062 7.09295273E-06 0.841796875
vn 0.540039062 7.09295273E-06 0.841796875
vn 0.540039062 5.48362732E-06 0.841796875
vn 0.540039062 3.33786011E-06 0.841796875
vn 0.540039062 3.21865082E-06 0.841796875
vn 0.540039062 3.69548798E-06 0.841796875
vn 0.540039062 3.15904617E-06 0.841796875
vn 0.540039062 9.77516174E-06 0.841796875
vn 0.540039062 9.77516174E-06 0.841796875
vn 0.540039062 7.09295273E-06 0.841796875
vn 0.540039062 7.09295273E-06 0.841796875
vn 0.540039062 4.35113907E-06 0.841796875
vn 0.540039062 3.87430191E-06 0.841796875
vn 0.540039062 8.34465027E-07 0.841796875
vn 0.540039062 1.07288361E-06 0.841796875
vn 0.540039062 -1.66893005E-06 0.841796875
vn 0.540039062 -1.54972076E-06 0.841796875
vn 0.540039062 0 0.841796875
vn 0.540039062 0 0.841796875
vn 0.690429688 0.571777344 -0.443359375
vn 0.690429688 0.571777344 -0.443359375
vn 0.625976562 0.66796875 -0.402099609
vn 0.625976562 0.66796875 -0.402099609
vn 0.515136719 0.790527344 -0.330810547
vn 0.515136719 0.790527344 -0.330810547
vn 0.376708984 0.894042969 -0.241943359
vn 0.376708984 0.894042969 -0.241943359
vn -0.376708984 0.894042969 0.241943359
vn -0.376708984 0.894042969 0.241943359
vn -0.514160156 0.791503906 0.330322266
vn -0.514160156 0.791503906 0.330322266
vn -0.625976562 0.66796875 0.402099609
vn -0.625976562 0.66796875 0.402099609
vn -0.686035156 0.578613281 0.440673828
vn -0.686035156 0.578613281 0.440673828
vn -0.841308594 0 0.540527344
vn -0.841308594 0 0.540527344
vn -0.841308594 0 0.540527344
vn -0.841308594 0 0.540527344
vn 0.841308594 3.02791595E-05 -0.540527344
vn 0.841308594 3.02791595E-05 -0.540527344
vn 0.841308594 3.02791595E-05 -0.540527344
vn 0.841308594 3.02791595E-05 -0.540527344
vn 0.540039062 0 0.841796875
vn 0.540039062 0 0.841796875
vn 0.540039062 0 0.841796875
vn 0.540039062 0 0.841796875
vn -0.503417969 0.801269531 0.323486328
vn -0.503417969 0.801269531 0.323486328
vn -0.503417969 0.801269531 0.323486328
vn -0.503417969 0.801269531 0.323486328
vn -0.633789062 -0.657714844 0.406982422
vn -0.633789062 -0.657714844 0.406982422
vn -0.633789062 -0.657714844 0.406982422
vn -0.633789062 -0.657714844 0.406982422
vn 0.616210938 -0.681152344 -0.395751953
vn 0.616210938 -0.681152344 -0.395751953
vn 0.616210938 -0.681152344 -0.395751953
vn 0.616210938 -0.681152344 -0.395751953
vn 0.509765625 0.795410156 -0.327636719
vn 0.509765625 0.795410156 -0.327636719
vn 0.509765625 0.795410156 -0.327636719
vn 0.509765625 0.795410156 -0.327636719
vn 0.530761719 -0.178222656 0.828613281
vn 0.530761719 -0.178222656 0.828613281
vn 0.530761719 -0.178222656 0.828613281
vn 0.530761719 -0.178222656 0.828613281
vn -0 -1 0
vn -0 -1 0
vn -0 -1 0
vn -0 -1 0
vn 0.539550781 0 0.841796875
vn 0.539550781 0 0.841796875
vn 0.539550781 0 0.841796875
vn 0.539550781 0 0.841796875
vn -2.98023224E-07 -1 -2.38418579E-07
vn -2.98023224E-07 -1 -2.38418579E-07
vn -2.98023224E-07 -1 -2.38418579E-07
vn -2.98023224E-07 -1 -2.38418579E-07
vn 0.539550781 0 0.841796875
vn 0.539550781 0 0.841796875
vn 0.539550781 0 0.841796875
vn 0.539550781 0 0.841796875
vn 0.182739258 0.940917969 0.284912109
vn 0.182739258 0.940917969 0.284912109
vn 0.182739258 0.940917969 0.284912109
vn 0.182739258 0.940917969 0.284912109
vn -0 1 -1.78813934E-07
vn -0 1 -1.78813934E-07
vn -0 1 -1.78813934E-07
vn -0 1 -1.78813934E-07
vn 0.491699219 0.411865234 0.767089844
vn 0.491699219 0.411865234 0.767089844
vn 0.491699219 0.411865234 0.767089844
vn 0.491699219 0.411865234 0.767089844
vn 0.176879883 0.944824219 0.275878906
vn 0.176879883 0.944824219 0.275878906
vn 0.176879883 0.944824219 0.275878906
vn 0.176879883 0.944824219 0.275878906
vn 0.176757812 0.944824219 0.275878906
vn 0.176757812 0.944824219 0.275878906
vn 0.176757812 0.944824219 0.275878906
vn 0.176757812 0.944824219 0.275878906
vn -0.260009766 0.876464844 -0.405761719
vn -0.260009766 0.876464844 -0.405761719
vn -0.260009766 0.876464844 -0.405761719
vn -0.260009766 0.876464844 -0.405761719
vn 0.5078125 0.338378906 0.791992188
vn 0.5078125 0.338378906 0.791992188
vn 0.5078125 0.338378906 0.791992188
vn 0.5078125 0.338378906 0.791992188
vn -0.390136719 0.690917969 -0.608886719
vn -0.390136719 0.690917969 -0.608886719
vn -0.390136719 0.690917969 -0.608886719
vn -0.390136719 0.690917969 -0.608886719
vn 0.390380859 0.690429688 0.608886719
vn 0.390380859 0.690429688 0.608886719
vn 0.390380859 0.690429688 0.608886719
vn 0.390380859 0.690429688 0.608886719
vn 0.539550781 0 0.841796875
vn 0.539550781 0 0.841796875
vn 0.539550781 0 0.841796875
vn 0.539550781 0 0.841796875
vn -0 1 0
vn -0 1 0
vn -0 1 0
vn -0 1 0
vn -0.539550781 1.84774399E-06 -0.841796875
vn -0.539550781 1.84774399E-06 -0.841796875
vn -0.539550781 1.84774399E-06 -0.841796875
vn -0.539550781 1.84774399E-06 -0.841796875
vn -0 1 0
vn -0 1 0
vn -0 1 0
vn -0 1 0
vn -0.540039062 0 -0.841796875
vn -0.540039062 0 -0.841796875
vn -0.540039062 0 -0.841796875
vn -0.540039062 0 -0.841796875
vn 0.540039062 0 0.841796875
vn 0.540039062 0 0.841796875
vn 0.540039062 0 0.841796875
vn 0.540039062 0 0.841796875
vn -0.841308594 0 0.540527344
vn -0.841308594 -3.9935112E-06 0.540527344
vn -0.841308594 0 0.540527344
vn -0.841308594 -3.9935112E-06 0.540527344
vn -0.841308594 -0.000110328197 0.540527344
vn -0.841308594 -0.000110328197 0.540527344
vn 0.841308594 -5.1856041E-06 -0.540527344
vn 0.841308594 -0.000132441521 -0.540527344
vn 0.841308594 -0.000132441521 -0.540527344
vn 0.841308594 -6.61611557E-06 -0.540527344
vn 0.841308594 -2.08616257E-06 -0.540527344
vn 0.841308594 -2.08616257E-06 -0.540527344
vn 0.841308594 -2.08616257E-06 -0.540527344
vn -0.390380859 0.690917969 -0.608398438
vn -0.390380859 0.690917969 -0.608398438
vn -0.390380859 0.690917969 -0.608398438
vn -0.390380859 0.690917969 -0.608398438
vn 0.390380859 0.690917969 0.608398438
vn 0.390380859 0.690917969 0.608398438
vn 0.390380859 0.690917969 0.608398438
vn 0.390380859 0.690917969 0.608398438
vn 0.390380859 0.690917969 0.608398438
vn -0 1 0
vn -0 1 0
vn -0 1 0
vn -0 1 0
vn -0.540039062 0 -0.841796875
vn -0.540039062 0 -0.841796875
vn -0.540039062 0 -0.841796875
vn -0.540039062 0 -0.841796875
vn 0.540039062 0 0.841796875
vn 0.540039062 0 0.841796875
vn 0.540039062 0 0.841796875
vn 0.540039062 0 0.841796875
vn -0.841308594 -1.13248825E-06 0.540527344
vn -0.841308594 -3.20076942E-05 0.540527344
vn -0.841308594 -3.20076942E-05 0.540527344
vn -0.841308594 -1.13248825E-06 0.540527344
vn -0.841308594 0 0.540527344
vn -0.841308594 0 0.540527344
vn 0.841308594 -2.38418579E-07 -0.540527344
vn 0.841308594 -7.09295273E-06 -0.540527344
vn 0.841308594 -7.09295273E-06 -0.540527344
vn 0.841308594 -2.38418579E-07 -0.540527344
vn 0.841308594 0 -0.540527344
vn 0.841308594 0 -0.540527344
vn -0.390380859 0.690917969 -0.608398438
vn -0.390380859 0.690917969 -0.608398438
vn -0.390380859 0.690917969 -0.608398438
vn -0.390380859 0.690917969 -0.608398438
vn 0.390380859 0.690917969 0.608398438
vn 0.390380859 0.690917969 0.608398438
vn 0.390380859 0.690917969 0.608398438
vn 0.390380859 0.690917969 0.608398438
vn 0.540039062 0 0.841796875
vn 0.540039062 0 0.841796875
vn 0.540039062 0 0.841796875
vn 0.540039062 0 0.841796875
vn -0.841308594 0 0.540527344
vn -0.841308594 0 0.540527344
vn -0.841308594 0 0.540527344
vn -0.841308594 0 0.540527344
vn 1.78813934E-07 -1 4.76837158E-07
vn 1.78813934E-07 -1 4.76837158E-07
vn 1.78813934E-07 -1 4.76837158E-07
vn 1.78813934E-07 -1 4.76837158E-07
vn 0.841308594 0 -0.540527344
vn 0.841308594 0 -0.540527344
vn 0.841308594 0 -0.540527344
vn 0.841308594 0 -0.540527344
vn 0.202636719 0 -0.979492188
vn 0.202636719 0 -0.979492188
vn 0.202636719 0 -0.979492188
vn 0.202636719 0 -0.979492188
vn -0.974609375 0 -0.223388672
vn -0.974609375 0 -0.223388672
vn -0.974609375 0 -0.223388672
vn -0.974609375 0 -0.223388672
vn -0.540039062 0 -0.841796875
vn -0.873046875 0 -0.487304688
vn -0.873046875 0 -0.487304688
vn -0.540039062 0 -0.841796875
vn -0.0791625977 0 -0.997070312
vn -0.0791625977 0 -0.997070312
vn -0 1 0
vn -0 1 2.38418579E-07
vn -0 1 0
vn -0 1 0
vn -0 1 2.38418579E-07
vn 0.202636719 0 -0.979492188
vn 0.202636719 0 -0.979492188
vn 0.202636719 0 -0.979492188
vn 0.202636719 0 -0.979492188
vn -0.974609375 0 -0.223388672
vn -0.974609375 0 -0.223388672
vn -0.974609375 0 -0.223388672
vn -0.974609375 0 -0.223388672
vn -0.540039062 0 -0.841796875
vn -0.873046875 0 -0.487304688
vn -0.873046875 0 -0.487304688
vn -0.540039062 0 -0.841796875
vn -0.0791625977 0 -0.997070312
vn -0.0791625977 0 -0.997070312
vn -0 1 0
vn -0 1 2.38418579E-07
vn -0 1 0
vn -0 1 0
vn -0 1 2.38418579E-07
vn 0.540039062 0 0.841796875
vn 0.540039062 0 0.841796875
vn 0.540039062 0 0.841796875
vn 0.540039062 0 0.841796875
vn -0.841308594 2.2649765E-06 0.540527344
vn -0.841308594 2.2649765E-06 0.540527344
vn -0.841308594 2.2649765E-06 0.540527344
vn -0.841308594 2.2649765E-06 0.540527344
vn 1.78813934E-07 -1 1.1920929E-07
vn 1.78813934E-07 -1 1.1920929E-07
vn 1.78813934E-07 -1 1.1920929E-07
vn 1.78813934E-07 -1 1.1920929E-07
vn 0.841308594 9.05990601E-06 -0.540527344
vn 0.841308594 9.05990601E-06 -0.540527344
vn 0.841308594 9.05990601E-06 -0.540527344
vn 0.841308594 9.05990601E-06 -0.540527344
vn -0 1 0
vn -0 1 0
vn -0 1 0
vn -0 1 0
vn -0.540039062 0 -0.841796875
vn -0.540039062 0 -0.841796875
vn -0.540039062 0 -0.841796875
vn -0.540039062 0 -0.841796875
vn 0.540039062 0 0.841796875
vn 0.540039062 0 0.841796875
vn 0.540039062 0 0.841796875
vn 0.540039062 0 0.841796875
vn -0.841308594 -4.76837158E-06 0.540527344
vn -0.841308594 -0.000131607056 0.540527344
vn -0.841308594 -0.000131607056 0.540527344
vn -0.841308594 -4.76837158E-06 0.540527344
vn -0.841308594 0 0.540527344
vn -0.841308594 0 0.540527344
vn 0.841308594 -5.36441803E-07 -0.540527344
vn 0.841308594 -1.42455101E-05 -0.540527344
vn 0.841308594 -1.42455101E-05 -0.540527344
vn 0.841308594 -5.36441803E-07 -0.540527344
vn 0.841308594 0 -0.540527344
vn 0.841308594 0 -0.540527344
vn -0.390380859 0.690917969 -0.608398438
vn -0.390380859 0.690917969 -0.608398438
vn -0.390380859 0.690917969 -0.608398438
vn -0.390380859 0.690917969 -0.608398438
vn 0.390380859 0.690917969 0.608398438
vn 0.390380859 0.690917969 0.608398438
vn 0.390380859 0.690917969 0.608398438
vn 0.390380859 0.690917969 0.608398438
vn 0.540039062 0 0.841796875
vn 0.540039062 0 0.841796875
vn 0.540039062 0 0.841796875
vn 0.540039062 0 0.841796875
vn 0.540039062 -8.70227814E-06 0.841796875
vn 0.540039062 0 0.841796875
vn 0.540039062 -1.13844872E-05 0.841796875
vn 0.540039062 -1.01327896E-06 0.841796875
vn 0.540039062 -4.06503677E-05 0.841796875
vn 0.540039062 -4.47034836E-06 0.841796875
vn 0.540039062 2.92658806E-05 0.841796875
vn 0.540039062 -4.47034836E-06 0.841796875
vn 0.540039062 -4.47034836E-06 0.841796875
vn 0.684570312 -0.581542969 -0.439697266
vn 0.684570312 -0.581542969 -0.439697266
vn 0.684570312 -0.581542969 -0.439697266
vn 0.684570312 -0.581542969 -0.439697266
vn -0.253417969 -0.953613281 0.162719727
vn -0.253417969 -0.953613281 0.162719727
vn -0.253417969 -0.953613281 0.162719727
vn -0.253417969 -0.953613281 0.162719727
vn 0.253417969 -0.953613281 -0.162719727
vn 0.253417969 -0.953613281 -0.162719727
vn 0.253417969 -0.953613281 -0.162719727
vn 0.253417969 -0.953613281 -0.162719727
vn -0.687988281 -0.575683594 0.441894531
vn -0.687988281 -0.575683594 0.441894531
vn -0.687988281 -0.575683594 0.441894531
vn -0.687988281 -0.575683594 0.441894531
vn 0.534667969 -0.771972656 -0.343505859
vn 0.534667969 -0.771972656 -0.343505859
vn 0.534667969 -0.771972656 -0.343505859
vn 0.534667969 -0.771972656 -0.343505859
vn 0.841308594 0 -0.540527344
vn 0.841308594 0 -0.540527344
vn 0.841308594 0 -0.540527344
vn 0.841308594 0 -0.540527344
vn -0.841308594 -2.38418579E-05 0.540527344
vn -0.841308594 -2.38418579E-05 0.540527344
vn -0.841308594 -2.38418579E-05 0.540527344
vn -0.841308594 -2.38418579E-05 0.540527344
vn -0.53515625 -0.771484375 0.34375
vn -0.53515625 -0.771484375 0.34375
vn -0.53515625 -0.771484375 0.34375
vn -0.53515625 -0.771484375 0.34375
vn 0.540039062 5.96046448E-07 0.841796875
vn 0.540039062 -5.24520874E-06 0.841796875
vn 0.540039062 -5.24520874E-06 0.841796875
vn 0.540039062 1.66893005E-06 0.841796875
vn 0.540039062 -2.02655792E-06 0.841796875
vn 0.540039062 -2.32458115E-06 0.841796875
vn 0.540039062 -4.76837158E-06 0.841796875
vn 0.540039062 -5.1856041E-06 0.841796875
vn 0.540039062 0 0.841796875
vn 0.540039062 0 0.841796875
vn 0.540039062 -5.24520874E-06 0.841796875
vn 0.540039062 -5.24520874E-06 0.841796875
vn 0.540039062 -8.04662704E-06 0.841796875
vn 0.540039062 -7.62939453E-06 0.841796875
vn 0.540039062 2.02655792E-06 0.841796875
vn 0.540039062 1.49011612E-06 0.841796875
vn 0.540039062 8.46385956E-06 0.841796875
vn 0.540039062 7.74860382E-06 0.841796875
vn 0.540039062 0 0.841796875
vn 0.540039062 0 0.841796875
vn 0.690429688 0.571777344 -0.443359375
vn 0.690429688 0.571777344 -0.443359375
vn 0.625976562 0.66796875 -0.402099609
vn 0.625976562 0.668457031 -0.402099609
vn 0.515136719 0.790527344 -0.330810547
vn 0.515136719 0.790527344 -0.330810547
vn 0.376708984 0.894042969 -0.241943359
vn 0.376708984 0.894042969 -0.241943359
vn -0.376708984 0.894042969 0.241943359
vn -0.376708984 0.894042969 0.241943359
vn -0.514160156 0.791503906 0.330322266
vn -0.514160156 0.791503906 0.330322266
vn -0.625976562 0.66796875 0.402099609
vn -0.625976562 0.66796875 0.402099609
vn -0.686035156 0.578613281 0.440673828
vn -0.686035156 0.578613281 0.440673828
vn -0.841308594 0 0.540527344
vn -0.841308594 0 0.540527344
vn -0.841308594 0 0.540527344
vn -0.841308594 0 0.540527344
vn 0.841308594 0 -0.540527344
vn 0.841308594 0 -0.540527344
vn 0.841308594 0 -0.540527344
vn 0.841308594 0 -0.540527344
vn 0.540039062 0 0.841796875
vn 0.540039062 0 0.841796875
vn 0.540039062 0 0.841796875
vn 0.540039062 0 0.841796875
vn -0.503417969 0.801269531 0.323242188
vn -0.503417969 0.801269531 0.323242188
vn -0.503417969 0.801269531 0.323242188
vn -0.503417969 0.801269531 0.323242188
vn -0.633789062 -0.657714844 0.406982422
vn -0.633789062 -0.657714844 0.406982422
vn -0.633789062 -0.657714844 0.406982422
vn -0.633789062 -0.657714844 0.406982422
vn 0.616210938 -0.681152344 -0.395751953
vn 0.616210938 -0.681152344 -0.395751953
vn 0.616210938 -0.681152344 -0.395751953
vn 0.616210938 -0.681152344 -0.395751953
vn 0.509765625 0.795410156 -0.327636719
vn 0.509765625 0.795410156 -0.327636719
vn 0.509765625 0.795410156 -0.327636719
vn 0.509765625 0.795410156 -0.327636719
vn 0.530761719 -0.178222656 0.828613281
vn 0.530761719 -0.178222656 0.828613281
vn 0.530761719 -0.178222656 0.828613281
vn 0.530761719 -0.178222656 0.828613281
vn -0 -1 0
vn -0 -1 0
vn -0 -1 0
vn -0 -1 0
vn 0.539550781 0 0.841796875
vn 0.539550781 0 0.841796875
vn 0.539550781 0 0.841796875
vn 0.539550781 0 0.841796875
vn -2.98023224E-07 -1 0
vn -2.98023224E-07 -1 0
vn -2.98023224E-07 -1 0
vn -2.98023224E-07 -1 0
vn 0.539550781 0 0.841796875
vn 0.539550781 0 0.841796875
vn 0.539550781 0 0.841796875
vn 0.539550781 0 0.841796875
vn 0.182739258 0.940917969 0.28515625
vn 0.182739258 0.940917969 0.28515625
vn 0.182739258 0.940917969 0.28515625
vn 0.182739258 0.940917969 0.28515625
vn -0 1 -1.78813934E-07
vn -0 1 -1.78813934E-07
vn -0 1 -1.78813934E-07
vn -0 1 -1.78813934E-07
vn 0.491699219 0.411865234 0.767089844
vn 0.491699219 0.411865234 0.767089844
vn 0.491699219 0.411865234 0.767089844
vn 0.491699219 0.411865234 0.767089844
vn 0.176635742 0.944824219 0.275634766
vn 0.176635742 0.944824219 0.275634766
vn 0.176635742 0.944824219 0.275634766
vn 0.176635742 0.944824219 0.275634766
vn 0.176635742 0.944824219 0.275634766
vn 0.176635742 0.944824219 0.275634766
vn 0.176635742 0.944824219 0.275634766
vn 0.176635742 0.944824219 0.275634766
vn -0.259765625 0.876464844 -0.405273438
vn -0.259765625 0.876464844 -0.405273438
vn -0.259765625 0.876464844 -0.405273438
vn -0.259765625 0.876464844 -0.405273438
vn 0.5078125 0.339355469 0.791992188
vn 0.5078125 0.339355469 0.791992188
vn 0.5078125 0.339355469 0.791992188
vn 0.5078125 0.339355469 0.791992188
vn -0.390136719 0.690429688 -0.608886719
vn -0.390136719 0.690429688 -0.608886719
vn -0.390136719 0.690429688 -0.608886719
vn -0.390136719 0.690429688 -0.608886719
vn 0.390380859 0.690429688 0.608886719
vn 0.390380859 0.690429688 0.608886719
vn 0.390380859 0.690429688 0.608886719
vn 0.390380859 0.690429688 0.608886719
vn 0.539550781 1.47223473E-05 0.841796875
vn 0.539550781 1.47223473E-05 0.841796875
vn 0.539550781 1.47223473E-05 0.841796875
vn 0.539550781 1.47223473E-05 0.841796875
vn -0 1 0
vn -0 1 0
vn -0 1 0
vn -0 1 0
vn -0.539550781 0 -0.841796875
vn -0.539550781 0 -0.841796875
vn -0.539550781 0 -0.841796875
vn -0.539550781 0 -0.841796875
vn -0 1 0
vn -0 1 0
vn -0 1 0
vn -0 1 0
vn -0.540039062 0 -0.841796875
vn -0.540039062 0 -0.841796875
vn -0.540039062 0 -0.841796875
vn -0.540039062 0 -0.841796875
vn 0.540039062 0 0.841796875
vn 0.540039062 0 0.841796875
vn 0.540039062 0 0.841796875
vn 0.540039062 0 0.841796875
vn -0.841308594 0 0.540527344
vn -0.841308594 4.47034836E-06 0.540527344
vn -0.841308594 0 0.540527344
vn -0.841308594 4.47034836E-06 0.540527344
vn -0.841308594 0.000124573708 0.540527344
vn -0.841308594 0.000124573708 0.540527344
vn 0.841308594 7.92741776E-06 -0.540527344
vn 0.841308594 0.000110387802 -0.540527344
vn 0.841308594 0.000110387802 -0.540527344
vn 0.841308594 9.05990601E-06 -0.540527344
vn 0.841308594 5.42402267E-06 -0.540527344
vn 0.841308594 5.42402267E-06 -0.540527344
vn 0.841308594 5.42402267E-06 -0.540527344
vn -0.390380859 0.690917969 -0.608398438
vn -0.390380859 0.690917969 -0.608398438
vn -0.390380859 0.690917969 -0.608398438
vn -0.390380859 0.690917969 -0.608398438
vn 0.390380859 0.690917969 0.608398438
vn 0.390380859 0.690917969 0.608398438
vn 0.390380859 0.690917969 0.608398438
vn 0.390380859 0.690917969 0.608398438
vn 0.390380859 0.690917969 0.608398438
vn -0 1 0
vn -0 1 0
vn -0 1 0
vn -0 1 0
vn -0.540039062 0 -0.841796875
vn -0.540039062 0 -0.841796875
vn -0.540039062 0 -0.841796875
vn -0.540039062 0 -0.841796875
vn 0.540039062 0 0.841796875
vn 0.540039062 0 0.841796875
vn 0.540039062 0 0.841796875
vn 0.540039062 0 0.841796875
vn -0.841308594 -7.74860382E-07 0.540527344
vn -0.841308594 -2.13384628E-05 0.540527344
vn -0.841308594 -2.13384628E-05 0.540527344
vn -0.841308594 -7.74860382E-07 0.540527344
vn -0.841308594 0 0.540527344
vn -0.841308594 0 0.540527344
vn 0.841308594 1.54972076E-06 -0.540527344
vn 0.841308594 4.26769257E-05 -0.540527344
vn 0.841308594 4.26769257E-05 -0.540527344
vn 0.841308594 1.54972076E-06 -0.540527344
vn 0.841308594 0 -0.540527344
vn 0.841308594 0 -0.540527344
vn -0.390380859 0.690917969 -0.608398438
vn -0.390380859 0.690917969 -0.608398438
vn -0.390380859 0.690917969 -0.608398438
vn -0.390380859 0.690917969 -0.608398438
vn 0.390380859 0.690917969 0.608398438
vn 0.390380859 0.690917969 0.608398438
vn 0.390380859 0.690917969 0.608398438
vn 0.390380859 0.690917969 0.608398438
vn -0 1 0
vn -0 1 0
vn -0 1 0
vn -0 1 0
vn -0 1 0
vn -0 1 0
vn -0 1 0
vn -0 1 0
vn -0 1 0
vn -0 1 -1.1920929E-07
vn -0 1 0
vn -0 1 -1.1920929E-07
vn -0 1 0
vn -0 1 0
vn -0 1 -1.1920929E-07
vn -0 1 0
vn -0 1 0
vn -0 1 0
vn -0 1 0
vn -0 1 0
vn -0 1 0
vn -0 1 -1.1920929E-07
vn -0 1 0
vn -0 1 -1.1920929E-07
vn -0 1 0
vn -0 1 0
vn -0 1 -1.1920929E-07
vn -0 1 -1.1920929E-07
vn -0 1 0
vn -0 1 0
vn -0 1 0
vn -0 1 0
vn -0 1 0
vn -0 1 0
vn -0 1 0
vn -0 1 0
vn -0 1 0
vn -0 1 0
vn -0 1 0
vn -0 1 0
vn -0 1 0
vn -0 1 0
vn -0 1 0
vn -0 1 0
vn -0 1 0
vn -0 1 0
vn -0 1 0
vn -0 1 0
vn -0 1 0
vn -0 1 0
vn -0 1 0
vn -0 1 0
vn -0 1 0
vn -0 1 0
vn -0 1 0
vn -0 1 0
vn -0 1 0
vn -0 1 0
vn -0 1 0
vn -0 1 0
vn -0 1 0
vn -0 1 0
vn -0 1 0
vn -0 1 0
vn -0 1 0
vn -0 1 0
vn -0 1 0
vn -0 1 0
vn -0 1 0
vn -0 1 0
vn -0 1 0
vn -0 1 0
vn -0 1 0
vn -0 1 0
vn -0 1 0
vn -0 1 0
vn -0 1 0
vn -0 1 0
vn -0 1 0
vn -0 1 0
vn -0 1 0
vn -0 1 0
vn -0 1 0
vn -0 1 0
vn -0 1 0
vn -0 1 0
vn -0 1 0
vn -0 1 0
vn -0 1 0
vn -0 1 0
vn -0 1 0
vn -0 1 0
vn -0 1 0
vn -0 1 0
vn -0 1 0
vn -0 1 0
vn -0 1 0
vn -0 1 0
vn -0 1 0
vn -0 1 1.1920929E-07
vn -0 1 0
vn -0 1 1.1920929E-07
vn -0 1 0
vn -0 1 0
vn -0 1 1.1920929E-07
vn -0 1 1.1920929E-07
vn -0 1 0
vn -0 1 0
vn -0 1 0
vn -0 1 0
vn -0 1 0
vn -0 1 1.1920929E-07
vn -0 1 0
vn -0 1 1.1920929E-07
vn -0 1 0
vn -0 1 0
vn -0 1 1.1920929E-07
vn -0 1 0
vn -0 1 0
vn -0 1 0
vn -0.494873047 0.400146484 -0.771484375
vn -0.495117188 0.399414062 -0.771484375
vn -0.495117188 0.399414062 -0.771484375
vn -0.494873047 0.400146484 -0.771484375
vn -0.494873047 0.400390625 -0.770996094
vn -0.502929688 0.395996094 -0.768066406
vn -0.494873047 0.400390625 -0.770996094
vn -0.503417969 0.395751953 -0.768066406
vn -0.48828125 0.395751953 -0.777832031
vn -0.497070312 0.407226562 -0.766113281
vn -0.488525391 0.395996094 -0.77734375
vn -0.497070312 0.406982422 -0.766113281
vn -0.489257812 0.406982422 -0.771484375
vn -0.489257812 0.407226562 -0.770996094
vn 0.494873047 0.400146484 -0.770996094
vn 0.495117188 0.399414062 -0.771484375
vn 0.495117188 0.399414062 -0.771484375
vn 0.494873047 0.400390625 -0.770996094
vn 0.494628906 0.400390625 -0.771484375
vn 0.488525391 0.395996094 -0.77734375
vn 0.494628906 0.400146484 -0.771484375
vn 0.488525391 0.395751953 -0.777832031
vn 0.503417969 0.395751953 -0.768066406
vn 0.489257812 0.407226562 -0.770996094
vn 0.502929688 0.395751953 -0.768066406
vn 0.489257812 0.406982422 -0.771484375
vn 0.497070312 0.406982422 -0.766113281
vn 0.497070312 0.407226562 -0.766113281
vn -0.494873047 0.400146484 -0.770996094
vn -0.495117188 0.399414062 -0.771484375
vn -0.495117188 0.399414062 -0.771484375
vn -0.494873047 0.400390625 -0.770996094
vn -0.494873047 0.400146484 -0.771484375
vn -0.488769531 0.395996094 -0.77734375
vn -0.494628906 0.400146484 -0.771484375
vn -0.488525391 0.395751953 -0.777832031
vn -0.503417969 0.395751953 -0.768066406
vn -0.489501953 0.407226562 -0.770996094
vn -0.502929688 0.395996094 -0.768066406
vn -0.489257812 0.406982422 -0.771484375
vn -0.497070312 0.406982422 -0.766113281
vn -0.497070312 0.407226562 -0.766113281
vn -0.494873047 0.400146484 0.771484375
vn -0.495117188 0.399414062 0.771484375
vn -0.495117188 0.399414062 0.771484375
vn -0.494873047 0.400390625 0.770996094
vn -0.494628906 0.400390625 0.771484375
vn -0.488769531 0.395996094 0.77734375
vn -0.494628906 0.400146484 0.771484375
vn -0.488525391 0.395751953 0.777832031
vn -0.503417969 0.395751953 0.768066406
vn -0.489257812 0.407226562 0.770996094
vn -0.502929688 0.395996094 0.768066406
vn -0.489257812 0.406982422 0.771484375
vn -0.497070312 0.406982422 0.766113281
vn -0.496826172 0.407226562 0.766113281
vn 0.494873047 0.400390625 -0.770996094
vn 0.495117188 0.399414062 -0.771484375
vn 0.495117188 0.399414062 -0.771484375
vn 0.494873047 0.400390625 -0.770996094
vn 0.494873047 0.400146484 -0.771484375
vn 0.488769531 0.395996094 -0.77734375
vn 0.494873047 0.400146484 -0.771484375
vn 0.488525391 0.395751953 -0.777832031
vn 0.503417969 0.395751953 -0.768066406
vn 0.489257812 0.407226562 -0.770996094
vn 0.502929688 0.395751953 -0.768066406
vn 0.489257812 0.406982422 -0.771484375
vn 0.497070312 0.406982422 -0.766113281
vn 0.497070312 0.407226562 -0.766113281
vn 0.494873047 0.400146484 0.770996094
vn 0.495117188 0.399414062 0.771484375
vn 0.495117188 0.399414062 0.771484375
vn 0.494873047 0.400390625 0.770996094
vn 0.494873047 0.400146484 0.771484375
vn 0.488769531 0.395996094 0.77734375
vn 0.494873047 0.400146484 0.771484375
vn 0.488525391 0.395751953 0.777832031
vn 0.503417969 0.395507812 0.768066406
vn 0.489501953 0.407226562 0.770996094
vn 0.502929688 0.395751953 0.768066406
vn 0.489257812 0.406982422 0.771484375
vn 0.497070312 0.406982422 0.766113281
vn 0.497070312 0.407226562 0.766113281
vn -0.494628906 0.400146484 0.771484375
vn -0.495117188 0.399414062 0.771484375
vn -0.495117188 0.399414062 0.771484375
vn -0.494873047 0.400146484 0.771484375
vn -0.494873047 0.400390625 0.770996094
vn -0.502929688 0.395751953 0.768066406
vn -0.494873047 0.400146484 0.770996094
vn -0.503417969 0.395751953 0.768066406
vn -0.488525391 0.395751953 0.777832031
vn -0.497070312 0.407226562 0.766113281
vn -0.488769531 0.395996094 0.77734375
vn -0.497070312 0.406982422 0.766113281
vn -0.489257812 0.406982422 0.771484375
vn -0.489257812 0.407226562 0.770996094
vn 0.494873047 0.400146484 0.770996094
vn 0.495117188 0.399414062 0.771484375
vn 0.495117188 0.399414062 0.771484375
vn 0.494873047 0.400390625 0.770996094
vn 0.494873047 0.400390625 0.771484375
vn 0.488769531 0.395751953 0.77734375
vn 0.494628906 0.400146484 0.771484375
vn 0.488525391 0.395751953 0.777832031
vn 0.503417969 0.395751953 0.768066406
vn 0.489257812 0.407226562 0.770996094
vn 0.502929688 0.395751953 0.768066406
vn 0.489257812 0.406982422 0.771484375
vn 0.497070312 0.406982422 0.766113281
vn 0.497070312 0.407226562 0.766113281
g TowerIzisMapBaseFrame_Chip64_0
f 3/3/3 2/2/2 1/1/1
f 6/6/6 5/5/5 4/4/4
f 9/9/9 8/8/8 7/7/7
f 12/12/12 11/11/11 10/10/10
f 15/15/15 14/14/14 13/13/13
f 18/18/18 17/17/17 16/16/16
f 21/21/21 20/20/20 19/19/19
f 24/24/24 23/23/23 22/22/22
f 27/27/27 26/26/26 25/25/25
f 30/30/30 29/29/29 28/28/28
f 33/33/33 32/32/32 31/31/31
f 36/36/36 35/35/35 34/34/34
f 39/39/39 38/38/38 37/37/37
f 42/42/42 41/41/41 40/40/40
f 45/45/45 44/44/44 43/43/43
f 48/48/48 47/47/47 46/46/46
f 51/51/51 50/50/50 49/49/49
f 51/51/51 52/52/52 50/50/50
f 53/53/53 52/52/52 51/51/51
f 54/54/54 53/53/53 51/51/51
f 54/54/54 51/51/51 55/55/55
f 56/56/56 55/55/55 51/51/51
f 51/51/51 57/57/57 56/56/56
f 51/51/51 58/58/58 57/57/57
f 51/51/51 59/59/59 58/58/58
f 51/51/51 60/60/60 59/59/59
f 62/62/62 61/61/61 54/54/54
f 62/62/62 63/63/63 61/61/61
f 63/63/63 64/64/64 61/61/61
f 65/65/65 64/64/64 63/63/63
f 66/66/66 65/65/65 63/63/63
f 67/67/67 65/65/65 66/66/66
f 68/68/68 67/67/67 66/66/66
f 70/70/70 56/56/56 69/69/69
f 71/71/71 70/70/70 69/69/69
f 69/69/69 72/72/72 71/71/71
f 71/71/71 72/72/72 73/73/73
f 72/72/72 74/74/74 73/73/73
f 73/73/73 74/74/74 75/75/75
f 76/76/76 73/73/73 75/75/75
f 79/79/79 78/78/78 77/77/77
f 78/78/78 80/80/80 77/77/77
f 81/81/81 80/80/80 78/78/78
f 82/82/82 81/81/81 78/78/78
f 81/81/81 82/82/82 83/83/83
f 84/84/84 81/81/81 83/83/83
f 84/84/84 83/83/83 85/85/85
f 83/83/83 86/86/86 85/85/85
f 87/87/87 85/85/85 86/86/86
f 88/88/88 87/87/87 86/86/86
f 91/91/91 90/90/90 89/89/89
f 90/90/90 92/92/92 89/89/89
f 89/89/89 92/92/92 93/93/93
f 92/92/92 94/94/94 93/93/93
f 94/94/94 95/95/95 93/93/93
f 95/95/95 96/96/96 93/93/93
f 95/95/95 97/97/97 96/96/96
f 97/97/97 98/98/98 96/96/96
f 98/98/98 97/97/97 99/99/99
f 97/97/97 100/100/100 99/99/99
f 103/103/103 102/102/102 101/101/101
f 102/102/102 104/104/104 101/101/101
f 101/101/101 104/104/104 105/105/105
f 104/104/104 106/106/106 105/105/105
f 105/105/105 106/106/106 107/107/107
f 108/108/108 105/105/105 107/107/107
f 108/108/108 107/107/107 109/109/109
f 112/112/112 111/111/111 110/110/110
f 111/111/111 113/113/113 110/110/110
f 114/114/114 113/113/113 111/111/111
f 115/115/115 114/114/114 111/111/111
f 116/116/116 114/114/114 115/115/115
f 117/117/117 116/116/116 115/115/115
f 117/117/117 118/118/118 116/116/116
f 121/121/121 120/120/120 119/119/119
f 122/122/122 121/121/121 119/119/119
f 125/125/125 124/124/124 123/123/123
f 126/126/126 125/125/125 123/123/123
f 129/129/129 128/128/128 127/127/127
f 130/130/130 129/129/129 127/127/127
f 133/133/133 132/132/132 131/131/131
f 134/134/134 133/133/133 131/131/131
f 134/134/134 131/131/131 135/135/135
f 136/136/136 134/134/134 135/135/135
f 139/139/139 138/138/138 137/137/137
f 140/140/140 139/139/139 137/137/137
f 140/140/140 137/137/137 141/141/141
f 142/142/142 140/140/140 141/141/141
f 145/145/145 144/144/144 143/143/143
f 146/146/146 145/145/145 143/143/143
f 149/149/149 148/148/148 147/147/147
f 150/150/150 149/149/149 147/147/147
f 153/153/153 152/152/152 151/151/151
f 154/154/154 153/153/153 151/151/151
f 157/157/157 156/156/156 155/155/155
f 158/158/158 157/157/157 155/155/155
f 161/161/161 160/160/160 159/159/159
f 162/162/162 161/161/161 159/159/159
f 165/165/165 164/164/164 163/163/163
f 166/166/166 165/165/165 163/163/163
f 167/167/167 165/165/165 166/166/166
f 168/168/168 167/167/167 166/166/166
f 169/169/169 167/167/167 168/168/168
f 170/170/170 169/169/169 168/168/168
f 173/173/173 172/172/172 171/171/171
f 174/174/174 173/173/173 171/171/171
f 174/174/174 175/175/175 173/173/173
f 178/178/178 177/177/177 176/176/176
f 179/179/179 178/178/178 176/176/176
f 182/182/182 181/181/181 180/180/180
f 183/183/183 182/182/182 180/180/180
f 186/186/186 185/185/185 184/184/184
f 187/187/187 186/186/186 184/184/184
f 190/190/190 189/189/189 188/188/188
f 191/191/191 190/190/190 188/188/188
f 194/194/194 193/193/193 192/192/192
f 193/193/193 195/195/195 192/192/192
f 195/195/195 193/193/193 196/196/196
f 193/193/193 197/197/197 196/196/196
f 196/196/196 197/197/197 198/198/198
f 197/197/197 199/199/199 198/198/198
f 202/202/202 201/201/201 200/200/200
f 201/201/201 203/203/203 200/200/200
f 200/200/200 203/203/203 204/204/204
f 203/203/203 205/205/205 204/204/204
f 204/204/204 205/205/205 206/206/206
f 205/205/205 207/207/207 206/206/206
f 206/206/206 207/207/207 208/208/208
f 207/207/207 209/209/209 208/208/208
f 208/208/208 209/209/209 210/210/210
f 209/209/209 211/211/211 210/210/210
f 210/210/210 211/211/211 212/212/212
f 211/211/211 213/213/213 212/212/212
f 216/216/216 215/215/215 214/214/214
f 217/217/217 216/216/216 214/214/214
f 220/220/220 219/219/219 218/218/218
f 221/221/221 220/220/220 218/218/218
f 221/221/221 222/222/222 220/220/220
f 223/223/223 221/221/221 218/218/218
f 223/223/223 218/218/218 224/224/224
f 223/223/223 225/225/225 221/221/221
f 228/228/228 227/227/227 226/226/226
f 229/229/229 228/228/228 226/226/226
f 229/229/229 226/226/226 230/230/230
f 231/231/231 229/229/229 230/230/230
f 226/226/226 232/232/232 230/230/230
f 235/235/235 234/234/234 233/233/233
f 236/236/236 235/235/235 233/233/233
f 239/239/239 238/238/238 237/237/237
f 240/240/240 239/239/239 237/237/237
f 243/243/243 242/242/242 241/241/241
f 244/244/244 243/243/243 241/241/241
f 247/247/247 246/246/246 245/245/245
f 248/248/248 247/247/247 245/245/245
f 249/249/249 247/247/247 248/248/248
f 250/250/250 249/249/249 248/248/248
f 251/251/251 249/249/249 250/250/250
f 252/252/252 251/251/251 250/250/250
f 255/255/255 254/254/254 253/253/253
f 256/256/256 255/255/255 253/253/253
f 256/256/256 257/257/257 255/255/255
f 260/260/260 259/259/259 258/258/258
f 261/261/261 260/260/260 258/258/258
f 264/264/264 263/263/263 262/262/262
f 265/265/265 264/264/264 262/262/262
f 268/268/268 267/267/267 266/266/266
f 269/269/269 268/268/268 266/266/266
f 272/272/272 271/271/271 270/270/270
f 273/273/273 272/272/272 270/270/270
f 276/276/276 275/275/275 274/274/274
f 275/275/275 277/277/277 274/274/274
f 277/277/277 275/275/275 278/278/278
f 275/275/275 279/279/279 278/278/278
f 278/278/278 279/279/279 280/280/280
f 279/279/279 281/281/281 280/280/280
f 284/284/284 283/283/283 282/282/282
f 283/283/283 285/285/285 282/282/282
f 282/282/282 285/285/285 286/286/286
f 285/285/285 287/287/287 286/286/286
f 286/286/286 287/287/287 288/288/288
f 287/287/287 289/289/289 288/288/288
f 288/288/288 289/289/289 290/290/290
f 289/289/289 291/291/291 290/290/290
f 290/290/290 291/291/291 292/292/292
f 291/291/291 293/293/293 292/292/292
f 292/292/292 293/293/293 294/294/294
f 293/293/293 295/295/295 294/294/294
f 298/298/298 297/297/297 296/296/296
f 299/299/299 298/298/298 296/296/296
f 302/302/302 301/301/301 300/300/300
f 303/303/303 302/302/302 300/300/300
f 303/303/303 304/304/304 302/302/302
f 305/305/305 303/303/303 300/300/300
f 305/305/305 300/300/300 306/306/306
f 305/305/305 307/307/307 303/303/303
f 310/310/310 309/309/309 308/308/308
f 311/311/311 310/310/310 308/308/308
f 311/311/311 308/308/308 312/312/312
f 313/313/313 311/311/311 312/312/312
f 308/308/308 314/314/314 312/312/312
f 317/317/317 316/316/316 315/315/315
f 318/318/318 317/317/317 315/315/315
f 318/318/318 319/319/319 317/317/317
f 317/317/317 319/319/319 320/320/320
f 321/321/321 317/317/317 320/320/320
f 321/321/321 320/320/320 322/322/322
f 320/320/320 323/323/323 322/322/322
f 324/324/324 322/322/322 323/323/323
f 325/325/325 324/324/324 323/323/323
f 325/325/325 326/326/326 324/324/324
f 321/321/321 327/327/327 317/317/317
f 322/322/322 328/328/328 321/321/321
f 328/328/328 327/327/327 321/321/321
f 324/324/324 329/329/329 322/322/322
f 329/329/329 328/328/328 322/322/322
f 329/329/329 330/330/330 328/328/328
f 326/326/326 331/331/331 324/324/324
f 324/324/324 331/331/331 329/329/329
f 327/327/327 332/332/332 317/317/317
f 332/332/332 333/333/333 317/317/317
f 334/334/334 333/333/333 332/332/332
f 328/328/328 335/335/335 327/327/327
f 335/335/335 332/332/332 327/327/327
f 335/335/335 334/334/334 332/332/332
f 330/330/330 335/335/335 328/328/328
f 336/336/336 334/334/334 335/335/335
f 330/330/330 336/336/336 335/335/335
f 331/331/331 326/326/326 337/337/337
f 326/326/326 338/338/338 337/337/337
f 337/337/337 338/338/338 339/339/339
f 331/331/331 340/340/340 329/329/329
f 329/329/329 340/340/340 330/330/330
f 340/340/340 331/331/331 341/341/341
f 331/331/331 337/337/337 341/341/341
f 340/340/340 341/341/341 330/330/330
f 342/342/342 337/337/337 339/339/339
f 341/341/341 337/337/337 342/342/342
f 339/339/339 343/343/343 342/342/342
f 330/330/330 341/341/341 344/344/344
f 344/344/344 341/341/341 342/342/342
f 343/343/343 345/345/345 342/342/342
f 344/344/344 342/342/342 345/345/345
f 346/346/346 330/330/330 344/344/344
f 347/347/347 330/330/330 346/346/346
f 348/348/348 347/347/347 346/346/346
f 349/349/349 345/345/345 343/343/343
f 350/350/350 349/349/349 343/343/343
f 350/350/350 351/351/351 349/349/349
f 352/352/352 344/344/344 345/345/345
f 346/346/346 344/344/344 352/352/352
f 352/352/352 345/345/345 349/349/349
f 348/348/348 346/346/346 353/353/353
f 353/353/353 346/346/346 352/352/352
f 353/353/353 352/352/352 349/349/349
f 354/354/354 348/348/348 353/353/353
f 354/354/354 353/353/353 349/349/349
f 357/357/357 356/356/356 355/355/355
f 358/358/358 357/357/357 355/355/355
f 361/361/361 360/360/360 359/359/359
f 362/362/362 361/361/361 359/359/359
f 362/362/362 359/359/359 363/363/363
f 359/359/359 364/364/364 363/363/363
f 363/363/363 364/364/364 365/365/365
f 366/366/366 363/363/363 365/365/365
f 366/366/366 365/365/365 367/367/367
f 365/365/365 368/368/368 367/367/367
f 367/367/367 368/368/368 369/369/369
f 370/370/370 367/367/367 369/369/369
f 370/370/370 369/369/369 371/371/371
f 369/369/369 372/372/372 371/371/371
f 372/372/372 373/373/373 371/371/371
f 373/373/373 374/374/374 371/371/371
f 375/375/375 374/374/374 373/373/373
f 376/376/376 375/375/375 373/373/373
f 376/376/376 377/377/377 375/375/375
f 377/377/377 378/378/378 375/375/375
f 379/379/379 378/378/378 377/377/377
f 380/380/380 379/379/379 377/377/377
f 380/380/380 381/381/381 379/379/379
f 381/381/381 382/382/382 379/379/379
f 383/383/383 382/382/382 381/381/381
f 384/384/384 383/383/383 381/381/381
f 387/387/387 386/386/386 385/385/385
f 386/386/386 388/388/388 385/385/385
f 389/389/389 385/385/385 388/388/388
f 390/390/390 389/389/389 388/388/388
f 390/390/390 391/391/391 389/389/389
f 391/391/391 392/392/392 389/389/389
f 392/392/392 391/391/391 393/393/393
f 394/394/394 392/392/392 393/393/393
f 394/394/394 393/393/393 395/395/395
f 393/393/393 396/396/396 395/395/395
f 397/397/397 395/395/395 396/396/396
f 398/398/398 397/397/397 396/396/396
f 398/398/398 399/399/399 397/397/397
f 399/399/399 400/400/400 397/397/397
f 400/400/400 399/399/399 401/401/401
f 399/399/399 402/402/402 401/401/401
f 401/401/401 402/402/402 403/403/403
f 404/404/404 401/401/401 403/403/403
f 403/403/403 405/405/405 404/404/404
f 405/405/405 406/406/406 404/404/404
f 407/407/407 406/406/406 405/405/405
f 408/408/408 407/407/407 405/405/405
f 407/407/407 408/408/408 409/409/409
f 408/408/408 410/410/410 409/409/409
f 409/409/409 410/410/410 411/411/411
f 412/412/412 409/409/409 411/411/411
f 411/411/411 413/413/413 412/412/412
f 413/413/413 414/414/414 412/412/412
f 417/417/417 416/416/416 415/415/415
f 416/416/416 418/418/418 415/415/415
f 415/415/415 418/418/418 419/419/419
f 420/420/420 415/415/415 419/419/419
f 420/420/420 419/419/419 421/421/421
f 422/422/422 420/420/420 421/421/421
f 422/422/422 421/421/421 423/423/423
f 424/424/424 422/422/422 423/423/423
f 424/424/424 423/423/423 425/425/425
f 423/423/423 426/426/426 425/425/425
f 427/427/427 425/425/425 426/426/426
f 428/428/428 427/427/427 426/426/426
f 428/428/428 429/429/429 427/427/427
f 429/429/429 430/430/430 427/427/427
f 430/430/430 429/429/429 431/431/431
f 429/429/429 432/432/432 431/431/431
f 431/431/431 432/432/432 433/433/433
f 434/434/434 431/431/431 433/433/433
f 433/433/433 435/435/435 434/434/434
f 435/435/435 436/436/436 434/434/434
f 437/437/437 436/436/436 435/435/435
f 438/438/438 437/437/437 435/435/435
f 439/439/439 437/437/437 438/438/438
f 440/440/440 439/439/439 438/438/438
f 441/441/441 439/439/439 440/440/440
f 442/442/442 441/441/441 440/440/440
f 442/442/442 443/443/443 441/441/441
f 443/443/443 444/444/444 441/441/441
f 447/447/447 446/446/446 445/445/445
f 448/448/448 447/447/447 445/445/445
f 449/449/449 447/447/447 448/448/448
f 450/450/450 449/449/449 448/448/448
f 450/450/450 451/451/451 449/449/449
f 451/451/451 452/452/452 449/449/449
f 453/453/453 452/452/452 451/451/451
f 454/454/454 453/453/453 451/451/451
f 454/454/454 455/455/455 453/453/453
f 455/455/455 456/456/456 453/453/453
f 457/457/457 456/456/456 455/455/455
f 458/458/458 457/457/457 455/455/455
f 458/458/458 459/459/459 457/457/457
f 459/459/459 460/460/460 457/457/457
f 460/460/460 459/459/459 461/461/461
f 459/459/459 462/462/462 461/461/461
f 461/461/461 462/462/462 463/463/463
f 464/464/464 461/461/461 463/463/463
f 464/464/464 463/463/463 465/465/465
f 463/463/463 466/466/466 465/465/465
f 465/465/465 466/466/466 467/467/467
f 468/468/468 465/465/465 467/467/467
f 468/468/468 467/467/467 469/469/469
f 467/467/467 470/470/470 469/469/469
f 469/469/469 470/470/470 471/471/471
f 472/472/472 469/469/469 471/471/471
f 472/472/472 471/471/471 473/473/473
f 474/474/474 472/472/472 473/473/473
f 477/477/477 476/476/476 475/475/475
f 477/477/477 478/478/478 476/476/476
f 478/478/478 479/479/479 476/476/476
f 479/479/479 478/478/478 480/480/480
f 478/478/478 481/481/481 480/480/480
f 480/480/480 481/481/481 482/482/482
f 480/480/480 482/482/482 483/483/483
f 480/480/480 483/483/483 484/484/484
f 483/483/483 485/485/485 484/484/484
f 485/485/485 486/486/486 484/484/484
f 481/481/481 487/487/487 482/482/482
f 481/481/481 488/488/488 487/487/487
f 488/488/488 489/489/489 487/487/487
f 489/489/489 490/490/490 487/487/487
f 493/493/493 492/492/492 491/491/491
f 494/494/494 493/493/493 491/491/491
f 494/494/494 491/491/491 495/495/495
f 496/496/496 494/494/494 495/495/495
f 496/496/496 495/495/495 497/497/497
f 498/498/498 496/496/496 497/497/497
f 498/498/498 497/497/497 499/499/499
f 500/500/500 498/498/498 499/499/499
f 500/500/500 499/499/499 501/501/501
f 502/502/502 500/500/500 501/501/501
f 502/502/502 501/501/501 503/503/503
f 504/504/504 502/502/502 503/503/503
f 504/504/504 503/503/503 505/505/505
f 506/506/506 504/504/504 505/505/505
f 507/507/507 506/506/506 505/505/505
f 508/508/508 507/507/507 505/505/505
f 511/511/511 510/510/510 509/509/509
f 510/510/510 512/512/512 509/509/509
f 510/510/510 513/513/513 512/512/512
f 513/513/513 514/514/514 512/512/512
f 515/515/515 514/514/514 513/513/513
f 516/516/516 515/515/515 513/513/513
f 517/517/517 515/515/515 516/516/516
f 518/518/518 517/517/517 516/516/516
f 519/519/519 517/517/517 518/518/518
f 520/520/520 519/519/519 518/518/518
f 519/519/519 520/520/520 521/521/521
f 522/522/522 519/519/519 521/521/521
f 523/523/523 522/522/522 521/521/521
f 524/524/524 523/523/523 521/521/521
f 523/523/523 524/524/524 525/525/525
f 526/526/526 523/523/523 525/525/525
f 529/529/529 528/528/528 527/527/527
f 530/530/530 529/529/529 527/527/527
f 533/533/533 532/532/532 531/531/531
f 534/534/534 533/533/533 531/531/531
f 537/537/537 536/536/536 535/535/535
f 538/538/538 537/537/537 535/535/535
f 541/541/541 540/540/540 539/539/539
f 542/542/542 541/541/541 539/539/539
f 545/545/545 544/544/544 543/543/543
f 546/546/546 545/545/545 543/543/543
f 549/549/549 548/548/548 547/547/547
f 550/550/550 549/549/549 547/547/547
f 553/553/553 552/552/552 551/551/551
f 554/554/554 553/553/553 551/551/551
f 557/557/557 556/556/556 555/555/555
f 558/558/558 557/557/557 555/555/555
f 561/561/561 560/560/560 559/559/559
f 562/562/562 561/561/561 559/559/559
f 565/565/565 564/564/564 563/563/563
f 566/566/566 565/565/565 563/563/563
f 569/569/569 568/568/568 567/567/567
f 570/570/570 569/569/569 567/567/567
f 573/573/573 572/572/572 571/571/571
f 574/574/574 573/573/573 571/571/571
f 577/577/577 576/576/576 575/575/575
f 578/578/578 577/577/577 575/575/575
f 581/581/581 580/580/580 579/579/579
f 582/582/582 581/581/581 579/579/579
f 585/585/585 584/584/584 583/583/583
f 586/586/586 585/585/585 583/583/583
f 589/589/589 588/588/588 587/587/587
f 590/590/590 589/589/589 587/587/587
f 593/593/593 592/592/592 591/591/591
f 594/594/594 593/593/593 591/591/591
f 597/597/597 596/596/596 595/595/595
f 598/598/598 597/597/597 595/595/595
f 601/601/601 600/600/600 599/599/599
f 602/602/602 601/601/601 599/599/599
f 605/605/605 604/604/604 603/603/603
f 606/606/606 605/605/605 603/603/603
f 609/609/609 608/608/608 607/607/607
f 610/610/610 609/609/609 607/607/607
f 613/613/613 612/612/612 611/611/611
f 614/614/614 613/613/613 611/611/611
f 617/617/617 616/616/616 615/615/615
f 618/618/618 617/617/617 615/615/615
f 621/621/621 620/620/620 619/619/619
f 622/622/622 621/621/621 619/619/619
f 625/625/625 624/624/624 623/623/623
f 626/626/626 625/625/625 623/623/623
f 629/629/629 628/628/628 627/627/627
f 630/630/630 629/629/629 627/627/627
f 633/633/633 632/632/632 631/631/631
f 634/634/634 633/633/633 631/631/631
f 637/637/637 636/636/636 635/635/635
f 638/638/638 637/637/637 635/635/635
f 641/641/641 640/640/640 639/639/639
f 642/642/642 641/641/641 639/639/639
f 645/645/645 644/644/644 643/643/643
f 646/646/646 645/645/645 643/643/643
f 649/649/649 648/648/648 647/647/647
f 650/650/650 649/649/649 647/647/647
f 653/653/653 652/652/652 651/651/651
f 654/654/654 653/653/653 651/651/651
f 657/657/657 656/656/656 655/655/655
f 658/658/658 657/657/657 655/655/655
f 661/661/661 660/660/660 659/659/659
f 662/662/662 661/661/661 659/659/659
f 665/665/665 664/664/664 663/663/663
f 666/666/666 665/665/665 663/663/663
f 669/669/669 668/668/668 667/667/667
f 670/670/670 669/669/669 667/667/667
f 673/673/673 672/672/672 671/671/671
f 674/674/674 673/673/673 671/671/671
f 677/677/677 676/676/676 675/675/675
f 678/678/678 677/677/677 675/675/675
f 681/681/681 680/680/680 679/679/679
f 682/682/682 681/681/681 679/679/679
f 685/685/685 684/684/684 683/683/683
f 686/686/686 685/685/685 683/683/683
f 689/689/689 688/688/688 687/687/687
f 690/690/690 689/689/689 687/687/687
f 693/693/693 692/692/692 691/691/691
f 694/694/694 693/693/693 691/691/691
f 697/697/697 696/696/696 695/695/695
f 698/698/698 697/697/697 695/695/695
f 701/701/701 700/700/700 699/699/699
f 702/702/702 701/701/701 699/699/699
f 705/705/705 704/704/704 703/703/703
f 706/706/706 705/705/705 703/703/703
f 709/709/709 708/708/708 707/707/707
f 710/710/710 709/709/709 707/707/707
f 713/713/713 712/712/712 711/711/711
f 714/714/714 713/713/713 711/711/711
f 717/717/717 716/716/716 715/715/715
f 718/718/718 717/717/717 715/715/715
f 721/721/721 720/720/720 719/719/719
f 722/722/722 721/721/721 719/719/719
f 725/725/725 724/724/724 723/723/723
f 724/724/724 726/726/726 723/723/723
f 724/724/724 727/727/727 726/726/726
f 727/727/727 728/728/728 726/726/726
f 731/731/731 730/730/730 729/729/729
f 732/732/732 731/731/731 729/729/729
f 732/732/732 729/729/729 733/733/733
f 732/732/732 733/733/733 734/734/734
f 734/734/734 735/735/735 732/732/732
f 738/738/738 737/737/737 736/736/736
f 739/739/739 738/738/738 736/736/736
f 742/742/742 741/741/741 740/740/740
f 740/740/740 743/743/743 742/742/742
f 743/743/743 744/744/744 742/742/742
f 747/747/747 746/746/746 745/745/745
f 748/748/748 747/747/747 745/745/745
f 751/751/751 750/750/750 749/749/749
f 752/752/752 751/751/751 749/749/749
f 755/755/755 754/754/754 753/753/753
f 756/756/756 755/755/755 753/753/753
f 759/759/759 758/758/758 757/757/757
f 760/760/760 759/759/759 757/757/757
f 761/761/761 759/759/759 760/760/760
f 762/762/762 761/761/761 760/760/760
f 765/765/765 764/764/764 763/763/763
f 764/764/764 766/766/766 763/763/763
f 767/767/767 763/763/763 766/766/766
f 768/768/768 767/767/767 766/766/766
f 766/766/766 769/769/769 768/768/768
f 772/772/772 771/771/771 770/770/770
f 773/773/773 772/772/772 770/770/770
f 776/776/776 775/775/775 774/774/774
f 774/774/774 777/777/777 776/776/776
f 774/774/774 778/778/778 777/777/777
f 781/781/781 780/780/780 779/779/779
f 782/782/782 781/781/781 779/779/779
f 785/785/785 784/784/784 783/783/783
f 786/786/786 785/785/785 783/783/783
f 789/789/789 788/788/788 787/787/787
f 790/790/790 789/789/789 787/787/787
f 793/793/793 792/792/792 791/791/791
f 794/794/794 793/793/793 791/791/791
f 797/797/797 796/796/796 795/795/795
f 798/798/798 797/797/797 795/795/795
f 801/801/801 800/800/800 799/799/799
f 802/802/802 801/801/801 799/799/799
f 805/805/805 804/804/804 803/803/803
f 806/806/806 805/805/805 803/803/803
f 806/806/806 803/803/803 807/807/807
f 803/803/803 808/808/808 807/807/807
f 811/811/811 810/810/810 809/809/809
f 811/811/811 809/809/809 812/812/812
f 809/809/809 813/813/813 812/812/812
f 816/816/816 815/815/815 814/814/814
f 817/817/817 816/816/816 814/814/814
f 820/820/820 819/819/819 818/818/818
f 821/821/821 820/820/820 818/818/818
f 824/824/824 823/823/823 822/822/822
f 825/825/825 824/824/824 822/822/822
f 825/825/825 822/822/822 826/826/826
f 822/822/822 827/827/827 826/826/826
f 830/830/830 829/829/829 828/828/828
f 830/830/830 828/828/828 831/831/831
f 828/828/828 832/832/832 831/831/831
f 835/835/835 834/834/834 833/833/833
f 836/836/836 835/835/835 833/833/833
f 839/839/839 838/838/838 837/837/837
f 840/840/840 839/839/839 837/837/837
f 843/843/843 842/842/842 841/841/841
f 844/844/844 843/843/843 841/841/841
f 847/847/847 846/846/846 845/845/845
f 848/848/848 847/847/847 845/845/845
f 851/851/851 850/850/850 849/849/849
f 852/852/852 851/851/851 849/849/849
f 855/855/855 854/854/854 853/853/853
f 856/856/856 855/855/855 853/853/853
f 859/859/859 858/858/858 857/857/857
f 860/860/860 859/859/859 857/857/857
f 863/863/863 862/862/862 861/861/861
f 864/864/864 863/863/863 861/861/861
f 864/864/864 861/861/861 865/865/865
f 866/866/866 864/864/864 865/865/865
f 869/869/869 868/868/868 867/867/867
f 870/870/870 869/869/869 867/867/867
f 870/870/870 867/867/867 871/871/871
f 872/872/872 870/870/870 871/871/871
f 875/875/875 874/874/874 873/873/873
f 876/876/876 875/875/875 873/873/873
f 879/879/879 878/878/878 877/877/877
f 880/880/880 879/879/879 877/877/877
f 883/883/883 882/882/882 881/881/881
f 884/884/884 883/883/883 881/881/881
f 881/881/881 885/885/885 884/884/884
f 884/884/884 885/885/885 886/886/886
f 887/887/887 885/885/885 881/881/881
f 885/885/885 888/888/888 886/886/886
f 887/887/887 889/889/889 885/885/885
f 886/886/886 888/888/888 890/890/890
f 891/891/891 889/889/889 887/887/887
f 888/888/888 892/892/892 890/890/890
f 891/891/891 892/892/892 889/889/889
f 890/890/890 892/892/892 893/893/893
f 893/893/893 892/892/892 891/891/891
f 896/896/896 895/895/895 894/894/894
f 897/897/897 896/896/896 894/894/894
f 900/900/900 899/899/899 898/898/898
f 901/901/901 900/900/900 898/898/898
f 904/904/904 903/903/903 902/902/902
f 905/905/905 904/904/904 902/902/902
f 908/908/908 907/907/907 906/906/906
f 909/909/909 908/908/908 906/906/906
f 912/912/912 911/911/911 910/910/910
f 913/913/913 912/912/912 910/910/910
f 916/916/916 915/915/915 914/914/914
f 917/917/917 916/916/916 914/914/914
f 920/920/920 919/919/919 918/918/918
f 921/921/921 920/920/920 918/918/918
f 924/924/924 923/923/923 922/922/922
f 925/925/925 924/924/924 922/922/922
f 928/928/928 927/927/927 926/926/926
f 927/927/927 929/929/929 926/926/926
f 926/926/926 929/929/929 930/930/930
f 929/929/929 931/931/931 930/930/930
f 930/930/930 931/931/931 932/932/932
f 931/931/931 933/933/933 932/932/932
f 932/932/932 933/933/933 934/934/934
f 933/933/933 935/935/935 934/934/934
f 938/938/938 937/937/937 936/936/936
f 939/939/939 938/938/938 936/936/936
f 940/940/940 938/938/938 939/939/939
f 941/941/941 940/940/940 939/939/939
f 942/942/942 940/940/940 941/941/941
f 943/943/943 942/942/942 941/941/941
f 944/944/944 942/942/942 943/943/943
f 945/945/945 944/944/944 943/943/943
f 948/948/948 947/947/947 946/946/946
f 949/949/949 948/948/948 946/946/946
f 950/950/950 948/948/948 949/949/949
f 951/951/951 950/950/950 949/949/949
f 952/952/952 950/950/950 951/951/951
f 953/953/953 952/952/952 951/951/951
f 956/956/956 955/955/955 954/954/954
f 957/957/957 956/956/956 954/954/954
f 958/958/958 956/956/956 957/957/957
f 959/959/959 958/958/958 957/957/957
f 960/960/960 958/958/958 959/959/959
f 961/961/961 960/960/960 959/959/959
f 964/964/964 963/963/963 962/962/962
f 965/965/965 964/964/964 962/962/962
f 968/968/968 967/967/967 966/966/966
f 969/969/969 968/968/968 966/966/966
f 972/972/972 971/971/971 970/970/970
f 973/973/973 972/972/972 970/970/970
f 976/976/976 975/975/975 974/974/974
f 977/977/977 976/976/976 974/974/974
f 980/980/980 979/979/979 978/978/978
f 981/981/981 980/980/980 978/978/978
f 984/984/984 983/983/983 982/982/982
f 985/985/985 984/984/984 982/982/982
f 988/988/988 987/987/987 986/986/986
f 989/989/989 988/988/988 986/986/986
f 992/992/992 991/991/991 990/990/990
f 993/993/993 992/992/992 990/990/990
f 996/996/996 995/995/995 994/994/994
f 997/997/997 996/996/996 994/994/994
f 1000/1000/1000 999/999/999 998/998/998
f 1001/1001/1001 1000/1000/1000 998/998/998
f 1004/1004/1004 1003/1003/1003 1002/1002/1002
f 1005/1005/1005 1004/1004/1004 1002/1002/1002
f 1008/1008/1008 1007/1007/1007 1006/1006/1006
f 1009/1009/1009 1008/1008/1008 1006/1006/1006
f 1012/1012/1012 1011/1011/1011 1010/1010/1010
f 1013/1013/1013 1012/1012/1012 1010/1010/1010
f 1016/1016/1016 1015/1015/1015 1014/1014/1014
f 1017/1017/1017 1016/1016/1016 1014/1014/1014
f 1020/1020/1020 1019/1019/1019 1018/1018/1018
f 1021/1021/1021 1020/1020/1020 1018/1018/1018
f 1024/1024/1024 1023/1023/1023 1022/1022/1022
f 1025/1025/1025 1024/1024/1024 1022/1022/1022
f 1028/1028/1028 1027/1027/1027 1026/1026/1026
f 1029/1029/1029 1028/1028/1028 1026/1026/1026
f 1032/1032/1032 1031/1031/1031 1030/1030/1030
f 1033/1033/1033 1032/1032/1032 1030/1030/1030
f 1036/1036/1036 1035/1035/1035 1034/1034/1034
f 1037/1037/1037 1036/1036/1036 1034/1034/1034
f 1040/1040/1040 1039/1039/1039 1038/1038/1038
f 1041/1041/1041 1040/1040/1040 1038/1038/1038
f 1044/1044/1044 1043/1043/1043 1042/1042/1042
f 1045/1045/1045 1044/1044/1044 1042/1042/1042
f 1048/1048/1048 1047/1047/1047 1046/1046/1046
f 1049/1049/1049 1048/1048/1048 1046/1046/1046
f 1052/1052/1052 1051/1051/1051 1050/1050/1050
f 1053/1053/1053 1052/1052/1052 1050/1050/1050
f 1056/1056/1056 1055/1055/1055 1054/1054/1054
f 1057/1057/1057 1056/1056/1056 1054/1054/1054
f 1060/1060/1060 1059/1059/1059 1058/1058/1058
f 1061/1061/1061 1060/1060/1060 1058/1058/1058
f 1064/1064/1064 1063/1063/1063 1062/1062/1062
f 1065/1065/1065 1064/1064/1064 1062/1062/1062
f 1068/1068/1068 1067/1067/1067 1066/1066/1066
f 1069/1069/1069 1068/1068/1068 1066/1066/1066
f 1072/1072/1072 1071/1071/1071 1070/1070/1070
f 1071/1071/1071 1073/1073/1073 1070/1070/1070
f 1071/1071/1071 1074/1074/1074 1073/1073/1073
f 1074/1074/1074 1075/1075/1075 1073/1073/1073
f 1078/1078/1078 1077/1077/1077 1076/1076/1076
f 1079/1079/1079 1078/1078/1078 1076/1076/1076
f 1079/1079/1079 1076/1076/1076 1080/1080/1080
f 1079/1079/1079 1080/1080/1080 1081/1081/1081
f 1081/1081/1081 1082/1082/1082 1079/1079/1079
f 1085/1085/1085 1084/1084/1084 1083/1083/1083
f 1086/1086/1086 1085/1085/1085 1083/1083/1083
f 1089/1089/1089 1088/1088/1088 1087/1087/1087
f 1087/1087/1087 1090/1090/1090 1089/1089/1089
f 1087/1087/1087 1091/1091/1091 1090/1090/1090
f 1094/1094/1094 1093/1093/1093 1092/1092/1092
f 1095/1095/1095 1094/1094/1094 1092/1092/1092
f 1098/1098/1098 1097/1097/1097 1096/1096/1096
f 1099/1099/1099 1098/1098/1098 1096/1096/1096
f 1102/1102/1102 1101/1101/1101 1100/1100/1100
f 1103/1103/1103 1102/1102/1102 1100/1100/1100
f 1106/1106/1106 1105/1105/1105 1104/1104/1104
f 1107/1107/1107 1106/1106/1106 1104/1104/1104
f 1107/1107/1107 1104/1104/1104 1108/1108/1108
f 1109/1109/1109 1107/1107/1107 1108/1108/1108
f 1112/1112/1112 1111/1111/1111 1110/1110/1110
f 1113/1113/1113 1112/1112/1112 1110/1110/1110
f 1113/1113/1113 1110/1110/1110 1114/1114/1114
f 1115/1115/1115 1113/1113/1113 1114/1114/1114
f 1118/1118/1118 1117/1117/1117 1116/1116/1116
f 1119/1119/1119 1118/1118/1118 1116/1116/1116
f 1122/1122/1122 1121/1121/1121 1120/1120/1120
f 1123/1123/1123 1122/1122/1122 1120/1120/1120
f 1126/1126/1126 1125/1125/1125 1124/1124/1124
f 1127/1127/1127 1126/1126/1126 1124/1124/1124
f 1130/1130/1130 1129/1129/1129 1128/1128/1128
f 1131/1131/1131 1130/1130/1130 1128/1128/1128
f 1134/1134/1134 1133/1133/1133 1132/1132/1132
f 1135/1135/1135 1134/1134/1134 1132/1132/1132
f 1138/1138/1138 1137/1137/1137 1136/1136/1136
f 1137/1137/1137 1139/1139/1139 1136/1136/1136
f 1137/1137/1137 1140/1140/1140 1139/1139/1139
f 1140/1140/1140 1141/1141/1141 1139/1139/1139
f 1144/1144/1144 1143/1143/1143 1142/1142/1142
f 1145/1145/1145 1144/1144/1144 1142/1142/1142
f 1145/1145/1145 1142/1142/1142 1146/1146/1146
f 1145/1145/1145 1146/1146/1146 1147/1147/1147
f 1147/1147/1147 1148/1148/1148 1145/1145/1145
f 1151/1151/1151 1150/1150/1150 1149/1149/1149
f 1152/1152/1152 1151/1151/1151 1149/1149/1149
f 1155/1155/1155 1154/1154/1154 1153/1153/1153
f 1153/1153/1153 1156/1156/1156 1155/1155/1155
f 1153/1153/1153 1157/1157/1157 1156/1156/1156
f 1160/1160/1160 1159/1159/1159 1158/1158/1158
f 1161/1161/1161 1160/1160/1160 1158/1158/1158
f 1161/1161/1161 1158/1158/1158 1162/1162/1162
f 1158/1158/1158 1163/1163/1163 1162/1162/1162
f 1166/1166/1166 1165/1165/1165 1164/1164/1164
f 1167/1167/1167 1166/1166/1166 1164/1164/1164
f 1170/1170/1170 1169/1169/1169 1168/1168/1168
f 1171/1171/1171 1170/1170/1170 1168/1168/1168
f 1174/1174/1174 1173/1173/1173 1172/1172/1172
f 1175/1175/1175 1174/1174/1174 1172/1172/1172
f 1178/1178/1178 1177/1177/1177 1176/1176/1176
f 1179/1179/1179 1178/1178/1178 1176/1176/1176
f 1179/1179/1179 1176/1176/1176 1180/1180/1180
f 1181/1181/1181 1179/1179/1179 1180/1180/1180
f 1184/1184/1184 1183/1183/1183 1182/1182/1182
f 1185/1185/1185 1184/1184/1184 1182/1182/1182
f 1188/1188/1188 1187/1187/1187 1186/1186/1186
f 1189/1189/1189 1188/1188/1188 1186/1186/1186
f 1192/1192/1192 1191/1191/1191 1190/1190/1190
f 1193/1193/1193 1192/1192/1192 1190/1190/1190
f 1196/1196/1196 1195/1195/1195 1194/1194/1194
f 1197/1197/1197 1196/1196/1196 1194/1194/1194
f 1200/1200/1200 1199/1199/1199 1198/1198/1198
f 1201/1201/1201 1200/1200/1200 1198/1198/1198
f 1204/1204/1204 1203/1203/1203 1202/1202/1202
f 1205/1205/1205 1204/1204/1204 1202/1202/1202
f 1206/1206/1206 1204/1204/1204 1205/1205/1205
f 1207/1207/1207 1206/1206/1206 1205/1205/1205
f 1208/1208/1208 1206/1206/1206 1207/1207/1207
f 1209/1209/1209 1208/1208/1208 1207/1207/1207
f 1212/1212/1212 1211/1211/1211 1210/1210/1210
f 1213/1213/1213 1212/1212/1212 1210/1210/1210
f 1213/1213/1213 1214/1214/1214 1212/1212/1212
f 1217/1217/1217 1216/1216/1216 1215/1215/1215
f 1218/1218/1218 1217/1217/1217 1215/1215/1215
f 1221/1221/1221 1220/1220/1220 1219/1219/1219
f 1222/1222/1222 1221/1221/1221 1219/1219/1219
f 1225/1225/1225 1224/1224/1224 1223/1223/1223
f 1226/1226/1226 1225/1225/1225 1223/1223/1223
f 1229/1229/1229 1228/1228/1228 1227/1227/1227
f 1230/1230/1230 1229/1229/1229 1227/1227/1227
f 1233/1233/1233 1232/1232/1232 1231/1231/1231
f 1232/1232/1232 1234/1234/1234 1231/1231/1231
f 1234/1234/1234 1232/1232/1232 1235/1235/1235
f 1232/1232/1232 1236/1236/1236 1235/1235/1235
f 1235/1235/1235 1236/1236/1236 1237/1237/1237
f 1236/1236/1236 1238/1238/1238 1237/1237/1237
f 1241/1241/1241 1240/1240/1240 1239/1239/1239
f 1240/1240/1240 1242/1242/1242 1239/1239/1239
f 1239/1239/1239 1242/1242/1242 1243/1243/1243
f 1242/1242/1242 1244/1244/1244 1243/1243/1243
f 1243/1243/1243 1244/1244/1244 1245/1245/1245
f 1244/1244/1244 1246/1246/1246 1245/1245/1245
f 1245/1245/1245 1246/1246/1246 1247/1247/1247
f 1246/1246/1246 1248/1248/1248 1247/1247/1247
f 1247/1247/1247 1248/1248/1248 1249/1249/1249
f 1248/1248/1248 1250/1250/1250 1249/1249/1249
f 1249/1249/1249 1250/1250/1250 1251/1251/1251
f 1250/1250/1250 1252/1252/1252 1251/1251/1251
f 1255/1255/1255 1254/1254/1254 1253/1253/1253
f 1256/1256/1256 1255/1255/1255 1253/1253/1253
f 1259/1259/1259 1258/1258/1258 1257/1257/1257
f 1260/1260/1260 1259/1259/1259 1257/1257/1257
f 1260/1260/1260 1261/1261/1261 1259/1259/1259
f 1262/1262/1262 1260/1260/1260 1257/1257/1257
f 1262/1262/1262 1257/1257/1257 1263/1263/1263
f 1262/1262/1262 1264/1264/1264 1260/1260/1260
f 1267/1267/1267 1266/1266/1266 1265/1265/1265
f 1268/1268/1268 1267/1267/1267 1265/1265/1265
f 1268/1268/1268 1265/1265/1265 1269/1269/1269
f 1270/1270/1270 1268/1268/1268 1269/1269/1269
f 1265/1265/1265 1271/1271/1271 1269/1269/1269
f 1274/1274/1274 1273/1273/1273 1272/1272/1272
f 1274/1274/1274 1275/1275/1275 1273/1273/1273
f 1276/1276/1276 1275/1275/1275 1274/1274/1274
f 1277/1277/1277 1276/1276/1276 1274/1274/1274
f 1277/1277/1277 1274/1274/1274 1278/1278/1278
f 1279/1279/1279 1278/1278/1278 1274/1274/1274
f 1274/1274/1274 1280/1280/1280 1279/1279/1279
f 1274/1274/1274 1281/1281/1281 1280/1280/1280
f 1274/1274/1274 1282/1282/1282 1281/1281/1281
f 1274/1274/1274 1283/1283/1283 1282/1282/1282
f 1285/1285/1285 1284/1284/1284 1277/1277/1277
f 1285/1285/1285 1286/1286/1286 1284/1284/1284
f 1286/1286/1286 1287/1287/1287 1284/1284/1284
f 1288/1288/1288 1287/1287/1287 1286/1286/1286
f 1289/1289/1289 1288/1288/1288 1286/1286/1286
f 1290/1290/1290 1288/1288/1288 1289/1289/1289
f 1291/1291/1291 1290/1290/1290 1289/1289/1289
f 1293/1293/1293 1279/1279/1279 1292/1292/1292
f 1294/1294/1294 1293/1293/1293 1292/1292/1292
f 1292/1292/1292 1295/1295/1295 1294/1294/1294
f 1294/1294/1294 1295/1295/1295 1296/1296/1296
f 1295/1295/1295 1297/1297/1297 1296/1296/1296
f 1296/1296/1296 1297/1297/1297 1298/1298/1298
f 1299/1299/1299 1296/1296/1296 1298/1298/1298
f 1302/1302/1302 1301/1301/1301 1300/1300/1300
f 1301/1301/1301 1303/1303/1303 1300/1300/1300
f 1304/1304/1304 1303/1303/1303 1301/1301/1301
f 1305/1305/1305 1304/1304/1304 1301/1301/1301
f 1304/1304/1304 1305/1305/1305 1306/1306/1306
f 1307/1307/1307 1304/1304/1304 1306/1306/1306
f 1307/1307/1307 1306/1306/1306 1308/1308/1308
f 1306/1306/1306 1309/1309/1309 1308/1308/1308
f 1310/1310/1310 1308/1308/1308 1309/1309/1309
f 1311/1311/1311 1310/1310/1310 1309/1309/1309
f 1314/1314/1314 1313/1313/1313 1312/1312/1312
f 1313/1313/1313 1315/1315/1315 1312/1312/1312
f 1312/1312/1312 1315/1315/1315 1316/1316/1316
f 1315/1315/1315 1317/1317/1317 1316/1316/1316
f 1317/1317/1317 1318/1318/1318 1316/1316/1316
f 1318/1318/1318 1319/1319/1319 1316/1316/1316
f 1318/1318/1318 1320/1320/1320 1319/1319/1319
f 1320/1320/1320 1321/1321/1321 1319/1319/1319
f 1321/1321/1321 1320/1320/1320 1322/1322/1322
f 1320/1320/1320 1323/1323/1323 1322/1322/1322
f 1326/1326/1326 1325/1325/1325 1324/1324/1324
f 1325/1325/1325 1327/1327/1327 1324/1324/1324
f 1324/1324/1324 1327/1327/1327 1328/1328/1328
f 1327/1327/1327 1329/1329/1329 1328/1328/1328
f 1328/1328/1328 1329/1329/1329 1330/1330/1330
f 1331/1331/1331 1328/1328/1328 1330/1330/1330
f 1331/1331/1331 1330/1330/1330 1332/1332/1332
f 1335/1335/1335 1334/1334/1334 1333/1333/1333
f 1334/1334/1334 1336/1336/1336 1333/1333/1333
f 1337/1337/1337 1336/1336/1336 1334/1334/1334
f 1338/1338/1338 1337/1337/1337 1334/1334/1334
f 1339/1339/1339 1337/1337/1337 1338/1338/1338
f 1340/1340/1340 1339/1339/1339 1338/1338/1338
f 1340/1340/1340 1341/1341/1341 1339/1339/1339
f 1344/1344/1344 1343/1343/1343 1342/1342/1342
f 1345/1345/1345 1344/1344/1344 1342/1342/1342
f 1348/1348/1348 1347/1347/1347 1346/1346/1346
f 1349/1349/1349 1348/1348/1348 1346/1346/1346
f 1352/1352/1352 1351/1351/1351 1350/1350/1350
f 1353/1353/1353 1352/1352/1352 1350/1350/1350
f 1356/1356/1356 1355/1355/1355 1354/1354/1354
f 1355/1355/1355 1357/1357/1357 1354/1354/1354
f 1355/1355/1355 1358/1358/1358 1357/1357/1357
f 1358/1358/1358 1359/1359/1359 1357/1357/1357
f 1358/1358/1358 1360/1360/1360 1359/1359/1359
f 1360/1360/1360 1361/1361/1361 1359/1359/1359
f 1364/1364/1364 1363/1363/1363 1362/1362/1362
f 1363/1363/1363 1365/1365/1365 1362/1362/1362
f 1366/1366/1366 1365/1365/1365 1363/1363/1363
f 1369/1369/1369 1368/1368/1368 1367/1367/1367
f 1370/1370/1370 1369/1369/1369 1367/1367/1367
f 1373/1373/1373 1372/1372/1372 1371/1371/1371
f 1374/1374/1374 1373/1373/1373 1371/1371/1371
f 1377/1377/1377 1376/1376/1376 1375/1375/1375
f 1378/1378/1378 1377/1377/1377 1375/1375/1375
f 1381/1381/1381 1380/1380/1380 1379/1379/1379
f 1382/1382/1382 1381/1381/1381 1379/1379/1379
f 1385/1385/1385 1384/1384/1384 1383/1383/1383
f 1386/1386/1386 1385/1385/1385 1383/1383/1383
f 1385/1385/1385 1386/1386/1386 1387/1387/1387
f 1388/1388/1388 1385/1385/1385 1387/1387/1387
f 1388/1388/1388 1387/1387/1387 1389/1389/1389
f 1390/1390/1390 1388/1388/1388 1389/1389/1389
f 1393/1393/1393 1392/1392/1392 1391/1391/1391
f 1394/1394/1394 1393/1393/1393 1391/1391/1391
f 1394/1394/1394 1391/1391/1391 1395/1395/1395
f 1396/1396/1396 1394/1394/1394 1395/1395/1395
f 1396/1396/1396 1395/1395/1395 1397/1397/1397
f 1398/1398/1398 1396/1396/1396 1397/1397/1397
f 1398/1398/1398 1397/1397/1397 1399/1399/1399
f 1400/1400/1400 1398/1398/1398 1399/1399/1399
f 1400/1400/1400 1399/1399/1399 1401/1401/1401
f 1402/1402/1402 1400/1400/1400 1401/1401/1401
f 1402/1402/1402 1401/1401/1401 1403/1403/1403
f 1404/1404/1404 1402/1402/1402 1403/1403/1403
f 1407/1407/1407 1406/1406/1406 1405/1405/1405
f 1408/1408/1408 1407/1407/1407 1405/1405/1405
f 1411/1411/1411 1410/1410/1410 1409/1409/1409
f 1410/1410/1410 1412/1412/1412 1409/1409/1409
f 1413/1413/1413 1412/1412/1412 1410/1410/1410
f 1412/1412/1412 1414/1414/1414 1409/1409/1409
f 1409/1409/1409 1414/1414/1414 1415/1415/1415
f 1416/1416/1416 1414/1414/1414 1412/1412/1412
f 1419/1419/1419 1418/1418/1418 1417/1417/1417
f 1418/1418/1418 1420/1420/1420 1417/1417/1417
f 1417/1417/1417 1420/1420/1420 1421/1421/1421
f 1420/1420/1420 1422/1422/1422 1421/1421/1421
f 1423/1423/1423 1417/1417/1417 1421/1421/1421
f 1426/1426/1426 1425/1425/1425 1424/1424/1424
f 1427/1427/1427 1426/1426/1426 1424/1424/1424
f 1427/1427/1427 1428/1428/1428 1426/1426/1426
f 1426/1426/1426 1428/1428/1428 1429/1429/1429
f 1430/1430/1430 1426/1426/1426 1429/1429/1429
f 1430/1430/1430 1429/1429/1429 1431/1431/1431
f 1429/1429/1429 1432/1432/1432 1431/1431/1431
f 1433/1433/1433 1431/1431/1431 1432/1432/1432
f 1434/1434/1434 1433/1433/1433 1432/1432/1432
f 1434/1434/1434 1435/1435/1435 1433/1433/1433
f 1430/1430/1430 1436/1436/1436 1426/1426/1426
f 1431/1431/1431 1437/1437/1437 1430/1430/1430
f 1437/1437/1437 1436/1436/1436 1430/1430/1430
f 1433/1433/1433 1438/1438/1438 1431/1431/1431
f 1438/1438/1438 1437/1437/1437 1431/1431/1431
f 1438/1438/1438 1439/1439/1439 1437/1437/1437
f 1435/1435/1435 1440/1440/1440 1433/1433/1433
f 1433/1433/1433 1440/1440/1440 1438/1438/1438
f 1436/1436/1436 1441/1441/1441 1426/1426/1426
f 1441/1441/1441 1442/1442/1442 1426/1426/1426
f 1443/1443/1443 1442/1442/1442 1441/1441/1441
f 1437/1437/1437 1444/1444/1444 1436/1436/1436
f 1444/1444/1444 1441/1441/1441 1436/1436/1436
f 1444/1444/1444 1443/1443/1443 1441/1441/1441
f 1439/1439/1439 1444/1444/1444 1437/1437/1437
f 1445/1445/1445 1443/1443/1443 1444/1444/1444
f 1439/1439/1439 1445/1445/1445 1444/1444/1444
f 1440/1440/1440 1435/1435/1435 1446/1446/1446
f 1435/1435/1435 1447/1447/1447 1446/1446/1446
f 1446/1446/1446 1447/1447/1447 1448/1448/1448
f 1440/1440/1440 1449/1449/1449 1438/1438/1438
f 1438/1438/1438 1449/1449/1449 1439/1439/1439
f 1449/1449/1449 1440/1440/1440 1450/1450/1450
f 1440/1440/1440 1446/1446/1446 1450/1450/1450
f 1449/1449/1449 1450/1450/1450 1439/1439/1439
f 1451/1451/1451 1446/1446/1446 1448/1448/1448
f 1450/1450/1450 1446/1446/1446 1451/1451/1451
f 1448/1448/1448 1452/1452/1452 1451/1451/1451
f 1439/1439/1439 1450/1450/1450 1453/1453/1453
f 1453/1453/1453 1450/1450/1450 1451/1451/1451
f 1452/1452/1452 1454/1454/1454 1451/1451/1451
f 1453/1453/1453 1451/1451/1451 1454/1454/1454
f 1455/1455/1455 1439/1439/1439 1453/1453/1453
f 1456/1456/1456 1439/1439/1439 1455/1455/1455
f 1457/1457/1457 1456/1456/1456 1455/1455/1455
f 1458/1458/1458 1454/1454/1454 1452/1452/1452
f 1459/1459/1459 1458/1458/1458 1452/1452/1452
f 1459/1459/1459 1460/1460/1460 1458/1458/1458
f 1461/1461/1461 1453/1453/1453 1454/1454/1454
f 1455/1455/1455 1453/1453/1453 1461/1461/1461
f 1461/1461/1461 1454/1454/1454 1458/1458/1458
f 1457/1457/1457 1455/1455/1455 1462/1462/1462
f 1462/1462/1462 1455/1455/1455 1461/1461/1461
f 1462/1462/1462 1461/1461/1461 1458/1458/1458
f 1463/1463/1463 1457/1457/1457 1462/1462/1462
f 1463/1463/1463 1462/1462/1462 1458/1458/1458
f 1466/1466/1466 1465/1465/1465 1464/1464/1464
f 1467/1467/1467 1466/1466/1466 1464/1464/1464
f 1470/1470/1470 1469/1469/1469 1468/1468/1468
f 1471/1471/1471 1470/1470/1470 1468/1468/1468
f 1471/1471/1471 1468/1468/1468 1472/1472/1472
f 1468/1468/1468 1473/1473/1473 1472/1472/1472
f 1472/1472/1472 1473/1473/1473 1474/1474/1474
f 1475/1475/1475 1472/1472/1472 1474/1474/1474
f 1475/1475/1475 1474/1474/1474 1476/1476/1476
f 1474/1474/1474 1477/1477/1477 1476/1476/1476
f 1476/1476/1476 1477/1477/1477 1478/1478/1478
f 1479/1479/1479 1476/1476/1476 1478/1478/1478
f 1479/1479/1479 1478/1478/1478 1480/1480/1480
f 1478/1478/1478 1481/1481/1481 1480/1480/1480
f 1481/1481/1481 1482/1482/1482 1480/1480/1480
f 1482/1482/1482 1483/1483/1483 1480/1480/1480
f 1484/1484/1484 1483/1483/1483 1482/1482/1482
f 1485/1485/1485 1484/1484/1484 1482/1482/1482
f 1485/1485/1485 1486/1486/1486 1484/1484/1484
f 1486/1486/1486 1487/1487/1487 1484/1484/1484
f 1488/1488/1488 1487/1487/1487 1486/1486/1486
f 1489/1489/1489 1488/1488/1488 1486/1486/1486
f 1489/1489/1489 1490/1490/1490 1488/1488/1488
f 1490/1490/1490 1491/1491/1491 1488/1488/1488
f 1492/1492/1492 1491/1491/1491 1490/1490/1490
f 1493/1493/1493 1492/1492/1492 1490/1490/1490
f 1496/1496/1496 1495/1495/1495 1494/1494/1494
f 1495/1495/1495 1497/1497/1497 1494/1494/1494
f 1498/1498/1498 1494/1494/1494 1497/1497/1497
f 1499/1499/1499 1498/1498/1498 1497/1497/1497
f 1499/1499/1499 1500/1500/1500 1498/1498/1498
f 1500/1500/1500 1501/1501/1501 1498/1498/1498
f 1501/1501/1501 1500/1500/1500 1502/1502/1502
f 1503/1503/1503 1501/1501/1501 1502/1502/1502
f 1503/1503/1503 1502/1502/1502 1504/1504/1504
f 1502/1502/1502 1505/1505/1505 1504/1504/1504
f 1506/1506/1506 1504/1504/1504 1505/1505/1505
f 1507/1507/1507 1506/1506/1506 1505/1505/1505
f 1507/1507/1507 1508/1508/1508 1506/1506/1506
f 1508/1508/1508 1509/1509/1509 1506/1506/1506
f 1509/1509/1509 1508/1508/1508 1510/1510/1510
f 1508/1508/1508 1511/1511/1511 1510/1510/1510
f 1510/1510/1510 1511/1511/1511 1512/1512/1512
f 1513/1513/1513 1510/1510/1510 1512/1512/1512
f 1512/1512/1512 1514/1514/1514 1513/1513/1513
f 1514/1514/1514 1515/1515/1515 1513/1513/1513
f 1516/1516/1516 1515/1515/1515 1514/1514/1514
f 1517/1517/1517 1516/1516/1516 1514/1514/1514
f 1516/1516/1516 1517/1517/1517 1518/1518/1518
f 1517/1517/1517 1519/1519/1519 1518/1518/1518
f 1518/1518/1518 1519/1519/1519 1520/1520/1520
f 1521/1521/1521 1518/1518/1518 1520/1520/1520
f 1520/1520/1520 1522/1522/1522 1521/1521/1521
f 1522/1522/1522 1523/1523/1523 1521/1521/1521
f 1526/1526/1526 1525/1525/1525 1524/1524/1524
f 1525/1525/1525 1527/1527/1527 1524/1524/1524
f 1524/1524/1524 1527/1527/1527 1528/1528/1528
f 1529/1529/1529 1524/1524/1524 1528/1528/1528
f 1529/1529/1529 1528/1528/1528 1530/1530/1530
f 1531/1531/1531 1529/1529/1529 1530/1530/1530
f 1531/1531/1531 1530/1530/1530 1532/1532/1532
f 1533/1533/1533 1531/1531/1531 1532/1532/1532
f 1533/1533/1533 1532/1532/1532 1534/1534/1534
f 1532/1532/1532 1535/1535/1535 1534/1534/1534
f 1536/1536/1536 1534/1534/1534 1535/1535/1535
f 1537/1537/1537 1536/1536/1536 1535/1535/1535
f 1537/1537/1537 1538/1538/1538 1536/1536/1536
f 1538/1538/1538 1539/1539/1539 1536/1536/1536
f 1539/1539/1539 1538/1538/1538 1540/1540/1540
f 1538/1538/1538 1541/1541/1541 1540/1540/1540
f 1540/1540/1540 1541/1541/1541 1542/1542/1542
f 1543/1543/1543 1540/1540/1540 1542/1542/1542
f 1542/1542/1542 1544/1544/1544 1543/1543/1543
f 1544/1544/1544 1545/1545/1545 1543/1543/1543
f 1546/1546/1546 1545/1545/1545 1544/1544/1544
f 1547/1547/1547 1546/1546/1546 1544/1544/1544
f 1548/1548/1548 1546/1546/1546 1547/1547/1547
f 1549/1549/1549 1548/1548/1548 1547/1547/1547
f 1550/1550/1550 1548/1548/1548 1549/1549/1549
f 1551/1551/1551 1550/1550/1550 1549/1549/1549
f 1551/1551/1551 1552/1552/1552 1550/1550/1550
f 1552/1552/1552 1553/1553/1553 1550/1550/1550
f 1556/1556/1556 1555/1555/1555 1554/1554/1554
f 1557/1557/1557 1556/1556/1556 1554/1554/1554
f 1557/1557/1557 1558/1558/1558 1556/1556/1556
f 1558/1558/1558 1559/1559/1559 1556/1556/1556
f 1560/1560/1560 1559/1559/1559 1558/1558/1558
f 1561/1561/1561 1560/1560/1560 1558/1558/1558
f 1561/1561/1561 1562/1562/1562 1560/1560/1560
f 1562/1562/1562 1563/1563/1563 1560/1560/1560
f 1564/1564/1564 1563/1563/1563 1562/1562/1562
f 1565/1565/1565 1564/1564/1564 1562/1562/1562
f 1565/1565/1565 1566/1566/1566 1564/1564/1564
f 1566/1566/1566 1567/1567/1567 1564/1564/1564
f 1567/1567/1567 1566/1566/1566 1568/1568/1568
f 1566/1566/1566 1569/1569/1569 1568/1568/1568
f 1568/1568/1568 1569/1569/1569 1570/1570/1570
f 1571/1571/1571 1568/1568/1568 1570/1570/1570
f 1571/1571/1571 1570/1570/1570 1572/1572/1572
f 1570/1570/1570 1573/1573/1573 1572/1572/1572
f 1572/1572/1572 1573/1573/1573 1574/1574/1574
f 1575/1575/1575 1572/1572/1572 1574/1574/1574
f 1575/1575/1575 1574/1574/1574 1576/1576/1576
f 1574/1574/1574 1577/1577/1577 1576/1576/1576
f 1580/1580/1580 1579/1579/1579 1578/1578/1578
f 1581/1581/1581 1580/1580/1580 1578/1578/1578
f 1584/1584/1584 1583/1583/1583 1582/1582/1582
f 1585/1585/1585 1584/1584/1584 1582/1582/1582
f 1585/1585/1585 1582/1582/1582 1586/1586/1586
f 1587/1587/1587 1585/1585/1585 1586/1586/1586
f 1590/1590/1590 1589/1589/1589 1588/1588/1588
f 1590/1590/1590 1591/1591/1591 1589/1589/1589
f 1591/1591/1591 1592/1592/1592 1589/1589/1589
f 1592/1592/1592 1591/1591/1591 1593/1593/1593
f 1591/1591/1591 1594/1594/1594 1593/1593/1593
f 1593/1593/1593 1594/1594/1594 1595/1595/1595
f 1593/1593/1593 1595/1595/1595 1596/1596/1596
f 1593/1593/1593 1596/1596/1596 1597/1597/1597
f 1596/1596/1596 1598/1598/1598 1597/1597/1597
f 1598/1598/1598 1599/1599/1599 1597/1597/1597
f 1594/1594/1594 1600/1600/1600 1595/1595/1595
f 1594/1594/1594 1601/1601/1601 1600/1600/1600
f 1601/1601/1601 1602/1602/1602 1600/1600/1600
f 1602/1602/1602 1603/1603/1603 1600/1600/1600
f 1606/1606/1606 1605/1605/1605 1604/1604/1604
f 1607/1607/1607 1606/1606/1606 1604/1604/1604
f 1607/1607/1607 1604/1604/1604 1608/1608/1608
f 1609/1609/1609 1607/1607/1607 1608/1608/1608
f 1609/1609/1609 1608/1608/1608 1610/1610/1610
f 1611/1611/1611 1609/1609/1609 1610/1610/1610
f 1611/1611/1611 1610/1610/1610 1612/1612/1612
f 1613/1613/1613 1611/1611/1611 1612/1612/1612
f 1613/1613/1613 1612/1612/1612 1614/1614/1614
f 1615/1615/1615 1613/1613/1613 1614/1614/1614
f 1615/1615/1615 1614/1614/1614 1616/1616/1616
f 1617/1617/1617 1615/1615/1615 1616/1616/1616
f 1617/1617/1617 1616/1616/1616 1618/1618/1618
f 1619/1619/1619 1617/1617/1617 1618/1618/1618
f 1620/1620/1620 1619/1619/1619 1618/1618/1618
f 1621/1621/1621 1620/1620/1620 1618/1618/1618
f 1624/1624/1624 1623/1623/1623 1622/1622/1622
f 1623/1623/1623 1625/1625/1625 1622/1622/1622
f 1623/1623/1623 1626/1626/1626 1625/1625/1625
f 1626/1626/1626 1627/1627/1627 1625/1625/1625
f 1628/1628/1628 1627/1627/1627 1626/1626/1626
f 1629/1629/1629 1628/1628/1628 1626/1626/1626
f 1630/1630/1630 1628/1628/1628 1629/1629/1629
f 1631/1631/1631 1630/1630/1630 1629/1629/1629
f 1632/1632/1632 1630/1630/1630 1631/1631/1631
f 1633/1633/1633 1632/1632/1632 1631/1631/1631
f 1632/1632/1632 1633/1633/1633 1634/1634/1634
f 1635/1635/1635 1632/1632/1632 1634/1634/1634
f 1636/1636/1636 1635/1635/1635 1634/1634/1634
f 1637/1637/1637 1636/1636/1636 1634/1634/1634
f 1636/1636/1636 1637/1637/1637 1638/1638/1638
f 1639/1639/1639 1636/1636/1636 1638/1638/1638
f 1642/1642/1642 1641/1641/1641 1640/1640/1640
f 1643/1643/1643 1642/1642/1642 1640/1640/1640
f 1646/1646/1646 1645/1645/1645 1644/1644/1644
f 1647/1647/1647 1646/1646/1646 1644/1644/1644
f 1650/1650/1650 1649/1649/1649 1648/1648/1648
f 1651/1651/1651 1650/1650/1650 1648/1648/1648
f 1654/1654/1654 1653/1653/1653 1652/1652/1652
f 1655/1655/1655 1654/1654/1654 1652/1652/1652
f 1658/1658/1658 1657/1657/1657 1656/1656/1656
f 1659/1659/1659 1658/1658/1658 1656/1656/1656
f 1662/1662/1662 1661/1661/1661 1660/1660/1660
f 1663/1663/1663 1662/1662/1662 1660/1660/1660
f 1666/1666/1666 1665/1665/1665 1664/1664/1664
f 1667/1667/1667 1666/1666/1666 1664/1664/1664
f 1670/1670/1670 1669/1669/1669 1668/1668/1668
f 1671/1671/1671 1670/1670/1670 1668/1668/1668
f 1674/1674/1674 1673/1673/1673 1672/1672/1672
f 1675/1675/1675 1674/1674/1674 1672/1672/1672
f 1678/1678/1678 1677/1677/1677 1676/1676/1676
f 1679/1679/1679 1678/1678/1678 1676/1676/1676
f 1682/1682/1682 1681/1681/1681 1680/1680/1680
f 1683/1683/1683 1682/1682/1682 1680/1680/1680
f 1686/1686/1686 1685/1685/1685 1684/1684/1684
f 1687/1687/1687 1686/1686/1686 1684/1684/1684
f 1690/1690/1690 1689/1689/1689 1688/1688/1688
f 1691/1691/1691 1690/1690/1690 1688/1688/1688
f 1694/1694/1694 1693/1693/1693 1692/1692/1692
f 1695/1695/1695 1694/1694/1694 1692/1692/1692
f 1698/1698/1698 1697/1697/1697 1696/1696/1696
f 1699/1699/1699 1698/1698/1698 1696/1696/1696
f 1702/1702/1702 1701/1701/1701 1700/1700/1700
f 1703/1703/1703 1702/1702/1702 1700/1700/1700
f 1706/1706/1706 1705/1705/1705 1704/1704/1704
f 1707/1707/1707 1706/1706/1706 1704/1704/1704
f 1710/1710/1710 1709/1709/1709 1708/1708/1708
f 1711/1711/1711 1710/1710/1710 1708/1708/1708
f 1714/1714/1714 1713/1713/1713 1712/1712/1712
f 1715/1715/1715 1714/1714/1714 1712/1712/1712
f 1718/1718/1718 1717/1717/1717 1716/1716/1716
f 1719/1719/1719 1718/1718/1718 1716/1716/1716
f 1722/1722/1722 1721/1721/1721 1720/1720/1720
f 1723/1723/1723 1722/1722/1722 1720/1720/1720
f 1726/1726/1726 1725/1725/1725 1724/1724/1724
f 1727/1727/1727 1726/1726/1726 1724/1724/1724
f 1730/1730/1730 1729/1729/1729 1728/1728/1728
f 1731/1731/1731 1730/1730/1730 1728/1728/1728
f 1734/1734/1734 1733/1733/1733 1732/1732/1732
f 1735/1735/1735 1734/1734/1734 1732/1732/1732
f 1738/1738/1738 1737/1737/1737 1736/1736/1736
f 1739/1739/1739 1738/1738/1738 1736/1736/1736
f 1742/1742/1742 1741/1741/1741 1740/1740/1740
f 1743/1743/1743 1742/1742/1742 1740/1740/1740
f 1746/1746/1746 1745/1745/1745 1744/1744/1744
f 1747/1747/1747 1746/1746/1746 1744/1744/1744
f 1750/1750/1750 1749/1749/1749 1748/1748/1748
f 1751/1751/1751 1750/1750/1750 1748/1748/1748
f 1754/1754/1754 1753/1753/1753 1752/1752/1752
f 1755/1755/1755 1754/1754/1754 1752/1752/1752
f 1758/1758/1758 1757/1757/1757 1756/1756/1756
f 1759/1759/1759 1758/1758/1758 1756/1756/1756
f 1762/1762/1762 1761/1761/1761 1760/1760/1760
f 1763/1763/1763 1762/1762/1762 1760/1760/1760
f 1766/1766/1766 1765/1765/1765 1764/1764/1764
f 1767/1767/1767 1766/1766/1766 1764/1764/1764
f 1770/1770/1770 1769/1769/1769 1768/1768/1768
f 1771/1771/1771 1770/1770/1770 1768/1768/1768
f 1774/1774/1774 1773/1773/1773 1772/1772/1772
f 1775/1775/1775 1774/1774/1774 1772/1772/1772
f 1778/1778/1778 1777/1777/1777 1776/1776/1776
f 1779/1779/1779 1778/1778/1778 1776/1776/1776
f 1782/1782/1782 1781/1781/1781 1780/1780/1780
f 1783/1783/1783 1782/1782/1782 1780/1780/1780
f 1786/1786/1786 1785/1785/1785 1784/1784/1784
f 1787/1787/1787 1786/1786/1786 1784/1784/1784
f 1790/1790/1790 1789/1789/1789 1788/1788/1788
f 1791/1791/1791 1790/1790/1790 1788/1788/1788
f 1794/1794/1794 1793/1793/1793 1792/1792/1792
f 1795/1795/1795 1794/1794/1794 1792/1792/1792
f 1798/1798/1798 1797/1797/1797 1796/1796/1796
f 1799/1799/1799 1798/1798/1798 1796/1796/1796
f 1802/1802/1802 1801/1801/1801 1800/1800/1800
f 1803/1803/1803 1802/1802/1802 1800/1800/1800
f 1806/1806/1806 1805/1805/1805 1804/1804/1804
f 1807/1807/1807 1806/1806/1806 1804/1804/1804
f 1810/1810/1810 1809/1809/1809 1808/1808/1808
f 1811/1811/1811 1810/1810/1810 1808/1808/1808
f 1814/1814/1814 1813/1813/1813 1812/1812/1812
f 1815/1815/1815 1814/1814/1814 1812/1812/1812
f 1818/1818/1818 1817/1817/1817 1816/1816/1816
f 1819/1819/1819 1818/1818/1818 1816/1816/1816
f 1822/1822/1822 1821/1821/1821 1820/1820/1820
f 1823/1823/1823 1822/1822/1822 1820/1820/1820
f 1826/1826/1826 1825/1825/1825 1824/1824/1824
f 1827/1827/1827 1826/1826/1826 1824/1824/1824
f 1830/1830/1830 1829/1829/1829 1828/1828/1828
f 1831/1831/1831 1830/1830/1830 1828/1828/1828
f 1834/1834/1834 1833/1833/1833 1832/1832/1832
f 1835/1835/1835 1834/1834/1834 1832/1832/1832
f 1836/1836/1836 1834/1834/1834 1835/1835/1835
f 1837/1837/1837 1836/1836/1836 1835/1835/1835
f 1840/1840/1840 1839/1839/1839 1838/1838/1838
f 1839/1839/1839 1841/1841/1841 1838/1838/1838
f 1842/1842/1842 1838/1838/1838 1841/1841/1841
f 1843/1843/1843 1842/1842/1842 1841/1841/1841
f 1841/1841/1841 1844/1844/1844 1843/1843/1843
f 1847/1847/1847 1846/1846/1846 1845/1845/1845
f 1848/1848/1848 1847/1847/1847 1845/1845/1845
f 1851/1851/1851 1850/1850/1850 1849/1849/1849
f 1849/1849/1849 1852/1852/1852 1851/1851/1851
f 1852/1852/1852 1853/1853/1853 1851/1851/1851
f 1856/1856/1856 1855/1855/1855 1854/1854/1854
f 1857/1857/1857 1856/1856/1856 1854/1854/1854
f 1860/1860/1860 1859/1859/1859 1858/1858/1858
f 1861/1861/1861 1860/1860/1860 1858/1858/1858
f 1864/1864/1864 1863/1863/1863 1862/1862/1862
f 1865/1865/1865 1864/1864/1864 1862/1862/1862
f 1868/1868/1868 1867/1867/1867 1866/1866/1866
f 1869/1869/1869 1868/1868/1868 1866/1866/1866
f 1872/1872/1872 1871/1871/1871 1870/1870/1870
f 1873/1873/1873 1872/1872/1872 1870/1870/1870
f 1876/1876/1876 1875/1875/1875 1874/1874/1874
f 1877/1877/1877 1876/1876/1876 1874/1874/1874
f 1880/1880/1880 1879/1879/1879 1878/1878/1878
f 1881/1881/1881 1880/1880/1880 1878/1878/1878
f 1881/1881/1881 1878/1878/1878 1882/1882/1882
f 1878/1878/1878 1883/1883/1883 1882/1882/1882
f 1886/1886/1886 1885/1885/1885 1884/1884/1884
f 1886/1886/1886 1884/1884/1884 1887/1887/1887
f 1884/1884/1884 1888/1888/1888 1887/1887/1887
f 1891/1891/1891 1890/1890/1890 1889/1889/1889
f 1892/1892/1892 1891/1891/1891 1889/1889/1889
f 1895/1895/1895 1894/1894/1894 1893/1893/1893
f 1896/1896/1896 1895/1895/1895 1893/1893/1893
f 1899/1899/1899 1898/1898/1898 1897/1897/1897
f 1900/1900/1900 1899/1899/1899 1897/1897/1897
f 1900/1900/1900 1897/1897/1897 1901/1901/1901
f 1897/1897/1897 1902/1902/1902 1901/1901/1901
f 1905/1905/1905 1904/1904/1904 1903/1903/1903
f 1905/1905/1905 1903/1903/1903 1906/1906/1906
f 1903/1903/1903 1907/1907/1907 1906/1906/1906
f 1910/1910/1910 1909/1909/1909 1908/1908/1908
f 1911/1911/1911 1910/1910/1910 1908/1908/1908
f 1914/1914/1914 1913/1913/1913 1912/1912/1912
f 1915/1915/1915 1914/1914/1914 1912/1912/1912
f 1918/1918/1918 1917/1917/1917 1916/1916/1916
f 1919/1919/1919 1918/1918/1918 1916/1916/1916
f 1922/1922/1922 1921/1921/1921 1920/1920/1920
f 1923/1923/1923 1922/1922/1922 1920/1920/1920
f 1926/1926/1926 1925/1925/1925 1924/1924/1924
f 1927/1927/1927 1926/1926/1926 1924/1924/1924
f 1930/1930/1930 1929/1929/1929 1928/1928/1928
f 1931/1931/1931 1930/1930/1930 1928/1928/1928
f 1934/1934/1934 1933/1933/1933 1932/1932/1932
f 1935/1935/1935 1934/1934/1934 1932/1932/1932
f 1938/1938/1938 1937/1937/1937 1936/1936/1936
f 1939/1939/1939 1938/1938/1938 1936/1936/1936
f 1939/1939/1939 1936/1936/1936 1940/1940/1940
f 1941/1941/1941 1939/1939/1939 1940/1940/1940
f 1944/1944/1944 1943/1943/1943 1942/1942/1942
f 1945/1945/1945 1944/1944/1944 1942/1942/1942
f 1945/1945/1945 1942/1942/1942 1946/1946/1946
f 1947/1947/1947 1945/1945/1945 1946/1946/1946
f 1950/1950/1950 1949/1949/1949 1948/1948/1948
f 1951/1951/1951 1950/1950/1950 1948/1948/1948
f 1954/1954/1954 1953/1953/1953 1952/1952/1952
f 1955/1955/1955 1954/1954/1954 1952/1952/1952
f 1958/1958/1958 1957/1957/1957 1956/1956/1956
f 1959/1959/1959 1958/1958/1958 1956/1956/1956
f 1956/1956/1956 1960/1960/1960 1959/1959/1959
f 1959/1959/1959 1960/1960/1960 1961/1961/1961
f 1962/1962/1962 1960/1960/1960 1956/1956/1956
f 1960/1960/1960 1963/1963/1963 1961/1961/1961
f 1962/1962/1962 1964/1964/1964 1960/1960/1960
f 1961/1961/1961 1963/1963/1963 1965/1965/1965
f 1966/1966/1966 1964/1964/1964 1962/1962/1962
f 1963/1963/1963 1967/1967/1967 1965/1965/1965
f 1966/1966/1966 1967/1967/1967 1964/1964/1964
f 1965/1965/1965 1967/1967/1967 1968/1968/1968
f 1968/1968/1968 1967/1967/1967 1966/1966/1966
f 1971/1971/1971 1970/1970/1970 1969/1969/1969
f 1972/1972/1972 1971/1971/1971 1969/1969/1969
f 1975/1975/1975 1974/1974/1974 1973/1973/1973
f 1976/1976/1976 1975/1975/1975 1973/1973/1973
f 1979/1979/1979 1978/1978/1978 1977/1977/1977
f 1980/1980/1980 1979/1979/1979 1977/1977/1977
f 1983/1983/1983 1982/1982/1982 1981/1981/1981
f 1984/1984/1984 1983/1983/1983 1981/1981/1981
f 1987/1987/1987 1986/1986/1986 1985/1985/1985
f 1988/1988/1988 1987/1987/1987 1985/1985/1985
f 1991/1991/1991 1990/1990/1990 1989/1989/1989
f 1992/1992/1992 1991/1991/1991 1989/1989/1989
f 1995/1995/1995 1994/1994/1994 1993/1993/1993
f 1996/1996/1996 1995/1995/1995 1993/1993/1993
f 1999/1999/1999 1998/1998/1998 1997/1997/1997
f 2000/2000/2000 1999/1999/1999 1997/1997/1997
f 2003/2003/2003 2002/2002/2002 2001/2001/2001
f 2002/2002/2002 2004/2004/2004 2001/2001/2001
f 2001/2001/2001 2004/2004/2004 2005/2005/2005
f 2004/2004/2004 2006/2006/2006 2005/2005/2005
f 2005/2005/2005 2006/2006/2006 2007/2007/2007
f 2006/2006/2006 2008/2008/2008 2007/2007/2007
f 2007/2007/2007 2008/2008/2008 2009/2009/2009
f 2008/2008/2008 2010/2010/2010 2009/2009/2009
f 2013/2013/2013 2012/2012/2012 2011/2011/2011
f 2014/2014/2014 2013/2013/2013 2011/2011/2011
f 2015/2015/2015 2013/2013/2013 2014/2014/2014
f 2016/2016/2016 2015/2015/2015 2014/2014/2014
f 2017/2017/2017 2015/2015/2015 2016/2016/2016
f 2018/2018/2018 2017/2017/2017 2016/2016/2016
f 2019/2019/2019 2017/2017/2017 2018/2018/2018
f 2020/2020/2020 2019/2019/2019 2018/2018/2018
f 2023/2023/2023 2022/2022/2022 2021/2021/2021
f 2024/2024/2024 2023/2023/2023 2021/2021/2021
f 2025/2025/2025 2023/2023/2023 2024/2024/2024
f 2026/2026/2026 2025/2025/2025 2024/2024/2024
f 2027/2027/2027 2025/2025/2025 2026/2026/2026
f 2028/2028/2028 2027/2027/2027 2026/2026/2026
f 2031/2031/2031 2030/2030/2030 2029/2029/2029
f 2032/2032/2032 2031/2031/2031 2029/2029/2029
f 2033/2033/2033 2031/2031/2031 2032/2032/2032
f 2034/2034/2034 2033/2033/2033 2032/2032/2032
f 2035/2035/2035 2033/2033/2033 2034/2034/2034
f 2036/2036/2036 2035/2035/2035 2034/2034/2034
f 2039/2039/2039 2038/2038/2038 2037/2037/2037
f 2040/2040/2040 2039/2039/2039 2037/2037/2037
f 2043/2043/2043 2042/2042/2042 2041/2041/2041
f 2044/2044/2044 2043/2043/2043 2041/2041/2041
f 2047/2047/2047 2046/2046/2046 2045/2045/2045
f 2048/2048/2048 2047/2047/2047 2045/2045/2045
f 2051/2051/2051 2050/2050/2050 2049/2049/2049
f 2052/2052/2052 2051/2051/2051 2049/2049/2049
f 2055/2055/2055 2054/2054/2054 2053/2053/2053
f 2056/2056/2056 2055/2055/2055 2053/2053/2053
f 2059/2059/2059 2058/2058/2058 2057/2057/2057
f 2060/2060/2060 2059/2059/2059 2057/2057/2057
f 2063/2063/2063 2062/2062/2062 2061/2061/2061
f 2064/2064/2064 2063/2063/2063 2061/2061/2061
f 2067/2067/2067 2066/2066/2066 2065/2065/2065
f 2068/2068/2068 2067/2067/2067 2065/2065/2065
f 2071/2071/2071 2070/2070/2070 2069/2069/2069
f 2072/2072/2072 2071/2071/2071 2069/2069/2069
f 2075/2075/2075 2074/2074/2074 2073/2073/2073
f 2076/2076/2076 2075/2075/2075 2073/2073/2073
f 2079/2079/2079 2078/2078/2078 2077/2077/2077
f 2080/2080/2080 2079/2079/2079 2077/2077/2077
f 2083/2083/2083 2082/2082/2082 2081/2081/2081
f 2084/2084/2084 2083/2083/2083 2081/2081/2081
f 2087/2087/2087 2086/2086/2086 2085/2085/2085
f 2088/2088/2088 2087/2087/2087 2085/2085/2085
f 2091/2091/2091 2090/2090/2090 2089/2089/2089
f 2092/2092/2092 2091/2091/2091 2089/2089/2089
f 2095/2095/2095 2094/2094/2094 2093/2093/2093
f 2096/2096/2096 2095/2095/2095 2093/2093/2093
f 2099/2099/2099 2098/2098/2098 2097/2097/2097
f 2100/2100/2100 2099/2099/2099 2097/2097/2097
f 2103/2103/2103 2102/2102/2102 2101/2101/2101
f 2104/2104/2104 2103/2103/2103 2101/2101/2101
f 2107/2107/2107 2106/2106/2106 2105/2105/2105
f 2108/2108/2108 2107/2107/2107 2105/2105/2105
f 2111/2111/2111 2110/2110/2110 2109/2109/2109
f 2112/2112/2112 2111/2111/2111 2109/2109/2109
f 2115/2115/2115 2114/2114/2114 2113/2113/2113
f 2116/2116/2116 2115/2115/2115 2113/2113/2113
f 2119/2119/2119 2118/2118/2118 2117/2117/2117
f 2120/2120/2120 2119/2119/2119 2117/2117/2117
f 2123/2123/2123 2122/2122/2122 2121/2121/2121
f 2124/2124/2124 2123/2123/2123 2121/2121/2121
f 2127/2127/2127 2126/2126/2126 2125/2125/2125
f 2128/2128/2128 2127/2127/2127 2125/2125/2125
f 2131/2131/2131 2130/2130/2130 2129/2129/2129
f 2132/2132/2132 2131/2131/2131 2129/2129/2129
f 2135/2135/2135 2134/2134/2134 2133/2133/2133
f 2136/2136/2136 2135/2135/2135 2133/2133/2133
f 2139/2139/2139 2138/2138/2138 2137/2137/2137
f 2140/2140/2140 2139/2139/2139 2137/2137/2137
f 2143/2143/2143 2142/2142/2142 2141/2141/2141
f 2144/2144/2144 2143/2143/2143 2141/2141/2141
f 2147/2147/2147 2146/2146/2146 2145/2145/2145
f 2146/2146/2146 2148/2148/2148 2145/2145/2145
f 2146/2146/2146 2149/2149/2149 2148/2148/2148
f 2149/2149/2149 2150/2150/2150 2148/2148/2148
f 2153/2153/2153 2152/2152/2152 2151/2151/2151
f 2154/2154/2154 2153/2153/2153 2151/2151/2151
f 2154/2154/2154 2151/2151/2151 2155/2155/2155
f 2154/2154/2154 2155/2155/2155 2156/2156/2156
f 2156/2156/2156 2157/2157/2157 2154/2154/2154
f 2160/2160/2160 2159/2159/2159 2158/2158/2158
f 2161/2161/2161 2160/2160/2160 2158/2158/2158
f 2164/2164/2164 2163/2163/2163 2162/2162/2162
f 2162/2162/2162 2165/2165/2165 2164/2164/2164
f 2162/2162/2162 2166/2166/2166 2165/2165/2165
f 2169/2169/2169 2168/2168/2168 2167/2167/2167
f 2170/2170/2170 2169/2169/2169 2167/2167/2167
f 2173/2173/2173 2172/2172/2172 2171/2171/2171
f 2174/2174/2174 2173/2173/2173 2171/2171/2171
f 2177/2177/2177 2176/2176/2176 2175/2175/2175
f 2178/2178/2178 2177/2177/2177 2175/2175/2175
f 2181/2181/2181 2180/2180/2180 2179/2179/2179
f 2182/2182/2182 2181/2181/2181 2179/2179/2179
f 2182/2182/2182 2179/2179/2179 2183/2183/2183
f 2184/2184/2184 2182/2182/2182 2183/2183/2183
f 2187/2187/2187 2186/2186/2186 2185/2185/2185
f 2188/2188/2188 2187/2187/2187 2185/2185/2185
f 2188/2188/2188 2185/2185/2185 2189/2189/2189
f 2190/2190/2190 2188/2188/2188 2189/2189/2189
f 2193/2193/2193 2192/2192/2192 2191/2191/2191
f 2194/2194/2194 2193/2193/2193 2191/2191/2191
f 2197/2197/2197 2196/2196/2196 2195/2195/2195
f 2198/2198/2198 2197/2197/2197 2195/2195/2195
f 2201/2201/2201 2200/2200/2200 2199/2199/2199
f 2202/2202/2202 2201/2201/2201 2199/2199/2199
f 2205/2205/2205 2204/2204/2204 2203/2203/2203
f 2206/2206/2206 2205/2205/2205 2203/2203/2203
f 2209/2209/2209 2208/2208/2208 2207/2207/2207
f 2210/2210/2210 2209/2209/2209 2207/2207/2207
f 2213/2213/2213 2212/2212/2212 2211/2211/2211
f 2214/2214/2214 2213/2213/2213 2211/2211/2211
f 2217/2217/2217 2216/2216/2216 2215/2215/2215
f 2218/2218/2218 2217/2217/2217 2215/2215/2215
f 2221/2221/2221 2220/2220/2220 2219/2219/2219
f 2222/2222/2222 2221/2221/2221 2219/2219/2219
f 2225/2225/2225 2224/2224/2224 2223/2223/2223
f 2224/2224/2224 2226/2226/2226 2223/2223/2223
f 2223/2223/2223 2226/2226/2226 2227/2227/2227
f 2228/2228/2228 2223/2223/2223 2227/2227/2227
f 2231/2231/2231 2230/2230/2230 2229/2229/2229
f 2229/2229/2229 2230/2230/2230 2232/2232/2232
f 2233/2233/2233 2229/2229/2229 2232/2232/2232
f 2236/2236/2236 2235/2235/2235 2234/2234/2234
f 2237/2237/2237 2236/2236/2236 2234/2234/2234
f 2240/2240/2240 2239/2239/2239 2238/2238/2238
f 2241/2241/2241 2240/2240/2240 2238/2238/2238
f 2244/2244/2244 2243/2243/2243 2242/2242/2242
f 2243/2243/2243 2245/2245/2245 2242/2242/2242
f 2242/2242/2242 2245/2245/2245 2246/2246/2246
f 2247/2247/2247 2242/2242/2242 2246/2246/2246
f 2250/2250/2250 2249/2249/2249 2248/2248/2248
f 2248/2248/2248 2249/2249/2249 2251/2251/2251
f 2252/2252/2252 2248/2248/2248 2251/2251/2251
f 2255/2255/2255 2254/2254/2254 2253/2253/2253
f 2256/2256/2256 2255/2255/2255 2253/2253/2253
f 2259/2259/2259 2258/2258/2258 2257/2257/2257
f 2260/2260/2260 2259/2259/2259 2257/2257/2257
f 2263/2263/2263 2262/2262/2262 2261/2261/2261
f 2264/2264/2264 2263/2263/2263 2261/2261/2261
f 2267/2267/2267 2266/2266/2266 2265/2265/2265
f 2268/2268/2268 2267/2267/2267 2265/2265/2265
f 2271/2271/2271 2270/2270/2270 2269/2269/2269
f 2272/2272/2272 2271/2271/2271 2269/2269/2269
f 2275/2275/2275 2274/2274/2274 2273/2273/2273
f 2276/2276/2276 2275/2275/2275 2273/2273/2273
f 2279/2279/2279 2278/2278/2278 2277/2277/2277
f 2280/2280/2280 2279/2279/2279 2277/2277/2277
f 2283/2283/2283 2282/2282/2282 2281/2281/2281
f 2282/2282/2282 2284/2284/2284 2281/2281/2281
f 2281/2281/2281 2284/2284/2284 2285/2285/2285
f 2284/2284/2284 2286/2286/2286 2285/2285/2285
f 2289/2289/2289 2288/2288/2288 2287/2287/2287
f 2288/2288/2288 2290/2290/2290 2287/2287/2287
f 2287/2287/2287 2290/2290/2290 2291/2291/2291
f 2290/2290/2290 2292/2292/2292 2291/2291/2291
f 2295/2295/2295 2294/2294/2294 2293/2293/2293
f 2296/2296/2296 2295/2295/2295 2293/2293/2293
f 2299/2299/2299 2298/2298/2298 2297/2297/2297
f 2300/2300/2300 2299/2299/2299 2297/2297/2297
f 2303/2303/2303 2302/2302/2302 2301/2301/2301
f 2302/2302/2302 2304/2304/2304 2301/2301/2301
f 2305/2305/2305 2301/2301/2301 2304/2304/2304
f 2305/2305/2305 2304/2304/2304 2306/2306/2306
f 2305/2305/2305 2307/2307/2307 2301/2301/2301
f 2308/2308/2308 2305/2305/2305 2306/2306/2306
f 2309/2309/2309 2307/2307/2307 2305/2305/2305
f 2308/2308/2308 2306/2306/2306 2310/2310/2310
f 2309/2309/2309 2311/2311/2311 2307/2307/2307
f 2312/2312/2312 2308/2308/2308 2310/2310/2310
f 2312/2312/2312 2311/2311/2311 2309/2309/2309
f 2312/2312/2312 2310/2310/2310 2313/2313/2313
f 2312/2312/2312 2313/2313/2313 2311/2311/2311
f 2316/2316/2316 2315/2315/2315 2314/2314/2314
f 2317/2317/2317 2316/2316/2316 2314/2314/2314
f 2320/2320/2320 2319/2319/2319 2318/2318/2318
f 2321/2321/2321 2320/2320/2320 2318/2318/2318
f 2324/2324/2324 2323/2323/2323 2322/2322/2322
f 2325/2325/2325 2324/2324/2324 2322/2322/2322
f 2328/2328/2328 2327/2327/2327 2326/2326/2326
f 2329/2329/2329 2328/2328/2328 2326/2326/2326
f 2332/2332/2332 2331/2331/2331 2330/2330/2330
f 2333/2333/2333 2332/2332/2332 2330/2330/2330
f 2336/2336/2336 2335/2335/2335 2334/2334/2334
f 2337/2337/2337 2336/2336/2336 2334/2334/2334
f 2340/2340/2340 2339/2339/2339 2338/2338/2338
f 2341/2341/2341 2340/2340/2340 2338/2338/2338
f 2344/2344/2344 2343/2343/2343 2342/2342/2342
f 2345/2345/2345 2344/2344/2344 2342/2342/2342
f 2348/2348/2348 2347/2347/2347 2346/2346/2346
f 2349/2349/2349 2348/2348/2348 2346/2346/2346
f 2349/2349/2349 2346/2346/2346 2350/2350/2350
f 2351/2351/2351 2349/2349/2349 2350/2350/2350
f 2351/2351/2351 2350/2350/2350 2352/2352/2352
f 2353/2353/2353 2351/2351/2351 2352/2352/2352
f 2353/2353/2353 2352/2352/2352 2354/2354/2354
f 2355/2355/2355 2353/2353/2353 2354/2354/2354
f 2358/2358/2358 2357/2357/2357 2356/2356/2356
f 2357/2357/2357 2359/2359/2359 2356/2356/2356
f 2357/2357/2357 2360/2360/2360 2359/2359/2359
f 2360/2360/2360 2361/2361/2361 2359/2359/2359
f 2360/2360/2360 2362/2362/2362 2361/2361/2361
f 2362/2362/2362 2363/2363/2363 2361/2361/2361
f 2362/2362/2362 2364/2364/2364 2363/2363/2363
f 2364/2364/2364 2365/2365/2365 2363/2363/2363
f 2368/2368/2368 2367/2367/2367 2366/2366/2366
f 2367/2367/2367 2369/2369/2369 2366/2366/2366
f 2367/2367/2367 2370/2370/2370 2369/2369/2369
f 2370/2370/2370 2371/2371/2371 2369/2369/2369
f 2370/2370/2370 2372/2372/2372 2371/2371/2371
f 2372/2372/2372 2373/2373/2373 2371/2371/2371
f 2376/2376/2376 2375/2375/2375 2374/2374/2374
f 2375/2375/2375 2377/2377/2377 2374/2374/2374
f 2375/2375/2375 2378/2378/2378 2377/2377/2377
f 2378/2378/2378 2379/2379/2379 2377/2377/2377
f 2378/2378/2378 2380/2380/2380 2379/2379/2379
f 2380/2380/2380 2381/2381/2381 2379/2379/2379
f 2384/2384/2384 2383/2383/2383 2382/2382/2382
f 2385/2385/2385 2384/2384/2384 2382/2382/2382
f 2388/2388/2388 2387/2387/2387 2386/2386/2386
f 2389/2389/2389 2388/2388/2388 2386/2386/2386
f 2392/2392/2392 2391/2391/2391 2390/2390/2390
f 2393/2393/2393 2392/2392/2392 2390/2390/2390
f 2396/2396/2396 2395/2395/2395 2394/2394/2394
f 2397/2397/2397 2396/2396/2396 2394/2394/2394
f 2400/2400/2400 2399/2399/2399 2398/2398/2398
f 2401/2401/2401 2400/2400/2400 2398/2398/2398
f 2404/2404/2404 2403/2403/2403 2402/2402/2402
f 2405/2405/2405 2404/2404/2404 2402/2402/2402
f 2408/2408/2408 2407/2407/2407 2406/2406/2406
f 2409/2409/2409 2408/2408/2408 2406/2406/2406
f 2412/2412/2412 2411/2411/2411 2410/2410/2410
f 2413/2413/2413 2412/2412/2412 2410/2410/2410
f 2416/2416/2416 2415/2415/2415 2414/2414/2414
f 2417/2417/2417 2416/2416/2416 2414/2414/2414
f 2420/2420/2420 2419/2419/2419 2418/2418/2418
f 2421/2421/2421 2420/2420/2420 2418/2418/2418
f 2424/2424/2424 2423/2423/2423 2422/2422/2422
f 2425/2425/2425 2424/2424/2424 2422/2422/2422
f 2428/2428/2428 2427/2427/2427 2426/2426/2426
f 2429/2429/2429 2428/2428/2428 2426/2426/2426
f 2432/2432/2432 2431/2431/2431 2430/2430/2430
f 2433/2433/2433 2432/2432/2432 2430/2430/2430
f 2436/2436/2436 2435/2435/2435 2434/2434/2434
f 2437/2437/2437 2436/2436/2436 2434/2434/2434
f 2440/2440/2440 2439/2439/2439 2438/2438/2438
f 2441/2441/2441 2440/2440/2440 2438/2438/2438
f 2444/2444/2444 2443/2443/2443 2442/2442/2442
f 2445/2445/2445 2444/2444/2444 2442/2442/2442
f 2448/2448/2448 2447/2447/2447 2446/2446/2446
f 2449/2449/2449 2448/2448/2448 2446/2446/2446
f 2452/2452/2452 2451/2451/2451 2450/2450/2450
f 2453/2453/2453 2452/2452/2452 2450/2450/2450
f 2456/2456/2456 2455/2455/2455 2454/2454/2454
f 2457/2457/2457 2456/2456/2456 2454/2454/2454
f 2460/2460/2460 2459/2459/2459 2458/2458/2458
f 2461/2461/2461 2460/2460/2460 2458/2458/2458
f 2464/2464/2464 2463/2463/2463 2462/2462/2462
f 2465/2465/2465 2464/2464/2464 2462/2462/2462
f 2468/2468/2468 2467/2467/2467 2466/2466/2466
f 2469/2469/2469 2468/2468/2468 2466/2466/2466
f 2472/2472/2472 2471/2471/2471 2470/2470/2470
f 2473/2473/2473 2472/2472/2472 2470/2470/2470
f 2476/2476/2476 2475/2475/2475 2474/2474/2474
f 2477/2477/2477 2476/2476/2476 2474/2474/2474
f 2480/2480/2480 2479/2479/2479 2478/2478/2478
f 2481/2481/2481 2480/2480/2480 2478/2478/2478
f 2484/2484/2484 2483/2483/2483 2482/2482/2482
f 2485/2485/2485 2484/2484/2484 2482/2482/2482
f 2488/2488/2488 2487/2487/2487 2486/2486/2486
f 2489/2489/2489 2488/2488/2488 2486/2486/2486
f 2492/2492/2492 2491/2491/2491 2490/2490/2490
f 2493/2493/2493 2492/2492/2492 2490/2490/2490
f 2494/2494/2494 2492/2492/2492 2493/2493/2493
f 2495/2495/2495 2494/2494/2494 2493/2493/2493
f 2498/2498/2498 2497/2497/2497 2496/2496/2496
f 2497/2497/2497 2499/2499/2499 2496/2496/2496
f 2500/2500/2500 2496/2496/2496 2499/2499/2499
f 2501/2501/2501 2500/2500/2500 2499/2499/2499
f 2499/2499/2499 2502/2502/2502 2501/2501/2501
f 2505/2505/2505 2504/2504/2504 2503/2503/2503
f 2506/2506/2506 2505/2505/2505 2503/2503/2503
f 2509/2509/2509 2508/2508/2508 2507/2507/2507
f 2507/2507/2507 2510/2510/2510 2509/2509/2509
f 2510/2510/2510 2511/2511/2511 2509/2509/2509
f 2514/2514/2514 2513/2513/2513 2512/2512/2512
f 2515/2515/2515 2514/2514/2514 2512/2512/2512
f 2518/2518/2518 2517/2517/2517 2516/2516/2516
f 2519/2519/2519 2518/2518/2518 2516/2516/2516
f 2522/2522/2522 2521/2521/2521 2520/2520/2520
f 2523/2523/2523 2522/2522/2522 2520/2520/2520
f 2526/2526/2526 2525/2525/2525 2524/2524/2524
f 2525/2525/2525 2527/2527/2527 2524/2524/2524
f 2524/2524/2524 2527/2527/2527 2528/2528/2528
f 2527/2527/2527 2529/2529/2529 2528/2528/2528
f 2532/2532/2532 2531/2531/2531 2530/2530/2530
f 2531/2531/2531 2533/2533/2533 2530/2530/2530
f 2530/2530/2530 2533/2533/2533 2534/2534/2534
f 2533/2533/2533 2535/2535/2535 2534/2534/2534
f 2538/2538/2538 2537/2537/2537 2536/2536/2536
f 2539/2539/2539 2538/2538/2538 2536/2536/2536
f 2542/2542/2542 2541/2541/2541 2540/2540/2540
f 2543/2543/2543 2542/2542/2542 2540/2540/2540
f 2546/2546/2546 2545/2545/2545 2544/2544/2544
f 2547/2547/2547 2546/2546/2546 2544/2544/2544
f 2550/2550/2550 2549/2549/2549 2548/2548/2548
f 2551/2551/2551 2550/2550/2550 2548/2548/2548
f 2554/2554/2554 2553/2553/2553 2552/2552/2552
f 2555/2555/2555 2554/2554/2554 2552/2552/2552
f 2558/2558/2558 2557/2557/2557 2556/2556/2556
f 2559/2559/2559 2558/2558/2558 2556/2556/2556
f 2560/2560/2560 2558/2558/2558 2559/2559/2559
f 2561/2561/2561 2560/2560/2560 2559/2559/2559
f 2564/2564/2564 2563/2563/2563 2562/2562/2562
f 2563/2563/2563 2565/2565/2565 2562/2562/2562
f 2566/2566/2566 2562/2562/2562 2565/2565/2565
f 2567/2567/2567 2566/2566/2566 2565/2565/2565
f 2565/2565/2565 2568/2568/2568 2567/2567/2567
f 2571/2571/2571 2570/2570/2570 2569/2569/2569
f 2572/2572/2572 2571/2571/2571 2569/2569/2569
f 2575/2575/2575 2574/2574/2574 2573/2573/2573
f 2573/2573/2573 2576/2576/2576 2575/2575/2575
f 2576/2576/2576 2577/2577/2577 2575/2575/2575
f 2580/2580/2580 2579/2579/2579 2578/2578/2578
f 2579/2579/2579 2581/2581/2581 2578/2578/2578
f 2578/2578/2578 2581/2581/2581 2582/2582/2582
f 2583/2583/2583 2578/2578/2578 2582/2582/2582
f 2586/2586/2586 2585/2585/2585 2584/2584/2584
f 2587/2587/2587 2586/2586/2586 2584/2584/2584
f 2590/2590/2590 2589/2589/2589 2588/2588/2588
f 2591/2591/2591 2590/2590/2590 2588/2588/2588
f 2594/2594/2594 2593/2593/2593 2592/2592/2592
f 2595/2595/2595 2594/2594/2594 2592/2592/2592
f 2598/2598/2598 2597/2597/2597 2596/2596/2596
f 2597/2597/2597 2599/2599/2599 2596/2596/2596
f 2596/2596/2596 2599/2599/2599 2600/2600/2600
f 2599/2599/2599 2601/2601/2601 2600/2600/2600
f 2604/2604/2604 2603/2603/2603 2602/2602/2602
f 2605/2605/2605 2604/2604/2604 2602/2602/2602
f 2608/2608/2608 2607/2607/2607 2606/2606/2606
f 2609/2609/2609 2608/2608/2608 2606/2606/2606
f 2612/2612/2612 2611/2611/2611 2610/2610/2610
f 2613/2613/2613 2612/2612/2612 2610/2610/2610
f 2616/2616/2616 2615/2615/2615 2614/2614/2614
f 2617/2617/2617 2616/2616/2616 2614/2614/2614
f 2620/2620/2620 2619/2619/2619 2618/2618/2618
f 2621/2621/2621 2620/2620/2620 2618/2618/2618
f 2624/2624/2624 2623/2623/2623 2622/2622/2622
f 2623/2623/2623 2625/2625/2625 2622/2622/2622
f 2623/2623/2623 2626/2626/2626 2625/2625/2625
f 2626/2626/2626 2627/2627/2627 2625/2625/2625
f 2626/2626/2626 2628/2628/2628 2627/2627/2627
f 2628/2628/2628 2629/2629/2629 2627/2627/2627
f 2632/2632/2632 2631/2631/2631 2630/2630/2630
f 2631/2631/2631 2633/2633/2633 2630/2630/2630
f 2634/2634/2634 2633/2633/2633 2631/2631/2631
f 2637/2637/2637 2636/2636/2636 2635/2635/2635
f 2638/2638/2638 2637/2637/2637 2635/2635/2635
f 2641/2641/2641 2640/2640/2640 2639/2639/2639
f 2642/2642/2642 2641/2641/2641 2639/2639/2639
f 2645/2645/2645 2644/2644/2644 2643/2643/2643
f 2646/2646/2646 2645/2645/2645 2643/2643/2643
f 2649/2649/2649 2648/2648/2648 2647/2647/2647
f 2650/2650/2650 2649/2649/2649 2647/2647/2647
f 2653/2653/2653 2652/2652/2652 2651/2651/2651
f 2654/2654/2654 2653/2653/2653 2651/2651/2651
f 2653/2653/2653 2654/2654/2654 2655/2655/2655
f 2656/2656/2656 2653/2653/2653 2655/2655/2655
f 2656/2656/2656 2655/2655/2655 2657/2657/2657
f 2658/2658/2658 2656/2656/2656 2657/2657/2657
f 2661/2661/2661 2660/2660/2660 2659/2659/2659
f 2662/2662/2662 2661/2661/2661 2659/2659/2659
f 2662/2662/2662 2659/2659/2659 2663/2663/2663
f 2664/2664/2664 2662/2662/2662 2663/2663/2663
f 2664/2664/2664 2663/2663/2663 2665/2665/2665
f 2666/2666/2666 2664/2664/2664 2665/2665/2665
f 2666/2666/2666 2665/2665/2665 2667/2667/2667
f 2668/2668/2668 2666/2666/2666 2667/2667/2667
f 2668/2668/2668 2667/2667/2667 2669/2669/2669
f 2670/2670/2670 2668/2668/2668 2669/2669/2669
f 2670/2670/2670 2669/2669/2669 2671/2671/2671
f 2672/2672/2672 2670/2670/2670 2671/2671/2671
f 2675/2675/2675 2674/2674/2674 2673/2673/2673
f 2676/2676/2676 2675/2675/2675 2673/2673/2673
f 2679/2679/2679 2678/2678/2678 2677/2677/2677
f 2678/2678/2678 2680/2680/2680 2677/2677/2677
f 2681/2681/2681 2680/2680/2680 2678/2678/2678
f 2680/2680/2680 2682/2682/2682 2677/2677/2677
f 2677/2677/2677 2682/2682/2682 2683/2683/2683
f 2684/2684/2684 2682/2682/2682 2680/2680/2680
f 2687/2687/2687 2686/2686/2686 2685/2685/2685
f 2686/2686/2686 2688/2688/2688 2685/2685/2685
f 2685/2685/2685 2688/2688/2688 2689/2689/2689
f 2688/2688/2688 2690/2690/2690 2689/2689/2689
f 2691/2691/2691 2685/2685/2685 2689/2689/2689
f 2694/2694/2694 2693/2693/2693 2692/2692/2692
f 2695/2695/2695 2693/2693/2693 2694/2694/2694
f 2695/2695/2695 2696/2696/2696 2693/2693/2693
f 2696/2696/2696 2697/2697/2697 2693/2693/2693
f 2693/2693/2693 2697/2697/2697 2698/2698/2698
f 2698/2698/2698 2699/2699/2699 2693/2693/2693
f 2700/2700/2700 2693/2693/2693 2699/2699/2699
f 2701/2701/2701 2693/2693/2693 2700/2700/2700
f 2702/2702/2702 2693/2693/2693 2701/2701/2701
f 2703/2703/2703 2693/2693/2693 2702/2702/2702
f 2705/2705/2705 2704/2704/2704 2697/2697/2697
f 2706/2706/2706 2704/2704/2704 2705/2705/2705
f 2707/2707/2707 2706/2706/2706 2705/2705/2705
f 2707/2707/2707 2708/2708/2708 2706/2706/2706
f 2708/2708/2708 2709/2709/2709 2706/2706/2706
f 2708/2708/2708 2710/2710/2710 2709/2709/2709
f 2710/2710/2710 2711/2711/2711 2709/2709/2709
f 2699/2699/2699 2713/2713/2713 2712/2712/2712
f 2713/2713/2713 2714/2714/2714 2712/2712/2712
f 2715/2715/2715 2712/2712/2712 2714/2714/2714
f 2715/2715/2715 2714/2714/2714 2716/2716/2716
f 2717/2717/2717 2715/2715/2715 2716/2716/2716
f 2717/2717/2717 2716/2716/2716 2718/2718/2718
f 2716/2716/2716 2719/2719/2719 2718/2718/2718
f 2722/2722/2722 2721/2721/2721 2720/2720/2720
f 2723/2723/2723 2722/2722/2722 2720/2720/2720
f 2723/2723/2723 2724/2724/2724 2722/2722/2722
f 2724/2724/2724 2725/2725/2725 2722/2722/2722
f 2725/2725/2725 2724/2724/2724 2726/2726/2726
f 2724/2724/2724 2727/2727/2727 2726/2726/2726
f 2726/2726/2726 2727/2727/2727 2728/2728/2728
f 2729/2729/2729 2726/2726/2726 2728/2728/2728
f 2728/2728/2728 2730/2730/2730 2729/2729/2729
f 2730/2730/2730 2731/2731/2731 2729/2729/2729
f 2734/2734/2734 2733/2733/2733 2732/2732/2732
f 2735/2735/2735 2734/2734/2734 2732/2732/2732
f 2735/2735/2735 2732/2732/2732 2736/2736/2736
f 2737/2737/2737 2735/2735/2735 2736/2736/2736
f 2738/2738/2738 2737/2737/2737 2736/2736/2736
f 2739/2739/2739 2738/2738/2738 2736/2736/2736
f 2740/2740/2740 2738/2738/2738 2739/2739/2739
f 2741/2741/2741 2740/2740/2740 2739/2739/2739
f 2740/2740/2740 2741/2741/2741 2742/2742/2742
f 2743/2743/2743 2740/2740/2740 2742/2742/2742
f 2746/2746/2746 2745/2745/2745 2744/2744/2744
f 2747/2747/2747 2746/2746/2746 2744/2744/2744
f 2747/2747/2747 2744/2744/2744 2748/2748/2748
f 2749/2749/2749 2747/2747/2747 2748/2748/2748
f 2749/2749/2749 2748/2748/2748 2750/2750/2750
f 2748/2748/2748 2751/2751/2751 2750/2750/2750
f 2750/2750/2750 2751/2751/2751 2752/2752/2752
f 2755/2755/2755 2754/2754/2754 2753/2753/2753
f 2756/2756/2756 2755/2755/2755 2753/2753/2753
f 2756/2756/2756 2757/2757/2757 2755/2755/2755
f 2757/2757/2757 2758/2758/2758 2755/2755/2755
f 2757/2757/2757 2759/2759/2759 2758/2758/2758
f 2759/2759/2759 2760/2760/2760 2758/2758/2758
f 2761/2761/2761 2760/2760/2760 2759/2759/2759
f 2764/2764/2764 2763/2763/2763 2762/2762/2762
f 2765/2765/2765 2764/2764/2764 2762/2762/2762
f 2768/2768/2768 2767/2767/2767 2766/2766/2766
f 2769/2769/2769 2768/2768/2768 2766/2766/2766
f 2772/2772/2772 2771/2771/2771 2770/2770/2770
f 2773/2773/2773 2772/2772/2772 2770/2770/2770
f 2776/2776/2776 2775/2775/2775 2774/2774/2774
f 2777/2777/2777 2776/2776/2776 2774/2774/2774
f 2778/2778/2778 2776/2776/2776 2777/2777/2777
f 2779/2779/2779 2778/2778/2778 2777/2777/2777
f 2780/2780/2780 2778/2778/2778 2779/2779/2779
f 2781/2781/2781 2780/2780/2780 2779/2779/2779
f 2784/2784/2784 2783/2783/2783 2782/2782/2782
f 2785/2785/2785 2784/2784/2784 2782/2782/2782
f 2785/2785/2785 2786/2786/2786 2784/2784/2784
f 2789/2789/2789 2788/2788/2788 2787/2787/2787
f 2790/2790/2790 2789/2789/2789 2787/2787/2787
f 2793/2793/2793 2792/2792/2792 2791/2791/2791
f 2794/2794/2794 2793/2793/2793 2791/2791/2791
f 2797/2797/2797 2796/2796/2796 2795/2795/2795
f 2798/2798/2798 2797/2797/2797 2795/2795/2795
f 2801/2801/2801 2800/2800/2800 2799/2799/2799
f 2802/2802/2802 2801/2801/2801 2799/2799/2799
f 2805/2805/2805 2804/2804/2804 2803/2803/2803
f 2804/2804/2804 2806/2806/2806 2803/2803/2803
f 2806/2806/2806 2804/2804/2804 2807/2807/2807
f 2804/2804/2804 2808/2808/2808 2807/2807/2807
f 2807/2807/2807 2808/2808/2808 2809/2809/2809
f 2808/2808/2808 2810/2810/2810 2809/2809/2809
f 2813/2813/2813 2812/2812/2812 2811/2811/2811
f 2812/2812/2812 2814/2814/2814 2811/2811/2811
f 2811/2811/2811 2814/2814/2814 2815/2815/2815
f 2814/2814/2814 2816/2816/2816 2815/2815/2815
f 2815/2815/2815 2816/2816/2816 2817/2817/2817
f 2816/2816/2816 2818/2818/2818 2817/2817/2817
f 2817/2817/2817 2818/2818/2818 2819/2819/2819
f 2818/2818/2818 2820/2820/2820 2819/2819/2819
f 2819/2819/2819 2820/2820/2820 2821/2821/2821
f 2820/2820/2820 2822/2822/2822 2821/2821/2821
f 2821/2821/2821 2822/2822/2822 2823/2823/2823
f 2822/2822/2822 2824/2824/2824 2823/2823/2823
f 2827/2827/2827 2826/2826/2826 2825/2825/2825
f 2828/2828/2828 2827/2827/2827 2825/2825/2825
f 2831/2831/2831 2830/2830/2830 2829/2829/2829
f 2832/2832/2832 2831/2831/2831 2829/2829/2829
f 2832/2832/2832 2833/2833/2833 2831/2831/2831
f 2834/2834/2834 2832/2832/2832 2829/2829/2829
f 2834/2834/2834 2829/2829/2829 2835/2835/2835
f 2834/2834/2834 2836/2836/2836 2832/2832/2832
f 2839/2839/2839 2838/2838/2838 2837/2837/2837
f 2840/2840/2840 2839/2839/2839 2837/2837/2837
f 2840/2840/2840 2837/2837/2837 2841/2841/2841
f 2842/2842/2842 2840/2840/2840 2841/2841/2841
f 2837/2837/2837 2843/2843/2843 2841/2841/2841
f 2846/2846/2846 2845/2845/2845 2844/2844/2844
f 2845/2845/2845 2847/2847/2847 2844/2844/2844
f 2848/2848/2848 2847/2847/2847 2845/2845/2845
f 2848/2848/2848 2845/2845/2845 2849/2849/2849
f 2845/2845/2845 2850/2850/2850 2849/2849/2849
f 2849/2849/2849 2850/2850/2850 2851/2851/2851
f 2852/2852/2852 2849/2849/2849 2851/2851/2851
f 2851/2851/2851 2853/2853/2853 2852/2852/2852
f 2853/2853/2853 2854/2854/2854 2852/2852/2852
f 2855/2855/2855 2854/2854/2854 2853/2853/2853
f 2856/2856/2856 2850/2850/2850 2845/2845/2845
f 2857/2857/2857 2851/2851/2851 2850/2850/2850
f 2856/2856/2856 2857/2857/2857 2850/2850/2850
f 2858/2858/2858 2853/2853/2853 2851/2851/2851
f 2857/2857/2857 2858/2858/2858 2851/2851/2851
f 2859/2859/2859 2858/2858/2858 2857/2857/2857
f 2860/2860/2860 2855/2855/2855 2853/2853/2853
f 2860/2860/2860 2853/2853/2853 2858/2858/2858
f 2861/2861/2861 2856/2856/2856 2845/2845/2845
f 2862/2862/2862 2861/2861/2861 2845/2845/2845
f 2862/2862/2862 2863/2863/2863 2861/2861/2861
f 2864/2864/2864 2857/2857/2857 2856/2856/2856
f 2861/2861/2861 2864/2864/2864 2856/2856/2856
f 2863/2863/2863 2864/2864/2864 2861/2861/2861
f 2864/2864/2864 2859/2859/2859 2857/2857/2857
f 2863/2863/2863 2865/2865/2865 2864/2864/2864
f 2865/2865/2865 2859/2859/2859 2864/2864/2864
f 2855/2855/2855 2860/2860/2860 2866/2866/2866
f 2867/2867/2867 2855/2855/2855 2866/2866/2866
f 2867/2867/2867 2866/2866/2866 2868/2868/2868
f 2869/2869/2869 2860/2860/2860 2858/2858/2858
f 2869/2869/2869 2858/2858/2858 2859/2859/2859
f 2860/2860/2860 2869/2869/2869 2870/2870/2870
f 2866/2866/2866 2860/2860/2860 2870/2870/2870
f 2870/2870/2870 2869/2869/2869 2859/2859/2859
f 2866/2866/2866 2871/2871/2871 2868/2868/2868
f 2866/2866/2866 2870/2870/2870 2871/2871/2871
f 2872/2872/2872 2868/2868/2868 2871/2871/2871
f 2870/2870/2870 2859/2859/2859 2873/2873/2873
f 2870/2870/2870 2873/2873/2873 2871/2871/2871
f 2874/2874/2874 2872/2872/2872 2871/2871/2871
f 2871/2871/2871 2873/2873/2873 2874/2874/2874
f 2859/2859/2859 2875/2875/2875 2873/2873/2873
f 2859/2859/2859 2876/2876/2876 2875/2875/2875
f 2876/2876/2876 2877/2877/2877 2875/2875/2875
f 2874/2874/2874 2878/2878/2878 2872/2872/2872
f 2878/2878/2878 2879/2879/2879 2872/2872/2872
f 2880/2880/2880 2879/2879/2879 2878/2878/2878
f 2873/2873/2873 2881/2881/2881 2874/2874/2874
f 2873/2873/2873 2875/2875/2875 2881/2881/2881
f 2874/2874/2874 2881/2881/2881 2878/2878/2878
f 2875/2875/2875 2877/2877/2877 2882/2882/2882
f 2875/2875/2875 2882/2882/2882 2881/2881/2881
f 2881/2881/2881 2882/2882/2882 2878/2878/2878
f 2877/2877/2877 2883/2883/2883 2882/2882/2882
f 2882/2882/2882 2883/2883/2883 2878/2878/2878
f 2886/2886/2886 2885/2885/2885 2884/2884/2884
f 2887/2887/2887 2886/2886/2886 2884/2884/2884
f 2890/2890/2890 2889/2889/2889 2888/2888/2888
f 2889/2889/2889 2891/2891/2891 2888/2888/2888
f 2888/2888/2888 2891/2891/2891 2892/2892/2892
f 2893/2893/2893 2888/2888/2888 2892/2892/2892
f 2893/2893/2893 2892/2892/2892 2894/2894/2894
f 2892/2892/2892 2895/2895/2895 2894/2894/2894
f 2894/2894/2894 2895/2895/2895 2896/2896/2896
f 2897/2897/2897 2894/2894/2894 2896/2896/2896
f 2897/2897/2897 2896/2896/2896 2898/2898/2898
f 2896/2896/2896 2899/2899/2899 2898/2898/2898
f 2898/2898/2898 2899/2899/2899 2900/2900/2900
f 2901/2901/2901 2898/2898/2898 2900/2900/2900
f 2902/2902/2902 2901/2901/2901 2900/2900/2900
f 2903/2903/2903 2902/2902/2902 2900/2900/2900
f 2903/2903/2903 2904/2904/2904 2902/2902/2902
f 2904/2904/2904 2905/2905/2905 2902/2902/2902
f 2906/2906/2906 2905/2905/2905 2904/2904/2904
f 2907/2907/2907 2906/2906/2906 2904/2904/2904
f 2907/2907/2907 2908/2908/2908 2906/2906/2906
f 2908/2908/2908 2909/2909/2909 2906/2906/2906
f 2910/2910/2910 2909/2909/2909 2908/2908/2908
f 2911/2911/2911 2910/2910/2910 2908/2908/2908
f 2911/2911/2911 2912/2912/2912 2910/2910/2910
f 2912/2912/2912 2913/2913/2913 2910/2910/2910
f 2916/2916/2916 2915/2915/2915 2914/2914/2914
f 2917/2917/2917 2916/2916/2916 2914/2914/2914
f 2914/2914/2914 2918/2918/2918 2917/2917/2917
f 2918/2918/2918 2919/2919/2919 2917/2917/2917
f 2920/2920/2920 2919/2919/2919 2918/2918/2918
f 2921/2921/2921 2920/2920/2920 2918/2918/2918
f 2920/2920/2920 2921/2921/2921 2922/2922/2922
f 2921/2921/2921 2923/2923/2923 2922/2922/2922
f 2922/2922/2922 2923/2923/2923 2924/2924/2924
f 2925/2925/2925 2922/2922/2922 2924/2924/2924
f 2924/2924/2924 2926/2926/2926 2925/2925/2925
f 2926/2926/2926 2927/2927/2927 2925/2925/2925
f 2928/2928/2928 2927/2927/2927 2926/2926/2926
f 2929/2929/2929 2928/2928/2928 2926/2926/2926
f 2928/2928/2928 2929/2929/2929 2930/2930/2930
f 2931/2931/2931 2928/2928/2928 2930/2930/2930
f 2931/2931/2931 2930/2930/2930 2932/2932/2932
f 2930/2930/2930 2933/2933/2933 2932/2932/2932
f 2934/2934/2934 2932/2932/2932 2933/2933/2933
f 2935/2935/2935 2934/2934/2934 2933/2933/2933
f 2935/2935/2935 2936/2936/2936 2934/2934/2934
f 2936/2936/2936 2937/2937/2937 2934/2934/2934
f 2937/2937/2937 2936/2936/2936 2938/2938/2938
f 2939/2939/2939 2937/2937/2937 2938/2938/2938
f 2939/2939/2939 2938/2938/2938 2940/2940/2940
f 2938/2938/2938 2941/2941/2941 2940/2940/2940
f 2942/2942/2942 2940/2940/2940 2941/2941/2941
f 2943/2943/2943 2942/2942/2942 2941/2941/2941
f 2946/2946/2946 2945/2945/2945 2944/2944/2944
f 2947/2947/2947 2946/2946/2946 2944/2944/2944
f 2947/2947/2947 2944/2944/2944 2948/2948/2948
f 2944/2944/2944 2949/2949/2949 2948/2948/2948
f 2948/2948/2948 2949/2949/2949 2950/2950/2950
f 2949/2949/2949 2951/2951/2951 2950/2950/2950
f 2950/2950/2950 2951/2951/2951 2952/2952/2952
f 2951/2951/2951 2953/2953/2953 2952/2952/2952
f 2952/2952/2952 2953/2953/2953 2954/2954/2954
f 2955/2955/2955 2952/2952/2952 2954/2954/2954
f 2954/2954/2954 2956/2956/2956 2955/2955/2955
f 2956/2956/2956 2957/2957/2957 2955/2955/2955
f 2958/2958/2958 2957/2957/2957 2956/2956/2956
f 2959/2959/2959 2958/2958/2958 2956/2956/2956
f 2958/2958/2958 2959/2959/2959 2960/2960/2960
f 2961/2961/2961 2958/2958/2958 2960/2960/2960
f 2961/2961/2961 2960/2960/2960 2962/2962/2962
f 2960/2960/2960 2963/2963/2963 2962/2962/2962
f 2964/2964/2964 2962/2962/2962 2963/2963/2963
f 2965/2965/2965 2964/2964/2964 2963/2963/2963
f 2965/2965/2965 2966/2966/2966 2964/2964/2964
f 2966/2966/2966 2967/2967/2967 2964/2964/2964
f 2966/2966/2966 2968/2968/2968 2967/2967/2967
f 2968/2968/2968 2969/2969/2969 2967/2967/2967
f 2968/2968/2968 2970/2970/2970 2969/2969/2969
f 2970/2970/2970 2971/2971/2971 2969/2969/2969
f 2972/2972/2972 2971/2971/2971 2970/2970/2970
f 2973/2973/2973 2972/2972/2972 2970/2970/2970
f 2976/2976/2976 2975/2975/2975 2974/2974/2974
f 2975/2975/2975 2977/2977/2977 2974/2974/2974
f 2978/2978/2978 2977/2977/2977 2975/2975/2975
f 2979/2979/2979 2978/2978/2978 2975/2975/2975
f 2979/2979/2979 2980/2980/2980 2978/2978/2978
f 2980/2980/2980 2981/2981/2981 2978/2978/2978
f 2982/2982/2982 2981/2981/2981 2980/2980/2980
f 2983/2983/2983 2982/2982/2982 2980/2980/2980
f 2983/2983/2983 2984/2984/2984 2982/2982/2982
f 2984/2984/2984 2985/2985/2985 2982/2982/2982
f 2986/2986/2986 2985/2985/2985 2984/2984/2984
f 2987/2987/2987 2986/2986/2986 2984/2984/2984
f 2986/2986/2986 2987/2987/2987 2988/2988/2988
f 2989/2989/2989 2986/2986/2986 2988/2988/2988
f 2989/2989/2989 2988/2988/2988 2990/2990/2990
f 2988/2988/2988 2991/2991/2991 2990/2990/2990
f 2990/2990/2990 2991/2991/2991 2992/2992/2992
f 2993/2993/2993 2990/2990/2990 2992/2992/2992
f 2993/2993/2993 2992/2992/2992 2994/2994/2994
f 2992/2992/2992 2995/2995/2995 2994/2994/2994
f 2994/2994/2994 2995/2995/2995 2996/2996/2996
f 2997/2997/2997 2994/2994/2994 2996/2996/2996
f 3000/3000/3000 2999/2999/2999 2998/2998/2998
f 3001/3001/3001 3000/3000/3000 2998/2998/2998
f 3004/3004/3004 3003/3003/3003 3002/3002/3002
f 3003/3003/3003 3005/3005/3005 3002/3002/3002
f 3002/3002/3002 3005/3005/3005 3006/3006/3006
f 3005/3005/3005 3007/3007/3007 3006/3006/3006
f 3010/3010/3010 3009/3009/3009 3008/3008/3008
f 3011/3011/3011 3009/3009/3009 3010/3010/3010
f 3012/3012/3012 3011/3011/3011 3010/3010/3010
f 3011/3011/3011 3012/3012/3012 3013/3013/3013
f 3014/3014/3014 3011/3011/3011 3013/3013/3013
f 3014/3014/3014 3013/3013/3013 3015/3015/3015
f 3015/3015/3015 3013/3013/3013 3016/3016/3016
f 3016/3016/3016 3013/3013/3013 3017/3017/3017
f 3018/3018/3018 3016/3016/3016 3017/3017/3017
f 3019/3019/3019 3018/3018/3018 3017/3017/3017
f 3020/3020/3020 3014/3014/3014 3015/3015/3015
f 3021/3021/3021 3014/3014/3014 3020/3020/3020
f 3022/3022/3022 3021/3021/3021 3020/3020/3020
f 3023/3023/3023 3022/3022/3022 3020/3020/3020
f 3026/3026/3026 3025/3025/3025 3024/3024/3024
f 3025/3025/3025 3027/3027/3027 3024/3024/3024
f 3024/3024/3024 3027/3027/3027 3028/3028/3028
f 3027/3027/3027 3029/3029/3029 3028/3028/3028
f 3028/3028/3028 3029/3029/3029 3030/3030/3030
f 3029/3029/3029 3031/3031/3031 3030/3030/3030
f 3030/3030/3030 3031/3031/3031 3032/3032/3032
f 3031/3031/3031 3033/3033/3033 3032/3032/3032
f 3032/3032/3032 3033/3033/3033 3034/3034/3034
f 3033/3033/3033 3035/3035/3035 3034/3034/3034
f 3034/3034/3034 3035/3035/3035 3036/3036/3036
f 3035/3035/3035 3037/3037/3037 3036/3036/3036
f 3036/3036/3036 3037/3037/3037 3038/3038/3038
f 3037/3037/3037 3039/3039/3039 3038/3038/3038
f 3039/3039/3039 3040/3040/3040 3038/3038/3038
f 3040/3040/3040 3041/3041/3041 3038/3038/3038
f 3044/3044/3044 3043/3043/3043 3042/3042/3042
f 3045/3045/3045 3044/3044/3044 3042/3042/3042
f 3046/3046/3046 3044/3044/3044 3045/3045/3045
f 3047/3047/3047 3046/3046/3046 3045/3045/3045
f 3047/3047/3047 3048/3048/3048 3046/3046/3046
f 3048/3048/3048 3049/3049/3049 3046/3046/3046
f 3048/3048/3048 3050/3050/3050 3049/3049/3049
f 3050/3050/3050 3051/3051/3051 3049/3049/3049
f 3050/3050/3050 3052/3052/3052 3051/3051/3051
f 3052/3052/3052 3053/3053/3053 3051/3051/3051
f 3053/3053/3053 3052/3052/3052 3054/3054/3054
f 3052/3052/3052 3055/3055/3055 3054/3054/3054
f 3055/3055/3055 3056/3056/3056 3054/3054/3054
f 3056/3056/3056 3057/3057/3057 3054/3054/3054
f 3057/3057/3057 3056/3056/3056 3058/3058/3058
f 3056/3056/3056 3059/3059/3059 3058/3058/3058
f 3062/3062/3062 3061/3061/3061 3060/3060/3060
f 3063/3063/3063 3062/3062/3062 3060/3060/3060
f 3066/3066/3066 3065/3065/3065 3064/3064/3064
f 3067/3067/3067 3066/3066/3066 3064/3064/3064
f 3070/3070/3070 3069/3069/3069 3068/3068/3068
f 3071/3071/3071 3070/3070/3070 3068/3068/3068
f 3074/3074/3074 3073/3073/3073 3072/3072/3072
f 3075/3075/3075 3074/3074/3074 3072/3072/3072
f 3078/3078/3078 3077/3077/3077 3076/3076/3076
f 3079/3079/3079 3078/3078/3078 3076/3076/3076
f 3082/3082/3082 3081/3081/3081 3080/3080/3080
f 3083/3083/3083 3082/3082/3082 3080/3080/3080
f 3086/3086/3086 3085/3085/3085 3084/3084/3084
f 3087/3087/3087 3086/3086/3086 3084/3084/3084
f 3090/3090/3090 3089/3089/3089 3088/3088/3088
f 3091/3091/3091 3090/3090/3090 3088/3088/3088
f 3094/3094/3094 3093/3093/3093 3092/3092/3092
f 3095/3095/3095 3094/3094/3094 3092/3092/3092
f 3098/3098/3098 3097/3097/3097 3096/3096/3096
f 3099/3099/3099 3098/3098/3098 3096/3096/3096
f 3102/3102/3102 3101/3101/3101 3100/3100/3100
f 3103/3103/3103 3102/3102/3102 3100/3100/3100
f 3106/3106/3106 3105/3105/3105 3104/3104/3104
f 3107/3107/3107 3106/3106/3106 3104/3104/3104
f 3110/3110/3110 3109/3109/3109 3108/3108/3108
f 3111/3111/3111 3110/3110/3110 3108/3108/3108
f 3114/3114/3114 3113/3113/3113 3112/3112/3112
f 3115/3115/3115 3114/3114/3114 3112/3112/3112
f 3118/3118/3118 3117/3117/3117 3116/3116/3116
f 3119/3119/3119 3118/3118/3118 3116/3116/3116
f 3122/3122/3122 3121/3121/3121 3120/3120/3120
f 3123/3123/3123 3122/3122/3122 3120/3120/3120
f 3126/3126/3126 3125/3125/3125 3124/3124/3124
f 3127/3127/3127 3126/3126/3126 3124/3124/3124
f 3130/3130/3130 3129/3129/3129 3128/3128/3128
f 3131/3131/3131 3130/3130/3130 3128/3128/3128
f 3134/3134/3134 3133/3133/3133 3132/3132/3132
f 3135/3135/3135 3134/3134/3134 3132/3132/3132
f 3138/3138/3138 3137/3137/3137 3136/3136/3136
f 3139/3139/3139 3138/3138/3138 3136/3136/3136
f 3142/3142/3142 3141/3141/3141 3140/3140/3140
f 3143/3143/3143 3142/3142/3142 3140/3140/3140
f 3146/3146/3146 3145/3145/3145 3144/3144/3144
f 3147/3147/3147 3146/3146/3146 3144/3144/3144
f 3150/3150/3150 3149/3149/3149 3148/3148/3148
f 3151/3151/3151 3150/3150/3150 3148/3148/3148
f 3154/3154/3154 3153/3153/3153 3152/3152/3152
f 3155/3155/3155 3154/3154/3154 3152/3152/3152
f 3158/3158/3158 3157/3157/3157 3156/3156/3156
f 3159/3159/3159 3158/3158/3158 3156/3156/3156
f 3162/3162/3162 3161/3161/3161 3160/3160/3160
f 3163/3163/3163 3162/3162/3162 3160/3160/3160
f 3166/3166/3166 3165/3165/3165 3164/3164/3164
f 3167/3167/3167 3166/3166/3166 3164/3164/3164
f 3170/3170/3170 3169/3169/3169 3168/3168/3168
f 3171/3171/3171 3170/3170/3170 3168/3168/3168
f 3174/3174/3174 3173/3173/3173 3172/3172/3172
f 3175/3175/3175 3174/3174/3174 3172/3172/3172
f 3178/3178/3178 3177/3177/3177 3176/3176/3176
f 3179/3179/3179 3178/3178/3178 3176/3176/3176
f 3182/3182/3182 3181/3181/3181 3180/3180/3180
f 3183/3183/3183 3182/3182/3182 3180/3180/3180
f 3186/3186/3186 3185/3185/3185 3184/3184/3184
f 3187/3187/3187 3186/3186/3186 3184/3184/3184
f 3190/3190/3190 3189/3189/3189 3188/3188/3188
f 3191/3191/3191 3190/3190/3190 3188/3188/3188
f 3194/3194/3194 3193/3193/3193 3192/3192/3192
f 3195/3195/3195 3194/3194/3194 3192/3192/3192
f 3198/3198/3198 3197/3197/3197 3196/3196/3196
f 3199/3199/3199 3198/3198/3198 3196/3196/3196
f 3202/3202/3202 3201/3201/3201 3200/3200/3200
f 3203/3203/3203 3202/3202/3202 3200/3200/3200
f 3206/3206/3206 3205/3205/3205 3204/3204/3204
f 3207/3207/3207 3206/3206/3206 3204/3204/3204
f 3210/3210/3210 3209/3209/3209 3208/3208/3208
f 3211/3211/3211 3210/3210/3210 3208/3208/3208
f 3214/3214/3214 3213/3213/3213 3212/3212/3212
f 3215/3215/3215 3214/3214/3214 3212/3212/3212
f 3218/3218/3218 3217/3217/3217 3216/3216/3216
f 3219/3219/3219 3218/3218/3218 3216/3216/3216
f 3222/3222/3222 3221/3221/3221 3220/3220/3220
f 3223/3223/3223 3222/3222/3222 3220/3220/3220
f 3226/3226/3226 3225/3225/3225 3224/3224/3224
f 3227/3227/3227 3226/3226/3226 3224/3224/3224
f 3230/3230/3230 3229/3229/3229 3228/3228/3228
f 3231/3231/3231 3230/3230/3230 3228/3228/3228
f 3234/3234/3234 3233/3233/3233 3232/3232/3232
f 3235/3235/3235 3234/3234/3234 3232/3232/3232
f 3238/3238/3238 3237/3237/3237 3236/3236/3236
f 3239/3239/3239 3238/3238/3238 3236/3236/3236
f 3242/3242/3242 3241/3241/3241 3240/3240/3240
f 3243/3243/3243 3242/3242/3242 3240/3240/3240
f 3246/3246/3246 3245/3245/3245 3244/3244/3244
f 3247/3247/3247 3246/3246/3246 3244/3244/3244
f 3250/3250/3250 3249/3249/3249 3248/3248/3248
f 3251/3251/3251 3250/3250/3250 3248/3248/3248
f 3254/3254/3254 3253/3253/3253 3252/3252/3252
f 3253/3253/3253 3255/3255/3255 3252/3252/3252
f 3253/3253/3253 3256/3256/3256 3255/3255/3255
f 3256/3256/3256 3257/3257/3257 3255/3255/3255
f 3260/3260/3260 3259/3259/3259 3258/3258/3258
f 3261/3261/3261 3260/3260/3260 3258/3258/3258
f 3261/3261/3261 3258/3258/3258 3262/3262/3262
f 3261/3261/3261 3262/3262/3262 3263/3263/3263
f 3263/3263/3263 3264/3264/3264 3261/3261/3261
f 3267/3267/3267 3266/3266/3266 3265/3265/3265
f 3268/3268/3268 3267/3267/3267 3265/3265/3265
f 3271/3271/3271 3270/3270/3270 3269/3269/3269
f 3269/3269/3269 3272/3272/3272 3271/3271/3271
f 3269/3269/3269 3273/3273/3273 3272/3272/3272
f 3276/3276/3276 3275/3275/3275 3274/3274/3274
f 3277/3277/3277 3276/3276/3276 3274/3274/3274
f 3280/3280/3280 3279/3279/3279 3278/3278/3278
f 3281/3281/3281 3280/3280/3280 3278/3278/3278
f 3284/3284/3284 3283/3283/3283 3282/3282/3282
f 3285/3285/3285 3284/3284/3284 3282/3282/3282
f 3288/3288/3288 3287/3287/3287 3286/3286/3286
f 3289/3289/3289 3288/3288/3288 3286/3286/3286
f 3292/3292/3292 3291/3291/3291 3290/3290/3290
f 3293/3293/3293 3292/3292/3292 3290/3290/3290
f 3296/3296/3296 3295/3295/3295 3294/3294/3294
f 3297/3297/3297 3296/3296/3296 3294/3294/3294
f 3300/3300/3300 3299/3299/3299 3298/3298/3298
f 3299/3299/3299 3301/3301/3301 3298/3298/3298
f 3298/3298/3298 3301/3301/3301 3302/3302/3302
f 3303/3303/3303 3298/3298/3298 3302/3302/3302
f 3306/3306/3306 3305/3305/3305 3304/3304/3304
f 3304/3304/3304 3305/3305/3305 3307/3307/3307
f 3308/3308/3308 3304/3304/3304 3307/3307/3307
f 3311/3311/3311 3310/3310/3310 3309/3309/3309
f 3312/3312/3312 3311/3311/3311 3309/3309/3309
f 3315/3315/3315 3314/3314/3314 3313/3313/3313
f 3316/3316/3316 3315/3315/3315 3313/3313/3313
f 3319/3319/3319 3318/3318/3318 3317/3317/3317
f 3318/3318/3318 3320/3320/3320 3317/3317/3317
f 3317/3317/3317 3320/3320/3320 3321/3321/3321
f 3322/3322/3322 3317/3317/3317 3321/3321/3321
f 3325/3325/3325 3324/3324/3324 3323/3323/3323
f 3323/3323/3323 3324/3324/3324 3326/3326/3326
f 3327/3327/3327 3323/3323/3323 3326/3326/3326
f 3330/3330/3330 3329/3329/3329 3328/3328/3328
f 3331/3331/3331 3330/3330/3330 3328/3328/3328
f 3334/3334/3334 3333/3333/3333 3332/3332/3332
f 3335/3335/3335 3334/3334/3334 3332/3332/3332
f 3338/3338/3338 3337/3337/3337 3336/3336/3336
f 3339/3339/3339 3338/3338/3338 3336/3336/3336
f 3342/3342/3342 3341/3341/3341 3340/3340/3340
f 3343/3343/3343 3342/3342/3342 3340/3340/3340
f 3346/3346/3346 3345/3345/3345 3344/3344/3344
f 3347/3347/3347 3346/3346/3346 3344/3344/3344
f 3350/3350/3350 3349/3349/3349 3348/3348/3348
f 3351/3351/3351 3350/3350/3350 3348/3348/3348
f 3354/3354/3354 3353/3353/3353 3352/3352/3352
f 3355/3355/3355 3354/3354/3354 3352/3352/3352
f 3358/3358/3358 3357/3357/3357 3356/3356/3356
f 3357/3357/3357 3359/3359/3359 3356/3356/3356
f 3356/3356/3356 3359/3359/3359 3360/3360/3360
f 3359/3359/3359 3361/3361/3361 3360/3360/3360
f 3364/3364/3364 3363/3363/3363 3362/3362/3362
f 3363/3363/3363 3365/3365/3365 3362/3362/3362
f 3362/3362/3362 3365/3365/3365 3366/3366/3366
f 3365/3365/3365 3367/3367/3367 3366/3366/3366
f 3370/3370/3370 3369/3369/3369 3368/3368/3368
f 3371/3371/3371 3370/3370/3370 3368/3368/3368
f 3374/3374/3374 3373/3373/3373 3372/3372/3372
f 3375/3375/3375 3374/3374/3374 3372/3372/3372
f 3378/3378/3378 3377/3377/3377 3376/3376/3376
f 3377/3377/3377 3379/3379/3379 3376/3376/3376
f 3380/3380/3380 3376/3376/3376 3379/3379/3379
f 3380/3380/3380 3379/3379/3379 3381/3381/3381
f 3380/3380/3380 3382/3382/3382 3376/3376/3376
f 3383/3383/3383 3380/3380/3380 3381/3381/3381
f 3384/3384/3384 3382/3382/3382 3380/3380/3380
f 3383/3383/3383 3381/3381/3381 3385/3385/3385
f 3384/3384/3384 3386/3386/3386 3382/3382/3382
f 3387/3387/3387 3383/3383/3383 3385/3385/3385
f 3387/3387/3387 3386/3386/3386 3384/3384/3384
f 3387/3387/3387 3385/3385/3385 3388/3388/3388
f 3387/3387/3387 3388/3388/3388 3386/3386/3386
f 3391/3391/3391 3390/3390/3390 3389/3389/3389
f 3392/3392/3392 3391/3391/3391 3389/3389/3389
f 3395/3395/3395 3394/3394/3394 3393/3393/3393
f 3396/3396/3396 3395/3395/3395 3393/3393/3393
f 3399/3399/3399 3398/3398/3398 3397/3397/3397
f 3400/3400/3400 3399/3399/3399 3397/3397/3397
f 3403/3403/3403 3402/3402/3402 3401/3401/3401
f 3404/3404/3404 3403/3403/3403 3401/3401/3401
f 3407/3407/3407 3406/3406/3406 3405/3405/3405
f 3408/3408/3408 3407/3407/3407 3405/3405/3405
f 3411/3411/3411 3410/3410/3410 3409/3409/3409
f 3412/3412/3412 3411/3411/3411 3409/3409/3409
f 3415/3415/3415 3414/3414/3414 3413/3413/3413
f 3416/3416/3416 3415/3415/3415 3413/3413/3413
f 3419/3419/3419 3418/3418/3418 3417/3417/3417
f 3420/3420/3420 3419/3419/3419 3417/3417/3417
f 3423/3423/3423 3422/3422/3422 3421/3421/3421
f 3424/3424/3424 3423/3423/3423 3421/3421/3421
f 3424/3424/3424 3421/3421/3421 3425/3425/3425
f 3426/3426/3426 3424/3424/3424 3425/3425/3425
f 3426/3426/3426 3425/3425/3425 3427/3427/3427
f 3428/3428/3428 3426/3426/3426 3427/3427/3427
f 3428/3428/3428 3427/3427/3427 3429/3429/3429
f 3430/3430/3430 3428/3428/3428 3429/3429/3429
f 3433/3433/3433 3432/3432/3432 3431/3431/3431
f 3432/3432/3432 3434/3434/3434 3431/3431/3431
f 3432/3432/3432 3435/3435/3435 3434/3434/3434
f 3435/3435/3435 3436/3436/3436 3434/3434/3434
f 3435/3435/3435 3437/3437/3437 3436/3436/3436
f 3437/3437/3437 3438/3438/3438 3436/3436/3436
f 3437/3437/3437 3439/3439/3439 3438/3438/3438
f 3439/3439/3439 3440/3440/3440 3438/3438/3438
f 3443/3443/3443 3442/3442/3442 3441/3441/3441
f 3442/3442/3442 3444/3444/3444 3441/3441/3441
f 3442/3442/3442 3445/3445/3445 3444/3444/3444
f 3445/3445/3445 3446/3446/3446 3444/3444/3444
f 3445/3445/3445 3447/3447/3447 3446/3446/3446
f 3447/3447/3447 3448/3448/3448 3446/3446/3446
f 3451/3451/3451 3450/3450/3450 3449/3449/3449
f 3450/3450/3450 3452/3452/3452 3449/3449/3449
f 3450/3450/3450 3453/3453/3453 3452/3452/3452
f 3453/3453/3453 3454/3454/3454 3452/3452/3452
f 3453/3453/3453 3455/3455/3455 3454/3454/3454
f 3455/3455/3455 3456/3456/3456 3454/3454/3454
f 3459/3459/3459 3458/3458/3458 3457/3457/3457
f 3460/3460/3460 3459/3459/3459 3457/3457/3457
f 3463/3463/3463 3462/3462/3462 3461/3461/3461
f 3464/3464/3464 3463/3463/3463 3461/3461/3461
f 3467/3467/3467 3466/3466/3466 3465/3465/3465
f 3468/3468/3468 3467/3467/3467 3465/3465/3465
f 3471/3471/3471 3470/3470/3470 3469/3469/3469
f 3472/3472/3472 3471/3471/3471 3469/3469/3469
f 3475/3475/3475 3474/3474/3474 3473/3473/3473
f 3476/3476/3476 3475/3475/3475 3473/3473/3473
f 3479/3479/3479 3478/3478/3478 3477/3477/3477
f 3480/3480/3480 3479/3479/3479 3477/3477/3477
f 3483/3483/3483 3482/3482/3482 3481/3481/3481
f 3484/3484/3484 3483/3483/3483 3481/3481/3481
f 3487/3487/3487 3486/3486/3486 3485/3485/3485
f 3488/3488/3488 3487/3487/3487 3485/3485/3485
f 3491/3491/3491 3490/3490/3490 3489/3489/3489
f 3492/3492/3492 3491/3491/3491 3489/3489/3489
f 3495/3495/3495 3494/3494/3494 3493/3493/3493
f 3496/3496/3496 3495/3495/3495 3493/3493/3493
f 3499/3499/3499 3498/3498/3498 3497/3497/3497
f 3500/3500/3500 3499/3499/3499 3497/3497/3497
f 3503/3503/3503 3502/3502/3502 3501/3501/3501
f 3504/3504/3504 3503/3503/3503 3501/3501/3501
f 3507/3507/3507 3506/3506/3506 3505/3505/3505
f 3508/3508/3508 3507/3507/3507 3505/3505/3505
f 3511/3511/3511 3510/3510/3510 3509/3509/3509
f 3512/3512/3512 3511/3511/3511 3509/3509/3509
f 3515/3515/3515 3514/3514/3514 3513/3513/3513
f 3516/3516/3516 3515/3515/3515 3513/3513/3513
f 3519/3519/3519 3518/3518/3518 3517/3517/3517
f 3520/3520/3520 3519/3519/3519 3517/3517/3517
f 3523/3523/3523 3522/3522/3522 3521/3521/3521
f 3524/3524/3524 3523/3523/3523 3521/3521/3521
f 3527/3527/3527 3526/3526/3526 3525/3525/3525
f 3528/3528/3528 3527/3527/3527 3525/3525/3525
f 3531/3531/3531 3530/3530/3530 3529/3529/3529
f 3532/3532/3532 3531/3531/3531 3529/3529/3529
f 3535/3535/3535 3534/3534/3534 3533/3533/3533
f 3536/3536/3536 3535/3535/3535 3533/3533/3533
f 3539/3539/3539 3538/3538/3538 3537/3537/3537
f 3540/3540/3540 3539/3539/3539 3537/3537/3537
f 3543/3543/3543 3542/3542/3542 3541/3541/3541
f 3544/3544/3544 3543/3543/3543 3541/3541/3541
f 3547/3547/3547 3546/3546/3546 3545/3545/3545
f 3548/3548/3548 3547/3547/3547 3545/3545/3545
f 3551/3551/3551 3550/3550/3550 3549/3549/3549
f 3552/3552/3552 3551/3551/3551 3549/3549/3549
f 3555/3555/3555 3554/3554/3554 3553/3553/3553
f 3556/3556/3556 3555/3555/3555 3553/3553/3553
f 3559/3559/3559 3558/3558/3558 3557/3557/3557
f 3560/3560/3560 3559/3559/3559 3557/3557/3557
f 3563/3563/3563 3562/3562/3562 3561/3561/3561
f 3564/3564/3564 3563/3563/3563 3561/3561/3561
f 3567/3567/3567 3566/3566/3566 3565/3565/3565
f 3568/3568/3568 3567/3567/3567 3565/3565/3565
f 3569/3569/3569 3567/3567/3567 3568/3568/3568
f 3570/3570/3570 3569/3569/3569 3568/3568/3568
f 3573/3573/3573 3572/3572/3572 3571/3571/3571
f 3572/3572/3572 3574/3574/3574 3571/3571/3571
f 3575/3575/3575 3571/3571/3571 3574/3574/3574
f 3576/3576/3576 3575/3575/3575 3574/3574/3574
f 3574/3574/3574 3577/3577/3577 3576/3576/3576
f 3580/3580/3580 3579/3579/3579 3578/3578/3578
f 3581/3581/3581 3580/3580/3580 3578/3578/3578
f 3584/3584/3584 3583/3583/3583 3582/3582/3582
f 3582/3582/3582 3585/3585/3585 3584/3584/3584
f 3585/3585/3585 3586/3586/3586 3584/3584/3584
f 3589/3589/3589 3588/3588/3588 3587/3587/3587
f 3590/3590/3590 3589/3589/3589 3587/3587/3587
f 3593/3593/3593 3592/3592/3592 3591/3591/3591
f 3594/3594/3594 3593/3593/3593 3591/3591/3591
f 3597/3597/3597 3596/3596/3596 3595/3595/3595
f 3598/3598/3598 3597/3597/3597 3595/3595/3595
f 3601/3601/3601 3600/3600/3600 3599/3599/3599
f 3600/3600/3600 3602/3602/3602 3599/3599/3599
f 3599/3599/3599 3602/3602/3602 3603/3603/3603
f 3602/3602/3602 3604/3604/3604 3603/3603/3603
f 3607/3607/3607 3606/3606/3606 3605/3605/3605
f 3606/3606/3606 3608/3608/3608 3605/3605/3605
f 3605/3605/3605 3608/3608/3608 3609/3609/3609
f 3608/3608/3608 3610/3610/3610 3609/3609/3609
f 3613/3613/3613 3612/3612/3612 3611/3611/3611
f 3614/3614/3614 3613/3613/3613 3611/3611/3611
f 3617/3617/3617 3616/3616/3616 3615/3615/3615
f 3618/3618/3618 3617/3617/3617 3615/3615/3615
f 3621/3621/3621 3620/3620/3620 3619/3619/3619
f 3622/3622/3622 3621/3621/3621 3619/3619/3619
f 3625/3625/3625 3624/3624/3624 3623/3623/3623
f 3626/3626/3626 3625/3625/3625 3623/3623/3623
f 3629/3629/3629 3628/3628/3628 3627/3627/3627
f 3630/3630/3630 3629/3629/3629 3627/3627/3627
f 3633/3633/3633 3632/3632/3632 3631/3631/3631
f 3634/3634/3634 3633/3633/3633 3631/3631/3631
f 3637/3637/3637 3636/3636/3636 3635/3635/3635
f 3638/3638/3638 3637/3637/3637 3635/3635/3635
f 3641/3641/3641 3640/3640/3640 3639/3639/3639
f 3642/3642/3642 3641/3641/3641 3639/3639/3639
f 3645/3645/3645 3644/3644/3644 3643/3643/3643
f 3644/3644/3644 3646/3646/3646 3643/3643/3643
f 3643/3643/3643 3646/3646/3646 3647/3647/3647
f 3648/3648/3648 3643/3643/3643 3647/3647/3647
f 3651/3651/3651 3650/3650/3650 3649/3649/3649
f 3649/3649/3649 3650/3650/3650 3652/3652/3652
f 3653/3653/3653 3649/3649/3649 3652/3652/3652
f 3656/3656/3656 3655/3655/3655 3654/3654/3654
f 3657/3657/3657 3656/3656/3656 3654/3654/3654
f 3660/3660/3660 3659/3659/3659 3658/3658/3658
f 3661/3661/3661 3660/3660/3660 3658/3658/3658
f 3664/3664/3664 3663/3663/3663 3662/3662/3662
f 3663/3663/3663 3665/3665/3665 3662/3662/3662
f 3662/3662/3662 3665/3665/3665 3666/3666/3666
f 3667/3667/3667 3662/3662/3662 3666/3666/3666
f 3670/3670/3670 3669/3669/3669 3668/3668/3668
f 3668/3668/3668 3669/3669/3669 3671/3671/3671
f 3672/3672/3672 3668/3668/3668 3671/3671/3671
f 3675/3675/3675 3674/3674/3674 3673/3673/3673
f 3676/3676/3676 3675/3675/3675 3673/3673/3673
f 3679/3679/3679 3678/3678/3678 3677/3677/3677
f 3680/3680/3680 3679/3679/3679 3677/3677/3677
f 3683/3683/3683 3682/3682/3682 3681/3681/3681
f 3684/3684/3684 3683/3683/3683 3681/3681/3681
f 3687/3687/3687 3686/3686/3686 3685/3685/3685
f 3688/3688/3688 3687/3687/3687 3685/3685/3685
f 3691/3691/3691 3690/3690/3690 3689/3689/3689
f 3692/3692/3692 3691/3691/3691 3689/3689/3689
f 3695/3695/3695 3694/3694/3694 3693/3693/3693
f 3696/3696/3696 3695/3695/3695 3693/3693/3693
f 3699/3699/3699 3698/3698/3698 3697/3697/3697
f 3700/3700/3700 3699/3699/3699 3697/3697/3697
f 3703/3703/3703 3702/3702/3702 3701/3701/3701
f 3702/3702/3702 3704/3704/3704 3701/3701/3701
f 3701/3701/3701 3704/3704/3704 3705/3705/3705
f 3704/3704/3704 3706/3706/3706 3705/3705/3705
f 3709/3709/3709 3708/3708/3708 3707/3707/3707
f 3708/3708/3708 3710/3710/3710 3707/3707/3707
f 3707/3707/3707 3710/3710/3710 3711/3711/3711
f 3710/3710/3710 3712/3712/3712 3711/3711/3711
f 3715/3715/3715 3714/3714/3714 3713/3713/3713
f 3716/3716/3716 3715/3715/3715 3713/3713/3713
f 3719/3719/3719 3718/3718/3718 3717/3717/3717
f 3720/3720/3720 3719/3719/3719 3717/3717/3717
f 3723/3723/3723 3722/3722/3722 3721/3721/3721
f 3722/3722/3722 3724/3724/3724 3721/3721/3721
f 3725/3725/3725 3721/3721/3721 3724/3724/3724
f 3725/3725/3725 3724/3724/3724 3726/3726/3726
f 3725/3725/3725 3727/3727/3727 3721/3721/3721
f 3728/3728/3728 3725/3725/3725 3726/3726/3726
f 3729/3729/3729 3727/3727/3727 3725/3725/3725
f 3728/3728/3728 3726/3726/3726 3730/3730/3730
f 3729/3729/3729 3731/3731/3731 3727/3727/3727
f 3732/3732/3732 3728/3728/3728 3730/3730/3730
f 3732/3732/3732 3731/3731/3731 3729/3729/3729
f 3732/3732/3732 3730/3730/3730 3733/3733/3733
f 3732/3732/3732 3733/3733/3733 3731/3731/3731
f 3736/3736/3736 3735/3735/3735 3734/3734/3734
f 3737/3737/3737 3736/3736/3736 3734/3734/3734
f 3740/3740/3740 3739/3739/3739 3738/3738/3738
f 3741/3741/3741 3740/3740/3740 3738/3738/3738
f 3744/3744/3744 3743/3743/3743 3742/3742/3742
f 3745/3745/3745 3744/3744/3744 3742/3742/3742
f 3748/3748/3748 3747/3747/3747 3746/3746/3746
f 3749/3749/3749 3748/3748/3748 3746/3746/3746
f 3752/3752/3752 3751/3751/3751 3750/3750/3750
f 3753/3753/3753 3752/3752/3752 3750/3750/3750
f 3756/3756/3756 3755/3755/3755 3754/3754/3754
f 3757/3757/3757 3756/3756/3756 3754/3754/3754
f 3760/3760/3760 3759/3759/3759 3758/3758/3758
f 3761/3761/3761 3760/3760/3760 3758/3758/3758
f 3764/3764/3764 3763/3763/3763 3762/3762/3762
f 3765/3765/3765 3764/3764/3764 3762/3762/3762
f 3768/3768/3768 3767/3767/3767 3766/3766/3766
f 3769/3769/3769 3768/3768/3768 3766/3766/3766
f 3769/3769/3769 3766/3766/3766 3770/3770/3770
f 3771/3771/3771 3769/3769/3769 3770/3770/3770
f 3771/3771/3771 3770/3770/3770 3772/3772/3772
f 3773/3773/3773 3771/3771/3771 3772/3772/3772
f 3773/3773/3773 3772/3772/3772 3774/3774/3774
f 3775/3775/3775 3773/3773/3773 3774/3774/3774
f 3778/3778/3778 3777/3777/3777 3776/3776/3776
f 3777/3777/3777 3779/3779/3779 3776/3776/3776
f 3777/3777/3777 3780/3780/3780 3779/3779/3779
f 3780/3780/3780 3781/3781/3781 3779/3779/3779
f 3780/3780/3780 3782/3782/3782 3781/3781/3781
f 3782/3782/3782 3783/3783/3783 3781/3781/3781
f 3782/3782/3782 3784/3784/3784 3783/3783/3783
f 3784/3784/3784 3785/3785/3785 3783/3783/3783
f 3788/3788/3788 3787/3787/3787 3786/3786/3786
f 3787/3787/3787 3789/3789/3789 3786/3786/3786
f 3787/3787/3787 3790/3790/3790 3789/3789/3789
f 3790/3790/3790 3791/3791/3791 3789/3789/3789
f 3790/3790/3790 3792/3792/3792 3791/3791/3791
f 3792/3792/3792 3793/3793/3793 3791/3791/3791
f 3796/3796/3796 3795/3795/3795 3794/3794/3794
f 3795/3795/3795 3797/3797/3797 3794/3794/3794
f 3795/3795/3795 3798/3798/3798 3797/3797/3797
f 3798/3798/3798 3799/3799/3799 3797/3797/3797
f 3798/3798/3798 3800/3800/3800 3799/3799/3799
f 3800/3800/3800 3801/3801/3801 3799/3799/3799
f 3804/3804/3804 3803/3803/3803 3802/3802/3802
f 3805/3805/3805 3804/3804/3804 3802/3802/3802
f 3808/3808/3808 3807/3807/3807 3806/3806/3806
f 3809/3809/3809 3808/3808/3808 3806/3806/3806
f 3812/3812/3812 3811/3811/3811 3810/3810/3810
f 3813/3813/3813 3812/3812/3812 3810/3810/3810
f 3816/3816/3816 3815/3815/3815 3814/3814/3814
f 3817/3817/3817 3816/3816/3816 3814/3814/3814
f 3820/3820/3820 3819/3819/3819 3818/3818/3818
f 3821/3821/3821 3820/3820/3820 3818/3818/3818
f 3824/3824/3824 3823/3823/3823 3822/3822/3822
f 3825/3825/3825 3824/3824/3824 3822/3822/3822
f 3828/3828/3828 3827/3827/3827 3826/3826/3826
f 3829/3829/3829 3828/3828/3828 3826/3826/3826
f 3832/3832/3832 3831/3831/3831 3830/3830/3830
f 3833/3833/3833 3832/3832/3832 3830/3830/3830
f 3836/3836/3836 3835/3835/3835 3834/3834/3834
f 3837/3837/3837 3836/3836/3836 3834/3834/3834
f 3840/3840/3840 3839/3839/3839 3838/3838/3838
f 3841/3841/3841 3840/3840/3840 3838/3838/3838
f 3844/3844/3844 3843/3843/3843 3842/3842/3842
f 3845/3845/3845 3844/3844/3844 3842/3842/3842
f 3848/3848/3848 3847/3847/3847 3846/3846/3846
f 3849/3849/3849 3848/3848/3848 3846/3846/3846
f 3852/3852/3852 3851/3851/3851 3850/3850/3850
f 3853/3853/3853 3852/3852/3852 3850/3850/3850
f 3856/3856/3856 3855/3855/3855 3854/3854/3854
f 3857/3857/3857 3856/3856/3856 3854/3854/3854
f 3860/3860/3860 3859/3859/3859 3858/3858/3858
f 3861/3861/3861 3860/3860/3860 3858/3858/3858
f 3864/3864/3864 3863/3863/3863 3862/3862/3862
f 3865/3865/3865 3864/3864/3864 3862/3862/3862
f 3868/3868/3868 3867/3867/3867 3866/3866/3866
f 3869/3869/3869 3868/3868/3868 3866/3866/3866
f 3872/3872/3872 3871/3871/3871 3870/3870/3870
f 3873/3873/3873 3872/3872/3872 3870/3870/3870
f 3876/3876/3876 3875/3875/3875 3874/3874/3874
f 3877/3877/3877 3876/3876/3876 3874/3874/3874
f 3880/3880/3880 3879/3879/3879 3878/3878/3878
f 3881/3881/3881 3880/3880/3880 3878/3878/3878
f 3884/3884/3884 3883/3883/3883 3882/3882/3882
f 3885/3885/3885 3884/3884/3884 3882/3882/3882
f 3888/3888/3888 3887/3887/3887 3886/3886/3886
f 3889/3889/3889 3888/3888/3888 3886/3886/3886
f 3892/3892/3892 3891/3891/3891 3890/3890/3890
f 3893/3893/3893 3892/3892/3892 3890/3890/3890
f 3896/3896/3896 3895/3895/3895 3894/3894/3894
f 3897/3897/3897 3896/3896/3896 3894/3894/3894
f 3900/3900/3900 3899/3899/3899 3898/3898/3898
f 3901/3901/3901 3900/3900/3900 3898/3898/3898
f 3904/3904/3904 3903/3903/3903 3902/3902/3902
f 3905/3905/3905 3904/3904/3904 3902/3902/3902
f 3908/3908/3908 3907/3907/3907 3906/3906/3906
f 3909/3909/3909 3908/3908/3908 3906/3906/3906
f 3912/3912/3912 3911/3911/3911 3910/3910/3910
f 3913/3913/3913 3912/3912/3912 3910/3910/3910
f 3914/3914/3914 3912/3912/3912 3913/3913/3913
f 3915/3915/3915 3914/3914/3914 3913/3913/3913
f 3918/3918/3918 3917/3917/3917 3916/3916/3916
f 3917/3917/3917 3919/3919/3919 3916/3916/3916
f 3920/3920/3920 3916/3916/3916 3919/3919/3919
f 3921/3921/3921 3920/3920/3920 3919/3919/3919
f 3919/3919/3919 3922/3922/3922 3921/3921/3921
f 3925/3925/3925 3924/3924/3924 3923/3923/3923
f 3926/3926/3926 3925/3925/3925 3923/3923/3923
f 3929/3929/3929 3928/3928/3928 3927/3927/3927
f 3927/3927/3927 3930/3930/3930 3929/3929/3929
f 3930/3930/3930 3931/3931/3931 3929/3929/3929
f 3934/3934/3934 3933/3933/3933 3932/3932/3932
f 3935/3935/3935 3934/3934/3934 3932/3932/3932
f 3938/3938/3938 3937/3937/3937 3936/3936/3936
f 3939/3939/3939 3938/3938/3938 3936/3936/3936
f 3942/3942/3942 3941/3941/3941 3940/3940/3940
f 3943/3943/3943 3942/3942/3942 3940/3940/3940
f 3946/3946/3946 3945/3945/3945 3944/3944/3944
f 3945/3945/3945 3947/3947/3947 3944/3944/3944
f 3944/3944/3944 3947/3947/3947 3948/3948/3948
f 3947/3947/3947 3949/3949/3949 3948/3948/3948
f 3952/3952/3952 3951/3951/3951 3950/3950/3950
f 3951/3951/3951 3953/3953/3953 3950/3950/3950
f 3950/3950/3950 3953/3953/3953 3954/3954/3954
f 3953/3953/3953 3955/3955/3955 3954/3954/3954
f 3958/3958/3958 3957/3957/3957 3956/3956/3956
f 3959/3959/3959 3958/3958/3958 3956/3956/3956
f 3962/3962/3962 3961/3961/3961 3960/3960/3960
f 3963/3963/3963 3962/3962/3962 3960/3960/3960
f 3966/3966/3966 3965/3965/3965 3964/3964/3964
f 3967/3967/3967 3965/3965/3965 3966/3966/3966
f 3967/3967/3967 3968/3968/3968 3965/3965/3965
f 3968/3968/3968 3969/3969/3969 3965/3965/3965
f 3965/3965/3965 3969/3969/3969 3970/3970/3970
f 3970/3970/3970 3971/3971/3971 3965/3965/3965
f 3972/3972/3972 3965/3965/3965 3971/3971/3971
f 3973/3973/3973 3965/3965/3965 3972/3972/3972
f 3974/3974/3974 3965/3965/3965 3973/3973/3973
f 3975/3975/3975 3965/3965/3965 3974/3974/3974
f 3977/3977/3977 3976/3976/3976 3969/3969/3969
f 3978/3978/3978 3976/3976/3976 3977/3977/3977
f 3979/3979/3979 3978/3978/3978 3977/3977/3977
f 3979/3979/3979 3980/3980/3980 3978/3978/3978
f 3980/3980/3980 3981/3981/3981 3978/3978/3978
f 3980/3980/3980 3982/3982/3982 3981/3981/3981
f 3982/3982/3982 3983/3983/3983 3981/3981/3981
f 3971/3971/3971 3985/3985/3985 3984/3984/3984
f 3985/3985/3985 3986/3986/3986 3984/3984/3984
f 3987/3987/3987 3984/3984/3984 3986/3986/3986
f 3987/3987/3987 3986/3986/3986 3988/3988/3988
f 3989/3989/3989 3987/3987/3987 3988/3988/3988
f 3989/3989/3989 3988/3988/3988 3990/3990/3990
f 3988/3988/3988 3991/3991/3991 3990/3990/3990
f 3994/3994/3994 3993/3993/3993 3992/3992/3992
f 3995/3995/3995 3994/3994/3994 3992/3992/3992
f 3995/3995/3995 3996/3996/3996 3994/3994/3994
f 3996/3996/3996 3997/3997/3997 3994/3994/3994
f 3997/3997/3997 3996/3996/3996 3998/3998/3998
f 3996/3996/3996 3999/3999/3999 3998/3998/3998
f 3998/3998/3998 3999/3999/3999 4000/4000/4000
f 4001/4001/4001 3998/3998/3998 4000/4000/4000
f 4000/4000/4000 4002/4002/4002 4001/4001/4001
f 4002/4002/4002 4003/4003/4003 4001/4001/4001
f 4006/4006/4006 4005/4005/4005 4004/4004/4004
f 4007/4007/4007 4006/4006/4006 4004/4004/4004
f 4007/4007/4007 4004/4004/4004 4008/4008/4008
f 4009/4009/4009 4007/4007/4007 4008/4008/4008
f 4010/4010/4010 4009/4009/4009 4008/4008/4008
f 4011/4011/4011 4010/4010/4010 4008/4008/4008
f 4012/4012/4012 4010/4010/4010 4011/4011/4011
f 4013/4013/4013 4012/4012/4012 4011/4011/4011
f 4012/4012/4012 4013/4013/4013 4014/4014/4014
f 4015/4015/4015 4012/4012/4012 4014/4014/4014
f 4018/4018/4018 4017/4017/4017 4016/4016/4016
f 4019/4019/4019 4018/4018/4018 4016/4016/4016
f 4019/4019/4019 4016/4016/4016 4020/4020/4020
f 4021/4021/4021 4019/4019/4019 4020/4020/4020
f 4021/4021/4021 4020/4020/4020 4022/4022/4022
f 4020/4020/4020 4023/4023/4023 4022/4022/4022
f 4022/4022/4022 4023/4023/4023 4024/4024/4024
f 4027/4027/4027 4026/4026/4026 4025/4025/4025
f 4028/4028/4028 4027/4027/4027 4025/4025/4025
f 4028/4028/4028 4029/4029/4029 4027/4027/4027
f 4029/4029/4029 4030/4030/4030 4027/4027/4027
f 4029/4029/4029 4031/4031/4031 4030/4030/4030
f 4031/4031/4031 4032/4032/4032 4030/4030/4030
f 4033/4033/4033 4032/4032/4032 4031/4031/4031
f 4036/4036/4036 4035/4035/4035 4034/4034/4034
f 4037/4037/4037 4036/4036/4036 4034/4034/4034
f 4040/4040/4040 4039/4039/4039 4038/4038/4038
f 4041/4041/4041 4040/4040/4040 4038/4038/4038
f 4044/4044/4044 4043/4043/4043 4042/4042/4042
f 4045/4045/4045 4044/4044/4044 4042/4042/4042
f 4048/4048/4048 4047/4047/4047 4046/4046/4046
f 4047/4047/4047 4049/4049/4049 4046/4046/4046
f 4046/4046/4046 4049/4049/4049 4050/4050/4050
f 4049/4049/4049 4051/4051/4051 4050/4050/4050
f 4054/4054/4054 4053/4053/4053 4052/4052/4052
f 4053/4053/4053 4055/4055/4055 4052/4052/4052
f 4052/4052/4052 4055/4055/4055 4056/4056/4056
f 4055/4055/4055 4057/4057/4057 4056/4056/4056
f 4060/4060/4060 4059/4059/4059 4058/4058/4058
f 4061/4061/4061 4060/4060/4060 4058/4058/4058
f 4064/4064/4064 4063/4063/4063 4062/4062/4062
f 4065/4065/4065 4064/4064/4064 4062/4062/4062
f 4068/4068/4068 4067/4067/4067 4066/4066/4066
f 4069/4069/4069 4068/4068/4068 4066/4066/4066
f 4072/4072/4072 4071/4071/4071 4070/4070/4070
f 4073/4073/4073 4072/4072/4072 4070/4070/4070
f 4076/4076/4076 4075/4075/4075 4074/4074/4074
f 4077/4077/4077 4076/4076/4076 4074/4074/4074
f 4080/4080/4080 4079/4079/4079 4078/4078/4078
f 4079/4079/4079 4081/4081/4081 4078/4078/4078
f 4079/4079/4079 4082/4082/4082 4081/4081/4081
f 4082/4082/4082 4083/4083/4083 4081/4081/4081
f 4082/4082/4082 4084/4084/4084 4083/4083/4083
f 4084/4084/4084 4085/4085/4085 4083/4083/4083
f 4088/4088/4088 4087/4087/4087 4086/4086/4086
f 4087/4087/4087 4089/4089/4089 4086/4086/4086
f 4090/4090/4090 4089/4089/4089 4087/4087/4087
f 4093/4093/4093 4092/4092/4092 4091/4091/4091
f 4094/4094/4094 4093/4093/4093 4091/4091/4091
f 4097/4097/4097 4096/4096/4096 4095/4095/4095
f 4098/4098/4098 4097/4097/4097 4095/4095/4095
f 4101/4101/4101 4100/4100/4100 4099/4099/4099
f 4102/4102/4102 4101/4101/4101 4099/4099/4099
f 4105/4105/4105 4104/4104/4104 4103/4103/4103
f 4106/4106/4106 4105/4105/4105 4103/4103/4103
f 4109/4109/4109 4108/4108/4108 4107/4107/4107
f 4110/4110/4110 4109/4109/4109 4107/4107/4107
f 4109/4109/4109 4110/4110/4110 4111/4111/4111
f 4112/4112/4112 4109/4109/4109 4111/4111/4111
f 4112/4112/4112 4111/4111/4111 4113/4113/4113
f 4114/4114/4114 4112/4112/4112 4113/4113/4113
f 4117/4117/4117 4116/4116/4116 4115/4115/4115
f 4118/4118/4118 4117/4117/4117 4115/4115/4115
f 4118/4118/4118 4115/4115/4115 4119/4119/4119
f 4120/4120/4120 4118/4118/4118 4119/4119/4119
f 4120/4120/4120 4119/4119/4119 4121/4121/4121
f 4122/4122/4122 4120/4120/4120 4121/4121/4121
f 4122/4122/4122 4121/4121/4121 4123/4123/4123
f 4124/4124/4124 4122/4122/4122 4123/4123/4123
f 4124/4124/4124 4123/4123/4123 4125/4125/4125
f 4126/4126/4126 4124/4124/4124 4125/4125/4125
f 4126/4126/4126 4125/4125/4125 4127/4127/4127
f 4128/4128/4128 4126/4126/4126 4127/4127/4127
f 4131/4131/4131 4130/4130/4130 4129/4129/4129
f 4132/4132/4132 4131/4131/4131 4129/4129/4129
f 4135/4135/4135 4134/4134/4134 4133/4133/4133
f 4134/4134/4134 4136/4136/4136 4133/4133/4133
f 4137/4137/4137 4136/4136/4136 4134/4134/4134
f 4136/4136/4136 4138/4138/4138 4133/4133/4133
f 4133/4133/4133 4138/4138/4138 4139/4139/4139
f 4140/4140/4140 4138/4138/4138 4136/4136/4136
f 4143/4143/4143 4142/4142/4142 4141/4141/4141
f 4142/4142/4142 4144/4144/4144 4141/4141/4141
f 4141/4141/4141 4144/4144/4144 4145/4145/4145
f 4144/4144/4144 4146/4146/4146 4145/4145/4145
f 4147/4147/4147 4141/4141/4141 4145/4145/4145
f 4150/4150/4150 4149/4149/4149 4148/4148/4148
f 4151/4151/4151 4150/4150/4150 4148/4148/4148
f 4154/4154/4154 4153/4153/4153 4152/4152/4152
f 4155/4155/4155 4154/4154/4154 4152/4152/4152
f 4158/4158/4158 4157/4157/4157 4156/4156/4156
f 4159/4159/4159 4158/4158/4158 4156/4156/4156
f 4162/4162/4162 4161/4161/4161 4160/4160/4160
f 4161/4161/4161 4163/4163/4163 4160/4160/4160
f 4161/4161/4161 4164/4164/4164 4163/4163/4163
f 4164/4164/4164 4165/4165/4165 4163/4163/4163
f 4164/4164/4164 4166/4166/4166 4165/4165/4165
f 4166/4166/4166 4167/4167/4167 4165/4165/4165
f 4170/4170/4170 4169/4169/4169 4168/4168/4168
f 4169/4169/4169 4171/4171/4171 4168/4168/4168
f 4172/4172/4172 4171/4171/4171 4169/4169/4169
f 4175/4175/4175 4174/4174/4174 4173/4173/4173
f 4176/4176/4176 4175/4175/4175 4173/4173/4173
f 4179/4179/4179 4178/4178/4178 4177/4177/4177
f 4180/4180/4180 4179/4179/4179 4177/4177/4177
f 4183/4183/4183 4182/4182/4182 4181/4181/4181
f 4184/4184/4184 4183/4183/4183 4181/4181/4181
f 4187/4187/4187 4186/4186/4186 4185/4185/4185
f 4188/4188/4188 4187/4187/4187 4185/4185/4185
f 4191/4191/4191 4190/4190/4190 4189/4189/4189
f 4192/4192/4192 4191/4191/4191 4189/4189/4189
f 4191/4191/4191 4192/4192/4192 4193/4193/4193
f 4194/4194/4194 4191/4191/4191 4193/4193/4193
f 4194/4194/4194 4193/4193/4193 4195/4195/4195
f 4196/4196/4196 4194/4194/4194 4195/4195/4195
f 4199/4199/4199 4198/4198/4198 4197/4197/4197
f 4200/4200/4200 4199/4199/4199 4197/4197/4197
f 4200/4200/4200 4197/4197/4197 4201/4201/4201
f 4202/4202/4202 4200/4200/4200 4201/4201/4201
f 4202/4202/4202 4201/4201/4201 4203/4203/4203
f 4204/4204/4204 4202/4202/4202 4203/4203/4203
f 4204/4204/4204 4203/4203/4203 4205/4205/4205
f 4206/4206/4206 4204/4204/4204 4205/4205/4205
f 4206/4206/4206 4205/4205/4205 4207/4207/4207
f 4208/4208/4208 4206/4206/4206 4207/4207/4207
f 4208/4208/4208 4207/4207/4207 4209/4209/4209
f 4210/4210/4210 4208/4208/4208 4209/4209/4209
f 4213/4213/4213 4212/4212/4212 4211/4211/4211
f 4214/4214/4214 4213/4213/4213 4211/4211/4211
f 4217/4217/4217 4216/4216/4216 4215/4215/4215
f 4216/4216/4216 4218/4218/4218 4215/4215/4215
f 4219/4219/4219 4218/4218/4218 4216/4216/4216
f 4218/4218/4218 4220/4220/4220 4215/4215/4215
f 4215/4215/4215 4220/4220/4220 4221/4221/4221
f 4222/4222/4222 4220/4220/4220 4218/4218/4218
f 4225/4225/4225 4224/4224/4224 4223/4223/4223
f 4224/4224/4224 4226/4226/4226 4223/4223/4223
f 4223/4223/4223 4226/4226/4226 4227/4227/4227
f 4226/4226/4226 4228/4228/4228 4227/4227/4227
f 4229/4229/4229 4223/4223/4223 4227/4227/4227
f 4232/4232/4232 4231/4231/4231 4230/4230/4230
f 4231/4231/4231 4233/4233/4233 4230/4230/4230
f 4234/4234/4234 4233/4233/4233 4231/4231/4231
f 4234/4234/4234 4231/4231/4231 4235/4235/4235
f 4231/4231/4231 4236/4236/4236 4235/4235/4235
f 4235/4235/4235 4236/4236/4236 4237/4237/4237
f 4238/4238/4238 4235/4235/4235 4237/4237/4237
f 4237/4237/4237 4239/4239/4239 4238/4238/4238
f 4239/4239/4239 4240/4240/4240 4238/4238/4238
f 4241/4241/4241 4240/4240/4240 4239/4239/4239
f 4242/4242/4242 4236/4236/4236 4231/4231/4231
f 4243/4243/4243 4237/4237/4237 4236/4236/4236
f 4242/4242/4242 4243/4243/4243 4236/4236/4236
f 4244/4244/4244 4239/4239/4239 4237/4237/4237
f 4243/4243/4243 4244/4244/4244 4237/4237/4237
f 4245/4245/4245 4244/4244/4244 4243/4243/4243
f 4246/4246/4246 4241/4241/4241 4239/4239/4239
f 4246/4246/4246 4239/4239/4239 4244/4244/4244
f 4247/4247/4247 4242/4242/4242 4231/4231/4231
f 4248/4248/4248 4247/4247/4247 4231/4231/4231
f 4248/4248/4248 4249/4249/4249 4247/4247/4247
f 4250/4250/4250 4243/4243/4243 4242/4242/4242
f 4247/4247/4247 4250/4250/4250 4242/4242/4242
f 4249/4249/4249 4250/4250/4250 4247/4247/4247
f 4250/4250/4250 4245/4245/4245 4243/4243/4243
f 4249/4249/4249 4251/4251/4251 4250/4250/4250
f 4251/4251/4251 4245/4245/4245 4250/4250/4250
f 4241/4241/4241 4246/4246/4246 4252/4252/4252
f 4253/4253/4253 4241/4241/4241 4252/4252/4252
f 4253/4253/4253 4252/4252/4252 4254/4254/4254
f 4255/4255/4255 4246/4246/4246 4244/4244/4244
f 4255/4255/4255 4244/4244/4244 4245/4245/4245
f 4246/4246/4246 4255/4255/4255 4256/4256/4256
f 4252/4252/4252 4246/4246/4246 4256/4256/4256
f 4256/4256/4256 4255/4255/4255 4245/4245/4245
f 4252/4252/4252 4257/4257/4257 4254/4254/4254
f 4252/4252/4252 4256/4256/4256 4257/4257/4257
f 4258/4258/4258 4254/4254/4254 4257/4257/4257
f 4256/4256/4256 4245/4245/4245 4259/4259/4259
f 4256/4256/4256 4259/4259/4259 4257/4257/4257
f 4260/4260/4260 4258/4258/4258 4257/4257/4257
f 4257/4257/4257 4259/4259/4259 4260/4260/4260
f 4245/4245/4245 4261/4261/4261 4259/4259/4259
f 4245/4245/4245 4262/4262/4262 4261/4261/4261
f 4262/4262/4262 4263/4263/4263 4261/4261/4261
f 4260/4260/4260 4264/4264/4264 4258/4258/4258
f 4264/4264/4264 4265/4265/4265 4258/4258/4258
f 4266/4266/4266 4265/4265/4265 4264/4264/4264
f 4259/4259/4259 4267/4267/4267 4260/4260/4260
f 4259/4259/4259 4261/4261/4261 4267/4267/4267
f 4260/4260/4260 4267/4267/4267 4264/4264/4264
f 4261/4261/4261 4263/4263/4263 4268/4268/4268
f 4261/4261/4261 4268/4268/4268 4267/4267/4267
f 4267/4267/4267 4268/4268/4268 4264/4264/4264
f 4263/4263/4263 4269/4269/4269 4268/4268/4268
f 4268/4268/4268 4269/4269/4269 4264/4264/4264
f 4272/4272/4272 4271/4271/4271 4270/4270/4270
f 4273/4273/4273 4272/4272/4272 4270/4270/4270
f 4276/4276/4276 4275/4275/4275 4274/4274/4274
f 4275/4275/4275 4277/4277/4277 4274/4274/4274
f 4274/4274/4274 4277/4277/4277 4278/4278/4278
f 4279/4279/4279 4274/4274/4274 4278/4278/4278
f 4279/4279/4279 4278/4278/4278 4280/4280/4280
f 4278/4278/4278 4281/4281/4281 4280/4280/4280
f 4280/4280/4280 4281/4281/4281 4282/4282/4282
f 4283/4283/4283 4280/4280/4280 4282/4282/4282
f 4283/4283/4283 4282/4282/4282 4284/4284/4284
f 4282/4282/4282 4285/4285/4285 4284/4284/4284
f 4284/4284/4284 4285/4285/4285 4286/4286/4286
f 4287/4287/4287 4284/4284/4284 4286/4286/4286
f 4288/4288/4288 4287/4287/4287 4286/4286/4286
f 4289/4289/4289 4288/4288/4288 4286/4286/4286
f 4289/4289/4289 4290/4290/4290 4288/4288/4288
f 4290/4290/4290 4291/4291/4291 4288/4288/4288
f 4292/4292/4292 4291/4291/4291 4290/4290/4290
f 4293/4293/4293 4292/4292/4292 4290/4290/4290
f 4293/4293/4293 4294/4294/4294 4292/4292/4292
f 4294/4294/4294 4295/4295/4295 4292/4292/4292
f 4296/4296/4296 4295/4295/4295 4294/4294/4294
f 4297/4297/4297 4296/4296/4296 4294/4294/4294
f 4297/4297/4297 4298/4298/4298 4296/4296/4296
f 4298/4298/4298 4299/4299/4299 4296/4296/4296
f 4302/4302/4302 4301/4301/4301 4300/4300/4300
f 4303/4303/4303 4302/4302/4302 4300/4300/4300
f 4300/4300/4300 4304/4304/4304 4303/4303/4303
f 4304/4304/4304 4305/4305/4305 4303/4303/4303
f 4306/4306/4306 4305/4305/4305 4304/4304/4304
f 4307/4307/4307 4306/4306/4306 4304/4304/4304
f 4306/4306/4306 4307/4307/4307 4308/4308/4308
f 4307/4307/4307 4309/4309/4309 4308/4308/4308
f 4308/4308/4308 4309/4309/4309 4310/4310/4310
f 4311/4311/4311 4308/4308/4308 4310/4310/4310
f 4310/4310/4310 4312/4312/4312 4311/4311/4311
f 4312/4312/4312 4313/4313/4313 4311/4311/4311
f 4314/4314/4314 4313/4313/4313 4312/4312/4312
f 4315/4315/4315 4314/4314/4314 4312/4312/4312
f 4314/4314/4314 4315/4315/4315 4316/4316/4316
f 4317/4317/4317 4314/4314/4314 4316/4316/4316
f 4317/4317/4317 4316/4316/4316 4318/4318/4318
f 4316/4316/4316 4319/4319/4319 4318/4318/4318
f 4320/4320/4320 4318/4318/4318 4319/4319/4319
f 4321/4321/4321 4320/4320/4320 4319/4319/4319
f 4321/4321/4321 4322/4322/4322 4320/4320/4320
f 4322/4322/4322 4323/4323/4323 4320/4320/4320
f 4323/4323/4323 4322/4322/4322 4324/4324/4324
f 4325/4325/4325 4323/4323/4323 4324/4324/4324
f 4325/4325/4325 4324/4324/4324 4326/4326/4326
f 4324/4324/4324 4327/4327/4327 4326/4326/4326
f 4328/4328/4328 4326/4326/4326 4327/4327/4327
f 4329/4329/4329 4328/4328/4328 4327/4327/4327
f 4332/4332/4332 4331/4331/4331 4330/4330/4330
f 4333/4333/4333 4332/4332/4332 4330/4330/4330
f 4333/4333/4333 4330/4330/4330 4334/4334/4334
f 4330/4330/4330 4335/4335/4335 4334/4334/4334
f 4334/4334/4334 4335/4335/4335 4336/4336/4336
f 4335/4335/4335 4337/4337/4337 4336/4336/4336
f 4336/4336/4336 4337/4337/4337 4338/4338/4338
f 4337/4337/4337 4339/4339/4339 4338/4338/4338
f 4338/4338/4338 4339/4339/4339 4340/4340/4340
f 4341/4341/4341 4338/4338/4338 4340/4340/4340
f 4340/4340/4340 4342/4342/4342 4341/4341/4341
f 4342/4342/4342 4343/4343/4343 4341/4341/4341
f 4344/4344/4344 4343/4343/4343 4342/4342/4342
f 4345/4345/4345 4344/4344/4344 4342/4342/4342
f 4344/4344/4344 4345/4345/4345 4346/4346/4346
f 4347/4347/4347 4344/4344/4344 4346/4346/4346
f 4347/4347/4347 4346/4346/4346 4348/4348/4348
f 4346/4346/4346 4349/4349/4349 4348/4348/4348
f 4350/4350/4350 4348/4348/4348 4349/4349/4349
f 4351/4351/4351 4350/4350/4350 4349/4349/4349
f 4351/4351/4351 4352/4352/4352 4350/4350/4350
f 4352/4352/4352 4353/4353/4353 4350/4350/4350
f 4352/4352/4352 4354/4354/4354 4353/4353/4353
f 4354/4354/4354 4355/4355/4355 4353/4353/4353
f 4354/4354/4354 4356/4356/4356 4355/4355/4355
f 4356/4356/4356 4357/4357/4357 4355/4355/4355
f 4358/4358/4358 4357/4357/4357 4356/4356/4356
f 4359/4359/4359 4358/4358/4358 4356/4356/4356
f 4362/4362/4362 4361/4361/4361 4360/4360/4360
f 4361/4361/4361 4363/4363/4363 4360/4360/4360
f 4361/4361/4361 4364/4364/4364 4363/4363/4363
f 4364/4364/4364 4365/4365/4365 4363/4363/4363
f 4366/4366/4366 4365/4365/4365 4364/4364/4364
f 4367/4367/4367 4366/4366/4366 4364/4364/4364
f 4367/4367/4367 4368/4368/4368 4366/4366/4366
f 4368/4368/4368 4369/4369/4369 4366/4366/4366
f 4370/4370/4370 4369/4369/4369 4368/4368/4368
f 4371/4371/4371 4370/4370/4370 4368/4368/4368
f 4371/4371/4371 4372/4372/4372 4370/4370/4370
f 4372/4372/4372 4373/4373/4373 4370/4370/4370
f 4374/4374/4374 4373/4373/4373 4372/4372/4372
f 4375/4375/4375 4374/4374/4374 4372/4372/4372
f 4374/4374/4374 4375/4375/4375 4376/4376/4376
f 4377/4377/4377 4374/4374/4374 4376/4376/4376
f 4377/4377/4377 4376/4376/4376 4378/4378/4378
f 4376/4376/4376 4379/4379/4379 4378/4378/4378
f 4378/4378/4378 4379/4379/4379 4380/4380/4380
f 4381/4381/4381 4378/4378/4378 4380/4380/4380
f 4381/4381/4381 4380/4380/4380 4382/4382/4382
f 4380/4380/4380 4383/4383/4383 4382/4382/4382
f 4382/4382/4382 4383/4383/4383 4384/4384/4384
f 4385/4385/4385 4382/4382/4382 4384/4384/4384
f 4385/4385/4385 4384/4384/4384 4386/4386/4386
f 4384/4384/4384 4387/4387/4387 4386/4386/4386
f 4386/4386/4386 4387/4387/4387 4388/4388/4388
f 4387/4387/4387 4389/4389/4389 4388/4388/4388
f 4392/4392/4392 4391/4391/4391 4390/4390/4390
f 4393/4393/4393 4391/4391/4391 4392/4392/4392
f 4394/4394/4394 4393/4393/4393 4392/4392/4392
f 4393/4393/4393 4394/4394/4394 4395/4395/4395
f 4396/4396/4396 4393/4393/4393 4395/4395/4395
f 4396/4396/4396 4395/4395/4395 4397/4397/4397
f 4397/4397/4397 4395/4395/4395 4398/4398/4398
f 4398/4398/4398 4395/4395/4395 4399/4399/4399
f 4400/4400/4400 4398/4398/4398 4399/4399/4399
f 4401/4401/4401 4400/4400/4400 4399/4399/4399
f 4402/4402/4402 4396/4396/4396 4397/4397/4397
f 4403/4403/4403 4396/4396/4396 4402/4402/4402
f 4404/4404/4404 4403/4403/4403 4402/4402/4402
f 4405/4405/4405 4404/4404/4404 4402/4402/4402
f 4408/4408/4408 4407/4407/4407 4406/4406/4406
f 4407/4407/4407 4409/4409/4409 4406/4406/4406
f 4406/4406/4406 4409/4409/4409 4410/4410/4410
f 4409/4409/4409 4411/4411/4411 4410/4410/4410
f 4410/4410/4410 4411/4411/4411 4412/4412/4412
f 4411/4411/4411 4413/4413/4413 4412/4412/4412
f 4412/4412/4412 4413/4413/4413 4414/4414/4414
f 4413/4413/4413 4415/4415/4415 4414/4414/4414
f 4414/4414/4414 4415/4415/4415 4416/4416/4416
f 4415/4415/4415 4417/4417/4417 4416/4416/4416
f 4416/4416/4416 4417/4417/4417 4418/4418/4418
f 4417/4417/4417 4419/4419/4419 4418/4418/4418
f 4418/4418/4418 4419/4419/4419 4420/4420/4420
f 4419/4419/4419 4421/4421/4421 4420/4420/4420
f 4421/4421/4421 4422/4422/4422 4420/4420/4420
f 4422/4422/4422 4423/4423/4423 4420/4420/4420
f 4426/4426/4426 4425/4425/4425 4424/4424/4424
f 4427/4427/4427 4426/4426/4426 4424/4424/4424
f 4428/4428/4428 4426/4426/4426 4427/4427/4427
f 4429/4429/4429 4428/4428/4428 4427/4427/4427
f 4429/4429/4429 4430/4430/4430 4428/4428/4428
f 4430/4430/4430 4431/4431/4431 4428/4428/4428
f 4430/4430/4430 4432/4432/4432 4431/4431/4431
f 4432/4432/4432 4433/4433/4433 4431/4431/4431
f 4432/4432/4432 4434/4434/4434 4433/4433/4433
f 4434/4434/4434 4435/4435/4435 4433/4433/4433
f 4435/4435/4435 4434/4434/4434 4436/4436/4436
f 4434/4434/4434 4437/4437/4437 4436/4436/4436
f 4437/4437/4437 4438/4438/4438 4436/4436/4436
f 4438/4438/4438 4439/4439/4439 4436/4436/4436
f 4439/4439/4439 4438/4438/4438 4440/4440/4440
f 4438/4438/4438 4441/4441/4441 4440/4440/4440
f 4444/4444/4444 4443/4443/4443 4442/4442/4442
f 4445/4445/4445 4444/4444/4444 4442/4442/4442
f 4448/4448/4448 4447/4447/4447 4446/4446/4446
f 4449/4449/4449 4448/4448/4448 4446/4446/4446
f 4452/4452/4452 4451/4451/4451 4450/4450/4450
f 4453/4453/4453 4452/4452/4452 4450/4450/4450
f 4456/4456/4456 4455/4455/4455 4454/4454/4454
f 4457/4457/4457 4456/4456/4456 4454/4454/4454
f 4460/4460/4460 4459/4459/4459 4458/4458/4458
f 4461/4461/4461 4460/4460/4460 4458/4458/4458
f 4464/4464/4464 4463/4463/4463 4462/4462/4462
f 4465/4465/4465 4464/4464/4464 4462/4462/4462
f 4468/4468/4468 4467/4467/4467 4466/4466/4466
f 4469/4469/4469 4468/4468/4468 4466/4466/4466
f 4472/4472/4472 4471/4471/4471 4470/4470/4470
f 4473/4473/4473 4472/4472/4472 4470/4470/4470
f 4476/4476/4476 4475/4475/4475 4474/4474/4474
f 4477/4477/4477 4476/4476/4476 4474/4474/4474
f 4480/4480/4480 4479/4479/4479 4478/4478/4478
f 4481/4481/4481 4480/4480/4480 4478/4478/4478
f 4484/4484/4484 4483/4483/4483 4482/4482/4482
f 4485/4485/4485 4484/4484/4484 4482/4482/4482
f 4488/4488/4488 4487/4487/4487 4486/4486/4486
f 4489/4489/4489 4488/4488/4488 4486/4486/4486
f 4492/4492/4492 4491/4491/4491 4490/4490/4490
f 4493/4493/4493 4492/4492/4492 4490/4490/4490
f 4496/4496/4496 4495/4495/4495 4494/4494/4494
f 4497/4497/4497 4496/4496/4496 4494/4494/4494
f 4500/4500/4500 4499/4499/4499 4498/4498/4498
f 4501/4501/4501 4500/4500/4500 4498/4498/4498
f 4504/4504/4504 4503/4503/4503 4502/4502/4502
f 4505/4505/4505 4504/4504/4504 4502/4502/4502
f 4508/4508/4508 4507/4507/4507 4506/4506/4506
f 4509/4509/4509 4508/4508/4508 4506/4506/4506
f 4512/4512/4512 4511/4511/4511 4510/4510/4510
f 4513/4513/4513 4512/4512/4512 4510/4510/4510
f 4516/4516/4516 4515/4515/4515 4514/4514/4514
f 4517/4517/4517 4516/4516/4516 4514/4514/4514
f 4520/4520/4520 4519/4519/4519 4518/4518/4518
f 4521/4521/4521 4520/4520/4520 4518/4518/4518
f 4524/4524/4524 4523/4523/4523 4522/4522/4522
f 4525/4525/4525 4524/4524/4524 4522/4522/4522
f 4528/4528/4528 4527/4527/4527 4526/4526/4526
f 4529/4529/4529 4528/4528/4528 4526/4526/4526
f 4532/4532/4532 4531/4531/4531 4530/4530/4530
f 4533/4533/4533 4532/4532/4532 4530/4530/4530
f 4536/4536/4536 4535/4535/4535 4534/4534/4534
f 4537/4537/4537 4536/4536/4536 4534/4534/4534
f 4540/4540/4540 4539/4539/4539 4538/4538/4538
f 4541/4541/4541 4540/4540/4540 4538/4538/4538
f 4544/4544/4544 4543/4543/4543 4542/4542/4542
f 4545/4545/4545 4544/4544/4544 4542/4542/4542
f 4548/4548/4548 4547/4547/4547 4546/4546/4546
f 4549/4549/4549 4548/4548/4548 4546/4546/4546
f 4552/4552/4552 4551/4551/4551 4550/4550/4550
f 4553/4553/4553 4552/4552/4552 4550/4550/4550
f 4556/4556/4556 4555/4555/4555 4554/4554/4554
f 4557/4557/4557 4556/4556/4556 4554/4554/4554
f 4560/4560/4560 4559/4559/4559 4558/4558/4558
f 4561/4561/4561 4560/4560/4560 4558/4558/4558
f 4564/4564/4564 4563/4563/4563 4562/4562/4562
f 4565/4565/4565 4564/4564/4564 4562/4562/4562
f 4568/4568/4568 4567/4567/4567 4566/4566/4566
f 4569/4569/4569 4568/4568/4568 4566/4566/4566
f 4572/4572/4572 4571/4571/4571 4570/4570/4570
f 4573/4573/4573 4572/4572/4572 4570/4570/4570
f 4576/4576/4576 4575/4575/4575 4574/4574/4574
f 4577/4577/4577 4576/4576/4576 4574/4574/4574
f 4580/4580/4580 4579/4579/4579 4578/4578/4578
f 4581/4581/4581 4580/4580/4580 4578/4578/4578
f 4584/4584/4584 4583/4583/4583 4582/4582/4582
f 4585/4585/4585 4584/4584/4584 4582/4582/4582
f 4588/4588/4588 4587/4587/4587 4586/4586/4586
f 4589/4589/4589 4588/4588/4588 4586/4586/4586
f 4592/4592/4592 4591/4591/4591 4590/4590/4590
f 4593/4593/4593 4592/4592/4592 4590/4590/4590
f 4596/4596/4596 4595/4595/4595 4594/4594/4594
f 4597/4597/4597 4596/4596/4596 4594/4594/4594
f 4600/4600/4600 4599/4599/4599 4598/4598/4598
f 4601/4601/4601 4600/4600/4600 4598/4598/4598
f 4604/4604/4604 4603/4603/4603 4602/4602/4602
f 4605/4605/4605 4604/4604/4604 4602/4602/4602
f 4608/4608/4608 4607/4607/4607 4606/4606/4606
f 4609/4609/4609 4608/4608/4608 4606/4606/4606
f 4612/4612/4612 4611/4611/4611 4610/4610/4610
f 4613/4613/4613 4612/4612/4612 4610/4610/4610
f 4616/4616/4616 4615/4615/4615 4614/4614/4614
f 4617/4617/4617 4616/4616/4616 4614/4614/4614
f 4620/4620/4620 4619/4619/4619 4618/4618/4618
f 4621/4621/4621 4620/4620/4620 4618/4618/4618
f 4624/4624/4624 4623/4623/4623 4622/4622/4622
f 4625/4625/4625 4624/4624/4624 4622/4622/4622
f 4628/4628/4628 4627/4627/4627 4626/4626/4626
f 4629/4629/4629 4628/4628/4628 4626/4626/4626
f 4632/4632/4632 4631/4631/4631 4630/4630/4630
f 4633/4633/4633 4632/4632/4632 4630/4630/4630
f 4636/4636/4636 4635/4635/4635 4634/4634/4634
f 4637/4637/4637 4636/4636/4636 4634/4634/4634
f 4640/4640/4640 4639/4639/4639 4638/4638/4638
f 4641/4641/4641 4640/4640/4640 4638/4638/4638
f 4642/4642/4642 4640/4640/4640 4641/4641/4641
f 4643/4643/4643 4642/4642/4642 4641/4641/4641
f 4646/4646/4646 4645/4645/4645 4644/4644/4644
f 4645/4645/4645 4647/4647/4647 4644/4644/4644
f 4648/4648/4648 4644/4644/4644 4647/4647/4647
f 4649/4649/4649 4648/4648/4648 4647/4647/4647
f 4647/4647/4647 4650/4650/4650 4649/4649/4649
f 4653/4653/4653 4652/4652/4652 4651/4651/4651
f 4654/4654/4654 4653/4653/4653 4651/4651/4651
f 4657/4657/4657 4656/4656/4656 4655/4655/4655
f 4655/4655/4655 4658/4658/4658 4657/4657/4657
f 4658/4658/4658 4659/4659/4659 4657/4657/4657
f 4662/4662/4662 4661/4661/4661 4660/4660/4660
f 4663/4663/4663 4662/4662/4662 4660/4660/4660
f 4666/4666/4666 4665/4665/4665 4664/4664/4664
f 4667/4667/4667 4666/4666/4666 4664/4664/4664
f 4670/4670/4670 4669/4669/4669 4668/4668/4668
f 4671/4671/4671 4670/4670/4670 4668/4668/4668
f 4674/4674/4674 4673/4673/4673 4672/4672/4672
f 4673/4673/4673 4675/4675/4675 4672/4672/4672
f 4673/4673/4673 4676/4676/4676 4675/4675/4675
f 4676/4676/4676 4677/4677/4677 4675/4675/4675
f 4680/4680/4680 4679/4679/4679 4678/4678/4678
f 4681/4681/4681 4680/4680/4680 4678/4678/4678
f 4681/4681/4681 4678/4678/4678 4682/4682/4682
f 4681/4681/4681 4682/4682/4682 4683/4683/4683
f 4683/4683/4683 4684/4684/4684 4681/4681/4681
f 4687/4687/4687 4686/4686/4686 4685/4685/4685
f 4688/4688/4688 4687/4687/4687 4685/4685/4685
f 4691/4691/4691 4690/4690/4690 4689/4689/4689
f 4689/4689/4689 4692/4692/4692 4691/4691/4691
f 4689/4689/4689 4693/4693/4693 4692/4692/4692
f 4696/4696/4696 4695/4695/4695 4694/4694/4694
f 4697/4697/4697 4696/4696/4696 4694/4694/4694
f 4700/4700/4700 4699/4699/4699 4698/4698/4698
f 4701/4701/4701 4700/4700/4700 4698/4698/4698
f 4704/4704/4704 4703/4703/4703 4702/4702/4702
f 4705/4705/4705 4704/4704/4704 4702/4702/4702
f 4708/4708/4708 4707/4707/4707 4706/4706/4706
f 4709/4709/4709 4708/4708/4708 4706/4706/4706
f 4712/4712/4712 4711/4711/4711 4710/4710/4710
f 4713/4713/4713 4712/4712/4712 4710/4710/4710
f 4716/4716/4716 4715/4715/4715 4714/4714/4714
f 4717/4717/4717 4716/4716/4716 4714/4714/4714
f 4720/4720/4720 4719/4719/4719 4718/4718/4718
f 4719/4719/4719 4721/4721/4721 4718/4718/4718
f 4718/4718/4718 4721/4721/4721 4722/4722/4722
f 4723/4723/4723 4718/4718/4718 4722/4722/4722
f 4726/4726/4726 4725/4725/4725 4724/4724/4724
f 4724/4724/4724 4725/4725/4725 4727/4727/4727
f 4728/4728/4728 4724/4724/4724 4727/4727/4727
f 4731/4731/4731 4730/4730/4730 4729/4729/4729
f 4732/4732/4732 4731/4731/4731 4729/4729/4729
f 4735/4735/4735 4734/4734/4734 4733/4733/4733
f 4736/4736/4736 4735/4735/4735 4733/4733/4733
f 4739/4739/4739 4738/4738/4738 4737/4737/4737
f 4738/4738/4738 4740/4740/4740 4737/4737/4737
f 4737/4737/4737 4740/4740/4740 4741/4741/4741
f 4742/4742/4742 4737/4737/4737 4741/4741/4741
f 4745/4745/4745 4744/4744/4744 4743/4743/4743
f 4743/4743/4743 4744/4744/4744 4746/4746/4746
f 4747/4747/4747 4743/4743/4743 4746/4746/4746
f 4750/4750/4750 4749/4749/4749 4748/4748/4748
f 4751/4751/4751 4750/4750/4750 4748/4748/4748
f 4754/4754/4754 4753/4753/4753 4752/4752/4752
f 4755/4755/4755 4754/4754/4754 4752/4752/4752
f 4758/4758/4758 4757/4757/4757 4756/4756/4756
f 4759/4759/4759 4758/4758/4758 4756/4756/4756
f 4762/4762/4762 4761/4761/4761 4760/4760/4760
f 4763/4763/4763 4762/4762/4762 4760/4760/4760
f 4766/4766/4766 4765/4765/4765 4764/4764/4764
f 4767/4767/4767 4766/4766/4766 4764/4764/4764
f 4770/4770/4770 4769/4769/4769 4768/4768/4768
f 4771/4771/4771 4770/4770/4770 4768/4768/4768
f 4774/4774/4774 4773/4773/4773 4772/4772/4772
f 4775/4775/4775 4774/4774/4774 4772/4772/4772
f 4778/4778/4778 4777/4777/4777 4776/4776/4776
f 4777/4777/4777 4779/4779/4779 4776/4776/4776
f 4776/4776/4776 4779/4779/4779 4780/4780/4780
f 4779/4779/4779 4781/4781/4781 4780/4780/4780
f 4784/4784/4784 4783/4783/4783 4782/4782/4782
f 4783/4783/4783 4785/4785/4785 4782/4782/4782
f 4782/4782/4782 4785/4785/4785 4786/4786/4786
f 4785/4785/4785 4787/4787/4787 4786/4786/4786
f 4790/4790/4790 4789/4789/4789 4788/4788/4788
f 4791/4791/4791 4790/4790/4790 4788/4788/4788
f 4794/4794/4794 4793/4793/4793 4792/4792/4792
f 4795/4795/4795 4794/4794/4794 4792/4792/4792
f 4798/4798/4798 4797/4797/4797 4796/4796/4796
f 4797/4797/4797 4799/4799/4799 4796/4796/4796
f 4800/4800/4800 4796/4796/4796 4799/4799/4799
f 4800/4800/4800 4799/4799/4799 4801/4801/4801
f 4800/4800/4800 4802/4802/4802 4796/4796/4796
f 4803/4803/4803 4800/4800/4800 4801/4801/4801
f 4804/4804/4804 4802/4802/4802 4800/4800/4800
f 4803/4803/4803 4801/4801/4801 4805/4805/4805
f 4804/4804/4804 4806/4806/4806 4802/4802/4802
f 4807/4807/4807 4803/4803/4803 4805/4805/4805
f 4807/4807/4807 4806/4806/4806 4804/4804/4804
f 4807/4807/4807 4805/4805/4805 4808/4808/4808
f 4807/4807/4807 4808/4808/4808 4806/4806/4806
f 4811/4811/4811 4810/4810/4810 4809/4809/4809
f 4812/4812/4812 4811/4811/4811 4809/4809/4809
f 4815/4815/4815 4814/4814/4814 4813/4813/4813
f 4816/4816/4816 4815/4815/4815 4813/4813/4813
f 4819/4819/4819 4818/4818/4818 4817/4817/4817
f 4820/4820/4820 4819/4819/4819 4817/4817/4817
f 4823/4823/4823 4822/4822/4822 4821/4821/4821
f 4824/4824/4824 4823/4823/4823 4821/4821/4821
f 4827/4827/4827 4826/4826/4826 4825/4825/4825
f 4828/4828/4828 4827/4827/4827 4825/4825/4825
f 4831/4831/4831 4830/4830/4830 4829/4829/4829
f 4832/4832/4832 4831/4831/4831 4829/4829/4829
f 4835/4835/4835 4834/4834/4834 4833/4833/4833
f 4836/4836/4836 4835/4835/4835 4833/4833/4833
f 4839/4839/4839 4838/4838/4838 4837/4837/4837
f 4840/4840/4840 4839/4839/4839 4837/4837/4837
f 4843/4843/4843 4842/4842/4842 4841/4841/4841
f 4844/4844/4844 4843/4843/4843 4841/4841/4841
f 4844/4844/4844 4841/4841/4841 4845/4845/4845
f 4846/4846/4846 4844/4844/4844 4845/4845/4845
f 4846/4846/4846 4845/4845/4845 4847/4847/4847
f 4848/4848/4848 4846/4846/4846 4847/4847/4847
f 4848/4848/4848 4847/4847/4847 4849/4849/4849
f 4850/4850/4850 4848/4848/4848 4849/4849/4849
f 4853/4853/4853 4852/4852/4852 4851/4851/4851
f 4852/4852/4852 4854/4854/4854 4851/4851/4851
f 4852/4852/4852 4855/4855/4855 4854/4854/4854
f 4855/4855/4855 4856/4856/4856 4854/4854/4854
f 4855/4855/4855 4857/4857/4857 4856/4856/4856
f 4857/4857/4857 4858/4858/4858 4856/4856/4856
f 4857/4857/4857 4859/4859/4859 4858/4858/4858
f 4859/4859/4859 4860/4860/4860 4858/4858/4858
f 4863/4863/4863 4862/4862/4862 4861/4861/4861
f 4862/4862/4862 4864/4864/4864 4861/4861/4861
f 4862/4862/4862 4865/4865/4865 4864/4864/4864
f 4865/4865/4865 4866/4866/4866 4864/4864/4864
f 4865/4865/4865 4867/4867/4867 4866/4866/4866
f 4867/4867/4867 4868/4868/4868 4866/4866/4866
f 4871/4871/4871 4870/4870/4870 4869/4869/4869
f 4870/4870/4870 4872/4872/4872 4869/4869/4869
f 4870/4870/4870 4873/4873/4873 4872/4872/4872
f 4873/4873/4873 4874/4874/4874 4872/4872/4872
f 4873/4873/4873 4875/4875/4875 4874/4874/4874
f 4875/4875/4875 4876/4876/4876 4874/4874/4874
f 4879/4879/4879 4878/4878/4878 4877/4877/4877
f 4880/4880/4880 4879/4879/4879 4877/4877/4877
f 4883/4883/4883 4882/4882/4882 4881/4881/4881
f 4884/4884/4884 4883/4883/4883 4881/4881/4881
f 4887/4887/4887 4886/4886/4886 4885/4885/4885
f 4888/4888/4888 4887/4887/4887 4885/4885/4885
f 4891/4891/4891 4890/4890/4890 4889/4889/4889
f 4892/4892/4892 4891/4891/4891 4889/4889/4889
f 4895/4895/4895 4894/4894/4894 4893/4893/4893
f 4896/4896/4896 4895/4895/4895 4893/4893/4893
f 4899/4899/4899 4898/4898/4898 4897/4897/4897
f 4900/4900/4900 4899/4899/4899 4897/4897/4897
f 4903/4903/4903 4902/4902/4902 4901/4901/4901
f 4904/4904/4904 4903/4903/4903 4901/4901/4901
f 4907/4907/4907 4906/4906/4906 4905/4905/4905
f 4908/4908/4908 4907/4907/4907 4905/4905/4905
f 4911/4911/4911 4910/4910/4910 4909/4909/4909
f 4912/4912/4912 4911/4911/4911 4909/4909/4909
f 4915/4915/4915 4914/4914/4914 4913/4913/4913
f 4916/4916/4916 4915/4915/4915 4913/4913/4913
f 4919/4919/4919 4918/4918/4918 4917/4917/4917
f 4920/4920/4920 4919/4919/4919 4917/4917/4917
f 4923/4923/4923 4922/4922/4922 4921/4921/4921
f 4924/4924/4924 4923/4923/4923 4921/4921/4921
f 4927/4927/4927 4926/4926/4926 4925/4925/4925
f 4928/4928/4928 4927/4927/4927 4925/4925/4925
f 4931/4931/4931 4930/4930/4930 4929/4929/4929
f 4932/4932/4932 4931/4931/4931 4929/4929/4929
f 4935/4935/4935 4934/4934/4934 4933/4933/4933
f 4936/4936/4936 4935/4935/4935 4933/4933/4933
f 4939/4939/4939 4938/4938/4938 4937/4937/4937
f 4940/4940/4940 4939/4939/4939 4937/4937/4937
f 4943/4943/4943 4942/4942/4942 4941/4941/4941
f 4944/4944/4944 4943/4943/4943 4941/4941/4941
f 4947/4947/4947 4946/4946/4946 4945/4945/4945
f 4948/4948/4948 4947/4947/4947 4945/4945/4945
f 4951/4951/4951 4950/4950/4950 4949/4949/4949
f 4952/4952/4952 4951/4951/4951 4949/4949/4949
f 4955/4955/4955 4954/4954/4954 4953/4953/4953
f 4956/4956/4956 4955/4955/4955 4953/4953/4953
f 4959/4959/4959 4958/4958/4958 4957/4957/4957
f 4960/4960/4960 4959/4959/4959 4957/4957/4957
f 4963/4963/4963 4962/4962/4962 4961/4961/4961
f 4964/4964/4964 4963/4963/4963 4961/4961/4961
f 4967/4967/4967 4966/4966/4966 4965/4965/4965
f 4968/4968/4968 4967/4967/4967 4965/4965/4965
f 4971/4971/4971 4970/4970/4970 4969/4969/4969
f 4972/4972/4972 4971/4971/4971 4969/4969/4969
f 4975/4975/4975 4974/4974/4974 4973/4973/4973
f 4976/4976/4976 4975/4975/4975 4973/4973/4973
f 4979/4979/4979 4978/4978/4978 4977/4977/4977
f 4980/4980/4980 4979/4979/4979 4977/4977/4977
f 4983/4983/4983 4982/4982/4982 4981/4981/4981
f 4984/4984/4984 4983/4983/4983 4981/4981/4981
f 4987/4987/4987 4986/4986/4986 4985/4985/4985
f 4988/4988/4988 4987/4987/4987 4985/4985/4985
f 4989/4989/4989 4987/4987/4987 4988/4988/4988
f 4990/4990/4990 4989/4989/4989 4988/4988/4988
f 4993/4993/4993 4992/4992/4992 4991/4991/4991
f 4992/4992/4992 4994/4994/4994 4991/4991/4991
f 4995/4995/4995 4991/4991/4991 4994/4994/4994
f 4996/4996/4996 4995/4995/4995 4994/4994/4994
f 4994/4994/4994 4997/4997/4997 4996/4996/4996
f 5000/5000/5000 4999/4999/4999 4998/4998/4998
f 5001/5001/5001 5000/5000/5000 4998/4998/4998
f 5004/5004/5004 5003/5003/5003 5002/5002/5002
f 5002/5002/5002 5005/5005/5005 5004/5004/5004
f 5005/5005/5005 5006/5006/5006 5004/5004/5004
f 5009/5009/5009 5008/5008/5008 5007/5007/5007
f 5010/5010/5010 5009/5009/5009 5007/5007/5007
f 5013/5013/5013 5012/5012/5012 5011/5011/5011
f 5014/5014/5014 5013/5013/5013 5011/5011/5011
f 5017/5017/5017 5016/5016/5016 5015/5015/5015
f 5018/5018/5018 5017/5017/5017 5015/5015/5015
f 5021/5021/5021 5020/5020/5020 5019/5019/5019
f 5020/5020/5020 5022/5022/5022 5019/5019/5019
f 5019/5019/5019 5022/5022/5022 5023/5023/5023
f 5022/5022/5022 5024/5024/5024 5023/5023/5023
f 5027/5027/5027 5026/5026/5026 5025/5025/5025
f 5026/5026/5026 5028/5028/5028 5025/5025/5025
f 5025/5025/5025 5028/5028/5028 5029/5029/5029
f 5028/5028/5028 5030/5030/5030 5029/5029/5029
f 5033/5033/5033 5032/5032/5032 5031/5031/5031
f 5034/5034/5034 5033/5033/5033 5031/5031/5031
f 5037/5037/5037 5036/5036/5036 5035/5035/5035
f 5038/5038/5038 5037/5037/5037 5035/5035/5035
f 5041/5041/5041 5040/5040/5040 5039/5039/5039
f 5042/5042/5042 5041/5041/5041 5039/5039/5039
f 5045/5045/5045 5044/5044/5044 5043/5043/5043
f 5046/5046/5046 5045/5045/5045 5043/5043/5043
f 5049/5049/5049 5048/5048/5048 5047/5047/5047
f 5050/5050/5050 5049/5049/5049 5047/5047/5047
f 5053/5053/5053 5052/5052/5052 5051/5051/5051
f 5054/5054/5054 5053/5053/5053 5051/5051/5051
f 5057/5057/5057 5056/5056/5056 5055/5055/5055
f 5058/5058/5058 5057/5057/5057 5055/5055/5055
f 5061/5061/5061 5060/5060/5060 5059/5059/5059
f 5062/5062/5062 5061/5061/5061 5059/5059/5059
f 5065/5065/5065 5064/5064/5064 5063/5063/5063
f 5066/5066/5066 5065/5065/5065 5063/5063/5063
f 5066/5066/5066 5063/5063/5063 5067/5067/5067
f 5063/5063/5063 5068/5068/5068 5067/5067/5067
f 5071/5071/5071 5070/5070/5070 5069/5069/5069
f 5071/5071/5071 5069/5069/5069 5072/5072/5072
f 5069/5069/5069 5073/5073/5073 5072/5072/5072
f 5076/5076/5076 5075/5075/5075 5074/5074/5074
f 5077/5077/5077 5076/5076/5076 5074/5074/5074
f 5080/5080/5080 5079/5079/5079 5078/5078/5078
f 5081/5081/5081 5080/5080/5080 5078/5078/5078
f 5084/5084/5084 5083/5083/5083 5082/5082/5082
f 5085/5085/5085 5084/5084/5084 5082/5082/5082
f 5085/5085/5085 5082/5082/5082 5086/5086/5086
f 5082/5082/5082 5087/5087/5087 5086/5086/5086
f 5090/5090/5090 5089/5089/5089 5088/5088/5088
f 5090/5090/5090 5088/5088/5088 5091/5091/5091
f 5088/5088/5088 5092/5092/5092 5091/5091/5091
f 5095/5095/5095 5094/5094/5094 5093/5093/5093
f 5096/5096/5096 5095/5095/5095 5093/5093/5093
f 5099/5099/5099 5098/5098/5098 5097/5097/5097
f 5100/5100/5100 5099/5099/5099 5097/5097/5097
f 5103/5103/5103 5102/5102/5102 5101/5101/5101
f 5104/5104/5104 5103/5103/5103 5101/5101/5101
f 5107/5107/5107 5106/5106/5106 5105/5105/5105
f 5108/5108/5108 5107/5107/5107 5105/5105/5105
f 5111/5111/5111 5110/5110/5110 5109/5109/5109
f 5112/5112/5112 5111/5111/5111 5109/5109/5109
f 5115/5115/5115 5114/5114/5114 5113/5113/5113
f 5116/5116/5116 5115/5115/5115 5113/5113/5113
f 5119/5119/5119 5118/5118/5118 5117/5117/5117
f 5120/5120/5120 5119/5119/5119 5117/5117/5117
f 5123/5123/5123 5122/5122/5122 5121/5121/5121
f 5124/5124/5124 5123/5123/5123 5121/5121/5121
f 5124/5124/5124 5121/5121/5121 5125/5125/5125
f 5126/5126/5126 5124/5124/5124 5125/5125/5125
f 5129/5129/5129 5128/5128/5128 5127/5127/5127
f 5130/5130/5130 5129/5129/5129 5127/5127/5127
f 5130/5130/5130 5127/5127/5127 5131/5131/5131
f 5132/5132/5132 5130/5130/5130 5131/5131/5131
f 5135/5135/5135 5134/5134/5134 5133/5133/5133
f 5136/5136/5136 5135/5135/5135 5133/5133/5133
f 5139/5139/5139 5138/5138/5138 5137/5137/5137
f 5140/5140/5140 5139/5139/5139 5137/5137/5137
f 5143/5143/5143 5142/5142/5142 5141/5141/5141
f 5144/5144/5144 5143/5143/5143 5141/5141/5141
f 5141/5141/5141 5145/5145/5145 5144/5144/5144
f 5144/5144/5144 5145/5145/5145 5146/5146/5146
f 5147/5147/5147 5145/5145/5145 5141/5141/5141
f 5145/5145/5145 5148/5148/5148 5146/5146/5146
f 5147/5147/5147 5149/5149/5149 5145/5145/5145
f 5146/5146/5146 5148/5148/5148 5150/5150/5150
f 5151/5151/5151 5149/5149/5149 5147/5147/5147
f 5148/5148/5148 5152/5152/5152 5150/5150/5150
f 5151/5151/5151 5152/5152/5152 5149/5149/5149
f 5150/5150/5150 5152/5152/5152 5153/5153/5153
f 5153/5153/5153 5152/5152/5152 5151/5151/5151
f 5156/5156/5156 5155/5155/5155 5154/5154/5154
f 5157/5157/5157 5156/5156/5156 5154/5154/5154
f 5160/5160/5160 5159/5159/5159 5158/5158/5158
f 5161/5161/5161 5160/5160/5160 5158/5158/5158
f 5164/5164/5164 5163/5163/5163 5162/5162/5162
f 5165/5165/5165 5164/5164/5164 5162/5162/5162
f 5168/5168/5168 5167/5167/5167 5166/5166/5166
f 5169/5169/5169 5168/5168/5168 5166/5166/5166
f 5172/5172/5172 5171/5171/5171 5170/5170/5170
f 5173/5173/5173 5172/5172/5172 5170/5170/5170
f 5176/5176/5176 5175/5175/5175 5174/5174/5174
f 5177/5177/5177 5176/5176/5176 5174/5174/5174
f 5180/5180/5180 5179/5179/5179 5178/5178/5178
f 5181/5181/5181 5180/5180/5180 5178/5178/5178
f 5184/5184/5184 5183/5183/5183 5182/5182/5182
f 5185/5185/5185 5184/5184/5184 5182/5182/5182
f 5188/5188/5188 5187/5187/5187 5186/5186/5186
f 5187/5187/5187 5189/5189/5189 5186/5186/5186
f 5186/5186/5186 5189/5189/5189 5190/5190/5190
f 5189/5189/5189 5191/5191/5191 5190/5190/5190
f 5190/5190/5190 5191/5191/5191 5192/5192/5192
f 5191/5191/5191 5193/5193/5193 5192/5192/5192
f 5192/5192/5192 5193/5193/5193 5194/5194/5194
f 5193/5193/5193 5195/5195/5195 5194/5194/5194
f 5198/5198/5198 5197/5197/5197 5196/5196/5196
f 5199/5199/5199 5198/5198/5198 5196/5196/5196
f 5200/5200/5200 5198/5198/5198 5199/5199/5199
f 5201/5201/5201 5200/5200/5200 5199/5199/5199
f 5202/5202/5202 5200/5200/5200 5201/5201/5201
f 5203/5203/5203 5202/5202/5202 5201/5201/5201
f 5204/5204/5204 5202/5202/5202 5203/5203/5203
f 5205/5205/5205 5204/5204/5204 5203/5203/5203
f 5208/5208/5208 5207/5207/5207 5206/5206/5206
f 5209/5209/5209 5208/5208/5208 5206/5206/5206
f 5210/5210/5210 5208/5208/5208 5209/5209/5209
f 5211/5211/5211 5210/5210/5210 5209/5209/5209
f 5212/5212/5212 5210/5210/5210 5211/5211/5211
f 5213/5213/5213 5212/5212/5212 5211/5211/5211
f 5216/5216/5216 5215/5215/5215 5214/5214/5214
f 5217/5217/5217 5216/5216/5216 5214/5214/5214
f 5218/5218/5218 5216/5216/5216 5217/5217/5217
f 5219/5219/5219 5218/5218/5218 5217/5217/5217
f 5220/5220/5220 5218/5218/5218 5219/5219/5219
f 5221/5221/5221 5220/5220/5220 5219/5219/5219
f 5224/5224/5224 5223/5223/5223 5222/5222/5222
f 5225/5225/5225 5224/5224/5224 5222/5222/5222
f 5228/5228/5228 5227/5227/5227 5226/5226/5226
f 5229/5229/5229 5228/5228/5228 5226/5226/5226
f 5232/5232/5232 5231/5231/5231 5230/5230/5230
f 5233/5233/5233 5232/5232/5232 5230/5230/5230
f 5236/5236/5236 5235/5235/5235 5234/5234/5234
f 5237/5237/5237 5236/5236/5236 5234/5234/5234
f 5240/5240/5240 5239/5239/5239 5238/5238/5238
f 5241/5241/5241 5240/5240/5240 5238/5238/5238
f 5244/5244/5244 5243/5243/5243 5242/5242/5242
f 5245/5245/5245 5244/5244/5244 5242/5242/5242
f 5248/5248/5248 5247/5247/5247 5246/5246/5246
f 5249/5249/5249 5248/5248/5248 5246/5246/5246
f 5252/5252/5252 5251/5251/5251 5250/5250/5250
f 5253/5253/5253 5252/5252/5252 5250/5250/5250
f 5256/5256/5256 5255/5255/5255 5254/5254/5254
f 5257/5257/5257 5256/5256/5256 5254/5254/5254
f 5260/5260/5260 5259/5259/5259 5258/5258/5258
f 5261/5261/5261 5260/5260/5260 5258/5258/5258
f 5264/5264/5264 5263/5263/5263 5262/5262/5262
f 5265/5265/5265 5264/5264/5264 5262/5262/5262
f 5268/5268/5268 5267/5267/5267 5266/5266/5266
f 5269/5269/5269 5268/5268/5268 5266/5266/5266
f 5272/5272/5272 5271/5271/5271 5270/5270/5270
f 5273/5273/5273 5272/5272/5272 5270/5270/5270
f 5276/5276/5276 5275/5275/5275 5274/5274/5274
f 5277/5277/5277 5276/5276/5276 5274/5274/5274
f 5280/5280/5280 5279/5279/5279 5278/5278/5278
f 5281/5281/5281 5280/5280/5280 5278/5278/5278
f 5284/5284/5284 5283/5283/5283 5282/5282/5282
f 5285/5285/5285 5284/5284/5284 5282/5282/5282
f 5288/5288/5288 5287/5287/5287 5286/5286/5286
f 5289/5289/5289 5288/5288/5288 5286/5286/5286
f 5292/5292/5292 5291/5291/5291 5290/5290/5290
f 5293/5293/5293 5292/5292/5292 5290/5290/5290
f 5296/5296/5296 5295/5295/5295 5294/5294/5294
f 5297/5297/5297 5296/5296/5296 5294/5294/5294
f 5300/5300/5300 5299/5299/5299 5298/5298/5298
f 5301/5301/5301 5300/5300/5300 5298/5298/5298
f 5304/5304/5304 5303/5303/5303 5302/5302/5302
f 5305/5305/5305 5304/5304/5304 5302/5302/5302
f 5308/5308/5308 5307/5307/5307 5306/5306/5306
f 5309/5309/5309 5308/5308/5308 5306/5306/5306
f 5312/5312/5312 5311/5311/5311 5310/5310/5310
f 5313/5313/5313 5312/5312/5312 5310/5310/5310
f 5316/5316/5316 5315/5315/5315 5314/5314/5314
f 5317/5317/5317 5316/5316/5316 5314/5314/5314
f 5320/5320/5320 5319/5319/5319 5318/5318/5318
f 5321/5321/5321 5320/5320/5320 5318/5318/5318
f 5324/5324/5324 5323/5323/5323 5322/5322/5322
f 5325/5325/5325 5324/5324/5324 5322/5322/5322
f 5328/5328/5328 5327/5327/5327 5326/5326/5326
f 5329/5329/5329 5328/5328/5328 5326/5326/5326
f 5332/5332/5332 5331/5331/5331 5330/5330/5330
f 5331/5331/5331 5333/5333/5333 5330/5330/5330
f 5331/5331/5331 5334/5334/5334 5333/5333/5333
f 5334/5334/5334 5335/5335/5335 5333/5333/5333
f 5338/5338/5338 5337/5337/5337 5336/5336/5336
f 5339/5339/5339 5338/5338/5338 5336/5336/5336
f 5339/5339/5339 5336/5336/5336 5340/5340/5340
f 5339/5339/5339 5340/5340/5340 5341/5341/5341
f 5341/5341/5341 5342/5342/5342 5339/5339/5339
f 5345/5345/5345 5344/5344/5344 5343/5343/5343
f 5346/5346/5346 5345/5345/5345 5343/5343/5343
f 5349/5349/5349 5348/5348/5348 5347/5347/5347
f 5347/5347/5347 5350/5350/5350 5349/5349/5349
f 5347/5347/5347 5351/5351/5351 5350/5350/5350
f 5354/5354/5354 5353/5353/5353 5352/5352/5352
f 5355/5355/5355 5354/5354/5354 5352/5352/5352
f 5358/5358/5358 5357/5357/5357 5356/5356/5356
f 5359/5359/5359 5358/5358/5358 5356/5356/5356
f 5362/5362/5362 5361/5361/5361 5360/5360/5360
f 5363/5363/5363 5362/5362/5362 5360/5360/5360
f 5366/5366/5366 5365/5365/5365 5364/5364/5364
f 5367/5367/5367 5366/5366/5366 5364/5364/5364
f 5367/5367/5367 5364/5364/5364 5368/5368/5368
f 5369/5369/5369 5367/5367/5367 5368/5368/5368
f 5372/5372/5372 5371/5371/5371 5370/5370/5370
f 5373/5373/5373 5372/5372/5372 5370/5370/5370
f 5373/5373/5373 5370/5370/5370 5374/5374/5374
f 5375/5375/5375 5373/5373/5373 5374/5374/5374
f 5378/5378/5378 5377/5377/5377 5376/5376/5376
f 5379/5379/5379 5378/5378/5378 5376/5376/5376
f 5382/5382/5382 5381/5381/5381 5380/5380/5380
f 5383/5383/5383 5382/5382/5382 5380/5380/5380
f 5386/5386/5386 5385/5385/5385 5384/5384/5384
f 5387/5387/5387 5386/5386/5386 5384/5384/5384
f 5390/5390/5390 5389/5389/5389 5388/5388/5388
f 5391/5391/5391 5390/5390/5390 5388/5388/5388
f 5394/5394/5394 5393/5393/5393 5392/5392/5392
f 5395/5395/5395 5394/5394/5394 5392/5392/5392
f 5398/5398/5398 5397/5397/5397 5396/5396/5396
f 5399/5399/5399 5398/5398/5398 5396/5396/5396
f 5402/5402/5402 5401/5401/5401 5400/5400/5400
f 5403/5403/5403 5402/5402/5402 5400/5400/5400
f 5406/5406/5406 5405/5405/5405 5404/5404/5404
f 5407/5407/5407 5406/5406/5406 5404/5404/5404
f 5410/5410/5410 5409/5409/5409 5408/5408/5408
f 5411/5411/5411 5410/5410/5410 5408/5408/5408
f 5411/5411/5411 5408/5408/5408 5412/5412/5412
f 5408/5408/5408 5413/5413/5413 5412/5412/5412
f 5416/5416/5416 5415/5415/5415 5414/5414/5414
f 5416/5416/5416 5414/5414/5414 5417/5417/5417
f 5414/5414/5414 5418/5418/5418 5417/5417/5417
f 5421/5421/5421 5420/5420/5420 5419/5419/5419
f 5422/5422/5422 5421/5421/5421 5419/5419/5419
f 5425/5425/5425 5424/5424/5424 5423/5423/5423
f 5426/5426/5426 5425/5425/5425 5423/5423/5423
f 5429/5429/5429 5428/5428/5428 5427/5427/5427
f 5430/5430/5430 5429/5429/5429 5427/5427/5427
f 5430/5430/5430 5427/5427/5427 5431/5431/5431
f 5427/5427/5427 5432/5432/5432 5431/5431/5431
f 5435/5435/5435 5434/5434/5434 5433/5433/5433
f 5435/5435/5435 5433/5433/5433 5436/5436/5436
f 5433/5433/5433 5437/5437/5437 5436/5436/5436
f 5440/5440/5440 5439/5439/5439 5438/5438/5438
f 5441/5441/5441 5440/5440/5440 5438/5438/5438
f 5444/5444/5444 5443/5443/5443 5442/5442/5442
f 5445/5445/5445 5444/5444/5444 5442/5442/5442
f 5448/5448/5448 5447/5447/5447 5446/5446/5446
f 5449/5449/5449 5448/5448/5448 5446/5446/5446
f 5452/5452/5452 5451/5451/5451 5450/5450/5450
f 5453/5453/5453 5452/5452/5452 5450/5450/5450
f 5456/5456/5456 5455/5455/5455 5454/5454/5454
f 5457/5457/5457 5456/5456/5456 5454/5454/5454
f 5460/5460/5460 5459/5459/5459 5458/5458/5458
f 5461/5461/5461 5460/5460/5460 5458/5458/5458
f 5464/5464/5464 5463/5463/5463 5462/5462/5462
f 5465/5465/5465 5464/5464/5464 5462/5462/5462
f 5468/5468/5468 5467/5467/5467 5466/5466/5466
f 5469/5469/5469 5468/5468/5468 5466/5466/5466
f 5469/5469/5469 5466/5466/5466 5470/5470/5470
f 5471/5471/5471 5469/5469/5469 5470/5470/5470
f 5474/5474/5474 5473/5473/5473 5472/5472/5472
f 5475/5475/5475 5474/5474/5474 5472/5472/5472
f 5475/5475/5475 5472/5472/5472 5476/5476/5476
f 5477/5477/5477 5475/5475/5475 5476/5476/5476
f 5480/5480/5480 5479/5479/5479 5478/5478/5478
f 5481/5481/5481 5480/5480/5480 5478/5478/5478
f 5484/5484/5484 5483/5483/5483 5482/5482/5482
f 5485/5485/5485 5484/5484/5484 5482/5482/5482
f 5488/5488/5488 5487/5487/5487 5486/5486/5486
f 5489/5489/5489 5488/5488/5488 5486/5486/5486
f 5486/5486/5486 5490/5490/5490 5489/5489/5489
f 5489/5489/5489 5490/5490/5490 5491/5491/5491
f 5492/5492/5492 5490/5490/5490 5486/5486/5486
f 5490/5490/5490 5493/5493/5493 5491/5491/5491
f 5492/5492/5492 5494/5494/5494 5490/5490/5490
f 5491/5491/5491 5493/5493/5493 5495/5495/5495
f 5496/5496/5496 5494/5494/5494 5492/5492/5492
f 5493/5493/5493 5497/5497/5497 5495/5495/5495
f 5496/5496/5496 5497/5497/5497 5494/5494/5494
f 5495/5495/5495 5497/5497/5497 5498/5498/5498
f 5498/5498/5498 5497/5497/5497 5496/5496/5496
f 5501/5501/5501 5500/5500/5500 5499/5499/5499
f 5502/5502/5502 5501/5501/5501 5499/5499/5499
f 5505/5505/5505 5504/5504/5504 5503/5503/5503
f 5506/5506/5506 5505/5505/5505 5503/5503/5503
f 5509/5509/5509 5508/5508/5508 5507/5507/5507
f 5510/5510/5510 5509/5509/5509 5507/5507/5507
f 5513/5513/5513 5512/5512/5512 5511/5511/5511
f 5514/5514/5514 5513/5513/5513 5511/5511/5511
f 5517/5517/5517 5516/5516/5516 5515/5515/5515
f 5518/5518/5518 5517/5517/5517 5515/5515/5515
f 5521/5521/5521 5520/5520/5520 5519/5519/5519
f 5522/5522/5522 5521/5521/5521 5519/5519/5519
f 5525/5525/5525 5524/5524/5524 5523/5523/5523
f 5526/5526/5526 5525/5525/5525 5523/5523/5523
f 5529/5529/5529 5528/5528/5528 5527/5527/5527
f 5530/5530/5530 5529/5529/5529 5527/5527/5527
f 5533/5533/5533 5532/5532/5532 5531/5531/5531
f 5532/5532/5532 5534/5534/5534 5531/5531/5531
f 5531/5531/5531 5534/5534/5534 5535/5535/5535
f 5534/5534/5534 5536/5536/5536 5535/5535/5535
f 5535/5535/5535 5536/5536/5536 5537/5537/5537
f 5536/5536/5536 5538/5538/5538 5537/5537/5537
f 5537/5537/5537 5538/5538/5538 5539/5539/5539
f 5538/5538/5538 5540/5540/5540 5539/5539/5539
f 5543/5543/5543 5542/5542/5542 5541/5541/5541
f 5544/5544/5544 5543/5543/5543 5541/5541/5541
f 5545/5545/5545 5543/5543/5543 5544/5544/5544
f 5546/5546/5546 5545/5545/5545 5544/5544/5544
f 5547/5547/5547 5545/5545/5545 5546/5546/5546
f 5548/5548/5548 5547/5547/5547 5546/5546/5546
f 5549/5549/5549 5547/5547/5547 5548/5548/5548
f 5550/5550/5550 5549/5549/5549 5548/5548/5548
f 5553/5553/5553 5552/5552/5552 5551/5551/5551
f 5554/5554/5554 5553/5553/5553 5551/5551/5551
f 5555/5555/5555 5553/5553/5553 5554/5554/5554
f 5556/5556/5556 5555/5555/5555 5554/5554/5554
f 5557/5557/5557 5555/5555/5555 5556/5556/5556
f 5558/5558/5558 5557/5557/5557 5556/5556/5556
f 5561/5561/5561 5560/5560/5560 5559/5559/5559
f 5562/5562/5562 5561/5561/5561 5559/5559/5559
f 5563/5563/5563 5561/5561/5561 5562/5562/5562
f 5564/5564/5564 5563/5563/5563 5562/5562/5562
f 5565/5565/5565 5563/5563/5563 5564/5564/5564
f 5566/5566/5566 5565/5565/5565 5564/5564/5564
f 5569/5569/5569 5568/5568/5568 5567/5567/5567
f 5570/5570/5570 5569/5569/5569 5567/5567/5567
f 5573/5573/5573 5572/5572/5572 5571/5571/5571
f 5574/5574/5574 5573/5573/5573 5571/5571/5571
f 5577/5577/5577 5576/5576/5576 5575/5575/5575
f 5578/5578/5578 5577/5577/5577 5575/5575/5575
f 5581/5581/5581 5580/5580/5580 5579/5579/5579
f 5582/5582/5582 5581/5581/5581 5579/5579/5579
f 5585/5585/5585 5584/5584/5584 5583/5583/5583
f 5586/5586/5586 5585/5585/5585 5583/5583/5583
f 5589/5589/5589 5588/5588/5588 5587/5587/5587
f 5590/5590/5590 5589/5589/5589 5587/5587/5587
f 5593/5593/5593 5592/5592/5592 5591/5591/5591
f 5594/5594/5594 5593/5593/5593 5591/5591/5591
f 5597/5597/5597 5596/5596/5596 5595/5595/5595
f 5598/5598/5598 5597/5597/5597 5595/5595/5595
f 5601/5601/5601 5600/5600/5600 5599/5599/5599
f 5602/5602/5602 5601/5601/5601 5599/5599/5599
f 5605/5605/5605 5604/5604/5604 5603/5603/5603
f 5606/5606/5606 5605/5605/5605 5603/5603/5603
f 5609/5609/5609 5608/5608/5608 5607/5607/5607
f 5610/5610/5610 5609/5609/5609 5607/5607/5607
f 5613/5613/5613 5612/5612/5612 5611/5611/5611
f 5614/5614/5614 5613/5613/5613 5611/5611/5611
f 5617/5617/5617 5616/5616/5616 5615/5615/5615
f 5618/5618/5618 5617/5617/5617 5615/5615/5615
f 5621/5621/5621 5620/5620/5620 5619/5619/5619
f 5622/5622/5622 5621/5621/5621 5619/5619/5619
f 5625/5625/5625 5624/5624/5624 5623/5623/5623
f 5626/5626/5626 5625/5625/5625 5623/5623/5623
f 5629/5629/5629 5628/5628/5628 5627/5627/5627
f 5630/5630/5630 5629/5629/5629 5627/5627/5627
f 5633/5633/5633 5632/5632/5632 5631/5631/5631
f 5634/5634/5634 5633/5633/5633 5631/5631/5631
f 5637/5637/5637 5636/5636/5636 5635/5635/5635
f 5638/5638/5638 5637/5637/5637 5635/5635/5635
f 5641/5641/5641 5640/5640/5640 5639/5639/5639
f 5642/5642/5642 5641/5641/5641 5639/5639/5639
f 5645/5645/5645 5644/5644/5644 5643/5643/5643
f 5646/5646/5646 5645/5645/5645 5643/5643/5643
f 5649/5649/5649 5648/5648/5648 5647/5647/5647
f 5650/5650/5650 5649/5649/5649 5647/5647/5647
f 5653/5653/5653 5652/5652/5652 5651/5651/5651
f 5654/5654/5654 5653/5653/5653 5651/5651/5651
f 5657/5657/5657 5656/5656/5656 5655/5655/5655
f 5658/5658/5658 5657/5657/5657 5655/5655/5655
f 5661/5661/5661 5660/5660/5660 5659/5659/5659
f 5662/5662/5662 5661/5661/5661 5659/5659/5659
f 5665/5665/5665 5664/5664/5664 5663/5663/5663
f 5666/5666/5666 5665/5665/5665 5663/5663/5663
f 5669/5669/5669 5668/5668/5668 5667/5667/5667
f 5670/5670/5670 5669/5669/5669 5667/5667/5667
f 5673/5673/5673 5672/5672/5672 5671/5671/5671
f 5674/5674/5674 5673/5673/5673 5671/5671/5671
f 5677/5677/5677 5676/5676/5676 5675/5675/5675
f 5676/5676/5676 5678/5678/5678 5675/5675/5675
f 5676/5676/5676 5679/5679/5679 5678/5678/5678
f 5679/5679/5679 5680/5680/5680 5678/5678/5678
f 5683/5683/5683 5682/5682/5682 5681/5681/5681
f 5684/5684/5684 5683/5683/5683 5681/5681/5681
f 5684/5684/5684 5681/5681/5681 5685/5685/5685
f 5684/5684/5684 5685/5685/5685 5686/5686/5686
f 5686/5686/5686 5687/5687/5687 5684/5684/5684
f 5690/5690/5690 5689/5689/5689 5688/5688/5688
f 5691/5691/5691 5690/5690/5690 5688/5688/5688
f 5694/5694/5694 5693/5693/5693 5692/5692/5692
f 5692/5692/5692 5695/5695/5695 5694/5694/5694
f 5692/5692/5692 5696/5696/5696 5695/5695/5695
f 5699/5699/5699 5698/5698/5698 5697/5697/5697
f 5700/5700/5700 5699/5699/5699 5697/5697/5697
f 5703/5703/5703 5702/5702/5702 5701/5701/5701
f 5704/5704/5704 5703/5703/5703 5701/5701/5701
f 5707/5707/5707 5706/5706/5706 5705/5705/5705
f 5708/5708/5708 5707/5707/5707 5705/5705/5705
f 5711/5711/5711 5710/5710/5710 5709/5709/5709
f 5712/5712/5712 5711/5711/5711 5709/5709/5709
f 5712/5712/5712 5709/5709/5709 5713/5713/5713
f 5714/5714/5714 5712/5712/5712 5713/5713/5713
f 5717/5717/5717 5716/5716/5716 5715/5715/5715
f 5718/5718/5718 5717/5717/5717 5715/5715/5715
f 5718/5718/5718 5715/5715/5715 5719/5719/5719
f 5720/5720/5720 5718/5718/5718 5719/5719/5719
f 5723/5723/5723 5722/5722/5722 5721/5721/5721
f 5724/5724/5724 5723/5723/5723 5721/5721/5721
f 5727/5727/5727 5726/5726/5726 5725/5725/5725
f 5728/5728/5728 5727/5727/5727 5725/5725/5725
f 5731/5731/5731 5730/5730/5730 5729/5729/5729
f 5732/5732/5732 5729/5729/5729 5730/5730/5730
f 5733/5733/5733 5731/5731/5731 5729/5729/5729
f 5732/5732/5732 5734/5734/5734 5729/5729/5729
f 5733/5733/5733 5729/5729/5729 5735/5735/5735
f 5736/5736/5736 5733/5733/5733 5735/5735/5735
f 5734/5734/5734 5732/5732/5732 5737/5737/5737
f 5733/5733/5733 5736/5736/5736 5738/5738/5738
f 5736/5736/5736 5739/5739/5739 5738/5738/5738
f 5739/5739/5739 5740/5740/5740 5738/5738/5738
f 5737/5737/5737 5732/5732/5732 5741/5741/5741
f 5741/5741/5741 5742/5742/5742 5737/5737/5737
f 5738/5738/5738 5740/5740/5740 5743/5743/5743
f 5740/5740/5740 5744/5744/5744 5743/5743/5743
f 5742/5742/5742 5745/5745/5745 5737/5737/5737
f 5737/5737/5737 5745/5745/5745 5746/5746/5746
f 5745/5745/5745 5747/5747/5747 5746/5746/5746
f 5743/5743/5743 5744/5744/5744 5748/5748/5748
f 5749/5749/5749 5743/5743/5743 5748/5748/5748
f 5747/5747/5747 5745/5745/5745 5750/5750/5750
f 5751/5751/5751 5747/5747/5747 5750/5750/5750
f 5752/5752/5752 5751/5751/5751 5750/5750/5750
f 5749/5749/5749 5748/5748/5748 5753/5753/5753
f 5748/5748/5748 5754/5754/5754 5753/5753/5753
f 5752/5752/5752 5750/5750/5750 5755/5755/5755
f 5756/5756/5756 5752/5752/5752 5755/5755/5755
f 5754/5754/5754 5757/5757/5757 5753/5753/5753
f 5756/5756/5756 5755/5755/5755 5757/5757/5757
f 5757/5757/5757 5758/5758/5758 5753/5753/5753
f 5755/5755/5755 5758/5758/5758 5757/5757/5757
f 5761/5761/5761 5760/5760/5760 5759/5759/5759
f 5762/5762/5762 5759/5759/5759 5760/5760/5760
f 5763/5763/5763 5761/5761/5761 5759/5759/5759
f 5762/5762/5762 5764/5764/5764 5759/5759/5759
f 5763/5763/5763 5759/5759/5759 5765/5765/5765
f 5766/5766/5766 5763/5763/5763 5765/5765/5765
f 5764/5764/5764 5762/5762/5762 5767/5767/5767
f 5763/5763/5763 5766/5766/5766 5768/5768/5768
f 5766/5766/5766 5769/5769/5769 5768/5768/5768
f 5769/5769/5769 5770/5770/5770 5768/5768/5768
f 5767/5767/5767 5762/5762/5762 5771/5771/5771
f 5771/5771/5771 5772/5772/5772 5767/5767/5767
f 5768/5768/5768 5770/5770/5770 5773/5773/5773
f 5770/5770/5770 5774/5774/5774 5773/5773/5773
f 5772/5772/5772 5775/5775/5775 5767/5767/5767
f 5767/5767/5767 5775/5775/5775 5776/5776/5776
f 5775/5775/5775 5777/5777/5777 5776/5776/5776
f 5773/5773/5773 5774/5774/5774 5778/5778/5778
f 5779/5779/5779 5773/5773/5773 5778/5778/5778
f 5777/5777/5777 5775/5775/5775 5780/5780/5780
f 5781/5781/5781 5777/5777/5777 5780/5780/5780
f 5782/5782/5782 5781/5781/5781 5780/5780/5780
f 5779/5779/5779 5778/5778/5778 5783/5783/5783
f 5778/5778/5778 5784/5784/5784 5783/5783/5783
f 5782/5782/5782 5780/5780/5780 5785/5785/5785
f 5786/5786/5786 5782/5782/5782 5785/5785/5785
f 5784/5784/5784 5787/5787/5787 5783/5783/5783
f 5786/5786/5786 5785/5785/5785 5787/5787/5787
f 5787/5787/5787 5788/5788/5788 5783/5783/5783
f 5785/5785/5785 5788/5788/5788 5787/5787/5787
f 5791/5791/5791 5790/5790/5790 5789/5789/5789
f 5789/5789/5789 5792/5792/5792 5791/5791/5791
f 5790/5790/5790 5793/5793/5793 5789/5789/5789
f 5794/5794/5794 5792/5792/5792 5789/5789/5789
f 5789/5789/5789 5793/5793/5793 5795/5795/5795
f 5793/5793/5793 5796/5796/5796 5795/5795/5795
f 5792/5792/5792 5794/5794/5794 5797/5797/5797
f 5796/5796/5796 5793/5793/5793 5798/5798/5798
f 5799/5799/5799 5796/5796/5796 5798/5798/5798
f 5800/5800/5800 5799/5799/5799 5798/5798/5798
f 5792/5792/5792 5797/5797/5797 5801/5801/5801
f 5802/5802/5802 5801/5801/5801 5797/5797/5797
f 5800/5800/5800 5798/5798/5798 5803/5803/5803
f 5804/5804/5804 5800/5800/5800 5803/5803/5803
f 5805/5805/5805 5802/5802/5802 5797/5797/5797
f 5805/5805/5805 5797/5797/5797 5806/5806/5806
f 5807/5807/5807 5805/5805/5805 5806/5806/5806
f 5804/5804/5804 5803/5803/5803 5808/5808/5808
f 5803/5803/5803 5809/5809/5809 5808/5808/5808
f 5805/5805/5805 5807/5807/5807 5810/5810/5810
f 5807/5807/5807 5811/5811/5811 5810/5810/5810
f 5811/5811/5811 5812/5812/5812 5810/5810/5810
f 5808/5808/5808 5809/5809/5809 5813/5813/5813
f 5814/5814/5814 5808/5808/5808 5813/5813/5813
f 5810/5810/5810 5812/5812/5812 5815/5815/5815
f 5812/5812/5812 5816/5816/5816 5815/5815/5815
f 5817/5817/5817 5814/5814/5814 5813/5813/5813
f 5815/5815/5815 5816/5816/5816 5817/5817/5817
f 5818/5818/5818 5817/5817/5817 5813/5813/5813
f 5818/5818/5818 5815/5815/5815 5817/5817/5817
f 5821/5821/5821 5820/5820/5820 5819/5819/5819
f 5819/5819/5819 5822/5822/5822 5821/5821/5821
f 5820/5820/5820 5823/5823/5823 5819/5819/5819
f 5824/5824/5824 5822/5822/5822 5819/5819/5819
f 5819/5819/5819 5823/5823/5823 5825/5825/5825
f 5823/5823/5823 5826/5826/5826 5825/5825/5825
f 5822/5822/5822 5824/5824/5824 5827/5827/5827
f 5826/5826/5826 5823/5823/5823 5828/5828/5828
f 5829/5829/5829 5826/5826/5826 5828/5828/5828
f 5830/5830/5830 5829/5829/5829 5828/5828/5828
f 5822/5822/5822 5827/5827/5827 5831/5831/5831
f 5832/5832/5832 5831/5831/5831 5827/5827/5827
f 5830/5830/5830 5828/5828/5828 5833/5833/5833
f 5834/5834/5834 5830/5830/5830 5833/5833/5833
f 5835/5835/5835 5832/5832/5832 5827/5827/5827
f 5835/5835/5835 5827/5827/5827 5836/5836/5836
f 5837/5837/5837 5835/5835/5835 5836/5836/5836
f 5834/5834/5834 5833/5833/5833 5838/5838/5838
f 5833/5833/5833 5839/5839/5839 5838/5838/5838
f 5835/5835/5835 5837/5837/5837 5840/5840/5840
f 5837/5837/5837 5841/5841/5841 5840/5840/5840
f 5841/5841/5841 5842/5842/5842 5840/5840/5840
f 5838/5838/5838 5839/5839/5839 5843/5843/5843
f 5844/5844/5844 5838/5838/5838 5843/5843/5843
f 5840/5840/5840 5842/5842/5842 5845/5845/5845
f 5842/5842/5842 5846/5846/5846 5845/5845/5845
f 5847/5847/5847 5844/5844/5844 5843/5843/5843
f 5845/5845/5845 5846/5846/5846 5847/5847/5847
f 5848/5848/5848 5847/5847/5847 5843/5843/5843
f 5848/5848/5848 5845/5845/5845 5847/5847/5847
f 5851/5851/5851 5850/5850/5850 5849/5849/5849
f 5852/5852/5852 5851/5851/5851 5849/5849/5849
f 5851/5851/5851 5853/5853/5853 5850/5850/5850
f 5852/5852/5852 5849/5849/5849 5854/5854/5854
f 5853/5853/5853 5855/5855/5855 5850/5850/5850
f 5856/5856/5856 5852/5852/5852 5854/5854/5854
f 5853/5853/5853 5857/5857/5857 5855/5855/5855
f 5856/5856/5856 5854/5854/5854 5858/5858/5858
f 5857/5857/5857 5859/5859/5859 5855/5855/5855
f 5860/5860/5860 5856/5856/5856 5858/5858/5858
f 5857/5857/5857 5861/5861/5861 5859/5859/5859
f 5860/5860/5860 5858/5858/5858 5862/5862/5862
f 5861/5861/5861 5862/5862/5862 5859/5859/5859
f 5861/5861/5861 5860/5860/5860 5862/5862/5862
f 5865/5865/5865 5864/5864/5864 5863/5863/5863
f 5866/5866/5866 5865/5865/5865 5863/5863/5863
f 5865/5865/5865 5867/5867/5867 5864/5864/5864
f 5866/5866/5866 5863/5863/5863 5868/5868/5868
f 5867/5867/5867 5869/5869/5869 5864/5864/5864
f 5870/5870/5870 5866/5866/5866 5868/5868/5868
f 5867/5867/5867 5871/5871/5871 5869/5869/5869
f 5870/5870/5870 5868/5868/5868 5872/5872/5872
f 5871/5871/5871 5873/5873/5873 5869/5869/5869
f 5874/5874/5874 5870/5870/5870 5872/5872/5872
f 5871/5871/5871 5875/5875/5875 5873/5873/5873
f 5874/5874/5874 5872/5872/5872 5876/5876/5876
f 5875/5875/5875 5876/5876/5876 5873/5873/5873
f 5875/5875/5875 5874/5874/5874 5876/5876/5876
f 5879/5879/5879 5878/5878/5878 5877/5877/5877
f 5878/5878/5878 5880/5880/5880 5877/5877/5877
f 5881/5881/5881 5878/5878/5878 5879/5879/5879
f 5877/5877/5877 5880/5880/5880 5882/5882/5882
f 5883/5883/5883 5881/5881/5881 5879/5879/5879
f 5880/5880/5880 5884/5884/5884 5882/5882/5882
f 5885/5885/5885 5881/5881/5881 5883/5883/5883
f 5882/5882/5882 5884/5884/5884 5886/5886/5886
f 5887/5887/5887 5885/5885/5885 5883/5883/5883
f 5884/5884/5884 5888/5888/5888 5886/5886/5886
f 5889/5889/5889 5885/5885/5885 5887/5887/5887
f 5886/5886/5886 5888/5888/5888 5890/5890/5890
f 5890/5890/5890 5889/5889/5889 5887/5887/5887
f 5888/5888/5888 5889/5889/5889 5890/5890/5890
f 5893/5893/5893 5892/5892/5892 5891/5891/5891
f 5894/5894/5894 5893/5893/5893 5891/5891/5891
f 5893/5893/5893 5895/5895/5895 5892/5892/5892
f 5894/5894/5894 5891/5891/5891 5896/5896/5896
f 5895/5895/5895 5897/5897/5897 5892/5892/5892
f 5898/5898/5898 5894/5894/5894 5896/5896/5896
f 5895/5895/5895 5899/5899/5899 5897/5897/5897
f 5898/5898/5898 5896/5896/5896 5900/5900/5900
f 5899/5899/5899 5901/5901/5901 5897/5897/5897
f 5902/5902/5902 5898/5898/5898 5900/5900/5900
f 5899/5899/5899 5903/5903/5903 5901/5901/5901
f 5902/5902/5902 5900/5900/5900 5904/5904/5904
f 5903/5903/5903 5904/5904/5904 5901/5901/5901
f 5903/5903/5903 5902/5902/5902 5904/5904/5904
f 5907/5907/5907 5906/5906/5906 5905/5905/5905
f 5908/5908/5908 5907/5907/5907 5905/5905/5905
f 5907/5907/5907 5909/5909/5909 5906/5906/5906
f 5908/5908/5908 5905/5905/5905 5910/5910/5910
f 5909/5909/5909 5911/5911/5911 5906/5906/5906
f 5912/5912/5912 5908/5908/5908 5910/5910/5910
f 5909/5909/5909 5913/5913/5913 5911/5911/5911
f 5912/5912/5912 5910/5910/5910 5914/5914/5914
f 5913/5913/5913 5915/5915/5915 5911/5911/5911
f 5916/5916/5916 5912/5912/5912 5914/5914/5914
f 5913/5913/5913 5917/5917/5917 5915/5915/5915
f 5916/5916/5916 5914/5914/5914 5918/5918/5918
f 5917/5917/5917 5918/5918/5918 5915/5915/5915
f 5917/5917/5917 5916/5916/5916 5918/5918/5918
f 5921/5921/5921 5920/5920/5920 5919/5919/5919
f 5920/5920/5920 5922/5922/5922 5919/5919/5919
f 5923/5923/5923 5920/5920/5920 5921/5921/5921
f 5919/5919/5919 5922/5922/5922 5924/5924/5924
f 5925/5925/5925 5923/5923/5923 5921/5921/5921
f 5922/5922/5922 5926/5926/5926 5924/5924/5924
f 5927/5927/5927 5923/5923/5923 5925/5925/5925
f 5924/5924/5924 5926/5926/5926 5928/5928/5928
f 5929/5929/5929 5927/5927/5927 5925/5925/5925
f 5926/5926/5926 5930/5930/5930 5928/5928/5928
f 5931/5931/5931 5927/5927/5927 5929/5929/5929
f 5928/5928/5928 5930/5930/5930 5932/5932/5932
f 5932/5932/5932 5931/5931/5931 5929/5929/5929
f 5930/5930/5930 5931/5931/5931 5932/5932/5932
f 5935/5935/5935 5934/5934/5934 5933/5933/5933
f 5934/5934/5934 5936/5936/5936 5933/5933/5933
f 5937/5937/5937 5934/5934/5934 5935/5935/5935
f 5933/5933/5933 5936/5936/5936 5938/5938/5938
f 5939/5939/5939 5937/5937/5937 5935/5935/5935
f 5936/5936/5936 5940/5940/5940 5938/5938/5938
f 5941/5941/5941 5937/5937/5937 5939/5939/5939
f 5938/5938/5938 5940/5940/5940 5942/5942/5942
f 5943/5943/5943 5941/5941/5941 5939/5939/5939
f 5940/5940/5940 5944/5944/5944 5942/5942/5942
f 5945/5945/5945 5941/5941/5941 5943/5943/5943
f 5942/5942/5942 5944/5944/5944 5946/5946/5946
f 5946/5946/5946 5945/5945/5945 5943/5943/5943
f 5944/5944/5944 5945/5945/5945 5946/5946/5946
f 5949/5949/5949 5948/5948/5948 5947/5947/5947
f 5948/5948/5948 5950/5950/5950 5947/5947/5947
f 5951/5951/5951 5948/5948/5948 5949/5949/5949
f 5947/5947/5947 5950/5950/5950 5952/5952/5952
f 5953/5953/5953 5951/5951/5951 5949/5949/5949
f 5950/5950/5950 5954/5954/5954 5952/5952/5952
f 5955/5955/5955 5951/5951/5951 5953/5953/5953
f 5952/5952/5952 5954/5954/5954 5956/5956/5956
f 5957/5957/5957 5955/5955/5955 5953/5953/5953
f 5954/5954/5954 5958/5958/5958 5956/5956/5956
f 5959/5959/5959 5955/5955/5955 5957/5957/5957
f 5956/5956/5956 5958/5958/5958 5960/5960/5960
f 5960/5960/5960 5959/5959/5959 5957/5957/5957
f 5958/5958/5958 5959/5959/5959 5960/5960/5960
