o sphere_00
v -0.060836792 1.05072021 4.43201031e-10
v 0 1.05303955 0
v -0.05950737 1.05072021 -0.0126487017
v -0.102035522 1.04818726 -0.0107243061
v -0.158166885 1.04112244 -0.0336194038
v -0.160820007 1.0411377 -0.0169026852
v -0.266597748 1.01715088 -0.0566663742
v -0.161701202 1.04112244 6.09972517e-10
v -0.2710495 1.01716614 -0.028488636
v -0.369129181 0.983093262 -0.0784606934
v -0.375297546 0.983093262 -0.0394454002
v -0.46762085 0.938262939 -0.099395752
v -0.27255249 1.01715088 1.08547837e-10
v -0.475440979 0.938262939 -0.0499706268
v -0.56098938 0.883148193 -0.119241714
v -0.377376556 0.983093262 5.00366415e-12
v -0.570365906 0.883148193 -0.0599479675
v -0.648208618 0.818359375 -0.137781143
v -0.478065491 0.938262939 2.03058903e-10
v -0.659049988 0.818367004 -0.0692691803
v -0.72833252 0.744606018 -0.154811859
v -0.573516846 0.883148193 4.01339406e-10
v -0.740509033 0.744613647 -0.0778303146
v -0.800468445 0.662696838 -0.170145035
v -0.662689209 0.818359375 1.00301711e-12
v -0.813858032 0.662696838 -0.0855398178
v -0.863845825 0.573524475 -0.183614731
v -0.744598389 0.744606018 4.00184774e-10
v -0.878295898 0.573524475 -0.0923118591
v -0.917755127 0.478065491 -0.195074081
v -0.818351746 0.662696838 6.90267288e-13
v -0.93309021 0.47807312 -0.098072052
v -0.961593628 0.377372742 -0.204393387
v -0.883132935 0.573524475 -7.98287658e-10
v -0.977676392 0.377376556 -0.102758408
v -0.994918823 0.272544861 -0.211475372
v -0.938247681 0.478065491 4.12177237e-13
v -1.0115509 0.272544861 -0.106318474
v -1.01733398 0.164730072 -0.216239929
v -0.983078003 0.377372742 3.44373835e-13
v -1.03434753 0.164731979 -0.10871315
v -1.02859497 0.0551109314 -0.218635559
v -1.01713562 0.272544861 -3.99069222e-10
v -1.04580688 0.0551118851 -0.109918594
v -1.02859497 -0.0551109314 -0.218635559
v -1.04005432 0.164730072 7.9931084e-10
v -1.04580688 -0.0551118851 -0.109918594
v -1.01733398 -0.164730072 -0.216239929
v -1.05157471 0.0551109314 7.99296629e-10
v -1.03434753 -0.164731979 -0.10871315
v -0.994918823 -0.272544861 -0.211475372
v -1.05157471 -0.0551109314 7.99296629e-10
v -1.0115509 -0.272544861 -0.106318474
v -0.961593628 -0.377372742 -0.204393387
v -1.04005432 -0.164730072 3.99840161e-10
v -0.977676392 -0.377376556 -0.102758408
v -0.917755127 -0.478065491 -0.195074081
v -1.01713562 -0.272544861 -7.98543454e-10
v -0.93309021 -0.47807312 -0.098072052
v -0.863845825 -0.573524475 -0.183614731
v -0.983078003 -0.377372742 3.45133644e-13
v -0.878295898 -0.573524475 -0.0923118591
v -0.800468445 -0.662696838 -0.170145035
v -0.938247681 -0.478065491 4.12177237e-13
v -0.813858032 -0.662696838 -0.0855398178
v -0.72833252 -0.744606018 -0.154811859
v -0.883132935 -0.573524475 -7.98287658e-10
v -0.740509033 -0.744613647 -0.0778303146
v -0.648208618 -0.818359375 -0.137781143
v -0.818351746 -0.662696838 6.90267288e-13
v -0.659049988 -0.818367004 -0.0692691803
v -0.56098938 -0.883148193 -0.119241714
v -0.744598389 -0.744606018 4.00184774e-10
v -0.570365906 -0.883148193 -0.0599479675
v -0.46762085 -0.938262939 -0.099395752
v -0.662689209 -0.818359375 1.00264241e-12
v -0.475440979 -0.938262939 -0.0499706268
v -0.369129181 -0.983093262 -0.0784606934
v -0.573516846 -0.883148193 4.01339406e-10
v -0.375297546 -0.983093262 -0.0394454002
v -0.266597748 -1.01715088 -0.0566663742
v -0.478065491 -0.938262939 2.03058903e-10
v -0.2710495 -1.01716614 -0.028488636
v -0.158166885 -1.04112244 -0.0336194038
v -0.377376556 -0.983093262 5.00366415e-12
v -0.160820007 -1.0411377 -0.0169026852
v -0.05950737 -1.05072021 -0.0126487017
v -0.27255249 -1.01715088 1.0855139e-10
v -0.659049988 -0.818367004 0.0692691803
v -0.570365906 -0.883148193 0.0599479675
v -0.47543335 -0.938262939 0.0499706268
v -0.375297546 -0.983093262 0.0394454002
v -0.740509033 -0.744613647 0.0778303146
v -0.813858032 -0.662696838 0.0855398178
v -0.87828064 -0.573524475 0.0923118591
v -0.93309021 -0.47807312 0.098072052
v -0.977676392 -0.377376556 0.102758408
v -1.0115509 -0.272544861 0.106318474
v -1.03434753 -0.164731979 0.10871315
v -1.04580688 -0.0551118851 0.109918594
v -1.04580688 0.0551118851 0.109918594
v -1.03434753 0.164731979 0.10871315
v -1.0115509 0.272544861 0.106318474
v -0.977676392 0.377376556 0.102758408
v -0.93309021 0.47807312 0.098072052
v -0.87828064 0.573524475 0.0923118591
v -0.813858032 0.662696838 0.0855398178
v -0.740509033 0.744613647 0.0778303146
v -0.659049988 0.818367004 0.0692691803
v -0.570365906 0.883148193 0.0599479675
v -0.47543335 0.938262939 0.0499706268
v -0.375297546 0.983093262 0.0394454002
v -0.2710495 1.01716614 0.028488636
v -0.160820007 1.0411377 0.0169026852
v -0.102034569 1.04818726 0.0107243061
v -0.060836792 1.05072021 4.43201031e-10
v -0.05950737 1.05072021 0.0126487017
v 0 1.05303955 0
v -0.158166885 1.04112244 0.0336194038
v -0.266597748 1.01715088 0.0566663742
v -0.369129181 0.983093262 0.0784606934
v -0.46762085 0.938262939 0.099395752
v -0.56098938 0.883148193 0.119241714
v -0.648208618 0.818359375 0.137781143
v -0.72833252 0.744606018 0.154811859
v -0.800468445 0.662696838 0.170145035
v -0.863845825 0.573524475 0.183614731
v -0.917739868 0.478065491 0.195074081
v -0.961593628 0.377372742 0.204393387
v -0.994918823 0.272544861 0.211475372
v -1.01733398 0.164730072 0.216239929
v -1.02859497 0.0551109314 0.218635559
v -1.02859497 -0.0551109314 0.218635559
v -1.01733398 -0.164730072 0.216239929
v -0.994918823 -0.272544861 0.211475372
v -0.961593628 -0.377372742 0.204393387
v -0.917739868 -0.478065491 0.195074081
v -0.863845825 -0.573524475 0.183614731
v -0.800468445 -0.662696838 0.170145035
v -0.72833252 -0.744606018 0.154811859
v -0.648208618 -0.818359375 0.137781143
v -0.56098938 -0.883148193 0.119241714
v -0.46762085 -0.938262939 0.099395752
v -0.934951782 -0.377376556 0.303783417
v -0.892318726 -0.47807312 0.289932251
v -0.839904785 -0.573524475 0.272899628
v -0.778289795 -0.662696838 0.252880096
v -0.708145142 -0.744613647 0.230091095
v -0.630241394 -0.818367004 0.204778671
v -0.545440674 -0.883148193 0.177223206
v -0.967346191 -0.272544861 0.314308167
v -0.989135742 -0.164731979 0.321392059
v -1.00009155 -0.0551118851 0.324951172
v -1.00009155 0.0551118851 0.324951172
v -0.989135742 0.164731979 0.321392059
v -0.967346191 0.272544861 0.314308167
v -0.934951782 0.377376556 0.303783417
v -0.892318726 0.47807312 0.289932251
v -0.839904785 0.573524475 0.272899628
v -0.778289795 0.662696838 0.252880096
v -0.708145142 0.744613647 0.230091095
v -0.630241394 0.818367004 0.204778671
v -0.545440674 0.883148193 0.177223206
v -0.454658508 0.938262939 0.147727966
v -0.358898163 0.983093262 0.116613388
v -0.259204865 1.01716614 0.0842208862
v -0.153791428 1.0411377 0.0499696732
v -0.0975751877 1.04818726 0.0317044258
v -0.05950737 1.05072021 0.0126487017
v -0.0555772781 1.05072021 0.0247445107
v 0 1.05303955 0
v -0.147720337 1.04112244 0.0657691956
v -0.248989105 1.01715088 0.11085701
v -0.344749451 0.983093262 0.153491974
v -0.436737061 0.938262939 0.194446564
v -0.523933411 0.883148193 0.233272552
v -0.605400085 0.818359375 0.269538879
v -0.680229187 0.744606018 0.302856445
v -0.74760437 0.662696838 0.332855225
v -0.806785583 0.573524475 0.359203339
v -0.857131958 0.478065491 0.381622314
v -0.898086548 0.377372742 0.399856567
v -0.929199219 0.272544861 0.413707733
v -0.950134277 0.164730072 0.423030853
v -0.960662842 0.0551109314 0.427715302
v -0.960662842 -0.0551109314 0.427715302
v -0.950134277 -0.164730072 0.423030853
v -0.929199219 -0.272544861 0.413707733
v -0.898086548 -0.377372742 0.399856567
v -0.857131958 -0.478065491 0.381622314
v -0.806785583 -0.573524475 0.359203339
v -0.74760437 -0.662696838 0.332855225
v -0.680229187 -0.744606018 0.302856445
v -0.605400085 -0.818359375 0.269538879
v -0.90071106 -0.164731979 0.520019531
v -0.880859375 -0.272544861 0.508560181
v -0.851364136 -0.377376556 0.491531372
v -0.812538147 -0.47807312 0.469116211
v -0.764808655 -0.573524475 0.441566467
v -0.708702087 -0.662696838 0.409168243
v -0.644828796 -0.744613647 0.37229538
v -0.910675049 -0.0551118851 0.525779724
v -0.910675049 0.0551118851 0.525779724
v -0.90071106 0.164731979 0.520019531
v -0.880859375 0.272544861 0.508560181
v -0.851364136 0.377376556 0.491531372
v -0.812538147 0.47807312 0.469116211
v -0.764808655 0.573524475 0.441566467
v -0.708702087 0.662696838 0.409168243
v -0.644828796 0.744613647 0.37229538
v -0.573898315 0.818367004 0.33134079
v -0.496673584 0.883148193 0.286754608
v -0.414009094 0.938262939 0.239028931
v -0.326808929 0.983093262 0.188682556
v -0.236030579 1.01716614 0.13627243
v -0.140041351 1.0411377 0.0808525085
v -0.0888519287 1.04818726 0.0512986183
v -0.0555772781 1.05072021 0.0247445107
v -0.0492181778 1.05072021 0.0357589722
v 0 1.05303955 0
v -0.130819321 1.04112244 0.0950450897
v -0.220497131 1.01715088 0.160202026
v -0.305301666 0.983093262 0.221817017
v -0.386764526 0.938262939 0.28099823
v -0.463989258 0.883148193 0.337104797
v -0.536125183 0.818359375 0.389518738
v -0.602394104 0.744606018 0.437667847
v -0.662063599 0.662696838 0.481018066
v -0.714477539 0.573524475 0.519096375
v -0.759063721 0.478065491 0.551490784
v -0.795326233 0.377372742 0.577842712
v -0.822883606 0.272544861 0.597862244
v -0.841423035 0.164730072 0.611328125
v -0.850746155 0.0551109314 0.618103027
v -0.850746155 -0.0551109314 0.618103027
v -0.841423035 -0.164730072 0.611328125
v -0.822883606 -0.272544861 0.597862244
v -0.795326233 -0.377372742 0.577842712
v -0.759063721 -0.478065491 0.551490784
v -0.714477539 -0.573524475 0.519096375
v -0.662063599 -0.662696838 0.481018066
v -0.781463623 0.0551118851 0.703636169
v -0.781463623 -0.0551118851 0.703636169
v -0.772903442 -0.164731979 0.695922852
v -0.755874634 -0.272544861 0.680587769
v -0.730560303 -0.377376556 0.657798767
v -0.697242737 -0.47807312 0.627799988
v -0.656288147 -0.573524475 0.590927124
v -0.772903442 0.164731979 0.695922852
v -0.755874634 0.272544861 0.680587769
v -0.730560303 0.377376556 0.657798767
v -0.697242737 0.47807312 0.627799988
v -0.656288147 0.573524475 0.590927124
v -0.608146667 0.662696838 0.547576904
v -0.553337097 0.744613647 0.49822998
v -0.492469788 0.818367004 0.44342041
v -0.426200867 0.883148193 0.383750916
v -0.355266571 0.938262939 0.319881439
v -0.280437469 0.983093262 0.252506256
v -0.202539444 1.01716614 0.182367325
v -0.120170593 1.0411377 0.108201981
v -0.0762443542 1.04818726 0.0686511993
v -0.0492181778 1.05072021 0.0357589722
v -0.040708065 1.05072021 0.0452108383
v 0 1.05303955 0
v -0.108198166 1.04112244 0.120166779
v -0.182373047 1.01715088 0.202545166
v -0.252513885 0.983093262 0.280445099
v -0.319889069 0.938262939 0.355270386
v -0.383758545 0.883148193 0.426208496
v -0.44342804 0.818359375 0.492477417
v -0.49823761 0.744606018 0.553344727
v -0.547584534 0.662696838 0.608154297
v -0.590934753 0.573524475 0.656303406
v -0.627815247 0.478065491 0.697257996
v -0.657806396 0.377372742 0.730575562
v -0.680603027 0.272544861 0.755882263
v -0.69593811 0.164730072 0.772911072
v -0.703643799 0.0551109314 0.781478882
v -0.703643799 -0.0551109314 0.781478882
v -0.69593811 -0.164730072 0.772911072
v -0.680603027 -0.272544861 0.755882263
v -0.657806396 -0.377372742 0.730575562
v -0.627815247 -0.478065491 0.697257996
v -0.597854614 0.272544861 0.822875977
v -0.611320496 0.164731979 0.841415405
v -0.618095398 0.0551118851 0.850730896
v -0.618095398 -0.0551118851 0.850730896
v -0.611320496 -0.164731979 0.841415405
v -0.597854614 -0.272544861 0.822875977
v -0.577835083 -0.377376556 0.795318604
v -0.577835083 0.377376556 0.795318604
v -0.551483154 0.47807312 0.759048462
v -0.519088745 0.573524475 0.71446228
v -0.481010437 0.662696838 0.66204834
v -0.437660217 0.744613647 0.602386475
v -0.389511108 0.818367004 0.536117554
v -0.337100983 0.883148193 0.463981628
v -0.280994415 0.938262939 0.386756897
v -0.221809387 0.983093262 0.305294037
v -0.160198212 1.01716614 0.220493317
v -0.0950479507 1.0411377 0.130821228
v -0.0603046417 1.04818726 0.0830030441
v -0.040708065 1.05072021 0.0452108383
v -0.030418396 1.05072021 0.0526862144
v 0 1.05303955 0
v -0.0808506012 1.04112244 0.140037537
v -0.136276245 1.01715088 0.236038208
v -0.188688278 0.983093262 0.326816559
v -0.239032745 0.938262939 0.414016724
v -0.286758423 0.883148193 0.496681213
v -0.331344604 0.818359375 0.573905945
v -0.372299194 0.744606018 0.644844055
v -0.409175873 0.662696838 0.708717346
v -0.441566467 0.573524475 0.764823914
v -0.46912384 0.478065491 0.812545776
v -0.491539001 0.377372742 0.851371765
v -0.50856781 0.272544861 0.880874634
v -0.520027161 0.164730072 0.90071106
v -0.525787354 0.0551109314 0.910690308
v -0.525787354 -0.0551109314 0.910690308
v -0.520027161 -0.164730072 0.90071106
v -0.50856781 -0.272544861 0.880874634
v -0.381614685 0.47807312 0.857124329
v -0.399848938 0.377376556 0.898071289
v -0.413703918 0.272544861 0.929199219
v -0.423023224 0.164731979 0.950119019
v -0.427711487 0.0551118851 0.960647583
v -0.427711487 -0.0551118851 0.960647583
v -0.423023224 -0.164731979 0.950119019
v -0.359199524 0.573524475 0.806777954
v -0.332847595 0.662696838 0.747589111
v -0.302852631 0.744613647 0.680213928
v -0.269535065 0.818367004 0.605384827
v -0.233268738 0.883148193 0.523925781
v -0.194442749 0.938262939 0.436729431
v -0.153488159 0.983093262 0.344741821
v -0.110853195 1.01716614 0.248981476
v -0.0657711029 1.0411377 0.147724152
v -0.0417299271 1.04818726 0.0937271118
v -0.030418396 1.05072021 0.0526862144
v -0.0187995434 1.05072021 0.0578594208
v 0 1.05303955 0
v -0.0499682426 1.04112244 0.153785706
v -0.0842227936 1.01715088 0.259212494
v -0.116615295 0.983093262 0.358905792
v -0.147729874 0.938262939 0.454666138
v -0.17722702 0.883148193 0.545448303
v -0.204782486 0.818359375 0.630256653
v -0.23009491 0.744606018 0.7081604
v -0.252883911 0.662696838 0.778297424
v -0.272903442 0.573524475 0.839912415
v -0.289936066 0.478065491 0.892333984
v -0.303787231 0.377372742 0.934967041
v -0.314315796 0.272544861 0.96736145
v -0.321395874 0.164730072 0.989151001
v -0.324954987 0.0551109314 1.00010681
v -0.324954987 -0.0551109314 1.00010681
v -0.170143127 0.662696838 0.800460815
v -0.183612823 0.573524475 0.863830566
v -0.195070267 0.47807312 0.917739868
v -0.204391479 0.377376556 0.961578369
v -0.211471558 0.272544861 0.994903564
v -0.216236115 0.164731979 1.01731873
v -0.218631744 0.0551118851 1.02857971
v -0.154808044 0.744613647 0.728317261
v -0.137779236 0.818367004 0.648200989
v -0.119239807 0.883148193 0.560974121
v -0.0993938446 0.938262939 0.467605591
v -0.078458786 0.983093262 0.369121552
v -0.0566654205 1.01716614 0.266590118
v -0.0336203575 1.0411377 0.1581707
v -0.0213310719 1.04818726 0.100355148
v -0.0187995434 1.05072021 0.0578594208
v -0.00635915995 1.05072021 0.0605039597
v 0 1.05303955 0
v -0.0169022083 1.04112244 0.160814285
v -0.0284895897 1.01715088 0.271057129
v -0.0394463539 0.983093262 0.37530899
v -0.0499715805 0.938262939 0.475448608
v -0.0599489212 0.883148193 0.570381165
v -0.069270134 0.818359375 0.659057617
v -0.077832222 0.744606018 0.740524292
v -0.0855407715 0.662696838 0.813873291
v -0.0923128128 0.573524475 0.878295898
v -0.0980739594 0.478065491 0.933105469
v -0.102760315 0.377372742 0.97769165
v -0.106320381 0.272544861 1.01156616
v -0.108715057 0.164730072 1.03436279
v 4.23415258e-08 0.818367004 0.66268158
v 4.87325451e-08 0.744613647 0.744590759
v 5.19103196e-08 0.662696838 0.818336487
v 5.27006705e-08 0.573524475 0.883132935
v 5.75200829e-08 0.47807312 0.938232422
v 6.23231244e-08 0.377376556 0.983062744
v 6.47014531e-08 0.272544861 1.01712036
v 3.51515155e-08 0.883148193 0.573509216
v 2.79569576e-08 0.938262939 0.478057861
v 2.15650289e-08 0.983093262 0.377365112
v 1.55750968e-08 1.01716614 0.272544861
v 8.94203822e-09 1.0411377 0.161705017
v 6.1355081e-09 1.04818726 0.102597237
v -0.00635915995 1.05072021 0.0605039597
v 0.00635921955 1.05072021 0.0605039597
v 0 1.05303955 0
v 0.0169024467 1.04112244 0.160814285
v 0.0284895897 1.01715088 0.271057129
v 0.0394463539 0.983093262 0.37530899
v 0.0499715805 0.938262939 0.475448608
v 0.0599489212 0.883148193 0.570381165
v 0.069270134 0.818359375 0.659057617
v 0.077832222 0.744606018 0.740524292
v 0.0855417252 0.662696838 0.813873291
v 0.0923137665 0.573524475 0.878295898
v 0.0980739594 0.478065491 0.933105469
v 0.102760315 0.377372742 0.97769165
v 0.0993938446 0.938262939 0.467605591
v 0.119239807 0.883148193 0.560974121
v 0.137779236 0.818367004 0.648200989
v 0.154808044 0.744613647 0.728317261
v 0.170143127 0.662696838 0.800460815
v 0.183612823 0.573524475 0.863830566
v 0.195070267 0.47807312 0.917739868
v 0.078458786 0.983093262 0.369121552
v 0.0566654205 1.01716614 0.266590118
v 0.0336203575 1.0411377 0.1581707
v 0.0213310719 1.04818726 0.100355148
v 0.00635921955 1.05072021 0.0605039597
v 0.0187995434 1.05072021 0.0578594208
v 0 1.05303955 0
v 0.0499682426 1.04112244 0.153785706
v 0.0842227936 1.01715088 0.259212494
v 0.116615295 0.983093262 0.358905792
v 0.147729874 0.938262939 0.454666138
v 0.17722702 0.883148193 0.545448303
v 0.204782486 0.818359375 0.630256653
v 0.23009491 0.744606018 0.7081604
v 0.252883911 0.662696838 0.778297424
v 0.272903442 0.573524475 0.839912415
v 0.110853195 1.01716614 0.248981476
v 0.153488159 0.983093262 0.344741821
v 0.194442749 0.938262939 0.436729431
v 0.233268738 0.883148193 0.523925781
v 0.269535065 0.818367004 0.605384827
v 0.302852631 0.744613647 0.680213928
v 0.332847595 0.662696838 0.747589111
v 0.0657711029 1.0411377 0.147724152
v 0.0417299271 1.04818726 0.0937271118
v 0.0187995434 1.05072021 0.0578594208
v 0.030418396 1.05072021 0.0526862144
v 0 1.05303955 0
v 0.0808506012 1.04112244 0.140037537
v 0.136276245 1.01715088 0.236038208
v 0.188688278 0.983093262 0.326816559
v 0.239032745 0.938262939 0.414016724
v 0.286758423 0.883148193 0.496681213
v 0.331344604 0.818359375 0.573905945
v 0.372299194 0.744606018 0.644844055
v 0.0950479507 1.0411377 0.130821228
v 0.160198212 1.01716614 0.220493317
v 0.221809387 0.983093262 0.305294037
v 0.280994415 0.938262939 0.386756897
v 0.337100983 0.883148193 0.463981628
v 0.389511108 0.818367004 0.536117554
v 0.0603046417 1.04818726 0.0830030441
v 0.030418396 1.05072021 0.0526862144
v 0.040708065 1.05072021 0.0452108383
v 0 1.05303955 0
v 0.108198166 1.04112244 0.120166779
v 0.182373047 1.01715088 0.202545166
v 0.252513885 0.983093262 0.280445099
v 0.319889069 0.938262939 0.355270386
v 0.383758545 0.883148193 0.426208496
v 0.120170593 1.0411377 0.108201981
v 0.202539444 1.01716614 0.182367325
v 0.280437469 0.983093262 0.252506256
v 0.355266571 0.938262939 0.319881439
v 0.0762443542 1.04818726 0.0686511993
v 0.040708065 1.05072021 0.0452108383
v 0.0492181778 1.05072021 0.0357589722
v 0 1.05303955 0
v 0.130819321 1.04112244 0.0950450897
v 0.220500946 1.01715088 0.160202026
v 0.305301666 0.983093262 0.221817017
v 0.426200867 0.883148193 0.383750916
v 0.386764526 0.938262939 0.28099823
v 0.44342804 0.818359375 0.492477417
v 0.437660217 0.744613647 0.602386475
v 0.409175873 0.662696838 0.708717346
v 0.359199524 0.573524475 0.806777954
v 0.289936066 0.478065491 0.892333984
v 0.204391479 0.377376556 0.961578369
v 0.106320381 0.272544861 1.01156616
v 7.35071808e-08 0.164731979 1.04003906
v -0.109920502 0.0551109314 1.04582214
v -0.218631744 -0.0551118851 1.02857971
v -0.321395874 -0.164730072 0.989151001
v -0.413703918 -0.272544861 0.929199219
v -0.491539001 -0.377372742 0.851371765
v -0.551483154 -0.47807312 0.759048462
v -0.590934753 -0.573524475 0.656303406
v -0.608146667 -0.662696838 0.547576904
v -0.602394104 -0.744606018 0.437667847
v -0.573898315 -0.818367004 0.33134079
v -0.523933411 -0.883148193 0.233272552
v -0.454658508 -0.938262939 0.147727966
v -0.369129181 -0.983093262 0.0784606934
v -0.2710495 -1.01716614 0.028488636
v -0.161701202 -1.04112244 6.09944095e-10
v -0.102035522 -1.04818726 -0.0107243061
v -0.060836792 -1.05072021 3.73425735e-10
v 0 -1.05303955 0
v -0.496673584 -0.883148193 0.286754608
v -0.436737061 -0.938262939 0.194446564
v -0.358898163 -0.983093262 0.116613388
v -0.266597748 -1.01715088 0.0566663742
v -0.160820007 -1.0411377 0.0169026852
v -0.102034569 -1.04818726 0.0107243061
v -0.060836792 -1.05072021 3.73425735e-10
v -0.05950737 -1.05072021 0.0126487017
v 0 -1.05303955 0
v -0.158166885 -1.04112244 0.0336194038
v -0.259204865 -1.01716614 0.0842208862
v -0.344749451 -0.983093262 0.153491974
v -0.414009094 -0.938262939 0.239028931
v -0.153791428 -1.0411377 0.0499696732
v -0.248989105 -1.01715088 0.11085701
v -0.0975751877 -1.04818726 0.0317044258
v -0.05950737 -1.05072021 0.0126487017
v -0.0555772781 -1.05072021 0.0247445107
v 0 -1.05303955 0
v -0.147720337 -1.04112244 0.0657691956
v -0.326808929 -0.983093262 0.188682556
v -0.236030579 -1.01716614 0.13627243
v -0.463989258 -0.883148193 0.337104797
v -0.386764526 -0.938262939 0.28099823
v -0.305301666 -0.983093262 0.221817017
v -0.536125183 -0.818359375 0.389518738
v -0.553337097 -0.744613647 0.49822998
v -0.492469788 -0.818367004 0.44342041
v -0.426200867 -0.883148193 0.383750916
v -0.547584534 -0.662696838 0.608154297
v -0.49823761 -0.744606018 0.553344727
v -0.519088745 -0.573524475 0.71446228
v -0.355266571 -0.938262939 0.319881439
v -0.44342804 -0.818359375 0.492477417
v -0.481010437 -0.662696838 0.66204834
v -0.46912384 -0.478065491 0.812545776
v -0.383758545 -0.883148193 0.426208496
v -0.437660217 -0.744613647 0.602386475
v -0.441566467 -0.573524475 0.764823914
v -0.399848938 -0.377376556 0.898071289
v -0.389511108 -0.818367004 0.536117554
v -0.409175873 -0.662696838 0.708717346
v -0.381614685 -0.47807312 0.857124329
v -0.314315796 -0.272544861 0.96736145
v -0.372299194 -0.744606018 0.644844055
v -0.359199524 -0.573524475 0.806777954
v -0.303787231 -0.377372742 0.934967041
v -0.216236115 -0.164731979 1.01731873
v -0.332847595 -0.662696838 0.747589111
v -0.289936066 -0.478065491 0.892333984
v -0.211471558 -0.272544861 0.994903564
v -0.109920502 -0.0551109314 1.04582214
v -0.272903442 -0.573524475 0.839912415
v -0.204391479 -0.377376556 0.961578369
v -0.108715057 -0.164730072 1.03436279
v 6.87232387e-08 0.0551118851 1.05155945
v -0.195070267 -0.47807312 0.917739868
v -0.106320381 -0.272544861 1.01156616
v 6.71252565e-08 -0.0551118851 1.05155945
v 0.108715057 0.164730072 1.03436279
v -0.102760315 -0.377372742 0.97769165
v 7.35162757e-08 -0.164731979 1.04003906
v 0.109920502 0.0551109314 1.04582214
v 0.211473465 0.272544861 0.994903564
v 6.63085302e-08 -0.272544861 1.01712036
v 0.109920502 -0.0551109314 1.04582214
v 0.216236115 0.164731979 1.01731873
v 0.303787231 0.377372742 0.934967041
v 0.108715057 -0.164730072 1.03436279
v 0.218631744 0.0551118851 1.02857971
v 0.314315796 0.272544861 0.96736145
v 0.381614685 0.47807312 0.857124329
v 0.218631744 -0.0551118851 1.02857971
v 0.321395874 0.164730072 0.989151001
v 0.399848938 0.377376556 0.898071289
v 0.441566467 0.573524475 0.764823914
v 0.324954987 0.0551109314 1.00010681
v 0.413703918 0.272544861 0.929199219
v 0.46912384 0.478065491 0.812545776
v 0.481010437 0.662696838 0.66204834
v 0.423023224 0.164731979 0.950134277
v 0.491539001 0.377372742 0.851371765
v 0.519088745 0.573524475 0.71446228
v 0.49823761 0.744606018 0.553344727
v 0.50856781 0.272544861 0.880874634
v 0.551483154 0.47807312 0.759048462
v 0.547584534 0.662696838 0.608154297
v 0.492469788 0.818367004 0.44342041
v 0.577835083 0.377376556 0.795318604
v 0.590934753 0.573524475 0.656303406
v 0.553337097 0.744613647 0.49822998
v 0.463989258 0.883148193 0.337104797
v 0.627815247 0.478065491 0.697257996
v 0.608146667 0.662696838 0.547576904
v 0.536125183 0.818359375 0.389518738
v 0.656288147 0.573524475 0.590927124
v 0.602394104 0.744606018 0.437667847
v 0.662063599 0.662696838 0.481018066
v 0.414009094 0.938262939 0.239028931
v 0.496673584 0.883148193 0.286754608
v 0.573898315 0.818367004 0.33134079
v 0.644828796 0.744613647 0.37229538
v 0.326808929 0.983093262 0.188682556
v 0.236030579 1.01716614 0.13627243
v 0.140041351 1.0411377 0.0808525085
v 0.0888519287 1.04818726 0.0512986183
v 0.0492181778 1.05072021 0.0357589722
v 0.0555772781 1.05072021 0.0247445107
v 0 1.05303955 0
v 0.147720337 1.04112244 0.0657691956
v 0.248989105 1.01715088 0.11085701
v 0.344749451 0.983093262 0.153491974
v 0.436737061 0.938262939 0.194446564
v 0.523933411 0.883148193 0.233272552
v 0.605400085 0.818359375 0.269538879
v 0.153791428 1.0411377 0.0499696732
v 0.259204865 1.01716614 0.0842208862
v 0.358898163 0.983093262 0.116613388
v 0.454658508 0.938262939 0.147727966
v 0.545440674 0.883148193 0.177223206
v 0.0975751877 1.04818726 0.0317044258
v 0.0555772781 1.05072021 0.0247445107
v 0.05950737 1.05072021 0.0126487017
v 0 1.05303955 0
v 0.158166885 1.04112244 0.0336194038
v 0.266597748 1.01715088 0.0566663742
v 0.369129181 0.983093262 0.0784606934
v 0.46762085 0.938262939 0.099395752
v 0.630241394 0.818367004 0.204778671
v 0.56098938 0.883148193 0.119241714
v 0.680229187 0.744606018 0.302856445
v 0.708702087 0.662696838 0.409168243
v 0.714477539 0.573524475 0.519096375
v 0.697242737 0.47807312 0.627799988
v 0.657814026 0.377372742 0.730575562
v 0.597854614 0.272544861 0.822875977
v 0.520027161 0.164730072 0.90071106
v 0.427711487 0.0551118851 0.960647583
v 0.324954987 -0.0551109314 1.00010681
v 0.216236115 -0.164731979 1.01731873
v 0.106320381 -0.272544861 1.01156616
v 6.15236786e-08 -0.377376556 0.983062744
v -0.0980739594 -0.478065491 0.933105469
v -0.183612823 -0.573524475 0.863830566
v -0.252883911 -0.662696838 0.778297424
v -0.302852631 -0.744613647 0.680213928
v -0.331344604 -0.818359375 0.573905945
v -0.337100983 -0.883148193 0.463981628
v -0.319889069 -0.938262939 0.355270386
v -0.280437469 -0.983093262 0.252506256
v -0.220497131 -1.01715088 0.160202026
v -0.140041351 -1.0411377 0.0808525085
v -0.0888519287 -1.04818726 0.0512986183
v -0.0555772781 -1.05072021 0.0247445107
v -0.0492181778 -1.05072021 0.0357589722
v 0 -1.05303955 0
v -0.130819321 -1.04112244 0.0950450897
v -0.202539444 -1.01716614 0.182367325
v -0.252513885 -0.983093262 0.280445099
v -0.280994415 -0.938262939 0.386756897
v -0.286758423 -0.883148193 0.496681213
v -0.269535065 -0.818367004 0.605384827
v -0.23009491 -0.744606018 0.7081604
v -0.170143127 -0.662696838 0.800460815
v -0.0923128128 -0.573524475 0.878295898
v 5.75200829e-08 -0.47807312 0.938232422
v 0.102760315 -0.377372742 0.97769165
v 0.211473465 -0.272544861 0.994903564
v 0.321395874 -0.164730072 0.989151001
v 0.427711487 -0.0551118851 0.960647583
v 0.525787354 0.0551109314 0.910690308
v 0.611320496 0.164731979 0.841415405
v 0.680603027 0.272544861 0.755882263
v 0.730560303 0.377376556 0.657798767
v 0.759063721 0.478065491 0.551490784
v 0.764808655 0.573524475 0.441566467
v 0.74760437 0.662696838 0.332855225
v 0.708145142 0.744613647 0.230091095
v 0.648208618 0.818359375 0.137781143
v 0.69593811 0.164730072 0.772911072
v 0.755874634 0.272544861 0.680587769
v 0.795326233 0.377372742 0.577842712
v 0.812538147 0.47807312 0.469116211
v 0.806785583 0.573524475 0.359207153
v 0.778289795 0.662696838 0.252880096
v 0.72833252 0.744606018 0.154811859
v 0.618095398 0.0551118851 0.850730896
v 0.525787354 -0.0551109314 0.910690308
v 0.423023224 -0.164731979 0.950119019
v 0.314315796 -0.272544861 0.96736145
v 0.204391479 -0.377376556 0.961578369
v 0.0980739594 -0.478065491 0.933105469
v 5.43068381e-08 -0.573524475 0.883132935
v -0.0855407715 -0.662696838 0.813873291
v -0.154808044 -0.744613647 0.728317261
v -0.204782486 -0.818359375 0.630256653
v -0.233268738 -0.883148193 0.523925781
v -0.239032745 -0.938262939 0.414016724
v -0.221809387 -0.983093262 0.305294037
v -0.182373047 -1.01715088 0.202545166
v -0.120170593 -1.0411377 0.108201981
v -0.0762443542 -1.04818726 0.0686511993
v -0.0492181778 -1.05072021 0.0357589722
v -0.040708065 -1.05072021 0.0452108383
v 0 -1.05303955 0
v -0.108198166 -1.04112244 0.120166779
v -0.160198212 -1.01716614 0.220493317
v -0.188688278 -0.983093262 0.326816559
v -0.194442749 -0.938262939 0.436729431
v -0.17722702 -0.883148193 0.545448303
v -0.137779236 -0.818367004 0.648200989
v -0.077832222 -0.744606018 0.740524292
v 5.19103196e-08 -0.662696838 0.818336487
v 0.0923137665 -0.573524475 0.878295898
v 0.195070267 -0.47807312 0.917739868
v 0.303787231 -0.377372742 0.934967041
v 0.413703918 -0.272544861 0.929199219
v 0.520027161 -0.164730072 0.90071106
v 0.618095398 -0.0551118851 0.850730896
v 0.703643799 0.0551109314 0.781478882
v 0.772903442 0.164731979 0.695922852
v 0.822883606 0.272544861 0.597862244
v 0.851364136 0.377376556 0.491531372
v 0.857131958 0.478065491 0.381622314
v 0.839904785 0.573524475 0.272899628
v 0.800468445 0.662696838 0.170145035
v 0.703643799 -0.0551109314 0.781478882
v 0.781463623 0.0551118851 0.703636169
v 0.841423035 0.164730072 0.611328125
v 0.880859375 0.272544861 0.508560181
v 0.898086548 0.377372742 0.399856567
v 0.892318726 0.47807312 0.289932251
v 0.863845825 0.573524475 0.183614731
v 0.611320496 -0.164731979 0.841415405
v 0.50856781 -0.272544861 0.880874634
v 0.399848938 -0.377376556 0.898071289
v 0.289936066 -0.478065491 0.892333984
v 0.183612823 -0.573524475 0.863830566
v 0.0855417252 -0.662696838 0.813873291
v 4.63273864e-08 -0.744613647 0.744590759
v -0.069270134 -0.818359375 0.659057617
v -0.119239807 -0.883148193 0.560974121
v -0.147729874 -0.938262939 0.454666138
v -0.153488159 -0.983093262 0.344741821
v -0.136276245 -1.01715088 0.236038208
v -0.0950479507 -1.0411377 0.130821228
v -0.0603046417 -1.04818726 0.0830030441
v -0.040708065 -1.05072021 0.0452108383
v -0.030418396 -1.05072021 0.0526862144
v 0 -1.05303955 0
v -0.0808506012 -1.04112244 0.140037537
v -0.110853195 -1.01716614 0.248981476
v -0.116615295 -0.983093262 0.358905792
v -0.0993928909 -0.938262939 0.467605591
v -0.0599489212 -0.883148193 0.570381165
v 4.39481482e-08 -0.818367004 0.66268158
v 0.077832222 -0.744606018 0.740524292
v 0.170143127 -0.662696838 0.800460815
v 0.272903442 -0.573524475 0.839912415
v 0.381614685 -0.47807312 0.857124329
v 0.491539001 -0.377372742 0.851371765
v 0.597854614 -0.272544861 0.822875977
v 0.69593811 -0.164730072 0.772911072
v 0.781463623 -0.0551118851 0.703636169
v 0.850746155 0.0551109314 0.618103027
v 0.90071106 0.164731979 0.520019531
v 0.929199219 0.272544861 0.413707733
v 0.934951782 0.377376556 0.303783417
v 0.917755127 0.478065491 0.195074081
v 0.680603027 -0.272544861 0.755882263
v 0.772903442 -0.164731979 0.695922852
v 0.850746155 -0.0551109314 0.618103027
v 0.910675049 0.0551118851 0.525779724
v 0.950134277 0.164730072 0.423030853
v 0.967346191 0.272544861 0.314308167
v 0.961593628 0.377372742 0.204393387
v 0.577835083 -0.377376556 0.795318604
v 0.46912384 -0.478065491 0.812545776
v 0.359199524 -0.573524475 0.806777954
v 0.252883911 -0.662696838 0.778297424
v 0.154808044 -0.744613647 0.728317261
v 0.069270134 -0.818359375 0.659057617
v 3.51515155e-08 -0.883148193 0.573509216
v -0.0499715805 -0.938262939 0.475448608
v -0.078458786 -0.983093262 0.369121552
v -0.0842227936 -1.01715088 0.259212494
v -0.0657711029 -1.0411377 0.147724152
v -0.0417299271 -1.04818726 0.0937271118
v -0.030418396 -1.05072021 0.0526862144
v -0.0187995434 -1.05072021 0.0578594208
v 0 -1.05303955 0
v -0.0499682426 -1.04112244 0.153785706
v -0.0566654205 -1.01716614 0.266590118
v -0.0394463539 -0.983093262 0.37530899
v 2.63498805e-08 -0.938262939 0.478057861
v 0.0599489212 -0.883148193 0.570381165
v 0.137779236 -0.818367004 0.648200989
v 0.23009491 -0.744606018 0.7081604
v 0.332847595 -0.662696838 0.747589111
v 0.441566467 -0.573524475 0.764823914
v 0.551483154 -0.47807312 0.759048462
v 0.657814026 -0.377372742 0.730575562
v 0.755874634 -0.272544861 0.680587769
v 0.841423035 -0.164730072 0.611328125
v 0.910675049 -0.0551118851 0.525779724
v 0.960662842 0.0551109314 0.427715302
v 0.989135742 0.164731979 0.321392059
v 0.994918823 0.272544861 0.211475372
v 0.627815247 -0.478065491 0.697257996
v 0.730560303 -0.377376556 0.657798767
v 0.822883606 -0.272544861 0.597862244
v 0.90071106 -0.164731979 0.520019531
v 0.960662842 -0.0551109314 0.427715302
v 1.00009155 0.0551118851 0.324951172
v 1.01733398 0.164730072 0.216239929
v 0.519088745 -0.573524475 0.71446228
v 0.409175873 -0.662696838 0.708717346
v 0.302852631 -0.744613647 0.680213928
v 0.204782486 -0.818359375 0.630256653
v 0.119239807 -0.883148193 0.560974121
v 0.0499715805 -0.938262939 0.475448608
v 2.15650289e-08 -0.983093262 0.377365112
v -0.0284895897 -1.01715088 0.271057129
v -0.0336203575 -1.0411377 0.1581707
v -0.0213310719 -1.04818726 0.100355148
v -0.0187995434 -1.05072021 0.0578594208
v -0.00635915995 -1.05072021 0.0605039597
v 0 -1.05303955 0
v -0.0169024467 -1.04112244 0.160814285
v 1.59780029e-08 -1.01716614 0.272544861
v 0.0394463539 -0.983093262 0.37530899
v 0.0993938446 -0.938262939 0.467605591
v 0.17722702 -0.883148193 0.545448303
v 0.269535065 -0.818367004 0.605384827
v 0.372299194 -0.744606018 0.644844055
v 0.481010437 -0.662696838 0.66204834
v 0.590934753 -0.573524475 0.656303406
v 0.697242737 -0.47807312 0.627799988
v 0.795326233 -0.377372742 0.577842712
v 0.880859375 -0.272544861 0.508560181
v 0.950134277 -0.164730072 0.423030853
v 1.00009155 -0.0551118851 0.324951172
v 1.02859497 0.0551109314 0.218635559
v 0.547584534 -0.662696838 0.608154297
v 0.656288147 -0.573524475 0.590927124
v 0.759063721 -0.478065491 0.551490784
v 0.851364136 -0.377376556 0.491531372
v 0.929199219 -0.272544861 0.413707733
v 0.989135742 -0.164731979 0.321392059
v 1.02859497 -0.0551109314 0.218635559
v 0.437660217 -0.744613647 0.602386475
v 0.331344604 -0.818359375 0.573905945
v 0.233268738 -0.883148193 0.523925781
v 0.147729874 -0.938262939 0.454666138
v 0.078458786 -0.983093262 0.369121552
v 0.0284895897 -1.01715088 0.271057129
v 9.58675628e-09 -1.0411377 0.161705017
v 6.1355081e-09 -1.04818726 0.102597237
v -0.00635915995 -1.05072021 0.0605039597
v 0.00635921955 -1.05072021 0.0605039597
v 0 -1.05303955 0
v 0.0169024467 -1.04112244 0.160814285
v 0.0566654205 -1.01716614 0.266590118
v 0.116615295 -0.983093262 0.358905792
v 0.194442749 -0.938262939 0.436729431
v 0.286758423 -0.883148193 0.496681213
v 0.389511108 -0.818367004 0.536117554
v 0.49823761 -0.744606018 0.553344727
v 0.608146667 -0.662696838 0.547576904
v 0.714477539 -0.573524475 0.519096375
v 0.812538147 -0.47807312 0.469116211
v 0.898086548 -0.377372742 0.399856567
v 0.967346191 -0.272544861 0.314308167
v 1.01733398 -0.164730072 0.216239929
v 0.44342804 -0.818359375 0.492477417
v 0.553337097 -0.744613647 0.49822998
v 0.662063599 -0.662696838 0.481018066
v 0.764808655 -0.573524475 0.441566467
v 0.857131958 -0.478065491 0.381622314
v 0.934951782 -0.377376556 0.303783417
v 0.994918823 -0.272544861 0.211475372
v 0.337100983 -0.883148193 0.463981628
v 0.239032745 -0.938262939 0.414016724
v 0.153488159 -0.983093262 0.344741821
v 0.0842227936 -1.01715088 0.259212494
v 0.0336203575 -1.0411377 0.1581707
v 0.0213310719 -1.04818726 0.100355148
v 0.00635921955 -1.05072021 0.0605039597
v 0.0187995434 -1.05072021 0.0578594208
v 0 -1.05303955 0
v 0.0499682426 -1.04112244 0.153785706
v 0.110853195 -1.01716614 0.248981476
v 0.188688278 -0.983093262 0.326816559
v 0.280994415 -0.938262939 0.386756897
v 0.383758545 -0.883148193 0.426208496
v 0.492469788 -0.818367004 0.44342041
v 0.602394104 -0.744606018 0.437667847
v 0.708702087 -0.662696838 0.409168243
v 0.806785583 -0.573524475 0.359207153
v 0.892318726 -0.47807312 0.289932251
v 0.961593628 -0.377372742 0.204393387
v 0.319889069 -0.938262939 0.355270386
v 0.426200867 -0.883148193 0.383750916
v 0.536125183 -0.818359375 0.389518738
v 0.644828796 -0.744613647 0.37229538
v 0.74760437 -0.662696838 0.332855225
v 0.839904785 -0.573524475 0.272899628
v 0.917755127 -0.478065491 0.195074081
v 0.221809387 -0.983093262 0.305294037
v 0.136276245 -1.01715088 0.236038208
v 0.0657711029 -1.0411377 0.147724152
v 0.0417299271 -1.04818726 0.0937271118
v 0.0187995434 -1.05072021 0.0578594208
v 0.030418396 -1.05072021 0.0526862144
v 0 -1.05303955 0
v 0.0808506012 -1.04112244 0.140037537
v 0.160198212 -1.01716614 0.220493317
v 0.252513885 -0.983093262 0.280445099
v 0.355266571 -0.938262939 0.319881439
v 0.463989258 -0.883148193 0.337104797
v 0.573898315 -0.818367004 0.33134079
v 0.680229187 -0.744606018 0.302856445
v 0.778289795 -0.662696838 0.252880096
v 0.863845825 -0.573524475 0.183614731
v 0.182373047 -1.01715088 0.202545166
v 0.280437469 -0.983093262 0.252506256
v 0.386764526 -0.938262939 0.28099823
v 0.496673584 -0.883148193 0.286754608
v 0.605400085 -0.818359375 0.269538879
v 0.708145142 -0.744613647 0.230091095
v 0.800468445 -0.662696838 0.170145035
v 0.0950479507 -1.0411377 0.130821228
v 0.0603046417 -1.04818726 0.0830030441
v 0.030418396 -1.05072021 0.0526862144
v 0.040708065 -1.05072021 0.0452108383
v 0 -1.05303955 0
v 0.108198166 -1.04112244 0.120166779
v 0.202539444 -1.01716614 0.182367325
v 0.305301666 -0.983093262 0.221817017
v 0.414009094 -0.938262939 0.239028931
v 0.523933411 -0.883148193 0.233272552
v 0.630241394 -0.818367004 0.204778671
v 0.72833252 -0.744606018 0.154811859
v 0.120170593 -1.0411377 0.108201981
v 0.220500946 -1.01715088 0.160202026
v 0.326808929 -0.983093262 0.188682556
v 0.436737061 -0.938262939 0.194446564
v 0.545440674 -0.883148193 0.177223206
v 0.0762443542 -1.04818726 0.0686511993
v 0.040708065 -1.05072021 0.0452108383
v 0.0492181778 -1.05072021 0.0357589722
v 0 -1.05303955 0
v 0.130819321 -1.04112244 0.0950450897
v 0.236030579 -1.01716614 0.13627243
v 0.344749451 -0.983093262 0.153491974
v 0.648208618 -0.818359375 0.137781143
v 0.454658508 -0.938262939 0.147727966
v 0.56098938 -0.883148193 0.119241714
v 0.140041351 -1.0411377 0.0808525085
v 0.248989105 -1.01715088 0.11085701
v 0.358898163 -0.983093262 0.116613388
v 0.0888519287 -1.04818726 0.0512986183
v 0.0492181778 -1.05072021 0.0357589722
v 0.0555772781 -1.05072021 0.0247445107
v 0 -1.05303955 0
v 0.147720337 -1.04112244 0.0657691956
v 0.46762085 -0.938262939 0.099395752
v 0.259204865 -1.01716614 0.0842208862
v 0.369129181 -0.983093262 0.0784606934
v 0.570365906 -0.883148193 0.0599479675
v 0.47543335 -0.938262939 0.0499706268
v 0.659049988 -0.818367004 0.0692691803
v 0.740509033 -0.744613647 0.0778303146
v 0.813858032 -0.662696838 0.0855398178
v 0.878295898 -0.573524475 0.0923118591
v 0.93309021 -0.47807312 0.098072052
v 0.977676392 -0.377376556 0.102758408
v 1.0115509 -0.272544861 0.106318474
v 1.03434753 -0.164731979 0.10871315
v 1.04580688 -0.0551118851 0.109918594
v 1.04580688 0.0551118851 0.109918594
v 1.03434753 0.164731979 0.10871315
v 1.0115509 0.272544861 0.106318474
v 0.977676392 0.377376556 0.102758408
v 0.93309021 0.47807312 0.098072052
v 0.878295898 0.573524475 0.0923118591
v 0.813858032 0.662696838 0.0855398178
v 0.740509033 0.744613647 0.0778303146
v 0.659049988 0.818367004 0.0692691803
v 0.570365906 0.883148193 0.0599479675
v 0.47543335 0.938262939 0.0499706268
v 0.375297546 0.983093262 0.0394454002
v 0.2710495 1.01716614 0.028488636
v 0.160820007 1.0411377 0.0169026852
v 0.102035522 1.04818726 0.0107243061
v 0.05950737 1.05072021 0.0126487017
v 0.060836792 1.05072021 -4.90911134e-09
v 0 1.05303955 0
v 0.161701202 1.04112244 -1.40207703e-08
v 0.27255249 1.01715088 -2.43267095e-08
v 0.377376556 0.983093262 -3.40883162e-08
v 0.478065491 0.938262939 -4.1282874e-08
v 0.573516846 0.883148193 -5.20039976e-08
v 0.662689209 0.818359375 -5.91680873e-08
v 0.744598389 0.744606018 -6.64813342e-08
v 0.818351746 0.662696838 -7.30669854e-08
v 0.883132935 0.573524475 -7.80519258e-08
v 0.938247681 0.478065491 -8.29732016e-08
v 0.983078003 0.377372742 -8.89731382e-08
v 1.01713562 0.272544861 -9.04165063e-08
v 1.04005432 0.164730072 -9.36606739e-08
v 1.05157471 0.0551109314 -9.30913302e-08
v 1.05157471 -0.0551109314 -9.22927939e-08
v 1.04005432 -0.164730072 -9.36606739e-08
v 1.01713562 -0.272544861 -9.08157745e-08
v 0.983078003 -0.377372742 -8.81736923e-08
v 0.938247681 -0.478065491 -8.41710062e-08
v 0.883132935 -0.573524475 -7.80519258e-08
v 0.818351746 -0.662696838 -7.38655217e-08
v 0.744598389 -0.744606018 -6.6082066e-08
v 0.662689209 -0.818359375 -6.03658918e-08
v 0.573516846 -0.883148193 -5.2004907e-08
v 1.0115509 -0.272544861 -0.106318474
v 0.977676392 -0.377376556 -0.102758408
v 0.93309021 -0.47807312 -0.098072052
v 0.878295898 -0.573524475 -0.0923118591
v 0.813858032 -0.662696838 -0.0855398178
v 0.740509033 -0.744613647 -0.0778303146
v 0.659049988 -0.818367004 -0.0692691803
v 1.03434753 -0.164731979 -0.108715057
v 1.04580688 -0.0551118851 -0.109918594
v 1.04580688 0.0551118851 -0.109918594
v 1.03434753 0.164731979 -0.108715057
v 1.0115509 0.272544861 -0.106318474
v 0.977676392 0.377376556 -0.102758408
v 0.93309021 0.47807312 -0.098072052
v 0.878295898 0.573524475 -0.0923118591
v 0.813858032 0.662696838 -0.0855398178
v 0.740509033 0.744613647 -0.0778303146
v 0.659049988 0.818367004 -0.0692691803
v 0.570365906 0.883148193 -0.0599479675
v 0.475440979 0.938262939 -0.0499706268
v 0.375297546 0.983093262 -0.0394454002
v 0.2710495 1.01716614 -0.028488636
v 0.160820007 1.0411377 -0.0169026852
v 0.102035522 1.04818726 -0.0107243061
v 0.060836792 1.05072021 -4.90911134e-09
v 0.05950737 1.05072021 -0.0126487017
v 0 1.05303955 0
v 0.158166885 1.04112244 -0.0336194038
v 0.266597748 1.01715088 -0.0566663742
v 0.369129181 0.983093262 -0.0784606934
v 0.46762085 0.938262939 -0.099395752
v 0.56098938 0.883148193 -0.119241714
v 0.648208618 0.818359375 -0.137781143
v 0.72833252 0.744606018 -0.154811859
v 0.800468445 0.662696838 -0.170145035
v 0.863845825 0.573524475 -0.183614731
v 0.917755127 0.478065491 -0.195074081
v 0.961593628 0.377372742 -0.204395294
v 0.994918823 0.272544861 -0.211475372
v 1.01733398 0.164730072 -0.216239929
v 1.02859497 0.0551109314 -0.218635559
v 1.02859497 -0.0551109314 -0.218635559
v 1.01733398 -0.164730072 -0.216239929
v 0.994918823 -0.272544861 -0.211475372
v 0.961593628 -0.377372742 -0.204395294
v 0.917755127 -0.478065491 -0.195074081
v 0.863845825 -0.573524475 -0.183614731
v 0.800468445 -0.662696838 -0.170145035
v 0.72833252 -0.744606018 -0.154811859
v 1.00009155 -0.0551118851 -0.324951172
v 0.989135742 -0.164731979 -0.321392059
v 0.967346191 -0.272544861 -0.314308167
v 0.934951782 -0.377376556 -0.303783417
v 0.892318726 -0.47807312 -0.289932251
v 0.839904785 -0.573524475 -0.272899628
v 0.778289795 -0.662696838 -0.252880096
v 1.00009155 0.0551118851 -0.324951172
v 0.989135742 0.164731979 -0.321392059
v 0.967346191 0.272544861 -0.314308167
v 0.934951782 0.377376556 -0.303783417
v 0.892318726 0.47807312 -0.289932251
v 0.839904785 0.573524475 -0.272899628
v 0.778289795 0.662696838 -0.252880096
v 0.708145142 0.744613647 -0.230091095
v 0.630241394 0.818367004 -0.204778671
v 0.545440674 0.883148193 -0.177223206
v 0.454658508 0.938262939 -0.147727966
v 0.358898163 0.983093262 -0.116613388
v 0.259204865 1.01716614 -0.0842208862
v 0.153791428 1.0411377 -0.0499696732
v 0.0975761414 1.04818726 -0.0317044258
v 0.05950737 1.05072021 -0.0126487017
v 0.0555772781 1.05072021 -0.0247445107
v 0 1.05303955 0
v 0.147720337 1.04112244 -0.0657701492
v 0.248989105 1.01715088 -0.11085701
v 0.344749451 0.983093262 -0.153491974
v 0.436737061 0.938262939 -0.194446564
v 0.523933411 0.883148193 -0.233272552
v 0.605400085 0.818359375 -0.269538879
v 0.680229187 0.744606018 -0.302856445
v 0.74760437 0.662696838 -0.332855225
v 0.806785583 0.573524475 -0.359207153
v 0.857131958 0.478065491 -0.381622314
v 0.898086548 0.377372742 -0.399856567
v 0.929199219 0.272544861 -0.413707733
v 0.950134277 0.164730072 -0.423030853
v 0.960662842 0.0551109314 -0.427715302
v 0.960662842 -0.0551109314 -0.427715302
v 0.950134277 -0.164730072 -0.423030853
v 0.929199219 -0.272544861 -0.413707733
v 0.898086548 -0.377372742 -0.399856567
v 0.857131958 -0.478065491 -0.381622314
v 0.806785583 -0.573524475 -0.359207153
v 0.90071106 0.164731979 -0.520019531
v 0.910675049 0.0551118851 -0.525779724
v 0.910675049 -0.0551118851 -0.525779724
v 0.90071106 -0.164731979 -0.520019531
v 0.880859375 -0.272544861 -0.508560181
v 0.851364136 -0.377376556 -0.491531372
v 0.812538147 -0.47807312 -0.469116211
v 0.880859375 0.272544861 -0.508560181
v 0.851364136 0.377376556 -0.491531372
v 0.812538147 0.47807312 -0.469116211
v 0.764808655 0.573524475 -0.441566467
v 0.708702087 0.662696838 -0.409172058
v 0.644828796 0.744613647 -0.37229538
v 0.573898315 0.818367004 -0.33134079
v 0.496673584 0.883148193 -0.286754608
v 0.414009094 0.938262939 -0.239028931
v 0.326808929 0.983093262 -0.188682556
v 0.236030579 1.01716614 -0.13627243
v 0.140041351 1.0411377 -0.0808525085
v 0.0888519287 1.04818726 -0.0512986183
v 0.0555772781 1.05072021 -0.0247445107
v 0.0492181778 1.05072021 -0.0357589722
v 0 1.05303955 0
v 0.130819321 1.04112244 -0.0950450897
v 0.220500946 1.01715088 -0.160202026
v 0.305301666 0.983093262 -0.221817017
v 0.386764526 0.938262939 -0.28099823
v 0.463989258 0.883148193 -0.337104797
v 0.536125183 0.818359375 -0.389518738
v 0.602394104 0.744606018 -0.437667847
v 0.662063599 0.662696838 -0.481018066
v 0.714477539 0.573524475 -0.519096375
v 0.759063721 0.478065491 -0.551490784
v 0.795333862 0.377372742 -0.577842712
v 0.822883606 0.272544861 -0.597862244
v 0.841423035 0.164730072 -0.611328125
v 0.850746155 0.0551109314 -0.618103027
v 0.850746155 -0.0551109314 -0.618103027
v 0.841423035 -0.164730072 -0.611328125
v 0.822883606 -0.272544861 -0.597862244
v 0.795333862 -0.377372742 -0.577842712
v 0.730560303 0.377376556 -0.657798767
v 0.755874634 0.272544861 -0.680587769
v 0.772903442 0.164731979 -0.695922852
v 0.781463623 0.0551118851 -0.703636169
v 0.781463623 -0.0551118851 -0.703636169
v 0.772903442 -0.164731979 -0.695922852
v 0.755874634 -0.272544861 -0.680587769
v 0.697242737 0.47807312 -0.627799988
v 0.656288147 0.573524475 -0.590927124
v 0.608146667 0.662696838 -0.547576904
v 0.553337097 0.744613647 -0.49822998
v 0.492469788 0.818367004 -0.44342041
v 0.426200867 0.883148193 -0.383750916
v 0.355266571 0.938262939 -0.319881439
v 0.280437469 0.983093262 -0.252506256
v 0.202539444 1.01716614 -0.182367325
v 0.120170593 1.0411377 -0.108201981
v 0.0762443542 1.04818726 -0.0686511993
v 0.0492181778 1.05072021 -0.0357589722
v 0.040708065 1.05072021 -0.0452108383
v 0 1.05303955 0
v 0.108198166 1.04112244 -0.120166779
v 0.182373047 1.01715088 -0.202545166
v 0.252513885 0.983093262 -0.280445099
v 0.319889069 0.938262939 -0.355270386
v 0.383758545 0.883148193 -0.426208496
v 0.44342804 0.818359375 -0.492477417
v 0.49823761 0.744606018 -0.553344727
v 0.547584534 0.662696838 -0.608154297
v 0.590934753 0.573524475 -0.656303406
v 0.627815247 0.478065491 -0.697257996
v 0.657814026 0.377372742 -0.730575562
v 0.680603027 0.272544861 -0.755882263
v 0.69593811 0.164730072 -0.772911072
v 0.703643799 0.0551109314 -0.781478882
v 0.703643799 -0.0551109314 -0.781478882
v 0.69593811 -0.164730072 -0.772911072
v 0.519088745 0.573524475 -0.71446228
v 0.551483154 0.47807312 -0.759048462
v 0.577835083 0.377376556 -0.795318604
v 0.597854614 0.272544861 -0.822875977
v 0.611320496 0.164731979 -0.841415405
v 0.618095398 0.0551118851 -0.850730896
v 0.618095398 -0.0551118851 -0.850730896
v 0.481010437 0.662696838 -0.66204834
v 0.437660217 0.744613647 -0.602386475
v 0.389511108 0.818367004 -0.536117554
v 0.337100983 0.883148193 -0.463981628
v 0.280994415 0.938262939 -0.386756897
v 0.221809387 0.983093262 -0.305294037
v 0.160198212 1.01716614 -0.220493317
v 0.0950479507 1.0411377 -0.130821228
v 0.0603046417 1.04818726 -0.0830030441
v 0.040708065 1.05072021 -0.0452108383
v 0.030418396 1.05072021 -0.0526862144
v 0 1.05303955 0
v 0.0808506012 1.04112244 -0.140037537
v 0.136276245 1.01715088 -0.236038208
v 0.188688278 0.983093262 -0.326816559
v 0.239032745 0.938262939 -0.414016724
v 0.286758423 0.883148193 -0.496681213
v 0.331344604 0.818359375 -0.573905945
v 0.372299194 0.744606018 -0.644844055
v 0.409175873 0.662696838 -0.708717346
v 0.441566467 0.573524475 -0.764823914
v 0.46912384 0.478065491 -0.812545776
v 0.491539001 0.377372742 -0.851371765
v 0.50856781 0.272544861 -0.880874634
v 0.520027161 0.164730072 -0.90071106
v 0.525787354 0.0551109314 -0.910690308
v 0.302852631 0.744613647 -0.680213928
v 0.332847595 0.662696838 -0.747589111
v 0.359199524 0.573524475 -0.806777954
v 0.381614685 0.47807312 -0.857124329
v 0.399848938 0.377376556 -0.898071289
v 0.413703918 0.272544861 -0.929199219
v 0.423023224 0.164731979 -0.950134277
v 0.269535065 0.818367004 -0.605384827
v 0.233268738 0.883148193 -0.523925781
v 0.194442749 0.938262939 -0.436729431
v 0.153488159 0.983093262 -0.344741821
v 0.110853195 1.01716614 -0.248981476
v 0.0657711029 1.0411377 -0.147724152
v 0.0417299271 1.04818726 -0.0937271118
v 0.030418396 1.05072021 -0.0526862144
v 0.0187995434 1.05072021 -0.0578594208
v 0 1.05303955 0
v 0.0499682426 1.04112244 -0.153787613
v 0.0842227936 1.01715088 -0.259212494
v 0.116615295 0.983093262 -0.358905792
v 0.147729874 0.938262939 -0.454666138
v 0.17722702 0.883148193 -0.545448303
v 0.204782486 0.818359375 -0.630256653
v 0.23009491 0.744606018 -0.7081604
v 0.252883911 0.662696838 -0.778297424
v 0.272903442 0.573524475 -0.839920044
v 0.289936066 0.478065491 -0.892333984
v 0.303787231 0.377372742 -0.934967041
v 0.314315796 0.272544861 -0.96736145
v 0.119239807 0.883148193 -0.560974121
v 0.137779236 0.818367004 -0.648200989
v 0.154808044 0.744613647 -0.728317261
v 0.170143127 0.662696838 -0.800460815
v 0.183612823 0.573524475 -0.863830566
v 0.195070267 0.47807312 -0.917739868
v 0.204391479 0.377376556 -0.961578369
v 0.0993938446 0.938262939 -0.46761322
v 0.078458786 0.983093262 -0.369121552
v 0.0566654205 1.01716614 -0.266590118
v 0.0336203575 1.0411377 -0.1581707
v 0.0213310719 1.04818726 -0.100355148
v 0.0187995434 1.05072021 -0.0578594208
v 0.00635915995 1.05072021 -0.0605039597
v 0 1.05303955 0
v 0.0169022083 1.04112244 -0.160814285
v 0.0284895897 1.01715088 -0.271057129
v 0.0394463539 0.983093262 -0.37530899
v 0.0499715805 0.938262939 -0.475448608
v 0.0599489212 0.883148193 -0.570381165
v 0.069270134 0.818359375 -0.659057617
v 0.077832222 0.744606018 -0.740524292
v 0.0855407715 0.662696838 -0.813873291
v 0.0923128128 0.573524475 -0.878295898
v 0.0980739594 0.478065491 -0.933105469
v -6.55199983e-08 0.983093262 -0.377365112
v -8.02983777e-08 0.938262939 -0.478057861
v -9.5876203e-08 0.883148193 -0.573509216
v -1.12653652e-07 0.818367004 -0.66268158
v -1.29430191e-07 0.744613647 -0.744590759
v -1.36611561e-07 0.662696838 -0.818344116
v -1.44600563e-07 0.573524475 -0.883132935
v -4.83469194e-08 1.01716614 -0.272544861
v -2.69169504e-08 1.0411377 -0.161705017
v -1.70607564e-08 1.04818726 -0.102597237
v 0.00635915995 1.05072021 -0.0605039597
v -0.00635921955 1.05072021 -0.0605039597
v 0 1.05303955 0
v -0.0169024467 1.04112244 -0.160814285
v -0.0284895897 1.01715088 -0.271057129
v -0.0394463539 0.983093262 -0.37530899
v -0.0499715805 0.938262939 -0.475448608
v -0.0599489212 0.883148193 -0.570381165
v -0.069270134 0.818359375 -0.659057617
v -0.077832222 0.744606018 -0.740524292
v -0.0855417252 0.662696838 -0.813873291
v -0.0336203575 1.0411377 -0.1581707
v -0.0566654205 1.01716614 -0.266590118
v -0.078458786 0.983093262 -0.369121552
v -0.0993938446 0.938262939 -0.46761322
v -0.119239807 0.883148193 -0.560974121
v -0.137779236 0.818367004 -0.648200989
v -0.154808044 0.744613647 -0.728317261
v -0.0213310719 1.04818726 -0.100355148
v -0.00635921955 1.05072021 -0.0605039597
v -0.0187997818 1.05072021 -0.0578594208
v 0 1.05303955 0
v -0.0499682426 1.04112244 -0.153787613
v -0.0842227936 1.01715088 -0.259212494
v -0.116615295 0.983093262 -0.358905792
v -0.147729874 0.938262939 -0.454666138
v -0.17722702 0.883148193 -0.545448303
v -0.204782486 0.818359375 -0.630256653
v -0.0657711029 1.0411377 -0.147724152
v -0.110853195 1.01716614 -0.248981476
v -0.153488159 0.983093262 -0.344741821
v -0.194442749 0.938262939 -0.436729431
v -0.233268738 0.883148193 -0.523925781
v -0.0417299271 1.04818726 -0.0937271118
v -0.0187997818 1.05072021 -0.0578594208
v -0.030418396 1.05072021 -0.0526862144
v 0 1.05303955 0
v -0.0808506012 1.04112244 -0.140037537
v -0.136276245 1.01715088 -0.236038208
v -0.188688278 0.983093262 -0.326816559
v -0.239032745 0.938262939 -0.414016724
v -0.269535065 0.818367004 -0.605384827
v -0.286758423 0.883148193 -0.496681213
v -0.23009491 0.744606018 -0.7081604
v -0.170143127 0.662696838 -0.800460815
v -0.0923137665 0.573524475 -0.878295898
v -1.58997864e-07 0.47807312 -0.938232422
v 0.102760315 0.377372742 -0.97769165
v 0.211473465 0.272544861 -0.994903564
v 0.321395874 0.164730072 -0.989151001
v 0.427711487 0.0551118851 -0.960647583
v 0.525787354 -0.0551109314 -0.910690308
v 0.611320496 -0.164731979 -0.841415405
v 0.680603027 -0.272544861 -0.755882263
v 0.730560303 -0.377376556 -0.657798767
v 0.759063721 -0.478065491 -0.551490784
v 0.764808655 -0.573524475 -0.441566467
v 0.74760437 -0.662696838 -0.332855225
v 0.708145142 -0.744613647 -0.230091095
v 0.648208618 -0.818359375 -0.137781143
v 0.570365906 -0.883148193 -0.0599479675
v 0.478065491 -0.938262939 -4.26821316e-08
v 0.375297546 -0.983093262 0.0394454002
v 0.266597748 -1.01715088 0.0566663742
v 0.153791428 -1.0411377 0.0499696732
v 0.0975751877 -1.04818726 0.0317044258
v 0.0555772781 -1.05072021 0.0247445107
v 0.05950737 -1.05072021 0.0126487017
v 0 -1.05303955 0
v 0.158166885 -1.04112244 0.0336194038
v 0.2710495 -1.01716614 0.028488636
v 0.377376556 -0.983093262 -3.34894139e-08
v 0.475440979 -0.938262939 -0.0499706268
v 0.56098938 -0.883148193 -0.119241714
v 0.630241394 -0.818367004 -0.204778671
v 0.680229187 -0.744606018 -0.302856445
v 0.708702087 -0.662696838 -0.409172058
v 0.714477539 -0.573524475 -0.519096375
v 0.697242737 -0.47807312 -0.627799988
v 0.657814026 -0.377372742 -0.730575562
v 0.597854614 -0.272544861 -0.822875977
v 0.520027161 -0.164730072 -0.90071106
v 0.427711487 -0.0551118851 -0.960647583
v 0.324954987 0.0551109314 -1.00010681
v 0.216236115 0.164731979 -1.01731873
v 0.106320381 0.272544861 -1.01156616
v -1.69384293e-07 0.377376556 -0.983062744
v -0.0980739594 0.478065491 -0.933105469
v -0.183612823 0.573524475 -0.863830566
v -0.252883911 0.662696838 -0.778297424
v -0.302852631 0.744613647 -0.680213928
v -0.331344604 0.818359375 -0.573905945
v 0.108715057 0.164730072 -1.03436279
v -1.6695958e-07 0.272544861 -1.01712036
v -0.102760315 0.377372742 -0.97769165
v -0.195070267 0.47807312 -0.917739868
v -0.272907257 0.573524475 -0.839920044
v -0.332847595 0.662696838 -0.747589111
v -0.372299194 0.744606018 -0.644844055
v 0.218631744 0.0551118851 -1.02857971
v 0.324954987 -0.0551109314 -1.00010681
v 0.423023224 -0.164731979 -0.950134277
v 0.50856781 -0.272544861 -0.880874634
v 0.577835083 -0.377376556 -0.795318604
v 0.627815247 -0.478065491 -0.697257996
v 0.656288147 -0.573524475 -0.590927124
v 0.662063599 -0.662696838 -0.481018066
v 0.644828796 -0.744613647 -0.37229538
v 0.605400085 -0.818359375 -0.269538879
v 0.545440674 -0.883148193 -0.177223206
v 0.46762085 -0.938262939 -0.099395752
v 0.375297546 -0.983093262 -0.0394454002
v 0.27255249 -1.01715088 -2.44260718e-08
v 0.160820007 -1.0411377 0.0169026852
v 0.102035522 -1.04818726 0.0107243061
v 0.05950737 -1.05072021 0.0126487017
v 0.060836792 -1.05072021 -4.9344635e-09
v 0 -1.05303955 0
v 0.161701202 -1.04112244 -1.40596512e-08
v 0.2710495 -1.01716614 -0.028488636
v 0.369129181 -0.983093262 -0.0784606934
v 0.454658508 -0.938262939 -0.147727966
v 0.523933411 -0.883148193 -0.233272552
v 0.573898315 -0.818367004 -0.33134079
v 0.602394104 -0.744606018 -0.437667847
v 0.608146667 -0.662696838 -0.547576904
v 0.590934753 -0.573524475 -0.656303406
v 0.551483154 -0.47807312 -0.759048462
v 0.491539001 -0.377372742 -0.851371765
v 0.413703918 -0.272544861 -0.929199219
v 0.321395874 -0.164730072 -0.989151001
v 0.218631744 -0.0551118851 -1.02857971
v 0.109920502 0.0551109314 -1.04582214
v -1.773642e-07 0.164731979 -1.04003906
v -0.106320381 0.272544861 -1.01156616
v -0.204391479 0.377376556 -0.961578369
v -0.289936066 0.478065491 -0.892333984
v -0.359199524 0.573524475 -0.806777954
v -0.409175873 0.662696838 -0.708717346
v 0.109920502 -0.0551109314 -1.04582214
v -1.7415914e-07 0.0551118851 -1.05155945
v -0.108715057 0.164730072 -1.03436279
v -0.211473465 0.272544861 -0.994903564
v -0.303791046 0.377372742 -0.934967041
v -0.381614685 0.47807312 -0.857124329
v -0.441566467 0.573524475 -0.764823914
v 0.216236115 -0.164731979 -1.01731873
v 0.314315796 -0.272544861 -0.96736145
v 0.399848938 -0.377376556 -0.898071289
v 0.46912384 -0.478065491 -0.812545776
v 0.519088745 -0.573524475 -0.71446228
v 0.547584534 -0.662696838 -0.608154297
v 0.553337097 -0.744613647 -0.49822998
v 0.536125183 -0.818359375 -0.389518738
v 0.496673584 -0.883148193 -0.286754608
v 0.436737061 -0.938262939 -0.194446564
v 0.358898163 -0.983093262 -0.116613388
v 0.266597748 -1.01715088 -0.0566663742
v 0.160820007 -1.0411377 -0.0169026852
v 0.102035522 -1.04818726 -0.0107243061
v 0.060836792 -1.05072021 -4.9344635e-09
v 0.05950737 -1.05072021 -0.0126487017
v 0 -1.05303955 0
v 0.158166885 -1.04112244 -0.0336194038
v 0.259204865 -1.01716614 -0.0842208862
v 0.344749451 -0.983093262 -0.153491974
v 0.414009094 -0.938262939 -0.239028931
v 0.463989258 -0.883148193 -0.337104797
v 0.492469788 -0.818367004 -0.44342041
v 0.49823761 -0.744606018 -0.553344727
v 0.481010437 -0.662696838 -0.66204834
v 0.441566467 -0.573524475 -0.764823914
v 0.381614685 -0.47807312 -0.857124329
v 0.303787231 -0.377372742 -0.934967041
v 0.211473465 -0.272544861 -0.994903564
v 0.108715057 -0.164730072 -1.03436279
v -1.69329724e-07 -0.0551118851 -1.05155945
v -0.109920502 0.0551109314 -1.04582214
v -0.216236115 0.164731979 -1.01731873
v -0.314315796 0.272544861 -0.96736145
v -0.399848938 0.377376556 -0.898071289
v -0.46912384 0.478065491 -0.812545776
v 0.106320381 -0.272544861 -1.01156616
v -1.70946805e-07 -0.164731979 -1.04003906
v -0.109920502 -0.0551109314 -1.04582214
v -0.218631744 0.0551118851 -1.02857971
v -0.321395874 0.164730072 -0.989151001
v -0.413703918 0.272544861 -0.929199219
v -0.491539001 0.377372742 -0.851371765
v 0.204391479 -0.377376556 -0.961578369
v 0.289936066 -0.478065491 -0.892333984
v 0.359199524 -0.573524475 -0.806777954
v 0.409175873 -0.662696838 -0.708717346
v 0.437660217 -0.744613647 -0.602386475
v 0.44342804 -0.818359375 -0.492477417
v 0.426200867 -0.883148193 -0.383750916
v 0.386764526 -0.938262939 -0.28099823
v 0.326808929 -0.983093262 -0.188682556
v 0.248989105 -1.01715088 -0.11085701
v 0.153791428 -1.0411377 -0.0499696732
v 0.0975761414 -1.04818726 -0.0317044258
v 0.05950737 -1.05072021 -0.0126487017
v 0.0555772781 -1.05072021 -0.0247445107
v 0 -1.05303955 0
v 0.147720337 -1.04112244 -0.0657701492
v 0.236030579 -1.01716614 -0.13627243
v 0.305301666 -0.983093262 -0.221817017
v 0.355266571 -0.938262939 -0.319881439
v 0.383758545 -0.883148193 -0.426208496
v 0.389511108 -0.818367004 -0.536117554
v 0.372299194 -0.744606018 -0.644844055
v 0.332847595 -0.662696838 -0.747589111
v 0.272903442 -0.573524475 -0.839920044
v 0.195070267 -0.47807312 -0.917739868
v 0.102760315 -0.377372742 -0.97769165
v -1.68567567e-07 -0.272544861 -1.01712036
v -0.108715057 -0.164730072 -1.03436279
v -0.218631744 -0.0551118851 -1.02857971
v -0.324954987 0.0551109314 -1.00010681
v -0.423023224 0.164731979 -0.950134277
v -0.50856781 0.272544861 -0.880874634
v 0.0980739594 -0.478065491 -0.933105469
v -1.67776307e-07 -0.377376556 -0.983062744
v -0.106320381 -0.272544861 -1.01156616
v -0.216236115 -0.164731979 -1.01731873
v -0.324954987 -0.0551109314 -1.00010681
v -0.427711487 0.0551118851 -0.960647583
v -0.520027161 0.164730072 -0.90071106
v 0.183612823 -0.573524475 -0.863830566
v 0.252883911 -0.662696838 -0.778297424
v 0.302852631 -0.744613647 -0.680213928
v 0.331344604 -0.818359375 -0.573905945
v 0.337100983 -0.883148193 -0.463981628
v 0.319889069 -0.938262939 -0.355270386
v 0.280437469 -0.983093262 -0.252506256
v 0.220500946 -1.01715088 -0.160202026
v 0.140041351 -1.0411377 -0.0808525085
v 0.0888519287 -1.04818726 -0.0512986183
v 0.0555772781 -1.05072021 -0.0247445107
v 0.0492181778 -1.05072021 -0.0357589722
v 0 -1.05303955 0
v 0.130819321 -1.04112244 -0.0950450897
v 0.202539444 -1.01716614 -0.182367325
v 0.252513885 -0.983093262 -0.280445099
v 0.280994415 -0.938262939 -0.386756897
v 0.286758423 -0.883148193 -0.496681213
v 0.269535065 -0.818367004 -0.605384827
v 0.23009491 -0.744606018 -0.7081604
v 0.170143127 -0.662696838 -0.800460815
v 0.0923128128 -0.573524475 -0.878295898
v -1.55785528e-07 -0.47807312 -0.938232422
v -0.102760315 -0.377372742 -0.97769165
v -0.211473465 -0.272544861 -0.994903564
v -0.321395874 -0.164730072 -0.989151001
v -0.427711487 -0.0551118851 -0.960647583
v -0.525787354 0.0551109314 -0.910690308
v 0.0855407715 -0.662696838 -0.813873291
v -1.42994395e-07 -0.573524475 -0.883132935
v -0.0980739594 -0.478065491 -0.933105469
v -0.204391479 -0.377376556 -0.961578369
v -0.314315796 -0.272544861 -0.96736145
v -0.423023224 -0.164731979 -0.950134277
v -0.525787354 -0.0551109314 -0.910690308
v 0.154808044 -0.744613647 -0.728317261
v 0.204782486 -0.818359375 -0.630256653
v 0.233268738 -0.883148193 -0.523925781
v 0.239032745 -0.938262939 -0.414016724
v 0.221809387 -0.983093262 -0.305294037
v 0.182373047 -1.01715088 -0.202545166
v 0.120170593 -1.0411377 -0.108201981
v 0.0762443542 -1.04818726 -0.0686511993
v 0.0492181778 -1.05072021 -0.0357589722
v 0.040708065 -1.05072021 -0.0452108383
v 0 -1.05303955 0
v 0.108198166 -1.04112244 -0.120166779
v 0.160198212 -1.01716614 -0.220493317
v 0.188688278 -0.983093262 -0.326816559
v 0.194442749 -0.938262939 -0.436729431
v 0.17722702 -0.883148193 -0.545448303
v 0.137779236 -0.818367004 -0.648200989
v 0.077832222 -0.744606018 -0.740524292
v -1.36611561e-07 -0.662696838 -0.818344116
v -0.0923137665 -0.573524475 -0.878295898
v -0.195070267 -0.47807312 -0.917739868
v -0.303791046 -0.377372742 -0.934967041
v -0.413703918 -0.272544861 -0.929199219
v -0.520027161 -0.164730072 -0.90071106
v 0.069270134 -0.818359375 -0.659057617
v -1.27824023e-07 -0.744613647 -0.744590759
v -0.0855417252 -0.662696838 -0.813873291
v -0.183612823 -0.573524475 -0.863830566
v -0.289936066 -0.478065491 -0.892333984
v -0.399848938 -0.377376556 -0.898071289
v -0.50856781 -0.272544861 -0.880874634
v 0.119239807 -0.883148193 -0.560974121
v 0.147729874 -0.938262939 -0.454666138
v 0.153488159 -0.983093262 -0.344741821
v 0.136276245 -1.01715088 -0.236038208
v 0.0950479507 -1.0411377 -0.130821228
v 0.0603046417 -1.04818726 -0.0830030441
v 0.040708065 -1.05072021 -0.0452108383
v 0.030418396 -1.05072021 -0.0526862144
v 0 -1.05303955 0
v 0.0808506012 -1.04112244 -0.140037537
v 0.110853195 -1.01716614 -0.248981476
v 0.116615295 -0.983093262 -0.358905792
v 0.0993938446 -0.938262939 -0.46761322
v 0.0599489212 -0.883148193 -0.570381165
v -1.10238034e-07 -0.818367004 -0.66268158
v -0.077832222 -0.744606018 -0.740524292
v -0.170143127 -0.662696838 -0.800460815
v -0.272907257 -0.573524475 -0.839920044
v -0.381614685 -0.47807312 -0.857124329
v -0.491539001 -0.377372742 -0.851371765
v 0.0499715805 -0.938262939 -0.475448608
v -9.10567906e-08 -0.883148193 -0.573509216
v -0.069270134 -0.818359375 -0.659057617
v -0.154808044 -0.744613647 -0.728317261
v -0.252883911 -0.662696838 -0.778297424
v -0.359199524 -0.573524475 -0.806777954
v -0.46912384 -0.478065491 -0.812545776
v 0.078458786 -0.983093262 -0.369121552
v 0.0842227936 -1.01715088 -0.259212494
v 0.0657711029 -1.0411377 -0.147724152
v 0.0417299271 -1.04818726 -0.0937271118
v 0.030418396 -1.05072021 -0.0526862144
v 0.0187995434 -1.05072021 -0.0578594208
v 0 -1.05303955 0
v 0.0499682426 -1.04112244 -0.153787613
v 0.0566654205 -1.01716614 -0.266590118
v 0.0394463539 -0.983093262 -0.37530899
v -7.70842234e-08 -0.938262939 -0.478057861
v -0.0599489212 -0.883148193 -0.570381165
v -0.137779236 -0.818367004 -0.648200989
v -0.23009491 -0.744606018 -0.7081604
v -0.332847595 -0.662696838 -0.747589111
v -0.441566467 -0.573524475 -0.764823914
v 0.0284895897 -1.01715088 -0.271057129
v -6.4716005e-08 -0.983093262 -0.377365112
v -0.0499715805 -0.938262939 -0.475448608
v -0.119239807 -0.883148193 -0.560974121
v -0.204782486 -0.818359375 -0.630256653
v -0.302852631 -0.744613647 -0.680213928
v -0.409175873 -0.662696838 -0.708717346
v 0.0336203575 -1.0411377 -0.1581707
v 0.0213310719 -1.04818726 -0.100355148
v 0.0187995434 -1.05072021 -0.0578594208
v 0.00635915995 -1.05072021 -0.0605039597
v 0 -1.05303955 0
v 0.0169022083 -1.04112244 -0.160814285
v -4.83437361e-08 -1.01716614 -0.272544861
v -0.0394463539 -0.983093262 -0.37530899
v -0.0993938446 -0.938262939 -0.46761322
v -0.17722702 -0.883148193 -0.545448303
v -0.269535065 -0.818367004 -0.605384827
v -0.372299194 -0.744606018 -0.644844055
v -2.75617822e-08 -1.0411377 -0.161705017
v -0.0284895897 -1.01715088 -0.271057129
v -0.078458786 -0.983093262 -0.369121552
v -0.147729874 -0.938262939 -0.454666138
v -0.233268738 -0.883148193 -0.523925781
v -1.71885404e-08 -1.04818726 -0.102597237
v 0.00635915995 -1.05072021 -0.0605039597
v -0.00635921955 -1.05072021 -0.0605039597
v 0 -1.05303955 0
v -0.0169024467 -1.04112244 -0.160814285
v -0.0566654205 -1.01716614 -0.266590118
v -0.116615295 -0.983093262 -0.358905792
v -0.331344604 -0.818359375 -0.573905945
v -0.194442749 -0.938262939 -0.436729431
v -0.286758423 -0.883148193 -0.496681213
v -0.0336203575 -1.0411377 -0.1581707
v -0.0842227936 -1.01715088 -0.259212494
v -0.153488159 -0.983093262 -0.344741821
v -0.0213310719 -1.04818726 -0.100355148
v -0.00635921955 -1.05072021 -0.0605039597
v -0.0187997818 -1.05072021 -0.0578594208
v 0 -1.05303955 0
v -0.0499682426 -1.04112244 -0.153787613
v -0.239032745 -0.938262939 -0.414016724
v -0.110853195 -1.01716614 -0.248981476
v -0.188688278 -0.983093262 -0.326816559
v -0.337100983 -0.883148193 -0.463981628
v -0.280994415 -0.938262939 -0.386756897
v -0.389514923 -0.818367004 -0.536117554
v -0.437660217 -0.744613647 -0.602386475
v -0.481010437 -0.662696838 -0.66204834
v -0.519088745 -0.573524475 -0.71446228
v -0.551483154 -0.47807312 -0.759048462
v -0.577835083 -0.377376556 -0.795318604
v -0.597854614 -0.272544861 -0.822875977
v -0.611320496 -0.164731979 -0.841415405
v -0.618095398 -0.0551118851 -0.850730896
v -0.618095398 0.0551118851 -0.850730896
v -0.611320496 0.164731979 -0.841415405
v -0.597854614 0.272544861 -0.822875977
v -0.577835083 0.377376556 -0.795318604
v -0.551483154 0.47807312 -0.759048462
v -0.519088745 0.573524475 -0.71446228
v -0.481010437 0.662696838 -0.66204834
v -0.437660217 0.744613647 -0.602386475
v -0.389514923 0.818367004 -0.536117554
v -0.337100983 0.883148193 -0.463981628
v -0.280994415 0.938262939 -0.386756897
v -0.221809387 0.983093262 -0.305294037
v -0.160198212 1.01716614 -0.220493317
v -0.0950479507 1.0411377 -0.130821228
v -0.0603046417 1.04818726 -0.0830030441
v -0.030418396 1.05072021 -0.0526862144
v -0.040708065 1.05072021 -0.0452108383
v 0 1.05303955 0
v -0.108198166 1.04112244 -0.120166779
v -0.182373047 1.01715088 -0.202545166
v -0.252513885 0.983093262 -0.280445099
v -0.319889069 0.938262939 -0.355270386
v -0.383758545 0.883148193 -0.426208496
v -0.44342804 0.818359375 -0.492477417
v -0.49823761 0.744606018 -0.553344727
v -0.547584534 0.662696838 -0.608154297
v -0.590934753 0.573524475 -0.656303406
v -0.627815247 0.478065491 -0.697257996
v -0.657814026 0.377372742 -0.730575562
v -0.680603027 0.272544861 -0.755882263
v -0.69593811 0.164730072 -0.772911072
v -0.703643799 0.0551109314 -0.781478882
v -0.703643799 -0.0551109314 -0.781478882
v -0.69593811 -0.164730072 -0.772911072
v -0.680603027 -0.272544861 -0.755882263
v -0.657814026 -0.377372742 -0.730575562
v -0.627815247 -0.478065491 -0.697257996
v -0.590934753 -0.573524475 -0.656303406
v -0.547584534 -0.662696838 -0.608154297
v -0.49823761 -0.744606018 -0.553344727
v -0.44342804 -0.818359375 -0.492477417
v -0.383758545 -0.883148193 -0.426208496
v -0.755874634 -0.272544861 -0.680587769
v -0.730560303 -0.377376556 -0.657798767
v -0.697242737 -0.47807312 -0.627799988
v -0.656288147 -0.573524475 -0.590927124
v -0.608146667 -0.662696838 -0.547576904
v -0.553337097 -0.744613647 -0.49822998
v -0.492469788 -0.818367004 -0.44342041
v -0.772903442 -0.164731979 -0.695922852
v -0.781463623 -0.0551118851 -0.703636169
v -0.781463623 0.0551118851 -0.703636169
v -0.772903442 0.164731979 -0.695922852
v -0.755874634 0.272544861 -0.680587769
v -0.730560303 0.377376556 -0.657798767
v -0.697242737 0.47807312 -0.627799988
v -0.656288147 0.573524475 -0.590927124
v -0.608146667 0.662696838 -0.547576904
v -0.553337097 0.744613647 -0.49822998
v -0.492469788 0.818367004 -0.44342041
v -0.426200867 0.883148193 -0.383750916
v -0.355266571 0.938262939 -0.319881439
v -0.280437469 0.983093262 -0.252506256
v -0.202539444 1.01716614 -0.182367325
v -0.120170593 1.0411377 -0.108201981
v -0.0762443542 1.04818726 -0.0686511993
v -0.040708065 1.05072021 -0.0452108383
v -0.0492181778 1.05072021 -0.0357589722
v 0 1.05303955 0
v -0.130819321 1.04112244 -0.0950450897
v -0.220500946 1.01715088 -0.160202026
v -0.305301666 0.983093262 -0.221817017
v -0.386764526 0.938262939 -0.28099823
v -0.463989258 0.883148193 -0.337104797
v -0.536125183 0.818359375 -0.389518738
v -0.602394104 0.744606018 -0.437667847
v -0.662063599 0.662696838 -0.481018066
v -0.714477539 0.573524475 -0.519096375
v -0.759063721 0.478065491 -0.551490784
v -0.795333862 0.377372742 -0.577842712
v -0.822883606 0.272544861 -0.597862244
v -0.841423035 0.164730072 -0.611328125
v -0.850746155 0.0551109314 -0.618103027
v -0.850746155 -0.0551109314 -0.618103027
v -0.841423035 -0.164730072 -0.611328125
v -0.822883606 -0.272544861 -0.597862244
v -0.795333862 -0.377372742 -0.577842712
v -0.759063721 -0.478065491 -0.551490784
v -0.714477539 -0.573524475 -0.519096375
v -0.662063599 -0.662696838 -0.481018066
v -0.602394104 -0.744606018 -0.437667847
v -0.910675049 -0.0551118851 -0.525779724
v -0.90071106 -0.164731979 -0.520019531
v -0.880859375 -0.272544861 -0.508560181
v -0.851364136 -0.377376556 -0.491531372
v -0.812538147 -0.47807312 -0.469116211
v -0.764808655 -0.573524475 -0.441566467
v -0.708702087 -0.662696838 -0.409172058
v -0.910675049 0.0551118851 -0.525779724
v -0.90071106 0.164731979 -0.520019531
v -0.880859375 0.272544861 -0.508560181
v -0.851364136 0.377376556 -0.491531372
v -0.812538147 0.47807312 -0.469116211
v -0.764808655 0.573524475 -0.441566467
v -0.708702087 0.662696838 -0.409172058
v -0.644836426 0.744613647 -0.37229538
v -0.573898315 0.818367004 -0.33134079
v -0.496673584 0.883148193 -0.286754608
v -0.414009094 0.938262939 -0.239028931
v -0.326808929 0.983093262 -0.188682556
v -0.236030579 1.01716614 -0.13627243
v -0.140041351 1.0411377 -0.0808525085
v -0.0888519287 1.04818726 -0.0512986183
v -0.0492181778 1.05072021 -0.0357589722
v -0.0555772781 1.05072021 -0.0247445107
v 0 1.05303955 0
v -0.147720337 1.04112244 -0.0657691956
v -0.248989105 1.01715088 -0.11085701
v -0.344749451 0.983093262 -0.153491974
v -0.436737061 0.938262939 -0.194446564
v -0.523933411 0.883148193 -0.233272552
v -0.605400085 0.818359375 -0.269538879
v -0.680229187 0.744606018 -0.302856445
v -0.74760437 0.662696838 -0.332855225
v -0.806785583 0.573524475 -0.359207153
v -0.857131958 0.478065491 -0.381622314
v -0.898086548 0.377372742 -0.399856567
v -0.929199219 0.272544861 -0.413707733
v -0.950134277 0.164730072 -0.423030853
v -0.960662842 0.0551109314 -0.427715302
v -0.960662842 -0.0551109314 -0.427715302
v -0.950134277 -0.164730072 -0.423030853
v -0.929199219 -0.272544861 -0.413707733
v -0.898086548 -0.377372742 -0.399856567
v -0.857131958 -0.478065491 -0.381622314
v -0.806785583 -0.573524475 -0.359207153
v -0.989135742 0.164731979 -0.321392059
v -1.00009155 0.0551118851 -0.324951172
v -1.00009155 -0.0551118851 -0.324951172
v -0.989135742 -0.164731979 -0.321392059
v -0.967346191 -0.272544861 -0.314308167
v -0.934951782 -0.377376556 -0.303783417
v -0.892318726 -0.47807312 -0.289932251
v -0.967346191 0.272544861 -0.314308167
v -0.934951782 0.377376556 -0.303783417
v -0.892318726 0.47807312 -0.289932251
v -0.839904785 0.573524475 -0.272899628
v -0.778289795 0.662696838 -0.252880096
v -0.708145142 0.744613647 -0.230091095
v -0.630249023 0.818367004 -0.204778671
v -0.545440674 0.883148193 -0.177223206
v -0.454658508 0.938262939 -0.147727966
v -0.358898163 0.983093262 -0.116613388
v -0.259204865 1.01716614 -0.0842208862
v -0.153791428 1.0411377 -0.0499696732
v -0.0975761414 1.04818726 -0.0317044258
v -0.0555772781 1.05072021 -0.0247445107
v -0.05950737 1.05072021 -0.0126487017
v 0 1.05303955 0
v -0.158166885 1.04112244 -0.0336194038
v -0.266597748 1.01715088 -0.0566663742
v -0.369129181 0.983093262 -0.0784606934
v -0.46762085 0.938262939 -0.099395752
v -0.56098938 0.883148193 -0.119241714
v -0.648208618 0.818359375 -0.137781143
v -0.72833252 0.744606018 -0.154811859
v -0.800468445 0.662696838 -0.170145035
v -0.863845825 0.573524475 -0.183614731
v -0.917755127 0.478065491 -0.195074081
v -0.961593628 0.377372742 -0.204393387
v -0.994918823 0.272544861 -0.211475372
v -1.01733398 0.164730072 -0.216239929
v -1.02859497 0.0551109314 -0.218635559
v -1.02859497 -0.0551109314 -0.218635559
v -1.01733398 -0.164730072 -0.216239929
v -0.994918823 -0.272544861 -0.211475372
v -0.961593628 -0.377372742 -0.204393387
v -0.917755127 -0.478065491 -0.195074081
v -0.863845825 -0.573524475 -0.183614731
v -0.839904785 -0.573524475 -0.272899628
v -0.800468445 -0.662696838 -0.170145035
v -0.778289795 -0.662696838 -0.252880096
v -0.72833252 -0.744606018 -0.154811859
v -0.74760437 -0.662696838 -0.332855225
v -0.708145142 -0.744613647 -0.230091095
v -0.648208618 -0.818359375 -0.137781143
v -0.644836426 -0.744613647 -0.37229538
v -0.680229187 -0.744606018 -0.302856445
v -0.630249023 -0.818367004 -0.204778671
v -0.56098938 -0.883148193 -0.119241714
v -0.536125183 -0.818359375 -0.389518738
v -0.573898315 -0.818367004 -0.33134079
v -0.605400085 -0.818359375 -0.269538879
v -0.545440674 -0.883148193 -0.177223206
v -0.46762085 -0.938262939 -0.099395752
v -0.426200867 -0.883148193 -0.383750916
v -0.463989258 -0.883148193 -0.337104797
v -0.496673584 -0.883148193 -0.286754608
v -0.523933411 -0.883148193 -0.233272552
v -0.454658508 -0.938262939 -0.147727966
v -0.369129181 -0.983093262 -0.0784606934
v -0.319889069 -0.938262939 -0.355270386
v -0.355266571 -0.938262939 -0.319881439
v -0.386764526 -0.938262939 -0.28099823
v -0.414009094 -0.938262939 -0.239028931
v -0.436737061 -0.938262939 -0.194446564
v -0.358898163 -0.983093262 -0.116613388
v -0.266597748 -1.01715088 -0.0566663742
v -0.221809387 -0.983093262 -0.305294037
v -0.252513885 -0.983093262 -0.280445099
v -0.280437469 -0.983093262 -0.252506256
v -0.305301666 -0.983093262 -0.221817017
v -0.326808929 -0.983093262 -0.188682556
v -0.344749451 -0.983093262 -0.153491974
v -0.136276245 -1.01715088 -0.236038208
v -0.160198212 -1.01716614 -0.220493317
v -0.182373047 -1.01715088 -0.202545166
v -0.202539444 -1.01716614 -0.182367325
v -0.220500946 -1.01715088 -0.160202026
v -0.236030579 -1.01716614 -0.13627243
v -0.248989105 -1.01715088 -0.11085701
v -0.0657711029 -1.0411377 -0.147724152
v -0.0808506012 -1.04112244 -0.140037537
v -0.0417299271 -1.04818726 -0.0937271118
v -0.0187997818 -1.05072021 -0.0578594208
v -0.030418396 -1.05072021 -0.0526862144
v 0 -1.05303955 0
v -0.0950479507 -1.0411377 -0.130821228
v -0.0603046417 -1.04818726 -0.0830030441
v -0.030418396 -1.05072021 -0.0526862144
v -0.108198166 -1.04112244 -0.120166779
v -0.040708065 -1.05072021 -0.0452108383
v 0 -1.05303955 0
v -0.120170593 -1.0411377 -0.108201981
v -0.0762443542 -1.04818726 -0.0686511993
v -0.040708065 -1.05072021 -0.0452108383
v -0.130819321 -1.04112244 -0.0950450897
v -0.0492181778 -1.05072021 -0.0357589722
v 0 -1.05303955 0
v -0.140041351 -1.0411377 -0.0808525085
v -0.0888519287 -1.04818726 -0.0512986183
v -0.0492181778 -1.05072021 -0.0357589722
v -0.0555772781 -1.05072021 -0.0247445107
v 0 -1.05303955 0
v -0.147720337 -1.04112244 -0.0657701492
v -0.259204865 -1.01716614 -0.0842208862
v -0.158166885 -1.04112244 -0.0336194038
v -0.153791428 -1.0411377 -0.0499696732
v -0.0975761414 -1.04818726 -0.0317044258
v -0.0555772781 -1.05072021 -0.0247445107
v -0.05950737 -1.05072021 -0.0126487017
v 0 -1.05303955 0
vt 0.975000262 0.983333528
vt 0.983333409 1
vt 0.991666913 0.983333528
vt 0.983333707 0.966667056
vt 1.00000036 0.950000405
vt 0.983333707 0.950000405
vt 1.00000036 0.916666985
vt 0.966667056 0.950000405
vt 0.983333707 0.916666985
vt 1.00000036 0.883333683
vt 0.983331859 0.883334875
vt 1.00000036 0.850000262
vt 0.966667056 0.916666985
vt 0.983331859 0.850001514
vt 1.00000036 0.816666961
vt 0.966663361 0.883336127
vt 0.983333707 0.816666961
vt 1.00000036 0.78333354
vt 0.966663361 0.850002766
vt 0.983333707 0.78333354
vt 1.00000036 0.750000238
vt 0.966667056 0.816666961
vt 0.983333707 0.750000238
vt 1.00000036 0.716666818
vt 0.966667056 0.78333354
vt 0.983333707 0.716666818
vt 1.00000036 0.683333516
vt 0.966667056 0.750000238
vt 0.983333707 0.683333516
vt 1.00000036 0.650000095
vt 0.966667056 0.716666818
vt 0.983259916 0.65003705
vt 1.00000036 0.616666794
vt 0.966667056 0.683333516
vt 0.98322463 0.616721272
vt 1.00000036 0.583333373
vt 0.966519415 0.650073946
vt 0.983298421 0.583351016
vt 1.00000036 0.550000072
vt 0.966448843 0.61677587
vt 0.983333707 0.550000072
vt 1.00000036 0.516666651
vt 0.966596484 0.583368659
vt 0.983333707 0.516666651
vt 1.00000036 0.483333349
vt 0.966667056 0.550000072
vt 0.983333707 0.483333349
vt 1.00000036 0.449999988
vt 0.966667056 0.516666651
vt 0.983333707 0.449999988
vt 1.00000036 0.416666687
vt 0.966667056 0.483333349
vt 0.983333707 0.416666687
vt 1.00000036 0.383333325
vt 0.966667056 0.449999988
vt 0.983333707 0.383333325
vt 1.00000036 0.350000024
vt 0.966667056 0.416666687
vt 0.983333707 0.350000024
vt 1.00000036 0.316666663
vt 0.966667056 0.383333325
vt 0.983594418 0.316579759
vt 1.00000036 0.283333361
vt 0.966667056 0.350000024
vt 0.983758092 0.28319189
vt 1.00000036 0.25
vt 0.967188537 0.316492856
vt 0.983497381 0.249945462
vt 1.00000036 0.216666669
vt 0.967515886 0.283050418
vt 0.983333707 0.216666669
vt 1.00000036 0.183333337
vt 0.966994405 0.249890894
vt 0.983333707 0.183333337
vt 1.00000036 0.150000006
vt 0.966667056 0.216666669
vt 0.983333707 0.150000006
vt 1.00000036 0.116666675
vt 0.966667056 0.183333337
vt 0.983333707 0.116666675
vt 1.00000036 0.0833333433
vt 0.966667056 0.150000006
vt 0.983333707 0.0833333433
vt 1.00000036 0.0500000045
vt 0.966667056 0.116666675
vt 0.983333707 0.0500000045
vt 0.991666913 0.0166666675
vt 0.966667056 0.0833333433
vt 0.95001018 0.216667682
vt 0.950001836 0.183333635
vt 0.950000405 0.150000006
vt 0.950000405 0.116933733
vt 0.950923264 0.249695882
vt 0.952404857 0.282531857
vt 0.951571226 0.316143066
vt 0.950081289 0.349973053
vt 0.950000405 0.383333325
vt 0.950000405 0.416666687
vt 0.950000405 0.449999988
vt 0.950000405 0.483333349
vt 0.950000405 0.516666651
vt 0.949998379 0.550001025
vt 0.948699415 0.583983898
vt 0.946892262 0.618220806
vt 0.948108673 0.650946021
vt 0.949917853 0.683374763
vt 0.950000405 0.716666818
vt 0.950000405 0.750000238
vt 0.950000405 0.78333354
vt 0.949860454 0.816760242
vt 0.94845438 0.851030946
vt 0.947962701 0.884692073
vt 0.949368775 0.917088091
vt 0.950000405 0.950000405
vt 0.950000405 0.966667056
vt 0.958333552 0.983333528
vt 0.941666842 0.983333528
vt 0.950000048 1
vt 0.933333695 0.950000405
vt 0.932070434 0.917509198
vt 0.929262042 0.886048079
vt 0.930245399 0.852059126
vt 0.933053792 0.816853523
vt 0.933333695 0.78333354
vt 0.933333695 0.750000238
vt 0.933333695 0.716666818
vt 0.93316865 0.683416009
vt 0.92969799 0.651818037
vt 0.92733568 0.619665742
vt 0.930802345 0.584599018
vt 0.933329701 0.550002038
vt 0.933333695 0.516666651
vt 0.933333695 0.483333349
vt 0.933333695 0.449999988
vt 0.933333695 0.416666687
vt 0.933333695 0.383333325
vt 0.933495402 0.349946082
vt 0.935953915 0.315793276
vt 0.937293887 0.282013297
vt 0.934852123 0.249500871
vt 0.933353305 0.216668695
vt 0.933336616 0.183333918
vt 0.933333695 0.150000006
vt 0.916666985 0.383333325
vt 0.916748345 0.349972904
vt 0.918287158 0.31613493
vt 0.919360399 0.28255105
vt 0.91820395 0.249797642
vt 0.917433023 0.21675846
vt 0.917316139 0.183271438
vt 0.916666985 0.416666687
vt 0.916666985 0.449999988
vt 0.916666985 0.483333349
vt 0.916666985 0.516666651
vt 0.916665018 0.550001025
vt 0.914414048 0.584459901
vt 0.911345124 0.619327724
vt 0.913466215 0.65160054
vt 0.916540146 0.683398426
vt 0.916677475 0.716666818
vt 0.916674495 0.750000238
vt 0.916666985 0.78333354
vt 0.916273296 0.8169294
vt 0.912626147 0.852694154
vt 0.911433101 0.886822939
vt 0.91508019 0.917724848
vt 0.916666985 0.950000405
vt 0.916666985 0.966667056
vt 0.925000191 0.983333528
vt 0.90833354 0.983333528
vt 0.916666687 1
vt 0.900000334 0.950000405
vt 0.898090005 0.917940617
vt 0.89360404 0.887597799
vt 0.895006955 0.853329182
vt 0.89949286 0.817005277
vt 0.900000334 0.78333354
vt 0.900015235 0.750000238
vt 0.900021315 0.716666818
vt 0.899911642 0.683380842
vt 0.89723444 0.651383042
vt 0.895354629 0.618989587
vt 0.898025751 0.584320664
vt 0.900000334 0.550000072
vt 0.900000334 0.516666651
vt 0.900000334 0.483333349
vt 0.900000334 0.449999988
vt 0.900000334 0.416666687
vt 0.900000334 0.383333325
vt 0.900001287 0.349999666
vt 0.900620461 0.316476613
vt 0.901426911 0.283088863
vt 0.901555836 0.250094414
vt 0.901512742 0.216848224
vt 0.883725226 0.449706316
vt 0.883632183 0.416442752
vt 0.883424044 0.383265555
vt 0.883334279 0.349999726
vt 0.883844614 0.316611826
vt 0.885018408 0.283405393
vt 0.886271238 0.250404179
vt 0.883568168 0.483157456
vt 0.883384943 0.516628265
vt 0.883333683 0.550000072
vt 0.882346392 0.583827019
vt 0.881005585 0.617830753
vt 0.882007957 0.650694191
vt 0.883555889 0.683357179
vt 0.883795023 0.716666818
vt 0.883720696 0.750000238
vt 0.883478165 0.78333354
vt 0.883091629 0.816836119
vt 0.880690813 0.851762176
vt 0.879964948 0.885579467
vt 0.882354021 0.917320132
vt 0.883333683 0.950000405
vt 0.883333683 0.966667056
vt 0.891666889 0.983333528
vt 0.875000179 0.983333528
vt 0.883333385 1
vt 0.866666973 0.950000405
vt 0.866618037 0.916699648
vt 0.866325796 0.883561134
vt 0.866374731 0.850195169
vt 0.866690338 0.816666961
vt 0.866955996 0.78333354
vt 0.867426157 0.750000238
vt 0.867568731 0.716666818
vt 0.867200136 0.683333516
vt 0.866781592 0.650005341
vt 0.866656542 0.616671979
vt 0.866666973 0.583333373
vt 0.866666973 0.550000072
vt 0.866769552 0.516589761
vt 0.867136002 0.482981563
vt 0.867450118 0.449412644
vt 0.867264032 0.416218877
vt 0.866847694 0.383197784
vt 0.866667271 0.349999785
vt 0.867068768 0.31674704
vt 0.868609905 0.283721924
vt 0.850428283 0.51634568
vt 0.851346016 0.482324004
vt 0.852015972 0.448488265
vt 0.851623356 0.415449381
vt 0.850657582 0.382840365
vt 0.850103378 0.349928916
vt 0.850581348 0.316782892
vt 0.850035846 0.549973369
vt 0.850000262 0.583333373
vt 0.850023568 0.616669416
vt 0.850369632 0.650002718
vt 0.851232886 0.683333516
vt 0.851950824 0.716666818
vt 0.851674676 0.750000238
vt 0.850746036 0.78333354
vt 0.850135624 0.816666961
vt 0.849854112 0.850097716
vt 0.849829674 0.883447409
vt 0.849975824 0.916683316
vt 0.850000262 0.950000405
vt 0.850000262 0.966667056
vt 0.858333468 0.983333528
vt 0.841666818 0.983333528
vt 0.850000024 1
vt 0.833333611 0.950000405
vt 0.833333611 0.916666985
vt 0.833333611 0.883333683
vt 0.833333611 0.850000262
vt 0.833580911 0.816666961
vt 0.834536076 0.78333354
vt 0.835923195 0.750000238
vt 0.836332917 0.716666818
vt 0.835265517 0.683333516
vt 0.833957672 0.650000095
vt 0.833390594 0.616666794
vt 0.833333611 0.583333373
vt 0.83340472 0.549946666
vt 0.834087014 0.516101599
vt 0.835556149 0.481666446
vt 0.836581767 0.447563887
vt 0.83598268 0.414679885
vt 0.834467471 0.382482946
vt 0.833539486 0.349858046
vt 0.816666961 0.583333373
vt 0.816819072 0.549885929
vt 0.817813993 0.515806317
vt 0.81999886 0.480834365
vt 0.821704149 0.446222126
vt 0.820728064 0.413620859
vt 0.818354249 0.382067829
vt 0.816766202 0.616666794
vt 0.817508101 0.650000095
vt 0.819267511 0.683333516
vt 0.820962071 0.716666818
vt 0.8203668 0.750030756
vt 0.818370879 0.783560395
vt 0.817231119 0.81710422
vt 0.816837907 0.850335956
vt 0.816714287 0.883428335
vt 0.816666961 0.916666985
vt 0.816666961 0.950000405
vt 0.816666961 0.966667056
vt 0.825000167 0.983333528
vt 0.808333516 0.983333528
vt 0.816666722 1
vt 0.80000025 0.950000405
vt 0.80000025 0.916666985
vt 0.800094903 0.883522987
vt 0.800342202 0.85067153
vt 0.800881326 0.81754142
vt 0.802205682 0.783787251
vt 0.804810464 0.750061274
vt 0.805591226 0.716666818
vt 0.803269386 0.683333516
vt 0.801058531 0.650000095
vt 0.800141811 0.616666794
vt 0.80000025 0.583333373
vt 0.800233364 0.549825191
vt 0.801540971 0.515511155
vt 0.80444169 0.480002254
vt 0.806826472 0.444880307
vt 0.805473447 0.412561774
vt 0.784275949 0.650000095
vt 0.783452034 0.616666794
vt 0.78333354 0.583333373
vt 0.783556283 0.549833
vt 0.784825027 0.51554811
vt 0.787610412 0.480125666
vt 0.789852679 0.445110679
vt 0.786221623 0.683333516
vt 0.788121104 0.716691852
vt 0.787658215 0.750465572
vt 0.785921335 0.78497237
vt 0.785011113 0.819240689
vt 0.784383774 0.852093935
vt 0.783751845 0.884170234
vt 0.783392727 0.916785359
vt 0.78333354 0.950000405
vt 0.78333354 0.966667056
vt 0.791666806 0.983333528
vt 0.775000095 0.983333528
vt 0.783333361 1
vt 0.766666889 0.950000405
vt 0.766785204 0.916903615
vt 0.767408788 0.884817421
vt 0.768425345 0.853516221
vt 0.769140959 0.820940018
vt 0.769636989 0.786157489
vt 0.770506024 0.75086987
vt 0.770650923 0.716716886
vt 0.769173741 0.683333516
vt 0.767493367 0.650000095
vt 0.766762376 0.616666794
vt 0.766666889 0.583333373
vt 0.766879201 0.549840808
vt 0.768109083 0.515585065
vt 0.770779192 0.480249107
vt 0.75278002 0.716754198
vt 0.751705229 0.683286726
vt 0.750541806 0.649995029
vt 0.75004971 0.616666794
vt 0.750005245 0.583343387
vt 0.750147462 0.549943984
vt 0.751043737 0.515948057
vt 0.753074884 0.751448154
vt 0.753330708 0.7878775
vt 0.753685474 0.823616326
vt 0.752816558 0.855632484
vt 0.751177967 0.885689199
vt 0.750224113 0.917114854
vt 0.750000238 0.950000405
vt 0.750000238 0.966667056
vt 0.758333445 0.983333528
vt 0.741666794 0.983333528
vt 0.75000006 1
vt 0.733333528 0.950000405
vt 0.733663023 0.917326033
vt 0.734947205 0.886561036
vt 0.73720777 0.857748747
vt 0.73822999 0.826292634
vt 0.737024426 0.789597511
vt 0.735643804 0.752026439
vt 0.734909117 0.716791511
vt 0.734236717 0.683239937
vt 0.733590305 0.649989903
vt 0.733336926 0.616666794
vt 0.733343601 0.58335346
vt 0.733415782 0.550047159
vt 0.720015943 0.78944093
vt 0.718165934 0.751562476
vt 0.717311323 0.716258645
vt 0.716959476 0.682889819
vt 0.716737866 0.649878204
vt 0.716683447 0.616696537
vt 0.716770053 0.583539844
vt 0.721575558 0.826400757
vt 0.72059989 0.857866406
vt 0.718298078 0.886596203
vt 0.717000484 0.917334259
vt 0.716666818 0.950000405
vt 0.716666818 0.966667056
vt 0.725000143 0.983333528
vt 0.708333433 0.983333528
vt 0.716666698 1
vt 0.700000167 0.950000405
vt 0.700337887 0.917342544
vt 0.70164907 0.886631429
vt 0.703992128 0.857984126
vt 0.704921126 0.82650888
vt 0.70300746 0.789284348
vt 0.700688064 0.751098394
vt 0.699713588 0.715725839
vt 0.699682236 0.682539642
vt 0.699885368 0.649766564
vt 0.70002991 0.616726279
vt 0.686264515 0.855854273
vt 0.686870754 0.823741496
vt 0.685304999 0.787244797
vt 0.683269262 0.749732971
vt 0.682459116 0.714734197
vt 0.682712078 0.682011724
vt 0.683124959 0.649581075
vt 0.684555769 0.88528502
vt 0.683568001 0.916294813
vt 0.683333516 0.949644268
vt 0.683333516 0.966667056
vt 0.691666782 0.983333528
vt 0.675000072 0.983333528
vt 0.683333397 1
vt 0.666666806 0.94928813
vt 0.666798115 0.915247083
vt 0.667462468 0.88393867
vt 0.668536901 0.85372448
vt 0.668820381 0.820974112
vt 0.667602539 0.785205126
vt 0.665850461 0.748367548
vt 0.665204704 0.713742614
vt 0.66574198 0.681483805
vt 0.65006578 0.91339606
vt 0.65045476 0.882155299
vt 0.651107609 0.852181911
vt 0.651192307 0.819255948
vt 0.650205314 0.78399694
vt 0.648826778 0.747783661
vt 0.648391664 0.713467717
vt 0.650000095 0.948581815
vt 0.650000095 0.966653645
vt 0.658333421 0.983333528
vt 0.64166677 0.983320117
vt 0.650000036 1
vt 0.633333445 0.947875381
vt 0.633333445 0.911545038
vt 0.633447051 0.880371928
vt 0.633678317 0.850639343
vt 0.633564293 0.817537785
vt 0.632808089 0.782788754
vt 0.631803095 0.747199655
vt 0.616666794 0.948773503
vt 0.616666794 0.913702607
vt 0.616692841 0.881644487
vt 0.616682947 0.850476146
vt 0.616415858 0.817369819
vt 0.61585778 0.783099771
vt 0.616666794 0.966653645
vt 0.62500006 0.983320117
vt 0.608333349 0.983333528
vt 0.616666675 1
vt 0.600000083 0.949671626
vt 0.600000083 0.915860176
vt 0.599938512 0.882917106
vt 0.599687576 0.850312829
vt 0.599267364 0.817201734
vt 0.583333373 0.949836016
vt 0.583332181 0.916264772
vt 0.583230495 0.883203685
vt 0.582890749 0.850580037
vt 0.583333373 0.966667056
vt 0.591666698 0.983333528
vt 0.575000048 0.983333528
vt 0.583333373 1
vt 0.566666722 0.950000405
vt 0.566664338 0.916669428
vt 0.56652236 0.883490264
vt 0.582347512 0.817947865
vt 0.566093981 0.850847244
vt 0.598907351 0.783410728
vt 0.615301609 0.748097897
vt 0.631578565 0.713192701
vt 0.649015069 0.681363344
vt 0.666364551 0.649395585
vt 0.683397293 0.616794348
vt 0.700196564 0.583726227
vt 0.716918111 0.550443947
vt 0.733978391 0.51631099
vt 0.752983212 0.481119454
vt 0.772878885 0.445341021
vt 0.788571239 0.412738442
vt 0.802241087 0.381652713
vt 0.817001402 0.349756718
vt 0.834093928 0.316818744
vt 0.852642953 0.283860683
vt 0.8709867 0.250713974
vt 0.88695693 0.216922253
vt 0.901295722 0.183208942
vt 0.917085409 0.149905175
vt 0.933333695 0.117200792
vt 0.950000405 0.0838418379
vt 0.966667056 0.0500000045
vt 0.983333707 0.0333333351
vt 0.975000262 0.0166666675
vt 0.983333409 0
vt 0.886649013 0.182898134
vt 0.900837183 0.149810344
vt 0.91685307 0.118570477
vt 0.933333695 0.0843503401
vt 0.950000405 0.0502414405
vt 0.950000405 0.0333333351
vt 0.958333552 0.0166666675
vt 0.941666842 0.0166666675
vt 0.950000048 0
vt 0.933333695 0.050482884
vt 0.916700184 0.0870094225
vt 0.900372505 0.119940162
vt 0.885665953 0.149229869
vt 0.916666985 0.0517864302
vt 0.900066733 0.0896685123
vt 0.916666985 0.0333945043
vt 0.925000191 0.0166666675
vt 0.90833354 0.0167278368
vt 0.916666687 0
vt 0.900000334 0.0530899838
vt 0.88453269 0.118433438
vt 0.883676171 0.0874706209
vt 0.872002363 0.182587311
vt 0.870494723 0.148649395
vt 0.868692875 0.116926715
vt 0.872401118 0.216996267
vt 0.856355906 0.251012146
vt 0.858483434 0.217113286
vt 0.857837915 0.182045639
vt 0.836676002 0.283999383
vt 0.841725111 0.251310319
vt 0.817351222 0.316803455
vt 0.855894089 0.147813737
vt 0.844565749 0.21723029
vt 0.819712043 0.283940166
vt 0.800463319 0.349655449
vt 0.843673527 0.181503981
vt 0.824148178 0.251132816
vt 0.800608456 0.316788197
vt 0.785503864 0.381705642
vt 0.82697928 0.217064515
vt 0.802748084 0.283880949
vt 0.783778727 0.349667549
vt 0.771668971 0.412915111
vt 0.806571364 0.250955313
vt 0.783722758 0.316744447
vt 0.768766642 0.381758571
vt 0.75446713 0.446662366
vt 0.785229504 0.283711553
vt 0.767094016 0.349679649
vt 0.753682315 0.414001018
vt 0.735187173 0.481989831
vt 0.766837001 0.316700697
vt 0.751675785 0.382275015
vt 0.736055374 0.447983742
vt 0.717241824 0.516927958
vt 0.750426829 0.349854976
vt 0.73569566 0.415086925
vt 0.717873693 0.482817382
vt 0.700420499 0.550840735
vt 0.734584987 0.38279146
vt 0.718448162 0.448917687
vt 0.700505257 0.517544985
vt 0.683715224 0.584096909
vt 0.718494177 0.415942907
vt 0.700560212 0.483644933
vt 0.684115708 0.551564515
vt 0.666764677 0.616862535
vt 0.70084095 0.449851602
vt 0.684206009 0.518345833
vt 0.667233884 0.58446753
vt 0.649682641 0.649365067
vt 0.684008956 0.484235704
vt 0.667810917 0.552288294
vt 0.650119901 0.616906345
vt 0.632288158 0.681242943
vt 0.667906761 0.519146621
vt 0.650695682 0.584700227
vt 0.633000672 0.64933455
vt 0.615297914 0.714145184
vt 0.651589334 0.55308032
vt 0.633475184 0.616950154
vt 0.615867257 0.68174243
vt 0.598800063 0.748996079
vt 0.634157419 0.584932804
vt 0.616414309 0.649495184
vt 0.599017262 0.715097666
vt 0.582058311 0.784486473
vt 0.616827905 0.616961062
vt 0.599446356 0.682241976
vt 0.582226753 0.749995828
vt 0.565427601 0.818693876
vt 0.599827886 0.649655819
vt 0.582593322 0.715852976
vt 0.56520927 0.785562217
vt 0.582977533 0.682683349
vt 0.565653503 0.750995517
vt 0.566169322 0.716608286
vt 0.549577236 0.851269364
vt 0.549069524 0.819527447
vt 0.548904538 0.786610603
vt 0.549216866 0.751966953
vt 0.549891949 0.88359189
vt 0.549997807 0.91666925
vt 0.550000072 0.950000405
vt 0.550000072 0.966667056
vt 0.558333397 0.983333528
vt 0.541666687 0.983333528
vt 0.550000012 1
vt 0.533333361 0.950000405
vt 0.533331215 0.91666913
vt 0.533261538 0.883693576
vt 0.533060551 0.851691484
vt 0.532711506 0.820361018
vt 0.532599688 0.78765893
vt 0.516666651 0.950000405
vt 0.516690731 0.916672468
vt 0.516763628 0.883770823
vt 0.516818225 0.851981103
vt 0.516814709 0.821170151
vt 0.516666651 0.966667056
vt 0.525000036 0.983333528
vt 0.508333325 0.983333528
vt 0.51666671 1
vt 0.5 0.950000405
vt 0.500050247 0.916675806
vt 0.500265658 0.883848071
vt 0.5005759 0.852270663
vt 0.51656723 0.788993239
vt 0.500917912 0.821979284
vt 0.53278017 0.75293839
vt 0.549567699 0.717246175
vt 0.56650877 0.683124781
vt 0.583235025 0.649803281
vt 0.600180626 0.61697197
vt 0.617632985 0.585029781
vt 0.635367751 0.553872347
vt 0.651786983 0.520096064
vt 0.667457759 0.484826505
vt 0.684145033 0.450286835
vt 0.701292634 0.41679889
vt 0.718083024 0.383381456
vt 0.733759642 0.350030303
vt 0.750134349 0.316708267
vt 0.767710805 0.283542126
vt 0.787904143 0.250666618
vt 0.80939281 0.21689871
vt 0.826687455 0.181500375
vt 0.841293395 0.14697808
vt 0.853127003 0.115792416
vt 0.86728555 0.0852727219
vt 0.883353949 0.0520443022
vt 0.883333683 0.0333945043
vt 0.891666889 0.0167278368
vt 0.875000179 0.0166666675
vt 0.883333385 0
vt 0.866707563 0.0509986207
vt 0.850985527 0.0839650333
vt 0.83756119 0.114658117
vt 0.824496448 0.147025198
vt 0.809701324 0.181496784
vt 0.789972126 0.216789871
vt 0.769236982 0.250377893
vt 0.750561714 0.283445984
vt 0.733431756 0.316715777
vt 0.717546344 0.350348353
vt 0.70158112 0.383971453
vt 0.684904456 0.417209148
vt 0.667449057 0.450722098
vt 0.651059687 0.485274673
vt 0.635667205 0.521045566
vt 0.618986964 0.553998291
vt 0.601108551 0.585126698
vt 0.583564997 0.617013335
vt 0.566642046 0.649950802
vt 0.549851775 0.683359027
vt 0.532966018 0.717884123
vt 0.516038537 0.754466057
vt 0.500534832 0.790327549
vt 0.602606177 0.554124236
vt 0.584664881 0.58531028
vt 0.566949248 0.617054582
vt 0.549982965 0.649983406
vt 0.533194721 0.683593273
vt 0.515778005 0.71927464
vt 0.499296874 0.755993724
vt 0.619447351 0.521375179
vt 0.634661674 0.48572284
vt 0.650849342 0.450840116
vt 0.668516278 0.417619407
vt 0.685729206 0.384455025
vt 0.701333046 0.350666463
vt 0.717042267 0.316854358
vt 0.733412504 0.283349842
vt 0.751432896 0.250218481
vt 0.770551443 0.216681004
vt 0.790292978 0.181985199
vt 0.807699442 0.147072315
vt 0.820835888 0.11468149
vt 0.834685564 0.0826573521
vt 0.85011065 0.0504542738
vt 0.850000262 0.0333333351
vt 0.858333468 0.0166666675
vt 0.841666818 0.0166666675
vt 0.850000024 0
vt 0.833513737 0.049909927
vt 0.818004012 0.0826648176
vt 0.804110527 0.114704862
vt 0.788859904 0.147872776
vt 0.770884752 0.18247363
vt 0.752204776 0.216675907
vt 0.733628809 0.250059068
vt 0.716774344 0.283375591
vt 0.700652719 0.316992939
vt 0.685459912 0.351063192
vt 0.669877291 0.384938598
vt 0.651849926 0.41763103
vt 0.634249687 0.450958133
vt 0.618441701 0.486231655
vt 0.603227496 0.521704853
vt 0.586609304 0.554804683
vt 0.568221211 0.585493803
vt 0.550280213 0.617045879
vt 0.533323765 0.650016069
vt 0.516073108 0.684454799
vt 0.498589993 0.720665157
vt 0.602221727 0.48674044
vt 0.587547302 0.522790909
vt 0.570612431 0.555485129
vt 0.551515579 0.585398436
vt 0.533611178 0.617037177
vt 0.516495705 0.650285065
vt 0.498951524 0.685316324
vt 0.617619038 0.451103628
vt 0.635183632 0.417642623
vt 0.653192818 0.384929717
vt 0.669586718 0.35145998
vt 0.684337616 0.317168742
vt 0.700136185 0.28340134
vt 0.716814518 0.250029534
vt 0.733858109 0.216670811
vt 0.752431095 0.182802409
vt 0.770020366 0.148673236
vt 0.78632015 0.115223102
vt 0.801322341 0.082672298
vt 0.816844106 0.049911432
vt 0.816666961 0.0333333351
vt 0.825000167 0.0166666675
vt 0.808333516 0.0166666675
vt 0.816666722 0
vt 0.800174356 0.0499129444
vt 0.784280658 0.0828597695
vt 0.768529773 0.115741335
vt 0.751978457 0.149189085
vt 0.733977437 0.183131188
vt 0.716929078 0.21666874
vt 0.700000167 0.25
vt 0.683582008 0.28344053
vt 0.668022513 0.317344546
vt 0.652903974 0.351451933
vt 0.636508405 0.384920835
vt 0.618058503 0.417421818
vt 0.600988388 0.451249063
vt 0.586255789 0.487534165
vt 0.571867168 0.523877025
vt 0.553875446 0.555286288
vt 0.534809947 0.585303128
vt 0.516849875 0.61693114
vt 0.499667645 0.650554061
vt 0.600933313 0.417201042
vt 0.584490597 0.451518476
vt 0.570289969 0.488327891
vt 0.555136561 0.523664773
vt 0.537138462 0.555087388
vt 0.517763138 0.584795773
vt 0.500088692 0.616825044
vt 0.618968844 0.38448441
vt 0.63622129 0.351443946
vt 0.651501894 0.317265213
vt 0.667027891 0.28347975
vt 0.683387458 0.249977544
vt 0.700000167 0.216666669
vt 0.716988802 0.183232263
vt 0.733936548 0.149704948
vt 0.751089454 0.116125107
vt 0.767239094 0.083047241
vt 0.783437252 0.0499481633
vt 0.78333354 0.0333333351
vt 0.791666806 0.0166666675
vt 0.775000095 0.0166666675
vt 0.783333361 0
vt 0.766700149 0.0499833822
vt 0.750311613 0.083177641
vt 0.733649135 0.116508871
vt 0.716968298 0.149852484
vt 0.700000167 0.183333337
vt 0.683367968 0.216649413
vt 0.66677475 0.249955088
vt 0.650967717 0.283173144
vt 0.634981394 0.317185909
vt 0.618827045 0.351017773
vt 0.601429343 0.384047955
vt 0.583978295 0.417111158
vt 0.567992806 0.451787829
vt 0.553585112 0.488199919
vt 0.538406014 0.52345252
vt 0.519475102 0.553751469
vt 0.500716209 0.584288359
vt 0.6014328 0.3505916
vt 0.584199488 0.383766413
vt 0.567023277 0.417021275
vt 0.551314235 0.45176211
vt 0.536880255 0.488071918
vt 0.520380259 0.521629214
vt 0.501811624 0.55241555
vt 0.618474722 0.316756397
vt 0.634907484 0.282866538
vt 0.651110768 0.249452829
vt 0.666735828 0.216632158
vt 0.683335662 0.183332264
vt 0.700000167 0.150000006
vt 0.716824651 0.116587773
vt 0.733384132 0.0833080411
vt 0.750016809 0.0499916896
vt 0.750000238 0.0333333351
vt 0.758333445 0.0166666675
vt 0.741666794 0.0166666675
vt 0.75000006 0
vt 0.733333528 0.0500000045
vt 0.71669215 0.0833206922
vt 0.700000167 0.116666675
vt 0.683333516 0.150000006
vt 0.666671038 0.183331221
vt 0.650938511 0.216197461
vt 0.635446787 0.248950586
vt 0.619583726 0.282102853
vt 0.60196799 0.316326916
vt 0.584319711 0.350295812
vt 0.566969693 0.38348484
vt 0.550289154 0.41699174
vt 0.534635663 0.451736331
vt 0.519294381 0.486841649
vt 0.502354443 0.519805908
vt 0.604259908 0.281339169
vt 0.585404098 0.316002339
vt 0.567206621 0.349999994
vt 0.550151527 0.383409083
vt 0.533555031 0.416962206
vt 0.517629981 0.451284409
vt 0.501708508 0.485611379
vt 0.620972693 0.247850657
vt 0.635141253 0.215762749
vt 0.650367856 0.183149472
vt 0.666666806 0.150000006
vt 0.683333516 0.116666675
vt 0.700000167 0.0833333433
vt 0.716666818 0.0500000045
vt 0.716666818 0.0333333351
vt 0.725000143 0.0166666675
vt 0.708333433 0.0166666675
vt 0.716666698 0
vt 0.700000167 0.0500000045
vt 0.683333516 0.0833333433
vt 0.666666806 0.116666675
vt 0.650040329 0.149979919
vt 0.634064674 0.182967722
vt 0.62040627 0.214796901
vt 0.606498599 0.246750742
vt 0.588715076 0.280712366
vt 0.568840206 0.315677762
vt 0.550348878 0.349960566
vt 0.533333361 0.383333325
vt 0.516813934 0.416863024
vt 0.500624359 0.450832486
vt 0.605671287 0.213831067
vt 0.592299581 0.245508641
vt 0.573170245 0.280085504
vt 0.55179137 0.315888286
vt 0.533491135 0.349921137
vt 0.516666651 0.383333325
vt 0.500072837 0.416763842
vt 0.618365526 0.18248266
vt 0.633413851 0.149959803
vt 0.650000095 0.116666675
vt 0.666666806 0.0833333433
vt 0.683333516 0.0500000045
vt 0.683333516 0.0333333351
vt 0.691666782 0.0166666675
vt 0.675000072 0.0166666675
vt 0.683333397 0
vt 0.666666806 0.0500000045
vt 0.650000095 0.0833333433
vt 0.633333445 0.116666675
vt 0.616991222 0.149836481
vt 0.602666318 0.181997567
vt 0.591122985 0.212714791
vt 0.578100562 0.24426651
vt 0.555410028 0.280854821
vt 0.534742534 0.316098779
vt 0.516719818 0.350012392
vt 0.5 0.383333325
vt 0.600568533 0.149713129
vt 0.586707711 0.181524351
vt 0.576574802 0.211598501
vt 0.559174657 0.245634452
vt 0.53764987 0.281624138
vt 0.517347097 0.316747397
vt 0.499948591 0.350103676
vt 0.616666794 0.116666675
vt 0.633333445 0.0833333433
vt 0.650000095 0.0500000045
vt 0.650000095 0.0333333351
vt 0.658333421 0.0166666675
vt 0.64166677 0.0166666675
vt 0.650000036 0
vt 0.633333445 0.0500000045
vt 0.616666794 0.0833333433
vt 0.600000083 0.116666675
vt 0.584083438 0.149510443
vt 0.570749044 0.181051135
vt 0.557990789 0.212569535
vt 0.540248752 0.247002393
vt 0.51896143 0.28339377
vt 0.499951631 0.317396015
vt 0.600000083 0.0833333433
vt 0.583342075 0.116617709
vt 0.567598343 0.149307758
vt 0.553474367 0.181106538
vt 0.539406776 0.213540584
vt 0.520477116 0.249593198
vt 0.50027293 0.285163343
vt 0.616666794 0.0500000045
vt 0.616666794 0.0333333351
vt 0.62500006 0.0166666675
vt 0.608333349 0.0166666675
vt 0.616666675 0
vt 0.600000083 0.0500000045
vt 0.583333373 0.0833302289
vt 0.566684127 0.116568744
vt 0.550787807 0.149088353
vt 0.536199689 0.181161925
vt 0.52006197 0.21554324
vt 0.500705481 0.252184004
vt 0.583333373 0.0500000045
vt 0.566666722 0.0833271146
vt 0.550009131 0.116424888
vt 0.533977389 0.148868963
vt 0.518244624 0.181764603
vt 0.583333373 0.0333333351
vt 0.591666698 0.0166666675
vt 0.575000048 0.0166666675
vt 0.583333373 0
vt 0.566666722 0.0500000045
vt 0.550000072 0.0832915306
vt 0.533334076 0.116281018
vt 0.500717163 0.217545867
vt 0.516992629 0.148750171
vt 0.50028944 0.18236728
vt 0.550000072 0.0500000045
vt 0.533333361 0.0832559466
vt 0.516667008 0.1161521
vt 0.550000072 0.0333333351
vt 0.558333397 0.0166666675
vt 0.541666687 0.0166666675
vt 0.550000012 0
vt 0.533333361 0.0500000045
vt 0.500007868 0.148631394
vt 0.516666651 0.0832236558
vt 0.5 0.116023183
vt 0.482903212 0.183354288
vt 0.48321569 0.148989081
vt 0.482269764 0.219655082
vt 0.481939435 0.2546224
vt 0.482362568 0.286517203
vt 0.482923508 0.317802638
vt 0.483251125 0.35016486
vt 0.483333349 0.383333325
vt 0.483369768 0.416715264
vt 0.483687431 0.450472146
vt 0.484362453 0.484705508
vt 0.484782398 0.518598795
vt 0.484429061 0.551460981
vt 0.483742446 0.583878875
vt 0.483311921 0.616855443
vt 0.482687473 0.651059508
vt 0.481461376 0.686622143
vt 0.480725169 0.722576857
vt 0.481737614 0.757283688
vt 0.483696222 0.790343285
vt 0.484726369 0.821546197
vt 0.484683275 0.852047324
vt 0.484234393 0.883794427
vt 0.48368606 0.91667366
vt 0.483390868 0.950000405
vt 0.483333349 0.966667056
vt 0.491666675 0.983333528
vt 0.475000024 0.983333528
vt 0.483333349 1
vt 0.466781735 0.950000405
vt 0.467321873 0.916671574
vt 0.468203098 0.883740783
vt 0.46879071 0.851823926
vt 0.468534887 0.82111299
vt 0.466857612 0.79035902
vt 0.464178324 0.758573592
vt 0.462860286 0.724488497
vt 0.463971227 0.687928021
vt 0.465707362 0.651565075
vt 0.466535211 0.616885841
vt 0.466768682 0.583469391
vt 0.467046499 0.550506473
vt 0.467210352 0.517391562
vt 0.467016399 0.483799636
vt 0.466750503 0.450111806
vt 0.466666669 0.416666687
vt 0.466666669 0.383333325
vt 0.466553628 0.350226045
vt 0.465895385 0.318209231
vt 0.464452207 0.287871063
vt 0.463173419 0.257060826
vt 0.463822424 0.221764296
vt 0.465516984 0.184341311
vt 0.449999988 0.416666687
vt 0.449999988 0.383333325
vt 0.449906081 0.350187838
vt 0.44932133 0.318024039
vt 0.448040873 0.287305057
vt 0.446962118 0.256066114
vt 0.4475106 0.22118479
vt 0.45004192 0.450055897
vt 0.450174868 0.483566493
vt 0.450271845 0.517029166
vt 0.450189918 0.550253272
vt 0.45005101 0.583401442
vt 0.449847609 0.616879463
vt 0.448951393 0.651449919
vt 0.446987212 0.687762022
vt 0.44541949 0.724550605
vt 0.446748376 0.758160233
vt 0.449942589 0.78911972
vt 0.452278405 0.819996774
vt 0.453208476 0.851274252
vt 0.452598453 0.883598566
vt 0.451194912 0.91666925
vt 0.450259447 0.950000405
vt 0.450005233 0.966667056
vt 0.458333343 0.983333528
vt 0.441671908 0.983333528
vt 0.450000018 1
vt 0.433737159 0.950000405
vt 0.435067922 0.916666985
vt 0.436993778 0.883456469
vt 0.437626243 0.850724638
vt 0.436021924 0.818880558
vt 0.433027625 0.787880421
vt 0.429318428 0.757746816
vt 0.427978665 0.724612713
vt 0.430003166 0.687595963
vt 0.432195425 0.651334763
vt 0.433160007 0.616873026
vt 0.433333337 0.583333373
vt 0.433333337 0.550000072
vt 0.433333337 0.516666651
vt 0.433333337 0.483333349
vt 0.433333337 0.449999988
vt 0.433333337 0.416666687
vt 0.433333337 0.383333325
vt 0.433258533 0.350149632
vt 0.432747275 0.317838818
vt 0.431629539 0.286739111
vt 0.430750847 0.255071402
vt 0.416666687 0.483333349
vt 0.416666687 0.449999988
vt 0.416666687 0.416666687
vt 0.416666687 0.383333325
vt 0.416627437 0.350078493
vt 0.416283369 0.317433298
vt 0.41550073 0.28566432
vt 0.416666687 0.516666651
vt 0.416666687 0.550000072
vt 0.416666687 0.583333313
vt 0.416547239 0.616659999
vt 0.415793955 0.650402546
vt 0.414100677 0.685257077
vt 0.412581652 0.72097975
vt 0.413524657 0.754669428
vt 0.416531444 0.785937846
vt 0.419520438 0.817153811
vt 0.421717286 0.849257946
vt 0.421134353 0.882627487
vt 0.418650866 0.91645658
vt 0.417124778 0.950000405
vt 0.41668725 0.966667056
vt 0.425005257 0.983333528
vt 0.40834868 0.983333528
vt 0.416666687 1
vt 0.400512397 0.950000405
vt 0.402233779 0.916246176
vt 0.405274928 0.881798625
vt 0.4058083 0.847791314
vt 0.403018981 0.815427125
vt 0.400035292 0.783995271
vt 0.397730917 0.75159204
vt 0.39718467 0.717346787
vt 0.398198187 0.682918191
vt 0.399392486 0.649470389
vt 0.399934441 0.616446972
vt 0.400000006 0.583333194
vt 0.400000006 0.550000072
vt 0.400000006 0.516666651
vt 0.400000006 0.483333349
vt 0.400000006 0.449999988
vt 0.400000006 0.416666687
vt 0.400000006 0.383333325
vt 0.39999634 0.350007325
vt 0.399819493 0.317027748
vt 0.383333325 0.550000072
vt 0.383333325 0.516666651
vt 0.383334756 0.483331889
vt 0.383348286 0.449985057
vt 0.383360505 0.416639477
vt 0.383348644 0.383318037
vt 0.383333117 0.35000205
vt 0.383333325 0.583331048
vt 0.383300543 0.616343975
vt 0.382977635 0.648856878
vt 0.382209867 0.681151867
vt 0.381529152 0.714888036
vt 0.38189435 0.749512792
vt 0.383603036 0.782090425
vt 0.385977149 0.812932968
vt 0.388109028 0.844972491
vt 0.387695134 0.879750252
vt 0.385267675 0.915413976
vt 0.383750468 0.94986105
vt 0.383348674 0.966667056
vt 0.391682029 0.983333528
vt 0.375 0.983333528
vt 0.383333355 1
vt 0.36698854 0.949721754
vt 0.368301541 0.914581776
vt 0.370115399 0.877701879
vt 0.370409787 0.842153668
vt 0.368935317 0.810438871
vt 0.367170811 0.78018558
vt 0.366057754 0.747433543
vt 0.365873635 0.712429285
vt 0.366221517 0.679385543
vt 0.366562814 0.648243308
vt 0.366666675 0.616241038
vt 0.366666675 0.583328843
vt 0.366666675 0.550000072
vt 0.366666675 0.516666651
vt 0.366669536 0.483330458
vt 0.366696537 0.449970126
vt 0.366721034 0.416612297
vt 0.366697252 0.383302748
vt 0.350000024 0.616337895
vt 0.350000024 0.583331108
vt 0.350000024 0.550000072
vt 0.350004166 0.516662538
vt 0.350062072 0.483271301
vt 0.350192964 0.449807048
vt 0.350271195 0.416395485
vt 0.349948078 0.648543835
vt 0.349776536 0.680099368
vt 0.349598706 0.713078022
vt 0.34973973 0.747374952
vt 0.350542724 0.779344678
vt 0.351990968 0.807959497
vt 0.353178799 0.838704228
vt 0.352769285 0.875503898
vt 0.351224422 0.913830876
vt 0.35021621 0.949557364
vt 0.350000024 0.966667056
vt 0.358333349 0.983333528
vt 0.341666698 0.983333528
vt 0.350000024 1
vt 0.33344388 0.949392915
vt 0.334147274 0.913079858
vt 0.335423201 0.873305917
vt 0.335947812 0.835254908
vt 0.335046619 0.805480123
vt 0.333914697 0.778503776
vt 0.333421707 0.74731636
vt 0.333323836 0.713726819
vt 0.333331585 0.680813193
vt 0.333333343 0.648844361
vt 0.333333343 0.616434693
vt 0.333333343 0.583333373
vt 0.333333343 0.550000072
vt 0.333341628 0.516658425
vt 0.333454549 0.483212113
vt 0.333689392 0.44964394
vt 0.316665798 0.681710601
vt 0.316666663 0.649288118
vt 0.316666663 0.616541386
vt 0.316675067 0.583330035
vt 0.316794246 0.54994905
vt 0.317005575 0.516509891
vt 0.317197412 0.482972741
vt 0.316661924 0.714759469
vt 0.316750288 0.748081505
vt 0.317177951 0.779135823
vt 0.318081558 0.806854904
vt 0.318725795 0.837175846
vt 0.318251669 0.874470353
vt 0.317267537 0.91343379
vt 0.316750526 0.949467778
vt 0.316666663 0.966667056
vt 0.325000018 0.983333528
vt 0.308333337 0.983333528
vt 0.316666692 1
vt 0.300057232 0.949542642
vt 0.30038777 0.913787723
vt 0.301080137 0.87563473
vt 0.301503748 0.839096785
vt 0.301116496 0.808229685
vt 0.300441206 0.779767931
vt 0.300078869 0.74884665
vt 0.300000012 0.71579206
vt 0.300000012 0.682608008
vt 0.300000012 0.649731755
vt 0.300000012 0.616648078
vt 0.30001682 0.583326697
vt 0.30025515 0.549897969
vt 0.300669491 0.516361356
vt 0.283257484 0.749300599
vt 0.283466548 0.716075063
vt 0.283631861 0.682765484
vt 0.283504665 0.649751723
vt 0.283362389 0.616638422
vt 0.283574194 0.583237052
vt 0.284381241 0.549580872
vt 0.28355211 0.780980349
vt 0.284278929 0.811009526
vt 0.284686029 0.842723846
vt 0.284326434 0.878222466
vt 0.283690274 0.914822578
vt 0.28337729 0.949750066
vt 0.283333361 0.966667056
vt 0.291666687 0.983333528
vt 0.275000036 0.983333528
vt 0.283333361 1
vt 0.266697347 0.94995749
vt 0.266992807 0.915857434
vt 0.267572761 0.880810201
vt 0.26786834 0.846350908
vt 0.267441392 0.813789368
vt 0.266663015 0.782192767
vt 0.26643607 0.749754548
vt 0.266933084 0.716358125
vt 0.26726374 0.682923019
vt 0.267009318 0.64977169
vt 0.266724765 0.616628766
vt 0.267131567 0.583147407
vt 0.250385702 0.815489233
vt 0.249074772 0.782645941
vt 0.249224931 0.749247432
vt 0.250880361 0.715377569
vt 0.251967371 0.681863606
vt 0.251465678 0.649022996
vt 0.25052008 0.616333604
vt 0.251308382 0.848641932
vt 0.251050293 0.882491946
vt 0.250387907 0.916466594
vt 0.250055075 0.950018644
vt 0.25 0.966667056
vt 0.258333325 0.983333528
vt 0.241666675 0.983333528
vt 0.25 1
vt 0.233412817 0.950079858
vt 0.233782947 0.917075694
vt 0.234527826 0.884173751
vt 0.234748408 0.850932956
vt 0.233329996 0.817189097
vt 0.231486529 0.783099115
vt 0.232013792 0.748740315
vt 0.234827667 0.714396954
vt 0.236671045 0.680804253
vt 0.235922039 0.648274302
vt 0.217881024 0.884376645
vt 0.21787031 0.851250768
vt 0.215746224 0.817236781
vt 0.213160381 0.78261137
vt 0.214278206 0.747716606
vt 0.219150543 0.712754428
vt 0.222308099 0.678952873
vt 0.217128575 0.917108417
vt 0.216749519 0.950083256
vt 0.216666669 0.966667056
vt 0.225000009 0.983333528
vt 0.208333343 0.983333528
vt 0.216666684 1
vt 0.200086221 0.950086594
vt 0.200474203 0.917141199
vt 0.201234192 0.884579659
vt 0.200992197 0.85156858
vt 0.198162436 0.817284465
vt 0.194834232 0.782123685
vt 0.196542636 0.746692896
vt 0.203473419 0.711111844
vt 0.183392584 0.950059652
vt 0.183688864 0.917022586
vt 0.1842345 0.884259284
vt 0.183748513 0.85109508
vt 0.180774897 0.816890717
vt 0.176880509 0.781784773
vt 0.1786616 0.746430159
vt 0.183333337 0.966667056
vt 0.191666663 0.983333528
vt 0.175000012 0.983333528
vt 0.183333337 1
vt 0.166698948 0.950032651
vt 0.166903526 0.916903853
vt 0.167234838 0.883938909
vt 0.16650483 0.850621521
vt 0.163387373 0.816496849
vt 0.1589268 0.781445861
vt 0.150016144 0.950016499
vt 0.150136277 0.916803241
vt 0.150343478 0.883728862
vt 0.149739668 0.850380778
vt 0.147282243 0.816419303
vt 0.150000006 0.966667056
vt 0.158333331 0.983333528
vt 0.141666681 0.983333528
vt 0.150000006 1
vt 0.13333334 0.950000405
vt 0.133369029 0.916702747
vt 0.133452117 0.883518875
vt 0.132974505 0.850140035
vt 0.144067571 0.781891525
vt 0.131177098 0.816341758
vt 0.160780579 0.746167481
vt 0.186735243 0.710787833
vt 0.207945168 0.677101493
vt 0.221023262 0.64706105
vt 0.234315366 0.616038442
vt 0.250862032 0.582979083
vt 0.268507302 0.549263775
vt 0.285330355 0.515819669
vt 0.300940275 0.482733369
vt 0.317425609 0.4493016
vt 0.333821326 0.416178703
vt 0.350195587 0.383137763
vt 0.366669893 0.349996805
vt 0.383242458 0.316848427
vt 0.399371922 0.284589529
vt 0.414892375 0.253501177
vt 0.431198746 0.220605269
vt 0.448958755 0.184510767
vt 0.466423452 0.149346799
vt 0.483332992 0.116088495
vt 0.5 0.0831913576
vt 0.516666651 0.0499992445
vt 0.516666651 0.0333333351
vt 0.525000036 0.0166666675
vt 0.508333325 0.0166666675
vt 0.51666671 0
vt 0.5 0.0499984846
vt 0.483333349 0.0832074732
vt 0.466665983 0.116153806
vt 0.449784338 0.149641722
vt 0.432400525 0.184680253
vt 0.41520083 0.219418257
vt 0.399033904 0.251930952
vt 0.382995486 0.28400901
vt 0.366665453 0.316669106
vt 0.350064129 0.349935889
vt 0.333693922 0.382972777
vt 0.317564487 0.415769875
vt 0.301161855 0.448959291
vt 0.285601616 0.482160032
vt 0.269991219 0.515277982
vt 0.252967417 0.548813105
vt 0.234592527 0.58281076
vt 0.218367219 0.615562499
vt 0.206124485 0.645847797
vt 0.191916019 0.676567554
vt 0.169997081 0.710463881
vt 0.145532563 0.747111082
vt 0.129208326 0.782337189
vt 0.237427503 0.548362374
vt 0.218121976 0.582692564
vt 0.202419072 0.615086496
vt 0.18998757 0.645476222
vt 0.175886869 0.676033616
vt 0.152323693 0.711977959
vt 0.130284548 0.748054743
vt 0.255430222 0.514441133
vt 0.270262957 0.481586695
vt 0.28538233 0.448485553
vt 0.301307619 0.415361047
vt 0.317333221 0.382666796
vt 0.333458364 0.349874973
vt 0.350004017 0.316663265
vt 0.36661911 0.28342849
vt 0.382796943 0.251072228
vt 0.399202943 0.218231246
vt 0.416038811 0.184296593
vt 0.433145165 0.149936646
vt 0.44999963 0.116316557
vt 0.466666669 0.0832235813
vt 0.483333349 0.0499992073
vt 0.483333349 0.0333333351
vt 0.491666675 0.0166666675
vt 0.475000024 0.0166666675
vt 0.483333349 0
vt 0.466666669 0.0499999374
vt 0.449999988 0.0832646787
vt 0.433333337 0.116479315
vt 0.416552246 0.149984419
vt 0.399677098 0.183912933
vt 0.382897735 0.217523098
vt 0.366559923 0.250213474
vt 0.349976212 0.283380926
vt 0.333342612 0.316657394
vt 0.316920787 0.349745899
vt 0.300972521 0.382360816
vt 0.285102397 0.415002108
vt 0.269602776 0.448011786
vt 0.255549341 0.480842888
vt 0.240869164 0.513604343
vt 0.220908016 0.548303485
vt 0.201651454 0.582574248
vt 0.185871214 0.614993453
vt 0.17385067 0.645104647
vt 0.156883582 0.677852094
vt 0.134650305 0.713492036
vt 0.240835696 0.480099052
vt 0.224568292 0.513477027
vt 0.204388529 0.548244596
vt 0.184680253 0.582686126
vt 0.169323355 0.61490047
vt 0.155507639 0.646263003
vt 0.137880296 0.679670572
vt 0.253662288 0.447870106
vt 0.268897176 0.414643109
vt 0.284496486 0.38217023
vt 0.30038321 0.349616796
vt 0.316704094 0.316629261
vt 0.333333343 0.283333361
vt 0.349946618 0.250106752
vt 0.366592526 0.216814965
vt 0.383165002 0.183636874
vt 0.399959266 0.150032207
vt 0.416666687 0.116567329
vt 0.433333337 0.0833057761
vt 0.449999988 0.0499999672
vt 0.449999988 0.0333333351
vt 0.458333343 0.0166666675
vt 0.441666663 0.0166666675
vt 0.450000018 0
vt 0.433333337 0.0500000045
vt 0.416666687 0.0833195597
vt 0.400000006 0.11665535
vt 0.38331297 0.150016099
vt 0.366652906 0.183360845
vt 0.34996295 0.216740817
vt 0.333333343 0.25
vt 0.316666663 0.283333361
vt 0.300065577 0.316601098
vt 0.283775568 0.349557787
vt 0.268020391 0.381979614
vt 0.252107501 0.41493398
vt 0.237721831 0.447728425
vt 0.224413395 0.480081797
vt 0.208267435 0.513349771
vt 0.186646372 0.548674822
vt 0.167709053 0.582798004
vt 0.152036786 0.615311325
vt 0.137164593 0.6474213
vt 0.235317856 0.41522485
vt 0.220888793 0.447968066
vt 0.207991093 0.480064511
vt 0.189409196 0.514231324
vt 0.168904215 0.549105048
vt 0.150637612 0.582995415
vt 0.134750217 0.615722179
vt 0.251091778 0.38225323
vt 0.267167926 0.349498779
vt 0.283410788 0.316584826
vt 0.300000012 0.283333361
vt 0.316666663 0.25
vt 0.333333343 0.216666669
vt 0.34999314 0.183347076
vt 0.366666675 0.150000006
vt 0.383333325 0.116661012
vt 0.400000006 0.0833333433
vt 0.416666687 0.0500000045
vt 0.416666687 0.0333333351
vt 0.425000012 0.0166666675
vt 0.408333361 0.0166666675
vt 0.416666687 0
vt 0.400000006 0.0500000045
vt 0.383333325 0.0833333433
vt 0.366666675 0.116666675
vt 0.350000024 0.150000006
vt 0.333333343 0.183333337
vt 0.316666663 0.216666669
vt 0.300000012 0.25
vt 0.283279359 0.283225328
vt 0.266755998 0.316568553
vt 0.250367731 0.349612713
vt 0.234163165 0.382526815
vt 0.218317121 0.41557923
vt 0.204055756 0.448207676
vt 0.18918553 0.480956256
vt 0.170550942 0.515112996
vt 0.151334316 0.549466312
vt 0.133566171 0.583192945
vt 0.233567551 0.349726677
vt 0.217102289 0.382863194
vt 0.201316386 0.415933609
vt 0.186329111 0.448714614
vt 0.170379966 0.481848001
vt 0.152403891 0.515705109
vt 0.133764446 0.549827576
vt 0.249777362 0.31643936
vt 0.266558677 0.283117324
vt 0.283195496 0.249724284
vt 0.300000012 0.216666669
vt 0.316666663 0.183333337
vt 0.333333343 0.150000006
vt 0.350000024 0.116666675
vt 0.366666675 0.0833333433
vt 0.383333325 0.0500000045
vt 0.383333325 0.0333333351
vt 0.391666681 0.0166666675
vt 0.375 0.0166666675
vt 0.383333355 0
vt 0.366666675 0.0500000045
vt 0.350000024 0.0833333433
vt 0.333333343 0.116666675
vt 0.316682339 0.149968654
vt 0.300000012 0.183333337
vt 0.283205301 0.216410577
vt 0.266390949 0.249448553
vt 0.249235749 0.282357395
vt 0.232798725 0.316310167
vt 0.216032326 0.350154698
vt 0.200041384 0.383199573
vt 0.184215605 0.416207135
vt 0.168602467 0.449221581
vt 0.152291715 0.48241666
vt 0.13425684 0.516297281
vt 0.231912807 0.281597435
vt 0.214308485 0.316686332
vt 0.198497087 0.350582778
vt 0.182866514 0.383508861
vt 0.167114839 0.41648066
vt 0.151141867 0.449541211
vt 0.134203464 0.482985288
vt 0.248909235 0.248037398
vt 0.266410589 0.216154486
vt 0.283290625 0.183247894
vt 0.300031364 0.149937287
vt 0.316767454 0.116465114
vt 0.333333343 0.0833333433
vt 0.350000024 0.0500000045
vt 0.350000024 0.0333333351
vt 0.358333349 0.0166666675
vt 0.341666698 0.0166666675
vt 0.350000024 0
vt 0.333333343 0.0500000045
vt 0.316751778 0.0831631422
vt 0.300201595 0.116263554
vt 0.28365165 0.149363428
vt 0.266581237 0.183162481
vt 0.249045581 0.2147578
vt 0.231427521 0.246626258
vt 0.212825954 0.281104058
vt 0.19581826 0.317062557
vt 0.18036963 0.351308554
vt 0.165691644 0.38381809
vt 0.150219291 0.416577339
vt 0.133681267 0.449860811
vt 0.231680557 0.213361114
vt 0.212552235 0.244637817
vt 0.193739086 0.280610681
vt 0.176169157 0.318419993
vt 0.162242174 0.35203433
vt 0.148846865 0.38390854
vt 0.133323729 0.416674018
vt 0.249538735 0.182410777
vt 0.267271906 0.148789555
vt 0.284623742 0.11408592
vt 0.300170213 0.0829929411
vt 0.316666663 0.0500000045
vt 0.316666663 0.0333333351
vt 0.325000018 0.0166666675
vt 0.308333337 0.0166666675
vt 0.316666692 0
vt 0.300000012 0.0500000045
vt 0.28442502 0.08115004
vt 0.269045889 0.111908287
vt 0.25036335 0.148921266
vt 0.232496202 0.181659088
vt 0.213621691 0.211106509
vt 0.193676919 0.242649376
vt 0.173828885 0.281772435
vt 0.156520069 0.319777429
vt 0.144952118 0.352419227
vt 0.132002085 0.38399899
vt 0.233454734 0.149052978
vt 0.215237796 0.180475578
vt 0.19556281 0.208851904
vt 0.174985319 0.242410317
vt 0.153918684 0.282934189
vt 0.137969822 0.321199656
vt 0.127662063 0.352804124
vt 0.251736164 0.113194376
vt 0.268679798 0.0793071389
vt 0.283452928 0.0497608706
vt 0.283333361 0.0333333351
vt 0.291666687 0.0166666675
vt 0.275000036 0.0166666675
vt 0.283333361 0
vt 0.266905814 0.0495217368
vt 0.251451433 0.0804304928
vt 0.234426439 0.114480481
vt 0.216469616 0.149010956
vt 0.197979361 0.179292068
vt 0.178038284 0.2080881
vt 0.156293705 0.242171258
vt 0.135612875 0.285291344
vt 0.119419575 0.322621882
vt 0.234223083 0.0815538466
vt 0.217203259 0.115553655
vt 0.199484468 0.148968935
vt 0.181122318 0.179005086
vt 0.160513759 0.207324296
vt 0.139941812 0.245318472
vt 0.117307082 0.287648529
vt 0.250166625 0.0496667549
vt 0.25 0.0333333351
vt 0.258333325 0.0166666675
vt 0.241666675 0.0166666675
vt 0.25 0
vt 0.23342745 0.0498117805
vt 0.217111543 0.0824435949
vt 0.19998008 0.116626821
vt 0.182775319 0.148883983
vt 0.164265275 0.178718105
vt 0.14470695 0.210041314
vt 0.123589903 0.248465717
vt 0.216713727 0.0499058887
vt 0.200000003 0.0833333433
vt 0.183307886 0.11661578
vt 0.166066185 0.148799032
vt 0.148061201 0.179797933
vt 0.216666669 0.0333333351
vt 0.225000009 0.0166666675
vt 0.208333343 0.0166666675
vt 0.216666684 0
vt 0.200000003 0.0500000045
vt 0.183333337 0.0833333433
vt 0.166635707 0.116604745
vt 0.128900141 0.212758347
vt 0.149549961 0.149099916
vt 0.131857127 0.180877775
vt 0.183333337 0.0500000045
vt 0.166666672 0.0833333433
vt 0.150223583 0.11663489
vt 0.183333337 0.0333333351
vt 0.191666663 0.0166666675
vt 0.175000012 0.0166666675
vt 0.183333337 0
vt 0.166666672 0.0500000045
vt 0.133033752 0.1494008
vt 0.150247052 0.0833333433
vt 0.133811444 0.116665035
vt 0.115741894 0.181861714
vt 0.117149793 0.149672598
vt 0.113414116 0.214431301
vt 0.10903208 0.249768943
vt 0.104453079 0.287178457
vt 0.106027469 0.321421325
vt 0.112063311 0.352285922
vt 0.115614854 0.383859247
vt 0.116661862 0.416670352
vt 0.116840646 0.449930429
vt 0.117101729 0.483159304
vt 0.117128432 0.516481996
vt 0.11688222 0.549913824
vt 0.116783097 0.583263159
vt 0.117497824 0.616112709
vt 0.119054332 0.648396015
vt 0.119597539 0.681014419
vt 0.117506206 0.714674354
vt 0.114634365 0.748800874
vt 0.113986388 0.782711744
vt 0.115285352 0.816581428
vt 0.116124161 0.851382732
vt 0.116297439 0.88535583
vt 0.116552696 0.917641878
vt 0.116666675 0.950215936
vt 0.116666675 0.966667056
vt 0.125 0.983333528
vt 0.108333342 0.983333528
vt 0.116666675 1
vt 0.100000009 0.950431466
vt 0.0997363478 0.918580949
vt 0.09914276 0.887192786
vt 0.0992738158 0.852625489
vt 0.0993936062 0.816821098
vt 0.0987644419 0.7830863
vt 0.0989841893 0.749547005
vt 0.100362107 0.715856671
vt 0.101314791 0.682358265
vt 0.100944079 0.64937079
vt 0.100245446 0.616503119
vt 0.100000009 0.583333373
vt 0.100000009 0.550000072
vt 0.100000009 0.516666651
vt 0.100000009 0.483333349
vt 0.100000009 0.449999988
vt 0.099999994 0.416666687
vt 0.0992276296 0.383719504
vt 0.0964645669 0.351767719
vt 0.0926353633 0.320220739
vt 0.091599077 0.286708415
vt 0.094474256 0.251072168
vt 0.0979280993 0.216104254
vt 0.0996266752 0.182845667
vt 0.0833333358 0.416666687
vt 0.0828972831 0.383551359
vt 0.0811092183 0.351112068
vt 0.0785361528 0.319001138
vt 0.0778631717 0.285655737
vt 0.0798452199 0.250895888
vt 0.0821335092 0.216464579
vt 0.0833333433 0.449999988
vt 0.0833333433 0.483333349
vt 0.0833333433 0.516666651
vt 0.0833333433 0.550000072
vt 0.0833333433 0.583333373
vt 0.0834560543 0.616584957
vt 0.0838057697 0.649685144
vt 0.0839921311 0.682844937
vt 0.0835151076 0.716261029
vt 0.0828178972 0.749772131
vt 0.0827083141 0.783208489
vt 0.0829961598 0.816879869
vt 0.0826298818 0.852712274
vt 0.0824627578 0.887722611
vt 0.0830659419 0.919513226
vt 0.0833333433 0.950936317
vt 0.0833333433 0.966720998
vt 0.0916666687 0.983333528
vt 0.075000003 0.98338747
vt 0.0833333358 1
vt 0.0666666701 0.951441169
vt 0.0663955212 0.920445561
vt 0.0657827556 0.888252378
vt 0.0659859478 0.852799177
vt 0.0665987208 0.816938758
vt 0.0666521788 0.783330679
vt 0.0666515976 0.749997199
vt 0.0666681081 0.716665387
vt 0.066669479 0.683331609
vt 0.0666674525 0.649999619
vt 0.0666666701 0.616666794
vt 0.0666666701 0.583333373
vt 0.0666666701 0.550000072
vt 0.0666666701 0.516666651
vt 0.0666666701 0.483333349
vt 0.0666666701 0.449999988
vt 0.0666666701 0.416666687
vt 0.0665669441 0.383383214
vt 0.0657538697 0.350456417
vt 0.0644369349 0.317781538
vt 0.0641272515 0.284603059
vt 0.0652161762 0.250719607
vt 0.0500000045 0.483333349
vt 0.0500000045 0.449999988
vt 0.0500000045 0.416666687
vt 0.0499501377 0.38335827
vt 0.0495429263 0.350228548
vt 0.048855491 0.317238927
vt 0.0486900657 0.283988297
vt 0.0500000045 0.516666651
vt 0.0500000045 0.550000072
vt 0.0500000045 0.583333373
vt 0.0500000045 0.616666794
vt 0.0500003956 0.649999857
vt 0.0500014052 0.683332562
vt 0.0500007197 0.716666102
vt 0.0499924645 0.749998689
vt 0.0499927588 0.783332109
vt 0.0499660298 0.816802859
vt 0.0496512465 0.851433277
vt 0.049549602 0.885927081
vt 0.0498643853 0.91877526
vt 0.0500000045 0.950839281
vt 0.0500000045 0.966720998
vt 0.0583333373 0.98338747
vt 0.0416666716 0.983333528
vt 0.0500000045 1
vt 0.0333333351 0.950237334
vt 0.0333332419 0.917105019
vt 0.0333164558 0.883601904
vt 0.0333165452 0.850067496
vt 0.0333333351 0.816666961
vt 0.0333333351 0.78333354
vt 0.0333333351 0.750000238
vt 0.0333333351 0.716666818
vt 0.0333333351 0.683333516
vt 0.0333333351 0.650000095
vt 0.0333333351 0.616666794
vt 0.0333333351 0.583333373
vt 0.0333333351 0.550000072
vt 0.0333333351 0.516666651
vt 0.0333333351 0.483333349
vt 0.0333333351 0.449999988
vt 0.0333333351 0.416666687
vt 0.0333333351 0.383333325
vt 0.0333319828 0.350000679
vt 0.0332740434 0.316696316
vt 0.0166666675 0.550000072
vt 0.0166666675 0.516666651
vt 0.0166666675 0.483333349
vt 0.0166666675 0.449999988
vt 0.0166666675 0.416666687
vt 0.0166666675 0.383333325
vt 0.0166659914 0.350000352
vt 0.0166666675 0.583333373
vt 0.0166666675 0.616666794
vt 0.0166666675 0.650000095
vt 0.0166666675 0.683333516
vt 0.0166666675 0.716666818
vt 0.0166666675 0.750000238
vt 0.0166666675 0.78333354
vt 0.0166666675 0.816666961
vt 0.0166582726 0.850033879
vt 0.0166582279 0.883467793
vt 0.016666621 0.916885972
vt 0.0166666675 0.95011884
vt 0.0166666675 0.966667056
vt 0.0250000022 0.983333528
vt 0.00833333377 0.983333528
vt 0.0166666675 1
vt 0 0.950000405
vt 0 0.916666985
vt 0 0.883333683
vt 0 0.850000262
vt 0 0.816666961
vt 0 0.78333354
vt 0 0.750000238
vt 0 0.716666818
vt 0 0.683333516
vt 0 0.650000095
vt 0 0.616666794
vt 0 0.583333373
vt 0 0.550000072
vt 0 0.516666651
vt 0 0.483333349
vt 0 0.449999988
vt 0 0.416666687
vt 0 0.383333325
vt 0 0.350000024
vt 0 0.316666663
vt 0.0166370217 0.316681504
vt 0 0.283333361
vt 0.01662644 0.283353448
vt 0 0.25
vt 0.03325288 0.283373564
vt 0.0166554116 0.250005633
vt 0 0.216666669
vt 0.0492634997 0.250365436
vt 0.0333108231 0.250011265
vt 0.0166666675 0.216666669
vt 0 0.183333337
vt 0.0663389266 0.216824889
vt 0.0498361327 0.216745794
vt 0.0333333351 0.216666669
vt 0.0166666675 0.183333337
vt 0 0.150000006
vt 0.083146669 0.18308951
vt 0.0666666701 0.183333337
vt 0.0500000045 0.183333337
vt 0.0333333351 0.183333337
vt 0.0166666675 0.150000006
vt 0 0.116666675
vt 0.101265833 0.149944365
vt 0.0843617618 0.1499722
vt 0.0674576759 0.150000006
vt 0.0503955074 0.150000006
vt 0.0333333351 0.150000006
vt 0.0166716166 0.116666675
vt 0 0.0833333433
vt 0.121195421 0.116665855
vt 0.108579397 0.116666675
vt 0.0902523696 0.116666675
vt 0.071925357 0.116666675
vt 0.0526342914 0.116666675
vt 0.0333432332 0.116666675
vt 0.133827418 0.0833333433
vt 0.121588722 0.0833333433
vt 0.109350026 0.0833333433
vt 0.0909102112 0.0833333433
vt 0.0724703968 0.0833333433
vt 0.0529068112 0.0833333433
vt 0.0333432332 0.0833333433
vt 0.150007591 0.0500000045
vt 0.133348495 0.0500000045
vt 0.150000006 0.0333333351
vt 0.158333331 0.0166666675
vt 0.141666681 0.0166666675
vt 0.150000006 0
vt 0.117706388 0.0500000045
vt 0.116666675 0.0333333351
vt 0.125 0.0166666675
vt 0.102064282 0.0500000045
vt 0.108333342 0.0166666675
vt 0.116666675 0
vt 0.0850335062 0.0500000045
vt 0.0833333433 0.0333333351
vt 0.0916666687 0.0166666675
vt 0.0680027157 0.0500000045
vt 0.075000003 0.0166666675
vt 0.0833333358 0
vt 0.0506680273 0.0500000045
vt 0.0500000045 0.0333333351
vt 0.0583333373 0.0166666675
vt 0.0416666716 0.0166666675
vt 0.0500000045 0
vt 0.0333333351 0.0500000045
vt 0.0166716166 0.0833333433
vt 0 0.0500000045
vt 0.0166666675 0.0500000045
vt 0.0166666675 0.0333333351
vt 0.0250000022 0.0166666675
vt 0.00833333377 0.0166666675
vt 0.0166666675 0
vn -0.0599253923 0.998202801 0
vn 0 1 0
vn -0.0586156547 0.99820292 -0.0124567859
vn -0.097917974 0.995141268 -0.0102866339
vn -0.178579137 0.983193278 -0.0379546918
vn -0.17964074 0.983551204 -0.018874947
vn -0.265194476 0.962545931 -0.0563664362
vn -0.182568833 0.98319304 0
vn -0.269604087 0.962554455 -0.0283315517
vn -0.358552337 0.930393338 -0.0762123168
vn -0.364534348 0.930401504 -0.038311407
vn -0.450118572 0.887828529 -0.0956749767
vn -0.27111885 0.962545931 0
vn -0.457638949 0.887836218 -0.048097413
vn -0.537405372 0.835552275 -0.114227593
vn -0.366562635 0.930393338 0
vn -0.546391368 0.835559011 -0.0574252903
vn -0.619177282 0.774143875 -0.131608427
vn -0.460174263 0.887828529 0
vn -0.629535556 0.774149418 -0.0661640093
vn -0.694408715 0.704280436 -0.147599444
vn -0.549411237 0.835552096 0
vn -0.706028998 0.704284668 -0.0742038488
vn -0.76221031 0.626727939 -0.162010953
vn -0.633009911 0.774143696 0
vn -0.77496767 0.626730561 -0.0814490989
vn -0.821802318 0.542336464 -0.174677104
vn -0.709922135 0.704280138 0
vn -0.835558355 0.542338014 -0.087816678
vn -0.87251085 0.452030092 -0.185455382
vn -0.779238522 0.626727521 0
vn -0.887116075 0.452031136 -0.0932353511
vn -0.913769424 0.356794208 -0.194225237
vn -0.8401618 0.542335808 0
vn -0.929065764 0.356794506 -0.0976443067
vn -0.945119679 0.257667243 -0.200888902
vn -0.892002881 0.452029735 0
vn -0.960941076 0.257667333 -0.100994393
vn -0.96621412 0.155731723 -0.205372542
vn -0.93418318 0.356793791 0
vn -0.982388556 0.155731559 -0.103248581
vn -0.976819694 0.0520995297 -0.207626715
vn -0.96623379 0.257667124 0
vn -0.993171692 0.0520996153 -0.104382008
vn -0.976819694 -0.0520996638 -0.207626641
vn -0.987799406 0.155731782 0
vn -0.993171692 -0.0520996079 -0.104381889
vn -0.966214299 -0.155731097 -0.20537211
vn -0.998641908 0.0520996302 0
vn -0.982388675 -0.155731604 -0.103248365
vn -0.945119858 -0.257667333 -0.200888187
vn -0.998641908 -0.0521000884 0
vn -0.960941076 -0.257667542 -0.100994267
vn -0.913769543 -0.35679394 -0.194224611
vn -0.987799406 -0.155731812 0
vn -0.929065943 -0.356794059 -0.0976443589
vn -0.87251085 -0.452030003 -0.185455278
vn -0.96623379 -0.257666826 0
vn -0.887116373 -0.45203054 -0.0932354033
vn -0.82180202 -0.542336822 -0.174677357
vn -0.934183359 -0.356793255 0
vn -0.835557938 -0.54233855 -0.087816827
vn -0.76221019 -0.626728058 -0.162011012
vn -0.892003059 -0.452029407 0
vn -0.774967492 -0.62673074 -0.0814489201
vn -0.694408834 -0.704280376 -0.147599161
vn -0.840161383 -0.542336524 0
vn -0.706029296 -0.704284489 -0.0742032155
vn -0.619177163 -0.774143994 -0.131608129
vn -0.779238462 -0.626727521 0
vn -0.629535615 -0.774149418 -0.0661632419
vn -0.537405431 -0.835552156 -0.114227556
vn -0.709922194 -0.704280138 0
vn -0.546391547 -0.835558951 -0.0574248508
vn -0.450118572 -0.887828648 -0.0956742764
vn -0.633009791 -0.774143696 0
vn -0.457639009 -0.887836337 -0.0480969399
vn -0.358552635 -0.930393338 -0.0762119517
vn -0.549411356 -0.835551918 0
vn -0.364534557 -0.930401385 -0.038311746
vn -0.265194714 -0.962545812 -0.0563679375
vn -0.460174322 -0.887828529 0
vn -0.269604176 -0.962554216 -0.0283354893
vn -0.178578883 -0.983193278 -0.0379551426
vn -0.366562933 -0.930393279 0
vn -0.179640114 -0.983551204 -0.0188788064
vn -0.0586156696 -0.99820292 -0.0124562159
vn -0.271119267 -0.962545812 0
vn -0.629535377 -0.774149299 0.0661669374
vn -0.546391368 -0.835558772 0.0574280508
vn -0.45763883 -0.887836218 0.0480993614
vn -0.364534676 -0.930401325 0.038313698
vn -0.706029117 -0.704284251 0.0742067397
vn -0.774967372 -0.626730382 0.0814524442
vn -0.835557759 -0.542338192 0.0878206193
vn -0.887115896 -0.452030629 0.0932395831
vn -0.929065526 -0.35679394 0.0976489931
vn -0.960940599 -0.257666916 0.100999087
vn -0.982388198 -0.155731782 0.103252985
vn -0.993171215 -0.0521000549 0.104386404
vn -0.993171215 0.0520998351 0.104386747
vn -0.982388079 0.155731738 0.103253543
vn -0.96094048 0.257667184 0.1009994
vn -0.929065526 0.356794059 0.0976489857
vn -0.887116194 0.452030092 0.0932392851
vn -0.835557997 0.542337894 0.0878202543
vn -0.774967134 0.62673074 0.0814523995
vn -0.706028879 0.70428437 0.0742067993
vn -0.629535556 0.77414912 0.0661670491
vn -0.546391308 0.835558832 0.057428278
vn -0.45763877 0.887836218 0.0480993465
vn -0.364534408 0.930401385 0.0383134186
vn -0.26960367 0.962554455 0.0283367131
vn -0.179640397 0.983551085 0.0188811123
vn -0.0979186445 0.995141149 0.0102906125
vn -0.0599253923 0.998202801 0
vn -0.0586159714 0.998202801 0.0124613848
vn 0 1 0
vn -0.178579226 0.983193159 0.0379568487
vn -0.265194207 0.962545931 0.0563685447
vn -0.358552486 0.930393338 0.0762120262
vn -0.450118601 0.887828529 0.0956754014
vn -0.537405491 0.835551918 0.114229217
vn -0.619177043 0.774143696 0.131609902
vn -0.694408834 0.704280198 0.147600561
vn -0.762210011 0.626727939 0.162012294
vn -0.82180202 0.542336345 0.174678937
vn -0.872511089 0.452028781 0.185457155
vn -0.913769543 0.356792837 0.19422707
vn -0.945119262 0.257667333 0.200890854
vn -0.966213763 0.155731797 0.205374509
vn -0.976819336 0.0520996451 0.207628727
vn -0.976819336 -0.0520994179 0.207628861
vn -0.966213763 -0.155731604 0.205374569
vn -0.945119321 -0.257667124 0.200890854
vn -0.913769305 -0.356793344 0.194227234
vn -0.872510731 -0.452029258 0.185457334
vn -0.82180202 -0.542336345 0.174678862
vn -0.762210429 -0.626727462 0.162012398
vn -0.694408953 -0.704279959 0.1476008
vn -0.619177043 -0.774143875 0.131609917
vn -0.537405431 -0.835551918 0.114229091
vn -0.45011875 -0.887828469 0.0956754014
vn -0.888461113 -0.356793761 0.28867808
vn -0.848345101 -0.452030003 0.275643706
vn -0.79904002 -0.542338133 0.259623617
vn -0.741097748 -0.626730382 0.240796819
vn -0.675172269 -0.70428431 0.219376177
vn -0.602021575 -0.774149477 0.195608333
vn -0.522511482 -0.835558772 0.16977413
vn -0.918942988 -0.257667631 0.298582047
vn -0.939453244 -0.15573135 0.305246294
vn -0.949765027 -0.0520993881 0.30859676
vn -0.949765146 0.0520993732 0.308596641
vn -0.939453244 0.155732021 0.305246145
vn -0.918942988 0.257667482 0.298581928
vn -0.888461471 0.356792986 0.28867808
vn -0.848345041 0.452030212 0.275643736
vn -0.799039781 0.54233849 0.259623647
vn -0.741097569 0.626730561 0.240796864
vn -0.67517215 0.704284549 0.219376013
vn -0.602021754 0.774149418 0.195608079
vn -0.522511661 0.835558772 0.16977407
vn -0.437637717 0.887836158 0.14219743
vn -0.348602235 0.930401385 0.11326763
vn -0.257820636 0.962554455 0.0837700814
vn -0.171789274 0.983551204 0.0558167063
vn -0.0936392099 0.995141268 0.0304229986
vn -0.0586159714 0.998202801 0.0124613848
vn -0.054744646 0.998202801 0.0243753679
vn 0 1 0
vn -0.166784912 0.983193159 0.0742564574
vn -0.247679353 0.962546051 0.110273056
vn -0.334871709 0.930393338 0.149094522
vn -0.420390129 0.887828529 0.187170163
vn -0.501912177 0.835551918 0.223465949
vn -0.578283131 0.774143755 0.257468373
vn -0.64854604 0.704280376 0.288751185
vn -0.711869836 0.626727402 0.316944808
vn -0.767525733 0.542336106 0.341724664
vn -0.814885318 0.452029347 0.362810463
vn -0.853419185 0.356792837 0.379966378
vn -0.882698715 0.257667035 0.393002212
vn -0.902399659 0.155732051 0.401774049
vn -0.912304819 0.0521000884 0.406184167
vn -0.912304878 -0.052099511 0.406183839
vn -0.902399659 -0.155731902 0.401773989
vn -0.882698417 -0.257667482 0.39300248
vn -0.853418946 -0.356793642 0.379966438
vn -0.814885497 -0.452029198 0.362810344
vn -0.767525792 -0.542336047 0.341724664
vn -0.711869836 -0.626727343 0.316944897
vn -0.648546219 -0.704280078 0.288751245
vn -0.578283131 -0.774143755 0.257468343
vn -0.855459392 -0.1557322 0.493899703
vn -0.836782813 -0.257667392 0.483117074
vn -0.809026241 -0.35679388 0.46709162
vn -0.772496819 -0.452030629 0.446001142
vn -0.727600217 -0.542338014 0.420080036
vn -0.674838185 -0.626730502 0.389618129
vn -0.614806831 -0.70428443 0.354959071
vn -0.864849269 -0.0520993732 0.499320954
vn -0.86484915 0.0521001667 0.499321073
vn -0.855459392 0.155731633 0.493899792
vn -0.836783171 0.257667005 0.483116716
vn -0.80902642 0.356793702 0.467091531
vn -0.77249676 0.452030569 0.446001291
vn -0.727600217 0.542337894 0.420080304
vn -0.674838245 0.626730442 0.389618129
vn -0.614806592 0.704284847 0.354958653
vn -0.548196495 0.774149358 0.316501737
vn -0.475795209 0.835558593 0.274701118
vn -0.39850983 0.887836158 0.230080336
vn -0.317434788 0.930401385 0.183271229
vn -0.234769657 0.962554574 0.135543674
vn -0.156430095 0.983551204 0.0903145447
vn -0.0852671266 0.995141149 0.0492300466
vn -0.054744646 0.998202801 0.0243753679
vn -0.0484808907 0.99820292 0.0352200754
vn 0 1 0
vn -0.147702113 0.983193159 0.10730911
vn -0.219340026 0.962546051 0.159358427
vn -0.29655531 0.930393457 0.215459928
vn -0.372288793 0.887828529 0.270483941
vn -0.444483042 0.835551918 0.322936058
vn -0.512115657 0.774143755 0.37207374
vn -0.574339032 0.704280436 0.417281479
vn -0.630417228 0.626727402 0.458025008
vn -0.679705143 0.542336047 0.493834496
vn -0.721645653 0.452029467 0.524306059
vn -0.755770206 0.356793374 0.549099088
vn -0.781699538 0.257666916 0.56793803
vn -0.799146473 0.155731425 0.580613971
vn -0.807918251 0.0520997569 0.586986959
vn -0.807918012 -0.0520996451 0.586987317
vn -0.799146354 -0.155731857 0.58061409
vn -0.781699717 -0.257667184 0.567937672
vn -0.755770504 -0.356793404 0.549098849
vn -0.721645772 -0.452029407 0.524305999
vn -0.679704905 -0.542336285 0.493834615
vn -0.630416989 -0.6267277 0.458024859
vn -0.742135882 0.0520996004 0.668221593
vn -0.742135584 -0.0521000624 0.668221772
vn -0.73407799 -0.155731633 0.660966873
vn -0.718051672 -0.257666886 0.646536469
vn -0.694233656 -0.356793821 0.625090182
vn -0.662887216 -0.45203054 0.596865892
vn -0.6243608 -0.542338312 0.562176883
vn -0.73407805 0.155731723 0.660966754
vn -0.718051553 0.257667184 0.646536589
vn -0.694233418 0.356793761 0.62509048
vn -0.662887335 0.45203045 0.596865952
vn -0.624360859 0.542338252 0.562176764
vn -0.579085231 0.626730621 0.521410763
vn -0.527571678 0.704284608 0.47502771
vn -0.47041285 0.774149358 0.423561633
vn -0.408284485 0.835558772 0.367621124
vn -0.341965139 0.887836218 0.307906777
vn -0.272393912 0.930401504 0.245264038
vn -0.20145829 0.962554455 0.181393653
vn -0.134234205 0.983551204 0.120864548
vn -0.0731679872 0.995141268 0.0658796653
vn -0.0484808907 0.99820292 0.0352200754
vn -0.0400977172 0.99820292 0.0445316099
vn 0 1 0
vn -0.122161545 0.983192921 0.135676652
vn -0.181413665 0.962545693 0.201481879
vn -0.245278552 0.930393279 0.272409379
vn -0.307917029 0.887828529 0.341976225
vn -0.367627919 0.835552037 0.408292294
vn -0.423566282 0.774143934 0.470417768
vn -0.47503081 0.704280376 0.527574658
vn -0.521412313 0.6267277 0.57908684
vn -0.562177777 0.542336524 0.624361455
vn -0.596866608 0.452029556 0.662887335
vn -0.625090659 0.356793284 0.694233418
vn -0.646536648 0.257667273 0.718051493
vn -0.660967052 0.155732036 0.734077752
vn -0.668222308 0.0520997383 0.742135108
vn -0.668222308 -0.0521000735 0.742135048
vn -0.660967112 -0.155732021 0.734077752
vn -0.646536529 -0.257666737 0.718051672
vn -0.625090778 -0.356793076 0.694233418
vn -0.596866846 -0.452029705 0.662887037
vn -0.567938209 0.257667422 0.7816993
vn -0.580614448 0.155732244 0.799146056
vn -0.586987257 0.0520996563 0.807918012
vn -0.586987078 -0.0520999655 0.807918191
vn -0.58061403 -0.15573217 0.799146354
vn -0.567937911 -0.257667094 0.781699538
vn -0.549099267 -0.356793433 0.755770147
vn -0.549099326 0.356793672 0.755769968
vn -0.524306118 0.452030599 0.721644878
vn -0.493833899 0.542338133 0.679703832
vn -0.458023697 0.626730561 0.630415082
vn -0.417279541 0.704284549 0.574335337
vn -0.372070014 0.774149299 0.512110233
vn -0.32292974 0.835558951 0.444474638
vn -0.27047509 0.887836337 0.372276574
vn -0.215448245 0.930401504 0.296538591
vn -0.159341991 0.962554455 0.219315231
vn -0.10617163 0.983551204 0.146132454
vn -0.0578721799 0.995141268 0.0796529278
vn -0.0400977172 0.99820292 0.0445316099
vn -0.0299627166 0.998202801 0.0518976152
vn 0 1 0
vn -0.0912843496 0.983192921 0.158109888
vn -0.13555938 0.962545931 0.234795809
vn -0.183281317 0.930393457 0.317452163
vn -0.230087191 0.887828708 0.398522288
vn -0.274705529 0.835552096 0.47580415
vn -0.316504598 0.774143934 0.548202515
vn -0.354960948 0.704280317 0.614810526
vn -0.389619082 0.626727283 0.674840629
vn -0.420080692 0.542336166 0.72760129
vn -0.446001947 0.452029616 0.772496998
vn -0.467092246 0.356793046 0.809026241
vn -0.483117133 0.257667243 0.836782813
vn -0.493899763 0.155732304 0.855459213
vn -0.499320924 0.0520995557 0.86484915
vn -0.499320805 -0.0520999581 0.864849269
vn -0.493899643 -0.155732155 0.855459392
vn -0.483117074 -0.257666737 0.836782992
vn -0.362810105 0.452030629 0.814884782
vn -0.379966706 0.356793821 0.853418767
vn -0.393002778 0.257667214 0.882698417
vn -0.4017739 0.155731916 0.902399778
vn -0.406184196 0.0520997569 0.912304819
vn -0.406184614 -0.0520997755 0.91230458
vn -0.401774615 -0.155731872 0.90239948
vn -0.341723949 0.542337954 0.76752466
vn -0.316943645 0.626730323 0.711867929
vn -0.288749486 0.704284608 0.648542166
vn -0.257465512 0.774149418 0.578276873
vn -0.223461449 0.835558653 0.501902938
vn -0.187163666 0.887836218 0.420376599
vn -0.149086222 0.930401385 0.334852964
vn -0.110261768 0.962554336 0.247651875
vn -0.0734688118 0.983551085 0.16501382
vn -0.0400465317 0.995141029 0.0899474323
vn -0.0299627166 0.998202801 0.0518976152
vn -0.0185180232 0.998202801 0.0569936782
vn 0 1 0
vn -0.0564169101 0.98319304 0.173633397
vn -0.0837803632 0.962545931 0.257849306
vn -0.113274164 0.930393338 0.348621815
vn -0.142201573 0.887828648 0.437651724
vn -0.169777483 0.835551918 0.522521436
vn -0.195611089 0.774143755 0.602027953
vn -0.219378114 0.704280436 0.675175726
vn -0.240797952 0.626727402 0.741100013
vn -0.259624481 0.542336226 0.799041092
vn -0.275644332 0.452029407 0.84834522
vn -0.288678586 0.356793463 0.888461113
vn -0.298582792 0.257667214 0.918942809
vn -0.305246979 0.155731633 0.939453006
vn -0.308597445 0.0520997792 0.949764848
vn -0.308597535 -0.0520996898 0.949764848
vn -0.162012652 0.626730502 0.762207747
vn -0.174679771 0.54233849 0.821800411
vn -0.18545872 0.45203042 0.872509956
vn -0.194228157 0.356793404 0.913769007
vn -0.200891301 0.257667512 0.945119143
vn -0.20537518 0.155731678 0.966213644
vn -0.207629502 0.0520993136 0.976819217
vn -0.147600591 0.704284728 0.694404125
vn -0.131608903 0.774149477 0.619170189
vn -0.114226989 0.835558772 0.537395298
vn -0.0956726745 0.887836456 0.450103641
vn -0.0762083903 0.930401504 0.358532131
vn -0.0563625023 0.962554216 0.26516518
vn -0.0375550911 0.983551085 0.176683247
vn -0.0204705968 0.995141149 0.0963073224
vn -0.0185180232 0.998202801 0.0569936782
vn -0.00626423862 0.998202801 0.0595971011
vn 0 1 0
vn -0.0190847684 0.98319304 0.181568831
vn -0.0283400323 0.962545693 0.269634247
vn -0.038316261 0.930393457 0.364554435
vn -0.0481015444 0.887828648 0.457653344
vn -0.0574291907 0.835552156 0.546401381
vn -0.0661674291 0.774143934 0.629541993
vn -0.0742071941 0.704280555 0.706032753
vn -0.0814529583 0.626727641 0.774969578
vn -0.0878210515 0.542336702 0.835558653
vn -0.093240045 0.452029556 0.887116492
vn -0.0976492092 0.35679248 0.929066062
vn -0.10099905 0.257667273 0.96094048
vn -0.103253081 0.155731991 0.982388079
vn 0 0.774149418 0.633002877
vn 0 0.704284906 0.709917486
vn 0 0.626730561 0.779236019
vn 0 0.54233855 0.840160131
vn 0 0.452030629 0.892002463
vn 0 0.356793076 0.934183359
vn 0 0.257667363 0.966233671
vn 0 0.835558832 0.549400985
vn 0 0.887836337 0.460159272
vn 0 0.930401385 0.366542161
vn 0 0.962554336 0.271088868
vn 0 0.983551323 0.180629209
vn 0 0.995141268 0.0984572247
vn -0.00626423862 0.998202801 0.0595971011
vn 0.00626392709 0.998202801 0.05959782
vn 0 1 0
vn 0.0190835875 0.98319304 0.181568742
vn 0.0283395387 0.962545812 0.269633949
vn 0.0383161269 0.930393279 0.364554852
vn 0.0481014773 0.887828529 0.457653403
vn 0.0574291721 0.835552096 0.546401501
vn 0.0661674067 0.774143755 0.629542053
vn 0.0742070153 0.704280615 0.706032693
vn 0.0814526454 0.626727641 0.774969637
vn 0.0878209397 0.542336345 0.835558951
vn 0.0932400227 0.452029377 0.887116551
vn 0.0976492018 0.356792867 0.929065824
vn 0.0956725478 0.887836337 0.45010367
vn 0.114226662 0.835558772 0.537395358
vn 0.131608739 0.774149358 0.619170427
vn 0.147600412 0.704284847 0.694404066
vn 0.162012488 0.62673068 0.762207687
vn 0.174679637 0.542338014 0.821800709
vn 0.185458332 0.452030212 0.872510135
vn 0.0762083381 0.930401504 0.358532161
vn 0.0563623942 0.962554455 0.265164584
vn 0.0375549756 0.983551204 0.176682219
vn 0.0204704348 0.995141268 0.096305497
vn 0.00626392709 0.998202801 0.05959782
vn 0.0185182784 0.998202801 0.0569932237
vn 0 1 0
vn 0.0564179979 0.983193159 0.17363283
vn 0.0837807581 0.962545931 0.257849216
vn 0.113274127 0.930393457 0.348621666
vn 0.142201304 0.887828827 0.437651575
vn 0.169777006 0.835552037 0.522521436
vn 0.195610732 0.774143755 0.602028072
vn 0.219378084 0.704280674 0.675175607
vn 0.240797952 0.6267277 0.741099656
vn 0.259624243 0.542336106 0.799041152
vn 0.110261768 0.962554336 0.247651875
vn 0.149086148 0.930401385 0.334852844
vn 0.187163457 0.887836337 0.420376569
vn 0.223461315 0.835558772 0.501902997
vn 0.257465333 0.774149477 0.578276932
vn 0.288749129 0.704284847 0.648542106
vn 0.316943318 0.62673068 0.71186775
vn 0.0734688789 0.983551204 0.165013224
vn 0.0400465205 0.995141268 0.0899449214
vn 0.0185182784 0.998202801 0.0569932237
vn 0.0299627259 0.998202801 0.0518988445
vn 0 1 0
vn 0.0912843943 0.98319304 0.158109263
vn 0.135559335 0.962545812 0.23479633
vn 0.183281183 0.930393338 0.317452759
vn 0.230087221 0.887828529 0.398522615
vn 0.274705648 0.835551918 0.475804269
vn 0.316504925 0.774143994 0.548202276
vn 0.354960948 0.704280496 0.614810407
vn 0.106171489 0.983551085 0.146132708
vn 0.159341738 0.962554336 0.219315603
vn 0.215448052 0.930401385 0.29653883
vn 0.270475149 0.887836337 0.372276634
vn 0.322929859 0.835558832 0.444474608
vn 0.372069955 0.774149418 0.512109935
vn 0.057872165 0.995141029 0.0796555579
vn 0.0299627259 0.998202801 0.0518988445
vn 0.0400979593 0.998202801 0.0445333868
vn 0 1 0
vn 0.12216226 0.98319304 0.135675862
vn 0.181413785 0.962545931 0.201480523
vn 0.245278195 0.930393457 0.272409052
vn 0.307916671 0.887828648 0.341975987
vn 0.367627829 0.835552156 0.408292085
vn 0.134234145 0.983550966 0.120866038
vn 0.201458097 0.962554455 0.181393549
vn 0.272393882 0.930401623 0.245264143
vn 0.341965109 0.887836337 0.307906747
vn 0.0731685087 0.99514091 0.0658847243
vn 0.0400979593 0.998202801 0.0445333868
vn 0.0484804846 0.99820292 0.0352205224
vn 0 1 0
vn 0.147700667 0.98319304 0.107312337
vn 0.21933955 0.962545931 0.159359917
vn 0.2965554 0.930393577 0.215459511
vn 0.408284426 0.835558772 0.367621243
vn 0.372288853 0.887828648 0.270483553
vn 0.423566043 0.774143755 0.470418036
vn 0.417279541 0.704284549 0.574335337
vn 0.389618754 0.6267277 0.67484051
vn 0.341723412 0.542338252 0.767524838
vn 0.275644183 0.452029288 0.84834528
vn 0.194228157 0.356793821 0.913768947
vn 0.10099905 0.257667273 0.96094048
vn 0 0.155731946 0.987799287
vn -0.104386568 0.0520991907 0.993171215
vn -0.207629159 -0.0520996526 0.976819217
vn -0.305247188 -0.155731574 0.939452887
vn -0.393003047 -0.257667035 0.882698238
vn -0.467092067 -0.356792808 0.80902648
vn -0.524306059 -0.452030689 0.721644819
vn -0.562177837 -0.542336643 0.624361336
vn -0.579085231 -0.626730621 0.521410704
vn -0.574339211 -0.704280198 0.417281687
vn -0.548196614 -0.774149358 0.316501588
vn -0.501912177 -0.835552096 0.223465472
vn -0.437637895 -0.887836158 0.142197251
vn -0.358552814 -0.930393159 0.0762126446
vn -0.269604146 -0.962554216 0.0283373874
vn -0.182568386 -0.983193159 0
vn -0.0979175791 -0.995141387 -0.0102866953
vn -0.0599251725 -0.99820292 0
vn 0 -1 0
vn -0.475795299 -0.835558832 0.274700224
vn -0.420390457 -0.887828469 0.187169775
vn -0.348602772 -0.930401206 0.113268264
vn -0.265194803 -0.962545693 0.0563696623
vn -0.179640159 -0.983551085 0.0188829303
vn -0.0979175568 -0.995141268 0.0102944328
vn -0.0599251725 -0.99820292 0
vn -0.058615651 -0.998202801 0.0124610914
vn 0 -1 0
vn -0.178578928 -0.983193159 0.0379574783
vn -0.257821172 -0.962554216 0.0837709606
vn -0.334872216 -0.930393159 0.149094522
vn -0.398509979 -0.887836218 0.230079472
vn -0.17178899 -0.983551323 0.0558155179
vn -0.247679859 -0.962545693 0.110274121
vn -0.0936381295 -0.995141387 0.0304217264
vn -0.058615651 -0.998202801 0.0124610914
vn -0.0547443554 -0.998202801 0.024374783
vn 0 -1 0
vn -0.16678454 -0.983193159 0.0742573589
vn -0.317435116 -0.930401206 0.183271572
vn -0.23477003 -0.962554097 0.135545909
vn -0.444483101 -0.835552096 0.322935849
vn -0.372288734 -0.887828648 0.270483613
vn -0.296555549 -0.930393159 0.215460792
vn -0.512115896 -0.774143636 0.372073978
vn -0.527572095 -0.704284251 0.475027829
vn -0.470413119 -0.77414912 0.423561901
vn -0.408284575 -0.835558772 0.367621183
vn -0.521412253 -0.626727641 0.5790869
vn -0.475030959 -0.704280078 0.527574897
vn -0.493834019 -0.54233855 0.679703593
vn -0.341965079 -0.887836218 0.307907015
vn -0.423566312 -0.774143696 0.470417947
vn -0.458023667 -0.626730561 0.630415022
vn -0.446001589 -0.452029645 0.772497118
vn -0.367627978 -0.835552037 0.408292234
vn -0.41727972 -0.704284251 0.574335575
vn -0.420080781 -0.542336404 0.727601051
vn -0.379966855 -0.356793553 0.853418767
vn -0.372069925 -0.774149358 0.512109995
vn -0.389619291 -0.626727521 0.674840331
vn -0.362809986 -0.452030599 0.814884782
vn -0.298583061 -0.257667214 0.918942809
vn -0.354961127 -0.704280019 0.614810765
vn -0.34172368 -0.542338312 0.76752466
vn -0.288679034 -0.356793404 0.888460934
vn -0.205374867 -0.155731529 0.966213644
vn -0.316943437 -0.626730561 0.71186775
vn -0.27564472 -0.452029228 0.848345101
vn -0.200891137 -0.257667273 0.945119262
vn -0.104386725 -0.0520997643 0.993171215
vn -0.2596246 -0.542336464 0.799040854
vn -0.194227979 -0.356793404 0.913769126
vn -0.103253119 -0.155731767 0.982388079
vn 0 0.0520993769 0.998641908
vn -0.185458764 -0.452030301 0.872510016
vn -0.100998618 -0.257667094 0.960940599
vn 0 -0.0520996191 0.998641908
vn 0.103253089 0.155731767 0.982388079
vn -0.0976489857 -0.35679245 0.929066181
vn 0 -0.155731842 0.987799287
vn 0.104386546 0.0520994179 0.993171215
vn 0.200891465 0.257667601 0.945119023
vn 0 -0.257667303 0.966233671
vn 0.10438671 -0.0520995483 0.993171215
vn 0.205374882 0.155731678 0.966213644
vn 0.288678348 0.356793672 0.888460994
vn 0.103253119 -0.155731767 0.982388079
vn 0.207629263 0.052099321 0.976819217
vn 0.298582137 0.257667601 0.918942928
vn 0.362809598 0.452030361 0.81488508
vn 0.207629412 -0.0520995781 0.976819217
vn 0.305246204 0.155731827 0.939453244
vn 0.379965991 0.356794298 0.853418827
vn 0.420080572 0.542336345 0.72760123
vn 0.3085967 0.0520995148 0.949765027
vn 0.393002003 0.257667542 0.882698596
vn 0.44600147 0.452029198 0.772497475
vn 0.458023369 0.62673068 0.630415142
vn 0.401773661 0.155731663 0.902399838
vn 0.467091501 0.356793553 0.80902648
vn 0.49383375 0.542338133 0.679703951
vn 0.475030631 0.704280317 0.527574778
vn 0.483116776 0.257667154 0.836782992
vn 0.524305999 0.452030241 0.721645176
vn 0.521412313 0.62672776 0.579086781
vn 0.470412999 0.774149299 0.423561782
vn 0.549099147 0.35679397 0.755769849
vn 0.562177777 0.542336106 0.624361753
vn 0.527571678 0.704284728 0.475027502
vn 0.444482833 0.835552156 0.32293582
vn 0.596866548 0.452029288 0.662887454
vn 0.579085112 0.626730859 0.521410465
vn 0.512115777 0.774143875 0.37207371
vn 0.624361038 0.542337894 0.562176883
vn 0.574338853 0.704280615 0.417281419
vn 0.630416989 0.626727819 0.45802477
vn 0.398509711 0.887836337 0.230079457
vn 0.475795001 0.835559011 0.274700284
vn 0.548196435 0.774149358 0.316501677
vn 0.614806771 0.704284549 0.354959071
vn 0.317434728 0.930401504 0.183270782
vn 0.234769806 0.962554455 0.135543853
vn 0.156430066 0.983551204 0.0903145149
vn 0.0852664411 0.995141268 0.0492287762
vn 0.0484804846 0.99820292 0.0352205224
vn 0.0547447093 0.99820292 0.0243721437
vn 0 1 0
vn 0.166785374 0.98319304 0.0742569491
vn 0.247679517 0.962545812 0.110273942
vn 0.334871531 0.930393338 0.14909479
vn 0.420390099 0.887828648 0.187169597
vn 0.501912117 0.835552156 0.223465517
vn 0.578282952 0.774143934 0.257468611
vn 0.171789154 0.983551085 0.055818174
vn 0.257820576 0.962554455 0.0837712958
vn 0.348602295 0.930401385 0.113267839
vn 0.437637538 0.887836456 0.1421967
vn 0.522511125 0.835559011 0.169774011
vn 0.093639113 0.995141029 0.0304281376
vn 0.0547447093 0.99820292 0.0243721437
vn 0.0586159416 0.99820292 0.0124577777
vn 0 1 0
vn 0.178579181 0.983193159 0.0379579142
vn 0.265194118 0.962545931 0.0563686527
vn 0.358552307 0.930393457 0.0762123913
vn 0.450118363 0.887828648 0.0956749097
vn 0.602021456 0.774149477 0.195608661
vn 0.537405074 0.835552275 0.114228651
vn 0.648546159 0.704280019 0.288751721
vn 0.674838066 0.626730859 0.389617801
vn 0.679705083 0.542335987 0.493834704
vn 0.662887275 0.45203045 0.596865952
vn 0.625090718 0.356793553 0.694233298
vn 0.567938268 0.257667273 0.781699181
vn 0.493899703 0.155731499 0.855459392
vn 0.406183988 0.0520996191 0.912304878
vn 0.308596671 -0.0520997904 0.949765027
vn 0.205374852 -0.155731499 0.966213644
vn 0.100998625 -0.257667154 0.960940599
vn 0 -0.356793046 0.934183478
vn -0.0932400152 -0.452029377 0.887116551
vn -0.174679622 -0.542338669 0.821800292
vn -0.240798205 -0.626727521 0.741099715
vn -0.288749099 -0.70428443 0.648542464
vn -0.316504776 -0.774143875 0.548202515
vn -0.32292968 -0.835558951 0.444474638
vn -0.307916939 -0.887828529 0.341976106
vn -0.27239424 -0.930401206 0.245265141
vn -0.219340071 -0.962545693 0.159360573
vn -0.156429753 -0.983551085 0.0903161541
vn -0.0852661282 -0.995141387 0.04922745
vn -0.0547443554 -0.998202801 0.024374783
vn -0.0484804921 -0.998203039 0.0352197923
vn 0 -1 0
vn -0.147700876 -0.983193278 0.107309736
vn -0.201458618 -0.962554097 0.181394488
vn -0.245278686 -0.93039304 0.272409856
vn -0.270475119 -0.887836337 0.372276574
vn -0.274705529 -0.835552156 0.47580409
vn -0.257465214 -0.774149358 0.578277111
vn -0.219378129 -0.704280257 0.675176024
vn -0.162012368 -0.62673074 0.762207687
vn -0.0878206417 -0.542337 0.835558534
vn 0 -0.45203042 0.892002463
vn 0.0976489559 -0.356792927 0.929065824
vn 0.200891122 -0.257667512 0.945119262
vn 0.305246383 -0.155731618 0.939453244
vn 0.406184137 -0.0520999394 0.912304819
vn 0.499321133 0.0520996675 0.86484915
vn 0.58061415 0.155731678 0.799146354
vn 0.646536708 0.257667184 0.718051434
vn 0.694233477 0.356794178 0.625090182
vn 0.721645713 0.452029377 0.524306238
vn 0.727599978 0.542338431 0.420080066
vn 0.711869776 0.626727462 0.316944867
vn 0.675171971 0.70428443 0.219376743
vn 0.619176984 0.774143875 0.131609961
vn 0.660966814 0.155732006 0.73407793
vn 0.718051612 0.257667243 0.646536529
vn 0.755770147 0.356793672 0.549099028
vn 0.772496641 0.452030599 0.4460015
vn 0.767525971 0.542336345 0.341724068
vn 0.741097569 0.626730382 0.240797371
vn 0.694408715 0.704280198 0.147601038
vn 0.586987078 0.0520997904 0.807918191
vn 0.499320954 -0.0520998687 0.864849269
vn 0.401774049 -0.155731738 0.902399778
vn 0.298582554 -0.257667512 0.918942809
vn 0.194228128 -0.35679391 0.913768828
vn 0.0932399929 -0.452029258 0.887116551
vn 0 -0.542338729 0.840159833
vn -0.0814524367 -0.626727641 0.774969578
vn -0.147600442 -0.704284608 0.694404304
vn -0.19561106 -0.774143934 0.602027833
vn -0.223461494 -0.835558832 0.501902759
vn -0.230087176 -0.887828648 0.398522556
vn -0.215448394 -0.930401325 0.296538889
vn -0.181414261 -0.962545574 0.201481789
vn -0.134234071 -0.983551323 0.120864011
vn -0.0731678009 -0.995141506 0.0658771023
vn -0.0484804921 -0.998203039 0.0352197923
vn -0.0400978066 -0.99820292 0.0445330888
vn 0 -1 0
vn -0.122162282 -0.98319304 0.135675237
vn -0.1593422 -0.962554216 0.219316006
vn -0.183281496 -0.930393279 0.317452937
vn -0.18716383 -0.887836337 0.420376569
vn -0.169777781 -0.835552037 0.522521138
vn -0.131609097 -0.774149477 0.61917007
vn -0.0742068067 -0.704280257 0.70603317
vn 0 -0.62673068 0.779235899
vn 0.0878206566 -0.542336583 0.835558951
vn 0.185458735 -0.452030241 0.872510016
vn 0.288678825 -0.356793582 0.888460934
vn 0.393002212 -0.257667363 0.882698536
vn 0.493899465 -0.155731469 0.855459511
vn 0.58698684 -0.0520998165 0.807918429
vn 0.668221653 0.0520998873 0.742135644
vn 0.734078109 0.155731633 0.660966635
vn 0.781699538 0.257667005 0.567937851
vn 0.809026122 0.356794208 0.467091739
vn 0.814885318 0.452029735 0.362810016
vn 0.7990399 0.542338014 0.259623885
vn 0.762210131 0.626727641 0.162013099
vn 0.668221712 -0.052099783 0.742135644
vn 0.742135584 0.052099824 0.668221831
vn 0.799146652 0.155731499 0.580613852
vn 0.836782753 0.25766778 0.483116925
vn 0.853418946 0.356793612 0.379966468
vn 0.848344803 0.45203048 0.275643647
vn 0.821801603 0.542336643 0.174680173
vn 0.580613911 -0.155731499 0.799146473
vn 0.483116627 -0.257667035 0.836783171
vn 0.379966021 -0.356794119 0.853418946
vn 0.275644362 -0.452029139 0.84834528
vn 0.174679771 -0.542338192 0.82180053
vn 0.0814524293 -0.626727939 0.774969399
vn 0 -0.704284608 0.709917784
vn -0.0661670417 -0.774143934 0.629542053
vn -0.114227384 -0.835558951 0.53739506
vn -0.142201737 -0.887828648 0.437651634
vn -0.149086311 -0.930401206 0.334853292
vn -0.135559663 -0.962545693 0.234796584
vn -0.106171347 -0.983551204 0.146132275
vn -0.0578714721 -0.995141506 0.0796504095
vn -0.0400978066 -0.99820292 0.0445330888
vn -0.0299625657 -0.998202801 0.0518982485
vn 0 -1 0
vn -0.0912841782 -0.983193159 0.158108637
vn -0.110261954 -0.962554097 0.247652933
vn -0.113274284 -0.930393159 0.348622203
vn -0.0956728235 -0.887836456 0.450103462
vn -0.0574289076 -0.835552275 0.546401262
vn 0 -0.774149537 0.633002758
vn 0.0742067844 -0.704280496 0.706032813
vn 0.162012592 -0.626730919 0.762207508
vn 0.259624183 -0.542336404 0.799041092
vn 0.362809658 -0.45203042 0.81488508
vn 0.467091262 -0.356793791 0.80902648
vn 0.567938149 -0.257667065 0.781699419
vn 0.660966814 -0.155731782 0.73407793
vn 0.742135465 -0.0520997085 0.668221951
vn 0.807918251 0.0520999506 0.586986899
vn 0.855459213 0.155732021 0.493899941
vn 0.882698357 0.25766784 0.39300245
vn 0.888461113 0.35679388 0.288678139
vn 0.872510493 0.452029258 0.18545866
vn 0.646536708 -0.257666945 0.718051493
vn 0.73407793 -0.155731827 0.660966814
vn 0.807918251 -0.0520999543 0.586986959
vn 0.86484915 0.0520995781 0.499321073
vn 0.90239954 0.15573217 0.401774079
vn 0.918942928 0.25766775 0.298582345
vn 0.913769245 0.356793135 0.194228053
vn 0.549098909 -0.356794268 0.755770028
vn 0.44600153 -0.452029526 0.772497177
vn 0.341723472 -0.542338252 0.767524719
vn 0.240797937 -0.626728058 0.741099417
vn 0.147600546 -0.704284668 0.694404185
vn 0.0661670342 -0.774143994 0.629541993
vn 0 -0.835558951 0.549400926
vn -0.0481014997 -0.887828827 0.457652956
vn -0.0762085021 -0.930401385 0.358532369
vn -0.0837805718 -0.962545574 0.25785017
vn -0.0734686852 -0.983551085 0.165013805
vn -0.0400460549 -0.995141149 0.0899461582
vn -0.0299625657 -0.998202801 0.0518982485
vn -0.0185179152 -0.99820292 0.0569911264
vn 0 -1 0
vn -0.0564167835 -0.983193159 0.173633039
vn -0.0563626178 -0.962554097 0.265165776
vn -0.0383164361 -0.930393279 0.364554793
vn 0 -0.887836456 0.460159242
vn 0.057428889 -0.835551918 0.546401858
vn 0.131608829 -0.774149358 0.619170427
vn 0.219378084 -0.704280376 0.675175965
vn 0.316943258 -0.626731098 0.711867452
vn 0.420080632 -0.542336345 0.727601171
vn 0.524306059 -0.45203054 0.721645057
vn 0.625090778 -0.356793553 0.694233298
vn 0.718051612 -0.257667154 0.646536469
vn 0.799146473 -0.15573208 0.580613732
vn 0.86484915 -0.0520996973 0.499321043
vn 0.912304699 0.0520991534 0.406184375
vn 0.939453125 0.15573214 0.305246353
vn 0.945119143 0.257667482 0.20089139
vn 0.596866727 -0.452029675 0.662887156
vn 0.694233418 -0.356794089 0.625090182
vn 0.781699657 -0.257667214 0.567937791
vn 0.855459273 -0.15573217 0.493899792
vn 0.91230458 -0.0520994999 0.406184554
vn 0.949764967 0.0520998165 0.308597028
vn 0.966213524 0.1557322 0.205374882
vn 0.49383375 -0.542338133 0.67970401
vn 0.389618635 -0.626727939 0.674840331
vn 0.288749099 -0.704284608 0.648542285
vn 0.195610777 -0.774143636 0.60202831
vn 0.114226915 -0.835558772 0.537395358
vn 0.0481014289 -0.887828529 0.457653433
vn 0 -0.930401385 0.36654219
vn -0.0283395704 -0.962545574 0.269634753
vn -0.0375550576 -0.983551204 0.176682621
vn -0.0204703733 -0.995141387 0.0963038355
vn -0.0185179152 -0.99820292 0.0569911264
vn -0.00626390195 -0.99820292 0.0595954843
vn 0 -1 0
vn -0.0190834757 -0.983193159 0.181568474
vn 0 -0.962554097 0.271089703
vn 0.0383163355 -0.930393338 0.364554554
vn 0.0956726149 -0.887836337 0.45010373
vn 0.169777155 -0.835552156 0.522521138
vn 0.257465333 -0.774149418 0.578276992
vn 0.354960829 -0.704280376 0.614810586
vn 0.45802322 -0.62673074 0.630415201
vn 0.562177837 -0.542336345 0.624361515
vn 0.662887216 -0.452030748 0.596865833
vn 0.755770326 -0.356793731 0.54909879
vn 0.836782813 -0.257667869 0.483116686
vn 0.90239948 -0.155732259 0.401774436
vn 0.949764848 -0.052099593 0.308597326
vn 0.976819217 0.0521002933 0.207628876
vn 0.521412432 -0.626727641 0.579086661
vn 0.624360859 -0.542338252 0.562176704
vn 0.721645772 -0.452029437 0.524306059
vn 0.80902642 -0.35679394 0.467091411
vn 0.882698178 -0.25766784 0.393002957
vn 0.939452887 -0.155732155 0.30524686
vn 0.976819336 -0.0520993918 0.207628891
vn 0.417279214 -0.704284608 0.574335396
vn 0.316504955 -0.774143875 0.548202395
vn 0.223461494 -0.835559189 0.501902282
vn 0.142201424 -0.887828708 0.437651485
vn 0.0762083307 -0.930401385 0.358532488
vn 0.0283395387 -0.962545693 0.269634485
vn 0 -0.983551204 0.180629641
vn 0 -0.995141387 0.0984558612
vn -0.00626390195 -0.99820292 0.0595954843
vn 0.00626391545 -0.998202801 0.059597183
vn 0 -1 0
vn 0.019083431 -0.983193159 0.181568101
vn 0.0563623905 -0.962554336 0.26516518
vn 0.113274261 -0.930393338 0.348621786
vn 0.18716374 -0.887836635 0.420376003
vn 0.274705827 -0.835552156 0.475803912
vn 0.372069687 -0.774149477 0.512110114
vn 0.475030869 -0.704280138 0.527574778
vn 0.579085171 -0.62673074 0.521410525
vn 0.679705024 -0.542336166 0.493834704
vn 0.772496819 -0.452030391 0.446001232
vn 0.853418827 -0.356793225 0.379966855
vn 0.91894269 -0.257667601 0.298582762
vn 0.966213524 -0.155731946 0.205374986
vn 0.423566192 -0.774143875 0.470417917
vn 0.527572036 -0.70428431 0.47502768
vn 0.630416989 -0.6267277 0.45802483
vn 0.727600098 -0.542338192 0.420080155
vn 0.814885318 -0.452029377 0.362810284
vn 0.888460934 -0.356794029 0.288678557
vn 0.945119023 -0.257667631 0.20089142
vn 0.32292971 -0.835558832 0.444474757
vn 0.230087191 -0.887828708 0.398522317
vn 0.149086311 -0.930401504 0.334852546
vn 0.0837805644 -0.962545812 0.257849425
vn 0.0375548191 -0.983551204 0.176682562
vn 0.0204703342 -0.995141268 0.0963051617
vn 0.00626391545 -0.998202801 0.059597183
vn 0.0185178928 -0.998202801 0.0569930375
vn 0 -1 0
vn 0.0564167872 -0.983193278 0.173632205
vn 0.110261999 -0.962554336 0.247652024
vn 0.183281377 -0.930393338 0.317452699
vn 0.270474881 -0.887836218 0.372276902
vn 0.36762777 -0.835552037 0.408292264
vn 0.470412999 -0.774149299 0.423561633
vn 0.574339032 -0.704280317 0.417281628
vn 0.674838126 -0.62673068 0.38961786
vn 0.767525733 -0.542336464 0.341724247
vn 0.848344624 -0.452030897 0.275643915
vn 0.913769007 -0.356793642 0.194227636
vn 0.307916582 -0.887828529 0.341976404
vn 0.408284426 -0.835558832 0.367621094
vn 0.512115598 -0.774143696 0.372073948
vn 0.614807129 -0.70428431 0.354958922
vn 0.711869836 -0.626727462 0.316944778
vn 0.799039543 -0.542338669 0.259623826
vn 0.872510374 -0.452029645 0.185458228
vn 0.215448171 -0.930401206 0.296539396
vn 0.135559678 -0.962545693 0.234796569
vn 0.0734688044 -0.983551323 0.165012375
vn 0.0400460549 -0.995141506 0.0899423361
vn 0.0185178928 -0.998202801 0.0569930375
vn 0.0299625732 -0.998202801 0.0518977307
vn 0 -1 0
vn 0.0912841856 -0.983193159 0.158108965
vn 0.15934208 -0.962553978 0.219316974
vn 0.245278418 -0.930393159 0.272409499
vn 0.341965139 -0.887836337 0.307906538
vn 0.444482952 -0.835552096 0.322935879
vn 0.548196793 -0.774149179 0.316501558
vn 0.648546457 -0.70427984 0.288751453
vn 0.741097569 -0.626730502 0.240797177
vn 0.821801603 -0.542336702 0.17467995
vn 0.181414053 -0.962545812 0.201481074
vn 0.272394091 -0.930401385 0.24526453
vn 0.372288734 -0.887828708 0.270483345
vn 0.47579518 -0.835558951 0.274700552
vn 0.578283131 -0.774143696 0.257468581
vn 0.675172091 -0.70428431 0.219376788
vn 0.762210011 -0.626727879 0.162013009
vn 0.106171355 -0.983550847 0.146134555
vn 0.0578715242 -0.995141029 0.0796559975
vn 0.0299625732 -0.998202801 0.0518977307
vn 0.0400977693 -0.99820292 0.0445330478
vn 0 -1 0
vn 0.122162089 -0.983193159 0.135674879
vn 0.201458424 -0.962554216 0.18139419
vn 0.296555549 -0.930393279 0.215460584
vn 0.398509651 -0.887836337 0.230079845
vn 0.501912236 -0.835551918 0.223465905
vn 0.602021396 -0.774149477 0.195609018
vn 0.694408774 -0.704279959 0.147601247
vn 0.134233892 -0.983551204 0.120864332
vn 0.219339937 -0.962545574 0.159361064
vn 0.317435116 -0.930401385 0.183270723
vn 0.420390099 -0.887828648 0.18716982
vn 0.522511303 -0.835558832 0.169774443
vn 0.073167637 -0.995141149 0.0658822581
vn 0.0400977693 -0.99820292 0.0445330478
vn 0.0484804809 -0.998203039 0.0352199301
vn 0 -1 0
vn 0.147700816 -0.983193159 0.107311524
vn 0.234770149 -0.962554336 0.135543942
vn 0.334872007 -0.930393279 0.149094492
vn 0.619176984 -0.774143875 0.131610394
vn 0.437637746 -0.887836218 0.142196998
vn 0.537405074 -0.835552156 0.114228934
vn 0.156429783 -0.983551204 0.0903149992
vn 0.24767983 -0.962545693 0.110274315
vn 0.348602563 -0.930401325 0.113267899
vn 0.0852661654 -0.995141387 0.0492273271
vn 0.0484804809 -0.998203039 0.0352199301
vn 0.0547443777 -0.99820292 0.0243738331
vn 0 -1 0
vn 0.16678451 -0.98319304 0.0742583573
vn 0.450118423 -0.887828648 0.0956752822
vn 0.257821053 -0.962554336 0.0837711245
vn 0.358552516 -0.930393338 0.0762126818
vn 0.546391129 -0.835559011 0.0574276522
vn 0.457638681 -0.887836337 0.0480997972
vn 0.629535198 -0.774149418 0.0661667883
vn 0.706028938 -0.70428431 0.0742068812
vn 0.774967015 -0.6267308 0.0814526156
vn 0.83555758 -0.54233849 0.0878210887
vn 0.887116015 -0.452030361 0.093240276
vn 0.929065526 -0.356793761 0.0976493582
vn 0.960940421 -0.25766775 0.100999258
vn 0.982388079 -0.155731902 0.103253141
vn 0.993171334 -0.0520993583 0.104386263
vn 0.993171215 0.0520997979 0.104386233
vn 0.982388079 0.155732155 0.103253141
vn 0.96094048 0.257667333 0.100999154
vn 0.929065764 0.356793165 0.0976492092
vn 0.887116075 0.452030301 0.0932402834
vn 0.835557401 0.542338669 0.087821126
vn 0.774967074 0.6267308 0.0814524665
vn 0.706028938 0.70428437 0.0742065087
vn 0.629535198 0.774149418 0.066166617
vn 0.54639107 0.835559011 0.0574278235
vn 0.457638621 0.887836218 0.0480999537
vn 0.364534199 0.930401385 0.0383144207
vn 0.26960358 0.962554455 0.0283370428
vn 0.179640263 0.983551204 0.0188813657
vn 0.0979186371 0.995141149 0.0102892034
vn 0.0586159416 0.99820292 0.0124577777
vn 0.0599254407 0.998202801 0
vn 0 1 0
vn 0.182568625 0.983193159 0
vn 0.271118671 0.962545931 0
vn 0.366562515 0.930393338 0
vn 0.460174322 0.887828529 0
vn 0.54941088 0.835552275 0
vn 0.633009493 0.774144053 0
vn 0.709922075 0.704280317 0
vn 0.779238164 0.626727879 0
vn 0.840161204 0.542336643 0
vn 0.892003119 0.452029169 0
vn 0.934183598 0.356792837 0
vn 0.966233671 0.257667243 0
vn 0.987799287 0.155731946 0
vn 0.998641908 0.0520996079 0
vn 0.998641908 -0.0520996079 0
vn 0.987799406 -0.155731708 0
vn 0.96623379 -0.257666945 0
vn 0.934183478 -0.356792927 0
vn 0.892003119 -0.452029228 0
vn 0.840161264 -0.542336643 0
vn 0.779238164 -0.626727939 0
vn 0.709922135 -0.704280138 0
vn 0.633009613 -0.774143994 0
vn 0.549411178 -0.835552156 0
vn 0.960940719 -0.257666886 -0.100998849
vn 0.929065824 -0.356793106 -0.0976486951
vn 0.887116075 -0.452030391 -0.0932397246
vn 0.835557401 -0.542338729 -0.0878206789
vn 0.774967074 -0.626730859 -0.0814521909
vn 0.706028879 -0.704284549 -0.0742064193
vn 0.629535198 -0.774149477 -0.0661664605
vn 0.982388079 -0.155731916 -0.103253052
vn 0.993171215 -0.0521000326 -0.104385994
vn 0.993171334 0.0520995781 -0.104385644
vn 0.982388198 0.155731902 -0.10325256
vn 0.960940599 0.257667154 -0.100998566
vn 0.929065764 0.356793374 -0.0976483524
vn 0.887116194 0.452030361 -0.0932393745
vn 0.83555752 0.54233855 -0.0878205597
vn 0.774966955 0.626730978 -0.0814522877
vn 0.706028759 0.704284549 -0.0742065012
vn 0.629535198 0.774149477 -0.0661665648
vn 0.54639101 0.835559011 -0.0574278608
vn 0.457638681 0.887836337 -0.0480994694
vn 0.36453408 0.930401504 -0.0383141972
vn 0.26960355 0.962554455 -0.0283375792
vn 0.179640323 0.983551204 -0.0188800134
vn 0.0979186445 0.995141268 -0.0102866152
vn 0.0599254407 0.998202801 0
vn 0.0586159192 0.998202801 -0.0124597438
vn 0 1 0
vn 0.178579152 0.983193159 -0.0379575305
vn 0.265194088 0.962545931 -0.0563697144
vn 0.358552098 0.930393338 -0.0762134343
vn 0.450118333 0.887828529 -0.0956760049
vn 0.537405193 0.835552156 -0.114229485
vn 0.619176805 0.774143934 -0.131610304
vn 0.694408536 0.704280317 -0.147601008
vn 0.762210131 0.6267277 -0.162012592
vn 0.821801662 0.542336702 -0.174679339
vn 0.872510493 0.452029616 -0.185457811
vn 0.913769543 0.356792599 -0.194227666
vn 0.945119441 0.257666469 -0.200891167
vn 0.966213524 0.155732393 -0.205374822
vn 0.976819217 0.0521000475 -0.207629263
vn 0.976819098 -0.0521005131 -0.207629263
vn 0.966213524 -0.155732438 -0.205375001
vn 0.945119262 -0.257666737 -0.200891569
vn 0.913769305 -0.356792718 -0.194227949
vn 0.872510374 -0.452029794 -0.185457781
vn 0.821801603 -0.542336941 -0.17467916
vn 0.762210131 -0.6267277 -0.162012696
vn 0.694408536 -0.704280376 -0.147601217
vn 0.949764848 -0.0520998091 -0.308597296
vn 0.939453006 -0.155731961 -0.305246711
vn 0.918942928 -0.257666916 -0.298582733
vn 0.888461173 -0.356793314 -0.288678616
vn 0.848344684 -0.452030718 -0.275643885
vn 0.799039602 -0.54233861 -0.259623677
vn 0.74109751 -0.626730621 -0.240796953
vn 0.949764848 0.0521000326 -0.308597445
vn 0.939453006 0.155731916 -0.30524677
vn 0.918942988 0.257666558 -0.298582554
vn 0.888461113 0.356793344 -0.288678646
vn 0.848344505 0.452030778 -0.275644094
vn 0.799039841 0.542338252 -0.259623796
vn 0.741097569 0.626730442 -0.240796998
vn 0.675171793 0.704284847 -0.219376326
vn 0.602021337 0.774149656 -0.195608497
vn 0.522511184 0.835558951 -0.169774354
vn 0.437637478 0.887836218 -0.142197624
vn 0.348602086 0.930401504 -0.113268152
vn 0.257820576 0.962554574 -0.083770059
vn 0.171789154 0.983551204 -0.0558162332
vn 0.0936390832 0.995141149 -0.0304255094
vn 0.0586159192 0.998202801 -0.0124597438
vn 0.0547446236 0.998202801 -0.0243746545
vn 0 1 0
vn 0.166784823 0.983193159 -0.0742568597
vn 0.247679234 0.962546051 -0.110273041
vn 0.334871501 0.930393457 -0.14909412
vn 0.42039001 0.887828708 -0.187169313
vn 0.501912117 0.835552156 -0.223465309
vn 0.578283012 0.774144053 -0.257467985
vn 0.648545802 0.704280674 -0.288751006
vn 0.711869657 0.626727641 -0.316944927
vn 0.767525613 0.542336285 -0.341724634
vn 0.814885139 0.452029526 -0.362810403
vn 0.853418827 0.356793374 -0.379966766
vn 0.882698536 0.257667273 -0.393002599
vn 0.902399778 0.155731872 -0.40177393
vn 0.912304878 0.0520994887 -0.406183988
vn 0.912304819 -0.0520996004 -0.406184077
vn 0.902399778 -0.155731618 -0.401773989
vn 0.882698536 -0.257667094 -0.39300254
vn 0.853419125 -0.356792957 -0.379966646
vn 0.814885318 -0.452029377 -0.362810463
vn 0.767525494 -0.542336524 -0.341724604
vn 0.855459452 0.15573208 -0.493899435
vn 0.864849329 0.0520994514 -0.499320716
vn 0.864849329 -0.0520999171 -0.499320775
vn 0.855459392 -0.155731678 -0.493899703
vn 0.836782992 -0.257667273 -0.483116776
vn 0.80902648 -0.356793612 -0.46709156
vn 0.772496819 -0.45203051 -0.446001142
vn 0.836782992 0.257667571 -0.483116567
vn 0.80902648 0.356793821 -0.467091352
vn 0.772496879 0.45203042 -0.446001083
vn 0.727599859 0.54233855 -0.420080215
vn 0.674837947 0.626730919 -0.38961798
vn 0.614806771 0.704284728 -0.354958534
vn 0.548196435 0.774149477 -0.316501468
vn 0.475794911 0.835558951 -0.274700701
vn 0.398509681 0.887836337 -0.230079457
vn 0.317434818 0.930401623 -0.18327035
vn 0.234769627 0.962554455 -0.135544032
vn 0.156430021 0.983550966 -0.0903164521
vn 0.0852671042 0.995141029 -0.0492325611
vn 0.0547446236 0.998202801 -0.0243746545
vn 0.0484807193 0.998203039 -0.0352193974
vn 0 1 0
vn 0.147701204 0.98319304 -0.107311293
vn 0.219339639 0.962546051 -0.159359291
vn 0.29655531 0.930393577 -0.215459585
vn 0.372288764 0.887828529 -0.270483941
vn 0.444482893 0.835552096 -0.322936028
vn 0.512115598 0.774144053 -0.372073293
vn 0.574339092 0.704280376 -0.41728133
vn 0.630417109 0.626727641 -0.4580248
vn 0.679704785 0.542336404 -0.493834555
vn 0.721645653 0.452029377 -0.524306178
vn 0.755770326 0.356793433 -0.549098969
vn 0.781699657 0.257667303 -0.567937791
vn 0.799146652 0.155731961 -0.580613613
vn 0.807918489 0.0520995967 -0.586986661
vn 0.807918429 -0.0520998277 -0.586986721
vn 0.799146652 -0.155731812 -0.580613732
vn 0.781699657 -0.257667243 -0.567937672
vn 0.755770326 -0.356793314 -0.549098909
vn 0.694233179 0.356794029 -0.625090599
vn 0.718051434 0.257667661 -0.646536589
vn 0.73407805 0.155731961 -0.660966694
vn 0.742135644 0.0520994551 -0.668221712
vn 0.742135525 -0.0520998128 -0.668221891
vn 0.73407799 -0.155731797 -0.660966814
vn 0.718051612 -0.257667512 -0.646536291
vn 0.662886918 0.452030778 -0.596866131
vn 0.62436074 0.542338371 -0.562176764
vn 0.579085112 0.626730621 -0.521410644
vn 0.527571559 0.704284608 -0.475027919
vn 0.470412791 0.774149477 -0.423561513
vn 0.408284575 0.835558951 -0.367620856
vn 0.341965139 0.887836218 -0.307906866
vn 0.272393793 0.930401385 -0.245264798
vn 0.201458082 0.962554455 -0.181393549
vn 0.134234145 0.983551204 -0.120864779
vn 0.0731685162 0.995141029 -0.0658833981
vn 0.0484807193 0.998203039 -0.0352193974
vn 0.0400979742 0.99820292 -0.0445331149
vn 0 1 0
vn 0.122162245 0.98319304 -0.135675132
vn 0.181413814 0.962545931 -0.201480761
vn 0.245278254 0.930393159 -0.272409707
vn 0.307916671 0.887828529 -0.341976166
vn 0.367627561 0.835552275 -0.408292025
vn 0.423565894 0.774143994 -0.470417947
vn 0.475030482 0.704280317 -0.527574956
vn 0.521412253 0.626727641 -0.57908684
vn 0.562177598 0.542336583 -0.624361515
vn 0.596866548 0.452029765 -0.662887216
vn 0.625090837 0.356793553 -0.694233239
vn 0.646536708 0.257667631 -0.718051314
vn 0.660966873 0.155732021 -0.73407793
vn 0.668221712 0.0520994179 -0.742135644
vn 0.668221593 -0.0520998687 -0.742135704
vn 0.660966694 -0.155731723 -0.734078109
vn 0.493833989 0.54233855 -0.679703653
vn 0.524306357 0.452030808 -0.72164464
vn 0.549099565 0.356794119 -0.755769551
vn 0.567938209 0.257667482 -0.7816993
vn 0.580613792 0.155731842 -0.799146593
vn 0.586986899 0.0520996861 -0.807918251
vn 0.586987078 -0.0520998985 -0.807918191
vn 0.458023757 0.62673074 -0.630414903
vn 0.41727972 0.704284608 -0.574335217
vn 0.372069806 0.774149418 -0.512109995
vn 0.322929502 0.835558951 -0.444474787
vn 0.270474941 0.887836218 -0.372276813
vn 0.215448141 0.930401385 -0.29653877
vn 0.159341782 0.962554455 -0.219315335
vn 0.106171496 0.983551204 -0.146132156
vn 0.0578721836 0.995141387 -0.0796522647
vn 0.0400979742 0.99820292 -0.0445331149
vn 0.0299626943 0.998202801 -0.051897727
vn 0 1 0
vn 0.0912842974 0.983192921 -0.158109978
vn 0.135559365 0.962545812 -0.234796077
vn 0.183281332 0.930393338 -0.317452669
vn 0.230087221 0.887828648 -0.398522466
vn 0.274705738 0.835552156 -0.475803941
vn 0.316504925 0.774144053 -0.548202157
vn 0.354961425 0.704280376 -0.614810228
vn 0.389619291 0.6267277 -0.674840152
vn 0.420080751 0.542336643 -0.727600932
vn 0.446001917 0.452029735 -0.772496819
vn 0.467092156 0.356793731 -0.809026122
vn 0.483117163 0.257667094 -0.836782813
vn 0.493899763 0.155731902 -0.855459392
vn 0.499321252 0.0520999394 -0.864849091
vn 0.288749576 0.704284608 -0.648542106
vn 0.316943645 0.626730621 -0.71186763
vn 0.34172377 0.54233855 -0.767524481
vn 0.362809896 0.452030778 -0.814884782
vn 0.379966199 0.356794119 -0.853418827
vn 0.393002599 0.257667214 -0.882698536
vn 0.401774615 0.15573217 -0.902399361
vn 0.257465571 0.774149656 -0.578276694
vn 0.223461732 0.835558951 -0.501902521
vn 0.187163785 0.887836456 -0.420376241
vn 0.149086013 0.930401504 -0.334852785
vn 0.110261731 0.962554455 -0.24765186
vn 0.0734687448 0.983551085 -0.165013745
vn 0.0400464274 0.995141029 -0.0899479538
vn 0.0299626943 0.998202801 -0.051897727
vn 0.0185180102 0.99820292 -0.0569917709
vn 0 1 0
vn 0.0564167723 0.983193159 -0.173632726
vn 0.083780162 0.962546051 -0.257848829
vn 0.113273911 0.930393577 -0.348621368
vn 0.142201513 0.887828708 -0.437651485
vn 0.169777155 0.835552156 -0.522521138
vn 0.195610687 0.774143994 -0.602027833
vn 0.21937792 0.704280496 -0.675175786
vn 0.240797848 0.6267277 -0.741099715
vn 0.259624153 0.542336404 -0.799040973
vn 0.275643855 0.452029765 -0.84834522
vn 0.28867811 0.356793612 -0.888461173
vn 0.298582256 0.257667035 -0.918942988
vn 0.114226446 0.835559011 -0.53739506
vn 0.131608516 0.774149656 -0.61917001
vn 0.147600219 0.704284906 -0.694404006
vn 0.162012577 0.626730859 -0.762207568
vn 0.174679682 0.542338192 -0.821800649
vn 0.185457975 0.452030748 -0.872509956
vn 0.194228038 0.35679397 -0.913768828
vn 0.0956721455 0.887836337 -0.450103849
vn 0.0762081966 0.930401623 -0.358532071
vn 0.0563623495 0.962554574 -0.265164346
vn 0.0375550129 0.983551204 -0.176682651
vn 0.0204706546 0.995141029 -0.0963073745
vn 0.0185180102 0.99820292 -0.0569917709
vn 0.00626395969 0.99820292 -0.0595965497
vn 0 1 0
vn 0.0190836806 0.98319304 -0.181569144
vn 0.0283396058 0.962545931 -0.269633532
vn 0.0383160673 0.930393457 -0.364554524
vn 0.0481012203 0.887828529 -0.457653552
vn 0.0574292056 0.835552275 -0.546401143
vn 0.0661675408 0.774144053 -0.629541755
vn 0.0742070004 0.704280555 -0.706032753
vn 0.081452623 0.6267277 -0.774969578
vn 0.0878209025 0.542336226 -0.835559011
vn 0.093239747 0.452029645 -0.887116492
vn 0 0.930401623 -0.366541803
vn 0 0.887836337 -0.460159272
vn 0 0.835559011 -0.549400687
vn 0 0.774149776 -0.63300246
vn 0 0.704284787 -0.709917545
vn 0 0.626730561 -0.779236019
vn 0 0.542338252 -0.840160251
vn 0 0.962554455 -0.271088362
vn 0 0.983551085 -0.180630028
vn 0 0.995141029 -0.098459281
vn 0.00626395969 0.99820292 -0.0595965497
vn -0.00626394153 0.998202801 -0.0595973767
vn 0 1 0
vn -0.019083675 0.98319304 -0.181568936
vn -0.0283396039 0.962545931 -0.269633651
vn -0.0383159779 0.930393457 -0.364554495
vn -0.0481011681 0.887828648 -0.457653284
vn -0.0574291311 0.835552275 -0.546401262
vn -0.0661674663 0.774144232 -0.629541516
vn -0.0742069855 0.704280674 -0.706032634
vn -0.0814526081 0.6267277 -0.774969578
vn -0.0375550501 0.983551085 -0.1766828
vn -0.0563626587 0.962554455 -0.265164524
vn -0.0762085915 0.930401623 -0.358531982
vn -0.0956725404 0.887836337 -0.45010367
vn -0.114226662 0.835559011 -0.53739506
vn -0.131608501 0.774149656 -0.61917001
vn -0.147600174 0.704284728 -0.694404185
vn -0.0204706416 0.995141029 -0.0963074416
vn -0.00626394153 0.998202801 -0.0595973767
vn -0.0185180064 0.998202801 -0.0569935068
vn 0 1 0
vn -0.0564168245 0.983193159 -0.173632711
vn -0.0837802961 0.962545931 -0.257849127
vn -0.113274112 0.930393457 -0.348621517
vn -0.142201588 0.887828827 -0.437651366
vn -0.169777215 0.835552275 -0.5225209
vn -0.195610911 0.774143994 -0.602027893
vn -0.0734687522 0.983551323 -0.165012628
vn -0.11026153 0.962554455 -0.247651592
vn -0.149085984 0.930401504 -0.334852695
vn -0.187163591 0.887836516 -0.420376211
vn -0.22346139 0.835559011 -0.501902461
vn -0.0400464609 0.995141268 -0.0899454206
vn -0.0185180064 0.998202801 -0.0569935068
vn -0.029962711 0.99820292 -0.0518964715
vn 0 1 0
vn -0.0912842974 0.983193159 -0.158109188
vn -0.135559216 0.962545812 -0.234796032
vn -0.183281213 0.930393338 -0.317452759
vn -0.230087146 0.887828648 -0.398522556
vn -0.25746572 0.774149477 -0.578276694
vn -0.274705559 0.835552156 -0.475803941
vn -0.219378263 0.704280376 -0.675175846
vn -0.162012234 0.6267308 -0.762207627
vn -0.0878208876 0.542336345 -0.835558951
vn 0 0.452030629 -0.892002463
vn 0.0976486579 0.356793463 -0.929065764
vn 0.200891778 0.257667184 -0.945119143
vn 0.305246174 0.155732363 -0.939453125
vn 0.406184912 0.0521000139 -0.912304401
vn 0.499321312 -0.0520999469 -0.864849091
vn 0.580614269 -0.155731663 -0.799146295
vn 0.64653641 -0.257667363 -0.718051612
vn 0.694233298 -0.356794149 -0.62509042
vn 0.721645534 -0.452029675 -0.524306238
vn 0.727600038 -0.542338371 -0.420080066
vn 0.711869657 -0.62672776 -0.316944689
vn 0.675172031 -0.704284608 -0.219376311
vn 0.619176805 -0.774143994 -0.13161023
vn 0.546391368 -0.835558951 -0.0574274585
vn 0.460174263 -0.887828529 0
vn 0.364534557 -0.930401325 0.0383143015
vn 0.265194684 -0.962545812 0.0563685484
vn 0.171788916 -0.983551323 0.0558165759
vn 0.0936380625 -0.995141268 0.030424146
vn 0.0547443777 -0.99820292 0.0243738331
vn 0.0586156733 -0.99820292 0.012459036
vn 0 -1 0
vn 0.178578779 -0.983193159 0.0379577242
vn 0.269603997 -0.962554216 0.0283370949
vn 0.366562873 -0.930393279 0
vn 0.457638711 -0.887836218 -0.0480989441
vn 0.537405252 -0.835552096 -0.1142288
vn 0.602021337 -0.774149656 -0.195608452
vn 0.6485461 -0.704280376 -0.288751096
vn 0.674838066 -0.62673074 -0.38961789
vn 0.679704607 -0.542336643 -0.493834585
vn 0.662886798 -0.452030689 -0.596866131
vn 0.625090539 -0.356793642 -0.694233418
vn 0.567938209 -0.257667363 -0.7816993
vn 0.493899792 -0.155731648 -0.855459392
vn 0.406184852 -0.0521001145 -0.912304521
vn 0.30859673 0.0521001816 -0.949765027
vn 0.205374971 0.155732155 -0.966213524
vn 0.100998782 0.257667303 -0.960940599
vn 0 0.35679394 -0.93418318
vn -0.0932397395 0.452029496 -0.887116492
vn -0.174679428 0.542338371 -0.82180053
vn -0.240797862 0.626727819 -0.741099656
vn -0.288749725 0.704284906 -0.648541749
vn -0.316504896 0.774143994 -0.548202395
vn 0.103253268 0.155732244 -0.982388079
vn 0 0.257667452 -0.966233671
vn -0.0976489186 0.356793284 -0.929065764
vn -0.185458004 0.45203051 -0.872510016
vn -0.259624034 0.542336464 -0.799041092
vn -0.316943765 0.626730978 -0.711867154
vn -0.354960859 0.704280853 -0.61480993
vn 0.207628891 0.0520999581 -0.976819217
vn 0.308596939 -0.0521002635 -0.949764967
vn 0.401774108 -0.155732036 -0.902399659
vn 0.483117044 -0.257667065 -0.836782873
vn 0.549099326 -0.356794059 -0.75576973
vn 0.596866667 -0.452029735 -0.662887156
vn 0.624360442 -0.54233855 -0.562177002
vn 0.630416811 -0.626727939 -0.4580248
vn 0.614806831 -0.704284608 -0.354958892
vn 0.578282893 -0.774144053 -0.257468134
vn 0.522511125 -0.835558951 -0.169774368
vn 0.450118423 -0.887828648 -0.0956750289
vn 0.364534289 -0.930401385 -0.0383131392
vn 0.271119207 -0.962545812 0
vn 0.17964001 -0.983551204 0.0188833214
vn 0.097917527 -0.995141268 0.0102943256
vn 0.0586156733 -0.99820292 0.012459036
vn 0.0599251539 -0.99820292 0
vn 0 -1 0
vn 0.182568282 -0.983193159 0
vn 0.269603968 -0.962554336 -0.0283361152
vn 0.358552575 -0.930393338 -0.0762120783
vn 0.437637657 -0.887836218 -0.142197251
vn 0.501912057 -0.835552156 -0.223465636
vn 0.548196673 -0.774149477 -0.31650123
vn 0.574339092 -0.704280257 -0.417281568
vn 0.579084873 -0.626730859 -0.521410704
vn 0.562177658 -0.542336643 -0.624361455
vn 0.524306357 -0.452030569 -0.721644759
vn 0.467091948 -0.356793761 -0.809026182
vn 0.39300251 -0.257667094 -0.882698536
vn 0.305246413 -0.155732483 -0.939453006
vn 0.207628816 -0.0521001741 -0.976819217
vn 0.104386725 0.0520997792 -0.993171215
vn 0 0.15573217 -0.987799287
vn -0.100999244 0.257667184 -0.960940599
vn -0.194228068 0.356793642 -0.913769007
vn -0.275644124 0.452029586 -0.84834522
vn -0.341724128 0.542338312 -0.767524481
vn -0.389618903 0.626728058 -0.674839973
vn 0.104386643 -0.0521002188 -0.993171215
vn 0 0.0520999655 -0.998641908
vn -0.103253506 0.15573214 -0.982388079
vn -0.200891584 0.257667273 -0.945119143
vn -0.288678616 0.356793374 -0.888461113
vn -0.362810344 0.45203054 -0.814884663
vn -0.420080751 0.542336166 -0.72760123
vn 0.205374748 -0.155732289 -0.966213644
vn 0.298582286 -0.257666856 -0.918942988
vn 0.379967004 -0.356793821 -0.853418589
vn 0.446001858 -0.452029675 -0.772496879
vn 0.49383384 -0.542338669 -0.679703593
vn 0.521412134 -0.626727819 -0.579086959
vn 0.527571619 -0.70428443 -0.475027919
vn 0.512115657 -0.774143934 -0.372073561
vn 0.475795209 -0.835558951 -0.274700075
vn 0.420390129 -0.887828529 -0.187169895
vn 0.348602504 -0.930401385 -0.113267399
vn 0.265194535 -0.962545812 -0.0563686602
vn 0.179640025 -0.983551204 -0.0188803319
vn 0.0979175344 -0.995141268 -0.0102892676
vn 0.0599251539 -0.99820292 0
vn 0.0586156361 -0.99820292 -0.0124599291
vn 0 -1 0
vn 0.178578883 -0.983193159 -0.0379586928
vn 0.257820964 -0.962554455 -0.0837699994
vn 0.334871769 -0.930393279 -0.149094954
vn 0.3985098 -0.887836337 -0.230079561
vn 0.444482923 -0.835552335 -0.322935462
vn 0.470412642 -0.774149477 -0.423561782
vn 0.475030661 -0.704280198 -0.527574956
vn 0.458023459 -0.6267308 -0.630414963
vn 0.420080811 -0.542336702 -0.727600813
vn 0.362810642 -0.452030808 -0.814884365
vn 0.288678706 -0.356793016 -0.888461173
vn 0.200891227 -0.257666945 -0.945119262
vn 0.103253283 -0.155732155 -0.982388079
vn 0 -0.052100081 -0.998641908
vn -0.104386725 0.0521002188 -0.993171215
vn -0.205375224 0.155732095 -0.966213524
vn -0.298582315 0.257667333 -0.918942988
vn -0.379966587 0.356794059 -0.853418648
vn -0.446002156 0.452029139 -0.772497058
vn 0.100998804 -0.257667005 -0.960940599
vn 0 -0.15573217 -0.987799287
vn -0.104386643 -0.0520999953 -0.993171215
vn -0.207629561 0.052100122 -0.976819098
vn -0.305245996 0.155732185 -0.939453244
vn -0.393002778 0.257667452 -0.882698357
vn -0.467091888 0.356793523 -0.809026241
vn 0.194227368 -0.356793523 -0.913769245
vn 0.275644332 -0.452029794 -0.848345041
vn 0.341723949 -0.542338848 -0.767524183
vn 0.389619201 -0.62672776 -0.674840212
vn 0.417279691 -0.70428443 -0.574335277
vn 0.423566073 -0.774143934 -0.470417947
vn 0.408284247 -0.83555907 -0.367620766
vn 0.372288764 -0.887828708 -0.270483255
vn 0.317434996 -0.930401325 -0.183271095
vn 0.247679695 -0.962545812 -0.110274084
vn 0.171788841 -0.983551323 -0.0558163449
vn 0.093637988 -0.995141268 -0.0304254536
vn 0.0586156361 -0.99820292 -0.0124599291
vn 0.0547443517 -0.998202801 -0.0243752245
vn 0 -1 0
vn 0.16678448 -0.983193278 -0.074256286
vn 0.234770015 -0.962554216 -0.135544732
vn 0.296555787 -0.930393279 -0.215459839
vn 0.341965169 -0.887836337 -0.307906538
vn 0.36762768 -0.835552156 -0.408292025
vn 0.372069836 -0.774149537 -0.512109935
vn 0.354961246 -0.704280198 -0.614810526
vn 0.316943556 -0.626730859 -0.711867511
vn 0.259624153 -0.54233706 -0.799040616
vn 0.185457438 -0.452030838 -0.872509956
vn 0.0976486579 -0.356793255 -0.929065824
vn 0 -0.257667124 -0.966233671
vn -0.103253275 -0.155732349 -0.98238796
vn -0.207629278 -0.0520998687 -0.976819217
vn -0.308596879 0.0521001294 -0.949764967
vn -0.401774257 0.155732095 -0.90239954
vn -0.483116895 0.257667214 -0.836782873
vn 0.0932396799 -0.452029645 -0.887116492
vn 0 -0.356793821 -0.93418318
vn -0.100998819 -0.257666886 -0.960940719
vn -0.205374956 -0.155732349 -0.966213524
vn -0.308597147 -0.0520998687 -0.949764967
vn -0.406184465 0.0521001294 -0.91230458
vn -0.493900001 0.155731961 -0.855459094
vn 0.17467922 -0.542338669 -0.821800411
vn 0.240797967 -0.62672776 -0.741099656
vn 0.288749576 -0.70428443 -0.648542285
vn 0.316504925 -0.774144053 -0.548202157
vn 0.322929531 -0.83555907 -0.444474488
vn 0.30791676 -0.887828648 -0.341976047
vn 0.272394121 -0.930401325 -0.245264813
vn 0.21934025 -0.962545812 -0.159359604
vn 0.156429812 -0.983551204 -0.0903149843
vn 0.0852660984 -0.995141268 -0.0492287911
vn 0.0547443517 -0.998202801 -0.0243752245
vn 0.0484804735 -0.99820292 -0.0352204107
vn 0 -1 0
vn 0.147700951 -0.983193278 -0.107310541
vn 0.201458409 -0.962554216 -0.181394368
vn 0.245278448 -0.930393279 -0.272409499
vn 0.27047497 -0.887836456 -0.372276545
vn 0.274705589 -0.835552156 -0.475803912
vn 0.257465512 -0.774149537 -0.578276694
vn 0.219377965 -0.704280198 -0.675176144
vn 0.162012354 -0.6267308 -0.762207627
vn 0.087820597 -0.542336702 -0.835558772
vn 0 -0.452030808 -0.892002404
vn -0.0976488888 -0.356793255 -0.929065764
vn -0.20089145 -0.257667094 -0.945119262
vn -0.305246383 -0.155732393 -0.939453006
vn -0.406184763 -0.0521000177 -0.912304521
vn -0.499321342 0.0521000735 -0.864848971
vn 0.0814523995 -0.626727939 -0.774969459
vn 0 -0.54233861 -0.840160012
vn -0.0932399258 -0.452029824 -0.887116313
vn -0.194228083 -0.356793523 -0.913769007
vn -0.298582554 -0.257667154 -0.918942988
vn -0.401774466 -0.155732185 -0.90239948
vn -0.499321252 -0.0521000884 -0.864848971
vn 0.147600114 -0.704284489 -0.694404423
vn 0.195610613 -0.774143994 -0.602027833
vn 0.223461658 -0.835558951 -0.50190258
vn 0.230087206 -0.887828708 -0.398522288
vn 0.215448216 -0.930401325 -0.296538949
vn 0.181414038 -0.962545812 -0.201481014
vn 0.134233862 -0.983551085 -0.120865554
vn 0.0731677264 -0.995141149 -0.0658821538
vn 0.0484804735 -0.99820292 -0.0352204107
vn 0.0400977693 -0.99820292 -0.0445328131
vn 0 -1 0
vn 0.122162089 -0.983193159 -0.13567479
vn 0.159342065 -0.962554097 -0.219316542
vn 0.183281496 -0.930393279 -0.317452759
vn 0.187163979 -0.887836456 -0.420376122
vn 0.169777468 -0.835552275 -0.522520781
vn 0.13160868 -0.774149716 -0.619169891
vn 0.0742068961 -0.704280198 -0.706033051
vn 0 -0.6267308 -0.77923584
vn -0.087820597 -0.542336583 -0.835558832
vn -0.185457975 -0.452030748 -0.872509956
vn -0.288678735 -0.356793165 -0.888461173
vn -0.39300257 -0.257667273 -0.882698536
vn -0.493899822 -0.155731961 -0.855459273
vn 0.0661673397 -0.774144053 -0.629541755
vn 0 -0.704284668 -0.709917665
vn -0.0814523771 -0.626727879 -0.774969459
vn -0.174679086 -0.54233861 -0.82180047
vn -0.275644034 -0.452029645 -0.848345101
vn -0.379966468 -0.356793731 -0.853418827
vn -0.483116776 -0.257666945 -0.836783051
vn 0.114226855 -0.83555907 -0.537394822
vn 0.142201871 -0.887828827 -0.437651277
vn 0.149086341 -0.930401385 -0.334852844
vn 0.135559529 -0.962545574 -0.234796733
vn 0.10617125 -0.983551085 -0.146133378
vn 0.0578714795 -0.995141268 -0.0796528831
vn 0.0400977693 -0.99820292 -0.0445328131
vn 0.0299625713 -0.99820292 -0.0518968366
vn 0 -1 0
vn 0.0912841409 -0.983193278 -0.158108577
vn 0.110261925 -0.962554216 -0.247652248
vn 0.11327406 -0.930393159 -0.348622203
vn 0.0956723467 -0.887836456 -0.4501037
vn 0.057428848 -0.835552335 -0.546401083
vn 0 -0.774149776 -0.63300246
vn -0.0742070451 -0.704280496 -0.706032813
vn -0.162012175 -0.626730919 -0.762207508
vn -0.259624273 -0.542336881 -0.799040616
vn -0.362810701 -0.452030718 -0.814884484
vn -0.46709156 -0.356793553 -0.80902642
vn 0.0481009409 -0.887828708 -0.457653224
vn 0 -0.835559249 -0.549400389
vn -0.0661675185 -0.774144053 -0.629541755
vn -0.147600114 -0.704284668 -0.694404304
vn -0.240798235 -0.626728237 -0.741099238
vn -0.341724426 -0.542338908 -0.767524004
vn -0.446001798 -0.452029645 -0.772496998
vn 0.0762083977 -0.930401325 -0.358532697
vn 0.083780311 -0.962545693 -0.25785017
vn 0.0734687001 -0.983551323 -0.165012628
vn 0.0400460996 -0.995141387 -0.0899434909
vn 0.0299625713 -0.99820292 -0.0518968366
vn 0.0185178984 -0.99820292 -0.0569913723
vn 0 -1 0
vn 0.0564166866 -0.983193159 -0.173632845
vn 0.0563624874 -0.962554097 -0.265165836
vn 0.0383161269 -0.930393159 -0.364554971
vn 0 -0.887836516 -0.460159093
vn -0.05742893 -0.835552275 -0.546401203
vn -0.131608501 -0.774149418 -0.619170308
vn -0.219378069 -0.704280436 -0.675175846
vn -0.316944003 -0.626731277 -0.711866856
vn -0.420080781 -0.542336762 -0.727600873
vn 0.0283396896 -0.962545574 -0.269634753
vn 0 -0.930401206 -0.366542608
vn -0.0481012985 -0.887828648 -0.457653344
vn -0.114226699 -0.835558951 -0.537395179
vn -0.195610628 -0.774143875 -0.602028072
vn -0.288749784 -0.704284489 -0.648542166
vn -0.389618933 -0.626728296 -0.674839854
vn 0.0375549085 -0.983551204 -0.176682606
vn 0.0204702951 -0.995141387 -0.096304439
vn 0.0185178984 -0.99820292 -0.0569913723
vn 0.00626390148 -0.99820292 -0.0595957264
vn 0 -1 0
vn 0.0190835465 -0.983193159 -0.181568131
vn 0 -0.962554097 -0.271089613
vn -0.0383164547 -0.930393159 -0.36455512
vn -0.0956724286 -0.887836337 -0.450103879
vn -0.169777334 -0.835552275 -0.52252084
vn -0.257465482 -0.774149179 -0.578277171
vn -0.354961038 -0.704280198 -0.614810705
vn 0 -0.983551204 -0.180629641
vn -0.0283396952 -0.962545693 -0.269634396
vn -0.076208435 -0.930401206 -0.358532906
vn -0.142201528 -0.887828708 -0.437651575
vn -0.223461419 -0.83555907 -0.501902282
vn 0 -0.995141268 -0.0984567255
vn 0.00626390148 -0.99820292 -0.0595957264
vn -0.00626388332 -0.99820292 -0.0595961437
vn 0 -1 0
vn -0.0190835502 -0.983193278 -0.181567863
vn -0.0563626066 -0.962554097 -0.265165746
vn -0.113273926 -0.930393159 -0.348622471
vn -0.316504866 -0.774143636 -0.548202753
vn -0.187163681 -0.887836456 -0.420376241
vn -0.274705619 -0.835552156 -0.475803792
vn -0.0375550166 -0.983551204 -0.176682517
vn -0.0837803781 -0.962545693 -0.257849932
vn -0.149086043 -0.930401325 -0.334853232
vn -0.0204703547 -0.995141268 -0.0963055044
vn -0.00626388332 -0.99820292 -0.0595961437
vn -0.0185178984 -0.99820292 -0.0569922403
vn 0 -1 0
vn -0.0564167276 -0.983193278 -0.173631996
vn -0.230087146 -0.887828648 -0.398522466
vn -0.110261723 -0.962554216 -0.247652456
vn -0.183281422 -0.930393279 -0.317452937
vn -0.32292968 -0.83555907 -0.44447431
vn -0.270474851 -0.887836456 -0.372276545
vn -0.372069657 -0.774149477 -0.512110054
vn -0.417279094 -0.704284489 -0.574335635
vn -0.458022863 -0.626730978 -0.630415142
vn -0.493833512 -0.542338669 -0.679703832
vn -0.524306059 -0.452030927 -0.721644759
vn -0.549099207 -0.356794149 -0.755769789
vn -0.56793803 -0.257667065 -0.781699479
vn -0.580613673 -0.155732021 -0.799146652
vn -0.586986721 -0.0521001779 -0.807918429
vn -0.586986899 0.0521000512 -0.807918251
vn -0.580613792 0.15573217 -0.799146473
vn -0.567937851 0.257667392 -0.781699479
vn -0.549099147 0.35679397 -0.755769849
vn -0.524305999 0.45203042 -0.721645117
vn -0.49383375 0.542338252 -0.679703891
vn -0.458023161 0.626731098 -0.630414844
vn -0.417279035 0.704284966 -0.574335158
vn -0.372069478 0.774149716 -0.512109876
vn -0.322929442 0.83555907 -0.444474399
vn -0.270474851 0.887836516 -0.372276396
vn -0.215448067 0.930401504 -0.296538532
vn -0.159341842 0.962554455 -0.219314992
vn -0.106171578 0.983551085 -0.146132618
vn -0.0578721762 0.99514091 -0.0796573982
vn -0.029962711 0.99820292 -0.0518964715
vn -0.0400979407 0.99820292 -0.0445316732
vn 0 1 0
vn -0.122162238 0.98319304 -0.135675102
vn -0.181413695 0.962545931 -0.201480672
vn -0.245278299 0.930393457 -0.272408843
vn -0.307916671 0.887828827 -0.341975689
vn -0.367627621 0.835552275 -0.408291996
vn -0.423565924 0.774143994 -0.470417798
vn -0.475030512 0.704280496 -0.527574539
vn -0.521412075 0.626728058 -0.579086661
vn -0.562177658 0.542336345 -0.624361634
vn -0.596866429 0.452029437 -0.662887454
vn -0.625090539 0.356793642 -0.694233418
vn -0.646536469 0.257667154 -0.718051672
vn -0.660966635 0.15573211 -0.73407805
vn -0.668221831 0.0521000065 -0.742135525
vn -0.668221593 -0.0521002263 -0.742135644
vn -0.660966456 -0.155732065 -0.734078288
vn -0.646536291 -0.257667035 -0.718051851
vn -0.625090659 -0.356793761 -0.694233239
vn -0.596866786 -0.452029794 -0.662886918
vn -0.562177777 -0.542336404 -0.624361515
vn -0.521412075 -0.62672776 -0.579086959
vn -0.475030661 -0.704280198 -0.527574956
vn -0.423566163 -0.774143994 -0.470417619
vn -0.367627829 -0.835552335 -0.408291668
vn -0.718051493 -0.257667363 -0.646536589
vn -0.694233358 -0.356794178 -0.625090361
vn -0.662887037 -0.452030867 -0.596865892
vn -0.6243608 -0.542338371 -0.562176704
vn -0.57908535 -0.626730621 -0.521410406
vn -0.527572036 -0.70428437 -0.475027591
vn -0.470412731 -0.774149537 -0.423561454
vn -0.73407793 -0.155731961 -0.660966814
vn -0.742135644 -0.0520999394 -0.668221653
vn -0.742135823 0.0520997196 -0.668221712
vn -0.73407805 0.155731946 -0.660966694
vn -0.718051612 0.257667184 -0.646536469
vn -0.694233239 0.356794059 -0.62509048
vn -0.662886918 0.452030718 -0.59686619
vn -0.624360621 0.542338371 -0.562176943
vn -0.579084992 0.626730919 -0.521410406
vn -0.527571797 0.704284728 -0.475027323
vn -0.47041297 0.774149477 -0.423561424
vn -0.408284485 0.835558951 -0.367620736
vn -0.34196505 0.887836456 -0.307906389
vn -0.272393852 0.930401504 -0.2452645
vn -0.201457933 0.962554455 -0.181394026
vn -0.134234056 0.983551204 -0.120864443
vn -0.0731685013 0.995141268 -0.0658795834
vn -0.0400979407 0.99820292 -0.0445316732
vn -0.0484807044 0.99820292 -0.035221681
vn 0 1 0
vn -0.147701159 0.983193159 -0.107310563
vn -0.219339624 0.962546051 -0.159359142
vn -0.296555251 0.930393457 -0.215459794
vn -0.372288555 0.887828708 -0.270483494
vn -0.444482982 0.835552156 -0.322935849
vn -0.512115419 0.774144113 -0.372073501
vn -0.574338853 0.704280615 -0.417281389
vn -0.630416989 0.626727819 -0.458024651
vn -0.679704785 0.542336583 -0.493834406
vn -0.721645474 0.452029765 -0.524306178
vn -0.755770206 0.356793523 -0.549099088
vn -0.781699538 0.257667333 -0.567937672
vn -0.799146593 0.155732185 -0.580613673
vn -0.80791831 0.052099362 -0.586986899
vn -0.807918429 -0.0521000512 -0.58698684
vn -0.799146712 -0.155731902 -0.580613554
vn -0.781699717 -0.257667124 -0.567937672
vn -0.755770147 -0.356793463 -0.549099147
vn -0.721645355 -0.452030003 -0.524306059
vn -0.679704547 -0.542336822 -0.493834466
vn -0.630416989 -0.62672776 -0.45802483
vn -0.574339151 -0.704280257 -0.417281628
vn -0.864849091 -0.0521000065 -0.499321193
vn -0.855459392 -0.155731931 -0.493899763
vn -0.836782992 -0.257666916 -0.483116925
vn -0.809026241 -0.356793791 -0.467091709
vn -0.772496462 -0.452031106 -0.446001112
vn -0.727599859 -0.54233855 -0.420080155
vn -0.674838066 -0.626730561 -0.389618248
vn -0.86484915 0.05209966 -0.499320984
vn -0.855459392 0.155732289 -0.493899614
vn -0.836782813 0.25766781 -0.483116835
vn -0.809026241 0.356794238 -0.467091471
vn -0.7724967 0.452030778 -0.446001172
vn -0.727599919 0.542338431 -0.420080036
vn -0.674837947 0.626730919 -0.38961795
vn -0.614806652 0.704284728 -0.354958892
vn -0.548196435 0.774149418 -0.316501796
vn -0.475794882 0.835558951 -0.27470088
vn -0.398509532 0.887836456 -0.230079696
vn -0.317434639 0.930401504 -0.183270827
vn -0.234769478 0.962554455 -0.135544524
vn -0.156429887 0.983551085 -0.0903158933
vn -0.0852669924 0.995141029 -0.0492312647
vn -0.0484807044 0.99820292 -0.035221681
vn -0.0547444448 0.99820292 -0.0243718438
vn 0 1 0
vn -0.166784346 0.983192921 -0.0742605627
vn -0.24767898 0.962545693 -0.110276371
vn -0.334871411 0.930393457 -0.149094537
vn -0.420389891 0.887828827 -0.187169358
vn -0.5019117 0.835552335 -0.223465666
vn -0.578282952 0.774143994 -0.257468373
vn -0.64854604 0.704280376 -0.288751274
vn -0.711869478 0.626727879 -0.316944778
vn -0.767525494 0.542336345 -0.341724664
vn -0.81488508 0.452029586 -0.362810612
vn -0.853418648 0.356793731 -0.379966885
vn -0.882698178 0.25766772 -0.393002898
vn -0.902399361 0.155732334 -0.401774377
vn -0.91230458 0.0520999171 -0.406184465
vn -0.91230458 -0.0520996936 -0.406184703
vn -0.902399302 -0.155731946 -0.401774943
vn -0.882698178 -0.257666796 -0.393003494
vn -0.853418469 -0.356793702 -0.379967093
vn -0.814884782 -0.452030241 -0.362810493
vn -0.767525375 -0.542336524 -0.341724932
vn -0.939452887 0.155732006 -0.30524689
vn -0.949764967 0.0520994663 -0.308597088
vn -0.949764967 -0.0520996042 -0.308597058
vn -0.939453006 -0.155731365 -0.30524686
vn -0.918942928 -0.257667035 -0.298582911
vn -0.888460815 -0.356794566 -0.288678288
vn -0.848344266 -0.452031523 -0.275643736
vn -0.91894269 0.25766772 -0.298582882
vn -0.888460815 0.356794238 -0.288678527
vn -0.848344624 0.452030748 -0.275643945
vn -0.799039841 0.542338312 -0.259623885
vn -0.741097093 0.626731038 -0.240797117
vn -0.675171852 0.704284728 -0.219376385
vn -0.602021635 0.774149477 -0.195608303
vn -0.522510946 0.835559189 -0.169774026
vn -0.437637269 0.887836337 -0.142197534
vn -0.348601878 0.930401385 -0.113269411
vn -0.257820308 0.962554216 -0.0837741271
vn -0.171788484 0.983551085 -0.0558214597
vn -0.093637377 0.995141268 -0.0304294359
vn -0.0547444448 0.99820292 -0.0243718438
vn -0.0586156547 0.99820292 -0.0124567859
vn 0 1 0
vn -0.178579137 0.983193278 -0.0379546918
vn -0.265194476 0.962545931 -0.0563664362
vn -0.358552337 0.930393338 -0.0762123168
vn -0.450118572 0.887828529 -0.0956749767
vn -0.537405372 0.835552275 -0.114227593
vn -0.619177282 0.774143875 -0.131608427
vn -0.694408715 0.704280436 -0.147599444
vn -0.76221031 0.626727939 -0.162010953
vn -0.821802318 0.542336464 -0.174677104
vn -0.87251085 0.452030092 -0.185455382
vn -0.913769424 0.356794208 -0.194225237
vn -0.945119679 0.257667243 -0.200888902
vn -0.96621412 0.155731723 -0.205372542
vn -0.976819694 0.0520995297 -0.207626715
vn -0.976819694 -0.0520996638 -0.207626641
vn -0.966214299 -0.155731097 -0.20537211
vn -0.945119858 -0.257667333 -0.200888187
vn -0.913769543 -0.35679394 -0.194224611
vn -0.87251085 -0.452030003 -0.185455278
vn -0.82180202 -0.542336822 -0.174677357
vn -0.799039483 -0.542338729 -0.259623975
vn -0.76221019 -0.626728058 -0.162011012
vn -0.741097093 -0.626731038 -0.240797117
vn -0.694408834 -0.704280376 -0.147599161
vn -0.711869538 -0.626727641 -0.316945136
vn -0.675171971 -0.704284608 -0.219376653
vn -0.619177163 -0.774143994 -0.131608129
vn -0.614806771 -0.704284489 -0.354958981
vn -0.648546159 -0.704280257 -0.288751334
vn -0.602021456 -0.774149358 -0.195609197
vn -0.537405431 -0.835552156 -0.114227556
vn -0.512115419 -0.774143934 -0.372073859
vn -0.548196316 -0.774149656 -0.316501468
vn -0.578282833 -0.774144053 -0.257468373
vn -0.522511125 -0.835558951 -0.169774532
vn -0.450118572 -0.887828648 -0.0956742764
vn -0.408284307 -0.83555907 -0.367620736
vn -0.444482774 -0.835552156 -0.322935879
vn -0.475794941 -0.835559011 -0.274700433
vn -0.501911938 -0.835552156 -0.223465741
vn -0.437637478 -0.887836456 -0.142196849
vn -0.358552635 -0.930393338 -0.0762119517
vn -0.30791679 -0.887828708 -0.341975838
vn -0.341965169 -0.887836337 -0.307906717
vn -0.372288615 -0.887828648 -0.270483643
vn -0.398509592 -0.887836456 -0.230079636
vn -0.42038995 -0.887828708 -0.187169582
vn -0.348602355 -0.930401385 -0.113268077
vn -0.265194714 -0.962545812 -0.0563679375
vn -0.215448231 -0.930401385 -0.29653886
vn -0.245278507 -0.930393279 -0.272409201
vn -0.272393972 -0.930401325 -0.245264977
vn -0.29655543 -0.930393279 -0.215460435
vn -0.317434847 -0.930401504 -0.183270425
vn -0.334871709 -0.930393338 -0.149094194
vn -0.135559544 -0.962545693 -0.234796524
vn -0.159342155 -0.962554216 -0.219315812
vn -0.181414098 -0.962545931 -0.201480478
vn -0.20145826 -0.962554216 -0.181394547
vn -0.219339907 -0.962545812 -0.159359545
vn -0.234770015 -0.962554455 -0.135543287
vn -0.247679576 -0.962545812 -0.110274382
vn -0.0734685734 -0.983551204 -0.165013134
vn -0.0912841335 -0.98319304 -0.158109412
vn -0.0400460288 -0.995141387 -0.0899441615
vn -0.0185178984 -0.99820292 -0.0569922403
vn -0.0299625564 -0.998202801 -0.0518970899
vn 0 -1 0
vn -0.10617134 -0.983551085 -0.146132827
vn -0.0578715019 -0.995141387 -0.0796522722
vn -0.0299625564 -0.998202801 -0.0518970899
vn -0.122161999 -0.983193159 -0.13567479
vn -0.0400977433 -0.99820292 -0.0445324779
vn 0 -1 0
vn -0.134233803 -0.983551204 -0.120865136
vn -0.0731676519 -0.995141149 -0.0658821389
vn -0.0400977433 -0.99820292 -0.0445324779
vn -0.147700831 -0.983193278 -0.107309692
vn -0.0484804548 -0.998203039 -0.0352198705
vn 0 -1 0
vn -0.156429663 -0.983551204 -0.090315029
vn -0.0852660462 -0.995141149 -0.049231194
vn -0.0484804548 -0.998203039 -0.0352198705
vn -0.054744333 -0.99820292 -0.0243710261
vn 0 -1 0
vn -0.166784406 -0.983193159 -0.074258171
vn -0.257820845 -0.962554336 -0.0837708265
vn -0.178578883 -0.983193278 -0.0379551426
vn -0.171788827 -0.983551323 -0.0558160506
vn -0.0936380327 -0.995141268 -0.0304242186
vn -0.054744333 -0.99820292 -0.0243710261
vn -0.0586156696 -0.99820292 -0.0124562159
vn 0 -1 0
g submesh_0
usemtl submesh_0
f 1/1/1 2/2/2 3/3/3
f 1/1/1 3/3/3 4/4/4
f 4/4/4 3/3/3 5/5/5
f 1/1/1 4/4/4 6/6/6
f 4/4/4 5/5/5 6/6/6
f 6/6/6 5/5/5 7/7/7
f 1/1/1 6/6/6 8/8/8
f 6/6/6 7/7/7 9/9/9
f 8/8/8 6/6/6 9/9/9
f 9/9/9 7/7/7 10/10/10
f 9/9/9 10/10/10 11/11/11
f 11/11/11 10/10/10 12/12/12
f 8/8/8 9/9/9 13/13/13
f 13/13/13 9/9/9 11/11/11
f 11/11/11 12/12/12 14/14/14
f 14/14/14 12/12/12 15/15/15
f 13/13/13 11/11/11 16/16/16
f 16/16/16 11/11/11 14/14/14
f 14/14/14 15/15/15 17/17/17
f 17/17/17 15/15/15 18/18/18
f 16/16/16 14/14/14 19/19/19
f 19/19/19 14/14/14 17/17/17
f 17/17/17 18/18/18 20/20/20
f 20/20/20 18/18/18 21/21/21
f 19/19/19 17/17/17 22/22/22
f 22/22/22 17/17/17 20/20/20
f 20/20/20 21/21/21 23/23/23
f 23/23/23 21/21/21 24/24/24
f 22/22/22 20/20/20 25/25/25
f 25/25/25 20/20/20 23/23/23
f 23/23/23 24/24/24 26/26/26
f 26/26/26 24/24/24 27/27/27
f 25/25/25 23/23/23 28/28/28
f 28/28/28 23/23/23 26/26/26
f 26/26/26 27/27/27 29/29/29
f 29/29/29 27/27/27 30/30/30
f 28/28/28 26/26/26 31/31/31
f 31/31/31 26/26/26 29/29/29
f 29/29/29 30/30/30 32/32/32
f 32/32/32 30/30/30 33/33/33
f 31/31/31 29/29/29 34/34/34
f 34/34/34 29/29/29 32/32/32
f 32/32/32 33/33/33 35/35/35
f 35/35/35 33/33/33 36/36/36
f 34/34/34 32/32/32 37/37/37
f 37/37/37 32/32/32 35/35/35
f 35/35/35 36/36/36 38/38/38
f 38/38/38 36/36/36 39/39/39
f 37/37/37 35/35/35 40/40/40
f 40/40/40 35/35/35 38/38/38
f 38/38/38 39/39/39 41/41/41
f 41/41/41 39/39/39 42/42/42
f 40/40/40 38/38/38 43/43/43
f 43/43/43 38/38/38 41/41/41
f 41/41/41 42/42/42 44/44/44
f 44/44/44 42/42/42 45/45/45
f 43/43/43 41/41/41 46/46/46
f 46/46/46 41/41/41 44/44/44
f 44/44/44 45/45/45 47/47/47
f 47/47/47 45/45/45 48/48/48
f 46/46/46 44/44/44 49/49/49
f 49/49/49 44/44/44 47/47/47
f 47/47/47 48/48/48 50/50/50
f 50/50/50 48/48/48 51/51/51
f 49/49/49 47/47/47 52/52/52
f 52/52/52 47/47/47 50/50/50
f 50/50/50 51/51/51 53/53/53
f 53/53/53 51/51/51 54/54/54
f 52/52/52 50/50/50 55/55/55
f 55/55/55 50/50/50 53/53/53
f 53/53/53 54/54/54 56/56/56
f 56/56/56 54/54/54 57/57/57
f 55/55/55 53/53/53 58/58/58
f 58/58/58 53/53/53 56/56/56
f 56/56/56 57/57/57 59/59/59
f 59/59/59 57/57/57 60/60/60
f 58/58/58 56/56/56 61/61/61
f 61/61/61 56/56/56 59/59/59
f 59/59/59 60/60/60 62/62/62
f 62/62/62 60/60/60 63/63/63
f 61/61/61 59/59/59 64/64/64
f 64/64/64 59/59/59 62/62/62
f 62/62/62 63/63/63 65/65/65
f 65/65/65 63/63/63 66/66/66
f 64/64/64 62/62/62 67/67/67
f 67/67/67 62/62/62 65/65/65
f 65/65/65 66/66/66 68/68/68
f 68/68/68 66/66/66 69/69/69
f 67/67/67 65/65/65 70/70/70
f 70/70/70 65/65/65 68/68/68
f 68/68/68 69/69/69 71/71/71
f 71/71/71 69/69/69 72/72/72
f 70/70/70 68/68/68 73/73/73
f 73/73/73 68/68/68 71/71/71
f 71/71/71 72/72/72 74/74/74
f 74/74/74 72/72/72 75/75/75
f 73/73/73 71/71/71 76/76/76
f 76/76/76 71/71/71 74/74/74
f 74/74/74 75/75/75 77/77/77
f 77/77/77 75/75/75 78/78/78
f 76/76/76 74/74/74 79/79/79
f 79/79/79 74/74/74 77/77/77
f 77/77/77 78/78/78 80/80/80
f 80/80/80 78/78/78 81/81/81
f 79/79/79 77/77/77 82/82/82
f 82/82/82 77/77/77 80/80/80
f 80/80/80 81/81/81 83/83/83
f 83/83/83 81/81/81 84/84/84
f 82/82/82 80/80/80 85/85/85
f 85/85/85 80/80/80 83/83/83
f 83/83/83 84/84/84 86/86/86
f 87/87/87 86/86/86 84/84/84
f 85/85/85 83/83/83 88/88/88
f 88/88/88 83/83/83 86/86/86
f 89/89/89 76/76/76 79/79/79
f 90/90/90 79/79/79 82/82/82
f 89/89/89 79/79/79 90/90/90
f 91/91/91 82/82/82 85/85/85
f 90/90/90 82/82/82 91/91/91
f 92/92/92 85/85/85 88/88/88
f 91/91/91 85/85/85 92/92/92
f 93/93/93 76/76/76 89/89/89
f 93/93/93 73/73/73 76/76/76
f 94/94/94 73/73/73 93/93/93
f 94/94/94 70/70/70 73/73/73
f 95/95/95 70/70/70 94/94/94
f 95/95/95 67/67/67 70/70/70
f 96/96/96 67/67/67 95/95/95
f 96/96/96 64/64/64 67/67/67
f 97/97/97 64/64/64 96/96/96
f 97/97/97 61/61/61 64/64/64
f 98/98/98 61/61/61 97/97/97
f 98/98/98 58/58/58 61/61/61
f 99/99/99 58/58/58 98/98/98
f 99/99/99 55/55/55 58/58/58
f 100/100/100 55/55/55 99/99/99
f 100/100/100 52/52/52 55/55/55
f 101/101/101 52/52/52 100/100/100
f 101/101/101 49/49/49 52/52/52
f 102/102/102 49/49/49 101/101/101
f 102/102/102 46/46/46 49/49/49
f 103/103/103 46/46/46 102/102/102
f 103/103/103 43/43/43 46/46/46
f 104/104/104 43/43/43 103/103/103
f 104/104/104 40/40/40 43/43/43
f 105/105/105 40/40/40 104/104/104
f 105/105/105 37/37/37 40/40/40
f 106/106/106 37/37/37 105/105/105
f 106/106/106 34/34/34 37/37/37
f 107/107/107 34/34/34 106/106/106
f 107/107/107 31/31/31 34/34/34
f 108/108/108 31/31/31 107/107/107
f 108/108/108 28/28/28 31/31/31
f 109/109/109 28/28/28 108/108/108
f 109/109/109 25/25/25 28/28/28
f 110/110/110 25/25/25 109/109/109
f 110/110/110 22/22/22 25/25/25
f 111/111/111 22/22/22 110/110/110
f 111/111/111 19/19/19 22/22/22
f 112/112/112 19/19/19 111/111/111
f 112/112/112 16/16/16 19/19/19
f 113/113/113 16/16/16 112/112/112
f 113/113/113 13/13/13 16/16/16
f 114/114/114 13/13/13 113/113/113
f 114/114/114 8/8/8 13/13/13
f 115/115/115 8/8/8 114/114/114
f 115/115/115 116/116/116 8/8/8
f 117/117/117 116/116/116 115/115/115
f 117/117/117 115/115/115 114/114/114
f 117/117/117 118/118/118 116/116/116
f 117/117/117 114/114/114 119/119/119
f 119/119/119 114/114/114 113/113/113
f 120/120/120 113/113/113 112/112/112
f 119/119/119 113/113/113 120/120/120
f 121/121/121 112/112/112 111/111/111
f 120/120/120 112/112/112 121/121/121
f 121/121/121 111/111/111 122/122/122
f 122/122/122 111/111/111 110/110/110
f 122/122/122 110/110/110 123/123/123
f 123/123/123 110/110/110 109/109/109
f 123/123/123 109/109/109 124/124/124
f 124/124/124 109/109/109 108/108/108
f 124/124/124 108/108/108 125/125/125
f 125/125/125 108/108/108 107/107/107
f 125/125/125 107/107/107 126/126/126
f 126/126/126 107/107/107 106/106/106
f 126/126/126 106/106/106 127/127/127
f 127/127/127 106/106/106 105/105/105
f 127/127/127 105/105/105 128/128/128
f 128/128/128 105/105/105 104/104/104
f 128/128/128 104/104/104 129/129/129
f 129/129/129 104/104/104 103/103/103
f 129/129/129 103/103/103 130/130/130
f 130/130/130 103/103/103 102/102/102
f 130/130/130 102/102/102 131/131/131
f 131/131/131 102/102/102 101/101/101
f 131/131/131 101/101/101 132/132/132
f 132/132/132 101/101/101 100/100/100
f 132/132/132 100/100/100 133/133/133
f 133/133/133 100/100/100 99/99/99
f 133/133/133 99/99/99 134/134/134
f 134/134/134 99/99/99 98/98/98
f 134/134/134 98/98/98 135/135/135
f 135/135/135 98/98/98 97/97/97
f 135/135/135 97/97/97 136/136/136
f 136/136/136 97/97/97 96/96/96
f 136/136/136 96/96/96 137/137/137
f 137/137/137 96/96/96 95/95/95
f 137/137/137 95/95/95 138/138/138
f 138/138/138 95/95/95 94/94/94
f 138/138/138 94/94/94 139/139/139
f 139/139/139 94/94/94 93/93/93
f 139/139/139 93/93/93 140/140/140
f 140/140/140 93/93/93 89/89/89
f 140/140/140 89/89/89 141/141/141
f 141/141/141 89/89/89 90/90/90
f 141/141/141 90/90/90 142/142/142
f 142/142/142 90/90/90 91/91/91
f 142/142/142 91/91/91 143/143/143
f 143/143/143 91/91/91 92/92/92
f 144/144/144 136/136/136 137/137/137
f 145/145/145 137/137/137 138/138/138
f 144/144/144 137/137/137 145/145/145
f 146/146/146 138/138/138 139/139/139
f 145/145/145 138/138/138 146/146/146
f 147/147/147 139/139/139 140/140/140
f 146/146/146 139/139/139 147/147/147
f 148/148/148 140/140/140 141/141/141
f 147/147/147 140/140/140 148/148/148
f 149/149/149 141/141/141 142/142/142
f 148/148/148 141/141/141 149/149/149
f 150/150/150 142/142/142 143/143/143
f 149/149/149 142/142/142 150/150/150
f 151/151/151 136/136/136 144/144/144
f 151/151/151 135/135/135 136/136/136
f 152/152/152 135/135/135 151/151/151
f 152/152/152 134/134/134 135/135/135
f 153/153/153 134/134/134 152/152/152
f 153/153/153 133/133/133 134/134/134
f 154/154/154 133/133/133 153/153/153
f 154/154/154 132/132/132 133/133/133
f 155/155/155 132/132/132 154/154/154
f 155/155/155 131/131/131 132/132/132
f 156/156/156 131/131/131 155/155/155
f 156/156/156 130/130/130 131/131/131
f 157/157/157 130/130/130 156/156/156
f 157/157/157 129/129/129 130/130/130
f 158/158/158 129/129/129 157/157/157
f 158/158/158 128/128/128 129/129/129
f 159/159/159 128/128/128 158/158/158
f 159/159/159 127/127/127 128/128/128
f 160/160/160 127/127/127 159/159/159
f 160/160/160 126/126/126 127/127/127
f 161/161/161 126/126/126 160/160/160
f 161/161/161 125/125/125 126/126/126
f 162/162/162 125/125/125 161/161/161
f 162/162/162 124/124/124 125/125/125
f 163/163/163 124/124/124 162/162/162
f 163/163/163 123/123/123 124/124/124
f 164/164/164 123/123/123 163/163/163
f 164/164/164 122/122/122 123/123/123
f 165/165/165 122/122/122 164/164/164
f 165/165/165 121/121/121 122/122/122
f 166/166/166 121/121/121 165/165/165
f 166/166/166 120/120/120 121/121/121
f 167/167/167 120/120/120 166/166/166
f 167/167/167 119/119/119 120/120/120
f 168/168/168 119/119/119 167/167/167
f 168/168/168 169/169/169 119/119/119
f 170/170/170 169/169/169 168/168/168
f 170/170/170 168/168/168 167/167/167
f 170/170/170 171/171/171 169/169/169
f 170/170/170 167/167/167 172/172/172
f 172/172/172 167/167/167 166/166/166
f 173/173/173 166/166/166 165/165/165
f 172/172/172 166/166/166 173/173/173
f 174/174/174 165/165/165 164/164/164
f 173/173/173 165/165/165 174/174/174
f 174/174/174 164/164/164 175/175/175
f 175/175/175 164/164/164 163/163/163
f 175/175/175 163/163/163 176/176/176
f 176/176/176 163/163/163 162/162/162
f 176/176/176 162/162/162 177/177/177
f 177/177/177 162/162/162 161/161/161
f 177/177/177 161/161/161 178/178/178
f 178/178/178 161/161/161 160/160/160
f 178/178/178 160/160/160 179/179/179
f 179/179/179 160/160/160 159/159/159
f 179/179/179 159/159/159 180/180/180
f 180/180/180 159/159/159 158/158/158
f 180/180/180 158/158/158 181/181/181
f 181/181/181 158/158/158 157/157/157
f 181/181/181 157/157/157 182/182/182
f 182/182/182 157/157/157 156/156/156
f 182/182/182 156/156/156 183/183/183
f 183/183/183 156/156/156 155/155/155
f 183/183/183 155/155/155 184/184/184
f 184/184/184 155/155/155 154/154/154
f 184/184/184 154/154/154 185/185/185
f 185/185/185 154/154/154 153/153/153
f 185/185/185 153/153/153 186/186/186
f 186/186/186 153/153/153 152/152/152
f 186/186/186 152/152/152 187/187/187
f 187/187/187 152/152/152 151/151/151
f 187/187/187 151/151/151 188/188/188
f 188/188/188 151/151/151 144/144/144
f 188/188/188 144/144/144 189/189/189
f 189/189/189 144/144/144 145/145/145
f 189/189/189 145/145/145 190/190/190
f 190/190/190 145/145/145 146/146/146
f 190/190/190 146/146/146 191/191/191
f 191/191/191 146/146/146 147/147/147
f 191/191/191 147/147/147 192/192/192
f 192/192/192 147/147/147 148/148/148
f 192/192/192 148/148/148 193/193/193
f 193/193/193 148/148/148 149/149/149
f 193/193/193 149/149/149 194/194/194
f 194/194/194 149/149/149 150/150/150
f 195/195/195 187/187/187 188/188/188
f 196/196/196 188/188/188 189/189/189
f 195/195/195 188/188/188 196/196/196
f 197/197/197 189/189/189 190/190/190
f 196/196/196 189/189/189 197/197/197
f 198/198/198 190/190/190 191/191/191
f 197/197/197 190/190/190 198/198/198
f 199/199/199 191/191/191 192/192/192
f 198/198/198 191/191/191 199/199/199
f 200/200/200 192/192/192 193/193/193
f 199/199/199 192/192/192 200/200/200
f 201/201/201 193/193/193 194/194/194
f 200/200/200 193/193/193 201/201/201
f 202/202/202 187/187/187 195/195/195
f 202/202/202 186/186/186 187/187/187
f 203/203/203 186/186/186 202/202/202
f 203/203/203 185/185/185 186/186/186
f 204/204/204 185/185/185 203/203/203
f 204/204/204 184/184/184 185/185/185
f 205/205/205 184/184/184 204/204/204
f 205/205/205 183/183/183 184/184/184
f 206/206/206 183/183/183 205/205/205
f 206/206/206 182/182/182 183/183/183
f 207/207/207 182/182/182 206/206/206
f 207/207/207 181/181/181 182/182/182
f 208/208/208 181/181/181 207/207/207
f 208/208/208 180/180/180 181/181/181
f 209/209/209 180/180/180 208/208/208
f 209/209/209 179/179/179 180/180/180
f 210/210/210 179/179/179 209/209/209
f 210/210/210 178/178/178 179/179/179
f 211/211/211 178/178/178 210/210/210
f 211/211/211 177/177/177 178/178/178
f 212/212/212 177/177/177 211/211/211
f 212/212/212 176/176/176 177/177/177
f 213/213/213 176/176/176 212/212/212
f 213/213/213 175/175/175 176/176/176
f 214/214/214 175/175/175 213/213/213
f 214/214/214 174/174/174 175/175/175
f 215/215/215 174/174/174 214/214/214
f 215/215/215 173/173/173 174/174/174
f 216/216/216 173/173/173 215/215/215
f 216/216/216 172/172/172 173/173/173
f 217/217/217 172/172/172 216/216/216
f 217/217/217 218/218/218 172/172/172
f 219/219/219 218/218/218 217/217/217
f 219/219/219 217/217/217 216/216/216
f 219/219/219 220/220/220 218/218/218
f 219/219/219 216/216/216 221/221/221
f 221/221/221 216/216/216 215/215/215
f 222/222/222 215/215/215 214/214/214
f 221/221/221 215/215/215 222/222/222
f 223/223/223 214/214/214 213/213/213
f 222/222/222 214/214/214 223/223/223
f 223/223/223 213/213/213 224/224/224
f 224/224/224 213/213/213 212/212/212
f 224/224/224 212/212/212 225/225/225
f 225/225/225 212/212/212 211/211/211
f 225/225/225 211/211/211 226/226/226
f 226/226/226 211/211/211 210/210/210
f 226/226/226 210/210/210 227/227/227
f 227/227/227 210/210/210 209/209/209
f 227/227/227 209/209/209 228/228/228
f 228/228/228 209/209/209 208/208/208
f 228/228/228 208/208/208 229/229/229
f 229/229/229 208/208/208 207/207/207
f 229/229/229 207/207/207 230/230/230
f 230/230/230 207/207/207 206/206/206
f 230/230/230 206/206/206 231/231/231
f 231/231/231 206/206/206 205/205/205
f 231/231/231 205/205/205 232/232/232
f 232/232/232 205/205/205 204/204/204
f 232/232/232 204/204/204 233/233/233
f 233/233/233 204/204/204 203/203/203
f 233/233/233 203/203/203 234/234/234
f 234/234/234 203/203/203 202/202/202
f 234/234/234 202/202/202 235/235/235
f 235/235/235 202/202/202 195/195/195
f 235/235/235 195/195/195 236/236/236
f 236/236/236 195/195/195 196/196/196
f 236/236/236 196/196/196 237/237/237
f 237/237/237 196/196/196 197/197/197
f 237/237/237 197/197/197 238/238/238
f 238/238/238 197/197/197 198/198/198
f 238/238/238 198/198/198 239/239/239
f 239/239/239 198/198/198 199/199/199
f 239/239/239 199/199/199 240/240/240
f 240/240/240 199/199/199 200/200/200
f 240/240/240 200/200/200 241/241/241
f 241/241/241 200/200/200 201/201/201
f 242/242/242 234/234/234 235/235/235
f 243/243/243 235/235/235 236/236/236
f 242/242/242 235/235/235 243/243/243
f 244/244/244 236/236/236 237/237/237
f 243/243/243 236/236/236 244/244/244
f 245/245/245 237/237/237 238/238/238
f 244/244/244 237/237/237 245/245/245
f 246/246/246 238/238/238 239/239/239
f 245/245/245 238/238/238 246/246/246
f 247/247/247 239/239/239 240/240/240
f 246/246/246 239/239/239 247/247/247
f 248/248/248 240/240/240 241/241/241
f 247/247/247 240/240/240 248/248/248
f 249/249/249 234/234/234 242/242/242
f 249/249/249 233/233/233 234/234/234
f 250/250/250 233/233/233 249/249/249
f 250/250/250 232/232/232 233/233/233
f 251/251/251 232/232/232 250/250/250
f 251/251/251 231/231/231 232/232/232
f 252/252/252 231/231/231 251/251/251
f 252/252/252 230/230/230 231/231/231
f 253/253/253 230/230/230 252/252/252
f 253/253/253 229/229/229 230/230/230
f 254/254/254 229/229/229 253/253/253
f 254/254/254 228/228/228 229/229/229
f 255/255/255 228/228/228 254/254/254
f 255/255/255 227/227/227 228/228/228
f 256/256/256 227/227/227 255/255/255
f 256/256/256 226/226/226 227/227/227
f 257/257/257 226/226/226 256/256/256
f 257/257/257 225/225/225 226/226/226
f 258/258/258 225/225/225 257/257/257
f 258/258/258 224/224/224 225/225/225
f 259/259/259 224/224/224 258/258/258
f 259/259/259 223/223/223 224/224/224
f 260/260/260 223/223/223 259/259/259
f 260/260/260 222/222/222 223/223/223
f 261/261/261 222/222/222 260/260/260
f 261/261/261 221/221/221 222/222/222
f 262/262/262 221/221/221 261/261/261
f 262/262/262 263/263/263 221/221/221
f 264/264/264 263/263/263 262/262/262
f 264/264/264 262/262/262 261/261/261
f 264/264/264 265/265/265 263/263/263
f 264/264/264 261/261/261 266/266/266
f 266/266/266 261/261/261 260/260/260
f 267/267/267 260/260/260 259/259/259
f 266/266/266 260/260/260 267/267/267
f 268/268/268 259/259/259 258/258/258
f 267/267/267 259/259/259 268/268/268
f 268/268/268 258/258/258 269/269/269
f 269/269/269 258/258/258 257/257/257
f 269/269/269 257/257/257 270/270/270
f 270/270/270 257/257/257 256/256/256
f 270/270/270 256/256/256 271/271/271
f 271/271/271 256/256/256 255/255/255
f 271/271/271 255/255/255 272/272/272
f 272/272/272 255/255/255 254/254/254
f 272/272/272 254/254/254 273/273/273
f 273/273/273 254/254/254 253/253/253
f 273/273/273 253/253/253 274/274/274
f 274/274/274 253/253/253 252/252/252
f 274/274/274 252/252/252 275/275/275
f 275/275/275 252/252/252 251/251/251
f 275/275/275 251/251/251 276/276/276
f 276/276/276 251/251/251 250/250/250
f 276/276/276 250/250/250 277/277/277
f 277/277/277 250/250/250 249/249/249
f 277/277/277 249/249/249 278/278/278
f 278/278/278 249/249/249 242/242/242
f 278/278/278 242/242/242 279/279/279
f 279/279/279 242/242/242 243/243/243
f 279/279/279 243/243/243 280/280/280
f 280/280/280 243/243/243 244/244/244
f 280/280/280 244/244/244 281/281/281
f 281/281/281 244/244/244 245/245/245
f 281/281/281 245/245/245 282/282/282
f 282/282/282 245/245/245 246/246/246
f 282/282/282 246/246/246 283/283/283
f 283/283/283 246/246/246 247/247/247
f 283/283/283 247/247/247 284/284/284
f 284/284/284 247/247/247 248/248/248
f 285/285/285 277/277/277 278/278/278
f 286/286/286 278/278/278 279/279/279
f 285/285/285 278/278/278 286/286/286
f 287/287/287 279/279/279 280/280/280
f 286/286/286 279/279/279 287/287/287
f 288/288/288 280/280/280 281/281/281
f 287/287/287 280/280/280 288/288/288
f 289/289/289 281/281/281 282/282/282
f 288/288/288 281/281/281 289/289/289
f 290/290/290 282/282/282 283/283/283
f 289/289/289 282/282/282 290/290/290
f 291/291/291 283/283/283 284/284/284
f 290/290/290 283/283/283 291/291/291
f 292/292/292 277/277/277 285/285/285
f 292/292/292 276/276/276 277/277/277
f 293/293/293 276/276/276 292/292/292
f 293/293/293 275/275/275 276/276/276
f 294/294/294 275/275/275 293/293/293
f 294/294/294 274/274/274 275/275/275
f 295/295/295 274/274/274 294/294/294
f 295/295/295 273/273/273 274/274/274
f 296/296/296 273/273/273 295/295/295
f 296/296/296 272/272/272 273/273/273
f 297/297/297 272/272/272 296/296/296
f 297/297/297 271/271/271 272/272/272
f 298/298/298 271/271/271 297/297/297
f 298/298/298 270/270/270 271/271/271
f 299/299/299 270/270/270 298/298/298
f 299/299/299 269/269/269 270/270/270
f 300/300/300 269/269/269 299/299/299
f 300/300/300 268/268/268 269/269/269
f 301/301/301 268/268/268 300/300/300
f 301/301/301 267/267/267 268/268/268
f 302/302/302 267/267/267 301/301/301
f 302/302/302 266/266/266 267/267/267
f 303/303/303 266/266/266 302/302/302
f 303/303/303 304/304/304 266/266/266
f 305/305/305 304/304/304 303/303/303
f 305/305/305 303/303/303 302/302/302
f 305/305/305 306/306/306 304/304/304
f 305/305/305 302/302/302 307/307/307
f 307/307/307 302/302/302 301/301/301
f 308/308/308 301/301/301 300/300/300
f 307/307/307 301/301/301 308/308/308
f 309/309/309 300/300/300 299/299/299
f 308/308/308 300/300/300 309/309/309
f 309/309/309 299/299/299 310/310/310
f 310/310/310 299/299/299 298/298/298
f 310/310/310 298/298/298 311/311/311
f 311/311/311 298/298/298 297/297/297
f 311/311/311 297/297/297 312/312/312
f 312/312/312 297/297/297 296/296/296
f 312/312/312 296/296/296 313/313/313
f 313/313/313 296/296/296 295/295/295
f 313/313/313 295/295/295 314/314/314
f 314/314/314 295/295/295 294/294/294
f 314/314/314 294/294/294 315/315/315
f 315/315/315 294/294/294 293/293/293
f 315/315/315 293/293/293 316/316/316
f 316/316/316 293/293/293 292/292/292
f 316/316/316 292/292/292 317/317/317
f 317/317/317 292/292/292 285/285/285
f 317/317/317 285/285/285 318/318/318
f 318/318/318 285/285/285 286/286/286
f 318/318/318 286/286/286 319/319/319
f 319/319/319 286/286/286 287/287/287
f 319/319/319 287/287/287 320/320/320
f 320/320/320 287/287/287 288/288/288
f 320/320/320 288/288/288 321/321/321
f 321/321/321 288/288/288 289/289/289
f 321/321/321 289/289/289 322/322/322
f 322/322/322 289/289/289 290/290/290
f 322/322/322 290/290/290 323/323/323
f 323/323/323 290/290/290 291/291/291
f 324/324/324 316/316/316 317/317/317
f 325/325/325 317/317/317 318/318/318
f 324/324/324 317/317/317 325/325/325
f 326/326/326 318/318/318 319/319/319
f 325/325/325 318/318/318 326/326/326
f 327/327/327 319/319/319 320/320/320
f 326/326/326 319/319/319 327/327/327
f 328/328/328 320/320/320 321/321/321
f 327/327/327 320/320/320 328/328/328
f 329/329/329 321/321/321 322/322/322
f 328/328/328 321/321/321 329/329/329
f 330/330/330 322/322/322 323/323/323
f 329/329/329 322/322/322 330/330/330
f 331/331/331 316/316/316 324/324/324
f 331/331/331 315/315/315 316/316/316
f 332/332/332 315/315/315 331/331/331
f 332/332/332 314/314/314 315/315/315
f 333/333/333 314/314/314 332/332/332
f 333/333/333 313/313/313 314/314/314
f 334/334/334 313/313/313 333/333/333
f 334/334/334 312/312/312 313/313/313
f 335/335/335 312/312/312 334/334/334
f 335/335/335 311/311/311 312/312/312
f 336/336/336 311/311/311 335/335/335
f 336/336/336 310/310/310 311/311/311
f 337/337/337 310/310/310 336/336/336
f 337/337/337 309/309/309 310/310/310
f 338/338/338 309/309/309 337/337/337
f 338/338/338 308/308/308 309/309/309
f 339/339/339 308/308/308 338/338/338
f 339/339/339 307/307/307 308/308/308
f 340/340/340 307/307/307 339/339/339
f 340/340/340 341/341/341 307/307/307
f 342/342/342 341/341/341 340/340/340
f 342/342/342 340/340/340 339/339/339
f 342/342/342 343/343/343 341/341/341
f 342/342/342 339/339/339 344/344/344
f 344/344/344 339/339/339 338/338/338
f 345/345/345 338/338/338 337/337/337
f 344/344/344 338/338/338 345/345/345
f 346/346/346 337/337/337 336/336/336
f 345/345/345 337/337/337 346/346/346
f 346/346/346 336/336/336 347/347/347
f 347/347/347 336/336/336 335/335/335
f 347/347/347 335/335/335 348/348/348
f 348/348/348 335/335/335 334/334/334
f 348/348/348 334/334/334 349/349/349
f 349/349/349 334/334/334 333/333/333
f 349/349/349 333/333/333 350/350/350
f 350/350/350 333/333/333 332/332/332
f 350/350/350 332/332/332 351/351/351
f 351/351/351 332/332/332 331/331/331
f 351/351/351 331/331/331 352/352/352
f 352/352/352 331/331/331 324/324/324
f 352/352/352 324/324/324 353/353/353
f 353/353/353 324/324/324 325/325/325
f 353/353/353 325/325/325 354/354/354
f 354/354/354 325/325/325 326/326/326
f 354/354/354 326/326/326 355/355/355
f 355/355/355 326/326/326 327/327/327
f 355/355/355 327/327/327 356/356/356
f 356/356/356 327/327/327 328/328/328
f 356/356/356 328/328/328 357/357/357
f 357/357/357 328/328/328 329/329/329
f 357/357/357 329/329/329 358/358/358
f 358/358/358 329/329/329 330/330/330
f 359/359/359 351/351/351 352/352/352
f 360/360/360 352/352/352 353/353/353
f 359/359/359 352/352/352 360/360/360
f 361/361/361 353/353/353 354/354/354
f 360/360/360 353/353/353 361/361/361
f 362/362/362 354/354/354 355/355/355
f 361/361/361 354/354/354 362/362/362
f 363/363/363 355/355/355 356/356/356
f 362/362/362 355/355/355 363/363/363
f 364/364/364 356/356/356 357/357/357
f 363/363/363 356/356/356 364/364/364
f 365/365/365 357/357/357 358/358/358
f 364/364/364 357/357/357 365/365/365
f 366/366/366 351/351/351 359/359/359
f 366/366/366 350/350/350 351/351/351
f 367/367/367 350/350/350 366/366/366
f 367/367/367 349/349/349 350/350/350
f 368/368/368 349/349/349 367/367/367
f 368/368/368 348/348/348 349/349/349
f 369/369/369 348/348/348 368/368/368
f 369/369/369 347/347/347 348/348/348
f 370/370/370 347/347/347 369/369/369
f 370/370/370 346/346/346 347/347/347
f 371/371/371 346/346/346 370/370/370
f 371/371/371 345/345/345 346/346/346
f 372/372/372 345/345/345 371/371/371
f 372/372/372 344/344/344 345/345/345
f 373/373/373 344/344/344 372/372/372
f 373/373/373 374/374/374 344/344/344
f 375/375/375 374/374/374 373/373/373
f 375/375/375 373/373/373 372/372/372
f 375/375/375 376/376/376 374/374/374
f 375/375/375 372/372/372 377/377/377
f 377/377/377 372/372/372 371/371/371
f 378/378/378 371/371/371 370/370/370
f 377/377/377 371/371/371 378/378/378
f 379/379/379 370/370/370 369/369/369
f 378/378/378 370/370/370 379/379/379
f 379/379/379 369/369/369 380/380/380
f 380/380/380 369/369/369 368/368/368
f 380/380/380 368/368/368 381/381/381
f 381/381/381 368/368/368 367/367/367
f 381/381/381 367/367/367 382/382/382
f 382/382/382 367/367/367 366/366/366
f 382/382/382 366/366/366 383/383/383
f 383/383/383 366/366/366 359/359/359
f 383/383/383 359/359/359 384/384/384
f 384/384/384 359/359/359 360/360/360
f 384/384/384 360/360/360 385/385/385
f 385/385/385 360/360/360 361/361/361
f 385/385/385 361/361/361 386/386/386
f 386/386/386 361/361/361 362/362/362
f 386/386/386 362/362/362 387/387/387
f 387/387/387 362/362/362 363/363/363
f 387/387/387 363/363/363 388/388/388
f 388/388/388 363/363/363 364/364/364
f 388/388/388 364/364/364 389/389/389
f 389/389/389 364/364/364 365/365/365
f 390/390/390 382/382/382 383/383/383
f 391/391/391 383/383/383 384/384/384
f 390/390/390 383/383/383 391/391/391
f 392/392/392 384/384/384 385/385/385
f 391/391/391 384/384/384 392/392/392
f 393/393/393 385/385/385 386/386/386
f 392/392/392 385/385/385 393/393/393
f 394/394/394 386/386/386 387/387/387
f 393/393/393 386/386/386 394/394/394
f 395/395/395 387/387/387 388/388/388
f 394/394/394 387/387/387 395/395/395
f 396/396/396 388/388/388 389/389/389
f 395/395/395 388/388/388 396/396/396
f 397/397/397 382/382/382 390/390/390
f 397/397/397 381/381/381 382/382/382
f 398/398/398 381/381/381 397/397/397
f 398/398/398 380/380/380 381/381/381
f 399/399/399 380/380/380 398/398/398
f 399/399/399 379/379/379 380/380/380
f 400/400/400 379/379/379 399/399/399
f 400/400/400 378/378/378 379/379/379
f 401/401/401 378/378/378 400/400/400
f 401/401/401 377/377/377 378/378/378
f 402/402/402 377/377/377 401/401/401
f 402/402/402 403/403/403 377/377/377
f 404/404/404 403/403/403 402/402/402
f 404/404/404 402/402/402 401/401/401
f 404/404/404 405/405/405 403/403/403
f 404/404/404 401/401/401 406/406/406
f 406/406/406 401/401/401 400/400/400
f 407/407/407 400/400/400 399/399/399
f 406/406/406 400/400/400 407/407/407
f 408/408/408 399/399/399 398/398/398
f 407/407/407 399/399/399 408/408/408
f 408/408/408 398/398/398 409/409/409
f 409/409/409 398/398/398 397/397/397
f 409/409/409 397/397/397 410/410/410
f 410/410/410 397/397/397 390/390/390
f 410/410/410 390/390/390 411/411/411
f 411/411/411 390/390/390 391/391/391
f 411/411/411 391/391/391 412/412/412
f 412/412/412 391/391/391 392/392/392
f 412/412/412 392/392/392 413/413/413
f 413/413/413 392/392/392 393/393/393
f 413/413/413 393/393/393 414/414/414
f 414/414/414 393/393/393 394/394/394
f 414/414/414 394/394/394 415/415/415
f 415/415/415 394/394/394 395/395/395
f 415/415/415 395/395/395 416/416/416
f 416/416/416 395/395/395 396/396/396
f 417/417/417 409/409/409 410/410/410
f 418/418/418 410/410/410 411/411/411
f 417/417/417 410/410/410 418/418/418
f 419/419/419 411/411/411 412/412/412
f 418/418/418 411/411/411 419/419/419
f 420/420/420 412/412/412 413/413/413
f 419/419/419 412/412/412 420/420/420
f 421/421/421 413/413/413 414/414/414
f 420/420/420 413/413/413 421/421/421
f 422/422/422 414/414/414 415/415/415
f 421/421/421 414/414/414 422/422/422
f 423/423/423 415/415/415 416/416/416
f 422/422/422 415/415/415 423/423/423
f 424/424/424 409/409/409 417/417/417
f 424/424/424 408/408/408 409/409/409
f 425/425/425 408/408/408 424/424/424
f 425/425/425 407/407/407 408/408/408
f 426/426/426 407/407/407 425/425/425
f 426/426/426 406/406/406 407/407/407
f 427/427/427 406/406/406 426/426/426
f 427/427/427 428/428/428 406/406/406
f 429/429/429 428/428/428 427/427/427
f 429/429/429 427/427/427 426/426/426
f 429/429/429 430/430/430 428/428/428
f 429/429/429 426/426/426 431/431/431
f 431/431/431 426/426/426 425/425/425
f 432/432/432 425/425/425 424/424/424
f 431/431/431 425/425/425 432/432/432
f 433/433/433 424/424/424 417/417/417
f 432/432/432 424/424/424 433/433/433
f 433/433/433 417/417/417 434/434/434
f 434/434/434 417/417/417 418/418/418
f 434/434/434 418/418/418 435/435/435
f 435/435/435 418/418/418 419/419/419
f 435/435/435 419/419/419 436/436/436
f 436/436/436 419/419/419 420/420/420
f 436/436/436 420/420/420 437/437/437
f 437/437/437 420/420/420 421/421/421
f 437/437/437 421/421/421 438/438/438
f 438/438/438 421/421/421 422/422/422
f 438/438/438 422/422/422 439/439/439
f 439/439/439 422/422/422 423/423/423
f 440/440/440 432/432/432 433/433/433
f 441/441/441 433/433/433 434/434/434
f 440/440/440 433/433/433 441/441/441
f 442/442/442 434/434/434 435/435/435
f 441/441/441 434/434/434 442/442/442
f 443/443/443 435/435/435 436/436/436
f 442/442/442 435/435/435 443/443/443
f 444/444/444 436/436/436 437/437/437
f 443/443/443 436/436/436 444/444/444
f 445/445/445 437/437/437 438/438/438
f 444/444/444 437/437/437 445/445/445
f 446/446/446 438/438/438 439/439/439
f 445/445/445 438/438/438 446/446/446
f 447/447/447 432/432/432 440/440/440
f 447/447/447 431/431/431 432/432/432
f 448/448/448 431/431/431 447/447/447
f 448/448/448 449/449/449 431/431/431
f 450/450/450 449/449/449 448/448/448
f 450/450/450 448/448/448 447/447/447
f 450/450/450 451/451/451 449/449/449
f 450/450/450 447/447/447 452/452/452
f 452/452/452 447/447/447 440/440/440
f 452/452/452 440/440/440 453/453/453
f 453/453/453 440/440/440 441/441/441
f 453/453/453 441/441/441 454/454/454
f 454/454/454 441/441/441 442/442/442
f 454/454/454 442/442/442 455/455/455
f 455/455/455 442/442/442 443/443/443
f 455/455/455 443/443/443 456/456/456
f 456/456/456 443/443/443 444/444/444
f 456/456/456 444/444/444 457/457/457
f 457/457/457 444/444/444 445/445/445
f 457/457/457 445/445/445 458/458/458
f 458/458/458 445/445/445 446/446/446
f 459/459/459 452/452/452 453/453/453
f 460/460/460 453/453/453 454/454/454
f 459/459/459 453/453/453 460/460/460
f 461/461/461 454/454/454 455/455/455
f 460/460/460 454/454/454 461/461/461
f 462/462/462 455/455/455 456/456/456
f 461/461/461 455/455/455 462/462/462
f 463/463/463 456/456/456 457/457/457
f 462/462/462 456/456/456 463/463/463
f 464/464/464 457/457/457 458/458/458
f 463/463/463 457/457/457 464/464/464
f 465/465/465 452/452/452 459/459/459
f 465/465/465 466/466/466 452/452/452
f 467/467/467 466/466/466 465/465/465
f 467/467/467 465/465/465 459/459/459
f 467/467/467 468/468/468 466/466/466
f 467/467/467 459/459/459 469/469/469
f 469/469/469 459/459/459 460/460/460
f 470/470/470 460/460/460 461/461/461
f 469/469/469 460/460/460 470/470/470
f 471/471/471 461/461/461 462/462/462
f 470/470/470 461/461/461 471/471/471
f 472/472/472 462/462/462 463/463/463
f 471/471/471 462/462/462 472/472/472
f 473/473/473 463/463/463 464/464/464
f 472/472/472 463/463/463 473/473/473
f 474/474/474 469/469/469 470/470/470
f 475/475/475 470/470/470 471/471/471
f 474/474/474 470/470/470 475/475/475
f 476/476/476 471/471/471 472/472/472
f 475/475/475 471/471/471 476/476/476
f 477/477/477 472/472/472 473/473/473
f 476/476/476 472/472/472 477/477/477
f 478/478/478 469/469/469 474/474/474
f 478/478/478 479/479/479 469/469/469
f 480/480/480 479/479/479 478/478/478
f 480/480/480 478/478/478 474/474/474
f 480/480/480 481/481/481 479/479/479
f 480/480/480 474/474/474 482/482/482
f 482/482/482 474/474/474 475/475/475
f 483/483/483 475/475/475 476/476/476
f 482/482/482 475/475/475 483/483/483
f 484/484/484 476/476/476 477/477/477
f 483/483/483 476/476/476 484/484/484
f 477/477/477 473/473/473 485/485/485
f 484/484/484 477/477/477 486/486/486
f 486/486/486 477/477/477 485/485/485
f 485/485/485 473/473/473 487/487/487
f 473/473/473 464/464/464 487/487/487
f 487/487/487 464/464/464 488/488/488
f 464/464/464 458/458/458 488/488/488
f 488/488/488 458/458/458 489/489/489
f 458/458/458 446/446/446 489/489/489
f 489/489/489 446/446/446 490/490/490
f 446/446/446 439/439/439 490/490/490
f 490/490/490 439/439/439 491/491/491
f 439/439/439 423/423/423 491/491/491
f 491/491/491 423/423/423 492/492/492
f 423/423/423 416/416/416 492/492/492
f 492/492/492 416/416/416 493/493/493
f 416/416/416 396/396/396 493/493/493
f 493/493/493 396/396/396 494/494/494
f 396/396/396 389/389/389 494/494/494
f 494/494/494 389/389/389 495/495/495
f 389/389/389 365/365/365 495/495/495
f 495/495/495 365/365/365 496/496/496
f 365/365/365 358/358/358 496/496/496
f 496/496/496 358/358/358 497/497/497
f 358/358/358 330/330/330 497/497/497
f 497/497/497 330/330/330 498/498/498
f 330/330/330 323/323/323 498/498/498
f 498/498/498 323/323/323 499/499/499
f 323/323/323 291/291/291 499/499/499
f 499/499/499 291/291/291 500/500/500
f 291/291/291 284/284/284 500/500/500
f 500/500/500 284/284/284 501/501/501
f 284/284/284 248/248/248 501/501/501
f 501/501/501 248/248/248 502/502/502
f 248/248/248 241/241/241 502/502/502
f 502/502/502 241/241/241 503/503/503
f 241/241/241 201/201/201 503/503/503
f 503/503/503 201/201/201 504/504/504
f 201/201/201 194/194/194 504/504/504
f 504/504/504 194/194/194 505/505/505
f 194/194/194 150/150/150 505/505/505
f 505/505/505 150/150/150 506/506/506
f 150/150/150 143/143/143 506/506/506
f 506/506/506 143/143/143 507/507/507
f 143/143/143 92/92/92 507/507/507
f 507/507/507 92/92/92 508/508/508
f 92/92/92 88/88/88 508/508/508
f 508/508/508 88/88/88 509/509/509
f 88/88/88 86/86/86 509/509/509
f 510/510/510 509/509/509 86/86/86
f 87/87/87 510/510/510 86/86/86
f 87/87/87 511/511/511 510/510/510
f 510/510/510 511/511/511 509/509/509
f 87/87/87 512/512/512 511/511/511
f 504/504/504 505/505/505 513/513/513
f 505/505/505 506/506/506 514/514/514
f 513/513/513 505/505/505 514/514/514
f 506/506/506 507/507/507 515/515/515
f 514/514/514 506/506/506 515/515/515
f 507/507/507 508/508/508 516/516/516
f 515/515/515 507/507/507 516/516/516
f 508/508/508 509/509/509 517/517/517
f 516/516/516 508/508/508 517/517/517
f 509/509/509 518/518/518 517/517/517
f 509/509/509 519/519/519 518/518/518
f 519/519/519 520/520/520 518/518/518
f 519/519/519 521/521/521 520/520/520
f 518/518/518 520/520/520 522/522/522
f 518/518/518 522/522/522 517/517/517
f 516/516/516 517/517/517 522/522/522
f 515/515/515 516/516/516 523/523/523
f 523/523/523 516/516/516 522/522/522
f 514/514/514 515/515/515 524/524/524
f 524/524/524 515/515/515 523/523/523
f 525/525/525 514/514/514 524/524/524
f 513/513/513 514/514/514 525/525/525
f 523/523/523 522/522/522 526/526/526
f 524/524/524 523/523/523 527/527/527
f 527/527/527 523/523/523 526/526/526
f 522/522/522 528/528/528 526/526/526
f 522/522/522 529/529/529 528/528/528
f 529/529/529 530/530/530 528/528/528
f 529/529/529 531/531/531 530/530/530
f 528/528/528 530/530/530 532/532/532
f 528/528/528 532/532/532 526/526/526
f 527/527/527 526/526/526 532/532/532
f 533/533/533 524/524/524 527/527/527
f 525/525/525 524/524/524 533/533/533
f 534/534/534 527/527/527 532/532/532
f 533/533/533 527/527/527 534/534/534
f 535/535/535 513/513/513 525/525/525
f 536/536/536 525/525/525 533/533/533
f 535/535/535 525/525/525 536/536/536
f 537/537/537 533/533/533 534/534/534
f 536/536/536 533/533/533 537/537/537
f 538/538/538 513/513/513 535/535/535
f 538/538/538 504/504/504 513/513/513
f 503/503/503 504/504/504 538/538/538
f 539/539/539 503/503/503 538/538/538
f 502/502/502 503/503/503 539/539/539
f 540/540/540 538/538/538 535/535/535
f 539/539/539 538/538/538 540/540/540
f 541/541/541 535/535/535 536/536/536
f 540/540/540 535/535/535 541/541/541
f 542/542/542 502/502/502 539/539/539
f 501/501/501 502/502/502 542/542/542
f 543/543/543 539/539/539 540/540/540
f 542/542/542 539/539/539 543/543/543
f 544/544/544 501/501/501 542/542/542
f 500/500/500 501/501/501 544/544/544
f 545/545/545 536/536/536 537/537/537
f 541/541/541 536/536/536 545/545/545
f 546/546/546 540/540/540 541/541/541
f 543/543/543 540/540/540 546/546/546
f 547/547/547 542/542/542 543/543/543
f 544/544/544 542/542/542 547/547/547
f 548/548/548 500/500/500 544/544/544
f 499/499/499 500/500/500 548/548/548
f 549/549/549 541/541/541 545/545/545
f 546/546/546 541/541/541 549/549/549
f 550/550/550 543/543/543 546/546/546
f 547/547/547 543/543/543 550/550/550
f 551/551/551 544/544/544 547/547/547
f 548/548/548 544/544/544 551/551/551
f 552/552/552 499/499/499 548/548/548
f 498/498/498 499/499/499 552/552/552
f 553/553/553 546/546/546 549/549/549
f 550/550/550 546/546/546 553/553/553
f 554/554/554 547/547/547 550/550/550
f 551/551/551 547/547/547 554/554/554
f 555/555/555 548/548/548 551/551/551
f 552/552/552 548/548/548 555/555/555
f 556/556/556 498/498/498 552/552/552
f 497/497/497 498/498/498 556/556/556
f 557/557/557 550/550/550 553/553/553
f 554/554/554 550/550/550 557/557/557
f 558/558/558 551/551/551 554/554/554
f 555/555/555 551/551/551 558/558/558
f 559/559/559 552/552/552 555/555/555
f 556/556/556 552/552/552 559/559/559
f 560/560/560 497/497/497 556/556/556
f 496/496/496 497/497/497 560/560/560
f 561/561/561 554/554/554 557/557/557
f 558/558/558 554/554/554 561/561/561
f 562/562/562 555/555/555 558/558/558
f 559/559/559 555/555/555 562/562/562
f 563/563/563 556/556/556 559/559/559
f 560/560/560 556/556/556 563/563/563
f 564/564/564 496/496/496 560/560/560
f 495/495/495 496/496/496 564/564/564
f 565/565/565 558/558/558 561/561/561
f 562/562/562 558/558/558 565/565/565
f 566/566/566 559/559/559 562/562/562
f 563/563/563 559/559/559 566/566/566
f 567/567/567 560/560/560 563/563/563
f 564/564/564 560/560/560 567/567/567
f 568/568/568 495/495/495 564/564/564
f 494/494/494 495/495/495 568/568/568
f 569/569/569 562/562/562 565/565/565
f 566/566/566 562/562/562 569/569/569
f 570/570/570 563/563/563 566/566/566
f 567/567/567 563/563/563 570/570/570
f 571/571/571 564/564/564 567/567/567
f 568/568/568 564/564/564 571/571/571
f 572/572/572 494/494/494 568/568/568
f 493/493/493 494/494/494 572/572/572
f 573/573/573 566/566/566 569/569/569
f 570/570/570 566/566/566 573/573/573
f 574/574/574 567/567/567 570/570/570
f 571/571/571 567/567/567 574/574/574
f 575/575/575 568/568/568 571/571/571
f 572/572/572 568/568/568 575/575/575
f 576/576/576 493/493/493 572/572/572
f 492/492/492 493/493/493 576/576/576
f 577/577/577 570/570/570 573/573/573
f 574/574/574 570/570/570 577/577/577
f 578/578/578 571/571/571 574/574/574
f 575/575/575 571/571/571 578/578/578
f 579/579/579 572/572/572 575/575/575
f 576/576/576 572/572/572 579/579/579
f 580/580/580 492/492/492 576/576/576
f 491/491/491 492/492/492 580/580/580
f 581/581/581 574/574/574 577/577/577
f 578/578/578 574/574/574 581/581/581
f 582/582/582 575/575/575 578/578/578
f 579/579/579 575/575/575 582/582/582
f 583/583/583 576/576/576 579/579/579
f 580/580/580 576/576/576 583/583/583
f 584/584/584 491/491/491 580/580/580
f 490/490/490 491/491/491 584/584/584
f 585/585/585 578/578/578 581/581/581
f 582/582/582 578/578/578 585/585/585
f 586/586/586 579/579/579 582/582/582
f 583/583/583 579/579/579 586/586/586
f 587/587/587 580/580/580 583/583/583
f 584/584/584 580/580/580 587/587/587
f 588/588/588 490/490/490 584/584/584
f 489/489/489 490/490/490 588/588/588
f 589/589/589 582/582/582 585/585/585
f 586/586/586 582/582/582 589/589/589
f 590/590/590 583/583/583 586/586/586
f 587/587/587 583/583/583 590/590/590
f 591/591/591 584/584/584 587/587/587
f 588/588/588 584/584/584 591/591/591
f 592/592/592 489/489/489 588/588/588
f 488/488/488 489/489/489 592/592/592
f 593/593/593 586/586/586 589/589/589
f 590/590/590 586/586/586 593/593/593
f 594/594/594 587/587/587 590/590/590
f 591/591/591 587/587/587 594/594/594
f 595/595/595 588/588/588 591/591/591
f 592/592/592 588/588/588 595/595/595
f 596/596/596 488/488/488 592/592/592
f 487/487/487 488/488/488 596/596/596
f 597/597/597 590/590/590 593/593/593
f 594/594/594 590/590/590 597/597/597
f 598/598/598 591/591/591 594/594/594
f 595/595/595 591/591/591 598/598/598
f 599/599/599 592/592/592 595/595/595
f 596/596/596 592/592/592 599/599/599
f 600/600/600 487/487/487 596/596/596
f 485/485/485 487/487/487 600/600/600
f 601/601/601 594/594/594 597/597/597
f 598/598/598 594/594/594 601/601/601
f 602/602/602 595/595/595 598/598/598
f 599/599/599 595/595/595 602/602/602
f 603/603/603 596/596/596 599/599/599
f 600/600/600 596/596/596 603/603/603
f 604/604/604 485/485/485 600/600/600
f 486/486/486 485/485/485 604/604/604
f 605/605/605 598/598/598 601/601/601
f 602/602/602 598/598/598 605/605/605
f 606/606/606 599/599/599 602/602/602
f 603/603/603 599/599/599 606/606/606
f 607/607/607 600/600/600 603/603/603
f 604/604/604 600/600/600 607/607/607
f 608/608/608 602/602/602 605/605/605
f 606/606/606 602/602/602 608/608/608
f 609/609/609 603/603/603 606/606/606
f 607/607/607 603/603/603 609/609/609
f 610/610/610 606/606/606 608/608/608
f 609/609/609 606/606/606 610/610/610
f 611/611/611 486/486/486 604/604/604
f 612/612/612 604/604/604 607/607/607
f 611/611/611 604/604/604 612/612/612
f 613/613/613 607/607/607 609/609/609
f 612/612/612 607/607/607 613/613/613
f 614/614/614 609/609/609 610/610/610
f 613/613/613 609/609/609 614/614/614
f 615/615/615 486/486/486 611/611/611
f 615/615/615 484/484/484 486/486/486
f 616/616/616 484/484/484 615/615/615
f 616/616/616 483/483/483 484/484/484
f 617/617/617 483/483/483 616/616/616
f 617/617/617 482/482/482 483/483/483
f 618/618/618 482/482/482 617/617/617
f 618/618/618 619/619/619 482/482/482
f 620/620/620 619/619/619 618/618/618
f 620/620/620 618/618/618 617/617/617
f 620/620/620 621/621/621 619/619/619
f 620/620/620 617/617/617 622/622/622
f 622/622/622 617/617/617 616/616/616
f 623/623/623 616/616/616 615/615/615
f 622/622/622 616/616/616 623/623/623
f 624/624/624 615/615/615 611/611/611
f 623/623/623 615/615/615 624/624/624
f 624/624/624 611/611/611 625/625/625
f 625/625/625 611/611/611 612/612/612
f 625/625/625 612/612/612 626/626/626
f 626/626/626 612/612/612 613/613/613
f 626/626/626 613/613/613 627/627/627
f 627/627/627 613/613/613 614/614/614
f 628/628/628 622/622/622 623/623/623
f 629/629/629 623/623/623 624/624/624
f 628/628/628 623/623/623 629/629/629
f 630/630/630 624/624/624 625/625/625
f 629/629/629 624/624/624 630/630/630
f 631/631/631 625/625/625 626/626/626
f 630/630/630 625/625/625 631/631/631
f 632/632/632 626/626/626 627/627/627
f 631/631/631 626/626/626 632/632/632
f 633/633/633 622/622/622 628/628/628
f 633/633/633 634/634/634 622/622/622
f 635/635/635 634/634/634 633/633/633
f 635/635/635 633/633/633 628/628/628
f 635/635/635 636/636/636 634/634/634
f 635/635/635 628/628/628 637/637/637
f 637/637/637 628/628/628 629/629/629
f 638/638/638 629/629/629 630/630/630
f 637/637/637 629/629/629 638/638/638
f 639/639/639 630/630/630 631/631/631
f 638/638/638 630/630/630 639/639/639
f 640/640/640 631/631/631 632/632/632
f 639/639/639 631/631/631 640/640/640
f 632/632/632 627/627/627 641/641/641
f 640/640/640 632/632/632 642/642/642
f 642/642/642 632/632/632 641/641/641
f 641/641/641 627/627/627 643/643/643
f 627/627/627 614/614/614 643/643/643
f 643/643/643 614/614/614 644/644/644
f 614/614/614 610/610/610 644/644/644
f 644/644/644 610/610/610 645/645/645
f 610/610/610 608/608/608 645/645/645
f 645/645/645 608/608/608 646/646/646
f 608/608/608 605/605/605 646/646/646
f 646/646/646 605/605/605 647/647/647
f 605/605/605 601/601/601 647/647/647
f 647/647/647 601/601/601 648/648/648
f 601/601/601 597/597/597 648/648/648
f 648/648/648 597/597/597 649/649/649
f 597/597/597 593/593/593 649/649/649
f 649/649/649 593/593/593 650/650/650
f 593/593/593 589/589/589 650/650/650
f 650/650/650 589/589/589 651/651/651
f 589/589/589 585/585/585 651/651/651
f 651/651/651 585/585/585 652/652/652
f 585/585/585 581/581/581 652/652/652
f 652/652/652 581/581/581 653/653/653
f 581/581/581 577/577/577 653/653/653
f 653/653/653 577/577/577 654/654/654
f 577/577/577 573/573/573 654/654/654
f 654/654/654 573/573/573 655/655/655
f 573/573/573 569/569/569 655/655/655
f 655/655/655 569/569/569 656/656/656
f 569/569/569 565/565/565 656/656/656
f 656/656/656 565/565/565 657/657/657
f 565/565/565 561/561/561 657/657/657
f 657/657/657 561/561/561 658/658/658
f 561/561/561 557/557/557 658/658/658
f 658/658/658 557/557/557 659/659/659
f 557/557/557 553/553/553 659/659/659
f 659/659/659 553/553/553 660/660/660
f 553/553/553 549/549/549 660/660/660
f 660/660/660 549/549/549 661/661/661
f 549/549/549 545/545/545 661/661/661
f 661/661/661 545/545/545 662/662/662
f 545/545/545 537/537/537 662/662/662
f 662/662/662 537/537/537 663/663/663
f 537/537/537 534/534/534 663/663/663
f 663/663/663 534/534/534 664/664/664
f 534/534/534 532/532/532 664/664/664
f 532/532/532 665/665/665 664/664/664
f 532/532/532 666/666/666 665/665/665
f 666/666/666 667/667/667 665/665/665
f 666/666/666 668/668/668 667/667/667
f 665/665/665 667/667/667 669/669/669
f 665/665/665 669/669/669 664/664/664
f 663/663/663 664/664/664 669/669/669
f 662/662/662 663/663/663 670/670/670
f 670/670/670 663/663/663 669/669/669
f 661/661/661 662/662/662 671/671/671
f 671/671/671 662/662/662 670/670/670
f 672/672/672 661/661/661 671/671/671
f 660/660/660 661/661/661 672/672/672
f 673/673/673 660/660/660 672/672/672
f 659/659/659 660/660/660 673/673/673
f 674/674/674 659/659/659 673/673/673
f 658/658/658 659/659/659 674/674/674
f 675/675/675 658/658/658 674/674/674
f 657/657/657 658/658/658 675/675/675
f 676/676/676 657/657/657 675/675/675
f 656/656/656 657/657/657 676/676/676
f 677/677/677 656/656/656 676/676/676
f 655/655/655 656/656/656 677/677/677
f 678/678/678 655/655/655 677/677/677
f 654/654/654 655/655/655 678/678/678
f 679/679/679 654/654/654 678/678/678
f 653/653/653 654/654/654 679/679/679
f 680/680/680 653/653/653 679/679/679
f 652/652/652 653/653/653 680/680/680
f 681/681/681 652/652/652 680/680/680
f 651/651/651 652/652/652 681/681/681
f 682/682/682 651/651/651 681/681/681
f 650/650/650 651/651/651 682/682/682
f 683/683/683 650/650/650 682/682/682
f 649/649/649 650/650/650 683/683/683
f 684/684/684 649/649/649 683/683/683
f 648/648/648 649/649/649 684/684/684
f 685/685/685 648/648/648 684/684/684
f 647/647/647 648/648/648 685/685/685
f 686/686/686 647/647/647 685/685/685
f 646/646/646 647/647/647 686/686/686
f 687/687/687 646/646/646 686/686/686
f 645/645/645 646/646/646 687/687/687
f 688/688/688 645/645/645 687/687/687
f 644/644/644 645/645/645 688/688/688
f 689/689/689 644/644/644 688/688/688
f 643/643/643 644/644/644 689/689/689
f 690/690/690 643/643/643 689/689/689
f 641/641/641 643/643/643 690/690/690
f 691/691/691 641/641/641 690/690/690
f 642/642/642 641/641/641 691/691/691
f 685/685/685 684/684/684 692/692/692
f 686/686/686 685/685/685 693/693/693
f 693/693/693 685/685/685 692/692/692
f 687/687/687 686/686/686 694/694/694
f 694/694/694 686/686/686 693/693/693
f 688/688/688 687/687/687 695/695/695
f 695/695/695 687/687/687 694/694/694
f 689/689/689 688/688/688 696/696/696
f 696/696/696 688/688/688 695/695/695
f 690/690/690 689/689/689 697/697/697
f 697/697/697 689/689/689 696/696/696
f 691/691/691 690/690/690 698/698/698
f 698/698/698 690/690/690 697/697/697
f 692/692/692 684/684/684 699/699/699
f 684/684/684 683/683/683 699/699/699
f 699/699/699 683/683/683 700/700/700
f 683/683/683 682/682/682 700/700/700
f 700/700/700 682/682/682 701/701/701
f 682/682/682 681/681/681 701/701/701
f 701/701/701 681/681/681 702/702/702
f 681/681/681 680/680/680 702/702/702
f 702/702/702 680/680/680 703/703/703
f 680/680/680 679/679/679 703/703/703
f 703/703/703 679/679/679 704/704/704
f 679/679/679 678/678/678 704/704/704
f 704/704/704 678/678/678 705/705/705
f 678/678/678 677/677/677 705/705/705
f 705/705/705 677/677/677 706/706/706
f 677/677/677 676/676/676 706/706/706
f 706/706/706 676/676/676 707/707/707
f 676/676/676 675/675/675 707/707/707
f 707/707/707 675/675/675 708/708/708
f 675/675/675 674/674/674 708/708/708
f 708/708/708 674/674/674 709/709/709
f 674/674/674 673/673/673 709/709/709
f 709/709/709 673/673/673 710/710/710
f 673/673/673 672/672/672 710/710/710
f 710/710/710 672/672/672 711/711/711
f 672/672/672 671/671/671 711/711/711
f 711/711/711 671/671/671 712/712/712
f 671/671/671 670/670/670 712/712/712
f 712/712/712 670/670/670 713/713/713
f 670/670/670 669/669/669 713/713/713
f 669/669/669 714/714/714 713/713/713
f 669/669/669 715/715/715 714/714/714
f 715/715/715 716/716/716 714/714/714
f 715/715/715 717/717/717 716/716/716
f 714/714/714 716/716/716 718/718/718
f 714/714/714 718/718/718 713/713/713
f 712/712/712 713/713/713 718/718/718
f 711/711/711 712/712/712 719/719/719
f 719/719/719 712/712/712 718/718/718
f 710/710/710 711/711/711 720/720/720
f 720/720/720 711/711/711 719/719/719
f 721/721/721 710/710/710 720/720/720
f 709/709/709 710/710/710 721/721/721
f 722/722/722 709/709/709 721/721/721
f 708/708/708 709/709/709 722/722/722
f 723/723/723 708/708/708 722/722/722
f 707/707/707 708/708/708 723/723/723
f 724/724/724 707/707/707 723/723/723
f 706/706/706 707/707/707 724/724/724
f 725/725/725 706/706/706 724/724/724
f 705/705/705 706/706/706 725/725/725
f 726/726/726 705/705/705 725/725/725
f 704/704/704 705/705/705 726/726/726
f 727/727/727 704/704/704 726/726/726
f 703/703/703 704/704/704 727/727/727
f 728/728/728 703/703/703 727/727/727
f 702/702/702 703/703/703 728/728/728
f 729/729/729 702/702/702 728/728/728
f 701/701/701 702/702/702 729/729/729
f 730/730/730 701/701/701 729/729/729
f 700/700/700 701/701/701 730/730/730
f 731/731/731 700/700/700 730/730/730
f 699/699/699 700/700/700 731/731/731
f 732/732/732 699/699/699 731/731/731
f 692/692/692 699/699/699 732/732/732
f 733/733/733 692/692/692 732/732/732
f 693/693/693 692/692/692 733/733/733
f 734/734/734 693/693/693 733/733/733
f 694/694/694 693/693/693 734/734/734
f 735/735/735 694/694/694 734/734/734
f 695/695/695 694/694/694 735/735/735
f 736/736/736 695/695/695 735/735/735
f 696/696/696 695/695/695 736/736/736
f 737/737/737 696/696/696 736/736/736
f 697/697/697 696/696/696 737/737/737
f 738/738/738 697/697/697 737/737/737
f 698/698/698 697/697/697 738/738/738
f 732/732/732 731/731/731 739/739/739
f 733/733/733 732/732/732 740/740/740
f 740/740/740 732/732/732 739/739/739
f 734/734/734 733/733/733 741/741/741
f 741/741/741 733/733/733 740/740/740
f 735/735/735 734/734/734 742/742/742
f 742/742/742 734/734/734 741/741/741
f 736/736/736 735/735/735 743/743/743
f 743/743/743 735/735/735 742/742/742
f 737/737/737 736/736/736 744/744/744
f 744/744/744 736/736/736 743/743/743
f 738/738/738 737/737/737 745/745/745
f 745/745/745 737/737/737 744/744/744
f 739/739/739 731/731/731 746/746/746
f 731/731/731 730/730/730 746/746/746
f 746/746/746 730/730/730 747/747/747
f 730/730/730 729/729/729 747/747/747
f 747/747/747 729/729/729 748/748/748
f 729/729/729 728/728/728 748/748/748
f 748/748/748 728/728/728 749/749/749
f 728/728/728 727/727/727 749/749/749
f 749/749/749 727/727/727 750/750/750
f 727/727/727 726/726/726 750/750/750
f 750/750/750 726/726/726 751/751/751
f 726/726/726 725/725/725 751/751/751
f 751/751/751 725/725/725 752/752/752
f 725/725/725 724/724/724 752/752/752
f 752/752/752 724/724/724 753/753/753
f 724/724/724 723/723/723 753/753/753
f 753/753/753 723/723/723 754/754/754
f 723/723/723 722/722/722 754/754/754
f 754/754/754 722/722/722 755/755/755
f 722/722/722 721/721/721 755/755/755
f 755/755/755 721/721/721 756/756/756
f 721/721/721 720/720/720 756/756/756
f 756/756/756 720/720/720 757/757/757
f 720/720/720 719/719/719 757/757/757
f 757/757/757 719/719/719 758/758/758
f 719/719/719 718/718/718 758/758/758
f 718/718/718 759/759/759 758/758/758
f 718/718/718 760/760/760 759/759/759
f 760/760/760 761/761/761 759/759/759
f 760/760/760 762/762/762 761/761/761
f 759/759/759 761/761/761 763/763/763
f 759/759/759 763/763/763 758/758/758
f 757/757/757 758/758/758 763/763/763
f 756/756/756 757/757/757 764/764/764
f 764/764/764 757/757/757 763/763/763
f 755/755/755 756/756/756 765/765/765
f 765/765/765 756/756/756 764/764/764
f 766/766/766 755/755/755 765/765/765
f 754/754/754 755/755/755 766/766/766
f 767/767/767 754/754/754 766/766/766
f 753/753/753 754/754/754 767/767/767
f 768/768/768 753/753/753 767/767/767
f 752/752/752 753/753/753 768/768/768
f 769/769/769 752/752/752 768/768/768
f 751/751/751 752/752/752 769/769/769
f 770/770/770 751/751/751 769/769/769
f 750/750/750 751/751/751 770/770/770
f 771/771/771 750/750/750 770/770/770
f 749/749/749 750/750/750 771/771/771
f 772/772/772 749/749/749 771/771/771
f 748/748/748 749/749/749 772/772/772
f 773/773/773 748/748/748 772/772/772
f 747/747/747 748/748/748 773/773/773
f 774/774/774 747/747/747 773/773/773
f 746/746/746 747/747/747 774/774/774
f 775/775/775 746/746/746 774/774/774
f 739/739/739 746/746/746 775/775/775
f 776/776/776 739/739/739 775/775/775
f 740/740/740 739/739/739 776/776/776
f 777/777/777 740/740/740 776/776/776
f 741/741/741 740/740/740 777/777/777
f 778/778/778 741/741/741 777/777/777
f 742/742/742 741/741/741 778/778/778
f 779/779/779 742/742/742 778/778/778
f 743/743/743 742/742/742 779/779/779
f 780/780/780 743/743/743 779/779/779
f 744/744/744 743/743/743 780/780/780
f 781/781/781 744/744/744 780/780/780
f 745/745/745 744/744/744 781/781/781
f 775/775/775 774/774/774 782/782/782
f 776/776/776 775/775/775 783/783/783
f 783/783/783 775/775/775 782/782/782
f 777/777/777 776/776/776 784/784/784
f 784/784/784 776/776/776 783/783/783
f 778/778/778 777/777/777 785/785/785
f 785/785/785 777/777/777 784/784/784
f 779/779/779 778/778/778 786/786/786
f 786/786/786 778/778/778 785/785/785
f 780/780/780 779/779/779 787/787/787
f 787/787/787 779/779/779 786/786/786
f 781/781/781 780/780/780 788/788/788
f 788/788/788 780/780/780 787/787/787
f 782/782/782 774/774/774 789/789/789
f 774/774/774 773/773/773 789/789/789
f 789/789/789 773/773/773 790/790/790
f 773/773/773 772/772/772 790/790/790
f 790/790/790 772/772/772 791/791/791
f 772/772/772 771/771/771 791/791/791
f 791/791/791 771/771/771 792/792/792
f 771/771/771 770/770/770 792/792/792
f 792/792/792 770/770/770 793/793/793
f 770/770/770 769/769/769 793/793/793
f 793/793/793 769/769/769 794/794/794
f 769/769/769 768/768/768 794/794/794
f 794/794/794 768/768/768 795/795/795
f 768/768/768 767/767/767 795/795/795
f 795/795/795 767/767/767 796/796/796
f 767/767/767 766/766/766 796/796/796
f 796/796/796 766/766/766 797/797/797
f 766/766/766 765/765/765 797/797/797
f 797/797/797 765/765/765 798/798/798
f 765/765/765 764/764/764 798/798/798
f 798/798/798 764/764/764 799/799/799
f 764/764/764 763/763/763 799/799/799
f 763/763/763 800/800/800 799/799/799
f 763/763/763 801/801/801 800/800/800
f 801/801/801 802/802/802 800/800/800
f 801/801/801 803/803/803 802/802/802
f 800/800/800 802/802/802 804/804/804
f 800/800/800 804/804/804 799/799/799
f 798/798/798 799/799/799 804/804/804
f 797/797/797 798/798/798 805/805/805
f 805/805/805 798/798/798 804/804/804
f 796/796/796 797/797/797 806/806/806
f 806/806/806 797/797/797 805/805/805
f 807/807/807 796/796/796 806/806/806
f 795/795/795 796/796/796 807/807/807
f 808/808/808 795/795/795 807/807/807
f 794/794/794 795/795/795 808/808/808
f 809/809/809 794/794/794 808/808/808
f 793/793/793 794/794/794 809/809/809
f 810/810/810 793/793/793 809/809/809
f 792/792/792 793/793/793 810/810/810
f 811/811/811 792/792/792 810/810/810
f 791/791/791 792/792/792 811/811/811
f 812/812/812 791/791/791 811/811/811
f 790/790/790 791/791/791 812/812/812
f 813/813/813 790/790/790 812/812/812
f 789/789/789 790/790/790 813/813/813
f 814/814/814 789/789/789 813/813/813
f 782/782/782 789/789/789 814/814/814
f 815/815/815 782/782/782 814/814/814
f 783/783/783 782/782/782 815/815/815
f 816/816/816 783/783/783 815/815/815
f 784/784/784 783/783/783 816/816/816
f 817/817/817 784/784/784 816/816/816
f 785/785/785 784/784/784 817/817/817
f 818/818/818 785/785/785 817/817/817
f 786/786/786 785/785/785 818/818/818
f 819/819/819 786/786/786 818/818/818
f 787/787/787 786/786/786 819/819/819
f 820/820/820 787/787/787 819/819/819
f 788/788/788 787/787/787 820/820/820
f 814/814/814 813/813/813 821/821/821
f 815/815/815 814/814/814 822/822/822
f 822/822/822 814/814/814 821/821/821
f 816/816/816 815/815/815 823/823/823
f 823/823/823 815/815/815 822/822/822
f 817/817/817 816/816/816 824/824/824
f 824/824/824 816/816/816 823/823/823
f 818/818/818 817/817/817 825/825/825
f 825/825/825 817/817/817 824/824/824
f 819/819/819 818/818/818 826/826/826
f 826/826/826 818/818/818 825/825/825
f 820/820/820 819/819/819 827/827/827
f 827/827/827 819/819/819 826/826/826
f 821/821/821 813/813/813 828/828/828
f 813/813/813 812/812/812 828/828/828
f 828/828/828 812/812/812 829/829/829
f 812/812/812 811/811/811 829/829/829
f 829/829/829 811/811/811 830/830/830
f 811/811/811 810/810/810 830/830/830
f 830/830/830 810/810/810 831/831/831
f 810/810/810 809/809/809 831/831/831
f 831/831/831 809/809/809 832/832/832
f 809/809/809 808/808/808 832/832/832
f 832/832/832 808/808/808 833/833/833
f 808/808/808 807/807/807 833/833/833
f 833/833/833 807/807/807 834/834/834
f 807/807/807 806/806/806 834/834/834
f 834/834/834 806/806/806 835/835/835
f 806/806/806 805/805/805 835/835/835
f 835/835/835 805/805/805 836/836/836
f 805/805/805 804/804/804 836/836/836
f 804/804/804 837/837/837 836/836/836
f 804/804/804 838/838/838 837/837/837
f 838/838/838 839/839/839 837/837/837
f 838/838/838 840/840/840 839/839/839
f 837/837/837 839/839/839 841/841/841
f 837/837/837 841/841/841 836/836/836
f 835/835/835 836/836/836 841/841/841
f 834/834/834 835/835/835 842/842/842
f 842/842/842 835/835/835 841/841/841
f 833/833/833 834/834/834 843/843/843
f 843/843/843 834/834/834 842/842/842
f 844/844/844 833/833/833 843/843/843
f 832/832/832 833/833/833 844/844/844
f 845/845/845 832/832/832 844/844/844
f 831/831/831 832/832/832 845/845/845
f 846/846/846 831/831/831 845/845/845
f 830/830/830 831/831/831 846/846/846
f 847/847/847 830/830/830 846/846/846
f 829/829/829 830/830/830 847/847/847
f 848/848/848 829/829/829 847/847/847
f 828/828/828 829/829/829 848/848/848
f 849/849/849 828/828/828 848/848/848
f 821/821/821 828/828/828 849/849/849
f 850/850/850 821/821/821 849/849/849
f 822/822/822 821/821/821 850/850/850
f 851/851/851 822/822/822 850/850/850
f 823/823/823 822/822/822 851/851/851
f 852/852/852 823/823/823 851/851/851
f 824/824/824 823/823/823 852/852/852
f 853/853/853 824/824/824 852/852/852
f 825/825/825 824/824/824 853/853/853
f 854/854/854 825/825/825 853/853/853
f 826/826/826 825/825/825 854/854/854
f 855/855/855 826/826/826 854/854/854
f 827/827/827 826/826/826 855/855/855
f 849/849/849 848/848/848 856/856/856
f 850/850/850 849/849/849 857/857/857
f 857/857/857 849/849/849 856/856/856
f 851/851/851 850/850/850 858/858/858
f 858/858/858 850/850/850 857/857/857
f 852/852/852 851/851/851 859/859/859
f 859/859/859 851/851/851 858/858/858
f 853/853/853 852/852/852 860/860/860
f 860/860/860 852/852/852 859/859/859
f 854/854/854 853/853/853 861/861/861
f 861/861/861 853/853/853 860/860/860
f 855/855/855 854/854/854 862/862/862
f 862/862/862 854/854/854 861/861/861
f 856/856/856 848/848/848 863/863/863
f 848/848/848 847/847/847 863/863/863
f 863/863/863 847/847/847 864/864/864
f 847/847/847 846/846/846 864/864/864
f 864/864/864 846/846/846 865/865/865
f 846/846/846 845/845/845 865/865/865
f 865/865/865 845/845/845 866/866/866
f 845/845/845 844/844/844 866/866/866
f 866/866/866 844/844/844 867/867/867
f 844/844/844 843/843/843 867/867/867
f 867/867/867 843/843/843 868/868/868
f 843/843/843 842/842/842 868/868/868
f 868/868/868 842/842/842 869/869/869
f 842/842/842 841/841/841 869/869/869
f 841/841/841 870/870/870 869/869/869
f 841/841/841 871/871/871 870/870/870
f 871/871/871 872/872/872 870/870/870
f 871/871/871 873/873/873 872/872/872
f 870/870/870 872/872/872 874/874/874
f 870/870/870 874/874/874 869/869/869
f 868/868/868 869/869/869 874/874/874
f 867/867/867 868/868/868 875/875/875
f 875/875/875 868/868/868 874/874/874
f 866/866/866 867/867/867 876/876/876
f 876/876/876 867/867/867 875/875/875
f 877/877/877 866/866/866 876/876/876
f 865/865/865 866/866/866 877/877/877
f 878/878/878 865/865/865 877/877/877
f 864/864/864 865/865/865 878/878/878
f 879/879/879 864/864/864 878/878/878
f 863/863/863 864/864/864 879/879/879
f 880/880/880 863/863/863 879/879/879
f 856/856/856 863/863/863 880/880/880
f 881/881/881 856/856/856 880/880/880
f 857/857/857 856/856/856 881/881/881
f 882/882/882 857/857/857 881/881/881
f 858/858/858 857/857/857 882/882/882
f 883/883/883 858/858/858 882/882/882
f 859/859/859 858/858/858 883/883/883
f 884/884/884 859/859/859 883/883/883
f 860/860/860 859/859/859 884/884/884
f 885/885/885 860/860/860 884/884/884
f 861/861/861 860/860/860 885/885/885
f 886/886/886 861/861/861 885/885/885
f 862/862/862 861/861/861 886/886/886
f 880/880/880 879/879/879 887/887/887
f 881/881/881 880/880/880 888/888/888
f 888/888/888 880/880/880 887/887/887
f 882/882/882 881/881/881 889/889/889
f 889/889/889 881/881/881 888/888/888
f 883/883/883 882/882/882 890/890/890
f 890/890/890 882/882/882 889/889/889
f 884/884/884 883/883/883 891/891/891
f 891/891/891 883/883/883 890/890/890
f 885/885/885 884/884/884 892/892/892
f 892/892/892 884/884/884 891/891/891
f 886/886/886 885/885/885 893/893/893
f 893/893/893 885/885/885 892/892/892
f 887/887/887 879/879/879 894/894/894
f 879/879/879 878/878/878 894/894/894
f 894/894/894 878/878/878 895/895/895
f 878/878/878 877/877/877 895/895/895
f 895/895/895 877/877/877 896/896/896
f 877/877/877 876/876/876 896/896/896
f 896/896/896 876/876/876 897/897/897
f 876/876/876 875/875/875 897/897/897
f 897/897/897 875/875/875 898/898/898
f 875/875/875 874/874/874 898/898/898
f 874/874/874 899/899/899 898/898/898
f 874/874/874 900/900/900 899/899/899
f 900/900/900 901/901/901 899/899/899
f 900/900/900 902/902/902 901/901/901
f 899/899/899 901/901/901 903/903/903
f 899/899/899 903/903/903 898/898/898
f 897/897/897 898/898/898 903/903/903
f 896/896/896 897/897/897 904/904/904
f 904/904/904 897/897/897 903/903/903
f 895/895/895 896/896/896 905/905/905
f 905/905/905 896/896/896 904/904/904
f 906/906/906 895/895/895 905/905/905
f 894/894/894 895/895/895 906/906/906
f 907/907/907 894/894/894 906/906/906
f 887/887/887 894/894/894 907/907/907
f 908/908/908 887/887/887 907/907/907
f 888/888/888 887/887/887 908/908/908
f 909/909/909 888/888/888 908/908/908
f 889/889/889 888/888/888 909/909/909
f 910/910/910 889/889/889 909/909/909
f 890/890/890 889/889/889 910/910/910
f 911/911/911 890/890/890 910/910/910
f 891/891/891 890/890/890 911/911/911
f 912/912/912 891/891/891 911/911/911
f 892/892/892 891/891/891 912/912/912
f 913/913/913 892/892/892 912/912/912
f 893/893/893 892/892/892 913/913/913
f 907/907/907 906/906/906 914/914/914
f 908/908/908 907/907/907 915/915/915
f 915/915/915 907/907/907 914/914/914
f 909/909/909 908/908/908 916/916/916
f 916/916/916 908/908/908 915/915/915
f 910/910/910 909/909/909 917/917/917
f 917/917/917 909/909/909 916/916/916
f 911/911/911 910/910/910 918/918/918
f 918/918/918 910/910/910 917/917/917
f 912/912/912 911/911/911 919/919/919
f 919/919/919 911/911/911 918/918/918
f 913/913/913 912/912/912 920/920/920
f 920/920/920 912/912/912 919/919/919
f 914/914/914 906/906/906 921/921/921
f 906/906/906 905/905/905 921/921/921
f 921/921/921 905/905/905 922/922/922
f 905/905/905 904/904/904 922/922/922
f 922/922/922 904/904/904 923/923/923
f 904/904/904 903/903/903 923/923/923
f 903/903/903 924/924/924 923/923/923
f 903/903/903 925/925/925 924/924/924
f 925/925/925 926/926/926 924/924/924
f 925/925/925 927/927/927 926/926/926
f 924/924/924 926/926/926 928/928/928
f 924/924/924 928/928/928 923/923/923
f 922/922/922 923/923/923 928/928/928
f 921/921/921 922/922/922 929/929/929
f 929/929/929 922/922/922 928/928/928
f 914/914/914 921/921/921 930/930/930
f 930/930/930 921/921/921 929/929/929
f 931/931/931 914/914/914 930/930/930
f 915/915/915 914/914/914 931/931/931
f 932/932/932 915/915/915 931/931/931
f 916/916/916 915/915/915 932/932/932
f 933/933/933 916/916/916 932/932/932
f 917/917/917 916/916/916 933/933/933
f 934/934/934 917/917/917 933/933/933
f 918/918/918 917/917/917 934/934/934
f 935/935/935 918/918/918 934/934/934
f 919/919/919 918/918/918 935/935/935
f 936/936/936 919/919/919 935/935/935
f 920/920/920 919/919/919 936/936/936
f 930/930/930 929/929/929 937/937/937
f 931/931/931 930/930/930 938/938/938
f 938/938/938 930/930/930 937/937/937
f 932/932/932 931/931/931 939/939/939
f 939/939/939 931/931/931 938/938/938
f 933/933/933 932/932/932 940/940/940
f 940/940/940 932/932/932 939/939/939
f 934/934/934 933/933/933 941/941/941
f 941/941/941 933/933/933 940/940/940
f 935/935/935 934/934/934 942/942/942
f 942/942/942 934/934/934 941/941/941
f 936/936/936 935/935/935 943/943/943
f 943/943/943 935/935/935 942/942/942
f 937/937/937 929/929/929 944/944/944
f 929/929/929 928/928/928 944/944/944
f 928/928/928 945/945/945 944/944/944
f 928/928/928 946/946/946 945/945/945
f 946/946/946 947/947/947 945/945/945
f 946/946/946 948/948/948 947/947/947
f 945/945/945 947/947/947 949/949/949
f 945/945/945 949/949/949 944/944/944
f 937/937/937 944/944/944 949/949/949
f 950/950/950 937/937/937 949/949/949
f 938/938/938 937/937/937 950/950/950
f 951/951/951 938/938/938 950/950/950
f 939/939/939 938/938/938 951/951/951
f 952/952/952 939/939/939 951/951/951
f 940/940/940 939/939/939 952/952/952
f 953/953/953 940/940/940 952/952/952
f 941/941/941 940/940/940 953/953/953
f 954/954/954 941/941/941 953/953/953
f 942/942/942 941/941/941 954/954/954
f 955/955/955 942/942/942 954/954/954
f 943/943/943 942/942/942 955/955/955
f 950/950/950 949/949/949 956/956/956
f 951/951/951 950/950/950 957/957/957
f 957/957/957 950/950/950 956/956/956
f 952/952/952 951/951/951 958/958/958
f 958/958/958 951/951/951 957/957/957
f 953/953/953 952/952/952 959/959/959
f 959/959/959 952/952/952 958/958/958
f 954/954/954 953/953/953 960/960/960
f 960/960/960 953/953/953 959/959/959
f 949/949/949 961/961/961 956/956/956
f 949/949/949 962/962/962 961/961/961
f 962/962/962 963/963/963 961/961/961
f 962/962/962 964/964/964 963/963/963
f 961/961/961 963/963/963 965/965/965
f 961/961/961 965/965/965 956/956/956
f 957/957/957 956/956/956 965/965/965
f 958/958/958 957/957/957 966/966/966
f 966/966/966 957/957/957 965/965/965
f 959/959/959 958/958/958 967/967/967
f 967/967/967 958/958/958 966/966/966
f 968/968/968 954/954/954 960/960/960
f 955/955/955 954/954/954 968/968/968
f 960/960/960 959/959/959 969/969/969
f 969/969/969 959/959/959 967/967/967
f 968/968/968 960/960/960 970/970/970
f 970/970/970 960/960/960 969/969/969
f 966/966/966 965/965/965 971/971/971
f 967/967/967 966/966/966 972/972/972
f 972/972/972 966/966/966 971/971/971
f 969/969/969 967/967/967 973/973/973
f 973/973/973 967/967/967 972/972/972
f 965/965/965 974/974/974 971/971/971
f 965/965/965 975/975/975 974/974/974
f 975/975/975 976/976/976 974/974/974
f 975/975/975 977/977/977 976/976/976
f 974/974/974 976/976/976 978/978/978
f 974/974/974 978/978/978 971/971/971
f 972/972/972 971/971/971 978/978/978
f 970/970/970 969/969/969 979/979/979
f 979/979/979 969/969/969 973/973/973
f 973/973/973 972/972/972 980/980/980
f 980/980/980 972/972/972 978/978/978
f 979/979/979 973/973/973 981/981/981
f 981/981/981 973/973/973 980/980/980
f 982/982/982 970/970/970 979/979/979
f 983/983/983 979/979/979 981/981/981
f 982/982/982 979/979/979 983/983/983
f 984/984/984 970/970/970 982/982/982
f 984/984/984 968/968/968 970/970/970
f 985/985/985 968/968/968 984/984/984
f 985/985/985 955/955/955 968/968/968
f 986/986/986 955/955/955 985/985/985
f 986/986/986 943/943/943 955/955/955
f 987/987/987 943/943/943 986/986/986
f 987/987/987 936/936/936 943/943/943
f 988/988/988 936/936/936 987/987/987
f 988/988/988 920/920/920 936/936/936
f 989/989/989 920/920/920 988/988/988
f 989/989/989 913/913/913 920/920/920
f 990/990/990 913/913/913 989/989/989
f 990/990/990 893/893/893 913/913/913
f 991/991/991 893/893/893 990/990/990
f 991/991/991 886/886/886 893/893/893
f 992/992/992 886/886/886 991/991/991
f 992/992/992 862/862/862 886/886/886
f 993/993/993 862/862/862 992/992/992
f 993/993/993 855/855/855 862/862/862
f 994/994/994 855/855/855 993/993/993
f 994/994/994 827/827/827 855/855/855
f 995/995/995 827/827/827 994/994/994
f 995/995/995 820/820/820 827/827/827
f 996/996/996 820/820/820 995/995/995
f 996/996/996 788/788/788 820/820/820
f 997/997/997 788/788/788 996/996/996
f 997/997/997 781/781/781 788/788/788
f 998/998/998 781/781/781 997/997/997
f 998/998/998 745/745/745 781/781/781
f 999/999/999 745/745/745 998/998/998
f 999/999/999 738/738/738 745/745/745
f 1000/1000/1000 738/738/738 999/999/999
f 1000/1000/1000 698/698/698 738/738/738
f 1001/1001/1001 698/698/698 1000/1000/1000
f 1001/1001/1001 691/691/691 698/698/698
f 1002/1002/1002 691/691/691 1001/1001/1001
f 1002/1002/1002 642/642/642 691/691/691
f 1003/1003/1003 642/642/642 1002/1002/1002
f 1003/1003/1003 640/640/640 642/642/642
f 1004/1004/1004 640/640/640 1003/1003/1003
f 1004/1004/1004 639/639/639 640/640/640
f 1005/1005/1005 639/639/639 1004/1004/1004
f 1005/1005/1005 638/638/638 639/639/639
f 1006/1006/1006 638/638/638 1005/1005/1005
f 1006/1006/1006 637/637/637 638/638/638
f 1007/1007/1007 637/637/637 1006/1006/1006
f 1007/1007/1007 1008/1008/1008 637/637/637
f 1009/1009/1009 1008/1008/1008 1007/1007/1007
f 1009/1009/1009 1007/1007/1007 1006/1006/1006
f 1009/1009/1009 1010/1010/1010 1008/1008/1008
f 1009/1009/1009 1006/1006/1006 1011/1011/1011
f 1011/1011/1011 1006/1006/1006 1005/1005/1005
f 1012/1012/1012 1005/1005/1005 1004/1004/1004
f 1011/1011/1011 1005/1005/1005 1012/1012/1012
f 1013/1013/1013 1004/1004/1004 1003/1003/1003
f 1012/1012/1012 1004/1004/1004 1013/1013/1013
f 1013/1013/1013 1003/1003/1003 1014/1014/1014
f 1014/1014/1014 1003/1003/1003 1002/1002/1002
f 1014/1014/1014 1002/1002/1002 1015/1015/1015
f 1015/1015/1015 1002/1002/1002 1001/1001/1001
f 1015/1015/1015 1001/1001/1001 1016/1016/1016
f 1016/1016/1016 1001/1001/1001 1000/1000/1000
f 1016/1016/1016 1000/1000/1000 1017/1017/1017
f 1017/1017/1017 1000/1000/1000 999/999/999
f 1017/1017/1017 999/999/999 1018/1018/1018
f 1018/1018/1018 999/999/999 998/998/998
f 1018/1018/1018 998/998/998 1019/1019/1019
f 1019/1019/1019 998/998/998 997/997/997
f 1019/1019/1019 997/997/997 1020/1020/1020
f 1020/1020/1020 997/997/997 996/996/996
f 1020/1020/1020 996/996/996 1021/1021/1021
f 1021/1021/1021 996/996/996 995/995/995
f 1021/1021/1021 995/995/995 1022/1022/1022
f 1022/1022/1022 995/995/995 994/994/994
f 1022/1022/1022 994/994/994 1023/1023/1023
f 1023/1023/1023 994/994/994 993/993/993
f 1023/1023/1023 993/993/993 1024/1024/1024
f 1024/1024/1024 993/993/993 992/992/992
f 1024/1024/1024 992/992/992 1025/1025/1025
f 1025/1025/1025 992/992/992 991/991/991
f 1025/1025/1025 991/991/991 1026/1026/1026
f 1026/1026/1026 991/991/991 990/990/990
f 1026/1026/1026 990/990/990 1027/1027/1027
f 1027/1027/1027 990/990/990 989/989/989
f 1027/1027/1027 989/989/989 1028/1028/1028
f 1028/1028/1028 989/989/989 988/988/988
f 1028/1028/1028 988/988/988 1029/1029/1029
f 1029/1029/1029 988/988/988 987/987/987
f 1029/1029/1029 987/987/987 1030/1030/1030
f 1030/1030/1030 987/987/987 986/986/986
f 1030/1030/1030 986/986/986 1031/1031/1031
f 1031/1031/1031 986/986/986 985/985/985
f 1031/1031/1031 985/985/985 1032/1032/1032
f 1032/1032/1032 985/985/985 984/984/984
f 1032/1032/1032 984/984/984 1033/1033/1033
f 1033/1033/1033 984/984/984 982/982/982
f 1033/1033/1033 982/982/982 1034/1034/1034
f 1034/1034/1034 982/982/982 983/983/983
f 1035/1035/1035 1027/1027/1027 1028/1028/1028
f 1036/1036/1036 1028/1028/1028 1029/1029/1029
f 1035/1035/1035 1028/1028/1028 1036/1036/1036
f 1037/1037/1037 1029/1029/1029 1030/1030/1030
f 1036/1036/1036 1029/1029/1029 1037/1037/1037
f 1038/1038/1038 1030/1030/1030 1031/1031/1031
f 1037/1037/1037 1030/1030/1030 1038/1038/1038
f 1039/1039/1039 1031/1031/1031 1032/1032/1032
f 1038/1038/1038 1031/1031/1031 1039/1039/1039
f 1040/1040/1040 1032/1032/1032 1033/1033/1033
f 1039/1039/1039 1032/1032/1032 1040/1040/1040
f 1041/1041/1041 1033/1033/1033 1034/1034/1034
f 1040/1040/1040 1033/1033/1033 1041/1041/1041
f 1042/1042/1042 1027/1027/1027 1035/1035/1035
f 1042/1042/1042 1026/1026/1026 1027/1027/1027
f 1043/1043/1043 1026/1026/1026 1042/1042/1042
f 1043/1043/1043 1025/1025/1025 1026/1026/1026
f 1044/1044/1044 1025/1025/1025 1043/1043/1043
f 1044/1044/1044 1024/1024/1024 1025/1025/1025
f 1045/1045/1045 1024/1024/1024 1044/1044/1044
f 1045/1045/1045 1023/1023/1023 1024/1024/1024
f 1046/1046/1046 1023/1023/1023 1045/1045/1045
f 1046/1046/1046 1022/1022/1022 1023/1023/1023
f 1047/1047/1047 1022/1022/1022 1046/1046/1046
f 1047/1047/1047 1021/1021/1021 1022/1022/1022
f 1048/1048/1048 1021/1021/1021 1047/1047/1047
f 1048/1048/1048 1020/1020/1020 1021/1021/1021
f 1049/1049/1049 1020/1020/1020 1048/1048/1048
f 1049/1049/1049 1019/1019/1019 1020/1020/1020
f 1050/1050/1050 1019/1019/1019 1049/1049/1049
f 1050/1050/1050 1018/1018/1018 1019/1019/1019
f 1051/1051/1051 1018/1018/1018 1050/1050/1050
f 1051/1051/1051 1017/1017/1017 1018/1018/1018
f 1052/1052/1052 1017/1017/1017 1051/1051/1051
f 1052/1052/1052 1016/1016/1016 1017/1017/1017
f 1053/1053/1053 1016/1016/1016 1052/1052/1052
f 1053/1053/1053 1015/1015/1015 1016/1016/1016
f 1054/1054/1054 1015/1015/1015 1053/1053/1053
f 1054/1054/1054 1014/1014/1014 1015/1015/1015
f 1055/1055/1055 1014/1014/1014 1054/1054/1054
f 1055/1055/1055 1013/1013/1013 1014/1014/1014
f 1056/1056/1056 1013/1013/1013 1055/1055/1055
f 1056/1056/1056 1012/1012/1012 1013/1013/1013
f 1057/1057/1057 1012/1012/1012 1056/1056/1056
f 1057/1057/1057 1011/1011/1011 1012/1012/1012
f 1058/1058/1058 1011/1011/1011 1057/1057/1057
f 1058/1058/1058 1059/1059/1059 1011/1011/1011
f 1060/1060/1060 1059/1059/1059 1058/1058/1058
f 1060/1060/1060 1058/1058/1058 1057/1057/1057
f 1060/1060/1060 1061/1061/1061 1059/1059/1059
f 1060/1060/1060 1057/1057/1057 1062/1062/1062
f 1062/1062/1062 1057/1057/1057 1056/1056/1056
f 1063/1063/1063 1056/1056/1056 1055/1055/1055
f 1062/1062/1062 1056/1056/1056 1063/1063/1063
f 1064/1064/1064 1055/1055/1055 1054/1054/1054
f 1063/1063/1063 1055/1055/1055 1064/1064/1064
f 1064/1064/1064 1054/1054/1054 1065/1065/1065
f 1065/1065/1065 1054/1054/1054 1053/1053/1053
f 1065/1065/1065 1053/1053/1053 1066/1066/1066
f 1066/1066/1066 1053/1053/1053 1052/1052/1052
f 1066/1066/1066 1052/1052/1052 1067/1067/1067
f 1067/1067/1067 1052/1052/1052 1051/1051/1051
f 1067/1067/1067 1051/1051/1051 1068/1068/1068
f 1068/1068/1068 1051/1051/1051 1050/1050/1050
f 1068/1068/1068 1050/1050/1050 1069/1069/1069
f 1069/1069/1069 1050/1050/1050 1049/1049/1049
f 1069/1069/1069 1049/1049/1049 1070/1070/1070
f 1070/1070/1070 1049/1049/1049 1048/1048/1048
f 1070/1070/1070 1048/1048/1048 1071/1071/1071
f 1071/1071/1071 1048/1048/1048 1047/1047/1047
f 1071/1071/1071 1047/1047/1047 1072/1072/1072
f 1072/1072/1072 1047/1047/1047 1046/1046/1046
f 1072/1072/1072 1046/1046/1046 1073/1073/1073
f 1073/1073/1073 1046/1046/1046 1045/1045/1045
f 1073/1073/1073 1045/1045/1045 1074/1074/1074
f 1074/1074/1074 1045/1045/1045 1044/1044/1044
f 1074/1074/1074 1044/1044/1044 1075/1075/1075
f 1075/1075/1075 1044/1044/1044 1043/1043/1043
f 1075/1075/1075 1043/1043/1043 1076/1076/1076
f 1076/1076/1076 1043/1043/1043 1042/1042/1042
f 1076/1076/1076 1042/1042/1042 1077/1077/1077
f 1077/1077/1077 1042/1042/1042 1035/1035/1035
f 1077/1077/1077 1035/1035/1035 1078/1078/1078
f 1078/1078/1078 1035/1035/1035 1036/1036/1036
f 1078/1078/1078 1036/1036/1036 1079/1079/1079
f 1079/1079/1079 1036/1036/1036 1037/1037/1037
f 1079/1079/1079 1037/1037/1037 1080/1080/1080
f 1080/1080/1080 1037/1037/1037 1038/1038/1038
f 1080/1080/1080 1038/1038/1038 1081/1081/1081
f 1081/1081/1081 1038/1038/1038 1039/1039/1039
f 1081/1081/1081 1039/1039/1039 1082/1082/1082
f 1082/1082/1082 1039/1039/1039 1040/1040/1040
f 1082/1082/1082 1040/1040/1040 1083/1083/1083
f 1083/1083/1083 1040/1040/1040 1041/1041/1041
f 1084/1084/1084 1076/1076/1076 1077/1077/1077
f 1085/1085/1085 1077/1077/1077 1078/1078/1078
f 1084/1084/1084 1077/1077/1077 1085/1085/1085
f 1086/1086/1086 1078/1078/1078 1079/1079/1079
f 1085/1085/1085 1078/1078/1078 1086/1086/1086
f 1087/1087/1087 1079/1079/1079 1080/1080/1080
f 1086/1086/1086 1079/1079/1079 1087/1087/1087
f 1088/1088/1088 1080/1080/1080 1081/1081/1081
f 1087/1087/1087 1080/1080/1080 1088/1088/1088
f 1089/1089/1089 1081/1081/1081 1082/1082/1082
f 1088/1088/1088 1081/1081/1081 1089/1089/1089
f 1090/1090/1090 1082/1082/1082 1083/1083/1083
f 1089/1089/1089 1082/1082/1082 1090/1090/1090
f 1091/1091/1091 1076/1076/1076 1084/1084/1084
f 1091/1091/1091 1075/1075/1075 1076/1076/1076
f 1092/1092/1092 1075/1075/1075 1091/1091/1091
f 1092/1092/1092 1074/1074/1074 1075/1075/1075
f 1093/1093/1093 1074/1074/1074 1092/1092/1092
f 1093/1093/1093 1073/1073/1073 1074/1074/1074
f 1094/1094/1094 1073/1073/1073 1093/1093/1093
f 1094/1094/1094 1072/1072/1072 1073/1073/1073
f 1095/1095/1095 1072/1072/1072 1094/1094/1094
f 1095/1095/1095 1071/1071/1071 1072/1072/1072
f 1096/1096/1096 1071/1071/1071 1095/1095/1095
f 1096/1096/1096 1070/1070/1070 1071/1071/1071
f 1097/1097/1097 1070/1070/1070 1096/1096/1096
f 1097/1097/1097 1069/1069/1069 1070/1070/1070
f 1098/1098/1098 1069/1069/1069 1097/1097/1097
f 1098/1098/1098 1068/1068/1068 1069/1069/1069
f 1099/1099/1099 1068/1068/1068 1098/1098/1098
f 1099/1099/1099 1067/1067/1067 1068/1068/1068
f 1100/1100/1100 1067/1067/1067 1099/1099/1099
f 1100/1100/1100 1066/1066/1066 1067/1067/1067
f 1101/1101/1101 1066/1066/1066 1100/1100/1100
f 1101/1101/1101 1065/1065/1065 1066/1066/1066
f 1102/1102/1102 1065/1065/1065 1101/1101/1101
f 1102/1102/1102 1064/1064/1064 1065/1065/1065
f 1103/1103/1103 1064/1064/1064 1102/1102/1102
f 1103/1103/1103 1063/1063/1063 1064/1064/1064
f 1104/1104/1104 1063/1063/1063 1103/1103/1103
f 1104/1104/1104 1062/1062/1062 1063/1063/1063
f 1105/1105/1105 1062/1062/1062 1104/1104/1104
f 1105/1105/1105 1106/1106/1106 1062/1062/1062
f 1107/1107/1107 1106/1106/1106 1105/1105/1105
f 1107/1107/1107 1105/1105/1105 1104/1104/1104
f 1107/1107/1107 1108/1108/1108 1106/1106/1106
f 1107/1107/1107 1104/1104/1104 1109/1109/1109
f 1109/1109/1109 1104/1104/1104 1103/1103/1103
f 1110/1110/1110 1103/1103/1103 1102/1102/1102
f 1109/1109/1109 1103/1103/1103 1110/1110/1110
f 1111/1111/1111 1102/1102/1102 1101/1101/1101
f 1110/1110/1110 1102/1102/1102 1111/1111/1111
f 1111/1111/1111 1101/1101/1101 1112/1112/1112
f 1112/1112/1112 1101/1101/1101 1100/1100/1100
f 1112/1112/1112 1100/1100/1100 1113/1113/1113
f 1113/1113/1113 1100/1100/1100 1099/1099/1099
f 1113/1113/1113 1099/1099/1099 1114/1114/1114
f 1114/1114/1114 1099/1099/1099 1098/1098/1098
f 1114/1114/1114 1098/1098/1098 1115/1115/1115
f 1115/1115/1115 1098/1098/1098 1097/1097/1097
f 1115/1115/1115 1097/1097/1097 1116/1116/1116
f 1116/1116/1116 1097/1097/1097 1096/1096/1096
f 1116/1116/1116 1096/1096/1096 1117/1117/1117
f 1117/1117/1117 1096/1096/1096 1095/1095/1095
f 1117/1117/1117 1095/1095/1095 1118/1118/1118
f 1118/1118/1118 1095/1095/1095 1094/1094/1094
f 1118/1118/1118 1094/1094/1094 1119/1119/1119
f 1119/1119/1119 1094/1094/1094 1093/1093/1093
f 1119/1119/1119 1093/1093/1093 1120/1120/1120
f 1120/1120/1120 1093/1093/1093 1092/1092/1092
f 1120/1120/1120 1092/1092/1092 1121/1121/1121
f 1121/1121/1121 1092/1092/1092 1091/1091/1091
f 1121/1121/1121 1091/1091/1091 1122/1122/1122
f 1122/1122/1122 1091/1091/1091 1084/1084/1084
f 1122/1122/1122 1084/1084/1084 1123/1123/1123
f 1123/1123/1123 1084/1084/1084 1085/1085/1085
f 1123/1123/1123 1085/1085/1085 1124/1124/1124
f 1124/1124/1124 1085/1085/1085 1086/1086/1086
f 1124/1124/1124 1086/1086/1086 1125/1125/1125
f 1125/1125/1125 1086/1086/1086 1087/1087/1087
f 1125/1125/1125 1087/1087/1087 1126/1126/1126
f 1126/1126/1126 1087/1087/1087 1088/1088/1088
f 1126/1126/1126 1088/1088/1088 1127/1127/1127
f 1127/1127/1127 1088/1088/1088 1089/1089/1089
f 1127/1127/1127 1089/1089/1089 1128/1128/1128
f 1128/1128/1128 1089/1089/1089 1090/1090/1090
f 1129/1129/1129 1121/1121/1121 1122/1122/1122
f 1130/1130/1130 1122/1122/1122 1123/1123/1123
f 1129/1129/1129 1122/1122/1122 1130/1130/1130
f 1131/1131/1131 1123/1123/1123 1124/1124/1124
f 1130/1130/1130 1123/1123/1123 1131/1131/1131
f 1132/1132/1132 1124/1124/1124 1125/1125/1125
f 1131/1131/1131 1124/1124/1124 1132/1132/1132
f 1133/1133/1133 1125/1125/1125 1126/1126/1126
f 1132/1132/1132 1125/1125/1125 1133/1133/1133
f 1134/1134/1134 1126/1126/1126 1127/1127/1127
f 1133/1133/1133 1126/1126/1126 1134/1134/1134
f 1135/1135/1135 1127/1127/1127 1128/1128/1128
f 1134/1134/1134 1127/1127/1127 1135/1135/1135
f 1136/1136/1136 1121/1121/1121 1129/1129/1129
f 1136/1136/1136 1120/1120/1120 1121/1121/1121
f 1137/1137/1137 1120/1120/1120 1136/1136/1136
f 1137/1137/1137 1119/1119/1119 1120/1120/1120
f 1138/1138/1138 1119/1119/1119 1137/1137/1137
f 1138/1138/1138 1118/1118/1118 1119/1119/1119
f 1139/1139/1139 1118/1118/1118 1138/1138/1138
f 1139/1139/1139 1117/1117/1117 1118/1118/1118
f 1140/1140/1140 1117/1117/1117 1139/1139/1139
f 1140/1140/1140 1116/1116/1116 1117/1117/1117
f 1141/1141/1141 1116/1116/1116 1140/1140/1140
f 1141/1141/1141 1115/1115/1115 1116/1116/1116
f 1142/1142/1142 1115/1115/1115 1141/1141/1141
f 1142/1142/1142 1114/1114/1114 1115/1115/1115
f 1143/1143/1143 1114/1114/1114 1142/1142/1142
f 1143/1143/1143 1113/1113/1113 1114/1114/1114
f 1144/1144/1144 1113/1113/1113 1143/1143/1143
f 1144/1144/1144 1112/1112/1112 1113/1113/1113
f 1145/1145/1145 1112/1112/1112 1144/1144/1144
f 1145/1145/1145 1111/1111/1111 1112/1112/1112
f 1146/1146/1146 1111/1111/1111 1145/1145/1145
f 1146/1146/1146 1110/1110/1110 1111/1111/1111
f 1147/1147/1147 1110/1110/1110 1146/1146/1146
f 1147/1147/1147 1109/1109/1109 1110/1110/1110
f 1148/1148/1148 1109/1109/1109 1147/1147/1147
f 1148/1148/1148 1149/1149/1149 1109/1109/1109
f 1150/1150/1150 1149/1149/1149 1148/1148/1148
f 1150/1150/1150 1148/1148/1148 1147/1147/1147
f 1150/1150/1150 1151/1151/1151 1149/1149/1149
f 1150/1150/1150 1147/1147/1147 1152/1152/1152
f 1152/1152/1152 1147/1147/1147 1146/1146/1146
f 1153/1153/1153 1146/1146/1146 1145/1145/1145
f 1152/1152/1152 1146/1146/1146 1153/1153/1153
f 1154/1154/1154 1145/1145/1145 1144/1144/1144
f 1153/1153/1153 1145/1145/1145 1154/1154/1154
f 1154/1154/1154 1144/1144/1144 1155/1155/1155
f 1155/1155/1155 1144/1144/1144 1143/1143/1143
f 1155/1155/1155 1143/1143/1143 1156/1156/1156
f 1156/1156/1156 1143/1143/1143 1142/1142/1142
f 1156/1156/1156 1142/1142/1142 1157/1157/1157
f 1157/1157/1157 1142/1142/1142 1141/1141/1141
f 1157/1157/1157 1141/1141/1141 1158/1158/1158
f 1158/1158/1158 1141/1141/1141 1140/1140/1140
f 1158/1158/1158 1140/1140/1140 1159/1159/1159
f 1159/1159/1159 1140/1140/1140 1139/1139/1139
f 1159/1159/1159 1139/1139/1139 1160/1160/1160
f 1160/1160/1160 1139/1139/1139 1138/1138/1138
f 1160/1160/1160 1138/1138/1138 1161/1161/1161
f 1161/1161/1161 1138/1138/1138 1137/1137/1137
f 1161/1161/1161 1137/1137/1137 1162/1162/1162
f 1162/1162/1162 1137/1137/1137 1136/1136/1136
f 1162/1162/1162 1136/1136/1136 1163/1163/1163
f 1163/1163/1163 1136/1136/1136 1129/1129/1129
f 1163/1163/1163 1129/1129/1129 1164/1164/1164
f 1164/1164/1164 1129/1129/1129 1130/1130/1130
f 1164/1164/1164 1130/1130/1130 1165/1165/1165
f 1165/1165/1165 1130/1130/1130 1131/1131/1131
f 1165/1165/1165 1131/1131/1131 1166/1166/1166
f 1166/1166/1166 1131/1131/1131 1132/1132/1132
f 1166/1166/1166 1132/1132/1132 1167/1167/1167
f 1167/1167/1167 1132/1132/1132 1133/1133/1133
f 1167/1167/1167 1133/1133/1133 1168/1168/1168
f 1168/1168/1168 1133/1133/1133 1134/1134/1134
f 1168/1168/1168 1134/1134/1134 1169/1169/1169
f 1169/1169/1169 1134/1134/1134 1135/1135/1135
f 1170/1170/1170 1162/1162/1162 1163/1163/1163
f 1171/1171/1171 1163/1163/1163 1164/1164/1164
f 1170/1170/1170 1163/1163/1163 1171/1171/1171
f 1172/1172/1172 1164/1164/1164 1165/1165/1165
f 1171/1171/1171 1164/1164/1164 1172/1172/1172
f 1173/1173/1173 1165/1165/1165 1166/1166/1166
f 1172/1172/1172 1165/1165/1165 1173/1173/1173
f 1174/1174/1174 1166/1166/1166 1167/1167/1167
f 1173/1173/1173 1166/1166/1166 1174/1174/1174
f 1175/1175/1175 1167/1167/1167 1168/1168/1168
f 1174/1174/1174 1167/1167/1167 1175/1175/1175
f 1176/1176/1176 1168/1168/1168 1169/1169/1169
f 1175/1175/1175 1168/1168/1168 1176/1176/1176
f 1177/1177/1177 1162/1162/1162 1170/1170/1170
f 1177/1177/1177 1161/1161/1161 1162/1162/1162
f 1178/1178/1178 1161/1161/1161 1177/1177/1177
f 1178/1178/1178 1160/1160/1160 1161/1161/1161
f 1179/1179/1179 1160/1160/1160 1178/1178/1178
f 1179/1179/1179 1159/1159/1159 1160/1160/1160
f 1180/1180/1180 1159/1159/1159 1179/1179/1179
f 1180/1180/1180 1158/1158/1158 1159/1159/1159
f 1181/1181/1181 1158/1158/1158 1180/1180/1180
f 1181/1181/1181 1157/1157/1157 1158/1158/1158
f 1182/1182/1182 1157/1157/1157 1181/1181/1181
f 1182/1182/1182 1156/1156/1156 1157/1157/1157
f 1183/1183/1183 1156/1156/1156 1182/1182/1182
f 1183/1183/1183 1155/1155/1155 1156/1156/1156
f 1184/1184/1184 1155/1155/1155 1183/1183/1183
f 1184/1184/1184 1154/1154/1154 1155/1155/1155
f 1185/1185/1185 1154/1154/1154 1184/1184/1184
f 1185/1185/1185 1153/1153/1153 1154/1154/1154
f 1186/1186/1186 1153/1153/1153 1185/1185/1185
f 1186/1186/1186 1152/1152/1152 1153/1153/1153
f 1187/1187/1187 1152/1152/1152 1186/1186/1186
f 1187/1187/1187 1188/1188/1188 1152/1152/1152
f 1189/1189/1189 1188/1188/1188 1187/1187/1187
f 1189/1189/1189 1187/1187/1187 1186/1186/1186
f 1189/1189/1189 1190/1190/1190 1188/1188/1188
f 1189/1189/1189 1186/1186/1186 1191/1191/1191
f 1191/1191/1191 1186/1186/1186 1185/1185/1185
f 1192/1192/1192 1185/1185/1185 1184/1184/1184
f 1191/1191/1191 1185/1185/1185 1192/1192/1192
f 1193/1193/1193 1184/1184/1184 1183/1183/1183
f 1192/1192/1192 1184/1184/1184 1193/1193/1193
f 1193/1193/1193 1183/1183/1183 1194/1194/1194
f 1194/1194/1194 1183/1183/1183 1182/1182/1182
f 1194/1194/1194 1182/1182/1182 1195/1195/1195
f 1195/1195/1195 1182/1182/1182 1181/1181/1181
f 1195/1195/1195 1181/1181/1181 1196/1196/1196
f 1196/1196/1196 1181/1181/1181 1180/1180/1180
f 1196/1196/1196 1180/1180/1180 1197/1197/1197
f 1197/1197/1197 1180/1180/1180 1179/1179/1179
f 1197/1197/1197 1179/1179/1179 1198/1198/1198
f 1198/1198/1198 1179/1179/1179 1178/1178/1178
f 1198/1198/1198 1178/1178/1178 1199/1199/1199
f 1199/1199/1199 1178/1178/1178 1177/1177/1177
f 1199/1199/1199 1177/1177/1177 1200/1200/1200
f 1200/1200/1200 1177/1177/1177 1170/1170/1170
f 1200/1200/1200 1170/1170/1170 1201/1201/1201
f 1201/1201/1201 1170/1170/1170 1171/1171/1171
f 1201/1201/1201 1171/1171/1171 1202/1202/1202
f 1202/1202/1202 1171/1171/1171 1172/1172/1172
f 1202/1202/1202 1172/1172/1172 1203/1203/1203
f 1203/1203/1203 1172/1172/1172 1173/1173/1173
f 1203/1203/1203 1173/1173/1173 1204/1204/1204
f 1204/1204/1204 1173/1173/1173 1174/1174/1174
f 1204/1204/1204 1174/1174/1174 1205/1205/1205
f 1205/1205/1205 1174/1174/1174 1175/1175/1175
f 1205/1205/1205 1175/1175/1175 1206/1206/1206
f 1206/1206/1206 1175/1175/1175 1176/1176/1176
f 1207/1207/1207 1199/1199/1199 1200/1200/1200
f 1208/1208/1208 1200/1200/1200 1201/1201/1201
f 1207/1207/1207 1200/1200/1200 1208/1208/1208
f 1209/1209/1209 1201/1201/1201 1202/1202/1202
f 1208/1208/1208 1201/1201/1201 1209/1209/1209
f 1210/1210/1210 1202/1202/1202 1203/1203/1203
f 1209/1209/1209 1202/1202/1202 1210/1210/1210
f 1211/1211/1211 1203/1203/1203 1204/1204/1204
f 1210/1210/1210 1203/1203/1203 1211/1211/1211
f 1212/1212/1212 1204/1204/1204 1205/1205/1205
f 1211/1211/1211 1204/1204/1204 1212/1212/1212
f 1213/1213/1213 1205/1205/1205 1206/1206/1206
f 1212/1212/1212 1205/1205/1205 1213/1213/1213
f 1214/1214/1214 1199/1199/1199 1207/1207/1207
f 1214/1214/1214 1198/1198/1198 1199/1199/1199
f 1215/1215/1215 1198/1198/1198 1214/1214/1214
f 1215/1215/1215 1197/1197/1197 1198/1198/1198
f 1216/1216/1216 1197/1197/1197 1215/1215/1215
f 1216/1216/1216 1196/1196/1196 1197/1197/1197
f 1217/1217/1217 1196/1196/1196 1216/1216/1216
f 1217/1217/1217 1195/1195/1195 1196/1196/1196
f 1218/1218/1218 1195/1195/1195 1217/1217/1217
f 1218/1218/1218 1194/1194/1194 1195/1195/1195
f 1219/1219/1219 1194/1194/1194 1218/1218/1218
f 1219/1219/1219 1193/1193/1193 1194/1194/1194
f 1220/1220/1220 1193/1193/1193 1219/1219/1219
f 1220/1220/1220 1192/1192/1192 1193/1193/1193
f 1221/1221/1221 1192/1192/1192 1220/1220/1220
f 1221/1221/1221 1191/1191/1191 1192/1192/1192
f 1222/1222/1222 1191/1191/1191 1221/1221/1221
f 1222/1222/1222 1223/1223/1223 1191/1191/1191
f 1224/1224/1224 1223/1223/1223 1222/1222/1222
f 1224/1224/1224 1222/1222/1222 1221/1221/1221
f 1224/1224/1224 1225/1225/1225 1223/1223/1223
f 1224/1224/1224 1221/1221/1221 1226/1226/1226
f 1226/1226/1226 1221/1221/1221 1220/1220/1220
f 1227/1227/1227 1220/1220/1220 1219/1219/1219
f 1226/1226/1226 1220/1220/1220 1227/1227/1227
f 1228/1228/1228 1219/1219/1219 1218/1218/1218
f 1227/1227/1227 1219/1219/1219 1228/1228/1228
f 1228/1228/1228 1218/1218/1218 1229/1229/1229
f 1229/1229/1229 1218/1218/1218 1217/1217/1217
f 1229/1229/1229 1217/1217/1217 1230/1230/1230
f 1230/1230/1230 1217/1217/1217 1216/1216/1216
f 1230/1230/1230 1216/1216/1216 1231/1231/1231
f 1231/1231/1231 1216/1216/1216 1215/1215/1215
f 1231/1231/1231 1215/1215/1215 1232/1232/1232
f 1232/1232/1232 1215/1215/1215 1214/1214/1214
f 1232/1232/1232 1214/1214/1214 1233/1233/1233
f 1233/1233/1233 1214/1214/1214 1207/1207/1207
f 1233/1233/1233 1207/1207/1207 1234/1234/1234
f 1234/1234/1234 1207/1207/1207 1208/1208/1208
f 1234/1234/1234 1208/1208/1208 1235/1235/1235
f 1235/1235/1235 1208/1208/1208 1209/1209/1209
f 1235/1235/1235 1209/1209/1209 1236/1236/1236
f 1236/1236/1236 1209/1209/1209 1210/1210/1210
f 1236/1236/1236 1210/1210/1210 1237/1237/1237
f 1237/1237/1237 1210/1210/1210 1211/1211/1211
f 1237/1237/1237 1211/1211/1211 1238/1238/1238
f 1238/1238/1238 1211/1211/1211 1212/1212/1212
f 1238/1238/1238 1212/1212/1212 1239/1239/1239
f 1239/1239/1239 1212/1212/1212 1213/1213/1213
f 1240/1240/1240 1232/1232/1232 1233/1233/1233
f 1241/1241/1241 1233/1233/1233 1234/1234/1234
f 1240/1240/1240 1233/1233/1233 1241/1241/1241
f 1242/1242/1242 1234/1234/1234 1235/1235/1235
f 1241/1241/1241 1234/1234/1234 1242/1242/1242
f 1243/1243/1243 1235/1235/1235 1236/1236/1236
f 1242/1242/1242 1235/1235/1235 1243/1243/1243
f 1244/1244/1244 1236/1236/1236 1237/1237/1237
f 1243/1243/1243 1236/1236/1236 1244/1244/1244
f 1245/1245/1245 1237/1237/1237 1238/1238/1238
f 1244/1244/1244 1237/1237/1237 1245/1245/1245
f 1246/1246/1246 1238/1238/1238 1239/1239/1239
f 1245/1245/1245 1238/1238/1238 1246/1246/1246
f 1247/1247/1247 1232/1232/1232 1240/1240/1240
f 1247/1247/1247 1231/1231/1231 1232/1232/1232
f 1248/1248/1248 1231/1231/1231 1247/1247/1247
f 1248/1248/1248 1230/1230/1230 1231/1231/1231
f 1249/1249/1249 1230/1230/1230 1248/1248/1248
f 1249/1249/1249 1229/1229/1229 1230/1230/1230
f 1250/1250/1250 1229/1229/1229 1249/1249/1249
f 1250/1250/1250 1228/1228/1228 1229/1229/1229
f 1251/1251/1251 1228/1228/1228 1250/1250/1250
f 1251/1251/1251 1227/1227/1227 1228/1228/1228
f 1252/1252/1252 1227/1227/1227 1251/1251/1251
f 1252/1252/1252 1226/1226/1226 1227/1227/1227
f 1253/1253/1253 1226/1226/1226 1252/1252/1252
f 1253/1253/1253 1254/1254/1254 1226/1226/1226
f 1255/1255/1255 1254/1254/1254 1253/1253/1253
f 1255/1255/1255 1253/1253/1253 1252/1252/1252
f 1255/1255/1255 1256/1256/1256 1254/1254/1254
f 1255/1255/1255 1252/1252/1252 1257/1257/1257
f 1257/1257/1257 1252/1252/1252 1251/1251/1251
f 1258/1258/1258 1251/1251/1251 1250/1250/1250
f 1257/1257/1257 1251/1251/1251 1258/1258/1258
f 1259/1259/1259 1250/1250/1250 1249/1249/1249
f 1258/1258/1258 1250/1250/1250 1259/1259/1259
f 1259/1259/1259 1249/1249/1249 1260/1260/1260
f 1260/1260/1260 1249/1249/1249 1248/1248/1248
f 1260/1260/1260 1248/1248/1248 1261/1261/1261
f 1261/1261/1261 1248/1248/1248 1247/1247/1247
f 1261/1261/1261 1247/1247/1247 1262/1262/1262
f 1262/1262/1262 1247/1247/1247 1240/1240/1240
f 1262/1262/1262 1240/1240/1240 1263/1263/1263
f 1263/1263/1263 1240/1240/1240 1241/1241/1241
f 1263/1263/1263 1241/1241/1241 1264/1264/1264
f 1264/1264/1264 1241/1241/1241 1242/1242/1242
f 1264/1264/1264 1242/1242/1242 1265/1265/1265
f 1265/1265/1265 1242/1242/1242 1243/1243/1243
f 1265/1265/1265 1243/1243/1243 1266/1266/1266
f 1266/1266/1266 1243/1243/1243 1244/1244/1244
f 1266/1266/1266 1244/1244/1244 1267/1267/1267
f 1267/1267/1267 1244/1244/1244 1245/1245/1245
f 1267/1267/1267 1245/1245/1245 1268/1268/1268
f 1268/1268/1268 1245/1245/1245 1246/1246/1246
f 1269/1269/1269 1261/1261/1261 1262/1262/1262
f 1270/1270/1270 1262/1262/1262 1263/1263/1263
f 1269/1269/1269 1262/1262/1262 1270/1270/1270
f 1271/1271/1271 1263/1263/1263 1264/1264/1264
f 1270/1270/1270 1263/1263/1263 1271/1271/1271
f 1272/1272/1272 1264/1264/1264 1265/1265/1265
f 1271/1271/1271 1264/1264/1264 1272/1272/1272
f 1273/1273/1273 1265/1265/1265 1266/1266/1266
f 1272/1272/1272 1265/1265/1265 1273/1273/1273
f 1274/1274/1274 1266/1266/1266 1267/1267/1267
f 1273/1273/1273 1266/1266/1266 1274/1274/1274
f 1275/1275/1275 1267/1267/1267 1268/1268/1268
f 1274/1274/1274 1267/1267/1267 1275/1275/1275
f 1276/1276/1276 1261/1261/1261 1269/1269/1269
f 1276/1276/1276 1260/1260/1260 1261/1261/1261
f 1277/1277/1277 1260/1260/1260 1276/1276/1276
f 1277/1277/1277 1259/1259/1259 1260/1260/1260
f 1278/1278/1278 1259/1259/1259 1277/1277/1277
f 1278/1278/1278 1258/1258/1258 1259/1259/1259
f 1279/1279/1279 1258/1258/1258 1278/1278/1278
f 1279/1279/1279 1257/1257/1257 1258/1258/1258
f 1280/1280/1280 1257/1257/1257 1279/1279/1279
f 1280/1280/1280 1281/1281/1281 1257/1257/1257
f 1282/1282/1282 1281/1281/1281 1280/1280/1280
f 1282/1282/1282 1280/1280/1280 1279/1279/1279
f 1282/1282/1282 1283/1283/1283 1281/1281/1281
f 1282/1282/1282 1279/1279/1279 1284/1284/1284
f 1284/1284/1284 1279/1279/1279 1278/1278/1278
f 1285/1285/1285 1278/1278/1278 1277/1277/1277
f 1284/1284/1284 1278/1278/1278 1285/1285/1285
f 1286/1286/1286 1277/1277/1277 1276/1276/1276
f 1285/1285/1285 1277/1277/1277 1286/1286/1286
f 1286/1286/1286 1276/1276/1276 1287/1287/1287
f 1287/1287/1287 1276/1276/1276 1269/1269/1269
f 1287/1287/1287 1269/1269/1269 1288/1288/1288
f 1288/1288/1288 1269/1269/1269 1270/1270/1270
f 1288/1288/1288 1270/1270/1270 1289/1289/1289
f 1289/1289/1289 1270/1270/1270 1271/1271/1271
f 1289/1289/1289 1271/1271/1271 1290/1290/1290
f 1290/1290/1290 1271/1271/1271 1272/1272/1272
f 1290/1290/1290 1272/1272/1272 1291/1291/1291
f 1291/1291/1291 1272/1272/1272 1273/1273/1273
f 1291/1291/1291 1273/1273/1273 1292/1292/1292
f 1292/1292/1292 1273/1273/1273 1274/1274/1274
f 1292/1292/1292 1274/1274/1274 1293/1293/1293
f 1293/1293/1293 1274/1274/1274 1275/1275/1275
f 1294/1294/1294 1286/1286/1286 1287/1287/1287
f 1295/1295/1295 1287/1287/1287 1288/1288/1288
f 1294/1294/1294 1287/1287/1287 1295/1295/1295
f 1296/1296/1296 1288/1288/1288 1289/1289/1289
f 1295/1295/1295 1288/1288/1288 1296/1296/1296
f 1297/1297/1297 1289/1289/1289 1290/1290/1290
f 1296/1296/1296 1289/1289/1289 1297/1297/1297
f 1298/1298/1298 1290/1290/1290 1291/1291/1291
f 1297/1297/1297 1290/1290/1290 1298/1298/1298
f 1299/1299/1299 1291/1291/1291 1292/1292/1292
f 1298/1298/1298 1291/1291/1291 1299/1299/1299
f 1300/1300/1300 1292/1292/1292 1293/1293/1293
f 1299/1299/1299 1292/1292/1292 1300/1300/1300
f 1301/1301/1301 1286/1286/1286 1294/1294/1294
f 1301/1301/1301 1285/1285/1285 1286/1286/1286
f 1302/1302/1302 1285/1285/1285 1301/1301/1301
f 1302/1302/1302 1284/1284/1284 1285/1285/1285
f 1303/1303/1303 1284/1284/1284 1302/1302/1302
f 1303/1303/1303 1304/1304/1304 1284/1284/1284
f 1305/1305/1305 1304/1304/1304 1303/1303/1303
f 1305/1305/1305 1303/1303/1303 1302/1302/1302
f 1305/1305/1305 1306/1306/1306 1304/1304/1304
f 1305/1305/1305 1302/1302/1302 1307/1307/1307
f 1307/1307/1307 1302/1302/1302 1301/1301/1301
f 1308/1308/1308 1301/1301/1301 1294/1294/1294
f 1307/1307/1307 1301/1301/1301 1308/1308/1308
f 1308/1308/1308 1294/1294/1294 1309/1309/1309
f 1309/1309/1309 1294/1294/1294 1295/1295/1295
f 1309/1309/1309 1295/1295/1295 1310/1310/1310
f 1310/1310/1310 1295/1295/1295 1296/1296/1296
f 1310/1310/1310 1296/1296/1296 1311/1311/1311
f 1311/1311/1311 1296/1296/1296 1297/1297/1297
f 1311/1311/1311 1297/1297/1297 1312/1312/1312
f 1312/1312/1312 1297/1297/1297 1298/1298/1298
f 1312/1312/1312 1298/1298/1298 1313/1313/1313
f 1313/1313/1313 1298/1298/1298 1299/1299/1299
f 1313/1313/1313 1299/1299/1299 1314/1314/1314
f 1314/1314/1314 1299/1299/1299 1300/1300/1300
f 1315/1315/1315 1307/1307/1307 1308/1308/1308
f 1316/1316/1316 1308/1308/1308 1309/1309/1309
f 1315/1315/1315 1308/1308/1308 1316/1316/1316
f 1317/1317/1317 1309/1309/1309 1310/1310/1310
f 1316/1316/1316 1309/1309/1309 1317/1317/1317
f 1318/1318/1318 1310/1310/1310 1311/1311/1311
f 1317/1317/1317 1310/1310/1310 1318/1318/1318
f 1319/1319/1319 1311/1311/1311 1312/1312/1312
f 1318/1318/1318 1311/1311/1311 1319/1319/1319
f 1320/1320/1320 1312/1312/1312 1313/1313/1313
f 1319/1319/1319 1312/1312/1312 1320/1320/1320
f 1321/1321/1321 1313/1313/1313 1314/1314/1314
f 1320/1320/1320 1313/1313/1313 1321/1321/1321
f 1322/1322/1322 1307/1307/1307 1315/1315/1315
f 1322/1322/1322 1323/1323/1323 1307/1307/1307
f 1324/1324/1324 1323/1323/1323 1322/1322/1322
f 1324/1324/1324 1322/1322/1322 1315/1315/1315
f 1324/1324/1324 1325/1325/1325 1323/1323/1323
f 1324/1324/1324 1315/1315/1315 1326/1326/1326
f 1326/1326/1326 1315/1315/1315 1316/1316/1316
f 1326/1326/1326 1316/1316/1316 1327/1327/1327
f 1327/1327/1327 1316/1316/1316 1317/1317/1317
f 1327/1327/1327 1317/1317/1317 1328/1328/1328
f 1328/1328/1328 1317/1317/1317 1318/1318/1318
f 1328/1328/1328 1318/1318/1318 1329/1329/1329
f 1329/1329/1329 1318/1318/1318 1319/1319/1319
f 1329/1329/1329 1319/1319/1319 1330/1330/1330
f 1330/1330/1330 1319/1319/1319 1320/1320/1320
f 1330/1330/1330 1320/1320/1320 1331/1331/1331
f 1331/1331/1331 1320/1320/1320 1321/1321/1321
f 1332/1332/1332 1326/1326/1326 1327/1327/1327
f 1333/1333/1333 1327/1327/1327 1328/1328/1328
f 1332/1332/1332 1327/1327/1327 1333/1333/1333
f 1334/1334/1334 1328/1328/1328 1329/1329/1329
f 1333/1333/1333 1328/1328/1328 1334/1334/1334
f 1335/1335/1335 1329/1329/1329 1330/1330/1330
f 1334/1334/1334 1329/1329/1329 1335/1335/1335
f 1336/1336/1336 1330/1330/1330 1331/1331/1331
f 1335/1335/1335 1330/1330/1330 1336/1336/1336
f 1337/1337/1337 1326/1326/1326 1332/1332/1332
f 1337/1337/1337 1338/1338/1338 1326/1326/1326
f 1339/1339/1339 1338/1338/1338 1337/1337/1337
f 1339/1339/1339 1337/1337/1337 1332/1332/1332
f 1339/1339/1339 1340/1340/1340 1338/1338/1338
f 1339/1339/1339 1332/1332/1332 1341/1341/1341
f 1341/1341/1341 1332/1332/1332 1333/1333/1333
f 1342/1342/1342 1333/1333/1333 1334/1334/1334
f 1341/1341/1341 1333/1333/1333 1342/1342/1342
f 1343/1343/1343 1334/1334/1334 1335/1335/1335
f 1342/1342/1342 1334/1334/1334 1343/1343/1343
f 1344/1344/1344 1335/1335/1335 1336/1336/1336
f 1343/1343/1343 1335/1335/1335 1344/1344/1344
f 1336/1336/1336 1331/1331/1331 1345/1345/1345
f 1344/1344/1344 1336/1336/1336 1346/1346/1346
f 1346/1346/1346 1336/1336/1336 1345/1345/1345
f 1345/1345/1345 1331/1331/1331 1347/1347/1347
f 1331/1331/1331 1321/1321/1321 1347/1347/1347
f 1347/1347/1347 1321/1321/1321 1348/1348/1348
f 1321/1321/1321 1314/1314/1314 1348/1348/1348
f 1348/1348/1348 1314/1314/1314 1349/1349/1349
f 1314/1314/1314 1300/1300/1300 1349/1349/1349
f 1349/1349/1349 1300/1300/1300 1350/1350/1350
f 1300/1300/1300 1293/1293/1293 1350/1350/1350
f 1350/1350/1350 1293/1293/1293 1351/1351/1351
f 1293/1293/1293 1275/1275/1275 1351/1351/1351
f 1351/1351/1351 1275/1275/1275 1352/1352/1352
f 1275/1275/1275 1268/1268/1268 1352/1352/1352
f 1352/1352/1352 1268/1268/1268 1353/1353/1353
f 1268/1268/1268 1246/1246/1246 1353/1353/1353
f 1353/1353/1353 1246/1246/1246 1354/1354/1354
f 1246/1246/1246 1239/1239/1239 1354/1354/1354
f 1354/1354/1354 1239/1239/1239 1355/1355/1355
f 1239/1239/1239 1213/1213/1213 1355/1355/1355
f 1355/1355/1355 1213/1213/1213 1356/1356/1356
f 1213/1213/1213 1206/1206/1206 1356/1356/1356
f 1356/1356/1356 1206/1206/1206 1357/1357/1357
f 1206/1206/1206 1176/1176/1176 1357/1357/1357
f 1357/1357/1357 1176/1176/1176 1358/1358/1358
f 1176/1176/1176 1169/1169/1169 1358/1358/1358
f 1358/1358/1358 1169/1169/1169 1359/1359/1359
f 1169/1169/1169 1135/1135/1135 1359/1359/1359
f 1359/1359/1359 1135/1135/1135 1360/1360/1360
f 1135/1135/1135 1128/1128/1128 1360/1360/1360
f 1360/1360/1360 1128/1128/1128 1361/1361/1361
f 1128/1128/1128 1090/1090/1090 1361/1361/1361
f 1361/1361/1361 1090/1090/1090 1362/1362/1362
f 1090/1090/1090 1083/1083/1083 1362/1362/1362
f 1362/1362/1362 1083/1083/1083 1363/1363/1363
f 1083/1083/1083 1041/1041/1041 1363/1363/1363
f 1363/1363/1363 1041/1041/1041 1364/1364/1364
f 1041/1041/1041 1034/1034/1034 1364/1364/1364
f 1364/1364/1364 1034/1034/1034 1365/1365/1365
f 1034/1034/1034 983/983/983 1365/1365/1365
f 1365/1365/1365 983/983/983 1366/1366/1366
f 983/983/983 981/981/981 1366/1366/1366
f 1366/1366/1366 981/981/981 1367/1367/1367
f 981/981/981 980/980/980 1367/1367/1367
f 1367/1367/1367 980/980/980 1368/1368/1368
f 980/980/980 978/978/978 1368/1368/1368
f 978/978/978 1369/1369/1369 1368/1368/1368
f 978/978/978 1370/1370/1370 1369/1369/1369
f 1370/1370/1370 1371/1371/1371 1369/1369/1369
f 1370/1370/1370 1372/1372/1372 1371/1371/1371
f 1369/1369/1369 1371/1371/1371 1373/1373/1373
f 1369/1369/1369 1373/1373/1373 1368/1368/1368
f 1367/1367/1367 1368/1368/1368 1373/1373/1373
f 1366/1366/1366 1367/1367/1367 1374/1374/1374
f 1374/1374/1374 1367/1367/1367 1373/1373/1373
f 1365/1365/1365 1366/1366/1366 1375/1375/1375
f 1375/1375/1375 1366/1366/1366 1374/1374/1374
f 1376/1376/1376 1365/1365/1365 1375/1375/1375
f 1364/1364/1364 1365/1365/1365 1376/1376/1376
f 1377/1377/1377 1364/1364/1364 1376/1376/1376
f 1363/1363/1363 1364/1364/1364 1377/1377/1377
f 1378/1378/1378 1363/1363/1363 1377/1377/1377
f 1362/1362/1362 1363/1363/1363 1378/1378/1378
f 1379/1379/1379 1362/1362/1362 1378/1378/1378
f 1361/1361/1361 1362/1362/1362 1379/1379/1379
f 1380/1380/1380 1361/1361/1361 1379/1379/1379
f 1360/1360/1360 1361/1361/1361 1380/1380/1380
f 1381/1381/1381 1360/1360/1360 1380/1380/1380
f 1359/1359/1359 1360/1360/1360 1381/1381/1381
f 1382/1382/1382 1359/1359/1359 1381/1381/1381
f 1358/1358/1358 1359/1359/1359 1382/1382/1382
f 1383/1383/1383 1358/1358/1358 1382/1382/1382
f 1357/1357/1357 1358/1358/1358 1383/1383/1383
f 1384/1384/1384 1357/1357/1357 1383/1383/1383
f 1356/1356/1356 1357/1357/1357 1384/1384/1384
f 1385/1385/1385 1356/1356/1356 1384/1384/1384
f 1355/1355/1355 1356/1356/1356 1385/1385/1385
f 1386/1386/1386 1355/1355/1355 1385/1385/1385
f 1354/1354/1354 1355/1355/1355 1386/1386/1386
f 1387/1387/1387 1354/1354/1354 1386/1386/1386
f 1353/1353/1353 1354/1354/1354 1387/1387/1387
f 1388/1388/1388 1353/1353/1353 1387/1387/1387
f 1352/1352/1352 1353/1353/1353 1388/1388/1388
f 1389/1389/1389 1352/1352/1352 1388/1388/1388
f 1351/1351/1351 1352/1352/1352 1389/1389/1389
f 1390/1390/1390 1351/1351/1351 1389/1389/1389
f 1350/1350/1350 1351/1351/1351 1390/1390/1390
f 1391/1391/1391 1350/1350/1350 1390/1390/1390
f 1349/1349/1349 1350/1350/1350 1391/1391/1391
f 1392/1392/1392 1349/1349/1349 1391/1391/1391
f 1348/1348/1348 1349/1349/1349 1392/1392/1392
f 1393/1393/1393 1348/1348/1348 1392/1392/1392
f 1347/1347/1347 1348/1348/1348 1393/1393/1393
f 1394/1394/1394 1347/1347/1347 1393/1393/1393
f 1345/1345/1345 1347/1347/1347 1394/1394/1394
f 1395/1395/1395 1345/1345/1345 1394/1394/1394
f 1346/1346/1346 1345/1345/1345 1395/1395/1395
f 1389/1389/1389 1388/1388/1388 1396/1396/1396
f 1390/1390/1390 1389/1389/1389 1397/1397/1397
f 1397/1397/1397 1389/1389/1389 1396/1396/1396
f 1391/1391/1391 1390/1390/1390 1398/1398/1398
f 1398/1398/1398 1390/1390/1390 1397/1397/1397
f 1392/1392/1392 1391/1391/1391 1399/1399/1399
f 1399/1399/1399 1391/1391/1391 1398/1398/1398
f 1393/1393/1393 1392/1392/1392 1400/1400/1400
f 1400/1400/1400 1392/1392/1392 1399/1399/1399
f 1394/1394/1394 1393/1393/1393 1401/1401/1401
f 1401/1401/1401 1393/1393/1393 1400/1400/1400
f 1395/1395/1395 1394/1394/1394 1402/1402/1402
f 1402/1402/1402 1394/1394/1394 1401/1401/1401
f 1396/1396/1396 1388/1388/1388 1403/1403/1403
f 1388/1388/1388 1387/1387/1387 1403/1403/1403
f 1403/1403/1403 1387/1387/1387 1404/1404/1404
f 1387/1387/1387 1386/1386/1386 1404/1404/1404
f 1404/1404/1404 1386/1386/1386 1405/1405/1405
f 1386/1386/1386 1385/1385/1385 1405/1405/1405
f 1405/1405/1405 1385/1385/1385 1406/1406/1406
f 1385/1385/1385 1384/1384/1384 1406/1406/1406
f 1406/1406/1406 1384/1384/1384 1407/1407/1407
f 1384/1384/1384 1383/1383/1383 1407/1407/1407
f 1407/1407/1407 1383/1383/1383 1408/1408/1408
f 1383/1383/1383 1382/1382/1382 1408/1408/1408
f 1408/1408/1408 1382/1382/1382 1409/1409/1409
f 1382/1382/1382 1381/1381/1381 1409/1409/1409
f 1409/1409/1409 1381/1381/1381 1410/1410/1410
f 1381/1381/1381 1380/1380/1380 1410/1410/1410
f 1410/1410/1410 1380/1380/1380 1411/1411/1411
f 1380/1380/1380 1379/1379/1379 1411/1411/1411
f 1411/1411/1411 1379/1379/1379 1412/1412/1412
f 1379/1379/1379 1378/1378/1378 1412/1412/1412
f 1412/1412/1412 1378/1378/1378 1413/1413/1413
f 1378/1378/1378 1377/1377/1377 1413/1413/1413
f 1413/1413/1413 1377/1377/1377 1414/1414/1414
f 1377/1377/1377 1376/1376/1376 1414/1414/1414
f 1414/1414/1414 1376/1376/1376 1415/1415/1415
f 1376/1376/1376 1375/1375/1375 1415/1415/1415
f 1415/1415/1415 1375/1375/1375 1416/1416/1416
f 1375/1375/1375 1374/1374/1374 1416/1416/1416
f 1416/1416/1416 1374/1374/1374 1417/1417/1417
f 1374/1374/1374 1373/1373/1373 1417/1417/1417
f 1373/1373/1373 1418/1418/1418 1417/1417/1417
f 1373/1373/1373 1419/1419/1419 1418/1418/1418
f 1419/1419/1419 1420/1420/1420 1418/1418/1418
f 1419/1419/1419 1421/1421/1421 1420/1420/1420
f 1418/1418/1418 1420/1420/1420 1422/1422/1422
f 1418/1418/1418 1422/1422/1422 1417/1417/1417
f 1416/1416/1416 1417/1417/1417 1422/1422/1422
f 1415/1415/1415 1416/1416/1416 1423/1423/1423
f 1423/1423/1423 1416/1416/1416 1422/1422/1422
f 1414/1414/1414 1415/1415/1415 1424/1424/1424
f 1424/1424/1424 1415/1415/1415 1423/1423/1423
f 1425/1425/1425 1414/1414/1414 1424/1424/1424
f 1413/1413/1413 1414/1414/1414 1425/1425/1425
f 1426/1426/1426 1413/1413/1413 1425/1425/1425
f 1412/1412/1412 1413/1413/1413 1426/1426/1426
f 1427/1427/1427 1412/1412/1412 1426/1426/1426
f 1411/1411/1411 1412/1412/1412 1427/1427/1427
f 1428/1428/1428 1411/1411/1411 1427/1427/1427
f 1410/1410/1410 1411/1411/1411 1428/1428/1428
f 1429/1429/1429 1410/1410/1410 1428/1428/1428
f 1409/1409/1409 1410/1410/1410 1429/1429/1429
f 1430/1430/1430 1409/1409/1409 1429/1429/1429
f 1408/1408/1408 1409/1409/1409 1430/1430/1430
f 1431/1431/1431 1408/1408/1408 1430/1430/1430
f 1407/1407/1407 1408/1408/1408 1431/1431/1431
f 1432/1432/1432 1407/1407/1407 1431/1431/1431
f 1406/1406/1406 1407/1407/1407 1432/1432/1432
f 1433/1433/1433 1406/1406/1406 1432/1432/1432
f 1405/1405/1405 1406/1406/1406 1433/1433/1433
f 1434/1434/1434 1405/1405/1405 1433/1433/1433
f 1404/1404/1404 1405/1405/1405 1434/1434/1434
f 1435/1435/1435 1404/1404/1404 1434/1434/1434
f 1403/1403/1403 1404/1404/1404 1435/1435/1435
f 1436/1436/1436 1403/1403/1403 1435/1435/1435
f 1396/1396/1396 1403/1403/1403 1436/1436/1436
f 1437/1437/1437 1396/1396/1396 1436/1436/1436
f 1397/1397/1397 1396/1396/1396 1437/1437/1437
f 1438/1438/1438 1397/1397/1397 1437/1437/1437
f 1398/1398/1398 1397/1397/1397 1438/1438/1438
f 1439/1439/1439 1398/1398/1398 1438/1438/1438
f 1399/1399/1399 1398/1398/1398 1439/1439/1439
f 1440/1440/1440 1399/1399/1399 1439/1439/1439
f 1400/1400/1400 1399/1399/1399 1440/1440/1440
f 1441/1441/1441 1400/1400/1400 1440/1440/1440
f 1401/1401/1401 1400/1400/1400 1441/1441/1441
f 1442/1442/1442 1401/1401/1401 1441/1441/1441
f 1402/1402/1402 1401/1401/1401 1442/1442/1442
f 1436/1436/1436 1435/1435/1435 1443/1443/1443
f 1437/1437/1437 1436/1436/1436 1444/1444/1444
f 1444/1444/1444 1436/1436/1436 1443/1443/1443
f 1438/1438/1438 1437/1437/1437 1445/1445/1445
f 1445/1445/1445 1437/1437/1437 1444/1444/1444
f 1439/1439/1439 1438/1438/1438 1446/1446/1446
f 1446/1446/1446 1438/1438/1438 1445/1445/1445
f 1440/1440/1440 1439/1439/1439 1447/1447/1447
f 1447/1447/1447 1439/1439/1439 1446/1446/1446
f 1441/1441/1441 1440/1440/1440 1448/1448/1448
f 1448/1448/1448 1440/1440/1440 1447/1447/1447
f 1442/1442/1442 1441/1441/1441 1449/1449/1449
f 1449/1449/1449 1441/1441/1441 1448/1448/1448
f 1443/1443/1443 1435/1435/1435 1450/1450/1450
f 1435/1435/1435 1434/1434/1434 1450/1450/1450
f 1450/1450/1450 1434/1434/1434 1451/1451/1451
f 1434/1434/1434 1433/1433/1433 1451/1451/1451
f 1451/1451/1451 1433/1433/1433 1452/1452/1452
f 1433/1433/1433 1432/1432/1432 1452/1452/1452
f 1452/1452/1452 1432/1432/1432 1453/1453/1453
f 1432/1432/1432 1431/1431/1431 1453/1453/1453
f 1453/1453/1453 1431/1431/1431 1454/1454/1454
f 1431/1431/1431 1430/1430/1430 1454/1454/1454
f 1454/1454/1454 1430/1430/1430 1455/1455/1455
f 1430/1430/1430 1429/1429/1429 1455/1455/1455
f 1455/1455/1455 1429/1429/1429 1456/1456/1456
f 1429/1429/1429 1428/1428/1428 1456/1456/1456
f 1456/1456/1456 1428/1428/1428 1457/1457/1457
f 1428/1428/1428 1427/1427/1427 1457/1457/1457
f 1457/1457/1457 1427/1427/1427 1458/1458/1458
f 1427/1427/1427 1426/1426/1426 1458/1458/1458
f 1458/1458/1458 1426/1426/1426 1459/1459/1459
f 1426/1426/1426 1425/1425/1425 1459/1459/1459
f 1459/1459/1459 1425/1425/1425 1460/1460/1460
f 1425/1425/1425 1424/1424/1424 1460/1460/1460
f 1460/1460/1460 1424/1424/1424 1461/1461/1461
f 1424/1424/1424 1423/1423/1423 1461/1461/1461
f 1461/1461/1461 1423/1423/1423 1462/1462/1462
f 1423/1423/1423 1422/1422/1422 1462/1462/1462
f 1422/1422/1422 1463/1463/1463 1462/1462/1462
f 1422/1422/1422 1464/1464/1464 1463/1463/1463
f 1464/1464/1464 1465/1465/1465 1463/1463/1463
f 1464/1464/1464 1466/1466/1466 1465/1465/1465
f 1463/1463/1463 1465/1465/1465 1467/1467/1467
f 1463/1463/1463 1467/1467/1467 1462/1462/1462
f 1461/1461/1461 1462/1462/1462 1467/1467/1467
f 1460/1460/1460 1461/1461/1461 1468/1468/1468
f 1468/1468/1468 1461/1461/1461 1467/1467/1467
f 1459/1459/1459 1460/1460/1460 1469/1469/1469
f 1469/1469/1469 1460/1460/1460 1468/1468/1468
f 1470/1470/1470 1459/1459/1459 1469/1469/1469
f 1458/1458/1458 1459/1459/1459 1470/1470/1470
f 1471/1471/1471 1458/1458/1458 1470/1470/1470
f 1457/1457/1457 1458/1458/1458 1471/1471/1471
f 1472/1472/1472 1457/1457/1457 1471/1471/1471
f 1456/1456/1456 1457/1457/1457 1472/1472/1472
f 1473/1473/1473 1456/1456/1456 1472/1472/1472
f 1455/1455/1455 1456/1456/1456 1473/1473/1473
f 1474/1474/1474 1455/1455/1455 1473/1473/1473
f 1454/1454/1454 1455/1455/1455 1474/1474/1474
f 1475/1475/1475 1454/1454/1454 1474/1474/1474
f 1453/1453/1453 1454/1454/1454 1475/1475/1475
f 1476/1476/1476 1453/1453/1453 1475/1475/1475
f 1452/1452/1452 1453/1453/1453 1476/1476/1476
f 1477/1477/1477 1452/1452/1452 1476/1476/1476
f 1451/1451/1451 1452/1452/1452 1477/1477/1477
f 1478/1478/1478 1451/1451/1451 1477/1477/1477
f 1450/1450/1450 1451/1451/1451 1478/1478/1478
f 1479/1479/1479 1450/1450/1450 1478/1478/1478
f 1443/1443/1443 1450/1450/1450 1479/1479/1479
f 1480/1480/1480 1443/1443/1443 1479/1479/1479
f 1444/1444/1444 1443/1443/1443 1480/1480/1480
f 1481/1481/1481 1444/1444/1444 1480/1480/1480
f 1445/1445/1445 1444/1444/1444 1481/1481/1481
f 1482/1482/1482 1445/1445/1445 1481/1481/1481
f 1446/1446/1446 1445/1445/1445 1482/1482/1482
f 1483/1483/1483 1446/1446/1446 1482/1482/1482
f 1447/1447/1447 1446/1446/1446 1483/1483/1483
f 1484/1484/1484 1447/1447/1447 1483/1483/1483
f 1448/1448/1448 1447/1447/1447 1484/1484/1484
f 1485/1485/1485 1448/1448/1448 1484/1484/1484
f 1449/1449/1449 1448/1448/1448 1485/1485/1485
f 1479/1479/1479 1478/1478/1478 1486/1486/1486
f 1480/1480/1480 1479/1479/1479 1487/1487/1487
f 1487/1487/1487 1479/1479/1479 1486/1486/1486
f 1481/1481/1481 1480/1480/1480 1488/1488/1488
f 1488/1488/1488 1480/1480/1480 1487/1487/1487
f 1482/1482/1482 1481/1481/1481 1489/1489/1489
f 1489/1489/1489 1481/1481/1481 1488/1488/1488
f 1483/1483/1483 1482/1482/1482 1490/1490/1490
f 1490/1490/1490 1482/1482/1482 1489/1489/1489
f 1484/1484/1484 1483/1483/1483 1491/1491/1491
f 1491/1491/1491 1483/1483/1483 1490/1490/1490
f 1485/1485/1485 1484/1484/1484 1492/1492/1492
f 1492/1492/1492 1484/1484/1484 1491/1491/1491
f 1486/1486/1486 1478/1478/1478 1493/1493/1493
f 1478/1478/1478 1477/1477/1477 1493/1493/1493
f 1493/1493/1493 1477/1477/1477 1494/1494/1494
f 1477/1477/1477 1476/1476/1476 1494/1494/1494
f 1494/1494/1494 1476/1476/1476 1495/1495/1495
f 1476/1476/1476 1475/1475/1475 1495/1495/1495
f 1495/1495/1495 1475/1475/1475 1496/1496/1496
f 1475/1475/1475 1474/1474/1474 1496/1496/1496
f 1496/1496/1496 1474/1474/1474 1497/1497/1497
f 1474/1474/1474 1473/1473/1473 1497/1497/1497
f 1497/1497/1497 1473/1473/1473 1498/1498/1498
f 1473/1473/1473 1472/1472/1472 1498/1498/1498
f 1498/1498/1498 1472/1472/1472 1499/1499/1499
f 1472/1472/1472 1471/1471/1471 1499/1499/1499
f 1499/1499/1499 1471/1471/1471 1500/1500/1500
f 1471/1471/1471 1470/1470/1470 1500/1500/1500
f 1500/1500/1500 1470/1470/1470 1501/1501/1501
f 1470/1470/1470 1469/1469/1469 1501/1501/1501
f 1501/1501/1501 1469/1469/1469 1502/1502/1502
f 1469/1469/1469 1468/1468/1468 1502/1502/1502
f 1502/1502/1502 1468/1468/1468 1503/1503/1503
f 1468/1468/1468 1467/1467/1467 1503/1503/1503
f 1467/1467/1467 1504/1504/1504 1503/1503/1503
f 1467/1467/1467 1505/1505/1505 1504/1504/1504
f 1505/1505/1505 1506/1506/1506 1504/1504/1504
f 1505/1505/1505 1507/1507/1507 1506/1506/1506
f 1504/1504/1504 1506/1506/1506 1508/1508/1508
f 1504/1504/1504 1508/1508/1508 1503/1503/1503
f 1502/1502/1502 1503/1503/1503 1508/1508/1508
f 1501/1501/1501 1502/1502/1502 1509/1509/1509
f 1509/1509/1509 1502/1502/1502 1508/1508/1508
f 1500/1500/1500 1501/1501/1501 1510/1510/1510
f 1510/1510/1510 1501/1501/1501 1509/1509/1509
f 1511/1511/1511 1500/1500/1500 1510/1510/1510
f 1499/1499/1499 1500/1500/1500 1511/1511/1511
f 1512/1512/1512 1499/1499/1499 1511/1511/1511
f 1498/1498/1498 1499/1499/1499 1512/1512/1512
f 1513/1513/1513 1498/1498/1498 1512/1512/1512
f 1497/1497/1497 1498/1498/1498 1513/1513/1513
f 1514/1514/1514 1497/1497/1497 1513/1513/1513
f 1496/1496/1496 1497/1497/1497 1514/1514/1514
f 1515/1515/1515 1496/1496/1496 1514/1514/1514
f 1495/1495/1495 1496/1496/1496 1515/1515/1515
f 1516/1516/1516 1495/1495/1495 1515/1515/1515
f 1494/1494/1494 1495/1495/1495 1516/1516/1516
f 1517/1517/1517 1494/1494/1494 1516/1516/1516
f 1493/1493/1493 1494/1494/1494 1517/1517/1517
f 1518/1518/1518 1493/1493/1493 1517/1517/1517
f 1486/1486/1486 1493/1493/1493 1518/1518/1518
f 1519/1519/1519 1486/1486/1486 1518/1518/1518
f 1487/1487/1487 1486/1486/1486 1519/1519/1519
f 1520/1520/1520 1487/1487/1487 1519/1519/1519
f 1488/1488/1488 1487/1487/1487 1520/1520/1520
f 1521/1521/1521 1488/1488/1488 1520/1520/1520
f 1489/1489/1489 1488/1488/1488 1521/1521/1521
f 1522/1522/1522 1489/1489/1489 1521/1521/1521
f 1490/1490/1490 1489/1489/1489 1522/1522/1522
f 1523/1523/1523 1490/1490/1490 1522/1522/1522
f 1491/1491/1491 1490/1490/1490 1523/1523/1523
f 1524/1524/1524 1491/1491/1491 1523/1523/1523
f 1492/1492/1492 1491/1491/1491 1524/1524/1524
f 1518/1518/1518 1517/1517/1517 1525/1525/1525
f 1519/1519/1519 1518/1518/1518 1526/1526/1526
f 1526/1526/1526 1518/1518/1518 1525/1525/1525
f 1520/1520/1520 1519/1519/1519 1527/1527/1527
f 1527/1527/1527 1519/1519/1519 1526/1526/1526
f 1521/1521/1521 1520/1520/1520 1528/1528/1528
f 1528/1528/1528 1520/1520/1520 1527/1527/1527
f 1522/1522/1522 1521/1521/1521 1529/1529/1529
f 1529/1529/1529 1521/1521/1521 1528/1528/1528
f 1523/1523/1523 1522/1522/1522 1530/1530/1530
f 1530/1530/1530 1522/1522/1522 1529/1529/1529
f 1524/1524/1524 1523/1523/1523 1531/1531/1531
f 1531/1531/1531 1523/1523/1523 1530/1530/1530
f 1525/1525/1525 1517/1517/1517 1532/1532/1532
f 1517/1517/1517 1516/1516/1516 1532/1532/1532
f 1532/1532/1532 1516/1516/1516 1533/1533/1533
f 1516/1516/1516 1515/1515/1515 1533/1533/1533
f 1533/1533/1533 1515/1515/1515 1534/1534/1534
f 1515/1515/1515 1514/1514/1514 1534/1534/1534
f 1534/1534/1534 1514/1514/1514 1535/1535/1535
f 1514/1514/1514 1513/1513/1513 1535/1535/1535
f 1535/1535/1535 1513/1513/1513 1536/1536/1536
f 1513/1513/1513 1512/1512/1512 1536/1536/1536
f 1536/1536/1536 1512/1512/1512 1537/1537/1537
f 1512/1512/1512 1511/1511/1511 1537/1537/1537
f 1537/1537/1537 1511/1511/1511 1538/1538/1538
f 1511/1511/1511 1510/1510/1510 1538/1538/1538
f 1538/1538/1538 1510/1510/1510 1539/1539/1539
f 1510/1510/1510 1509/1509/1509 1539/1539/1539
f 1539/1539/1539 1509/1509/1509 1540/1540/1540
f 1509/1509/1509 1508/1508/1508 1540/1540/1540
f 1508/1508/1508 1541/1541/1541 1540/1540/1540
f 1508/1508/1508 1542/1542/1542 1541/1541/1541
f 1542/1542/1542 1543/1543/1543 1541/1541/1541
f 1542/1542/1542 1544/1544/1544 1543/1543/1543
f 1541/1541/1541 1543/1543/1543 1545/1545/1545
f 1541/1541/1541 1545/1545/1545 1540/1540/1540
f 1539/1539/1539 1540/1540/1540 1545/1545/1545
f 1538/1538/1538 1539/1539/1539 1546/1546/1546
f 1546/1546/1546 1539/1539/1539 1545/1545/1545
f 1537/1537/1537 1538/1538/1538 1547/1547/1547
f 1547/1547/1547 1538/1538/1538 1546/1546/1546
f 1548/1548/1548 1537/1537/1537 1547/1547/1547
f 1536/1536/1536 1537/1537/1537 1548/1548/1548
f 1549/1549/1549 1536/1536/1536 1548/1548/1548
f 1535/1535/1535 1536/1536/1536 1549/1549/1549
f 1550/1550/1550 1535/1535/1535 1549/1549/1549
f 1534/1534/1534 1535/1535/1535 1550/1550/1550
f 1551/1551/1551 1534/1534/1534 1550/1550/1550
f 1533/1533/1533 1534/1534/1534 1551/1551/1551
f 1552/1552/1552 1533/1533/1533 1551/1551/1551
f 1532/1532/1532 1533/1533/1533 1552/1552/1552
f 1553/1553/1553 1532/1532/1532 1552/1552/1552
f 1525/1525/1525 1532/1532/1532 1553/1553/1553
f 1554/1554/1554 1525/1525/1525 1553/1553/1553
f 1526/1526/1526 1525/1525/1525 1554/1554/1554
f 1555/1555/1555 1526/1526/1526 1554/1554/1554
f 1527/1527/1527 1526/1526/1526 1555/1555/1555
f 1556/1556/1556 1527/1527/1527 1555/1555/1555
f 1528/1528/1528 1527/1527/1527 1556/1556/1556
f 1557/1557/1557 1528/1528/1528 1556/1556/1556
f 1529/1529/1529 1528/1528/1528 1557/1557/1557
f 1558/1558/1558 1529/1529/1529 1557/1557/1557
f 1530/1530/1530 1529/1529/1529 1558/1558/1558
f 1559/1559/1559 1530/1530/1530 1558/1558/1558
f 1531/1531/1531 1530/1530/1530 1559/1559/1559
f 1553/1553/1553 1552/1552/1552 1560/1560/1560
f 1554/1554/1554 1553/1553/1553 1561/1561/1561
f 1561/1561/1561 1553/1553/1553 1560/1560/1560
f 1555/1555/1555 1554/1554/1554 1562/1562/1562
f 1562/1562/1562 1554/1554/1554 1561/1561/1561
f 1556/1556/1556 1555/1555/1555 1563/1563/1563
f 1563/1563/1563 1555/1555/1555 1562/1562/1562
f 1557/1557/1557 1556/1556/1556 1564/1564/1564
f 1564/1564/1564 1556/1556/1556 1563/1563/1563
f 1558/1558/1558 1557/1557/1557 1565/1565/1565
f 1565/1565/1565 1557/1557/1557 1564/1564/1564
f 1559/1559/1559 1558/1558/1558 1566/1566/1566
f 1566/1566/1566 1558/1558/1558 1565/1565/1565
f 1560/1560/1560 1552/1552/1552 1567/1567/1567
f 1552/1552/1552 1551/1551/1551 1567/1567/1567
f 1567/1567/1567 1551/1551/1551 1568/1568/1568
f 1551/1551/1551 1550/1550/1550 1568/1568/1568
f 1568/1568/1568 1550/1550/1550 1569/1569/1569
f 1550/1550/1550 1549/1549/1549 1569/1569/1569
f 1569/1569/1569 1549/1549/1549 1570/1570/1570
f 1549/1549/1549 1548/1548/1548 1570/1570/1570
f 1570/1570/1570 1548/1548/1548 1571/1571/1571
f 1548/1548/1548 1547/1547/1547 1571/1571/1571
f 1571/1571/1571 1547/1547/1547 1572/1572/1572
f 1547/1547/1547 1546/1546/1546 1572/1572/1572
f 1572/1572/1572 1546/1546/1546 1573/1573/1573
f 1546/1546/1546 1545/1545/1545 1573/1573/1573
f 1545/1545/1545 1574/1574/1574 1573/1573/1573
f 1545/1545/1545 1575/1575/1575 1574/1574/1574
f 1575/1575/1575 1576/1576/1576 1574/1574/1574
f 1575/1575/1575 1577/1577/1577 1576/1576/1576
f 1574/1574/1574 1576/1576/1576 1578/1578/1578
f 1574/1574/1574 1578/1578/1578 1573/1573/1573
f 1572/1572/1572 1573/1573/1573 1578/1578/1578
f 1571/1571/1571 1572/1572/1572 1579/1579/1579
f 1579/1579/1579 1572/1572/1572 1578/1578/1578
f 1570/1570/1570 1571/1571/1571 1580/1580/1580
f 1580/1580/1580 1571/1571/1571 1579/1579/1579
f 1581/1581/1581 1570/1570/1570 1580/1580/1580
f 1569/1569/1569 1570/1570/1570 1581/1581/1581
f 1582/1582/1582 1569/1569/1569 1581/1581/1581
f 1568/1568/1568 1569/1569/1569 1582/1582/1582
f 1583/1583/1583 1568/1568/1568 1582/1582/1582
f 1567/1567/1567 1568/1568/1568 1583/1583/1583
f 1584/1584/1584 1567/1567/1567 1583/1583/1583
f 1560/1560/1560 1567/1567/1567 1584/1584/1584
f 1585/1585/1585 1560/1560/1560 1584/1584/1584
f 1561/1561/1561 1560/1560/1560 1585/1585/1585
f 1586/1586/1586 1561/1561/1561 1585/1585/1585
f 1562/1562/1562 1561/1561/1561 1586/1586/1586
f 1587/1587/1587 1562/1562/1562 1586/1586/1586
f 1563/1563/1563 1562/1562/1562 1587/1587/1587
f 1588/1588/1588 1563/1563/1563 1587/1587/1587
f 1564/1564/1564 1563/1563/1563 1588/1588/1588
f 1589/1589/1589 1564/1564/1564 1588/1588/1588
f 1565/1565/1565 1564/1564/1564 1589/1589/1589
f 1590/1590/1590 1565/1565/1565 1589/1589/1589
f 1566/1566/1566 1565/1565/1565 1590/1590/1590
f 1584/1584/1584 1583/1583/1583 1591/1591/1591
f 1585/1585/1585 1584/1584/1584 1592/1592/1592
f 1592/1592/1592 1584/1584/1584 1591/1591/1591
f 1586/1586/1586 1585/1585/1585 1593/1593/1593
f 1593/1593/1593 1585/1585/1585 1592/1592/1592
f 1587/1587/1587 1586/1586/1586 1594/1594/1594
f 1594/1594/1594 1586/1586/1586 1593/1593/1593
f 1588/1588/1588 1587/1587/1587 1595/1595/1595
f 1595/1595/1595 1587/1587/1587 1594/1594/1594
f 1589/1589/1589 1588/1588/1588 1596/1596/1596
f 1596/1596/1596 1588/1588/1588 1595/1595/1595
f 1590/1590/1590 1589/1589/1589 1597/1597/1597
f 1597/1597/1597 1589/1589/1589 1596/1596/1596
f 1591/1591/1591 1583/1583/1583 1598/1598/1598
f 1583/1583/1583 1582/1582/1582 1598/1598/1598
f 1598/1598/1598 1582/1582/1582 1599/1599/1599
f 1582/1582/1582 1581/1581/1581 1599/1599/1599
f 1599/1599/1599 1581/1581/1581 1600/1600/1600
f 1581/1581/1581 1580/1580/1580 1600/1600/1600
f 1600/1600/1600 1580/1580/1580 1601/1601/1601
f 1580/1580/1580 1579/1579/1579 1601/1601/1601
f 1601/1601/1601 1579/1579/1579 1602/1602/1602
f 1579/1579/1579 1578/1578/1578 1602/1602/1602
f 1578/1578/1578 1603/1603/1603 1602/1602/1602
f 1578/1578/1578 1604/1604/1604 1603/1603/1603
f 1604/1604/1604 1605/1605/1605 1603/1603/1603
f 1604/1604/1604 1606/1606/1606 1605/1605/1605
f 1603/1603/1603 1605/1605/1605 1607/1607/1607
f 1603/1603/1603 1607/1607/1607 1602/1602/1602
f 1601/1601/1601 1602/1602/1602 1607/1607/1607
f 1600/1600/1600 1601/1601/1601 1608/1608/1608
f 1608/1608/1608 1601/1601/1601 1607/1607/1607
f 1599/1599/1599 1600/1600/1600 1609/1609/1609
f 1609/1609/1609 1600/1600/1600 1608/1608/1608
f 1610/1610/1610 1599/1599/1599 1609/1609/1609
f 1598/1598/1598 1599/1599/1599 1610/1610/1610
f 1611/1611/1611 1598/1598/1598 1610/1610/1610
f 1591/1591/1591 1598/1598/1598 1611/1611/1611
f 1612/1612/1612 1591/1591/1591 1611/1611/1611
f 1592/1592/1592 1591/1591/1591 1612/1612/1612
f 1613/1613/1613 1592/1592/1592 1612/1612/1612
f 1593/1593/1593 1592/1592/1592 1613/1613/1613
f 1614/1614/1614 1593/1593/1593 1613/1613/1613
f 1594/1594/1594 1593/1593/1593 1614/1614/1614
f 1615/1615/1615 1594/1594/1594 1614/1614/1614
f 1595/1595/1595 1594/1594/1594 1615/1615/1615
f 1616/1616/1616 1595/1595/1595 1615/1615/1615
f 1596/1596/1596 1595/1595/1595 1616/1616/1616
f 1617/1617/1617 1596/1596/1596 1616/1616/1616
f 1597/1597/1597 1596/1596/1596 1617/1617/1617
f 1611/1611/1611 1610/1610/1610 1618/1618/1618
f 1612/1612/1612 1611/1611/1611 1619/1619/1619
f 1619/1619/1619 1611/1611/1611 1618/1618/1618
f 1613/1613/1613 1612/1612/1612 1620/1620/1620
f 1620/1620/1620 1612/1612/1612 1619/1619/1619
f 1614/1614/1614 1613/1613/1613 1621/1621/1621
f 1621/1621/1621 1613/1613/1613 1620/1620/1620
f 1615/1615/1615 1614/1614/1614 1622/1622/1622
f 1622/1622/1622 1614/1614/1614 1621/1621/1621
f 1616/1616/1616 1615/1615/1615 1623/1623/1623
f 1623/1623/1623 1615/1615/1615 1622/1622/1622
f 1617/1617/1617 1616/1616/1616 1624/1624/1624
f 1624/1624/1624 1616/1616/1616 1623/1623/1623
f 1618/1618/1618 1610/1610/1610 1625/1625/1625
f 1610/1610/1610 1609/1609/1609 1625/1625/1625
f 1625/1625/1625 1609/1609/1609 1626/1626/1626
f 1609/1609/1609 1608/1608/1608 1626/1626/1626
f 1626/1626/1626 1608/1608/1608 1627/1627/1627
f 1608/1608/1608 1607/1607/1607 1627/1627/1627
f 1607/1607/1607 1628/1628/1628 1627/1627/1627
f 1607/1607/1607 1629/1629/1629 1628/1628/1628
f 1629/1629/1629 1630/1630/1630 1628/1628/1628
f 1629/1629/1629 1631/1631/1631 1630/1630/1630
f 1628/1628/1628 1630/1630/1630 1632/1632/1632
f 1628/1628/1628 1632/1632/1632 1627/1627/1627
f 1626/1626/1626 1627/1627/1627 1632/1632/1632
f 1625/1625/1625 1626/1626/1626 1633/1633/1633
f 1633/1633/1633 1626/1626/1626 1632/1632/1632
f 1618/1618/1618 1625/1625/1625 1634/1634/1634
f 1634/1634/1634 1625/1625/1625 1633/1633/1633
f 1635/1635/1635 1618/1618/1618 1634/1634/1634
f 1619/1619/1619 1618/1618/1618 1635/1635/1635
f 1636/1636/1636 1619/1619/1619 1635/1635/1635
f 1620/1620/1620 1619/1619/1619 1636/1636/1636
f 1637/1637/1637 1620/1620/1620 1636/1636/1636
f 1621/1621/1621 1620/1620/1620 1637/1637/1637
f 1638/1638/1638 1621/1621/1621 1637/1637/1637
f 1622/1622/1622 1621/1621/1621 1638/1638/1638
f 1639/1639/1639 1622/1622/1622 1638/1638/1638
f 1623/1623/1623 1622/1622/1622 1639/1639/1639
f 1640/1640/1640 1623/1623/1623 1639/1639/1639
f 1624/1624/1624 1623/1623/1623 1640/1640/1640
f 1634/1634/1634 1633/1633/1633 1641/1641/1641
f 1635/1635/1635 1634/1634/1634 1642/1642/1642
f 1642/1642/1642 1634/1634/1634 1641/1641/1641
f 1636/1636/1636 1635/1635/1635 1643/1643/1643
f 1643/1643/1643 1635/1635/1635 1642/1642/1642
f 1637/1637/1637 1636/1636/1636 1644/1644/1644
f 1644/1644/1644 1636/1636/1636 1643/1643/1643
f 1638/1638/1638 1637/1637/1637 1645/1645/1645
f 1645/1645/1645 1637/1637/1637 1644/1644/1644
f 1639/1639/1639 1638/1638/1638 1646/1646/1646
f 1646/1646/1646 1638/1638/1638 1645/1645/1645
f 1640/1640/1640 1639/1639/1639 1647/1647/1647
f 1647/1647/1647 1639/1639/1639 1646/1646/1646
f 1641/1641/1641 1633/1633/1633 1648/1648/1648
f 1633/1633/1633 1632/1632/1632 1648/1648/1648
f 1632/1632/1632 1649/1649/1649 1648/1648/1648
f 1632/1632/1632 1650/1650/1650 1649/1649/1649
f 1650/1650/1650 1651/1651/1651 1649/1649/1649
f 1650/1650/1650 1652/1652/1652 1651/1651/1651
f 1649/1649/1649 1651/1651/1651 1653/1653/1653
f 1649/1649/1649 1653/1653/1653 1648/1648/1648
f 1641/1641/1641 1648/1648/1648 1653/1653/1653
f 1654/1654/1654 1641/1641/1641 1653/1653/1653
f 1642/1642/1642 1641/1641/1641 1654/1654/1654
f 1655/1655/1655 1642/1642/1642 1654/1654/1654
f 1643/1643/1643 1642/1642/1642 1655/1655/1655
f 1656/1656/1656 1643/1643/1643 1655/1655/1655
f 1644/1644/1644 1643/1643/1643 1656/1656/1656
f 1657/1657/1657 1644/1644/1644 1656/1656/1656
f 1645/1645/1645 1644/1644/1644 1657/1657/1657
f 1658/1658/1658 1645/1645/1645 1657/1657/1657
f 1646/1646/1646 1645/1645/1645 1658/1658/1658
f 1659/1659/1659 1646/1646/1646 1658/1658/1658
f 1647/1647/1647 1646/1646/1646 1659/1659/1659
f 1654/1654/1654 1653/1653/1653 1660/1660/1660
f 1655/1655/1655 1654/1654/1654 1661/1661/1661
f 1661/1661/1661 1654/1654/1654 1660/1660/1660
f 1656/1656/1656 1655/1655/1655 1662/1662/1662
f 1662/1662/1662 1655/1655/1655 1661/1661/1661
f 1657/1657/1657 1656/1656/1656 1663/1663/1663
f 1663/1663/1663 1656/1656/1656 1662/1662/1662
f 1658/1658/1658 1657/1657/1657 1664/1664/1664
f 1664/1664/1664 1657/1657/1657 1663/1663/1663
f 1653/1653/1653 1665/1665/1665 1660/1660/1660
f 1653/1653/1653 1666/1666/1666 1665/1665/1665
f 1666/1666/1666 1667/1667/1667 1665/1665/1665
f 1666/1666/1666 1668/1668/1668 1667/1667/1667
f 1665/1665/1665 1667/1667/1667 1669/1669/1669
f 1665/1665/1665 1669/1669/1669 1660/1660/1660
f 1661/1661/1661 1660/1660/1660 1669/1669/1669
f 1662/1662/1662 1661/1661/1661 1670/1670/1670
f 1670/1670/1670 1661/1661/1661 1669/1669/1669
f 1663/1663/1663 1662/1662/1662 1671/1671/1671
f 1671/1671/1671 1662/1662/1662 1670/1670/1670
f 1672/1672/1672 1658/1658/1658 1664/1664/1664
f 1659/1659/1659 1658/1658/1658 1672/1672/1672
f 1664/1664/1664 1663/1663/1663 1673/1673/1673
f 1673/1673/1673 1663/1663/1663 1671/1671/1671
f 1672/1672/1672 1664/1664/1664 1674/1674/1674
f 1674/1674/1674 1664/1664/1664 1673/1673/1673
f 1670/1670/1670 1669/1669/1669 1675/1675/1675
f 1671/1671/1671 1670/1670/1670 1676/1676/1676
f 1676/1676/1676 1670/1670/1670 1675/1675/1675
f 1673/1673/1673 1671/1671/1671 1677/1677/1677
f 1677/1677/1677 1671/1671/1671 1676/1676/1676
f 1669/1669/1669 1678/1678/1678 1675/1675/1675
f 1669/1669/1669 1679/1679/1679 1678/1678/1678
f 1679/1679/1679 1680/1680/1680 1678/1678/1678
f 1679/1679/1679 1681/1681/1681 1680/1680/1680
f 1678/1678/1678 1680/1680/1680 1682/1682/1682
f 1678/1678/1678 1682/1682/1682 1675/1675/1675
f 1676/1676/1676 1675/1675/1675 1682/1682/1682
f 1674/1674/1674 1673/1673/1673 1683/1683/1683
f 1683/1683/1683 1673/1673/1673 1677/1677/1677
f 1677/1677/1677 1676/1676/1676 1684/1684/1684
f 1684/1684/1684 1676/1676/1676 1682/1682/1682
f 1683/1683/1683 1677/1677/1677 1685/1685/1685
f 1685/1685/1685 1677/1677/1677 1684/1684/1684
f 1686/1686/1686 1674/1674/1674 1683/1683/1683
f 1687/1687/1687 1683/1683/1683 1685/1685/1685
f 1686/1686/1686 1683/1683/1683 1687/1687/1687
f 1688/1688/1688 1674/1674/1674 1686/1686/1686
f 1688/1688/1688 1672/1672/1672 1674/1674/1674
f 1689/1689/1689 1672/1672/1672 1688/1688/1688
f 1689/1689/1689 1659/1659/1659 1672/1672/1672
f 1690/1690/1690 1659/1659/1659 1689/1689/1689
f 1690/1690/1690 1647/1647/1647 1659/1659/1659
f 1691/1691/1691 1647/1647/1647 1690/1690/1690
f 1691/1691/1691 1640/1640/1640 1647/1647/1647
f 1692/1692/1692 1640/1640/1640 1691/1691/1691
f 1692/1692/1692 1624/1624/1624 1640/1640/1640
f 1693/1693/1693 1624/1624/1624 1692/1692/1692
f 1693/1693/1693 1617/1617/1617 1624/1624/1624
f 1694/1694/1694 1617/1617/1617 1693/1693/1693
f 1694/1694/1694 1597/1597/1597 1617/1617/1617
f 1695/1695/1695 1597/1597/1597 1694/1694/1694
f 1695/1695/1695 1590/1590/1590 1597/1597/1597
f 1696/1696/1696 1590/1590/1590 1695/1695/1695
f 1696/1696/1696 1566/1566/1566 1590/1590/1590
f 1697/1697/1697 1566/1566/1566 1696/1696/1696
f 1697/1697/1697 1559/1559/1559 1566/1566/1566
f 1698/1698/1698 1559/1559/1559 1697/1697/1697
f 1698/1698/1698 1531/1531/1531 1559/1559/1559
f 1699/1699/1699 1531/1531/1531 1698/1698/1698
f 1699/1699/1699 1524/1524/1524 1531/1531/1531
f 1700/1700/1700 1524/1524/1524 1699/1699/1699
f 1700/1700/1700 1492/1492/1492 1524/1524/1524
f 1701/1701/1701 1492/1492/1492 1700/1700/1700
f 1701/1701/1701 1485/1485/1485 1492/1492/1492
f 1702/1702/1702 1485/1485/1485 1701/1701/1701
f 1702/1702/1702 1449/1449/1449 1485/1485/1485
f 1703/1703/1703 1449/1449/1449 1702/1702/1702
f 1703/1703/1703 1442/1442/1442 1449/1449/1449
f 1704/1704/1704 1442/1442/1442 1703/1703/1703
f 1704/1704/1704 1402/1402/1402 1442/1442/1442
f 1705/1705/1705 1402/1402/1402 1704/1704/1704
f 1705/1705/1705 1395/1395/1395 1402/1402/1402
f 1706/1706/1706 1395/1395/1395 1705/1705/1705
f 1706/1706/1706 1346/1346/1346 1395/1395/1395
f 1707/1707/1707 1346/1346/1346 1706/1706/1706
f 1707/1707/1707 1344/1344/1344 1346/1346/1346
f 1708/1708/1708 1344/1344/1344 1707/1707/1707
f 1708/1708/1708 1343/1343/1343 1344/1344/1344
f 1709/1709/1709 1343/1343/1343 1708/1708/1708
f 1709/1709/1709 1342/1342/1342 1343/1343/1343
f 1710/1710/1710 1342/1342/1342 1709/1709/1709
f 1710/1710/1710 1341/1341/1341 1342/1342/1342
f 1711/1711/1711 1341/1341/1341 1710/1710/1710
f 1711/1711/1711 1712/1712/1712 1341/1341/1341
f 1713/1713/1713 1712/1712/1712 1711/1711/1711
f 1713/1713/1713 1711/1711/1711 1710/1710/1710
f 1713/1713/1713 1714/1714/1714 1712/1712/1712
f 1713/1713/1713 1710/1710/1710 1715/1715/1715
f 1715/1715/1715 1710/1710/1710 1709/1709/1709
f 1716/1716/1716 1709/1709/1709 1708/1708/1708
f 1715/1715/1715 1709/1709/1709 1716/1716/1716
f 1717/1717/1717 1708/1708/1708 1707/1707/1707
f 1716/1716/1716 1708/1708/1708 1717/1717/1717
f 1717/1717/1717 1707/1707/1707 1718/1718/1718
f 1718/1718/1718 1707/1707/1707 1706/1706/1706
f 1718/1718/1718 1706/1706/1706 1719/1719/1719
f 1719/1719/1719 1706/1706/1706 1705/1705/1705
f 1719/1719/1719 1705/1705/1705 1720/1720/1720
f 1720/1720/1720 1705/1705/1705 1704/1704/1704
f 1720/1720/1720 1704/1704/1704 1721/1721/1721
f 1721/1721/1721 1704/1704/1704 1703/1703/1703
f 1721/1721/1721 1703/1703/1703 1722/1722/1722
f 1722/1722/1722 1703/1703/1703 1702/1702/1702
f 1722/1722/1722 1702/1702/1702 1723/1723/1723
f 1723/1723/1723 1702/1702/1702 1701/1701/1701
f 1723/1723/1723 1701/1701/1701 1724/1724/1724
f 1724/1724/1724 1701/1701/1701 1700/1700/1700
f 1724/1724/1724 1700/1700/1700 1725/1725/1725
f 1725/1725/1725 1700/1700/1700 1699/1699/1699
f 1725/1725/1725 1699/1699/1699 1726/1726/1726
f 1726/1726/1726 1699/1699/1699 1698/1698/1698
f 1726/1726/1726 1698/1698/1698 1727/1727/1727
f 1727/1727/1727 1698/1698/1698 1697/1697/1697
f 1727/1727/1727 1697/1697/1697 1728/1728/1728
f 1728/1728/1728 1697/1697/1697 1696/1696/1696
f 1728/1728/1728 1696/1696/1696 1729/1729/1729
f 1729/1729/1729 1696/1696/1696 1695/1695/1695
f 1729/1729/1729 1695/1695/1695 1730/1730/1730
f 1730/1730/1730 1695/1695/1695 1694/1694/1694
f 1730/1730/1730 1694/1694/1694 1731/1731/1731
f 1731/1731/1731 1694/1694/1694 1693/1693/1693
f 1731/1731/1731 1693/1693/1693 1732/1732/1732
f 1732/1732/1732 1693/1693/1693 1692/1692/1692
f 1732/1732/1732 1692/1692/1692 1733/1733/1733
f 1733/1733/1733 1692/1692/1692 1691/1691/1691
f 1733/1733/1733 1691/1691/1691 1734/1734/1734
f 1734/1734/1734 1691/1691/1691 1690/1690/1690
f 1734/1734/1734 1690/1690/1690 1735/1735/1735
f 1735/1735/1735 1690/1690/1690 1689/1689/1689
f 1735/1735/1735 1689/1689/1689 1736/1736/1736
f 1736/1736/1736 1689/1689/1689 1688/1688/1688
f 1736/1736/1736 1688/1688/1688 1737/1737/1737
f 1737/1737/1737 1688/1688/1688 1686/1686/1686
f 1737/1737/1737 1686/1686/1686 1738/1738/1738
f 1738/1738/1738 1686/1686/1686 1687/1687/1687
f 1739/1739/1739 1731/1731/1731 1732/1732/1732
f 1740/1740/1740 1732/1732/1732 1733/1733/1733
f 1739/1739/1739 1732/1732/1732 1740/1740/1740
f 1741/1741/1741 1733/1733/1733 1734/1734/1734
f 1740/1740/1740 1733/1733/1733 1741/1741/1741
f 1742/1742/1742 1734/1734/1734 1735/1735/1735
f 1741/1741/1741 1734/1734/1734 1742/1742/1742
f 1743/1743/1743 1735/1735/1735 1736/1736/1736
f 1742/1742/1742 1735/1735/1735 1743/1743/1743
f 1744/1744/1744 1736/1736/1736 1737/1737/1737
f 1743/1743/1743 1736/1736/1736 1744/1744/1744
f 1745/1745/1745 1737/1737/1737 1738/1738/1738
f 1744/1744/1744 1737/1737/1737 1745/1745/1745
f 1746/1746/1746 1731/1731/1731 1739/1739/1739
f 1746/1746/1746 1730/1730/1730 1731/1731/1731
f 1747/1747/1747 1730/1730/1730 1746/1746/1746
f 1747/1747/1747 1729/1729/1729 1730/1730/1730
f 1748/1748/1748 1729/1729/1729 1747/1747/1747
f 1748/1748/1748 1728/1728/1728 1729/1729/1729
f 1749/1749/1749 1728/1728/1728 1748/1748/1748
f 1749/1749/1749 1727/1727/1727 1728/1728/1728
f 1750/1750/1750 1727/1727/1727 1749/1749/1749
f 1750/1750/1750 1726/1726/1726 1727/1727/1727
f 1751/1751/1751 1726/1726/1726 1750/1750/1750
f 1751/1751/1751 1725/1725/1725 1726/1726/1726
f 1752/1752/1752 1725/1725/1725 1751/1751/1751
f 1752/1752/1752 1724/1724/1724 1725/1725/1725
f 1753/1753/1753 1724/1724/1724 1752/1752/1752
f 1753/1753/1753 1723/1723/1723 1724/1724/1724
f 1754/1754/1754 1723/1723/1723 1753/1753/1753
f 1754/1754/1754 1722/1722/1722 1723/1723/1723
f 1755/1755/1755 1722/1722/1722 1754/1754/1754
f 1755/1755/1755 1721/1721/1721 1722/1722/1722
f 1756/1756/1756 1721/1721/1721 1755/1755/1755
f 1756/1756/1756 1720/1720/1720 1721/1721/1721
f 1757/1757/1757 1720/1720/1720 1756/1756/1756
f 1757/1757/1757 1719/1719/1719 1720/1720/1720
f 1758/1758/1758 1719/1719/1719 1757/1757/1757
f 1758/1758/1758 1718/1718/1718 1719/1719/1719
f 1759/1759/1759 1718/1718/1718 1758/1758/1758
f 1759/1759/1759 1717/1717/1717 1718/1718/1718
f 1760/1760/1760 1717/1717/1717 1759/1759/1759
f 1760/1760/1760 1716/1716/1716 1717/1717/1717
f 1761/1761/1761 1716/1716/1716 1760/1760/1760
f 1761/1761/1761 1715/1715/1715 1716/1716/1716
f 1762/1762/1762 1715/1715/1715 1761/1761/1761
f 1762/1762/1762 1763/1763/1763 1715/1715/1715
f 1764/1764/1764 1763/1763/1763 1762/1762/1762
f 1764/1764/1764 1762/1762/1762 1761/1761/1761
f 1764/1764/1764 1765/1765/1765 1763/1763/1763
f 1764/1764/1764 1761/1761/1761 1766/1766/1766
f 1766/1766/1766 1761/1761/1761 1760/1760/1760
f 1767/1767/1767 1760/1760/1760 1759/1759/1759
f 1766/1766/1766 1760/1760/1760 1767/1767/1767
f 1768/1768/1768 1759/1759/1759 1758/1758/1758
f 1767/1767/1767 1759/1759/1759 1768/1768/1768
f 1768/1768/1768 1758/1758/1758 1769/1769/1769
f 1769/1769/1769 1758/1758/1758 1757/1757/1757
f 1769/1769/1769 1757/1757/1757 1770/1770/1770
f 1770/1770/1770 1757/1757/1757 1756/1756/1756
f 1770/1770/1770 1756/1756/1756 1771/1771/1771
f 1771/1771/1771 1756/1756/1756 1755/1755/1755
f 1771/1771/1771 1755/1755/1755 1772/1772/1772
f 1772/1772/1772 1755/1755/1755 1754/1754/1754
f 1772/1772/1772 1754/1754/1754 1773/1773/1773
f 1773/1773/1773 1754/1754/1754 1753/1753/1753
f 1773/1773/1773 1753/1753/1753 1774/1774/1774
f 1774/1774/1774 1753/1753/1753 1752/1752/1752
f 1774/1774/1774 1752/1752/1752 1775/1775/1775
f 1775/1775/1775 1752/1752/1752 1751/1751/1751
f 1775/1775/1775 1751/1751/1751 1776/1776/1776
f 1776/1776/1776 1751/1751/1751 1750/1750/1750
f 1776/1776/1776 1750/1750/1750 1777/1777/1777
f 1777/1777/1777 1750/1750/1750 1749/1749/1749
f 1777/1777/1777 1749/1749/1749 1778/1778/1778
f 1778/1778/1778 1749/1749/1749 1748/1748/1748
f 1778/1778/1778 1748/1748/1748 1779/1779/1779
f 1779/1779/1779 1748/1748/1748 1747/1747/1747
f 1779/1779/1779 1747/1747/1747 1780/1780/1780
f 1780/1780/1780 1747/1747/1747 1746/1746/1746
f 1780/1780/1780 1746/1746/1746 1781/1781/1781
f 1781/1781/1781 1746/1746/1746 1739/1739/1739
f 1781/1781/1781 1739/1739/1739 1782/1782/1782
f 1782/1782/1782 1739/1739/1739 1740/1740/1740
f 1782/1782/1782 1740/1740/1740 1783/1783/1783
f 1783/1783/1783 1740/1740/1740 1741/1741/1741
f 1783/1783/1783 1741/1741/1741 1784/1784/1784
f 1784/1784/1784 1741/1741/1741 1742/1742/1742
f 1784/1784/1784 1742/1742/1742 1785/1785/1785
f 1785/1785/1785 1742/1742/1742 1743/1743/1743
f 1785/1785/1785 1743/1743/1743 1786/1786/1786
f 1786/1786/1786 1743/1743/1743 1744/1744/1744
f 1786/1786/1786 1744/1744/1744 1787/1787/1787
f 1787/1787/1787 1744/1744/1744 1745/1745/1745
f 1788/1788/1788 1780/1780/1780 1781/1781/1781
f 1789/1789/1789 1781/1781/1781 1782/1782/1782
f 1788/1788/1788 1781/1781/1781 1789/1789/1789
f 1790/1790/1790 1782/1782/1782 1783/1783/1783
f 1789/1789/1789 1782/1782/1782 1790/1790/1790
f 1791/1791/1791 1783/1783/1783 1784/1784/1784
f 1790/1790/1790 1783/1783/1783 1791/1791/1791
f 1792/1792/1792 1784/1784/1784 1785/1785/1785
f 1791/1791/1791 1784/1784/1784 1792/1792/1792
f 1793/1793/1793 1785/1785/1785 1786/1786/1786
f 1792/1792/1792 1785/1785/1785 1793/1793/1793
f 1794/1794/1794 1786/1786/1786 1787/1787/1787
f 1793/1793/1793 1786/1786/1786 1794/1794/1794
f 1795/1795/1795 1780/1780/1780 1788/1788/1788
f 1795/1795/1795 1779/1779/1779 1780/1780/1780
f 1796/1796/1796 1779/1779/1779 1795/1795/1795
f 1796/1796/1796 1778/1778/1778 1779/1779/1779
f 1797/1797/1797 1778/1778/1778 1796/1796/1796
f 1797/1797/1797 1777/1777/1777 1778/1778/1778
f 1798/1798/1798 1777/1777/1777 1797/1797/1797
f 1798/1798/1798 1776/1776/1776 1777/1777/1777
f 1799/1799/1799 1776/1776/1776 1798/1798/1798
f 1799/1799/1799 1775/1775/1775 1776/1776/1776
f 1800/1800/1800 1775/1775/1775 1799/1799/1799
f 1800/1800/1800 1774/1774/1774 1775/1775/1775
f 1801/1801/1801 1774/1774/1774 1800/1800/1800
f 1801/1801/1801 1773/1773/1773 1774/1774/1774
f 1802/1802/1802 1773/1773/1773 1801/1801/1801
f 1802/1802/1802 1772/1772/1772 1773/1773/1773
f 1803/1803/1803 1772/1772/1772 1802/1802/1802
f 1803/1803/1803 1771/1771/1771 1772/1772/1772
f 1804/1804/1804 1771/1771/1771 1803/1803/1803
f 1804/1804/1804 1770/1770/1770 1771/1771/1771
f 1805/1805/1805 1770/1770/1770 1804/1804/1804
f 1805/1805/1805 1769/1769/1769 1770/1770/1770
f 1806/1806/1806 1769/1769/1769 1805/1805/1805
f 1806/1806/1806 1768/1768/1768 1769/1769/1769
f 1807/1807/1807 1768/1768/1768 1806/1806/1806
f 1807/1807/1807 1767/1767/1767 1768/1768/1768
f 1808/1808/1808 1767/1767/1767 1807/1807/1807
f 1808/1808/1808 1766/1766/1766 1767/1767/1767
f 1809/1809/1809 1766/1766/1766 1808/1808/1808
f 1809/1809/1809 1810/1810/1810 1766/1766/1766
f 1811/1811/1811 1810/1810/1810 1809/1809/1809
f 1811/1811/1811 1809/1809/1809 1808/1808/1808
f 1811/1811/1811 1812/1812/1812 1810/1810/1810
f 1811/1811/1811 1808/1808/1808 1813/1813/1813
f 1813/1813/1813 1808/1808/1808 1807/1807/1807
f 1814/1814/1814 1807/1807/1807 1806/1806/1806
f 1813/1813/1813 1807/1807/1807 1814/1814/1814
f 1815/1815/1815 1806/1806/1806 1805/1805/1805
f 1814/1814/1814 1806/1806/1806 1815/1815/1815
f 1815/1815/1815 1805/1805/1805 1816/1816/1816
f 1816/1816/1816 1805/1805/1805 1804/1804/1804
f 1816/1816/1816 1804/1804/1804 1817/1817/1817
f 1817/1817/1817 1804/1804/1804 1803/1803/1803
f 1817/1817/1817 1803/1803/1803 1818/1818/1818
f 1818/1818/1818 1803/1803/1803 1802/1802/1802
f 1818/1818/1818 1802/1802/1802 1819/1819/1819
f 1819/1819/1819 1802/1802/1802 1801/1801/1801
f 1819/1819/1819 1801/1801/1801 1820/1820/1820
f 1820/1820/1820 1801/1801/1801 1800/1800/1800
f 1820/1820/1820 1800/1800/1800 1821/1821/1821
f 1821/1821/1821 1800/1800/1800 1799/1799/1799
f 1821/1821/1821 1799/1799/1799 1822/1822/1822
f 1822/1822/1822 1799/1799/1799 1798/1798/1798
f 1822/1822/1822 1798/1798/1798 1823/1823/1823
f 1823/1823/1823 1798/1798/1798 1797/1797/1797
f 1823/1823/1823 1797/1797/1797 1824/1824/1824
f 1824/1824/1824 1797/1797/1797 1796/1796/1796
f 1824/1824/1824 1796/1796/1796 1825/1825/1825
f 1825/1825/1825 1796/1796/1796 1795/1795/1795
f 1825/1825/1825 1795/1795/1795 1826/1826/1826
f 1826/1826/1826 1795/1795/1795 1788/1788/1788
f 1826/1826/1826 1788/1788/1788 1827/1827/1827
f 1827/1827/1827 1788/1788/1788 1789/1789/1789
f 1827/1827/1827 1789/1789/1789 1828/1828/1828
f 1828/1828/1828 1789/1789/1789 1790/1790/1790
f 1828/1828/1828 1790/1790/1790 1829/1829/1829
f 1829/1829/1829 1790/1790/1790 1791/1791/1791
f 1829/1829/1829 1791/1791/1791 1830/1830/1830
f 1830/1830/1830 1791/1791/1791 1792/1792/1792
f 1830/1830/1830 1792/1792/1792 1831/1831/1831
f 1831/1831/1831 1792/1792/1792 1793/1793/1793
f 1831/1831/1831 1793/1793/1793 1832/1832/1832
f 1832/1832/1832 1793/1793/1793 1794/1794/1794
f 1833/1833/1833 1825/1825/1825 1826/1826/1826
f 1834/1834/1834 1826/1826/1826 1827/1827/1827
f 1833/1833/1833 1826/1826/1826 1834/1834/1834
f 1835/1835/1835 1827/1827/1827 1828/1828/1828
f 1834/1834/1834 1827/1827/1827 1835/1835/1835
f 1836/1836/1836 1828/1828/1828 1829/1829/1829
f 1835/1835/1835 1828/1828/1828 1836/1836/1836
f 1837/1837/1837 1829/1829/1829 1830/1830/1830
f 1836/1836/1836 1829/1829/1829 1837/1837/1837
f 1838/1838/1838 1830/1830/1830 1831/1831/1831
f 1837/1837/1837 1830/1830/1830 1838/1838/1838
f 1839/1839/1839 1831/1831/1831 1832/1832/1832
f 1838/1838/1838 1831/1831/1831 1839/1839/1839
f 1840/1840/1840 1825/1825/1825 1833/1833/1833
f 1840/1840/1840 1824/1824/1824 1825/1825/1825
f 1841/1841/1841 1824/1824/1824 1840/1840/1840
f 1841/1841/1841 1823/1823/1823 1824/1824/1824
f 1842/1842/1842 1823/1823/1823 1841/1841/1841
f 1842/1842/1842 1822/1822/1822 1823/1823/1823
f 1843/1843/1843 1822/1822/1822 1842/1842/1842
f 1843/1843/1843 1821/1821/1821 1822/1822/1822
f 1844/1844/1844 1821/1821/1821 1843/1843/1843
f 1844/1844/1844 1820/1820/1820 1821/1821/1821
f 1845/1845/1845 1820/1820/1820 1844/1844/1844
f 1845/1845/1845 1819/1819/1819 1820/1820/1820
f 1846/1846/1846 1819/1819/1819 1845/1845/1845
f 1846/1846/1846 1818/1818/1818 1819/1819/1819
f 1847/1847/1847 1818/1818/1818 1846/1846/1846
f 1847/1847/1847 1817/1817/1817 1818/1818/1818
f 1848/1848/1848 1817/1817/1817 1847/1847/1847
f 1848/1848/1848 1816/1816/1816 1817/1817/1817
f 1849/1849/1849 1816/1816/1816 1848/1848/1848
f 1849/1849/1849 1815/1815/1815 1816/1816/1816
f 1850/1850/1850 1815/1815/1815 1849/1849/1849
f 1850/1850/1850 1814/1814/1814 1815/1815/1815
f 1851/1851/1851 1814/1814/1814 1850/1850/1850
f 1851/1851/1851 1813/1813/1813 1814/1814/1814
f 1852/1852/1852 1813/1813/1813 1851/1851/1851
f 1852/1852/1852 1853/1853/1853 1813/1813/1813
f 1854/1854/1854 1853/1853/1853 1852/1852/1852
f 1854/1854/1854 1855/1855/1855 1853/1853/1853
f 1856/1856/1856 1854/1854/1854 1852/1852/1852
f 1856/1856/1856 1852/1852/1852 1851/1851/1851
f 1857/1857/1857 1856/1856/1856 1851/1851/1851
f 1857/1857/1857 1851/1851/1851 1850/1850/1850
f 1858/1858/1858 1857/1857/1857 1850/1850/1850
f 1858/1858/1858 1850/1850/1850 1849/1849/1849
f 1859/1859/1859 1858/1858/1858 1849/1849/1849
f 1859/1859/1859 1849/1849/1849 1848/1848/1848
f 1860/1860/1860 1859/1859/1859 1848/1848/1848
f 1860/1860/1860 1848/1848/1848 1847/1847/1847
f 1861/1861/1861 1860/1860/1860 1847/1847/1847
f 1861/1861/1861 1847/1847/1847 1846/1846/1846
f 1862/1862/1862 1861/1861/1861 1846/1846/1846
f 1862/1862/1862 1846/1846/1846 1845/1845/1845
f 1863/1863/1863 1862/1862/1862 1845/1845/1845
f 1863/1863/1863 1845/1845/1845 1844/1844/1844
f 1864/1864/1864 1863/1863/1863 1844/1844/1844
f 1864/1864/1864 1844/1844/1844 1843/1843/1843
f 1865/1865/1865 1864/1864/1864 1843/1843/1843
f 1865/1865/1865 1843/1843/1843 1842/1842/1842
f 1866/1866/1866 1865/1865/1865 1842/1842/1842
f 1866/1866/1866 1842/1842/1842 1841/1841/1841
f 1867/1867/1867 1866/1866/1866 1841/1841/1841
f 1867/1867/1867 1841/1841/1841 1840/1840/1840
f 1868/1868/1868 1867/1867/1867 1840/1840/1840
f 1868/1868/1868 1840/1840/1840 1833/1833/1833
f 1869/1869/1869 1868/1868/1868 1833/1833/1833
f 1869/1869/1869 1833/1833/1833 1834/1834/1834
f 1870/1870/1870 1869/1869/1869 1834/1834/1834
f 1870/1870/1870 1834/1834/1834 1835/1835/1835
f 1871/1871/1871 1870/1870/1870 1835/1835/1835
f 1871/1871/1871 1835/1835/1835 1836/1836/1836
f 1872/1872/1872 1871/1871/1871 1836/1836/1836
f 1872/1872/1872 1836/1836/1836 1837/1837/1837
f 1873/1873/1873 1872/1872/1872 1837/1837/1837
f 1873/1873/1873 1837/1837/1837 1838/1838/1838
f 1874/1874/1874 1873/1873/1873 1838/1838/1838
f 1874/1874/1874 1838/1838/1838 1839/1839/1839
f 1875/1875/1875 1874/1874/1874 1839/1839/1839
f 1875/1875/1875 1839/1839/1839 1876/1876/1876
f 1877/1877/1877 1875/1875/1875 1876/1876/1876
f 1839/1839/1839 1832/1832/1832 1876/1876/1876
f 1877/1877/1877 1876/1876/1876 1878/1878/1878
f 1879/1879/1879 1877/1877/1877 1878/1878/1878
f 1876/1876/1876 1832/1832/1832 1880/1880/1880
f 1876/1876/1876 1880/1880/1880 1878/1878/1878
f 1832/1832/1832 1794/1794/1794 1880/1880/1880
f 1879/1879/1879 1878/1878/1878 1881/1881/1881
f 1882/1882/1882 1879/1879/1879 1881/1881/1881
f 1880/1880/1880 1794/1794/1794 1883/1883/1883
f 1794/1794/1794 1787/1787/1787 1883/1883/1883
f 1878/1878/1878 1880/1880/1880 1884/1884/1884
f 1878/1878/1878 1884/1884/1884 1881/1881/1881
f 1880/1880/1880 1883/1883/1883 1884/1884/1884
f 1882/1882/1882 1881/1881/1881 1885/1885/1885
f 1886/1886/1886 1882/1882/1882 1885/1885/1885
f 1883/1883/1883 1787/1787/1787 1887/1887/1887
f 1787/1787/1787 1745/1745/1745 1887/1887/1887
f 1884/1884/1884 1883/1883/1883 1888/1888/1888
f 1883/1883/1883 1887/1887/1887 1888/1888/1888
f 1881/1881/1881 1884/1884/1884 1889/1889/1889
f 1881/1881/1881 1889/1889/1889 1885/1885/1885
f 1884/1884/1884 1888/1888/1888 1889/1889/1889
f 1886/1886/1886 1885/1885/1885 1890/1890/1890
f 1891/1891/1891 1886/1886/1886 1890/1890/1890
f 1887/1887/1887 1745/1745/1745 1892/1892/1892
f 1745/1745/1745 1738/1738/1738 1892/1892/1892
f 1888/1888/1888 1887/1887/1887 1893/1893/1893
f 1887/1887/1887 1892/1892/1892 1893/1893/1893
f 1889/1889/1889 1888/1888/1888 1894/1894/1894
f 1888/1888/1888 1893/1893/1893 1894/1894/1894
f 1885/1885/1885 1889/1889/1889 1895/1895/1895
f 1885/1885/1885 1895/1895/1895 1890/1890/1890
f 1889/1889/1889 1894/1894/1894 1895/1895/1895
f 1891/1891/1891 1890/1890/1890 1896/1896/1896
f 1897/1897/1897 1891/1891/1891 1896/1896/1896
f 1892/1892/1892 1738/1738/1738 1898/1898/1898
f 1738/1738/1738 1687/1687/1687 1898/1898/1898
f 1893/1893/1893 1892/1892/1892 1899/1899/1899
f 1892/1892/1892 1898/1898/1898 1899/1899/1899
f 1894/1894/1894 1893/1893/1893 1900/1900/1900
f 1893/1893/1893 1899/1899/1899 1900/1900/1900
f 1895/1895/1895 1894/1894/1894 1901/1901/1901
f 1894/1894/1894 1900/1900/1900 1901/1901/1901
f 1890/1890/1890 1895/1895/1895 1902/1902/1902
f 1890/1890/1890 1902/1902/1902 1896/1896/1896
f 1895/1895/1895 1901/1901/1901 1902/1902/1902
f 1897/1897/1897 1896/1896/1896 1903/1903/1903
f 1904/1904/1904 1897/1897/1897 1903/1903/1903
f 1898/1898/1898 1687/1687/1687 1905/1905/1905
f 1687/1687/1687 1685/1685/1685 1905/1905/1905
f 1899/1899/1899 1898/1898/1898 1906/1906/1906
f 1898/1898/1898 1905/1905/1905 1906/1906/1906
f 1900/1900/1900 1899/1899/1899 1907/1907/1907
f 1899/1899/1899 1906/1906/1906 1907/1907/1907
f 1901/1901/1901 1900/1900/1900 1908/1908/1908
f 1900/1900/1900 1907/1907/1907 1908/1908/1908
f 1902/1902/1902 1901/1901/1901 1909/1909/1909
f 1901/1901/1901 1908/1908/1908 1909/1909/1909
f 1896/1896/1896 1902/1902/1902 1910/1910/1910
f 1896/1896/1896 1910/1910/1910 1903/1903/1903
f 1902/1902/1902 1909/1909/1909 1910/1910/1910
f 1905/1905/1905 1685/1685/1685 1911/1911/1911
f 1685/1685/1685 1684/1684/1684 1911/1911/1911
f 1906/1906/1906 1905/1905/1905 1912/1912/1912
f 1905/1905/1905 1911/1911/1911 1912/1912/1912
f 1907/1907/1907 1906/1906/1906 1913/1913/1913
f 1906/1906/1906 1912/1912/1912 1913/1913/1913
f 1908/1908/1908 1907/1907/1907 1914/1914/1914
f 1907/1907/1907 1913/1913/1913 1914/1914/1914
f 1909/1909/1909 1908/1908/1908 1915/1915/1915
f 1908/1908/1908 1914/1914/1914 1915/1915/1915
f 1910/1910/1910 1909/1909/1909 1916/1916/1916
f 1909/1909/1909 1915/1915/1915 1916/1916/1916
f 1903/1903/1903 1910/1910/1910 1917/1917/1917
f 1910/1910/1910 1916/1916/1916 1917/1917/1917
f 1911/1911/1911 1684/1684/1684 1918/1918/1918
f 1684/1684/1684 1682/1682/1682 1918/1918/1918
f 1912/1912/1912 1911/1911/1911 1919/1919/1919
f 1911/1911/1911 1918/1918/1918 1919/1919/1919
f 1682/1682/1682 1920/1920/1920 1918/1918/1918
f 1920/1920/1920 1919/1919/1919 1918/1918/1918
f 1682/1682/1682 1921/1921/1921 1920/1920/1920
f 1921/1921/1921 1922/1922/1922 1920/1920/1920
f 1920/1920/1920 1922/1922/1922 1919/1919/1919
f 1921/1921/1921 1923/1923/1923 1922/1922/1922
f 1912/1912/1912 1919/1919/1919 1924/1924/1924
f 1913/1913/1913 1912/1912/1912 1924/1924/1924
f 1919/1919/1919 1925/1925/1925 1924/1924/1924
f 1919/1919/1919 1926/1926/1926 1925/1925/1925
f 1913/1913/1913 1924/1924/1924 1927/1927/1927
f 1925/1925/1925 1927/1927/1927 1924/1924/1924
f 1914/1914/1914 1913/1913/1913 1927/1927/1927
f 1926/1926/1926 1928/1928/1928 1925/1925/1925
f 1925/1925/1925 1928/1928/1928 1927/1927/1927
f 1926/1926/1926 1929/1929/1929 1928/1928/1928
f 1914/1914/1914 1927/1927/1927 1930/1930/1930
f 1915/1915/1915 1914/1914/1914 1930/1930/1930
f 1927/1927/1927 1931/1931/1931 1930/1930/1930
f 1927/1927/1927 1932/1932/1932 1931/1931/1931
f 1915/1915/1915 1930/1930/1930 1933/1933/1933
f 1931/1931/1931 1933/1933/1933 1930/1930/1930
f 1916/1916/1916 1915/1915/1915 1933/1933/1933
f 1932/1932/1932 1934/1934/1934 1931/1931/1931
f 1931/1931/1931 1934/1934/1934 1933/1933/1933
f 1932/1932/1932 1935/1935/1935 1934/1934/1934
f 1916/1916/1916 1933/1933/1933 1936/1936/1936
f 1917/1917/1917 1916/1916/1916 1936/1936/1936
f 1933/1933/1933 1937/1937/1937 1936/1936/1936
f 1933/1933/1933 1938/1938/1938 1937/1937/1937
f 1938/1938/1938 1939/1939/1939 1937/1937/1937
f 1938/1938/1938 1940/1940/1940 1939/1939/1939
f 1937/1937/1937 1939/1939/1939 1941/1941/1941
f 1937/1937/1937 1941/1941/1941 1936/1936/1936
f 1917/1917/1917 1936/1936/1936 1941/1941/1941
f 1942/1942/1942 1917/1917/1917 1941/1941/1941
f 1903/1903/1903 1917/1917/1917 1942/1942/1942
f 1904/1904/1904 1903/1903/1903 1942/1942/1942
f 1943/1943/1943 1904/1904/1904 1942/1942/1942
f 1942/1942/1942 1941/1941/1941 1944/1944/1944
f 1943/1943/1943 1942/1942/1942 1944/1944/1944
f 1941/1941/1941 1945/1945/1945 1944/1944/1944
f 1945/1945/1945 1943/1943/1943 1944/1944/1944
f 1941/1941/1941 1946/1946/1946 1945/1945/1945
f 1945/1945/1945 1947/1947/1947 1943/1943/1943
f 1946/1946/1946 1947/1947/1947 1945/1945/1945
f 1946/1946/1946 1948/1948/1948 1947/1947/1947
